observation_frame,frame_timestamp,cpu_frame_ms,gpu_frame_ms,gc0_total
0,24068642188785,29.585660,0.000000,45
1,24068671774445,36.556101,0.000000,45
2,24068708330546,30.740927,0.000000,45
3,24068739071473,36.498925,0.000000,45
4,24068775570398,34.891298,0.000000,45
5,24068810461696,34.966673,0.000000,45
6,24068845428369,33.949671,0.000000,45
7,24068879378040,28.910801,0.000000,45
8,24068908288841,28.908343,0.000000,45
9,24068937197184,31.412683,0.000000,45
10,24068968609867,26.560476,0.000000,45
11,24068995170343,25.261385,0.000000,45
12,24069020431728,35.878432,0.000000,45
13,24069056310160,33.193557,0.000000,45
14,24069089503717,27.174372,0.000000,45
15,24069116678089,27.376832,0.000000,45
16,24069144054921,27.250735,0.000000,45
17,24069171305656,27.751932,0.000000,45
18,24069199057588,27.735915,0.000000,45
19,24069226793503,28.705608,0.000000,45
20,24069255499111,29.778213,0.000000,45
21,24069285277324,43.318002,0.000000,45
22,24069328595326,34.030558,0.000000,45
23,24069362625884,34.694525,0.000000,45
24,24069397320409,28.952677,0.000000,45
25,24069426273086,27.571735,0.000000,45
26,24069453844821,29.165784,0.000000,45
27,24069483010605,23.632812,0.000000,45
28,24069506643417,19.752833,0.000000,45
29,24069526396250,22.589912,0.000000,45
30,24069548986162,21.693941,0.000000,45
31,24069570680103,21.415942,0.000000,45
32,24069592096045,21.614898,0.000000,45
33,24069613710943,19.520241,0.000000,45
34,24069633231184,19.128553,0.000000,45
35,24069652359737,19.452497,0.000000,45
36,24069671812234,19.274625,0.000000,45
37,24069691086859,19.363453,0.000000,45
38,24069710450312,19.305932,0.000000,45
39,24069729756244,19.751050,0.000000,45
40,24069749507294,19.554286,0.000000,45
41,24069769061580,19.898652,0.000000,45
42,24069788960232,21.518569,0.000000,45
43,24069810478801,22.317283,0.000000,45
44,24069832796084,21.319889,0.000000,45
45,24069854115973,21.378499,0.000000,45
46,24069875494472,19.751809,0.000000,45
47,24069895246281,21.761929,0.000000,45
48,24069917008210,19.091245,0.000000,45
49,24069936099455,19.201176,0.000000,45
50,24069955300631,19.036577,0.000000,45
51,24069974337208,19.103209,0.000000,45
52,24069993440417,19.147869,0.000000,45
53,24070012588286,20.238300,0.000000,45
54,24070032826586,21.823667,0.000000,45
55,24070054650253,21.772778,0.000000,45
56,24070076423031,22.124978,0.000000,45
57,24070098548009,19.191747,0.000000,45
58,24070117739756,19.427098,0.000000,45
59,24070137166854,18.675242,0.000000,45
60,24070155842096,19.280544,0.000000,45
61,24070175122640,19.277331,0.000000,45
62,24070194399971,19.103179,0.000000,45
63,24070213503150,20.003681,0.000000,45
64,24070233506831,20.920381,0.000000,45
65,24070254427212,21.278959,0.000000,45
66,24070275706171,24.238665,0.000000,45
67,24070299944836,25.371304,0.000000,45
68,24070325316140,26.268704,0.000000,45
69,24070351584844,24.924890,0.000000,45
70,24070376509734,23.034917,0.000000,45
71,24070399544651,22.015405,0.000000,45
72,24070421560056,22.465744,0.000000,45
73,24070444025800,22.364838,0.000000,45
74,24070466390638,27.728296,0.000000,45
75,24070494118934,23.731726,0.000000,45
76,24070517850660,23.178257,0.000000,45
77,24070541028917,26.171492,0.000000,45
78,24070567200409,23.889600,0.000000,45
79,24070591090009,23.553919,0.000000,45
80,24070614643928,20.515047,0.000000,45
81,24070635158975,22.129903,0.000000,45
82,24070657288878,19.690741,0.000000,45
83,24070676979619,19.700151,0.000000,45
84,24070696679770,19.183627,0.000000,45
85,24070715863397,19.531509,0.000000,45
86,24070735394906,19.104114,0.000000,45
87,24070754499020,19.298428,0.000000,45
88,24070773797448,20.615807,0.000000,45
89,24070794413255,21.738618,0.000000,45
90,24070816151873,21.427261,0.000000,45
91,24070837579134,21.742049,0.000000,45
92,24070859321183,19.821001,0.000000,45
93,24070879142184,19.439625,0.000000,45
94,24070898581809,19.141685,0.000000,45
95,24070917723494,19.357763,0.000000,45
96,24070937081257,19.073966,0.000000,45
97,24070956155223,19.423997,0.000000,45
98,24070975579220,19.451772,0.000000,45
99,24070995030992,19.067122,0.000000,45
100,24071014098114,19.690796,0.000000,45
101,24071033788910,22.363869,0.000000,45
102,24071056152779,21.491301,0.000000,45
103,24071077644080,21.665478,0.000000,45
104,24071099309558,21.503998,0.000000,45
105,24071120813556,18.963348,0.000000,45
106,24071139776904,19.536355,0.000000,45
107,24071159313259,18.904545,0.000000,45
108,24071178217804,19.221499,0.000000,45
109,24071197439303,19.219217,0.000000,45
110,24071216658520,18.916321,0.000000,45
111,24071235574841,19.195835,0.000000,45
112,24071254770676,19.191514,0.000000,45
113,24071273962190,20.485968,0.000000,45
114,24071294448158,23.833397,0.000000,45
115,24071318281555,21.341220,0.000000,45
116,24071339622775,21.417432,0.000000,45
117,24071361040207,20.331058,0.000000,45
118,24071381371265,19.247495,0.000000,45
119,24071400618760,19.989519,0.000000,45
120,24071420608279,19.178618,0.000000,45
121,24071439786897,19.510268,0.000000,45
122,24071459297165,20.634833,0.000000,45
123,24071479931998,45.075199,0.000000,45
124,24071525007197,34.375555,0.000000,45
125,24071559382752,31.674288,0.000000,45
126,24071591057040,39.918990,0.000000,45
127,24071630976030,27.631836,0.000000,45
128,24071658607866,33.914196,0.000000,45
129,24071692522062,29.702269,0.000000,45
130,24071722224331,30.239080,0.000000,45
131,24071752463411,28.614188,0.000000,45
132,24071781077599,35.918044,0.000000,45
133,24071816995643,35.174118,0.000000,45
134,24071852169761,33.042288,0.000000,45
135,24071885212049,40.004414,0.000000,45
136,24071925216463,37.998225,0.000000,45
137,24071963214688,27.760780,0.000000,45
138,24071990975468,26.506929,0.000000,45
139,24072017482397,32.218724,0.000000,45
140,24072049701121,30.343080,0.000000,45
141,24072080044201,34.292046,0.000000,45
142,24072114336247,31.703552,0.000000,45
143,24072146039799,31.592761,0.000000,45
144,24072177632560,30.225678,0.000000,45
145,24072207858238,35.616741,0.000000,45
146,24072243474979,29.478613,0.000000,45
147,24072272953592,37.961940,0.000000,45
148,24072310915532,33.125627,0.000000,45
149,24072344041159,36.616843,0.000000,45
150,24072380658002,29.398453,0.000000,45
151,24072410056455,32.686789,0.000000,45
152,24072442743244,27.710695,0.000000,45
153,24072470453939,29.894326,0.000000,45
154,24072500348265,27.540261,0.000000,45
155,24072527888526,33.274672,0.000000,45
156,24072561163198,39.946882,0.000000,45
157,24072601110080,34.907219,0.000000,45
158,24072636017299,31.910855,0.000000,45
159,24072667928154,30.822480,0.000000,45
160,24072698750634,26.622914,0.000000,45
161,24072725373548,27.749183,0.000000,45
162,24072753122731,28.042424,0.000000,45
163,24072781165155,32.077499,0.000000,45
164,24072813242654,32.727940,0.000000,45
165,24072845970594,31.089791,0.000000,45
166,24072877060385,30.364282,0.000000,45
167,24072907424667,30.876245,0.000000,45
168,24072938300912,30.273739,0.000000,45
169,24072968574651,28.821864,0.000000,45
170,24072997396515,27.209904,0.000000,45
171,24073024606419,34.288610,0.000000,45
172,24073058895029,30.146952,0.000000,45
173,24073089041981,30.487150,0.000000,45
174,24073119529131,32.253178,0.000000,45
175,24073151782309,25.985334,0.000000,45
176,24073177767643,24.019686,0.000000,45
177,24073201787329,31.671460,0.000000,45
178,24073233458789,26.082236,0.000000,45
179,24073259541025,24.539812,0.000000,45
180,24073284080837,33.792459,0.000000,45
181,24073317873296,35.359162,0.000000,45
182,24073353232458,27.663956,0.000000,45
183,24073380896414,26.804667,0.000000,45
184,24073407701081,25.597813,0.000000,45
185,24073433298894,26.430718,0.000000,45
186,24073459729612,26.450661,0.000000,45
187,24073486180273,20.329556,0.000000,45
188,24073506509829,19.243715,0.000000,45
189,24073525753544,21.641391,0.000000,45
190,24073547394935,21.603699,0.000000,45
191,24073568998634,21.376830,0.000000,45
192,24073590375464,21.252099,0.000000,45
193,24073611627563,18.926739,0.000000,45
194,24073630554302,19.152948,0.000000,45
195,24073649707250,19.471389,0.000000,45
196,24073669178639,18.849951,0.000000,45
197,24073688028590,19.200610,0.000000,45
198,24073707229200,19.195150,0.000000,45
199,24073726424350,19.203694,0.000000,45
200,24073745628044,19.274309,0.000000,45
201,24073764902353,19.144756,0.000000,45
202,24073784047109,21.835467,0.000000,45
203,24073805882576,21.242742,0.000000,45
204,24073827125318,21.567844,0.000000,45
205,24073848693162,21.327296,0.000000,45
206,24073870020458,20.779454,0.000000,45
207,24073890799912,19.334831,0.000000,45
208,24073910134743,19.108651,0.000000,45
209,24073929243394,19.076497,0.000000,45
210,24073948319891,19.116863,0.000000,45
211,24073967436754,19.098035,0.000000,45
212,24073986534789,19.009033,0.000000,45
213,24074005543822,18.760991,0.000000,45
214,24074024304813,21.053965,0.000000,45
215,24074045358778,21.711981,0.000000,45
216,24074067070759,21.447018,0.000000,45
217,24074088517777,21.076683,0.000000,45
218,24074109594460,21.157240,0.000000,45
219,24074130751700,20.760481,0.000000,45
220,24074151512181,19.264309,0.000000,45
221,24074170776490,19.241627,0.000000,45
222,24074190018117,19.195085,0.000000,45
223,24074209213202,18.947518,0.000000,45
224,24074228160720,18.899612,0.000000,45
225,24074247060332,19.022503,0.000000,45
226,24074266082835,19.985608,0.000000,45
227,24074286068443,21.707432,0.000000,45
228,24074307775875,21.677378,0.000000,45
229,24074329453253,21.391921,0.000000,45
230,24074350845174,18.818345,0.000000,45
231,24074369663519,19.085384,0.000000,45
232,24074388748903,19.125162,0.000000,45
233,24074407874065,21.231743,0.000000,45
234,24074429105808,21.071950,0.000000,45
235,24074450177758,20.835349,0.000000,45
236,24074471013107,27.528411,0.000000,45
237,24074498541518,19.480319,0.000000,45
238,24074518021837,19.734591,0.000000,45
239,24074537756428,21.875411,0.000000,45
240,24074559631839,21.334138,0.000000,45
241,24074580965977,22.091315,0.000000,45
242,24074603057292,21.004307,0.000000,45
243,24074624061599,19.494077,0.000000,45
244,24074643555676,19.167788,0.000000,45
245,24074662723464,19.167247,0.000000,45
246,24074681890711,19.134450,0.000000,45
247,24074701025161,19.090876,0.000000,45
248,24074720116037,19.166097,0.000000,45
249,24074739282134,19.020117,0.000000,45
250,24074758302251,18.940733,0.000000,45
251,24074777242984,20.931601,0.000000,45
252,24074798174585,21.535541,0.000000,45
253,24074819710126,21.781750,0.000000,45
254,24074841491876,21.463182,0.000000,45
255,24074862955058,19.365134,0.000000,45
256,24074882320192,19.389656,0.000000,45
257,24074901709848,21.229752,0.000000,45
258,24074922939600,19.013190,0.000000,45
259,24074941952790,19.196739,0.000000,45
260,24074961149529,18.900795,0.000000,45
261,24074980050324,19.203155,0.000000,45
262,24074999253479,19.029320,0.000000,45
263,24075018282799,19.954083,0.000000,45
264,24075038236882,21.025785,0.000000,45
265,24075059262667,21.119602,0.000000,45
266,24075080382269,21.131673,0.000000,45
267,24075101513942,21.351302,0.000000,45
268,24075122865244,19.636041,0.000000,45
269,24075142501285,18.975947,0.000000,45
270,24075161477232,18.954585,0.000000,45
271,24075180431817,19.210907,0.000000,45
272,24075199642724,18.825166,0.000000,45
273,24075218467890,19.047321,0.000000,45
274,24075237515211,19.100370,0.000000,45
275,24075256615581,18.960961,0.000000,45
276,24075275576542,21.184042,0.000000,45
277,24075296760584,21.658651,0.000000,45
278,24075318419235,21.308508,0.000000,45
279,24075339727743,22.068730,0.000000,45
280,24075361796473,19.524392,0.000000,45
281,24075381320865,20.056711,0.000000,45
282,24075401377576,19.342954,0.000000,45
283,24075420720530,19.171713,0.000000,45
284,24075439892243,19.425378,0.000000,45
285,24075459317621,19.252788,0.000000,45
286,24075478570409,41.054442,0.000000,45
287,24075519624851,28.234889,0.000000,45
288,24075547859740,30.636672,0.000000,45
289,24075578496412,34.737193,0.000000,45
290,24075613233605,30.477272,0.000000,45
291,24075643710877,28.144849,0.000000,45
292,24075671855726,31.637045,0.000000,45
293,24075703492771,28.400143,0.000000,45
294,24075731892914,30.840155,0.000000,45
295,24075762733069,29.068017,0.000000,45
296,24075791801086,36.618600,0.000000,45
297,24075828419686,37.539158,0.000000,45
298,24075865958844,29.411422,0.000000,45
299,24075895370266,37.533900,0.000000,45
300,24075932904166,30.025794,0.000000,45
301,24075962929960,29.803573,0.000000,45
302,24075992733533,32.092188,0.000000,45
303,24076024825721,28.473270,0.000000,45
304,24076053298991,32.623223,0.000000,45
305,24076085922214,37.379430,0.000000,45
306,24076123301644,38.280445,0.000000,45
307,24076161582089,28.700869,0.000000,45
308,24076190282958,29.056625,0.000000,45
309,24076219339583,30.595964,0.000000,45
310,24076249935547,32.195601,0.000000,45
311,24076282131148,33.690897,0.000000,45
312,24076315822045,36.167552,0.000000,45
313,24076351989597,32.041868,0.000000,45
314,24076384031465,24.114662,0.000000,45
315,24076408146127,33.079792,0.000000,45
316,24076441225919,29.681360,0.000000,45
317,24076470907279,34.935874,0.000000,45
318,24076505843153,25.557869,0.000000,45
319,24076531401022,35.946774,0.000000,45
320,24076567347796,33.653093,0.000000,45
321,24076601000889,35.938376,0.000000,45
322,24076636939265,35.289725,0.000000,45
323,24076672228990,29.793469,0.000000,45
324,24076702022459,30.047003,0.000000,45
325,24076732069462,29.613154,0.000000,45
326,24076761682616,33.211412,0.000000,45
327,24076794894028,37.179979,0.000000,45
328,24076832074007,32.884875,0.000000,45
329,24076864958882,40.793651,0.000000,46
330,24076905752533,34.137149,0.000000,46
331,24076939889682,30.254251,0.000000,46
332,24076970143933,38.024344,0.000000,46
333,24077008168277,31.022570,0.000000,46
334,24077039190847,35.879621,0.000000,46
335,24077075070468,36.423265,0.000000,46
336,24077111493733,32.058883,0.000000,46
337,24077143552616,32.705203,0.000000,46
338,24077176257819,28.919107,0.000000,46
339,24077205176926,27.353504,0.000000,46
340,24077232530430,30.945150,0.000000,46
341,24077263475580,28.992016,0.000000,46
342,24077292467596,35.144024,0.000000,46
343,24077327611620,31.888392,0.000000,46
344,24077359500012,28.833784,0.000000,46
345,24077388333796,25.674081,0.000000,46
346,24077414007877,38.445739,0.000000,46
347,24077452453616,38.104456,0.000000,46
348,24077490558072,36.031786,0.000000,46
349,24077526589858,30.024117,0.000000,46
350,24077556613975,37.813275,0.000000,46
351,24077594427250,35.980685,0.000000,46
352,24077630407935,30.758446,0.000000,46
353,24077661166381,33.761794,0.000000,46
354,24077694928175,38.782845,0.000000,46
355,24077733711020,33.438067,0.000000,46
356,24077767149087,46.436055,0.000000,46
357,24077813585142,36.261056,0.000000,46
358,24077849846198,32.708196,0.000000,46
359,24077882554394,33.733601,0.000000,46
360,24077916287995,26.565167,0.000000,46
361,24077942853162,24.561648,0.000000,46
362,24077967414810,30.814456,0.000000,46
363,24077998229266,26.884366,0.000000,46
364,24078025113632,29.586006,0.000000,46
365,24078054699638,35.494930,0.000000,46
366,24078090194568,30.233725,0.000000,46
367,24078120428293,27.543415,0.000000,46
368,24078147971708,27.585707,0.000000,46
369,24078175557415,32.170038,0.000000,46
370,24078207727453,26.347481,0.000000,46
371,24078234074934,24.306773,0.000000,46
372,24078258381707,32.732040,0.000000,46
373,24078291113747,32.419952,0.000000,46
374,24078323533699,34.958872,0.000000,46
375,24078358492571,28.219079,0.000000,46
376,24078386711650,29.770230,0.000000,46
377,24078416481880,28.193667,0.000000,46
378,24078444675547,27.545474,0.000000,46
379,24078472221021,25.001883,0.000000,46
380,24078497222904,20.297980,0.000000,46
381,24078517520884,20.071747,0.000000,46
382,24078537592631,22.773367,0.000000,46
383,24078560365998,22.839828,0.000000,46
384,24078583205826,22.381483,0.000000,46
385,24078605587309,20.533141,0.000000,46
386,24078626120450,19.813015,0.000000,46
387,24078645933465,19.456233,0.000000,46
388,24078665389698,19.539935,0.000000,46
389,24078684929633,19.964474,0.000000,46
390,24078704894107,19.960296,0.000000,46
391,24078724854403,19.898560,0.000000,46
392,24078744752963,20.060623,0.000000,46
393,24078764813586,19.338842,0.000000,46
394,24078784152428,22.326359,0.000000,46
395,24078806478787,22.302351,0.000000,46
396,24078828781138,22.776328,0.000000,46
397,24078851557466,22.152909,0.000000,46
398,24078873710375,20.972632,0.000000,46
399,24078894683007,21.121222,0.000000,46
400,24078915804229,23.398687,0.000000,46
401,24078939202916,22.341223,0.000000,46
402,24078961544139,21.480392,0.000000,46
403,24078983024531,20.398707,0.000000,46
404,24079003423238,19.917903,0.000000,46
405,24079023341141,21.182027,0.000000,46
406,24079044523168,23.285202,0.000000,46
407,24079067808370,21.932798,0.000000,46
408,24079089741168,22.332301,0.000000,46
409,24079112073469,20.019117,0.000000,46
410,24079132092586,20.018698,0.000000,46
411,24079152111284,19.484501,0.000000,46
412,24079171595785,19.474464,0.000000,46
413,24079191070249,19.549083,0.000000,46
414,24079210619332,19.606993,0.000000,46
415,24079230226325,19.779072,0.000000,46
416,24079250005397,19.381734,0.000000,46
417,24079269387131,20.257725,0.000000,46
418,24079289644856,21.718865,0.000000,46
419,24079311363721,21.846086,0.000000,46
420,24079333209807,22.293583,0.000000,46
421,24079355503390,21.713859,0.000000,46
422,24079377217249,19.578976,0.000000,46
423,24079396796225,19.766718,0.000000,46
424,24079416562943,19.716428,0.000000,46
425,24079436279371,19.887804,0.000000,46
426,24079456167175,19.720379,0.000000,46
427,24079475887554,26.677064,0.000000,46
428,24079502564618,19.593935,0.000000,46
429,24079522158553,19.984530,0.000000,46
430,24079542143083,22.527858,0.000000,46
431,24079564670941,21.872757,0.000000,46
432,24079586543698,22.327375,0.000000,46
433,24079608871073,22.244235,0.000000,46
434,24079631115308,20.228345,0.000000,46
435,24079651343653,19.705823,0.000000,46
436,24079671049476,20.037496,0.000000,46
437,24079691086972,19.822721,0.000000,46
438,24079710909693,19.625242,0.000000,46
439,24079730534935,20.871754,0.000000,46
440,24079751406689,19.345007,0.000000,46
441,24079770751696,21.265996,0.000000,46
442,24079792017692,23.586344,0.000000,46
443,24079815604036,23.735149,0.000000,46
444,24079839339185,24.415955,0.000000,46
445,24079863755140,24.395117,0.000000,46
446,24079888150257,22.276827,0.000000,46
447,24079910427084,21.752003,0.000000,46
448,24079932179087,20.453907,0.000000,46
449,24079952632994,20.863338,0.000000,46
450,24079973496332,20.468852,0.000000,46
451,24079993965184,20.916319,0.000000,46
452,24080014881503,20.934723,0.000000,46
453,24080035816226,24.618453,0.000000,46
454,24080060434679,23.995331,0.000000,46
455,24080084430010,23.657774,0.000000,46
456,24080108087784,22.611528,0.000000,46
457,24080130699312,19.134030,0.000000,46
458,24080149833342,19.407088,0.000000,46
459,24080169240430,20.117524,0.000000,46
460,24080189357954,19.192534,0.000000,46
461,24080208550488,19.314588,0.000000,46
462,24080227865076,19.621924,0.000000,46
463,24080247487000,19.267351,0.000000,46
464,24080266754351,19.123964,0.000000,46
465,24080285878315,21.706313,0.000000,46
466,24080307584628,21.501300,0.000000,46
467,24080329085928,21.552852,0.000000,46
468,24080350638780,21.708931,0.000000,46
469,24080372347711,19.368080,0.000000,46
470,24080391715791,19.294514,0.000000,46
471,24080411010305,19.212045,0.000000,46
472,24080430222350,20.259603,0.000000,46
473,24080450481953,19.785926,0.000000,46
474,24080470267879,36.009342,0.000000,46
475,24080506277221,33.488319,0.000000,46
476,24080539765540,30.440351,0.000000,46
477,24080570205891,31.618241,0.000000,46
478,24080601824132,33.625813,0.000000,46
479,24080635449945,27.668625,0.000000,46
480,24080663118570,28.659100,0.000000,46
481,24080691777670,29.371083,0.000000,46
482,24080721148753,33.588530,0.000000,46
483,24080754737283,29.224741,0.000000,46
484,24080783962024,32.817776,0.000000,46
485,24080816779800,32.563934,0.000000,46
486,24080849343734,34.202580,0.000000,46
487,24080883546314,27.795725,0.000000,46
488,24080911342039,29.976867,0.000000,46
489,24080941318906,27.036329,0.000000,46
490,24080968355235,30.134076,0.000000,46
491,24080998489311,27.215589,0.000000,46
492,24081025704900,30.449893,0.000000,46
493,24081056154793,36.211679,0.000000,46
494,24081092366472,35.775530,0.000000,46
495,24081128142002,28.322140,0.000000,46
496,24081156464142,27.101407,0.000000,46
497,24081183565549,29.143041,0.000000,46
498,24081212708590,27.670169,0.000000,46
499,24081240378759,28.807801,0.000000,46
500,24081269186560,31.227374,0.000000,46
501,24081300413934,32.522519,0.000000,46
502,24081332936453,30.293246,0.000000,46
503,24081363229699,23.916232,0.000000,46
504,24081387145931,34.024567,0.000000,46
505,24081421170498,28.513350,0.000000,46
506,24081449683848,26.882219,0.000000,46
507,24081476566067,28.096387,0.000000,46
508,24081504662454,29.601517,0.000000,46
509,24081534263971,35.335878,0.000000,46
510,24081569599849,35.455179,0.000000,46
511,24081605055028,30.229159,0.000000,46
512,24081635284187,32.120878,0.000000,46
513,24081667405065,28.531958,0.000000,46
514,24081695937023,27.923100,0.000000,46
515,24081723860123,33.931008,0.000000,46
516,24081757791131,28.990976,0.000000,46
517,24081786782107,31.327490,0.000000,46
518,24081818109597,34.074051,0.000000,46
519,24081852183648,31.850092,0.000000,46
520,24081884033740,31.725452,0.000000,46
521,24081915759192,30.749713,0.000000,46
522,24081946508905,26.436611,0.000000,46
523,24081972945516,30.090881,0.000000,46
524,24082003036397,36.963936,0.000000,46
525,24082040000333,31.237699,0.000000,46
526,24082071238032,36.297975,0.000000,46
527,24082107536007,30.380750,0.000000,46
528,24082137916757,32.969738,0.000000,46
529,24082170886495,26.427368,0.000000,46
530,24082197313863,24.055378,0.000000,46
531,24082221369241,31.658164,0.000000,46
532,24082253027405,29.783445,0.000000,46
533,24082282810850,29.919488,0.000000,46
534,24082312730338,35.133278,0.000000,46
535,24082347863616,32.820014,0.000000,46
536,24082380683630,32.216509,0.000000,46
537,24082412900139,30.004342,0.000000,46
538,24082442904481,27.846905,0.000000,46
539,24082470751386,31.725672,0.000000,46
540,24082502477058,32.220918,0.000000,46
541,24082534697976,27.616411,0.000000,46
542,24082562314387,35.943074,0.000000,46
543,24082598257461,35.573496,0.000000,46
544,24082633830957,28.882554,0.000000,46
545,24082662713511,29.852081,0.000000,46
546,24082692565592,31.964259,0.000000,46
547,24082724529851,29.136865,0.000000,46
548,24082753666716,29.106878,0.000000,46
549,24082782773594,30.543067,0.000000,46
550,24082813316661,35.055689,0.000000,46
551,24082848372350,34.326656,0.000000,46
552,24082882699006,24.162010,0.000000,46
553,24082906861016,30.911906,0.000000,46
554,24082937772922,29.732100,0.000000,46
555,24082967505022,34.156652,0.000000,46
556,24083001661674,30.683348,0.000000,46
557,24083032345022,29.746868,0.000000,46
558,24083062091890,33.121309,0.000000,46
559,24083095213199,32.297513,0.000000,46
560,24083127510712,27.504057,0.000000,46
561,24083155014769,29.145560,0.000000,46
562,24083184160329,27.751792,0.000000,46
563,24083211912121,27.847608,0.000000,46
564,24083239759729,30.049798,0.000000,46
565,24083269809527,27.895231,0.000000,46
566,24083297704758,31.030119,0.000000,46
567,24083328734877,35.279675,0.000000,46
568,24083364014552,30.150404,0.000000,46
569,24083394164956,26.337567,0.000000,46
570,24083420502523,29.750646,0.000000,46
571,24083450253169,30.997272,0.000000,46
572,24083481250441,25.241493,0.000000,46
573,24083506491934,26.003223,0.000000,46
574,24083532495157,26.500756,0.000000,46
575,24083558995913,25.368009,0.000000,46
576,24083584363922,21.956405,0.000000,46
577,24083606320327,21.797607,0.000000,46
578,24083628117934,19.414892,0.000000,46
579,24083647532826,20.460290,0.000000,46
580,24083667993116,20.195002,0.000000,46
581,24083688188118,18.766976,0.000000,46
582,24083706955094,20.770507,0.000000,46
583,24083727725601,19.410014,0.000000,46
584,24083747135615,19.111569,0.000000,46
585,24083766247184,19.568077,0.000000,46
586,24083785815261,20.724710,0.000000,46
587,24083806539971,21.595233,0.000000,46
588,24083828135204,21.840307,0.000000,46
589,24083849975511,21.976599,0.000000,46
590,24083871952110,20.545084,0.000000,46
591,24083892497194,21.647350,0.000000,46
592,24083914144544,20.510206,0.000000,46
593,24083934654750,19.477401,0.000000,46
594,24083954132151,19.886614,0.000000,46
595,24083974018765,19.887412,0.000000,46
596,24083993906177,19.675386,0.000000,46
597,24084013581563,19.333485,0.000000,46
598,24084032915048,19.883269,0.000000,46
599,24084052798317,21.882396,0.000000,46
600,24084074680713,21.681585,0.000000,46
601,24084096362298,22.151208,0.000000,46
602,24084118513506,21.356347,0.000000,46
603,24084139869853,19.233713,0.000000,46
604,24084159103566,19.326892,0.000000,46
605,24084178430458,19.413160,0.000000,46
606,24084197843618,19.619220,0.000000,46
607,24084217462838,19.139258,0.000000,46
608,24084236602096,19.371221,0.000000,46
609,24084255973317,19.380057,0.000000,46
610,24084275353374,19.592239,0.000000,46
611,24084294945613,21.896588,0.000000,46
612,24084316842201,21.787231,0.000000,46
613,24084338629432,21.597532,0.000000,46
614,24084360226964,21.417707,0.000000,46
615,24084381644671,19.420341,0.000000,46
616,24084401065012,19.227997,0.000000,46
617,24084420293009,19.284633,0.000000,46
618,24084439577642,19.286588,0.000000,46
619,24084458864230,19.213616,0.000000,46
620,24084478077846,19.037640,0.000000,46
621,24084497115486,19.327801,0.000000,46
622,24084516443287,19.325374,0.000000,46
623,24084535768661,30.010195,0.000000,46
624,24084565778856,22.054949,0.000000,46
625,24084587833805,21.703779,0.000000,46
626,24084609537584,21.953502,0.000000,46
627,24084631491086,19.445893,0.000000,46
628,24084650936979,19.319579,0.000000,46
629,24084670256558,19.555254,0.000000,46
630,24084689811812,19.503359,0.000000,46
631,24084709315171,19.948959,0.000000,46
632,24084729264130,19.332322,0.000000,46
633,24084748596452,19.750772,0.000000,46
634,24084768347224,19.463542,0.000000,46
635,24084787810766,21.368523,0.000000,46
636,24084809179289,22.615220,0.000000,46
637,24084831794509,22.238655,0.000000,46
638,24084854033164,22.496796,0.000000,46
639,24084876529960,20.038067,0.000000,46
640,24084896568027,19.954166,0.000000,46
641,24084916522193,20.052702,0.000000,46
642,24084936574895,19.855506,0.000000,46
643,24084956430401,19.958138,0.000000,46
644,24084976388539,20.542864,0.000000,46
645,24084996931403,19.626890,0.000000,46
646,24085016558293,19.665167,0.000000,46
647,24085036223460,21.589498,0.000000,46
648,24085057812958,22.287435,0.000000,46
649,24085080100393,22.343964,0.000000,46
650,24085102444357,22.864925,0.000000,46
651,24085125309282,20.004177,0.000000,46
652,24085145313459,20.417820,0.000000,46
653,24085165731279,20.035264,0.000000,46
654,24085185766543,19.759189,0.000000,46
655,24085205525732,19.376788,0.000000,46
656,24085224902520,19.796577,0.000000,46
657,24085244699097,20.053224,0.000000,46
658,24085264752321,20.769552,0.000000,46
659,24085285521873,20.823217,0.000000,46
660,24085306345090,22.595821,0.000000,46
661,24085328940911,22.862282,0.000000,46
662,24085351803193,22.312089,0.000000,47
663,24085374115282,19.616192,0.000000,47
664,24085393731474,20.108417,0.000000,47
665,24085413839891,20.515421,0.000000,47
666,24085434355312,19.416017,0.000000,47
667,24085453771329,19.991235,0.000000,47
668,24085473762564,19.977763,0.000000,47
669,24085493740327,20.519156,0.000000,47
670,24085514259483,20.306871,0.000000,47
671,24085534566354,46.489563,0.000000,47
672,24085581055917,36.409029,0.000000,47
673,24085617464946,28.288299,0.000000,47
674,24085645753245,27.031175,0.000000,47
675,24085672784420,31.762205,0.000000,47
676,24085704546625,29.906038,0.000000,47
677,24085734452663,29.789186,0.000000,47
678,24085764241849,30.274157,0.000000,47
679,24085794516006,35.660877,0.000000,47
680,24085830176883,37.065162,0.000000,47
681,24085867242045,29.549947,0.000000,47
682,24085896791992,35.811112,0.000000,47
683,24085932603104,30.380391,0.000000,47
684,24085962983495,27.941878,0.000000,47
685,24085990925373,32.058129,0.000000,47
686,24086022983502,28.549023,0.000000,47
687,24086051532525,33.566656,0.000000,47
688,24086085099181,36.642359,0.000000,47
689,24086121741540,30.405732,0.000000,47
690,24086152147272,32.235410,0.000000,47
691,24086184382682,29.713857,0.000000,47
692,24086214096539,28.277539,0.000000,47
693,24086242374078,29.603272,0.000000,47
694,24086271977350,28.490801,0.000000,47
695,24086300468151,37.650942,0.000000,47
696,24086338119093,39.186211,0.000000,47
697,24086377305304,30.100989,0.000000,47
698,24086407406293,33.545360,0.000000,47
699,24086440951653,28.425500,0.000000,47
700,24086469377153,30.805718,0.000000,47
701,24086500182871,27.720298,0.000000,47
702,24086527903169,31.961364,0.000000,47
703,24086559864533,39.064345,0.000000,47
704,24086598928878,34.974710,0.000000,47
705,24086633903588,31.377935,0.000000,47
706,24086665281523,28.834649,0.000000,47
707,24086694116172,31.268737,0.000000,47
708,24086725384909,28.567848,0.000000,47
709,24086753952757,32.931740,0.000000,47
710,24086786884497,34.192069,0.000000,47
711,24086821076566,32.513573,0.000000,47
712,24086853590139,36.972987,0.000000,47
713,24086890563126,37.802940,0.000000,47
714,24086928366066,35.081734,0.000000,47
715,24086963447800,37.281595,0.000000,47
716,24087000729395,33.977260,0.000000,47
717,24087034706655,32.024537,0.000000,47
718,24087066731192,43.115519,0.000000,47
719,24087109846711,37.455677,0.000000,47
720,24087147302388,31.554352,0.000000,47
721,24087178856740,32.422485,0.000000,47
722,24087211279225,28.837352,0.000000,47
723,24087240116577,33.249331,0.000000,47
724,24087273365908,27.733822,0.000000,47
725,24087301099730,33.529672,0.000000,47
726,24087334629402,36.207372,0.000000,47
727,24087370836774,36.021174,0.000000,47
728,24087406857948,31.112704,0.000000,47
729,24087437970652,30.053442,0.000000,47
730,24087468024094,29.049657,0.000000,47
731,24087497073751,37.269688,0.000000,47
732,24087534343439,41.547088,0.000000,47
733,24087575890527,37.781663,0.000000,47
734,24087613672190,40.231763,0.000000,47
735,24087653903953,35.032241,0.000000,47
736,24087688936194,28.296356,0.000000,47
737,24087717232550,36.055490,0.000000,47
738,24087753288040,37.603713,0.000000,47
739,24087790891753,46.785213,0.000000,47
740,24087837676966,38.730142,0.000000,47
741,24087876407108,30.250059,0.000000,47
742,24087906657167,33.470309,0.000000,47
743,24087940127476,29.520514,0.000000,47
744,24087969647990,28.966544,0.000000,47
745,24087998614534,32.125705,0.000000,47
746,24088030740239,28.201948,0.000000,47
747,24088058942187,31.816411,0.000000,47
748,24088090758598,33.927203,0.000000,47
749,24088124685801,30.396908,0.000000,47
750,24088155082709,30.227922,0.000000,47
751,24088185310631,28.720893,0.000000,47
752,24088214031524,33.066617,0.000000,47
753,24088247098141,28.303165,0.000000,47
754,24088275401306,30.000573,0.000000,47
755,24088305401879,37.155167,0.000000,47
756,24088342557046,35.277502,0.000000,47
757,24088377834548,29.326632,0.000000,47
758,24088407161180,27.736072,0.000000,47
759,24088434897252,29.961273,0.000000,47
760,24088464858525,29.524025,0.000000,47
761,24088494382550,33.777598,0.000000,47
762,24088528160148,31.339237,0.000000,47
763,24088559499385,38.396148,0.000000,47
764,24088597895533,32.716248,0.000000,47
765,24088630611781,31.383748,0.000000,47
766,24088661995529,33.237406,0.000000,47
767,24088695232935,30.213417,0.000000,47
768,24088725446352,28.909932,0.000000,47
769,24088754356284,28.432858,0.000000,47
770,24088782789142,35.817195,0.000000,47
771,24088818606337,39.410645,0.000000,47
772,24088858016982,34.509689,0.000000,47
773,24088892526671,28.425035,0.000000,47
774,24088920951706,28.840796,0.000000,47
775,24088949792502,30.687599,0.000000,47
776,24088980480101,32.035925,0.000000,47
777,24089012516026,30.349106,0.000000,47
778,24089042865132,31.700887,0.000000,47
779,24089074566019,39.134316,0.000000,47
780,24089113700335,36.646948,0.000000,47
781,24089150347283,28.139081,0.000000,47
782,24089178486364,28.553468,0.000000,47
783,24089207039832,31.509619,0.000000,47
784,24089238549451,27.221408,0.000000,47
785,24089265770859,24.706390,0.000000,47
786,24089290477249,32.045087,0.000000,47
787,24089322522336,23.526722,0.000000,47
788,24089346049058,22.999252,0.000000,47
789,24089369048310,22.472186,0.000000,47
790,24089391520496,19.949967,0.000000,47
791,24089411470463,19.917635,0.000000,47
792,24089431388098,20.065714,0.000000,47
793,24089451453812,20.029204,0.000000,47
794,24089471483016,19.926753,0.000000,47
795,24089491409769,20.770103,0.000000,47
796,24089512179872,20.414278,0.000000,47
797,24089532594150,21.743620,0.000000,47
798,24089554337770,23.547507,0.000000,47
799,24089577885277,23.372619,0.000000,47
800,24089601257896,22.959637,0.000000,47
801,24089624217533,22.212553,0.000000,47
802,24089646430086,21.194665,0.000000,47
803,24089667624751,20.046602,0.000000,47
804,24089687671353,20.016756,0.000000,47
805,24089707688109,20.468313,0.000000,47
806,24089728156422,20.584898,0.000000,47
807,24089748741320,20.734969,0.000000,47
808,24089769476289,20.096975,0.000000,47
809,24089789573264,22.046550,0.000000,47
810,24089811619814,23.107036,0.000000,47
811,24089834726850,22.986843,0.000000,47
812,24089857713693,22.396450,0.000000,47
813,24089880110143,20.602181,0.000000,47
814,24089900712324,20.533675,0.000000,47
815,24089921245999,20.609267,0.000000,47
816,24089941855266,20.032514,0.000000,47
817,24089961887780,20.184840,0.000000,47
818,24089982072620,20.519236,0.000000,47
819,24090002591856,20.400702,0.000000,47
820,24090022992558,21.158069,0.000000,47
821,24090044150627,22.891392,0.000000,47
822,24090067042019,23.206289,0.000000,47
823,24090090248308,22.956858,0.000000,47
824,24090113205166,22.567954,0.000000,47
825,24090135773120,20.222795,0.000000,47
826,24090155995915,20.737571,0.000000,47
827,24090176733486,20.283737,0.000000,47
828,24090197017223,20.000092,0.000000,47
829,24090217017315,19.842048,0.000000,47
830,24090236859363,20.591916,0.000000,47
831,24090257451279,20.286982,0.000000,47
832,24090277738261,20.471413,0.000000,47
833,24090298209674,32.280736,0.000000,47
834,24090330490410,22.732852,0.000000,47
835,24090353223262,22.896435,0.000000,47
836,24090376119697,20.625420,0.000000,47
837,24090396745117,19.998196,0.000000,47
838,24090416743313,20.044527,0.000000,47
839,24090436787840,19.985235,0.000000,47
840,24090456773075,20.407103,0.000000,47
841,24090477180178,20.203415,0.000000,47
842,24090497383593,20.491104,0.000000,47
843,24090517874697,20.178032,0.000000,47
844,24090538052729,21.439844,0.000000,47
845,24090559492573,23.266757,0.000000,47
846,24090582759330,22.632139,0.000000,47
847,24090605391469,22.116824,0.000000,47
848,24090627508293,20.367571,0.000000,47
849,24090647875864,20.008653,0.000000,47
850,24090667884517,20.309969,0.000000,47
851,24090688194486,19.991629,0.000000,47
852,24090708186115,20.228454,0.000000,47
853,24090728414569,20.590398,0.000000,47
854,24090749004967,20.312905,0.000000,47
855,24090769317872,19.981831,0.000000,47
856,24090789299703,23.365190,0.000000,47
857,24090812664893,22.770445,0.000000,47
858,24090835435338,22.363753,0.000000,47
859,24090857799091,22.699323,0.000000,47
860,24090880498414,20.842163,0.000000,47
861,24090901340577,22.790124,0.000000,47
862,24090924130701,19.952771,0.000000,47
863,24090944083472,20.019137,0.000000,47
864,24090964102609,19.997892,0.000000,47
865,24090984100501,20.025385,0.000000,47
866,24091004125886,20.197238,0.000000,47
867,24091024323124,19.902803,0.000000,47
868,24091044225927,23.497076,0.000000,47
869,24091067723003,22.566341,0.000000,47
870,24091090289344,23.592933,0.000000,47
871,24091113882277,21.767169,0.000000,47
872,24091135649446,20.121875,0.000000,47
873,24091155771321,20.244176,0.000000,47
874,24091176015497,20.063317,0.000000,47
875,24091196078814,20.078813,0.000000,47
876,24091216157627,20.012819,0.000000,47
877,24091236170446,20.078385,0.000000,47
878,24091256248831,20.277551,0.000000,47
879,24091276526382,20.338669,0.000000,47
880,24091296865051,45.629692,0.000000,47
881,24091342494743,36.482460,0.000000,47
882,24091378977203,33.077324,0.000000,47
883,24091412054527,30.336888,0.000000,47
884,24091442391415,30.372514,0.000000,47
885,24091472763929,30.151157,0.000000,47
886,24091502915086,31.102101,0.000000,47
887,24091534017187,35.334454,0.000000,47
888,24091569351641,32.797892,0.000000,47
889,24091602149533,33.488296,0.000000,47
890,24091635637829,33.130126,0.000000,47
891,24091668767955,29.914008,0.000000,47
892,24091698681963,27.746580,0.000000,47
893,24091726428543,31.974995,0.000000,47
894,24091758403538,29.258425,0.000000,47
895,24091787661963,36.821175,0.000000,47
896,24091824483138,41.591567,0.000000,47
897,24091866074705,41.068564,0.000000,47
898,24091907143269,39.544547,0.000000,47
899,24091946687816,36.305952,0.000000,47
900,24091982993768,34.003536,0.000000,47
901,24092016997304,33.569793,0.000000,47
902,24092050567097,37.093172,0.000000,47
903,24092087660269,36.040829,0.000000,47
904,24092123701098,35.239510,0.000000,47
905,24092158940608,29.885063,0.000000,47
906,24092188825671,31.498806,0.000000,47
907,24092220324477,25.319648,0.000000,47
908,24092245644125,31.871891,0.000000,47
909,24092277516016,29.287881,0.000000,47
910,24092306803897,36.719129,0.000000,47
911,24092343523026,33.539721,0.000000,47
912,24092377062747,32.311080,0.000000,47
913,24092409373827,34.801067,0.000000,47
914,24092444174894,30.854044,0.000000,47
915,24092475028938,37.139750,0.000000,47
916,24092512168688,36.382231,0.000000,47
917,24092548550919,36.112386,0.000000,47
918,24092584663305,37.666028,0.000000,47
919,24092622329333,37.579616,0.000000,47
920,24092659908949,35.098987,0.000000,47
921,24092695007936,30.355370,0.000000,47
922,24092725363306,29.333015,0.000000,47
923,24092754696321,30.445208,0.000000,47
924,24092785141529,31.529435,0.000000,47
925,24092816670964,33.379966,0.000000,47
926,24092850050930,36.533054,0.000000,47
927,24092886583984,33.173926,0.000000,47
928,24092919757910,30.441770,0.000000,47
929,24092950199680,30.682946,0.000000,47
930,24092980882626,29.052760,0.000000,47
931,24093009935386,31.297730,0.000000,47
932,24093041233116,32.908742,0.000000,47
933,24093074141858,36.386516,0.000000,47
934,24093110528374,34.512500,0.000000,47
935,24093145040874,30.145177,0.000000,47
936,24093175186051,27.923802,0.000000,47
937,24093203109853,30.746966,0.000000,47
938,24093233856819,29.561491,0.000000,47
939,24093263418310,32.940384,0.000000,47
940,24093296358694,34.548165,0.000000,47
941,24093330906859,29.583050,0.000000,47
942,24093360489909,35.596962,0.000000,47
943,24093396086871,27.357161,0.000000,47
944,24093423444032,27.602141,0.000000,47
945,24093451046173,29.426533,0.000000,47
946,24093480472706,26.015447,0.000000,47
947,24093506488153,20.703950,0.000000,47
948,24093527192103,20.237524,0.000000,47
949,24093547429627,22.886293,0.000000,47
950,24093570315920,22.619227,0.000000,47
951,24093592935147,21.162325,0.000000,47
952,24093614097472,20.135465,0.000000,47
953,24093634232937,20.102009,0.000000,47
954,24093654334946,20.131894,0.000000,47
955,24093674466840,20.342784,0.000000,47
956,24093694809624,20.124451,0.000000,47
957,24093714934075,20.183603,0.000000,47
958,24093735117678,20.658064,0.000000,47
959,24093755775742,20.629774,0.000000,47
960,24093776405516,20.763122,0.000000,47
961,24093797168638,25.664545,0.000000,47
962,24093822833183,26.622535,0.000000,47
963,24093849455718,24.796548,0.000000,47
964,24093874252266,22.927395,0.000000,47
965,24093897179661,20.548947,0.000000,47
966,24093917728608,20.406186,0.000000,47
967,24093938134794,20.580118,0.000000,47
968,24093958714912,20.102695,0.000000,47
969,24093978817607,20.554349,0.000000,47
970,24093999371956,20.470079,0.000000,47
971,24094019842035,19.981621,0.000000,47
972,24094039823656,20.964769,0.000000,47
973,24094060788425,23.871092,0.000000,47
974,24094084659517,22.425812,0.000000,47
975,24094107085329,22.335909,0.000000,47
976,24094129421238,20.696619,0.000000,47
977,24094150117857,20.559177,0.000000,47
978,24094170677034,20.579041,0.000000,47
979,24094191256075,20.620701,0.000000,47
980,24094211876776,20.395543,0.000000,47
981,24094232272319,19.915303,0.000000,47
982,24094252187622,20.137393,0.000000,47
983,24094272325015,20.293547,0.000000,47
984,24094292618562,21.154472,0.000000,47
985,24094313773034,23.526360,0.000000,47
986,24094337299394,22.763329,0.000000,47
987,24094360062723,21.848794,0.000000,47
988,24094381911517,22.432497,0.000000,47
989,24094404344014,20.346041,0.000000,47
990,24094424690055,20.070109,0.000000,47
991,24094444760164,20.108865,0.000000,47
992,24094464869029,20.079299,0.000000,47
993,24094484948328,29.140453,0.000000,47
994,24094514088781,20.756507,0.000000,47
995,24094534845288,20.906017,0.000000,47
996,24094555751305,22.776560,0.000000,47
997,24094578527865,22.296393,0.000000,47
998,24094600824258,22.408009,0.000000,47
999,24094623232267,22.258043,0.000000,47
1000,24094645490310,20.317515,0.000000,47
1001,24094665807825,20.301939,0.000000,48
1002,24094686109764,20.184127,0.000000,48
1003,24094706293891,20.343919,0.000000,48
1004,24094726637810,21.325477,0.000000,48
1005,24094747963287,19.578194,0.000000,48
1006,24094767541481,20.016974,0.000000,48
1007,24094787558455,20.699705,0.000000,48
1008,24094808258160,22.859355,0.000000,48
1009,24094831117515,22.541341,0.000000,48
1010,24094853658856,23.825636,0.000000,48
1011,24094877484492,21.283610,0.000000,48
1012,24094898768102,22.574440,0.000000,48
1013,24094921342542,20.329623,0.000000,48
1014,24094941672165,20.640872,0.000000,48
1015,24094962313037,19.861231,0.000000,48
1016,24094982174268,20.295179,0.000000,48
1017,24095002469447,20.257670,0.000000,48
1018,24095022727117,20.305860,0.000000,48
1019,24095043032977,20.642377,0.000000,48
1020,24095063675354,23.004808,0.000000,48
1021,24095086680162,22.475419,0.000000,48
1022,24095109155581,22.163373,0.000000,48
1023,24095131318954,20.615065,0.000000,48
1024,24095151934019,20.482745,0.000000,48
1025,24095172416764,20.270818,0.000000,48
1026,24095192687582,20.120705,0.000000,48
1027,24095212808287,20.080249,0.000000,48
1028,24095232888536,20.071308,0.000000,48
1029,24095252959844,20.031471,0.000000,48
1030,24095272991315,20.112752,0.000000,48
1031,24095293104067,21.440089,0.000000,48
1032,24095314544156,22.626015,0.000000,48
1033,24095337170171,22.822682,0.000000,48
1034,24095359992853,22.237730,0.000000,48
1035,24095382230583,21.515857,0.000000,48
1036,24095403746440,20.125967,0.000000,48
1037,24095423872407,20.035556,0.000000,48
1038,24095443907963,20.272153,0.000000,48
1039,24095464180116,20.096020,0.000000,48
1040,24095484276136,47.385300,0.000000,48
1041,24095531661436,32.462224,0.000000,48
1042,24095564123660,31.318832,0.000000,48
1043,24095595442492,35.111749,0.000000,48
1044,24095630554241,29.658840,0.000000,48
1045,24095660213081,35.621305,0.000000,48
1046,24095695834386,28.119296,0.000000,48
1047,24095723953682,28.775614,0.000000,48
1048,24095752729296,32.728358,0.000000,48
1049,24095785457654,33.654554,0.000000,48
1050,24095819112208,38.608727,0.000000,48
1051,24095857720935,32.416686,0.000000,48
1052,24095890137621,34.661040,0.000000,48
1053,24095924798661,31.056868,0.000000,48
1054,24095955855529,33.949903,0.000000,48
1055,24095989805432,30.624282,0.000000,48
1056,24096020429714,32.293553,0.000000,48
1057,24096052723267,32.982733,0.000000,48
1058,24096085706000,39.399360,0.000000,48
1059,24096125105360,32.608776,0.000000,48
1060,24096157714136,33.345598,0.000000,48
1061,24096191059734,29.089059,0.000000,48
1062,24096220148793,31.881682,0.000000,48
1063,24096252030475,33.209466,0.000000,48
1064,24096285239941,31.181427,0.000000,48
1065,24096316421368,37.627364,0.000000,48
1066,24096354048732,33.243182,0.000000,48
1067,24096387291914,36.934266,0.000000,48
1068,24096424226180,31.975244,0.000000,48
1069,24096456201424,30.116424,0.000000,48
1070,24096486317848,35.523084,0.000000,48
1071,24096521840932,36.757477,0.000000,48
1072,24096558598409,37.151573,0.000000,48
1073,24096595749982,39.550386,0.000000,48
1074,24096635300368,32.445020,0.000000,48
1075,24096667745388,37.481484,0.000000,48
1076,24096705226872,32.343382,0.000000,48
1077,24096737570254,27.384854,0.000000,48
1078,24096764955108,36.373930,0.000000,48
1079,24096801329038,38.189303,0.000000,48
1080,24096839518341,38.748887,0.000000,48
1081,24096878267228,32.973889,0.000000,48
1082,24096911241117,34.261101,0.000000,48
1083,24096945502218,32.854683,0.000000,48
1084,24096978356901,35.433608,0.000000,48
1085,24097013790509,33.409939,0.000000,48
1086,24097047200448,35.697220,0.000000,48
1087,24097082897668,38.592353,0.000000,48
1088,24097121490021,35.884977,0.000000,48
1089,24097157374998,30.963704,0.000000,48
1090,24097188338702,32.215476,0.000000,48
1091,24097220554178,26.618486,0.000000,48
1092,24097247172664,31.911851,0.000000,48
1093,24097279084515,29.422540,0.000000,48
1094,24097308507055,38.403836,0.000000,48
1095,24097346910891,38.563800,0.000000,48
1096,24097385474691,31.374352,0.000000,48
1097,24097416849043,33.227513,0.000000,48
1098,24097450076556,30.449305,0.000000,48
1099,24097480525861,30.241088,0.000000,48
1100,24097510766949,33.480009,0.000000,48
1101,24097544246958,32.609897,0.000000,48
1102,24097576856855,38.343710,0.000000,48
1103,24097615200565,36.445376,0.000000,48
1104,24097651645941,28.922473,0.000000,48
1105,24097680568414,31.361015,0.000000,48
1106,24097711929429,30.323668,0.000000,48
1107,24097742253097,35.934118,0.000000,48
1108,24097778187215,38.092841,0.000000,48
1109,24097816280056,39.108633,0.000000,48
1110,24097855388689,36.149991,0.000000,48
1111,24097891538680,31.610389,0.000000,48
1112,24097923149069,28.874721,0.000000,48
1113,24097952023790,32.375079,0.000000,48
1114,24097984398869,26.291486,0.000000,48
1115,24098010690355,27.617159,0.000000,48
1116,24098038307514,30.020890,0.000000,48
1117,24098068328404,36.406467,0.000000,48
1118,24098104734871,31.389886,0.000000,48
1119,24098136124757,28.279979,0.000000,48
1120,24098164404736,29.817116,0.000000,48
1121,24098194221852,28.981129,0.000000,48
1122,24098223202981,28.850684,0.000000,48
1123,24098252053665,29.871030,0.000000,48
1124,24098281924695,30.298118,0.000000,48
1125,24098312222813,36.991291,0.000000,48
1126,24098349214104,35.821645,0.000000,48
1127,24098385035749,27.486263,0.000000,48
1128,24098412522012,30.852110,0.000000,48
1129,24098443374122,30.093702,0.000000,48
1130,24098473467824,24.451673,0.000000,48
1131,24098497919497,20.733038,0.000000,48
1132,24098518652535,20.755424,0.000000,48
1133,24098539407959,21.977211,0.000000,48
1134,24098561385170,23.081259,0.000000,48
1135,24098584466429,22.976821,0.000000,48
1136,24098607443250,22.638080,0.000000,48
1137,24098630081330,22.052374,0.000000,48
1138,24098652133704,20.095676,0.000000,48
1139,24098672229380,20.126814,0.000000,48
1140,24098692356194,20.579588,0.000000,48
1141,24098712935782,19.949897,0.000000,48
1142,24098732885679,20.229781,0.000000,48
1143,24098753115460,19.919246,0.000000,48
1144,24098773034706,20.198215,0.000000,48
1145,24098793232921,20.971983,0.000000,48
1146,24098814204904,22.618515,0.000000,48
1147,24098836823419,23.197977,0.000000,48
1148,24098860021396,22.375555,0.000000,48
1149,24098882396951,22.692448,0.000000,48
1150,24098905089399,20.542018,0.000000,48
1151,24098925631417,20.365778,0.000000,48
1152,24098945997195,20.148409,0.000000,48
1153,24098966145604,20.825831,0.000000,48
1154,24098986971435,22.081450,0.000000,48
1155,24099009052885,21.672299,0.000000,48
1156,24099030725184,23.593743,0.000000,48
1157,24099054318927,25.290013,0.000000,48
1158,24099079608940,26.501689,0.000000,48
1159,24099106110629,26.727531,0.000000,48
1160,24099132838160,24.909389,0.000000,48
1161,24099157747549,22.776175,0.000000,48
1162,24099180523724,24.140582,0.000000,48
1163,24099204664306,23.363531,0.000000,48
1164,24099228027837,23.720505,0.000000,48
1165,24099251748342,24.010294,0.000000,48
1166,24099275758636,24.925808,0.000000,48
1167,24099300684444,25.307294,0.000000,48
1168,24099325991738,25.167324,0.000000,48
1169,24099351159062,24.355612,0.000000,48
1170,24099375514674,22.071031,0.000000,48
1171,24099397585705,22.621281,0.000000,48
1172,24099420206986,21.920177,0.000000,48
1173,24099442127163,22.056433,0.000000,48
1174,24099464183596,27.845448,0.000000,48
1175,24099492029044,23.326638,0.000000,48
1176,24099515355682,24.125718,0.000000,48
1177,24099539481400,22.585168,0.000000,48
1178,24099562066568,23.883736,0.000000,48
1179,24099585950304,22.778826,0.000000,48
1180,24099608729130,23.000774,0.000000,48
1181,24099631729904,22.663107,0.000000,48
1182,24099654393011,20.924617,0.000000,48
1183,24099675317628,20.389848,0.000000,48
1184,24099695707476,20.115939,0.000000,48
1185,24099715823415,20.081624,0.000000,48
1186,24099735905039,20.111397,0.000000,48
1187,24099756016436,20.255592,0.000000,48
1188,24099776272028,20.207379,0.000000,48
1189,24099796479407,21.330713,0.000000,48
1190,24099817810120,22.912749,0.000000,48
1191,24099840722869,22.959846,0.000000,48
1192,24099863682715,22.412205,0.000000,48
1193,24099886094920,21.037468,0.000000,48
1194,24099907132388,20.326312,0.000000,48
1195,24099927458700,20.498593,0.000000,48
1196,24099947957293,20.399672,0.000000,48
1197,24099968356965,20.940197,0.000000,48
1198,24099989297162,20.685764,0.000000,48
1199,24100009982926,20.241539,0.000000,48
1200,24100030224465,21.070774,0.000000,48
1201,24100051295239,22.184057,0.000000,48
1202,24100073479296,22.753556,0.000000,48
1203,24100096232852,22.328104,0.000000,48
1204,24100118560956,22.470687,0.000000,48
1205,24100141031643,20.154942,0.000000,48
1206,24100161186585,20.483375,0.000000,48
1207,24100181669960,20.081591,0.000000,48
1208,24100201751551,20.285400,0.000000,48
1209,24100222036951,20.270105,0.000000,48
1210,24100242307056,20.223057,0.000000,48
1211,24100262530113,20.059143,0.000000,48
1212,24100282589256,20.179247,0.000000,48
1213,24100302768503,22.584115,0.000000,48
1214,24100325352618,22.596674,0.000000,48
1215,24100347949292,22.600505,0.000000,48
1216,24100370549797,22.859119,0.000000,48
1217,24100393408916,20.492892,0.000000,48
1218,24100413901808,20.164271,0.000000,48
1219,24100434066079,20.917516,0.000000,48
1220,24100454983595,20.523970,0.000000,48
1221,24100475507565,37.648117,0.000000,48
1222,24100513155682,28.648035,0.000000,48
1223,24100541803717,30.419387,0.000000,48
1224,24100572223104,37.625920,0.000000,48
1225,24100609849024,34.537045,0.000000,48
1226,24100644386069,33.261011,0.000000,48
1227,24100677647080,35.059693,0.000000,48
1228,24100712706773,31.349348,0.000000,48
1229,24100744056121,34.822713,0.000000,48
1230,24100778878834,28.678608,0.000000,48
1231,24100807557442,33.752204,0.000000,48
1232,24100841309646,41.415534,0.000000,48
1233,24100882725180,35.304634,0.000000,48
1234,24100918029814,34.770862,0.000000,48
1235,24100952800676,30.190875,0.000000,48
1236,24100982991551,31.705337,0.000000,48
1237,24101014696888,37.328256,0.000000,48
1238,24101052025144,39.187815,0.000000,48
1239,24101091212959,38.945032,0.000000,48
1240,24101130157991,34.945521,0.000000,48
1241,24101165103512,33.581004,0.000000,48
1242,24101198684516,32.091773,0.000000,48
1243,24101230776289,33.469717,0.000000,48
1244,24101264246006,35.982853,0.000000,48
1245,24101300228859,33.390484,0.000000,48
1246,24101333619343,39.529666,0.000000,48
1247,24101373149009,34.644650,0.000000,48
1248,24101407793659,30.937506,0.000000,48
1249,24101438731165,31.666950,0.000000,48
1250,24101470398115,26.899508,0.000000,48
1251,24101497297623,31.970161,0.000000,48
1252,24101529267784,27.433896,0.000000,48
1253,24101556701680,34.289239,0.000000,48
1254,24101590990919,37.861182,0.000000,48
1255,24101628852101,35.206693,0.000000,48
1256,24101664058794,29.988599,0.000000,48
1257,24101694047393,30.708540,0.000000,48
1258,24101724755933,33.631075,0.000000,48
1259,24101758387008,29.089206,0.000000,48
1260,24101787476214,30.235567,0.000000,48
1261,24101817711781,39.101381,0.000000,48
1262,24101856813162,35.574925,0.000000,48
1263,24101892388087,37.351719,0.000000,48
1264,24101929739806,31.423313,0.000000,48
1265,24101961163119,29.804515,0.000000,48
1266,24101990967634,34.233043,0.000000,48
1267,24102025200677,30.632163,0.000000,48
1268,24102055832840,39.833700,0.000000,48
1269,24102095666540,38.573948,0.000000,48
1270,24102134240488,33.286067,0.000000,48
1271,24102167526555,33.990426,0.000000,48
1272,24102201516981,32.252606,0.000000,48
1273,24102233769587,28.441195,0.000000,48
1274,24102262210782,31.008411,0.000000,48
1275,24102293219193,30.188640,0.000000,48
1276,24102323407833,38.346985,0.000000,48
1277,24102361754818,36.239864,0.000000,48
1278,24102397994682,32.261583,0.000000,48
1279,24102430256265,30.675902,0.000000,48
1280,24102460932167,33.076173,0.000000,48
1281,24102494008340,31.786137,0.000000,48
1282,24102525794477,30.727139,0.000000,48
1283,24102556521616,37.660614,0.000000,48
1284,24102594182230,36.698328,0.000000,48
1285,24102630880558,34.553985,0.000000,48
1286,24102665434543,33.341542,0.000000,48
1287,24102698776085,29.546267,0.000000,48
1288,24102728322352,29.154635,0.000000,48
1289,24102757476987,29.245549,0.000000,48
1290,24102786722536,33.176592,0.000000,48
1291,24102819899128,35.633295,0.000000,48
1292,24102855532423,31.819858,0.000000,48
1293,24102887352281,31.468493,0.000000,48
1294,24102918820774,35.140174,0.000000,48
1295,24102953960948,28.837921,0.000000,48
1296,24102982798869,29.297614,0.000000,48
1297,24103012096483,29.574623,0.000000,48
1298,24103041671106,34.839180,0.000000,48
1299,24103076510286,38.689365,0.000000,48
1300,24103115199651,35.450938,0.000000,48
1301,24103150650589,27.152548,0.000000,48
1302,24103177803137,28.073029,0.000000,48
1303,24103205876166,28.406852,0.000000,48
1304,24103234283018,30.170489,0.000000,48
1305,24103264453507,30.406300,0.000000,48
1306,24103294859807,26.249712,0.000000,48
1307,24103321109519,36.968969,0.000000,48
1308,24103358078488,37.361194,0.000000,48
1309,24103395439682,30.007206,0.000000,48
1310,24103425446888,28.980962,0.000000,48
1311,24103454427850,31.650136,0.000000,48
1312,24103486077986,26.959554,0.000000,48
1313,24103513037540,25.762766,0.000000,48
1314,24103538800306,31.207526,0.000000,48
1315,24103570007832,33.248558,0.000000,48
1316,24103603256390,34.684083,0.000000,48
1317,24103637940473,29.884810,0.000000,48
1318,24103667825283,28.831404,0.000000,48
1319,24103696656687,31.580115,0.000000,48
1320,24103728236802,27.771723,0.000000,48
1321,24103756008525,30.151810,0.000000,48
1322,24103786160335,30.948765,0.000000,48
1323,24103817109100,37.373784,0.000000,48
1324,24103854482884,34.844528,0.000000,48
1325,24103889327412,30.989621,0.000000,48
1326,24103920317033,28.745913,0.000000,48
1327,24103949062946,33.386520,0.000000,48
1328,24103982449466,27.696619,0.000000,48
1329,24104010146085,29.273094,0.000000,48
1330,24104039419179,29.799830,0.000000,48
1331,24104069219009,40.302586,0.000000,48
1332,24104109521595,37.591542,0.000000,48
1333,24104147113137,28.747058,0.000000,48
1334,24104175860195,25.678284,0.000000,48
1335,24104201538479,20.970550,0.000000,48
1336,24104222509029,20.995491,0.000000,48
1337,24104243504520,20.964404,0.000000,48
1338,24104264468924,20.691149,0.000000,48
1339,24104285160073,20.726524,0.000000,48
1340,24104305886597,22.968352,0.000000,48
1341,24104328854949,23.078435,0.000000,48
1342,24104351933384,22.885112,0.000000,48
1343,24104374818496,22.974786,0.000000,48
1344,24104397793282,20.965956,0.000000,48
1345,24104418759238,21.374609,0.000000,49
1346,24104440133847,20.664908,0.000000,49
1347,24104460798755,20.666444,0.000000,49
1348,24104481465199,22.484696,0.000000,49
1349,24104503949895,19.447303,0.000000,49
1350,24104523397198,20.584634,0.000000,49
1351,24104543981832,21.053192,0.000000,49
1352,24104565035024,22.580486,0.000000,49
1353,24104587615510,23.666770,0.000000,49
1354,24104611282280,22.730343,0.000000,49
1355,24104634012623,20.767905,0.000000,49
1356,24104654780528,20.724763,0.000000,49
1357,24104675505291,21.041195,0.000000,49
1358,24104696546486,20.948620,0.000000,49
1359,24104717495106,21.225976,0.000000,49
1360,24104738721082,21.133289,0.000000,49
1361,24104759854371,21.203114,0.000000,49
1362,24104781057485,20.592871,0.000000,49
1363,24104801650356,22.231869,0.000000,49
1364,24104823882225,23.223091,0.000000,49
1365,24104847105316,23.267758,0.000000,49
1366,24104870373074,23.282411,0.000000,49
1367,24104893655485,21.525209,0.000000,49
1368,24104915180694,21.073446,0.000000,49
1369,24104936254140,21.771873,0.000000,49
1370,24104958026013,21.098460,0.000000,49
1371,24104979124473,20.977260,0.000000,49
1372,24105000101733,20.656368,0.000000,49
1373,24105020758101,20.833265,0.000000,49
1374,24105041591366,21.367846,0.000000,49
1375,24105062959212,23.169161,0.000000,49
1376,24105086128373,23.402477,0.000000,49
1377,24105109530850,22.865362,0.000000,49
1378,24105132396212,22.453705,0.000000,49
1379,24105154849917,21.008182,0.000000,49
1380,24105175858099,30.572628,0.000000,49
1381,24105206430727,21.285981,0.000000,49
1382,24105227716708,21.077666,0.000000,49
1383,24105248794374,21.051495,0.000000,49
1384,24105269845869,20.869954,0.000000,49
1385,24105290715823,21.731527,0.000000,49
1386,24105312447350,23.494790,0.000000,49
1387,24105335942140,23.067782,0.000000,49
1388,24105359009922,23.356592,0.000000,49
1389,24105382366514,22.693584,0.000000,49
1390,24105405060098,20.604419,0.000000,49
1391,24105425664517,20.927026,0.000000,49
1392,24105446591543,20.639498,0.000000,49
1393,24105467231041,21.121461,0.000000,49
1394,24105488352502,20.907951,0.000000,49
1395,24105509260453,20.758224,0.000000,49
1396,24105530018677,20.504568,0.000000,49
1397,24105550523245,21.981738,0.000000,49
1398,24105572504983,23.201933,0.000000,49
1399,24105595706916,23.289102,0.000000,49
1400,24105618996018,22.972937,0.000000,49
1401,24105641968955,20.854508,0.000000,49
1402,24105662823463,20.866319,0.000000,49
1403,24105683689782,20.476791,0.000000,49
1404,24105704166573,20.512987,0.000000,49
1405,24105724679560,20.530777,0.000000,49
1406,24105745210337,21.598053,0.000000,49
1407,24105766808390,20.655630,0.000000,49
1408,24105787464020,20.419658,0.000000,49
1409,24105807883678,23.302074,0.000000,49
1410,24105831185752,23.154191,0.000000,49
1411,24105854339943,20.926660,0.000000,49
1412,24105875266603,21.405284,0.000000,49
1413,24105896671887,21.385451,0.000000,49
1414,24105918057338,20.933745,0.000000,49
1415,24105938991083,20.951658,0.000000,49
1416,24105959942741,20.692987,0.000000,49
1417,24105980635728,21.035082,0.000000,49
1418,24106001670810,20.807152,0.000000,49
1419,24106022477962,20.639893,0.000000,49
1420,24106043117855,21.461428,0.000000,49
1421,24106064579283,28.016315,0.000000,49
1422,24106092595598,24.206001,0.000000,49
1423,24106116801599,24.035388,0.000000,49
1424,24106140836987,23.396130,0.000000,49
1425,24106164233117,26.604489,0.000000,49
1426,24106190837606,22.459797,0.000000,49
1427,24106213297403,21.200125,0.000000,49
1428,24106234497528,20.747788,0.000000,49
1429,24106255245316,20.536790,0.000000,49
1430,24106275782106,20.589899,0.000000,49
1431,24106296372005,20.982544,0.000000,49
1432,24106317354549,24.057704,0.000000,49
1433,24106341412253,22.668514,0.000000,49
1434,24106364080767,20.551929,0.000000,49
1435,24106384632696,20.538310,0.000000,49
1436,24106405171006,20.667601,0.000000,49
1437,24106425838607,20.587726,0.000000,49
1438,24106446426333,20.943208,0.000000,49
1439,24106467369541,20.514700,0.000000,49
1440,24106487884241,20.461594,0.000000,49
1441,24106508345835,20.624468,0.000000,49
1442,24106528970303,20.763288,0.000000,49
1443,24106549733591,21.192972,0.000000,49
1444,24106570926563,23.480806,0.000000,49
1445,24106594407369,23.755903,0.000000,49
1446,24106618163272,23.274674,0.000000,49
1447,24106641437946,21.416462,0.000000,49
1448,24106662854408,20.407204,0.000000,49
1449,24106683261612,20.530175,0.000000,49
1450,24106703791787,20.362419,0.000000,49
1451,24106724154206,20.652172,0.000000,49
1452,24106744806378,20.274506,0.000000,49
1453,24106765080884,20.639461,0.000000,49
1454,24106785720345,20.891507,0.000000,49
1455,24106806611852,22.237913,0.000000,49
1456,24106828849765,23.427513,0.000000,49
1457,24106852277278,24.724203,0.000000,49
1458,24106877001481,23.493266,0.000000,49
1459,24106900494747,21.003326,0.000000,49
1460,24106921498073,20.357458,0.000000,49
1461,24106941855531,21.132597,0.000000,49
1462,24106962988128,21.416654,0.000000,49
1463,24106984404782,20.902810,0.000000,49
1464,24107005307592,20.560958,0.000000,49
1465,24107025868550,20.638825,0.000000,49
1466,24107046507375,21.049885,0.000000,49
1467,24107067557260,23.478711,0.000000,49
1468,24107091035971,23.993179,0.000000,49
1469,24107115029150,23.341688,0.000000,49
1470,24107138370838,20.932128,0.000000,49
1471,24107159302966,21.178408,0.000000,49
1472,24107180481374,46.990379,0.000000,49
1473,24107227471753,30.403174,0.000000,49
1474,24107257874927,29.065220,0.000000,49
1475,24107286940147,30.128104,0.000000,49
1476,24107317068251,35.209338,0.000000,49
1477,24107352277589,39.507964,0.000000,49
1478,24107391785553,29.631756,0.000000,49
1479,24107421417309,35.145277,0.000000,49
1480,24107456562586,29.559282,0.000000,49
1481,24107486121868,31.150031,0.000000,49
1482,24107517271899,32.196041,0.000000,49
1483,24107549467940,33.997215,0.000000,49
1484,24107583465155,39.477501,0.000000,49
1485,24107622942656,38.637455,0.000000,49
1486,24107661580111,36.027419,0.000000,49
1487,24107697607530,30.287347,0.000000,49
1488,24107727894877,33.195885,0.000000,49
1489,24107761090762,27.660371,0.000000,49
1490,24107788751133,30.620327,0.000000,49
1491,24107819371460,36.388253,0.000000,49
1492,24107855759713,33.411996,0.000000,49
1493,24107889171709,33.350910,0.000000,49
1494,24107922522619,29.989608,0.000000,49
1495,24107952512227,31.938420,0.000000,49
1496,24107984450647,34.698058,0.000000,49
1497,24108019148705,31.986657,0.000000,49
1498,24108051135362,34.504793,0.000000,49
1499,24108085640155,36.941134,0.000000,49
1500,24108122581289,33.214182,0.000000,49
1501,24108155795471,32.889207,0.000000,49
1502,24108188684678,27.508733,0.000000,49
1503,24108216193411,25.385637,0.000000,49
1504,24108241579048,32.813977,0.000000,49
1505,24108274393025,29.793965,0.000000,49
1506,24108304186990,32.767676,0.000000,49
1507,24108336954666,37.155698,0.000000,49
1508,24108374110364,35.398201,0.000000,49
1509,24108409508565,29.311845,0.000000,49
1510,24108438820410,33.290987,0.000000,49
1511,24108472111397,26.967420,0.000000,49
1512,24108499078817,32.232583,0.000000,49
1513,24108531311400,31.053476,0.000000,49
1514,24108562364876,39.997977,0.000000,49
1515,24108602362853,38.818458,0.000000,49
1516,24108641181311,33.344132,0.000000,49
1517,24108674525443,31.109541,0.000000,49
1518,24108705634984,31.612466,0.000000,49
1519,24108737247450,30.658831,0.000000,49
1520,24108767906281,30.029989,0.000000,49
1521,24108797936270,30.301837,0.000000,49
1522,24108828238107,38.237633,0.000000,49
1523,24108866475740,38.752088,0.000000,49
1524,24108905227828,38.234512,0.000000,49
1525,24108943462340,31.170181,0.000000,49
1526,24108974632521,34.184588,0.000000,49
1527,24109008817109,31.158282,0.000000,49
1528,24109039975391,34.892165,0.000000,49
1529,24109074867556,35.166113,0.000000,49
1530,24109110033669,23.946115,0.000000,49
1531,24109133979784,23.023980,0.000000,49
1532,24109157003764,21.118105,0.000000,49
1533,24109178121869,20.724637,0.000000,49
1534,24109198846506,20.955909,0.000000,49
1535,24109219802415,20.612698,0.000000,49
1536,24109240415113,21.215217,0.000000,49
1537,24109261630330,20.437542,0.000000,49
1538,24109282067872,20.687394,0.000000,49
1539,24109302755266,21.367656,0.000000,49
1540,24109324122922,23.580185,0.000000,49
1541,24109347703107,23.046949,0.000000,49
1542,24109370750056,23.188368,0.000000,49
1543,24109393938424,20.732636,0.000000,49
1544,24109414671060,20.613557,0.000000,49
1545,24109435284617,21.050841,0.000000,49
1546,24109456335458,20.903020,0.000000,49
1547,24109477238478,20.745031,0.000000,49
1548,24109497983509,20.940041,0.000000,49
1549,24109518923550,20.542241,0.000000,49
1550,24109539465791,20.970291,0.000000,49
1551,24109560436082,22.540427,0.000000,49
1552,24109582976509,23.273847,0.000000,49
1553,24109606250356,23.727239,0.000000,49
1554,24109629977595,22.778501,0.000000,49
1555,24109652756096,21.068085,0.000000,49
1556,24109673824181,20.590586,0.000000,49
1557,24109694414767,20.674270,0.000000,49
1558,24109715089037,20.251111,0.000000,49
1559,24109735340148,20.806354,0.000000,49
1560,24109756146502,21.079061,0.000000,49
1561,24109777225563,21.262838,0.000000,49
1562,24109798488401,21.025967,0.000000,49
1563,24109819514368,22.854626,0.000000,49
1564,24109842368994,23.129336,0.000000,49
1565,24109865498330,23.031060,0.000000,49
1566,24109888529390,23.275493,0.000000,49
1567,24109911804883,21.022044,0.000000,49
1568,24109932826927,21.279042,0.000000,49
1569,24109954105969,20.586805,0.000000,49
1570,24109974692774,20.650715,0.000000,49
1571,24109995343489,20.781853,0.000000,49
1572,24110016125342,20.676292,0.000000,49
1573,24110036801634,20.788792,0.000000,49
1574,24110057590426,21.664559,0.000000,49
1575,24110079254985,28.609654,0.000000,49
1576,24110107864639,23.151674,0.000000,49
1577,24110131016313,21.981007,0.000000,49
1578,24110152997320,20.760934,0.000000,49
1579,24110173758254,20.934890,0.000000,49
1580,24110194693144,20.590309,0.000000,49
1581,24110215283453,20.631355,0.000000,49
1582,24110235914808,20.703569,0.000000,49
1583,24110256618377,20.506588,0.000000,49
1584,24110277124965,20.375112,0.000000,49
1585,24110297500077,22.338460,0.000000,49
1586,24110319838537,29.150182,0.000000,49
1587,24110348988719,26.904246,0.000000,49
1588,24110375892965,23.286734,0.000000,49
1589,24110399179699,20.481887,0.000000,49
1590,24110419661586,20.335332,0.000000,49
1591,24110439996918,20.515142,0.000000,49
1592,24110460512060,20.422217,0.000000,49
1593,24110480934277,20.252926,0.000000,49
1594,24110501187203,20.508288,0.000000,49
1595,24110521695491,20.608863,0.000000,49
1596,24110542304354,20.504776,0.000000,49
1597,24110562809130,22.413254,0.000000,49
1598,24110585222384,22.767773,0.000000,49
1599,24110607990157,23.146565,0.000000,49
1600,24110631136722,22.820119,0.000000,49
1601,24110653956841,20.324914,0.000000,49
1602,24110674281755,20.406685,0.000000,49
1603,24110694688440,20.946589,0.000000,49
1604,24110715635029,21.104343,0.000000,49
1605,24110736739372,20.523410,0.000000,49
1606,24110757262782,20.635058,0.000000,49
1607,24110777897840,20.724917,0.000000,49
1608,24110798622757,21.483465,0.000000,49
1609,24110820106222,23.610237,0.000000,49
1610,24110843716459,23.225270,0.000000,49
1611,24110866941729,22.903250,0.000000,49
1612,24110889844979,26.166313,0.000000,49
1613,24110916011292,21.820581,0.000000,49
1614,24110937831873,20.832391,0.000000,49
1615,24110958664264,20.575463,0.000000,49
1616,24110979239727,20.816227,0.000000,49
1617,24111000055954,20.349006,0.000000,49
1618,24111020404960,20.734614,0.000000,49
1619,24111041139574,20.283544,0.000000,49
1620,24111061423118,23.499187,0.000000,49
1621,24111084922305,38.713561,0.000000,49
1622,24111123635866,36.318004,0.000000,49
1623,24111159953870,29.941346,0.000000,49
1624,24111189895216,30.360525,0.000000,49
1625,24111220255741,31.914609,0.000000,49
1626,24111252170350,35.763905,0.000000,49
1627,24111287934255,30.034778,0.000000,49
1628,24111317969033,38.773084,0.000000,49
1629,24111356742117,34.107048,0.000000,49
1630,24111390849165,38.245081,0.000000,49
1631,24111429094246,33.499659,0.000000,49
1632,24111462593905,30.604402,0.000000,49
1633,24111493198307,30.511268,0.000000,49
1634,24111523709575,33.330875,0.000000,49
1635,24111557040450,31.112874,0.000000,49
1636,24111588153324,40.209846,0.000000,49
1637,24111628363170,36.447579,0.000000,49
1638,24111664810749,31.716716,0.000000,49
1639,24111696527465,30.383126,0.000000,49
1640,24111726910591,34.410822,0.000000,49
1641,24111761321413,31.160817,0.000000,49
1642,24111792482230,34.146826,0.000000,49
1643,24111826629056,38.235293,0.000000,49
1644,24111864864349,33.463160,0.000000,49
1645,24111898327509,36.130348,0.000000,49
1646,24111934457857,30.753057,0.000000,49
1647,24111965210914,32.938651,0.000000,49
1648,24111998149565,29.550714,0.000000,49
1649,24112027700279,29.410708,0.000000,49
1650,24112057110987,39.715433,0.000000,49
1651,24112096826420,40.877287,0.000000,49
1652,24112137703707,37.376742,0.000000,49
1653,24112175080449,30.711935,0.000000,49
1654,24112205792384,29.589235,0.000000,49
1655,24112235381619,32.258546,0.000000,49
1656,24112267640165,28.760896,0.000000,49
1657,24112296401061,29.941000,0.000000,49
1658,24112326342061,38.500692,0.000000,49
1659,24112364842753,32.766136,0.000000,49
1660,24112397608889,33.041984,0.000000,49
1661,24112430650873,31.668531,0.000000,49
1662,24112462319404,29.228557,0.000000,49
1663,24112491547961,33.659268,0.000000,49
1664,24112525207229,30.055305,0.000000,49
1665,24112555262534,38.729157,0.000000,49
1666,24112593991691,38.599228,0.000000,49
1667,24112632590919,32.406389,0.000000,49
1668,24112664997308,39.515528,0.000000,49
1669,24112704512836,37.477227,0.000000,49
1670,24112741990063,36.945445,0.000000,49
1671,24112778935508,40.377897,0.000000,49
1672,24112819313405,46.564561,0.000000,49
1673,24112865877966,47.924596,0.000000,49
1674,24112913802562,35.984655,0.000000,49
1675,24112949787217,32.390761,0.000000,49
1676,24112982177978,30.293483,0.000000,49
1677,24113012471461,35.551472,0.000000,49
1678,24113048022933,35.002460,0.000000,49
1679,24113083025393,35.251242,0.000000,49
1680,24113118276635,33.890862,0.000000,49
1681,24113152167497,32.470569,0.000000,50
1682,24113184638066,29.009516,0.000000,50
1683,24113213647582,29.661414,0.000000,50
1684,24113243308996,33.381256,0.000000,50
1685,24113276690252,27.383379,0.000000,50
1686,24113304073631,30.336004,0.000000,50
1687,24113334409635,36.290405,0.000000,50
1688,24113370700040,33.121039,0.000000,50
1689,24113403821079,34.009137,0.000000,50
1690,24113437830216,28.767237,0.000000,50
1691,24113466597453,29.271810,0.000000,50
1692,24113495869263,21.278057,0.000000,50
1693,24113517147320,20.539884,0.000000,50
1694,24113537687204,20.530637,0.000000,50
1695,24113558217841,21.095393,0.000000,50
1696,24113579313234,23.239165,0.000000,50
1697,24113602552399,22.544674,0.000000,50
1698,24113625097073,22.492028,0.000000,50
1699,24113647589101,22.268234,0.000000,50
1700,24113669857335,20.044396,0.000000,50
1701,24113689901731,19.631602,0.000000,50
1702,24113709533333,21.082069,0.000000,50
1703,24113730615402,20.584638,0.000000,50
1704,24113751200040,20.167830,0.000000,50
1705,24113771367870,19.898856,0.000000,50
1706,24113791266726,20.024623,0.000000,50
1707,24113811291349,21.416083,0.000000,50
1708,24113832707432,22.978677,0.000000,50
1709,24113855686109,22.654273,0.000000,50
1710,24113878340382,23.060503,0.000000,50
1711,24113901400885,20.168666,0.000000,50
1712,24113921569551,20.311888,0.000000,50
1713,24113941881439,20.637555,0.000000,50
1714,24113962518994,20.051559,0.000000,50
1715,24113982570553,20.221127,0.000000,50
1716,24114002791680,20.097852,0.000000,50
1717,24114022889532,20.621546,0.000000,50
1718,24114043511078,20.046761,0.000000,50
1719,24114063557839,21.530688,0.000000,50
1720,24114085088527,22.567840,0.000000,50
1721,24114107656367,22.066538,0.000000,50
1722,24114129722905,22.354520,0.000000,50
1723,24114152077425,19.941984,0.000000,50
1724,24114172019409,20.176498,0.000000,50
1725,24114192195907,19.959070,0.000000,50
1726,24114212154977,19.979807,0.000000,50
1727,24114232134784,19.853890,0.000000,50
1728,24114251988674,19.637356,0.000000,50
1729,24114271626030,20.128607,0.000000,50
1730,24114291754637,20.639839,0.000000,50
1731,24114312394476,21.301672,0.000000,50
1732,24114333696148,22.552032,0.000000,50
1733,24114356248180,22.263761,0.000000,50
1734,24114378511941,22.914647,0.000000,50
1735,24114401426588,19.762891,0.000000,50
1736,24114421189479,20.044179,0.000000,50
1737,24114441233658,19.930770,0.000000,50
1738,24114461164428,20.139586,0.000000,50
1739,24114481304014,27.437452,0.000000,50
1740,24114508741466,19.877529,0.000000,50
1741,24114528618995,19.793322,0.000000,50
1742,24114548412317,20.453430,0.000000,50
1743,24114568865747,22.507132,0.000000,50
1744,24114591372879,22.327116,0.000000,50
1745,24114613699995,22.363689,0.000000,50
1746,24114636063684,22.544265,0.000000,50
1747,24114658607949,20.523021,0.000000,50
1748,24114679130970,19.831115,0.000000,50
1749,24114698962085,19.978860,0.000000,50
1750,24114718940945,19.831990,0.000000,50
1751,24114738772935,19.829035,0.000000,50
1752,24114758601970,19.844548,0.000000,50
1753,24114778446518,19.795172,0.000000,50
1754,24114798241690,19.964833,0.000000,50
1755,24114818206523,23.052198,0.000000,50
1756,24114841258721,22.240132,0.000000,50
1757,24114863498853,22.198718,0.000000,50
1758,24114885697571,22.418150,0.000000,50
1759,24114908115721,22.298096,0.000000,50
1760,24114930413817,20.038288,0.000000,50
1761,24114950452105,20.026969,0.000000,50
1762,24114970479074,20.384965,0.000000,50
1763,24114990864039,20.222361,0.000000,50
1764,24115011086400,19.892406,0.000000,50
1765,24115030978806,19.803536,0.000000,50
1766,24115050782342,20.035947,0.000000,50
1767,24115070818289,23.004784,0.000000,50
1768,24115093823073,22.488192,0.000000,50
1769,24115116311265,22.220575,0.000000,50
1770,24115138531840,21.980114,0.000000,50
1771,24115160511954,19.670930,0.000000,50
1772,24115180182884,20.079543,0.000000,50
1773,24115200262427,20.006053,0.000000,50
1774,24115220268480,19.712667,0.000000,50
1775,24115239981147,19.902532,0.000000,50
1776,24115259883679,19.849898,0.000000,50
1777,24115279733577,20.082833,0.000000,50
1778,24115299816410,19.855147,0.000000,50
1779,24115319671557,22.872256,0.000000,50
1780,24115342543813,22.982447,0.000000,50
1781,24115365526260,22.261536,0.000000,50
1782,24115387787796,21.335834,0.000000,50
1783,24115409123630,19.922570,0.000000,50
1784,24115429046200,19.952366,0.000000,50
1785,24115448998566,19.903075,0.000000,50
1786,24115468901641,27.118233,0.000000,50
1787,24115496019874,32.370459,0.000000,50
1788,24115528390333,28.509033,0.000000,50
1789,24115556899366,28.794860,0.000000,50
1790,24115585694226,32.951544,0.000000,50
1791,24115618645770,36.110832,0.000000,50
1792,24115654756602,30.390227,0.000000,50
1793,24115685146829,31.808297,0.000000,50
1794,24115716955126,33.168688,0.000000,50
1795,24115750123814,31.833043,0.000000,50
1796,24115781956857,26.767013,0.000000,50
1797,24115808723870,33.648024,0.000000,50
1798,24115842371894,38.778180,0.000000,50
1799,24115881150074,41.712289,0.000000,50
1800,24115922862363,41.138616,0.000000,50
1801,24115964000979,37.232389,0.000000,50
1802,24116001233368,36.736093,0.000000,50
1803,24116037969461,31.056857,0.000000,50
1804,24116069026318,40.291072,0.000000,50
1805,24116109317390,37.166152,0.000000,50
1806,24116146483542,34.571068,0.000000,50
1807,24116181054610,31.237363,0.000000,50
1808,24116212291973,28.467949,0.000000,50
1809,24116240759922,30.370433,0.000000,50
1810,24116271130355,34.418817,0.000000,50
1811,24116305549172,30.466020,0.000000,50
1812,24116336015192,39.505179,0.000000,50
1813,24116375520371,39.256694,0.000000,50
1814,24116414777065,30.673943,0.000000,50
1815,24116445451008,32.561829,0.000000,50
1816,24116478012837,34.656327,0.000000,50
1817,24116512669164,33.815339,0.000000,50
1818,24116546484503,30.569670,0.000000,50
1819,24116577054173,38.175315,0.000000,50
1820,24116615229488,35.235690,0.000000,50
1821,24116650465178,35.664189,0.000000,50
1822,24116686129367,33.487711,0.000000,50
1823,24116719617078,31.801293,0.000000,50
1824,24116751418371,33.118823,0.000000,50
1825,24116784537194,33.202876,0.000000,50
1826,24116817740070,35.542004,0.000000,50
1827,24116853282074,33.303195,0.000000,50
1828,24116886585269,40.265590,0.000000,50
1829,24116926850859,33.115809,0.000000,50
1830,24116959966668,33.914042,0.000000,50
1831,24116993880710,31.480037,0.000000,50
1832,24117025360747,31.265056,0.000000,50
1833,24117056625803,31.661849,0.000000,50
1834,24117088287652,40.429434,0.000000,50
1835,24117128717086,37.394894,0.000000,50
1836,24117166111980,34.215563,0.000000,50
1837,24117200327543,27.140001,0.000000,50
1838,24117227467544,31.818144,0.000000,50
1839,24117259285688,31.773601,0.000000,50
1840,24117291059289,32.098468,0.000000,50
1841,24117323157757,33.630204,0.000000,50
1842,24117356787961,36.559530,0.000000,50
1843,24117393347491,35.326312,0.000000,50
1844,24117428673803,31.386859,0.000000,50
1845,24117460060662,29.606786,0.000000,50
1846,24117489667448,36.706594,0.000000,50
1847,24117526374042,27.380426,0.000000,50
1848,24117553754468,30.311086,0.000000,50
1849,24117584065554,37.667450,0.000000,50
1850,24117621733004,32.062640,0.000000,50
1851,24117653795644,34.420757,0.000000,50
1852,24117688216401,30.552887,0.000000,50
1853,24117718769288,28.617486,0.000000,50
1854,24117747386774,33.031173,0.000000,50
1855,24117780417947,26.724188,0.000000,50
1856,24117807142135,28.774817,0.000000,50
1857,24117835916952,33.036566,0.000000,50
1858,24117868953518,37.593400,0.000000,50
1859,24117906546918,33.243106,0.000000,50
1860,24117939790024,28.332291,0.000000,50
1861,24117968122315,28.231371,0.000000,50
1862,24117996353686,28.579531,0.000000,50
1863,24118024933217,28.927819,0.000000,50
1864,24118053861036,30.059668,0.000000,50
1865,24118083920704,36.993065,0.000000,50
1866,24118120913769,33.696551,0.000000,50
1867,24118154610320,31.001512,0.000000,50
1868,24118185611832,28.922333,0.000000,50
1869,24118214534165,28.168262,0.000000,50
1870,24118242702427,32.979761,0.000000,50
1871,24118275682188,30.642804,0.000000,50
1872,24118306324992,30.595932,0.000000,50
1873,24118336920924,42.687026,0.000000,50
1874,24118379607950,35.528507,0.000000,50
1875,24118415136457,33.005070,0.000000,50
1876,24118448141527,28.406148,0.000000,50
1877,24118476547675,25.164060,0.000000,50
1878,24118501711735,20.637947,0.000000,50
1879,24118522349682,20.408094,0.000000,50
1880,24118542757776,20.124512,0.000000,50
1881,24118562882288,20.728943,0.000000,50
1882,24118583611231,23.276032,0.000000,50
1883,24118606887263,22.970446,0.000000,50
1884,24118629857709,22.107894,0.000000,50
1885,24118651965603,20.146774,0.000000,50
1886,24118672112377,19.998198,0.000000,50
1887,24118692110575,19.970091,0.000000,50
1888,24118712080666,20.035409,0.000000,50
1889,24118732116075,20.002126,0.000000,50
1890,24118752118201,19.914434,0.000000,50
1891,24118772032635,19.816428,0.000000,50
1892,24118791849063,19.903902,0.000000,50
1893,24118811752965,20.241112,0.000000,50
1894,24118831994077,22.794584,0.000000,50
1895,24118854788661,23.167116,0.000000,50
1896,24118877955777,22.666710,0.000000,50
1897,24118900622487,21.835666,0.000000,50
1898,24118922458153,20.314691,0.000000,50
1899,24118942772844,19.883511,0.000000,50
1900,24118962656355,19.883333,0.000000,50
1901,24118982539688,20.013717,0.000000,50
1902,24119002553405,19.944681,0.000000,50
1903,24119022498086,20.103720,0.000000,50
1904,24119042601806,19.835841,0.000000,50
1905,24119062437647,21.270692,0.000000,50
1906,24119083708339,22.612205,0.000000,50
1907,24119106320544,23.373294,0.000000,50
1908,24119129693838,22.442731,0.000000,50
1909,24119152136569,21.737641,0.000000,50
1910,24119173874210,20.316343,0.000000,50
1911,24119194190553,20.147102,0.000000,50
1912,24119214337655,19.984400,0.000000,50
1913,24119234322055,20.271271,0.000000,50
1914,24119254593326,19.670853,0.000000,50
1915,24119274264179,20.804946,0.000000,50
1916,24119295069125,19.828648,0.000000,50
1917,24119314897773,21.157949,0.000000,50
1918,24119336055722,22.867304,0.000000,50
1919,24119358923026,22.552537,0.000000,50
1920,24119381475563,23.010051,0.000000,50
1921,24119404485614,20.599861,0.000000,50
1922,24119425085475,20.136094,0.000000,50
1923,24119445221569,19.825315,0.000000,50
1924,24119465046884,22.804147,0.000000,50
1925,24119487851031,22.909042,0.000000,50
1926,24119510760073,20.246379,0.000000,50
1927,24119531006452,19.997474,0.000000,50
1928,24119551003926,19.931266,0.000000,50
1929,24119570935192,22.003286,0.000000,50
1930,24119592938478,22.438406,0.000000,50
1931,24119615376884,22.397737,0.000000,50
1932,24119637774621,22.194354,0.000000,50
1933,24119659968975,21.023895,0.000000,50
1934,24119680992870,20.010621,0.000000,50
1935,24119701003491,20.300304,0.000000,50
1936,24119721303795,20.258446,0.000000,50
1937,24119741562241,20.124311,0.000000,50
1938,24119761686552,20.253465,0.000000,50
1939,24119781940017,20.508065,0.000000,50
1940,24119802448082,20.191479,0.000000,50
1941,24119822639561,22.820884,0.000000,50
1942,24119845460445,22.249612,0.000000,50
1943,24119867710057,22.478131,0.000000,50
1944,24119890188188,22.406207,0.000000,50
1945,24119912594395,21.298450,0.000000,50
1946,24119933892845,20.022505,0.000000,50
1947,24119953915350,21.266007,0.000000,50
1948,24119975181357,20.461586,0.000000,50
1949,24119995642943,20.246412,0.000000,50
1950,24120015889355,20.024920,0.000000,50
1951,24120035914275,20.360572,0.000000,50
1952,24120056274847,20.153819,0.000000,50
1953,24120076428666,23.180185,0.000000,50
1954,24120099608851,21.843237,0.000000,50
1955,24120121452088,22.408961,0.000000,50
1956,24120143861049,22.738560,0.000000,50
1957,24120166599609,21.616855,0.000000,50
1958,24120188216464,21.235017,0.000000,50
1959,24120209451481,20.763587,0.000000,50
1960,24120230215068,20.186764,0.000000,50
1961,24120250401832,20.210326,0.000000,50
1962,24120270612158,20.570073,0.000000,50
1963,24120291182231,20.028177,0.000000,50
1964,24120311210408,20.384915,0.000000,50
1965,24120331595323,24.055501,0.000000,50
1966,24120355650824,22.467289,0.000000,50
1967,24120378118113,22.519120,0.000000,50
1968,24120400637233,21.891848,0.000000,50
1969,24120422529081,20.317650,0.000000,50
1970,24120442846731,20.903510,0.000000,50
1971,24120463750241,20.516270,0.000000,50
1972,24120484266511,37.336237,0.000000,50
1973,24120521602748,29.771865,0.000000,50
1974,24120551374613,29.909197,0.000000,50
1975,24120581283810,35.116191,0.000000,50
1976,24120616400001,35.410782,0.000000,50
1977,24120651810783,35.289838,0.000000,50
1978,24120687100621,33.269621,0.000000,50
1979,24120720370242,30.915422,0.000000,50
1980,24120751285664,37.044815,0.000000,50
1981,24120788330479,29.313380,0.000000,50
1982,24120817643859,33.686034,0.000000,50
1983,24120851329893,37.993860,0.000000,50
1984,24120889323753,36.880098,0.000000,50
1985,24120926203851,36.227848,0.000000,50
1986,24120962431699,29.093070,0.000000,50
1987,24120991524769,36.077310,0.000000,50
1988,24121027602079,29.858293,0.000000,50
1989,24121057460372,34.896299,0.000000,50
1990,24121092356671,36.696721,0.000000,50
1991,24121129053392,38.416541,0.000000,50
1992,24121167469933,36.428892,0.000000,50
1993,24121203898825,31.326890,0.000000,50
1994,24121235225715,35.416532,0.000000,50
1995,24121270642247,31.927525,0.000000,50
1996,24121302569772,26.660887,0.000000,50
1997,24121329230659,39.004890,0.000000,50
1998,24121368235549,34.468819,0.000000,50
1999,24121402704368,37.113507,0.000000,50
2000,24121439817875,27.559996,0.000000,50
2001,24121467377871,31.313598,0.000000,50
2002,24121498691469,32.805728,0.000000,50
2003,24121531497197,34.335333,0.000000,50
2004,24121565832530,32.026111,0.000000,50
2005,24121597858641,36.551444,0.000000,50
2006,24121634410085,38.446945,0.000000,50
2007,24121672857030,29.472633,0.000000,50
2008,24121702329663,28.953542,0.000000,50
2009,24121731283205,31.888933,0.000000,50
2010,24121763172138,31.110755,0.000000,50
2011,24121794282893,29.945659,0.000000,50
2012,24121824228552,39.148539,0.000000,50
2013,24121863377091,37.083134,0.000000,50
2014,24121900460225,37.229622,0.000000,50
2015,24121937689847,28.569116,0.000000,50
2016,24121966258963,30.652412,0.000000,50
2017,24121996911375,30.923224,0.000000,50
2018,24122027834599,25.811587,0.000000,51
2019,24122053646186,34.136507,0.000000,51
2020,24122087782693,36.830492,0.000000,51
2021,24122124613185,37.535843,0.000000,51
2022,24122162149028,34.324573,0.000000,51
2023,24122196473601,31.945933,0.000000,51
2024,24122228419534,31.463473,0.000000,51
2025,24122259883007,30.621950,0.000000,51
2026,24122290504957,34.543724,0.000000,51
2027,24122325048681,32.710788,0.000000,51
2028,24122357759469,34.674545,0.000000,51
2029,24122392434014,37.142611,0.000000,51
2030,24122429576625,31.021009,0.000000,51
2031,24122460597634,30.194689,0.000000,51
2032,24122490792323,34.790853,0.000000,51
2033,24122525583176,24.637320,0.000000,51
2034,24122550220496,33.954374,0.000000,51
2035,24122584174870,41.077591,0.000000,51
2036,24122625252461,42.279703,0.000000,51
2037,24122667532164,32.542271,0.000000,51
2038,24122700074435,33.395878,0.000000,51
2039,24122733470313,28.701896,0.000000,51
2040,24122762172209,30.515346,0.000000,51
2041,24122792687555,32.510300,0.000000,51
2042,24122825197855,35.011495,0.000000,51
2043,24122860209350,34.068527,0.000000,51
2044,24122894277877,35.887992,0.000000,51
2045,24122930165869,27.708005,0.000000,51
2046,24122957873874,28.098189,0.000000,51
2047,24122985972063,30.006109,0.000000,51
2048,24123015978172,28.300525,0.000000,51
2049,24123044278697,28.143482,0.000000,51
2050,24123072422179,36.308872,0.000000,51
2051,24123108731051,34.839092,0.000000,51
2052,24123143570143,32.660215,0.000000,51
2053,24123176230358,43.486492,0.000000,51
2054,24123219716850,34.117057,0.000000,51
2055,24123253833907,27.850699,0.000000,51
2056,24123281684606,28.158400,0.000000,51
2057,24123309843006,29.718563,0.000000,51
2058,24123339561569,35.308190,0.000000,51
2059,24123374869759,33.322265,0.000000,51
2060,24123408192024,33.814655,0.000000,51
2061,24123442006679,28.963867,0.000000,51
2062,24123470970546,30.972450,0.000000,51
2063,24123501942996,29.995566,0.000000,51
2064,24123531938562,27.771488,0.000000,51
2065,24123559710050,27.139224,0.000000,51
2066,24123586849274,33.865097,0.000000,51
2067,24123620714371,36.967067,0.000000,51
2068,24123657681438,33.837809,0.000000,51
2069,24123691519247,25.908357,0.000000,51
2070,24123717427604,26.962715,0.000000,51
2071,24123744390319,33.148691,0.000000,51
2072,24123777539010,30.728033,0.000000,51
2073,24123808267043,31.046607,0.000000,51
2074,24123839313650,33.118532,0.000000,51
2075,24123872432182,38.069153,0.000000,51
2076,24123910501335,35.741682,0.000000,51
2077,24123946243017,27.514125,0.000000,51
2078,24123973757142,25.377598,0.000000,51
2079,24123999134740,20.935219,0.000000,51
2080,24124020069959,20.714775,0.000000,51
2081,24124040784734,20.769342,0.000000,51
2082,24124061554076,20.760043,0.000000,51
2083,24124082314119,22.874589,0.000000,51
2084,24124105188708,22.701521,0.000000,51
2085,24124127890229,22.992625,0.000000,51
2086,24124150882854,22.821289,0.000000,51
2087,24124173704143,20.715203,0.000000,51
2088,24124194419346,20.412596,0.000000,51
2089,24124214831942,20.273949,0.000000,51
2090,24124235105891,19.795170,0.000000,51
2091,24124254901061,20.454374,0.000000,51
2092,24124275355435,20.420009,0.000000,51
2093,24124295775444,20.773934,0.000000,51
2094,24124316549378,21.594714,0.000000,51
2095,24124338144092,23.057208,0.000000,51
2096,24124361201300,22.727544,0.000000,51
2097,24124383928844,22.960947,0.000000,51
2098,24124406889791,21.778584,0.000000,51
2099,24124428668375,21.145659,0.000000,51
2100,24124449814034,20.298556,0.000000,51
2101,24124470112590,20.634726,0.000000,51
2102,24124490747316,20.160849,0.000000,51
2103,24124510908165,20.356852,0.000000,51
2104,24124531265017,20.401483,0.000000,51
2105,24124551666500,20.289499,0.000000,51
2106,24124571955999,21.767737,0.000000,51
2107,24124593723736,22.731875,0.000000,51
2108,24124616455611,22.671350,0.000000,51
2109,24124639126961,22.756284,0.000000,51
2110,24124661883245,21.183233,0.000000,51
2111,24124683066478,20.385678,0.000000,51
2112,24124703452156,20.692093,0.000000,51
2113,24124724144249,19.955814,0.000000,51
2114,24124744100063,20.083105,0.000000,51
2115,24124764183168,20.169398,0.000000,51
2116,24124784352566,20.124392,0.000000,51
2117,24124804476958,20.171829,0.000000,51
2118,24124824648787,22.649276,0.000000,51
2119,24124847298063,22.698644,0.000000,51
2120,24124869996707,24.992873,0.000000,51
2121,24124894989580,22.380927,0.000000,51
2122,24124917370507,20.270226,0.000000,51
2123,24124937640733,20.383942,0.000000,51
2124,24124958024675,20.724484,0.000000,51
2125,24124978749159,30.596864,0.000000,51
2126,24125009346023,20.035970,0.000000,51
2127,24125029381993,20.188745,0.000000,51
2128,24125049570738,20.021522,0.000000,51
2129,24125069592260,21.633120,0.000000,51
2130,24125091225380,23.183670,0.000000,51
2131,24125114409050,22.991092,0.000000,51
2132,24125137400142,22.685043,0.000000,51
2133,24125160085185,24.212651,0.000000,51
2134,24125184297836,22.905729,0.000000,51
2135,24125207203565,21.792296,0.000000,51
2136,24125228995861,21.233216,0.000000,51
2137,24125250229077,20.715077,0.000000,51
2138,24125270944154,20.196970,0.000000,51
2139,24125291141124,20.043422,0.000000,51
2140,24125311184546,20.797584,0.000000,51
2141,24125331982130,22.086786,0.000000,51
2142,24125354068916,22.094975,0.000000,51
2143,24125376163891,22.752637,0.000000,51
2144,24125398916528,22.291769,0.000000,51
2145,24125421208297,21.038237,0.000000,51
2146,24125442246534,19.852803,0.000000,51
2147,24125462099337,20.176418,0.000000,51
2148,24125482275755,20.505801,0.000000,51
2149,24125502781556,20.411813,0.000000,51
2150,24125523193369,20.110734,0.000000,51
2151,24125543304103,20.129598,0.000000,51
2152,24125563433701,20.338356,0.000000,51
2153,24125583772057,22.519859,0.000000,51
2154,24125606291916,21.775706,0.000000,51
2155,24125628067622,22.883944,0.000000,51
2156,24125650951566,22.023581,0.000000,51
2157,24125672975147,21.190675,0.000000,51
2158,24125694165822,20.099602,0.000000,51
2159,24125714265424,20.077223,0.000000,51
2160,24125734342647,20.032911,0.000000,51
2161,24125754375558,20.898673,0.000000,51
2162,24125775274231,20.072960,0.000000,51
2163,24125795347191,20.333229,0.000000,51
2164,24125815680420,20.673293,0.000000,51
2165,24125836353713,22.741729,0.000000,51
2166,24125859095442,22.641770,0.000000,51
2167,24125881737212,23.424255,0.000000,51
2168,24125905161467,22.137416,0.000000,51
2169,24125927298883,20.410496,0.000000,51
2170,24125947709379,20.091393,0.000000,51
2171,24125967800772,23.749854,0.000000,51
2172,24125991550626,21.894693,0.000000,51
2173,24126013445319,20.480394,0.000000,51
2174,24126033925713,20.084304,0.000000,51
2175,24126054010017,20.417275,0.000000,51
2176,24126074427292,22.307164,0.000000,51
2177,24126096734456,23.194038,0.000000,51
2178,24126119928494,24.202934,0.000000,51
2179,24126144131428,22.759438,0.000000,51
2180,24126166890866,20.289431,0.000000,51
2181,24126187180297,20.230422,0.000000,51
2182,24126207410719,19.949246,0.000000,51
2183,24126227359965,20.467223,0.000000,51
2184,24126247827188,20.034628,0.000000,51
2185,24126267861816,20.158836,0.000000,51
2186,24126288020652,21.011652,0.000000,51
2187,24126309032304,20.501668,0.000000,51
2188,24126329533972,23.196250,0.000000,51
2189,24126352730222,22.654689,0.000000,51
2190,24126375384911,22.616898,0.000000,51
2191,24126398001809,22.884569,0.000000,51
2192,24126420886378,20.175434,0.000000,51
2193,24126441061812,20.559998,0.000000,51
2194,24126461621810,20.626391,0.000000,51
2195,24126482248201,20.917239,0.000000,51
2196,24126503165440,20.046181,0.000000,51
2197,24126523211621,20.597403,0.000000,51
2198,24126543809024,20.602611,0.000000,51
2199,24126564411635,20.754197,0.000000,51
2200,24126585165832,22.354270,0.000000,51
2201,24126607520102,22.388574,0.000000,51
2202,24126629908676,23.376521,0.000000,51
2203,24126653285197,22.248686,0.000000,51
2204,24126675533883,20.204801,0.000000,51
2205,24126695738684,20.620543,0.000000,51
2206,24126716359227,20.556291,0.000000,51
2207,24126736915518,20.641853,0.000000,51
2208,24126757557371,20.515172,0.000000,51
2209,24126778072543,20.246030,0.000000,51
2210,24126798318573,20.181506,0.000000,51
2211,24126818500079,21.591599,0.000000,51
2212,24126840091678,22.759633,0.000000,51
2213,24126862851311,23.148176,0.000000,51
2214,24126885999487,23.396086,0.000000,51
2215,24126909395573,20.600396,0.000000,51
2216,24126929995969,20.104275,0.000000,51
2217,24126950100244,21.215857,0.000000,51
2218,24126971316101,29.708455,0.000000,51
2219,24127001024556,36.573599,0.000000,51
2220,24127037598155,29.633342,0.000000,51
2221,24127067231497,33.943919,0.000000,51
2222,24127101175416,33.377968,0.000000,51
2223,24127134553384,37.486324,0.000000,51
2224,24127172039708,34.835737,0.000000,51
2225,24127206875445,29.951439,0.000000,51
2226,24127236826884,31.452159,0.000000,51
2227,24127268279043,34.718634,0.000000,51
2228,24127302997677,41.701369,0.000000,51
2229,24127344699046,41.578984,0.000000,51
2230,24127386278030,39.716817,0.000000,51
2231,24127425994847,36.780817,0.000000,51
2232,24127462775664,31.039983,0.000000,51
2233,24127493815647,39.121499,0.000000,51
2234,24127532937146,39.947896,0.000000,51
2235,24127572885042,44.930893,0.000000,51
2236,24127617815935,39.226496,0.000000,51
2237,24127657042431,34.780862,0.000000,51
2238,24127691823293,30.317293,0.000000,51
2239,24127722140586,29.111049,0.000000,51
2240,24127751251635,31.440044,0.000000,51
2241,24127782691679,29.131309,0.000000,51
2242,24127811822988,28.710804,0.000000,51
2243,24127840533792,36.426423,0.000000,51
2244,24127876960215,33.495040,0.000000,51
2245,24127910455255,33.062523,0.000000,51
2246,24127943517778,29.460894,0.000000,51
2247,24127972978672,29.119649,0.000000,51
2248,24128002098321,33.257940,0.000000,51
2249,24128035356261,33.169080,0.000000,51
2250,24128068525341,30.242260,0.000000,51
2251,24128098767601,36.767217,0.000000,51
2252,24128135534818,32.232209,0.000000,51
2253,24128167767027,34.079500,0.000000,51
2254,24128201846527,29.026152,0.000000,51
2255,24128230872679,29.409669,0.000000,51
2256,24128260282348,29.374023,0.000000,51
2257,24128289656371,31.931592,0.000000,51
2258,24128321587963,31.863623,0.000000,51
2259,24128353451586,32.793862,0.000000,51
2260,24128386245448,37.350054,0.000000,51
2261,24128423595502,28.820912,0.000000,51
2262,24128452416414,30.184961,0.000000,51
2263,24128482601375,29.449435,0.000000,51
2264,24128512050810,29.709098,0.000000,51
2265,24128541759908,33.844964,0.000000,51
2266,24128575604872,31.840778,0.000000,51
2267,24128607445650,36.277274,0.000000,51
2268,24128643722924,31.762121,0.000000,51
2269,24128675485045,34.871574,0.000000,51
2270,24128710356619,29.733089,0.000000,51
2271,24128740089708,30.890849,0.000000,51
2272,24128770980557,31.722824,0.000000,51
2273,24128802703381,28.663194,0.000000,51
2274,24128831366575,33.760214,0.000000,51
2275,24128865126789,37.843386,0.000000,51
2276,24128902970175,22.997119,0.000000,51
2277,24128925967294,21.099278,0.000000,51
2278,24128947066572,22.291740,0.000000,51
2279,24128969358312,21.159254,0.000000,51
2280,24128990517566,20.560108,0.000000,51
2281,24129011077674,20.984145,0.000000,51
2282,24129032061819,20.297305,0.000000,51
2283,24129052359124,20.826549,0.000000,51
2284,24129073185673,21.312588,0.000000,51
2285,24129094498261,22.756388,0.000000,51
2286,24129117254649,24.303846,0.000000,51
2287,24129141558495,22.789785,0.000000,51
2288,24129164348280,20.595801,0.000000,51
2289,24129184944081,20.559069,0.000000,51
2290,24129205503150,20.893254,0.000000,51
2291,24129226396404,20.520928,0.000000,51
2292,24129246917332,20.714562,0.000000,51
2293,24129267631894,20.883834,0.000000,51
2294,24129288515728,20.235803,0.000000,51
2295,24129308751531,20.632898,0.000000,51
2296,24129329384429,22.999239,0.000000,51
2297,24129352383668,22.973322,0.000000,51
2298,24129375356990,23.103148,0.000000,51
2299,24129398460138,23.296622,0.000000,51
2300,24129421756760,20.276208,0.000000,51
2301,24129442032968,21.142623,0.000000,51
2302,24129463175591,20.930605,0.000000,51
2303,24129484106196,21.433317,0.000000,51
2304,24129505539513,20.517735,0.000000,51
2305,24129526057248,20.542541,0.000000,51
2306,24129546599789,20.658181,0.000000,51
2307,24129567257970,21.111892,0.000000,51
2308,24129588369862,23.003072,0.000000,51
2309,24129611372934,23.175062,0.000000,51
2310,24129634547996,23.132114,0.000000,51
2311,24129657680110,22.490328,0.000000,51
2312,24129680170438,20.705028,0.000000,51
2313,24129700875466,20.861926,0.000000,51
2314,24129721737392,20.654824,0.000000,51
2315,24129742392216,21.101999,0.000000,51
2316,24129763494215,20.660432,0.000000,51
2317,24129784154647,20.727377,0.000000,51
2318,24129804882024,20.841704,0.000000,51
2319,24129825723728,22.393995,0.000000,51
2320,24129848117723,23.200590,0.000000,51
2321,24129871318313,27.785598,0.000000,51
2322,24129899103911,24.788223,0.000000,51
2323,24129923892134,21.044343,0.000000,51
2324,24129944936477,20.747829,0.000000,51
2325,24129965684306,21.128982,0.000000,51
2326,24129986813288,20.642051,0.000000,51
2327,24130007455339,20.999110,0.000000,51
2328,24130028454449,20.515915,0.000000,51
2329,24130048970364,20.598117,0.000000,51
2330,24130069568481,21.141245,0.000000,51
2331,24130090709726,23.299572,0.000000,51
2332,24130114009298,22.650675,0.000000,51
2333,24130136659973,23.121612,0.000000,51
2334,24130159781585,22.574321,0.000000,51
2335,24130182355906,20.659415,0.000000,51
2336,24130203015321,20.540288,0.000000,51
2337,24130223555609,20.660399,0.000000,51
2338,24130244216008,20.363342,0.000000,51
2339,24130264579350,21.249322,0.000000,51
2340,24130285828672,20.527663,0.000000,51
2341,24130306356335,20.575010,0.000000,51
2342,24130326931345,21.962465,0.000000,51
2343,24130348893810,22.697636,0.000000,51
2344,24130371591446,22.157081,0.000000,51
2345,24130393748527,20.793715,0.000000,51
2346,24130414542242,20.556525,0.000000,51
2347,24130435098767,20.580727,0.000000,51
2348,24130455679494,20.440144,0.000000,51
2349,24130476119638,20.796949,0.000000,51
2350,24130496916587,20.268926,0.000000,51
2351,24130517185513,20.642024,0.000000,51
2352,24130537827537,21.457869,0.000000,51
2353,24130559285406,21.368760,0.000000,51
2354,24130580654166,25.404930,0.000000,51
2355,24130606059096,27.792847,0.000000,51
2356,24130633851943,24.879430,0.000000,51
2357,24130658731373,23.010295,0.000000,51
2358,24130681741668,21.244960,0.000000,52
2359,24130702986628,21.102914,0.000000,52
2360,24130724089542,22.134597,0.000000,52
2361,24130746224139,20.617219,0.000000,52
2362,24130766841358,20.514142,0.000000,52
2363,24130787355500,20.801916,0.000000,52
2364,24130808157416,20.406035,0.000000,52
2365,24130828563451,22.385751,0.000000,52
2366,24130850949202,23.152651,0.000000,52
2367,24130874101853,30.087898,0.000000,52
2368,24130904189751,49.185009,0.000000,52
2369,24130953374760,30.979996,0.000000,52
2370,24130984354756,30.301855,0.000000,52
2371,24131014656611,30.596660,0.000000,52
2372,24131045253271,30.840680,0.000000,52
2373,24131076093951,31.500313,0.000000,52
2374,24131107594264,33.940857,0.000000,52
2375,24131141535121,34.919988,0.000000,52
2376,24131176455109,36.063369,0.000000,52
2377,24131212518478,29.749932,0.000000,52
2378,24131242268410,33.350697,0.000000,52
2379,24131275619107,28.885905,0.000000,52
2380,24131304505012,31.460250,0.000000,52
2381,24131335965262,36.951734,0.000000,52
2382,24131372916996,39.666045,0.000000,52
2383,24131412583041,34.158125,0.000000,52
2384,24131446741166,26.870048,0.000000,52
2385,24131473611214,29.665773,0.000000,52
2386,24131503276987,31.455239,0.000000,52
2387,24131534732226,33.682808,0.000000,52
2388,24131568415034,33.667387,0.000000,52
2389,24131602082421,34.988054,0.000000,52
2390,24131637070475,36.928759,0.000000,52
2391,24131673999234,30.865865,0.000000,52
2392,24131704865099,37.095317,0.000000,52
2393,24131741960416,32.036022,0.000000,52
2394,24131773996438,31.195859,0.000000,52
2395,24131805192297,30.233057,0.000000,52
2396,24131835425354,33.087492,0.000000,52
2397,24131868512846,38.904910,0.000000,52
2398,24131907417756,36.447954,0.000000,52
2399,24131943865710,27.267443,0.000000,52
2400,24131971133153,28.089139,0.000000,52
2401,24131999222292,32.034701,0.000000,52
2402,24132031256993,33.670355,0.000000,52
2403,24132064927348,30.388475,0.000000,52
2404,24132095315823,37.264726,0.000000,52
2405,24132132580549,33.220790,0.000000,52
2406,24132165801339,35.621477,0.000000,52
2407,24132201422816,29.426398,0.000000,52
2408,24132230849214,29.199668,0.000000,52
2409,24132260048882,32.885338,0.000000,52
2410,24132292934220,28.041268,0.000000,52
2411,24132320975488,31.990574,0.000000,52
2412,24132352966062,35.390592,0.000000,52
2413,24132388356654,38.754424,0.000000,52
2414,24132427111078,31.886590,0.000000,52
2415,24132458997668,32.105701,0.000000,52
2416,24132491103369,29.152055,0.000000,52
2417,24132520255424,30.241610,0.000000,52
2418,24132550497034,32.118294,0.000000,52
2419,24132582615328,40.134342,0.000000,52
2420,24132622749670,40.382618,0.000000,52
2421,24132663132288,42.697096,0.000000,52
2422,24132705829384,35.904574,0.000000,52
2423,24132741733958,34.539114,0.000000,52
2424,24132776273072,31.203407,0.000000,52
2425,24132807476479,30.221794,0.000000,52
2426,24132837698273,36.573806,0.000000,52
2427,24132874272079,38.370098,0.000000,52
2428,24132912642177,30.742435,0.000000,52
2429,24132943384612,29.117277,0.000000,52
2430,24132972501889,29.464981,0.000000,52
2431,24133001966870,31.477875,0.000000,52
2432,24133033444745,29.105206,0.000000,52
2433,24133062549951,30.167973,0.000000,52
2434,24133092717924,38.630123,0.000000,52
2435,24133131348047,38.462755,0.000000,52
2436,24133169810802,33.178346,0.000000,52
2437,24133202989148,29.040006,0.000000,52
2438,24133232029154,27.547934,0.000000,52
2439,24133259577088,28.814004,0.000000,52
2440,24133288391092,29.219680,0.000000,52
2441,24133317610772,31.856377,0.000000,52
2442,24133349467149,34.095089,0.000000,52
2443,24133383562238,37.040052,0.000000,52
2444,24133420602290,30.871290,0.000000,52
2445,24133451473580,30.611109,0.000000,52
2446,24133482084689,25.675315,0.000000,52
2447,24133507760004,28.931407,0.000000,52
2448,24133536691411,31.332047,0.000000,52
2449,24133568023458,30.064808,0.000000,52
2450,24133598088266,34.960628,0.000000,52
2451,24133633048894,31.579223,0.000000,52
2452,24133664628117,34.355432,0.000000,52
2453,24133698983549,27.853059,0.000000,52
2454,24133726836608,28.471365,0.000000,52
2455,24133755307973,29.294663,0.000000,52
2456,24133784602636,28.956251,0.000000,52
2457,24133813558887,31.184357,0.000000,52
2458,24133844743244,31.697895,0.000000,52
2459,24133876441139,33.310298,0.000000,52
2460,24133909751437,35.985146,0.000000,52
2461,24133945736583,29.654745,0.000000,52
2462,24133975391328,28.110171,0.000000,52
2463,24134003501499,29.044273,0.000000,52
2464,24134032545772,42.465034,0.000000,52
2465,24134075010806,41.282468,0.000000,52
2466,24134116293274,43.761989,0.000000,52
2467,24134160055263,32.465615,0.000000,52
2468,24134192520878,30.217238,0.000000,52
2469,24134222738116,28.361731,0.000000,52
2470,24134251099847,29.537642,0.000000,52
2471,24134280637489,29.253503,0.000000,52
2472,24134309890992,28.840575,0.000000,52
2473,24134338731567,35.124118,0.000000,52
2474,24134373855685,32.139073,0.000000,52
2475,24134405994758,35.588088,0.000000,52
2476,24134441582846,29.065633,0.000000,52
2477,24134470648479,28.914553,0.000000,52
2478,24134499563032,32.002210,0.000000,52
2479,24134531565242,27.187778,0.000000,52
2480,24134558753020,33.527995,0.000000,52
2481,24134592281015,36.054617,0.000000,52
2482,24134628335632,32.307601,0.000000,52
2483,24134660643233,33.478382,0.000000,52
2484,24134694121615,32.080882,0.000000,52
2485,24134726202497,30.104208,0.000000,52
2486,24134756306705,28.632244,0.000000,52
2487,24134784938949,29.117148,0.000000,52
2488,24134814056097,28.795787,0.000000,52
2489,24134842851884,34.032253,0.000000,52
2490,24134876884137,35.630343,0.000000,52
2491,24134912514480,29.340985,0.000000,52
2492,24134941855465,27.404432,0.000000,52
2493,24134969259897,25.026772,0.000000,52
2494,24134994286669,28.633286,0.000000,52
2495,24135022919955,29.632045,0.000000,52
2496,24135052552000,25.490191,0.000000,52
2497,24135078042191,34.882728,0.000000,52
2498,24135112924919,36.186841,0.000000,52
2499,24135149111760,30.415893,0.000000,52
2500,24135179527653,27.360730,0.000000,52
2501,24135206888383,34.606684,0.000000,52
2502,24135241495067,49.719067,0.000000,52
2503,24135291214134,38.022596,0.000000,52
2504,24135329236730,29.751725,0.000000,52
2505,24135358988455,62.786844,0.000000,52
2506,24135421775299,30.561002,0.000000,52
2507,24135452336301,34.120011,0.000000,52
2508,24135486456312,29.611761,0.000000,52
2509,24135516068073,21.128105,0.000000,52
2510,24135537196178,21.156903,0.000000,52
2511,24135558353081,21.055278,0.000000,52
2512,24135579408359,22.584045,0.000000,52
2513,24135601992404,23.227098,0.000000,52
2514,24135625219502,23.137651,0.000000,52
2515,24135648357153,23.329405,0.000000,52
2516,24135671686558,21.099536,0.000000,52
2517,24135692786094,20.801947,0.000000,52
2518,24135713588041,20.733143,0.000000,52
2519,24135734321184,20.697329,0.000000,52
2520,24135755018513,20.681008,0.000000,52
2521,24135775699521,20.709250,0.000000,52
2522,24135796408771,20.634965,0.000000,52
2523,24135817043736,20.671573,0.000000,52
2524,24135837715309,23.295760,0.000000,52
2525,24135861011069,24.423449,0.000000,52
2526,24135885434518,24.512050,0.000000,52
2527,24135909946568,22.716307,0.000000,52
2528,24135932662875,20.489776,0.000000,52
2529,24135953152651,21.050433,0.000000,52
2530,24135974203084,20.679047,0.000000,52
2531,24135994882131,20.937284,0.000000,52
2532,24136015819415,20.350181,0.000000,52
2533,24136036169596,20.656701,0.000000,52
2534,24136056826297,21.248778,0.000000,52
2535,24136078075075,21.617871,0.000000,52
2536,24136099692946,24.738634,0.000000,52
2537,24136124431580,23.399890,0.000000,52
2538,24136147831470,23.599864,0.000000,52
2539,24136171431334,20.761883,0.000000,52
2540,24136192193217,20.355205,0.000000,52
2541,24136212548422,20.775899,0.000000,52
2542,24136233324321,20.874810,0.000000,52
2543,24136254199131,20.776205,0.000000,52
2544,24136274975336,20.511453,0.000000,52
2545,24136295486789,20.931121,0.000000,52
2546,24136316417910,20.467303,0.000000,52
2547,24136336885213,25.749168,0.000000,52
2548,24136362634381,22.765639,0.000000,52
2549,24136385400020,23.200035,0.000000,52
2550,24136408600055,23.128005,0.000000,52
2551,24136431728060,21.108057,0.000000,52
2552,24136452836117,20.969899,0.000000,52
2553,24136473806016,20.930502,0.000000,52
2554,24136494736518,27.909082,0.000000,52
2555,24136522645600,20.855669,0.000000,52
2556,24136543501269,21.174695,0.000000,52
2557,24136564675964,20.909655,0.000000,52
2558,24136585585619,22.965800,0.000000,52
2559,24136608551419,23.483320,0.000000,52
2560,24136632034739,22.893665,0.000000,52
2561,24136654928404,23.557764,0.000000,52
2562,24136678486168,21.814064,0.000000,52
2563,24136700300232,20.892718,0.000000,52
2564,24136721192950,20.895756,0.000000,52
2565,24136742088706,21.289411,0.000000,52
2566,24136763378117,20.716142,0.000000,52
2567,24136784094259,20.804111,0.000000,52
2568,24136804898370,20.645075,0.000000,52
2569,24136825543445,21.245582,0.000000,52
2570,24136846789027,22.906252,0.000000,52
2571,24136869695279,24.036442,0.000000,52
2572,24136893731721,22.994264,0.000000,52
2573,24136916725985,20.694641,0.000000,52
2574,24136937420626,20.861970,0.000000,52
2575,24136958282596,22.792236,0.000000,52
2576,24136981074832,20.927126,0.000000,52
2577,24137002001958,21.073942,0.000000,52
2578,24137023075900,20.684394,0.000000,52
2579,24137043760294,20.716595,0.000000,52
2580,24137064476889,20.570140,0.000000,52
2581,24137085047029,22.444081,0.000000,52
2582,24137107491110,23.219533,0.000000,52
2583,24137130710643,23.173167,0.000000,52
2584,24137153883810,22.176103,0.000000,52
2585,24137176059913,20.791612,0.000000,52
2586,24137196851525,23.523115,0.000000,52
2587,24137220374640,21.510263,0.000000,52
2588,24137241884903,20.476651,0.000000,52
2589,24137262361554,20.692166,0.000000,52
2590,24137283053720,20.797189,0.000000,52
2591,24137303850909,20.726408,0.000000,52
2592,24137324577317,21.172830,0.000000,52
2593,24137345750147,22.875499,0.000000,52
2594,24137368625646,22.657093,0.000000,52
2595,24137391282739,23.227192,0.000000,52
2596,24137414509931,22.408575,0.000000,52
2597,24137436918506,20.910476,0.000000,52
2598,24137457828982,20.520069,0.000000,52
2599,24137478349051,21.383982,0.000000,52
2600,24137499733033,41.441520,0.000000,52
2601,24137541174553,29.899194,0.000000,52
2602,24137571073747,33.199729,0.000000,52
2603,24137604273476,31.808112,0.000000,52
2604,24137636081588,35.076761,0.000000,52
2605,24137671158349,29.828913,0.000000,52
2606,24137700987262,29.332937,0.000000,52
2607,24137730320199,30.185264,0.000000,52
2608,24137760505463,28.819218,0.000000,52
2609,24137789324681,32.395350,0.000000,52
2610,24137821720031,30.279341,0.000000,52
2611,24137851999372,34.132552,0.000000,52
2612,24137886131924,31.985423,0.000000,52
2613,24137918117347,34.400251,0.000000,52
2614,24137952517598,30.693274,0.000000,52
2615,24137983210872,28.471969,0.000000,52
2616,24138011682841,28.655192,0.000000,52
2617,24138040338033,29.503126,0.000000,52
2618,24138069841159,29.715675,0.000000,52
2619,24138099556834,34.377774,0.000000,52
2620,24138133934608,36.206096,0.000000,52
2621,24138170140704,30.436278,0.000000,52
2622,24138200576982,32.903183,0.000000,52
2623,24138233480165,26.879147,0.000000,52
2624,24138260359312,27.141427,0.000000,52
2625,24138287500739,30.841584,0.000000,52
2626,24138318342323,29.796532,0.000000,52
2627,24138348138855,34.556056,0.000000,52
2628,24138382694911,34.916680,0.000000,52
2629,24138417611591,33.119585,0.000000,52
2630,24138450731176,29.929738,0.000000,52
2631,24138480660914,28.343946,0.000000,52
2632,24138509004860,30.487550,0.000000,52
2633,24138539492410,25.195224,0.000000,52
2634,24138564687634,27.351522,0.000000,52
2635,24138592039156,36.861915,0.000000,52
2636,24138628901071,32.346965,0.000000,52
2637,24138661248036,33.676369,0.000000,52
2638,24138694924405,29.677468,0.000000,52
2639,24138724601873,29.924263,0.000000,52
2640,24138754526136,30.725207,0.000000,52
2641,24138785251343,29.446005,0.000000,52
2642,24138814697348,29.812582,0.000000,52
2643,24138844509930,34.243969,0.000000,52
2644,24138878753899,35.076804,0.000000,52
2645,24138913830703,35.052018,0.000000,52
2646,24138948882721,31.653322,0.000000,52
2647,24138980536043,30.686449,0.000000,52
2648,24139011222492,28.007509,0.000000,52
2649,24139039230001,31.282815,0.000000,52
2650,24139070512816,32.592253,0.000000,52
2651,24139103105069,25.670344,0.000000,52
2652,24139128775413,22.942307,0.000000,52
2653,24139151717720,23.416068,0.000000,52
2654,24139175133788,22.830998,0.000000,52
2655,24139197964786,20.159890,0.000000,52
2656,24139218124676,20.476852,0.000000,52
2657,24139238601528,20.638207,0.000000,52
2658,24139259239735,20.350257,0.000000,52
2659,24139279589992,20.687435,0.000000,52
2660,24139300277427,20.766085,0.000000,52
2661,24139321043512,20.756246,0.000000,52
2662,24139341799758,23.987538,0.000000,52
2663,24139365787296,23.625742,0.000000,52
2664,24139389413038,24.045670,0.000000,52
2665,24139413458708,22.294514,0.000000,52
2666,24139435753222,20.206425,0.000000,52
2667,24139455959647,20.638737,0.000000,52
2668,24139476598384,20.464990,0.000000,52
2669,24139497063374,20.953996,0.000000,52
2670,24139518017370,20.965939,0.000000,52
2671,24139538983309,21.476438,0.000000,52
2672,24139560459747,20.395235,0.000000,52
2673,24139580854982,21.417563,0.000000,52
2674,24139602272545,23.817400,0.000000,52
2675,24139626089945,23.229576,0.000000,52
2676,24139649319521,22.481293,0.000000,52
2677,24139671800814,20.368601,0.000000,52
2678,24139692169415,20.565709,0.000000,52
2679,24139712735124,20.306512,0.000000,52
2680,24139733041636,20.217165,0.000000,52
2681,24139753258801,21.353201,0.000000,52
2682,24139774612002,20.152159,0.000000,52
2683,24139794764161,20.599734,0.000000,52
2684,24139815363895,20.189877,0.000000,52
2685,24139835553772,22.491571,0.000000,52
2686,24139858045343,23.673796,0.000000,52
2687,24139881719139,23.659543,0.000000,52
2688,24139905378682,22.392448,0.000000,52
2689,24139927771130,20.465546,0.000000,52
2690,24139948236676,20.441236,0.000000,52
2691,24139968677912,20.687668,0.000000,52
2692,24139989365580,20.802232,0.000000,52
2693,24140010167812,20.681146,0.000000,52
2694,24140030848958,20.418398,0.000000,52
2695,24140051267356,20.402399,0.000000,52
2696,24140071669755,20.688128,0.000000,52
2697,24140092357883,31.128802,0.000000,52
2698,24140123486685,23.780332,0.000000,52
2699,24140147267017,23.384435,0.000000,52
2700,24140170651452,21.913945,0.000000,52
2701,24140192565397,20.726776,0.000000,52
2702,24140213292173,20.390644,0.000000,52
2703,24140233682817,20.556900,0.000000,52
2704,24140254239717,20.977405,0.000000,52
2705,24140275217122,21.146252,0.000000,52
2706,24140296363374,20.382384,0.000000,52
2707,24140316745758,20.630470,0.000000,53
2708,24140337376228,22.020468,0.000000,53
2709,24140359396696,26.549976,0.000000,53
2710,24140385946672,25.493858,0.000000,53
2711,24140411440530,24.127936,0.000000,53
2712,24140435568466,24.248121,0.000000,53
2713,24140459816587,21.908971,0.000000,53
2714,24140481725558,20.891504,0.000000,53
2715,24140502617062,21.219473,0.000000,53
2716,24140523836535,20.751129,0.000000,53
2717,24140544587664,21.335806,0.000000,53
2718,24140565923470,20.917024,0.000000,53
2719,24140586840494,22.497619,0.000000,53
2720,24140609338113,23.536511,0.000000,53
2721,24140632874624,23.485158,0.000000,53
2722,24140656359782,22.724436,0.000000,53
2723,24140679084218,20.643921,0.000000,53
2724,24140699728139,20.574881,0.000000,53
2725,24140720303020,20.884315,0.000000,53
2726,24140741187335,20.411829,0.000000,53
2727,24140761599164,20.580688,0.000000,53
2728,24140782179852,20.825438,0.000000,53
2729,24140803005290,20.749800,0.000000,53
2730,24140823755090,21.261743,0.000000,53
2731,24140845016833,23.602121,0.000000,53
2732,24140868618954,23.733105,0.000000,53
2733,24140892352059,23.935734,0.000000,53
2734,24140916287793,22.640567,0.000000,53
2735,24140938928360,21.348417,0.000000,53
2736,24140960276777,21.001955,0.000000,53
2737,24140981278732,21.160740,0.000000,53
2738,24141002439472,21.047909,0.000000,53
2739,24141023487381,20.508401,0.000000,53
2740,24141043995782,20.408101,0.000000,53
2741,24141064403883,20.444408,0.000000,53
2742,24141084848291,28.518201,0.000000,53
2743,24141113366492,45.008353,0.000000,53
2744,24141158374845,40.413448,0.000000,53
2745,24141198788293,34.901701,0.000000,53
2746,24141233689994,31.445753,0.000000,53
2747,24141265135747,34.203165,0.000000,53
2748,24141299338912,35.493121,0.000000,53
2749,24141334832033,37.510158,0.000000,53
2750,24141372342191,39.044671,0.000000,53
2751,24141411386862,38.197758,0.000000,53
2752,24141449584620,33.534775,0.000000,53
2753,24141483119395,28.744924,0.000000,53
2754,24141511864319,30.720980,0.000000,53
2755,24141542585299,29.294763,0.000000,53
2756,24141571880062,35.080995,0.000000,53
2757,24141606961057,35.731236,0.000000,53
2758,24141642692293,35.451446,0.000000,53
2759,24141678143739,33.781902,0.000000,53
2760,24141711925641,30.066275,0.000000,53
2761,24141741991916,30.577397,0.000000,53
2762,24141772569313,31.012154,0.000000,53
2763,24141803581467,28.263114,0.000000,53
2764,24141831844581,33.963428,0.000000,53
2765,24141865808009,38.263946,0.000000,53
2766,24141904071955,37.779129,0.000000,53
2767,24141941851084,29.488432,0.000000,53
2768,24141971339516,35.166852,0.000000,53
2769,24142006506368,29.772676,0.000000,53
2770,24142036279044,30.621225,0.000000,53
2771,24142066900269,33.234378,0.000000,53
2772,24142100134647,33.217366,0.000000,53
2773,24142133352013,33.197675,0.000000,53
2774,24142166549688,38.034424,0.000000,53
2775,24142204584112,34.117835,0.000000,53
2776,24142238701947,31.534505,0.000000,53
2777,24142270236452,29.843645,0.000000,53
2778,24142300080097,32.905592,0.000000,53
2779,24142332985689,33.418975,0.000000,53
2780,24142366404664,38.039565,0.000000,53
2781,24142404444229,37.608605,0.000000,53
2782,24142442052834,29.459720,0.000000,53
2783,24142471512554,35.548711,0.000000,53
2784,24142507061265,30.007025,0.000000,53
2785,24142537068290,36.542155,0.000000,53
2786,24142573610445,30.701112,0.000000,53
2787,24142604311557,35.349200,0.000000,53
2788,24142639660757,34.615558,0.000000,53
2789,24142674276315,32.300417,0.000000,53
2790,24142706576732,29.350130,0.000000,53
2791,24142735926862,29.431605,0.000000,53
2792,24142765358467,28.884131,0.000000,53
2793,24142794242598,33.243377,0.000000,53
2794,24142827485975,30.868749,0.000000,53
2795,24142858354724,47.209710,0.000000,53
2796,24142905564434,39.595132,0.000000,53
2797,24142945159566,30.460588,0.000000,53
2798,24142975620154,31.492566,0.000000,53
2799,24143007112720,26.420014,0.000000,53
2800,24143033532734,33.623382,0.000000,53
2801,24143067156116,31.242034,0.000000,53
2802,24143098398150,36.913618,0.000000,53
2803,24143135311768,32.166422,0.000000,53
2804,24143167478190,32.550223,0.000000,53
2805,24143200028413,30.669580,0.000000,53
2806,24143230697993,28.590006,0.000000,53
2807,24143259287999,29.752560,0.000000,53
2808,24143289040559,33.075695,0.000000,53
2809,24143322116254,31.172674,0.000000,53
2810,24143353288928,33.588116,0.000000,53
2811,24143386877044,33.712617,0.000000,53
2812,24143420589661,34.433157,0.000000,53
2813,24143455022818,30.005189,0.000000,53
2814,24143485028007,28.451347,0.000000,53
2815,24143513479354,29.080804,0.000000,53
2816,24143542560158,33.789602,0.000000,53
2817,24143576349760,30.232724,0.000000,53
2818,24143606582484,36.197301,0.000000,53
2819,24143642779785,33.594640,0.000000,53
2820,24143676374425,32.757480,0.000000,53
2821,24143709131905,29.100298,0.000000,53
2822,24143738232203,29.580017,0.000000,53
2823,24143767812220,28.551024,0.000000,53
2824,24143796363244,21.325383,0.000000,53
2825,24143817688627,21.531379,0.000000,53
2826,24143839220006,21.686495,0.000000,53
2827,24143860906501,23.767668,0.000000,53
2828,24143884674169,24.119765,0.000000,53
2829,24143908793934,26.642167,0.000000,53
2830,24143935436101,21.226507,0.000000,53
2831,24143956662608,21.157708,0.000000,53
2832,24143977820316,21.058468,0.000000,53
2833,24143998878784,21.825105,0.000000,53
2834,24144020703889,21.529393,0.000000,53
2835,24144042233282,21.634534,0.000000,53
2836,24144063867816,21.911962,0.000000,53
2837,24144085779778,21.461906,0.000000,53
2838,24144107241684,24.025145,0.000000,53
2839,24144131266829,23.531787,0.000000,53
2840,24144154798616,23.412080,0.000000,53
2841,24144178210696,21.720871,0.000000,53
2842,24144199931567,21.111908,0.000000,53
2843,24144221043475,21.808392,0.000000,53
2844,24144242851867,21.669367,0.000000,53
2845,24144264521234,21.590798,0.000000,53
2846,24144286112032,21.417721,0.000000,53
2847,24144307529753,21.498195,0.000000,53
2848,24144329027948,21.527655,0.000000,53
2849,24144350555603,24.072880,0.000000,53
2850,24144374628483,23.725778,0.000000,53
2851,24144398354261,23.833314,0.000000,53
2852,24144422187575,22.844894,0.000000,53
2853,24144445032469,21.337116,0.000000,53
2854,24144466369585,21.456681,0.000000,53
2855,24144487826266,21.238545,0.000000,53
2856,24144509064811,21.103481,0.000000,53
2857,24144530168292,21.275276,0.000000,53
2858,24144551443568,21.567146,0.000000,53
2859,24144573010714,21.596529,0.000000,53
2860,24144594607243,23.127876,0.000000,53
2861,24144617735119,23.512986,0.000000,53
2862,24144641248105,23.156292,0.000000,53
2863,24144664404397,23.539297,0.000000,53
2864,24144687943694,21.871803,0.000000,53
2865,24144709815497,23.155656,0.000000,53
2866,24144732971153,22.473626,0.000000,53
2867,24144755444779,22.413047,0.000000,53
2868,24144777857826,33.498818,0.000000,53
2869,24144811356644,24.118434,0.000000,53
2870,24144835475078,23.855424,0.000000,53
2871,24144859330502,26.813601,0.000000,53
2872,24144886144103,26.497580,0.000000,53
2873,24144912641683,23.803048,0.000000,53
2874,24144936444731,23.468442,0.000000,53
2875,24144959913173,22.383261,0.000000,53
2876,24144982296434,21.711199,0.000000,53
2877,24145004007633,22.417618,0.000000,53
2878,24145026425251,21.189880,0.000000,53
2879,24145047615131,21.218906,0.000000,53
2880,24145068834037,21.191507,0.000000,53
2881,24145090025544,22.064849,0.000000,53
2882,24145112090393,23.465527,0.000000,53
2883,24145135555920,23.477077,0.000000,53
2884,24145159032997,23.299205,0.000000,53
2885,24145182332202,22.678033,0.000000,53
2886,24145205010235,21.317049,0.000000,53
2887,24145226327284,22.125652,0.000000,53
2888,24145248452936,21.051370,0.000000,53
2889,24145269504306,21.753401,0.000000,53
2890,24145291257707,21.027778,0.000000,53
2891,24145312285485,21.138348,0.000000,53
2892,24145333423833,21.213925,0.000000,53
2893,24145354637758,24.867959,0.000000,53
2894,24145379505717,24.612592,0.000000,53
2895,24145404118309,25.875252,0.000000,53
2896,24145429993561,24.425081,0.000000,53
2897,24145454418642,21.769737,0.000000,53
2898,24145476188379,21.454502,0.000000,53
2899,24145497642881,22.685569,0.000000,53
2900,24145520328450,21.324088,0.000000,53
2901,24145541652538,21.290652,0.000000,53
2902,24145562943190,20.952485,0.000000,53
2903,24145583895675,21.971839,0.000000,53
2904,24145605867514,23.498745,0.000000,53
2905,24145629366259,23.948095,0.000000,53
2906,24145653314354,23.554400,0.000000,53
2907,24145676868754,23.171375,0.000000,53
2908,24145700040129,21.199989,0.000000,53
2909,24145721240118,21.693537,0.000000,53
2910,24145742933655,21.024569,0.000000,53
2911,24145763958224,21.378024,0.000000,53
2912,24145785336248,29.058478,0.000000,53
2913,24145814394726,21.139398,0.000000,53
2914,24145835534124,21.714787,0.000000,53
2915,24145857248911,23.997839,0.000000,53
2916,24145881246750,24.853052,0.000000,53
2917,24145906099802,26.419542,0.000000,53
2918,24145932519344,22.200479,0.000000,53
2919,24145954719823,21.537480,0.000000,53
2920,24145976257303,21.345640,0.000000,53
2921,24145997602943,20.916840,0.000000,53
2922,24146018519783,23.340531,0.000000,53
2923,24146041860314,25.995563,0.000000,53
2924,24146067855877,24.807638,0.000000,53
2925,24146092663515,22.367664,0.000000,53
2926,24146115031179,23.033740,0.000000,53
2927,24146138064919,23.208064,0.000000,53
2928,24146161272983,23.621221,0.000000,53
2929,24146184894204,21.098972,0.000000,53
2930,24146205993176,21.373143,0.000000,53
2931,24146227366319,21.527634,0.000000,53
2932,24146248893953,21.424505,0.000000,53
2933,24146270318458,21.240377,0.000000,53
2934,24146291558835,21.903026,0.000000,53
2935,24146313461861,21.237343,0.000000,53
2936,24146334699204,21.511780,0.000000,53
2937,24146356210984,24.590335,0.000000,53
2938,24146380801319,24.236284,0.000000,53
2939,24146405037603,23.810851,0.000000,53
2940,24146428848454,22.698382,0.000000,53
2941,24146451546836,21.421718,0.000000,53
2942,24146472968554,21.334875,0.000000,53
2943,24146494303429,21.389323,0.000000,53
2944,24146515692752,20.808713,0.000000,53
2945,24146536501465,21.045876,0.000000,53
2946,24146557547341,21.600666,0.000000,53
2947,24146579148007,21.386699,0.000000,53
2948,24146600534706,23.825253,0.000000,53
2949,24146624359959,23.970478,0.000000,53
2950,24146648330437,23.561101,0.000000,53
2951,24146671891538,23.641810,0.000000,53
2952,24146695533348,21.657493,0.000000,53
2953,24146717190841,21.111714,0.000000,53
2954,24146738302555,20.719943,0.000000,53
2955,24146759022498,21.381993,0.000000,53
2956,24146780404491,45.033535,0.000000,53
2957,24146825438026,32.578882,0.000000,53
2958,24146858016908,39.041137,0.000000,53
2959,24146897058045,38.623036,0.000000,53
2960,24146935681081,32.346032,0.000000,53
2961,24146968027113,30.689142,0.000000,53
2962,24146998716255,32.138229,0.000000,53
2963,24147030854484,34.406339,0.000000,53
2964,24147065260823,30.961006,0.000000,53
2965,24147096221829,38.946992,0.000000,53
2966,24147135168821,39.631154,0.000000,53
2967,24147174799975,37.628735,0.000000,53
2968,24147212428710,31.853773,0.000000,53
2969,24147244282483,37.547593,0.000000,53
2970,24147281830076,28.972093,0.000000,53
2971,24147310802169,32.881534,0.000000,53
2972,24147343683703,39.876211,0.000000,53
2973,24147383559914,36.852205,0.000000,53
2974,24147420412119,36.544484,0.000000,53
2975,24147456956603,34.654981,0.000000,53
2976,24147491611584,30.831924,0.000000,53
2977,24147522443508,33.917205,0.000000,53
2978,24147556360713,31.367599,0.000000,53
2979,24147587728312,33.029755,0.000000,53
2980,24147620758067,37.375497,0.000000,53
2981,24147658133564,42.704941,0.000000,53
2982,24147700838505,35.086031,0.000000,53
2983,24147735924536,34.323691,0.000000,53
2984,24147770248227,29.151306,0.000000,53
2985,24147799399533,32.099577,0.000000,53
2986,24147831499110,31.122517,0.000000,53
2987,24147862621627,40.456199,0.000000,53
2988,24147903077826,37.307703,0.000000,53
2989,24147940385529,30.151843,0.000000,53
2990,24147970537372,32.236483,0.000000,53
2991,24148002773855,29.770664,0.000000,53
2992,24148032544519,30.333392,0.000000,53
2993,24148062877911,31.891230,0.000000,53
2994,24148094769141,33.294279,0.000000,53
2995,24148128063420,32.364121,0.000000,53
2996,24148160427541,34.989719,0.000000,53
2997,24148195417260,38.141939,0.000000,53
2998,24148233559199,39.639925,0.000000,53
2999,24148273199124,36.758814,0.000000,53
3000,24148309957938,30.538041,0.000000,53
3001,24148340495979,33.861553,0.000000,53
3002,24148374357532,45.531646,0.000000,53
3003,24148419889178,33.148677,0.000000,53
3004,24148453037855,27.007203,0.000000,53
3005,24148480045058,32.885584,0.000000,53
3006,24148512930642,35.076617,0.000000,53
3007,24148548007259,27.706034,0.000000,53
3008,24148575713293,30.291299,0.000000,53
3009,24148606004592,32.510415,0.000000,53
3010,24148638515007,33.344755,0.000000,53
3011,24148671859762,31.529726,0.000000,53
3012,24148703389488,28.790667,0.000000,53
3013,24148732180155,34.887187,0.000000,53
3014,24148767067342,36.500439,0.000000,53
3015,24148803567781,30.101745,0.000000,53
3016,24148833669526,26.732957,0.000000,53
3017,24148860402483,36.581249,0.000000,53
3018,24148896983732,37.006452,0.000000,53
3019,24148933990184,30.378834,0.000000,53
3020,24148964369018,32.017156,0.000000,53
3021,24148996386174,29.471496,0.000000,53
3022,24149025857670,30.245210,0.000000,53
3023,24149056102880,30.087651,0.000000,53
3024,24149086190531,32.037211,0.000000,53
3025,24149118227742,33.799708,0.000000,53
3026,24149152027450,36.666463,0.000000,53
3027,24149188693913,29.574747,0.000000,53
3028,24149218268660,28.664358,0.000000,53
3029,24149246933018,32.839513,0.000000,53
3030,24149279772531,30.028752,0.000000,53
3031,24149309801283,33.106306,0.000000,53
3032,24149342907589,30.852699,0.000000,53
3033,24149373760288,34.175451,0.000000,53
3034,24149407935739,35.125986,0.000000,53
3035,24149443061725,29.672206,0.000000,53
3036,24149472733931,31.782782,0.000000,53
3037,24149504516713,36.128496,0.000000,53
3038,24149540645209,29.365721,0.000000,53
3039,24149570010930,21.866427,0.000000,53
3040,24149591877357,21.552145,0.000000,53
3041,24149613429502,23.748157,0.000000,53
3042,24149637177659,23.053982,0.000000,53
3043,24149660231641,23.691387,0.000000,54
3044,24149683923028,22.503137,0.000000,54
3045,24149706426165,21.003961,0.000000,54
3046,24149727430126,22.776261,0.000000,54
3047,24149750206387,19.891054,0.000000,54
3048,24149770097441,20.986642,0.000000,54
3049,24149791084083,20.923232,0.000000,54
3050,24149812007315,20.777406,0.000000,54
3051,24149832784721,20.526009,0.000000,54
3052,24149853310730,23.480252,0.000000,54
3053,24149876790982,23.751096,0.000000,54
3054,24149900542078,23.162779,0.000000,54
3055,24149923704857,22.500212,0.000000,54
3056,24149946205069,21.023505,0.000000,54
3057,24149967228574,21.224133,0.000000,54
3058,24149988452707,20.675140,0.000000,54
3059,24150009127847,21.595384,0.000000,54
3060,24150030723231,20.802534,0.000000,54
3061,24150051525765,20.930679,0.000000,54
3062,24150072456444,20.832009,0.000000,54
3063,24150093288453,21.664704,0.000000,54
3064,24150114953157,23.265799,0.000000,54
3065,24150138218956,23.706255,0.000000,54
3066,24150161925211,23.321817,0.000000,54
3067,24150185247028,20.616758,0.000000,54
3068,24150205863786,20.716059,0.000000,54
3069,24150226579845,20.404346,0.000000,54
3070,24150246984191,20.701019,0.000000,54
3071,24150267685210,20.922528,0.000000,54
3072,24150288607738,20.824409,0.000000,54
3073,24150309432147,20.846110,0.000000,54
3074,24150330278257,20.585974,0.000000,54
3075,24150350864231,23.088576,0.000000,54
3076,24150373952807,23.013605,0.000000,54
3077,24150396966412,22.867617,0.000000,54
3078,24150419834029,22.803318,0.000000,54
3079,24150442637347,20.637125,0.000000,54
3080,24150463274472,20.412738,0.000000,54
3081,24150483687210,20.691958,0.000000,54
3082,24150504379168,20.619219,0.000000,54
3083,24150524998387,20.402259,0.000000,54
3084,24150545400646,28.573463,0.000000,54
3085,24150573974109,20.991342,0.000000,54
3086,24150594965451,21.509946,0.000000,54
3087,24150616475397,23.109016,0.000000,54
3088,24150639584413,22.996291,0.000000,54
3089,24150662580704,23.119771,0.000000,54
3090,24150685700475,21.373926,0.000000,54
3091,24150707074401,20.607752,0.000000,54
3092,24150727682153,20.660982,0.000000,54
3093,24150748343135,20.569580,0.000000,54
3094,24150768912715,20.504733,0.000000,54
3095,24150789417448,20.592731,0.000000,54
3096,24150810010179,23.659248,0.000000,54
3097,24150833669427,20.950576,0.000000,54
3098,24150854620003,23.526460,0.000000,54
3099,24150878146463,23.696293,0.000000,54
3100,24150901842756,25.866210,0.000000,54
3101,24150927708966,22.867143,0.000000,54
3102,24150950576109,20.415306,0.000000,54
3103,24150970991415,20.495224,0.000000,54
3104,24150991486639,21.088245,0.000000,54
3105,24151012574884,20.787558,0.000000,54
3106,24151033362442,21.522462,0.000000,54
3107,24151054884904,20.156856,0.000000,54
3108,24151075041760,21.104663,0.000000,54
3109,24151096146423,22.136117,0.000000,54
3110,24151118282540,23.324348,0.000000,54
3111,24151141606888,23.199572,0.000000,54
3112,24151164806460,22.572307,0.000000,54
3113,24151187378767,22.596472,0.000000,54
3114,24151209975239,21.122943,0.000000,54
3115,24151231098182,20.462351,0.000000,54
3116,24151251560533,20.636365,0.000000,54
3117,24151272196898,20.791457,0.000000,54
3118,24151292988355,20.516586,0.000000,54
3119,24151313504941,20.644248,0.000000,54
3120,24151334149189,20.949804,0.000000,54
3121,24151355098993,23.468871,0.000000,54
3122,24151378567864,22.979116,0.000000,54
3123,24151401546980,22.937666,0.000000,54
3124,24151424484646,21.985426,0.000000,54
3125,24151446470072,21.059120,0.000000,54
3126,24151467529192,20.655325,0.000000,54
3127,24151488184517,21.007081,0.000000,54
3128,24151509191598,20.698756,0.000000,54
3129,24151529890354,20.705711,0.000000,54
3130,24151550596065,46.380248,0.000000,54
3131,24151596976313,37.986216,0.000000,54
3132,24151634962529,39.826759,0.000000,54
3133,24151674789288,34.942308,0.000000,54
3134,24151709731596,28.533212,0.000000,54
3135,24151738264808,29.335261,0.000000,54
3136,24151767600069,32.553542,0.000000,54
3137,24151800153611,30.117603,0.000000,54
3138,24151830271214,30.739965,0.000000,54
3139,24151861011179,34.804619,0.000000,54
3140,24151895815798,36.812069,0.000000,54
3141,24151932627867,34.032110,0.000000,54
3142,24151966659977,33.833950,0.000000,54
3143,24152000493927,33.730311,0.000000,54
3144,24152034224238,30.030617,0.000000,54
3145,24152064254855,35.462187,0.000000,54
3146,24152099717042,37.264970,0.000000,54
3147,24152136982012,36.998743,0.000000,54
3148,24152173980755,33.486837,0.000000,54
3149,24152207467592,29.986500,0.000000,54
3150,24152237454092,34.094071,0.000000,54
3151,24152271548163,30.054786,0.000000,54
3152,24152301602949,34.418236,0.000000,54
3153,24152336021185,27.846988,0.000000,54
3154,24152363868173,35.257503,0.000000,54
3155,24152399125676,36.898236,0.000000,54
3156,24152436023912,35.886572,0.000000,54
3157,24152471910484,29.457739,0.000000,54
3158,24152501368223,34.089853,0.000000,54
3159,24152535458076,28.421075,0.000000,54
3160,24152563879151,31.366349,0.000000,54
3161,24152595245500,34.444114,0.000000,54
3162,24152629689614,37.033122,0.000000,54
3163,24152666722736,38.700079,0.000000,54
3164,24152705422815,29.706137,0.000000,54
3165,24152735128952,29.740575,0.000000,54
3166,24152764869527,32.300291,0.000000,54
3167,24152797169818,30.897326,0.000000,54
3168,24152828067144,30.248176,0.000000,54
3169,24152858315320,38.951886,0.000000,54
3170,24152897267206,39.801074,0.000000,54
3171,24152937068280,33.678410,0.000000,54
3172,24152970746690,29.250838,0.000000,54
3173,24152999997528,35.566755,0.000000,54
3174,24153035564283,29.022119,0.000000,54
3175,24153064586402,31.754794,0.000000,54
3176,24153096341196,35.469562,0.000000,54
3177,24153131810758,32.486469,0.000000,54
3178,24153164297227,40.192515,0.000000,54
3179,24153204489742,33.584248,0.000000,54
3180,24153238073990,28.044945,0.000000,54
3181,24153266118935,31.494000,0.000000,54
3182,24153297612935,32.298843,0.000000,54
3183,24153329911778,29.393001,0.000000,54
3184,24153359304779,34.551632,0.000000,54
3185,24153393856411,36.613942,0.000000,54
3186,24153430470353,35.444181,0.000000,54
3187,24153465914534,30.981549,0.000000,54
3188,24153496896083,30.108823,0.000000,54
3189,24153527004906,34.162203,0.000000,54
3190,24153561167109,31.274931,0.000000,54
3191,24153592442040,34.719288,0.000000,54
3192,24153627161328,36.339457,0.000000,54
3193,24153663500785,33.641455,0.000000,54
3194,24153697142240,33.649889,0.000000,54
3195,24153730792129,33.717548,0.000000,54
3196,24153764509677,37.256550,0.000000,54
3197,24153801766227,32.802658,0.000000,54
3198,24153834568885,38.858348,0.000000,54
3199,24153873427233,38.594669,0.000000,54
3200,24153912021902,39.443197,0.000000,54
3201,24153951465099,34.045088,0.000000,54
3202,24153985510187,30.470103,0.000000,54
3203,24154015980290,31.664144,0.000000,54
3204,24154047644434,28.793747,0.000000,54
3205,24154076438181,28.972542,0.000000,54
3206,24154105410723,32.889723,0.000000,54
3207,24154138300446,34.603561,0.000000,54
3208,24154172904007,32.285360,0.000000,54
3209,24154205189367,28.870666,0.000000,54
3210,24154234060033,32.320761,0.000000,54
3211,24154266380794,29.738726,0.000000,54
3212,24154296119520,30.897657,0.000000,54
3213,24154327017177,28.872078,0.000000,54
3214,24154355889255,35.135226,0.000000,54
3215,24154391024481,39.948580,0.000000,54
3216,24154430973061,34.068648,0.000000,54
3217,24154465041709,29.171869,0.000000,54
3218,24154494213578,29.807598,0.000000,54
3219,24154524021176,34.122853,0.000000,54
3220,24154558144029,30.016197,0.000000,54
3221,24154588160226,30.865551,0.000000,54
3222,24154619025777,34.669863,0.000000,54
3223,24154653695640,34.810117,0.000000,54
3224,24154688505757,33.395692,0.000000,54
3225,24154721901449,28.268734,0.000000,54
3226,24154750170183,29.901480,0.000000,54
3227,24154780071663,30.365752,0.000000,54
3228,24154810437415,33.062582,0.000000,54
3229,24154843499997,31.759001,0.000000,54
3230,24154875258998,38.101403,0.000000,54
3231,24154913360401,30.105543,0.000000,54
3232,24154943465944,32.134265,0.000000,54
3233,24154975600209,29.966854,0.000000,54
3234,24155005567063,29.992316,0.000000,54
3235,24155035559379,29.710944,0.000000,54
3236,24155065270323,33.320269,0.000000,54
3237,24155098590592,37.867428,0.000000,54
3238,24155136458020,43.055914,0.000000,54
3239,24155179513934,35.554835,0.000000,54
3240,24155215068769,28.021208,0.000000,54
3241,24155243089977,29.699664,0.000000,54
3242,24155272789641,30.843913,0.000000,54
3243,24155303633554,29.180018,0.000000,54
3244,24155332813572,22.328429,0.000000,54
3245,24155355142001,23.820713,0.000000,54
3246,24155378962714,23.996912,0.000000,54
3247,24155402959626,24.341425,0.000000,54
3248,24155427301051,23.353026,0.000000,54
3249,24155450654077,21.952037,0.000000,54
3250,24155472606114,21.707890,0.000000,54
3251,24155494314004,21.879070,0.000000,54
3252,24155516193074,21.535349,0.000000,54
3253,24155537728423,21.616059,0.000000,54
3254,24155559344482,21.742674,0.000000,54
3255,24155581087156,21.454606,0.000000,54
3256,24155602541762,24.145045,0.000000,54
3257,24155626686807,25.614468,0.000000,54
3258,24155652301275,24.532463,0.000000,54
3259,24155676833738,23.795362,0.000000,54
3260,24155700629100,23.184648,0.000000,54
3261,24155723813748,21.606948,0.000000,54
3262,24155745420696,21.695621,0.000000,54
3263,24155767116317,21.470592,0.000000,54
3264,24155788586909,22.043946,0.000000,54
3265,24155810630855,21.654124,0.000000,54
3266,24155832284979,23.281697,0.000000,54
3267,24155855566676,24.536031,0.000000,54
3268,24155880102707,24.854943,0.000000,54
3269,24155904957650,24.906358,0.000000,54
3270,24155929864008,23.057023,0.000000,54
3271,24155952921031,21.781970,0.000000,54
3272,24155974703001,21.647562,0.000000,54
3273,24155996350563,21.454180,0.000000,54
3274,24156017804743,21.727286,0.000000,54
3275,24156039532029,21.750223,0.000000,54
3276,24156061282252,21.611866,0.000000,54
3277,24156082894118,21.681813,0.000000,54
3278,24156104575931,23.922446,0.000000,54
3279,24156128498377,24.365328,0.000000,54
3280,24156152863705,24.756195,0.000000,54
3281,24156177619900,22.059965,0.000000,54
3282,24156199679865,21.552800,0.000000,54
3283,24156221232665,21.960423,0.000000,54
3284,24156243193088,22.054235,0.000000,54
3285,24156265247323,21.910484,0.000000,54
3286,24156287157807,21.743170,0.000000,54
3287,24156308900977,27.963284,0.000000,54
3288,24156336864261,21.940904,0.000000,54
3289,24156358805165,25.052113,0.000000,54
3290,24156383857278,24.697133,0.000000,54
3291,24156408554411,23.991698,0.000000,54
3292,24156432546109,22.531449,0.000000,54
3293,24156455077558,21.863669,0.000000,54
3294,24156476941227,22.125273,0.000000,54
3295,24156499066500,21.799164,0.000000,54
3296,24156520865664,22.324347,0.000000,54
3297,24156543190011,21.613568,0.000000,54
3298,24156564803579,21.695830,0.000000,54
3299,24156586499409,21.964090,0.000000,54
3300,24156608463499,24.321247,0.000000,54
3301,24156632784746,24.236776,0.000000,54
3302,24156657021522,24.051224,0.000000,54
3303,24156681072746,23.385682,0.000000,54
3304,24156704458428,21.997995,0.000000,54
3305,24156726456423,22.019744,0.000000,54
3306,24156748476167,21.907790,0.000000,54
3307,24156770383957,21.603298,0.000000,54
3308,24156791987255,21.891812,0.000000,54
3309,24156813879067,22.210847,0.000000,54
3310,24156836089914,21.757416,0.000000,54
3311,24156857847330,24.856096,0.000000,54
3312,24156882703426,24.151193,0.000000,54
3313,24156906854619,24.015925,0.000000,54
3314,24156930870544,25.371289,0.000000,54
3315,24156956241833,22.438956,0.000000,54
3316,24156978680789,21.923357,0.000000,54
3317,24157000604146,22.211347,0.000000,54
3318,24157022815493,22.479766,0.000000,54
3319,24157045295259,21.933497,0.000000,54
3320,24157067228756,21.807718,0.000000,54
3321,24157089036474,22.472266,0.000000,54
3322,24157111508740,24.901481,0.000000,54
3323,24157136410221,25.994079,0.000000,54
3324,24157162404300,23.773377,0.000000,54
3325,24157186177677,23.623817,0.000000,54
3326,24157209801494,22.198911,0.000000,54
3327,24157232000405,22.504949,0.000000,54
3328,24157254505354,21.945131,0.000000,54
3329,24157276450485,22.024749,0.000000,54
3330,24157298475234,22.084731,0.000000,54
3331,24157320559965,50.626157,0.000000,54
3332,24157371186122,40.533017,0.000000,54
3333,24157411719139,39.594506,0.000000,54
3334,24157451313645,33.067099,0.000000,54
3335,24157484380744,35.302607,0.000000,54
3336,24157519683351,32.197752,0.000000,54
3337,24157551881103,37.664220,0.000000,54
3338,24157589545323,38.240489,0.000000,54
3339,24157627785812,38.040070,0.000000,54
3340,24157665825882,37.211818,0.000000,54
3341,24157703037700,30.579802,0.000000,54
3342,24157733617502,31.142645,0.000000,54
3343,24157764760147,33.290395,0.000000,54
3344,24157798050542,30.375891,0.000000,54
3345,24157828426433,30.242245,0.000000,54
3346,24157858668678,36.374884,0.000000,54
3347,24157895043562,36.865782,0.000000,54
3348,24157931909344,33.786087,0.000000,54
3349,24157965695431,31.515620,0.000000,54
3350,24157997211051,29.401471,0.000000,54
3351,24158026612522,31.441349,0.000000,54
3352,24158058053871,32.650342,0.000000,54
3353,24158090704213,31.572102,0.000000,54
3354,24158122276315,37.790024,0.000000,54
3355,24158160066339,33.232695,0.000000,54
3356,24158193299034,34.166412,0.000000,54
3357,24158227465446,31.760360,0.000000,54
3358,24158259225806,30.338859,0.000000,54
3359,24158289564665,31.114423,0.000000,54
3360,24158320679088,30.847676,0.000000,54
3361,24158351526764,33.638756,0.000000,54
3362,24158385165520,36.004514,0.000000,54
3363,24158421170034,35.579376,0.000000,54
3364,24158456749410,31.984966,0.000000,54
3365,24158488734376,30.660625,0.000000,54
3366,24158519395001,30.932514,0.000000,54
3367,24158550327515,30.937060,0.000000,54
3368,24158581264575,35.718338,0.000000,54
3369,24158616982913,33.639888,0.000000,54
3370,24158650622801,38.187876,0.000000,54
3371,24158688810677,35.270149,0.000000,54
3372,24158724080826,31.091328,0.000000,54
3373,24158755172154,33.318912,0.000000,54
3374,24158788491066,29.965130,0.000000,54
3375,24158818456196,31.277740,0.000000,54
3376,24158849733936,35.367678,0.000000,54
3377,24158885101614,37.904294,0.000000,54
3378,24158923005908,28.895217,0.000000,54
3379,24158951901125,25.613583,0.000000,54
3380,24158977514708,22.939110,0.000000,54
3381,24159000453818,22.609162,0.000000,54
3382,24159023062980,22.857468,0.000000,54
3383,24159045920448,22.764924,0.000000,54
3384,24159068685372,22.326084,0.000000,55
3385,24159091011456,23.766708,0.000000,55
3386,24159114778164,25.250938,0.000000,55
3387,24159140029102,26.557293,0.000000,55
3388,24159166586395,21.475614,0.000000,55
3389,24159188062009,22.458402,0.000000,55
3390,24159210520411,22.496754,0.000000,55
3391,24159233017165,22.674566,0.000000,55
3392,24159255691731,22.529987,0.000000,55
3393,24159278221718,22.561952,0.000000,55
3394,24159300783670,22.274791,0.000000,55
3395,24159323058461,22.708421,0.000000,55
3396,24159345766882,23.279242,0.000000,55
3397,24159369046124,25.282109,0.000000,55
3398,24159394328233,25.394611,0.000000,55
3399,24159419722844,24.824598,0.000000,55
3400,24159444547442,22.454380,0.000000,55
3401,24159467001822,23.128041,0.000000,55
3402,24159490129863,22.452088,0.000000,55
3403,24159512581951,22.573439,0.000000,55
3404,24159535155390,22.977384,0.000000,55
3405,24159558132774,22.630693,0.000000,55
3406,24159580763467,23.553567,0.000000,55
3407,24159604317034,23.675603,0.000000,55
3408,24159627992637,25.424708,0.000000,55
3409,24159653417345,25.623934,0.000000,55
3410,24159679041279,24.836636,0.000000,55
3411,24159703877915,24.251131,0.000000,55
3412,24159728129046,23.817660,0.000000,55
3413,24159751946706,23.153696,0.000000,55
3414,24159775100402,22.306912,0.000000,55
3415,24159797407314,22.297847,0.000000,55
3416,24159819705161,23.110107,0.000000,55
3417,24159842815268,22.719822,0.000000,55
3418,24159865535090,25.867404,0.000000,55
3419,24159891402494,25.565100,0.000000,55
3420,24159916967594,32.274658,0.000000,55
3421,24159949242252,23.230900,0.000000,55
3422,24159972473152,22.843520,0.000000,55
3423,24159995316672,22.685056,0.000000,55
3424,24160018001728,22.558316,0.000000,55
3425,24160040560044,22.517931,0.000000,55
3426,24160063077975,22.520881,0.000000,55
3427,24160085598856,22.527160,0.000000,55
3428,24160108126016,25.282668,0.000000,55
3429,24160133408684,25.294041,0.000000,55
3430,24160158702725,24.935645,0.000000,55
3431,24160183638370,25.056139,0.000000,55
3432,24160208694509,22.515347,0.000000,55
3433,24160231209856,22.757081,0.000000,55
3434,24160253966937,22.621970,0.000000,55
3435,24160276588907,22.725436,0.000000,55
3436,24160299314343,22.707347,0.000000,55
3437,24160322021690,22.566259,0.000000,55
3438,24160344587949,22.993644,0.000000,55
3439,24160367581593,25.358095,0.000000,55
3440,24160392939688,25.370837,0.000000,55
3441,24160418310525,25.918906,0.000000,55
3442,24160444229431,23.021232,0.000000,55
3443,24160467250663,22.481975,0.000000,55
3444,24160489732638,22.739580,0.000000,55
3445,24160512472218,24.013610,0.000000,55
3446,24160536485828,23.364330,0.000000,55
3447,24160559850158,21.747401,0.000000,55
3448,24160581597559,28.992426,0.000000,55
3449,24160610589985,31.504606,0.000000,55
3450,24160642094591,27.407848,0.000000,55
3451,24160669502439,25.581783,0.000000,55
3452,24160695084222,23.183642,0.000000,55
3453,24160718267864,22.769638,0.000000,55
3454,24160741037502,22.678213,0.000000,55
3455,24160763715715,22.775224,0.000000,55
3456,24160786490939,23.213776,0.000000,55
3457,24160809704715,22.598798,0.000000,55
3458,24160832303513,23.205465,0.000000,55
3459,24160855508978,24.658221,0.000000,55
3460,24160880167199,25.549310,0.000000,55
3461,24160905716509,37.355348,0.000000,55
3462,24160943071857,36.215338,0.000000,55
3463,24160979287195,34.424010,0.000000,55
3464,24161013711205,35.274622,0.000000,55
3465,24161048985827,38.252493,0.000000,55
3466,24161087238320,35.581084,0.000000,55
3467,24161122819404,39.246918,0.000000,55
3468,24161162066322,40.557189,0.000000,55
3469,24161202623511,35.486086,0.000000,55
3470,24161238109597,34.985409,0.000000,55
3471,24161273095006,34.086879,0.000000,55
3472,24161307181885,36.907493,0.000000,55
3473,24161344089378,42.036023,0.000000,55
3474,24161386125401,41.738203,0.000000,55
3475,24161427863604,42.400948,0.000000,55
3476,24161470264552,34.724582,0.000000,55
3477,24161504989134,34.073540,0.000000,55
3478,24161539062674,32.856192,0.000000,55
3479,24161571918866,36.659331,0.000000,55
3480,24161608578197,38.330460,0.000000,55
3481,24161646908657,39.802478,0.000000,55
3482,24161686711135,34.904246,0.000000,55
3483,24161721615381,38.941506,0.000000,55
3484,24161760556887,35.229168,0.000000,55
3485,24161795786055,33.725483,0.000000,55
3486,24161829511538,37.906917,0.000000,55
3487,24161867418455,41.960112,0.000000,55
3488,24161909378567,40.904312,0.000000,55
3489,24161950282879,33.863617,0.000000,55
3490,24161984146496,33.699686,0.000000,55
3491,24162017846182,38.451062,0.000000,55
3492,24162056297244,34.817569,0.000000,55
3493,24162091114813,32.512653,0.000000,55
3494,24162123627466,38.887910,0.000000,55
3495,24162162515376,36.844319,0.000000,55
3496,24162199359695,34.040746,0.000000,55
3497,24162233400441,36.394107,0.000000,55
3498,24162269794548,36.223737,0.000000,55
3499,24162306018285,35.201488,0.000000,55
3500,24162341219773,32.943003,0.000000,55
3501,24162374162776,36.738284,0.000000,55
3502,24162410901060,42.319900,0.000000,55
3503,24162453220960,32.238079,0.000000,55
3504,24162485459039,34.037335,0.000000,55
3505,24162519496374,31.755150,0.000000,55
3506,24162551251524,37.070260,0.000000,55
3507,24162588321784,33.929765,0.000000,55
3508,24162622251549,37.615193,0.000000,55
3509,24162659866742,48.284494,0.000000,55
3510,24162708151236,33.787027,0.000000,55
3511,24162741938263,34.170057,0.000000,55
3512,24162776108320,33.098532,0.000000,55
3513,24162809206852,35.732262,0.000000,55
3514,24162844939114,35.084311,0.000000,55
3515,24162880023425,38.050705,0.000000,55
3516,24162918074130,34.672687,0.000000,55
3517,24162952746817,29.787079,0.000000,55
3518,24162982533896,34.280664,0.000000,55
3519,24163016814560,30.291409,0.000000,55
3520,24163047105969,31.688554,0.000000,55
3521,24163078794523,35.480114,0.000000,55
3522,24163114274637,37.888984,0.000000,55
3523,24163152163621,36.798501,0.000000,55
3524,24163188962122,34.130419,0.000000,55
3525,24163223092541,34.765746,0.000000,55
3526,24163257858287,31.823393,0.000000,55
3527,24163289681680,34.527979,0.000000,55
3528,24163324209659,31.098645,0.000000,55
3529,24163355308304,38.272197,0.000000,55
3530,24163393580501,38.873312,0.000000,55
3531,24163432453813,36.677386,0.000000,55
3532,24163469131199,29.664055,0.000000,55
3533,24163498795254,30.906270,0.000000,55
3534,24163529701524,32.921535,0.000000,55
3535,24163562623059,31.551541,0.000000,55
3536,24163594174600,24.636172,0.000000,55
3537,24163618810772,30.417767,0.000000,55
3538,24163649228539,30.400806,0.000000,55
3539,24163679629345,29.228596,0.000000,55
3540,24163708857941,28.575204,0.000000,55
3541,24163737433145,23.827054,0.000000,55
3542,24163761260199,23.464869,0.000000,55
3543,24163784725068,23.750720,0.000000,55
3544,24163808475788,23.289922,0.000000,55
3545,24163831765710,23.617493,0.000000,55
3546,24163855383203,25.344099,0.000000,55
3547,24163880727302,26.959277,0.000000,55
3548,24163907686579,26.322680,0.000000,55
3549,24163934009259,26.183318,0.000000,55
3550,24163960192577,23.777199,0.000000,55
3551,24163983969776,24.375299,0.000000,55
3552,24164008345075,23.809264,0.000000,55
3553,24164032154339,23.760347,0.000000,55
3554,24164055914686,23.457212,0.000000,55
3555,24164079371898,25.940311,0.000000,55
3556,24164105312209,25.840968,0.000000,55
3557,24164131153177,28.398401,0.000000,55
3558,24164159551578,26.573410,0.000000,55
3559,24164186124988,25.605220,0.000000,55
3560,24164211730208,23.312997,0.000000,55
3561,24164235043205,23.309964,0.000000,55
3562,24164258353169,23.464192,0.000000,55
3563,24164281817361,23.743041,0.000000,55
3564,24164305560402,23.566130,0.000000,55
3565,24164329126532,23.300624,0.000000,55
3566,24164352427156,24.196236,0.000000,55
3567,24164376623392,26.133245,0.000000,55
3568,24164402756637,26.836233,0.000000,55
3569,24164429592870,25.934906,0.000000,55
3570,24164455527776,23.867306,0.000000,55
3571,24164479395082,23.820898,0.000000,55
3572,24164503215980,23.433883,0.000000,55
3573,24164526649863,23.647252,0.000000,55
3574,24164550297115,23.540917,0.000000,55
3575,24164573838032,28.576742,0.000000,55
3576,24164602414774,26.796905,0.000000,55
3577,24164629211679,25.873625,0.000000,55
3578,24164655085304,26.886851,0.000000,55
3579,24164681972155,25.143592,0.000000,55
3580,24164707115747,24.201782,0.000000,55
3581,24164731317529,23.960114,0.000000,55
3582,24164755277643,23.495689,0.000000,55
3583,24164778773332,23.647611,0.000000,55
3584,24164802420943,23.274443,0.000000,55
3585,24164825695386,23.373679,0.000000,55
3586,24164849069065,23.762416,0.000000,55
3587,24164872831481,27.046479,0.000000,55
3588,24164899877960,26.414128,0.000000,55
3589,24164926292088,27.111821,0.000000,55
3590,24164953403909,23.864788,0.000000,55
3591,24164977268697,23.409171,0.000000,55
3592,24165000677868,23.142109,0.000000,55
3593,24165023819977,23.518931,0.000000,55
3594,24165047338908,23.302494,0.000000,55
3595,24165070641402,23.614107,0.000000,55
3596,24165094255509,24.516370,0.000000,55
3597,24165118771879,25.894139,0.000000,55
3598,24165144666018,25.745034,0.000000,55
3599,24165170411052,25.739419,0.000000,55
3600,24165196150471,24.643785,0.000000,55
3601,24165220794256,23.399531,0.000000,55
3602,24165244193787,23.435214,0.000000,55
3603,24165267629001,23.214582,0.000000,55
3604,24165290843583,24.047204,0.000000,55
3605,24165314890787,23.884686,0.000000,55
3606,24165338775473,23.422016,0.000000,55
3607,24165362197489,26.150231,0.000000,55
3608,24165388347720,26.351564,0.000000,55
3609,24165414699284,26.133010,0.000000,55
3610,24165440832294,25.298272,0.000000,55
3611,24165466130566,23.806973,0.000000,55
3612,24165489937539,23.214074,0.000000,55
3613,24165513151613,23.125885,0.000000,55
3614,24165536277498,23.548902,0.000000,55
3615,24165559826400,24.322764,0.000000,55
3616,24165584149164,32.200586,0.000000,55
3617,24165616349750,26.476810,0.000000,55
3618,24165642826560,25.480179,0.000000,55
3619,24165668306739,26.367632,0.000000,55
3620,24165694674371,23.359172,0.000000,55
3621,24165718033543,23.603941,0.000000,55
3622,24165741637484,23.120997,0.000000,55
3623,24165764758481,23.433224,0.000000,55
3624,24165788191705,23.590696,0.000000,55
3625,24165811782401,23.390331,0.000000,55
3626,24165835172732,23.843437,0.000000,55
3627,24165859016169,25.306585,0.000000,55
3628,24165884322754,27.553702,0.000000,55
3629,24165911876456,26.511069,0.000000,55
3630,24165938387525,24.342095,0.000000,55
3631,24165962729620,23.478089,0.000000,55
3632,24165986207709,23.662211,0.000000,55
3633,24166009869920,22.950637,0.000000,55
3634,24166032820557,23.451833,0.000000,55
3635,24166056272390,23.210932,0.000000,55
3636,24166079483322,23.257465,0.000000,55
3637,24166102740787,24.357245,0.000000,55
3638,24166127098032,26.469021,0.000000,55
3639,24166153567053,26.065074,0.000000,55
3640,24166179632127,25.796850,0.000000,55
3641,24166205428977,24.107367,0.000000,55
3642,24166229536344,23.829693,0.000000,55
3643,24166253366037,24.316209,0.000000,55
3644,24166277682246,23.426720,0.000000,55
3645,24166301108966,23.395859,0.000000,55
3646,24166324504825,23.620947,0.000000,55
3647,24166348125772,23.826551,0.000000,55
3648,24166371952323,26.168738,0.000000,55
3649,24166398121061,25.961635,0.000000,55
3650,24166424082696,25.706286,0.000000,55
3651,24166449788982,25.279984,0.000000,55
3652,24166475068966,23.788987,0.000000,55
3653,24166498857953,23.293409,0.000000,55
3654,24166522151362,24.149685,0.000000,55
3655,24166546301047,23.384782,0.000000,55
3656,24166569685829,27.124125,0.000000,55
3657,24166596809954,53.836406,0.000000,55
3658,24166650646360,37.438380,0.000000,55
3659,24166688084740,34.877609,0.000000,55
3660,24166722962349,38.751058,0.000000,55
3661,24166761713407,36.842361,0.000000,55
3662,24166798555768,38.357606,0.000000,55
3663,24166836913374,32.779848,0.000000,55
3664,24166869693222,39.482772,0.000000,55
3665,24166909175994,43.692014,0.000000,55
3666,24166952868008,39.790521,0.000000,55
3667,24166992658529,32.707698,0.000000,55
3668,24167025366227,37.475220,0.000000,55
3669,24167062841447,36.031272,0.000000,55
3670,24167098872719,35.390000,0.000000,55
3671,24167134262719,46.742618,0.000000,55
3672,24167181005337,34.376165,0.000000,55
3673,24167215381502,37.275349,0.000000,55
3674,24167252656851,33.916558,0.000000,55
3675,24167286573409,34.066665,0.000000,55
3676,24167320640074,36.059498,0.000000,55
3677,24167356699572,42.378927,0.000000,55
3678,24167399078499,44.151345,0.000000,55
3679,24167443229844,38.978383,0.000000,55
3680,24167482208227,38.698589,0.000000,55
3681,24167520906816,39.778116,0.000000,55
3682,24167560684932,42.075541,0.000000,55
3683,24167602760473,32.743605,0.000000,55
3684,24167635504078,43.543541,0.000000,55
3685,24167679047619,40.824631,0.000000,55
3686,24167719872250,34.114945,0.000000,55
3687,24167753987195,34.902952,0.000000,55
3688,24167788890147,33.217963,0.000000,55
3689,24167822108110,32.983907,0.000000,55
3690,24167855092017,37.606500,0.000000,55
3691,24167892698517,40.995900,0.000000,55
3692,24167933694417,38.634297,0.000000,55
3693,24167972328714,31.116156,0.000000,55
3694,24168003444870,34.579773,0.000000,55
3695,24168038024643,31.699058,0.000000,55
3696,24168069723701,35.473221,0.000000,55
3697,24168105196922,36.205569,0.000000,55
3698,24168141402491,42.272041,0.000000,55
3699,24168183674532,35.193503,0.000000,55
3700,24168218868035,34.867205,0.000000,55
3701,24168253735240,32.632547,0.000000,55
3702,24168286367787,33.046470,0.000000,55
3703,24168319414257,38.687027,0.000000,55
3704,24168358101284,37.582535,0.000000,55
3705,24168395683819,43.959783,0.000000,55
3706,24168439643602,39.295997,0.000000,55
3707,24168478939599,33.960054,0.000000,55
3708,24168512899653,30.611400,0.000000,55
3709,24168543511053,24.724038,0.000000,55
3710,24168568235091,24.666414,0.000000,55
3711,24168592901505,24.768783,0.000000,55
3712,24168617670288,27.414387,0.000000,55
3713,24168645084675,30.603347,0.000000,55
3714,24168675688022,29.398224,0.000000,55
3715,24168705086246,27.491190,0.000000,55
3716,24168732577436,25.749975,0.000000,55
3717,24168758327411,25.280635,0.000000,55
3718,24168783608046,24.250573,0.000000,55
3719,24168807858619,25.695708,0.000000,55
3720,24168833554327,23.598363,0.000000,55
3721,24168857152690,24.589090,0.000000,55
3722,24168881741780,28.397329,0.000000,55
3723,24168910139109,26.393143,0.000000,55
3724,24168936532252,24.801210,0.000000,55
3725,24168961333462,23.609291,0.000000,55
3726,24168984942753,23.773191,0.000000,56
3727,24169008715944,23.678271,0.000000,56
3728,24169032394215,23.911333,0.000000,56
3729,24169056305548,25.226798,0.000000,56
3730,24169081532346,23.569592,0.000000,56
3731,24169105101938,24.574970,0.000000,56
3732,24169129676908,27.034631,0.000000,56
3733,24169156711539,26.480883,0.000000,56
3734,24169183192422,25.985326,0.000000,56
3735,24169209177748,24.607708,0.000000,56
3736,24169233785456,24.003669,0.000000,56
3737,24169257789125,23.587387,0.000000,56
3738,24169281376512,23.690043,0.000000,56
3739,24169305066555,23.804781,0.000000,56
3740,24169328871336,23.879393,0.000000,56
3741,24169352750729,24.218751,0.000000,56
3742,24169376969480,27.903697,0.000000,56
3743,24169404873177,26.201681,0.000000,56
3744,24169431074858,25.934342,0.000000,56
3745,24169457009200,23.565907,0.000000,56
3746,24169480575107,24.258403,0.000000,56
3747,24169504833510,28.726776,0.000000,56
3748,24169533560286,23.733400,0.000000,56
3749,24169557293686,23.876633,0.000000,56
3750,24169581170319,23.861794,0.000000,56
3751,24169605032113,24.832690,0.000000,56
3752,24169629864803,26.253328,0.000000,56
3753,24169656118131,26.531956,0.000000,56
3754,24169682650087,25.854298,0.000000,56
3755,24169708504385,23.593715,0.000000,56
3756,24169732098100,23.962189,0.000000,56
3757,24169756060289,23.571378,0.000000,56
3758,24169779631667,23.522744,0.000000,56
3759,24169803154411,23.661496,0.000000,56
3760,24169826815907,23.844416,0.000000,56
3761,24169850660323,24.194693,0.000000,56
3762,24169874855016,27.264443,0.000000,56
3763,24169902119459,26.580587,0.000000,56
3764,24169928700046,26.940780,0.000000,56
3765,24169955640826,25.101007,0.000000,56
3766,24169980741833,23.668042,0.000000,56
3767,24170004409875,31.116906,0.000000,56
3768,24170035526781,27.229484,0.000000,56
3769,24170062756265,23.749002,0.000000,56
3770,24170086505267,23.353688,0.000000,56
3771,24170109858955,24.748392,0.000000,56
3772,24170134607347,26.593484,0.000000,56
3773,24170161200831,25.996547,0.000000,56
3774,24170187197378,26.616422,0.000000,56
3775,24170213813800,23.599796,0.000000,56
3776,24170237413596,23.881334,0.000000,56
3777,24170261294930,24.534833,0.000000,56
3778,24170285829763,23.441498,0.000000,56
3779,24170309271261,23.831757,0.000000,56
3780,24170333103018,23.634054,0.000000,56
3781,24170356737072,24.275360,0.000000,56
3782,24170381012432,26.858852,0.000000,56
3783,24170407871284,26.259726,0.000000,56
3784,24170434131010,26.249115,0.000000,56
3785,24170460380125,24.197824,0.000000,56
3786,24170484577949,23.933845,0.000000,56
3787,24170508511794,39.762147,0.000000,56
3788,24170548273941,36.487094,0.000000,56
3789,24170584761035,34.915412,0.000000,56
3790,24170619676447,35.506746,0.000000,56
3791,24170655183193,40.686194,0.000000,56
3792,24170695869387,37.809318,0.000000,56
3793,24170733678705,36.948915,0.000000,56
3794,24170770627620,36.273763,0.000000,56
3795,24170806901383,36.722340,0.000000,56
3796,24170843623723,32.548726,0.000000,56
3797,24170876172449,41.411623,0.000000,56
3798,24170917584072,40.278987,0.000000,56
3799,24170957863059,35.414940,0.000000,56
3800,24170993277999,33.837705,0.000000,56
3801,24171027115704,36.951391,0.000000,56
3802,24171064067095,37.147936,0.000000,56
3803,24171101215031,34.158026,0.000000,56
3804,24171135373057,43.433675,0.000000,56
3805,24171178806732,36.381427,0.000000,56
3806,24171215188159,37.335571,0.000000,56
3807,24171252523730,33.711811,0.000000,56
3808,24171286235541,34.354295,0.000000,56
3809,24171320589836,31.864164,0.000000,56
3810,24171352454000,39.252989,0.000000,56
3811,24171391706989,43.722546,0.000000,56
3812,24171435429535,33.093154,0.000000,56
3813,24171468522689,38.470946,0.000000,56
3814,24171506993635,32.776036,0.000000,56
3815,24171539769671,37.601295,0.000000,56
3816,24171577370966,31.582430,0.000000,56
3817,24171608953396,41.114130,0.000000,56
3818,24171650067526,39.118061,0.000000,56
3819,24171689185587,38.723028,0.000000,56
3820,24171727908615,37.849212,0.000000,56
3821,24171765757827,39.633275,0.000000,56
3822,24171805391102,36.808620,0.000000,56
3823,24171842199722,34.102849,0.000000,56
3824,24171876302571,46.350911,0.000000,56
3825,24171922653482,36.085589,0.000000,56
3826,24171958739071,34.235792,0.000000,56
3827,24171992974863,31.813659,0.000000,56
3828,24172024788522,37.184855,0.000000,56
3829,24172061973377,36.389737,0.000000,56
3830,24172098363114,38.128393,0.000000,56
3831,24172136491507,42.427300,0.000000,56
3832,24172178918807,41.217548,0.000000,56
3833,24172220136355,37.474506,0.000000,56
3834,24172257610861,32.311399,0.000000,56
3835,24172289922260,35.820328,0.000000,56
3836,24172325742588,34.807328,0.000000,56
3837,24172360549916,40.128803,0.000000,56
3838,24172400678719,37.642214,0.000000,56
3839,24172438320933,42.655517,0.000000,56
3840,24172480976450,34.148821,0.000000,56
3841,24172515125271,39.073281,0.000000,56
3842,24172554198552,33.162486,0.000000,56
3843,24172587361038,35.955973,0.000000,56
3844,24172623317011,38.878019,0.000000,56
3845,24172662195030,39.831209,0.000000,56
3846,24172702026239,31.918689,0.000000,56
3847,24172733944928,35.050054,0.000000,56
3848,24172768994982,35.982383,0.000000,56
3849,24172804977365,40.183764,0.000000,56
3850,24172845161129,43.508918,0.000000,56
3851,24172888670047,45.103660,0.000000,56
3852,24172933773707,32.809733,0.000000,56
3853,24172966583440,37.768934,0.000000,56
3854,24173004352374,37.983505,0.000000,56
3855,24173042335879,37.649638,0.000000,56
3856,24173079985517,30.934131,0.000000,56
3857,24173110919648,38.319915,0.000000,56
3858,24173149239563,39.753786,0.000000,56
3859,24173188993349,38.315983,0.000000,56
3860,24173227309332,34.107479,0.000000,56
3861,24173261416811,32.677657,0.000000,56
3862,24173294094468,33.626847,0.000000,56
3863,24173327721315,30.973443,0.000000,56
3864,24173358694758,32.176132,0.000000,56
3865,24173390870890,37.319664,0.000000,56
3866,24173428190554,35.447814,0.000000,56
3867,24173463638368,30.689047,0.000000,56
3868,24173494327415,30.954942,0.000000,56
3869,24173525282357,34.241470,0.000000,56
3870,24173559523827,30.016170,0.000000,56
3871,24173589539997,29.820338,0.000000,56
3872,24173619360335,39.699637,0.000000,56
3873,24173659059972,37.529452,0.000000,56
3874,24173696589424,30.506135,0.000000,56
3875,24173727095559,34.175781,0.000000,56
3876,24173761271340,29.131994,0.000000,56
3877,24173790403334,30.207169,0.000000,56
3878,24173820610503,30.479695,0.000000,56
3879,24173851090198,34.670289,0.000000,56
3880,24173885760487,40.698264,0.000000,56
3881,24173926458751,37.492129,0.000000,56
3882,24173963950880,32.211305,0.000000,56
3883,24173996162185,32.650794,0.000000,56
3884,24174028812979,31.276373,0.000000,56
3885,24174060089352,33.702828,0.000000,56
3886,24174093792180,28.971484,0.000000,56
3887,24174122763664,34.786010,0.000000,56
3888,24174157549674,36.768031,0.000000,56
3889,24174194317705,30.432251,0.000000,56
3890,24174224749956,34.008139,0.000000,56
3891,24174258758095,35.711061,0.000000,56
3892,24174294469156,30.257745,0.000000,56
3893,24174324726901,30.387747,0.000000,56
3894,24174355114648,36.082295,0.000000,56
3895,24174391196943,37.036474,0.000000,56
3896,24174428233417,31.420682,0.000000,56
3897,24174459654099,33.116705,0.000000,56
3898,24174492770804,27.886473,0.000000,56
3899,24174520657277,32.282943,0.000000,56
3900,24174552940220,32.966041,0.000000,56
3901,24174585906261,29.539741,0.000000,56
3902,24174615446002,31.535367,0.000000,56
3903,24174646981369,35.117971,0.000000,56
3904,24174682099340,35.498196,0.000000,56
3905,24174717597536,29.527657,0.000000,56
3906,24174747125193,37.737106,0.000000,56
3907,24174784862299,49.893429,0.000000,56
3908,24174834755728,37.039088,0.000000,56
3909,24174871794816,60.423413,0.000000,56
3910,24174932218229,37.209469,0.000000,56
3911,24174969427698,29.209801,0.000000,56
3912,24174998637499,31.631097,0.000000,56
3913,24175030268596,29.185374,0.000000,56
3914,24175059453970,30.496822,0.000000,56
3915,24175089950792,30.590696,0.000000,56
3916,24175120541488,28.664055,0.000000,56
3917,24175149205543,25.071449,0.000000,56
3918,24175174276992,24.738183,0.000000,56
3919,24175199015175,24.046161,0.000000,56
3920,24175223061336,21.985806,0.000000,56
3921,24175245047142,22.064600,0.000000,56
3922,24175267111742,21.914002,0.000000,56
3923,24175289025744,22.053867,0.000000,56
3924,24175311079611,22.030864,0.000000,56
3925,24175333110475,21.961748,0.000000,56
3926,24175355072223,23.723125,0.000000,56
3927,24175378795348,23.892770,0.000000,56
3928,24175402688118,24.126824,0.000000,56
3929,24175426814942,24.563515,0.000000,56
3930,24175451378457,24.127345,0.000000,56
3931,24175475505802,21.641302,0.000000,56
3932,24175497147104,21.857192,0.000000,56
3933,24175519004296,22.021416,0.000000,56
3934,24175541025712,22.144822,0.000000,56
3935,24175563170534,21.751785,0.000000,56
3936,24175584922319,22.250267,0.000000,56
3937,24175607172586,22.555444,0.000000,56
3938,24175629728030,24.675754,0.000000,56
3939,24175654403784,24.373436,0.000000,56
3940,24175678777220,25.024349,0.000000,56
3941,24175703801569,24.226111,0.000000,56
3942,24175728027680,22.579036,0.000000,56
3943,24175750606716,22.057053,0.000000,56
3944,24175772663769,22.022427,0.000000,56
3945,24175794686196,22.586619,0.000000,56
3946,24175817272815,22.460594,0.000000,56
3947,24175839733409,22.661339,0.000000,56
3948,24175862394748,23.536934,0.000000,56
3949,24175885931682,24.948913,0.000000,56
3950,24175910880595,27.080264,0.000000,56
3951,24175937960859,26.055561,0.000000,56
3952,24175964016420,23.219439,0.000000,56
3953,24175987235859,23.465475,0.000000,56
3954,24176010701334,23.512181,0.000000,56
3955,24176034213515,23.145560,0.000000,56
3956,24176057359075,23.499429,0.000000,56
3957,24176080858504,23.315387,0.000000,56
3958,24176104173891,29.248547,0.000000,56
3959,24176133422438,27.097580,0.000000,56
3960,24176160520018,26.167518,0.000000,56
3961,24176186687536,25.216188,0.000000,56
3962,24176211903724,23.516276,0.000000,56
3963,24176235420000,23.881220,0.000000,56
3964,24176259301220,23.420965,0.000000,56
3965,24176282722185,23.147575,0.000000,56
3966,24176305869760,23.296308,0.000000,56
3967,24176329166068,23.310653,0.000000,56
3968,24176352476721,23.803727,0.000000,56
3969,24176376280448,27.344367,0.000000,56
3970,24176403624815,26.268949,0.000000,56
3971,24176429893764,25.800528,0.000000,56
3972,24176455694292,23.954308,0.000000,56
3973,24176479648600,23.321972,0.000000,56
3974,24176502970572,24.151143,0.000000,56
3975,24176527121715,26.037786,0.000000,56
3976,24176553159501,23.437187,0.000000,56
3977,24176576596688,23.542743,0.000000,56
3978,24176600139431,23.856625,0.000000,56
3979,24176623996056,26.200158,0.000000,56
3980,24176650196214,26.630936,0.000000,56
3981,24176676827150,25.784825,0.000000,56
3982,24176702611975,23.486588,0.000000,56
3983,24176726098563,23.528764,0.000000,56
3984,24176749627327,23.349788,0.000000,56
3985,24176772977115,23.062871,0.000000,56
3986,24176796039986,23.873804,0.000000,56
3987,24176819913790,23.153878,0.000000,56
3988,24176843067668,23.397186,0.000000,56
3989,24176866464854,25.342365,0.000000,56
3990,24176891807219,28.736811,0.000000,56
3991,24176920544030,26.541296,0.000000,56
3992,24176947085326,25.706731,0.000000,56
3993,24176972792057,24.394856,0.000000,56
3994,24176997186913,24.220611,0.000000,56
3995,24177021407524,23.869354,0.000000,56
3996,24177045276878,23.786755,0.000000,56
3997,24177069063633,23.262511,0.000000,56
3998,24177092326144,23.625690,0.000000,56
3999,24177115951834,46.676943,0.000000,56
4000,24177162628777,41.231432,0.000000,56
4001,24177203860209,36.555415,0.000000,56
4002,24177240415624,34.360705,0.000000,56
4003,24177274776329,34.100163,0.000000,56
4004,24177308876492,35.341091,0.000000,56
4005,24177344217583,32.028518,0.000000,56
4006,24177376246101,42.260733,0.000000,56
4007,24177418506834,39.547995,0.000000,56
4008,24177458054829,39.956560,0.000000,56
4009,24177498011389,35.266483,0.000000,56
4010,24177533277872,34.703889,0.000000,56
4011,24177567981761,34.923823,0.000000,56
4012,24177602905584,38.796185,0.000000,56
4013,24177641701769,41.724170,0.000000,56
4014,24177683425939,39.954562,0.000000,56
4015,24177723380501,34.723177,0.000000,56
4016,24177758103678,31.370766,0.000000,56
4017,24177789474444,34.222027,0.000000,56
4018,24177823696471,31.276764,0.000000,56
4019,24177854973235,33.805553,0.000000,56
4020,24177888778788,39.758327,0.000000,56
4021,24177928537115,37.048072,0.000000,56
4022,24177965585187,35.713396,0.000000,56
4023,24178001298583,33.020643,0.000000,56
4024,24178034319226,31.013446,0.000000,56
4025,24178065332672,30.530200,0.000000,56
4026,24178095862872,32.943587,0.000000,56
4027,24178128806459,36.260906,0.000000,56
4028,24178165067365,37.497268,0.000000,56
4029,24178202564633,31.751860,0.000000,56
4030,24178234316493,33.497048,0.000000,56
4031,24178267813541,31.494458,0.000000,56
4032,24178299307999,33.454785,0.000000,56
4033,24178332762784,29.623289,0.000000,56
4034,24178362386073,32.940610,0.000000,56
4035,24178395326683,36.936540,0.000000,56
4036,24178432263223,36.936786,0.000000,56
4037,24178469200009,31.474665,0.000000,56
4038,24178500674674,34.516826,0.000000,56
4039,24178535191500,30.640528,0.000000,56
4040,24178565832028,35.259790,0.000000,56
4041,24178601091818,31.187408,0.000000,56
4042,24178632279226,37.755041,0.000000,56
4043,24178670034267,37.755833,0.000000,56
4044,24178707790100,27.863925,0.000000,56
4045,24178735654025,23.837363,0.000000,56
4046,24178759491388,23.543320,0.000000,56
4047,24178783034708,22.880533,0.000000,56
4048,24178805915241,22.593618,0.000000,56
4049,24178828508859,23.078702,0.000000,56
4050,24178851587561,23.138843,0.000000,56
4051,24178874726404,25.713513,0.000000,56
4052,24178900439917,25.621095,0.000000,56
4053,24178926061012,25.469373,0.000000,56
4054,24178951530385,23.985906,0.000000,56
4055,24178975516291,23.233485,0.000000,56
4056,24178998749776,22.389615,0.000000,56
4057,24179021139391,23.550571,0.000000,56
4058,24179044689962,23.667824,0.000000,56
4059,24179068357786,22.796654,0.000000,56
4060,24179091154440,22.390828,0.000000,56
4061,24179113545268,23.703141,0.000000,56
4062,24179137248409,25.144226,0.000000,56
4063,24179162392635,24.809753,0.000000,56
4064,24179187202388,25.464733,0.000000,56
4065,24179212667121,22.659593,0.000000,56
4066,24179235326714,23.020430,0.000000,56
4067,24179258347144,23.144892,0.000000,56
4068,24179281492036,22.551989,0.000000,56
4069,24179304044025,23.282156,0.000000,56
4070,24179327326181,22.477356,0.000000,56
4071,24179349803537,22.705516,0.000000,56
4072,24179372509053,24.805127,0.000000,56
4073,24179397314180,25.069217,0.000000,56
4074,24179422383397,23.388832,0.000000,56
4075,24179445772229,21.913088,0.000000,56
4076,24179467685317,22.227128,0.000000,56
4077,24179489912445,22.819302,0.000000,56
4078,24179512731747,22.791907,0.000000,56
4079,24179535523654,22.804845,0.000000,56
4080,24179558328499,22.699505,0.000000,56
4081,24179581028004,23.605292,0.000000,56
4082,24179604633296,22.893264,0.000000,56
4083,24179627526560,29.499754,0.000000,56
4084,24179657026314,27.324264,0.000000,56
4085,24179684350578,26.194552,0.000000,56
4086,24179710545130,31.220380,0.000000,56
4087,24179741765510,23.415287,0.000000,56
4088,24179765180797,23.272192,0.000000,56
4089,24179788452989,22.455360,0.000000,56
4090,24179810908349,23.713325,0.000000,56
4091,24179834621674,22.189773,0.000000,56
4092,24179856811447,22.583314,0.000000,56
4093,24179879394761,26.302003,0.000000,56
4094,24179905696764,25.023160,0.000000,56
4095,24179930719924,24.425751,0.000000,56
4096,24179955145675,24.219699,0.000000,56
4097,24179979365374,22.689804,0.000000,56
4098,24180002055178,22.965334,0.000000,56
4099,24180025020512,27.447818,0.000000,56
4100,24180052468330,24.351308,0.000000,56
4101,24180076819638,25.911117,0.000000,56
4102,24180102730755,24.721755,0.000000,56
4103,24180127452510,27.655405,0.000000,56
4104,24180155107915,31.629763,0.000000,56
4105,24180186737678,26.531520,0.000000,56
4106,24180213269198,26.696587,0.000000,56
4107,24180239965785,24.462310,0.000000,56
4108,24180264428095,23.804577,0.000000,56
4109,24180288232672,21.992452,0.000000,56
4110,24180310225124,22.278703,0.000000,56
4111,24180332503827,22.367808,0.000000,56
4112,24180354871635,22.457072,0.000000,56
4113,24180377328707,24.940568,0.000000,57
4114,24180402269275,25.038863,0.000000,57
4115,24180427308138,26.210679,0.000000,57
4116,24180453518817,23.485444,0.000000,57
4117,24180477004261,21.879609,0.000000,57
4118,24180498883870,22.208593,0.000000,57
4119,24180521092463,21.976800,0.000000,57
4120,24180543069263,22.372361,0.000000,57
4121,24180565441624,22.810563,0.000000,57
4122,24180588252187,23.798276,0.000000,57
4123,24180612050463,21.847841,0.000000,57
4124,24180633898304,24.969545,0.000000,57
4125,24180658867849,25.740610,0.000000,57
4126,24180684608459,26.276021,0.000000,57
4127,24180710884480,37.973658,0.000000,57
4128,24180748858138,32.051058,0.000000,57
4129,24180780909196,43.473426,0.000000,57
4130,24180824382622,31.460538,0.000000,57
4131,24180855843160,36.001213,0.000000,57
4132,24180891844373,40.342810,0.000000,57
4133,24180932187183,40.023266,0.000000,57
4134,24180972210449,33.839252,0.000000,57
4135,24181006049701,37.299061,0.000000,57
4136,24181043348762,35.339540,0.000000,57
4137,24181078688302,32.196705,0.000000,57
4138,24181110885007,35.222814,0.000000,57
4139,24181146107821,38.311172,0.000000,57
4140,24181184418993,36.766856,0.000000,57
4141,24181221185849,33.551155,0.000000,57
4142,24181254737004,33.265918,0.000000,57
4143,24181288002922,32.016217,0.000000,57
4144,24181320019139,31.462518,0.000000,57
4145,24181351481657,37.021025,0.000000,57
4146,24181388502682,38.478195,0.000000,57
4147,24181426980877,41.243674,0.000000,57
4148,24181468224551,37.689818,0.000000,57
4149,24181505914369,31.342438,0.000000,57
4150,24181537256807,36.434536,0.000000,57
4151,24181573691343,32.531146,0.000000,57
4152,24181606222489,37.531009,0.000000,57
4153,24181643753498,40.418711,0.000000,57
4154,24181684172209,38.325126,0.000000,57
4155,24181722497335,38.928195,0.000000,57
4156,24181761425530,33.151503,0.000000,57
4157,24181794577033,31.912170,0.000000,57
4158,24181826489203,29.501199,0.000000,57
4159,24181855990402,34.872976,0.000000,57
4160,24181890863378,44.577106,0.000000,57
4161,24181935440484,38.141388,0.000000,57
4162,24181973581872,34.699595,0.000000,57
4163,24182008281467,33.809007,0.000000,57
4164,24182042090474,34.081124,0.000000,57
4165,24182076171598,33.199402,0.000000,57
4166,24182109371000,36.883454,0.000000,57
4167,24182146254454,40.312921,0.000000,57
4168,24182186567375,42.090095,0.000000,57
4169,24182228657470,34.390650,0.000000,57
4170,24182263048120,35.394027,0.000000,57
4171,24182298442147,34.507645,0.000000,57
4172,24182332949792,31.399808,0.000000,57
4173,24182364349600,35.049190,0.000000,57
4174,24182399398790,38.923913,0.000000,57
4175,24182438322703,38.712443,0.000000,57
4176,24182477035146,37.418784,0.000000,57
4177,24182514453930,38.825944,0.000000,57
4178,24182553279874,34.650754,0.000000,57
4179,24182587930628,46.244331,0.000000,57
4180,24182634174959,45.879105,0.000000,57
4181,24182680054064,41.506842,0.000000,57
4182,24182721560906,32.466131,0.000000,57
4183,24182754027037,31.222578,0.000000,57
4184,24182785249615,31.722544,0.000000,57
4185,24182816972159,35.327005,0.000000,57
4186,24182852299164,35.756808,0.000000,57
4187,24182888055972,37.380342,0.000000,57
4188,24182925436314,40.267844,0.000000,57
4189,24182965704158,34.952891,0.000000,57
4190,24183000657049,33.798631,0.000000,57
4191,24183034455680,30.581948,0.000000,57
4192,24183065037628,36.709248,0.000000,57
4193,24183101746876,26.813094,0.000000,57
4194,24183128559970,28.757067,0.000000,57
4195,24183157317037,31.926383,0.000000,57
4196,24183189243420,29.432713,0.000000,57
4197,24183218676133,26.154928,0.000000,57
4198,24183244831061,23.298768,0.000000,57
4199,24183268129829,30.611893,0.000000,57
4200,24183298741722,22.842868,0.000000,57
4201,24183321584590,29.948071,0.000000,57
4202,24183351532661,39.063536,0.000000,57
4203,24183390596197,34.273345,0.000000,57
4204,24183424869542,30.929265,0.000000,57
4205,24183455798807,26.443664,0.000000,57
4206,24183482242471,28.298310,0.000000,57
4207,24183510540781,19.069413,0.000000,57
4208,24183529610194,19.434376,0.000000,57
4209,24183549044570,19.634701,0.000000,57
4210,24183568679271,19.905450,0.000000,57
4211,24183588584721,19.558327,0.000000,57
4212,24183608143048,20.266197,0.000000,57
4213,24183628409245,21.274954,0.000000,57
4214,24183649684199,21.451420,0.000000,57
4215,24183671135619,21.320376,0.000000,57
4216,24183692455995,21.011811,0.000000,57
4217,24183713467806,19.165821,0.000000,57
4218,24183732633627,19.326669,0.000000,57
4219,24183751960296,19.125201,0.000000,57
4220,24183771085497,19.293097,0.000000,57
4221,24183790378594,19.424324,0.000000,57
4222,24183809802918,20.525383,0.000000,57
4223,24183830328301,19.825343,0.000000,57
4224,24183850153644,19.900716,0.000000,57
4225,24183870054360,21.088870,0.000000,57
4226,24183891143230,22.039910,0.000000,57
4227,24183913183140,21.299516,0.000000,57
4228,24183934482656,21.209273,0.000000,57
4229,24183955691929,20.779230,0.000000,57
4230,24183976471159,19.611805,0.000000,57
4231,24183996082964,19.244218,0.000000,57
4232,24184015327182,19.698567,0.000000,57
4233,24184035025749,19.528654,0.000000,57
4234,24184054554403,19.571500,0.000000,57
4235,24184074125903,19.191360,0.000000,57
4236,24184093317263,19.134859,0.000000,57
4237,24184112452122,19.493402,0.000000,57
4238,24184131945524,22.464155,0.000000,57
4239,24184154409679,21.732154,0.000000,57
4240,24184176141833,21.656934,0.000000,57
4241,24184197798767,21.757148,0.000000,57
4242,24184219555915,19.390323,0.000000,57
4243,24184238946238,19.602009,0.000000,57
4244,24184258548247,19.448820,0.000000,57
4245,24184277997067,19.424820,0.000000,57
4246,24184297421887,19.650094,0.000000,57
4247,24184317071981,18.922849,0.000000,57
4248,24184335994830,18.809242,0.000000,57
4249,24184354804072,19.375273,0.000000,57
4250,24184374179345,20.464889,0.000000,57
4251,24184394644234,21.720933,0.000000,57
4252,24184416365167,21.117300,0.000000,57
4253,24184437482467,21.246814,0.000000,57
4254,24184458729281,20.390112,0.000000,57
4255,24184479119393,20.882926,0.000000,57
4256,24184500002319,26.716490,0.000000,57
4257,24184526718809,18.816660,0.000000,57
4258,24184545535469,18.930572,0.000000,57
4259,24184564466041,19.036392,0.000000,57
4260,24184583502433,18.899881,0.000000,57
4261,24184602402314,19.387755,0.000000,57
4262,24184621790069,20.518802,0.000000,57
4263,24184642308871,21.113043,0.000000,57
4264,24184663421914,22.095423,0.000000,57
4265,24184685517337,21.688418,0.000000,57
4266,24184707205755,20.835106,0.000000,57
4267,24184728040861,19.180174,0.000000,57
4268,24184747221035,19.359786,0.000000,57
4269,24184766580821,19.123323,0.000000,57
4270,24184785704144,19.190995,0.000000,57
4271,24184804895139,19.122474,0.000000,57
4272,24184824017613,19.990409,0.000000,57
4273,24184844008022,18.823743,0.000000,57
4274,24184862831765,19.108151,0.000000,57
4275,24184881939916,22.382928,0.000000,57
4276,24184904322844,23.646540,0.000000,57
4277,24184927969384,22.247204,0.000000,57
4278,24184950216588,20.800318,0.000000,57
4279,24184971016906,19.817928,0.000000,57
4280,24184990834834,19.281804,0.000000,57
4281,24185010116638,19.222729,0.000000,57
4282,24185029339367,19.025960,0.000000,57
4283,24185048365327,19.068243,0.000000,57
4284,24185067433570,18.809532,0.000000,57
4285,24185086243102,18.901385,0.000000,57
4286,24185105144487,19.079062,0.000000,57
4287,24185124223549,20.255675,0.000000,57
4288,24185144479224,21.272198,0.000000,57
4289,24185165751422,20.979572,0.000000,57
4290,24185186730994,21.301680,0.000000,57
4291,24185208032674,19.093827,0.000000,57
4292,24185227126501,19.093580,0.000000,57
4293,24185246220081,19.092903,0.000000,57
4294,24185265312984,19.083780,0.000000,57
4295,24185284396764,19.151696,0.000000,57
4296,24185303548460,19.283872,0.000000,57
4297,24185322832332,19.183364,0.000000,57
4298,24185342015696,19.424372,0.000000,57
4299,24185361440068,19.271585,0.000000,57
4300,24185380711653,20.557662,0.000000,57
4301,24185401269315,21.135850,0.000000,57
4302,24185422405165,21.310275,0.000000,57
4303,24185443715440,20.624465,0.000000,57
4304,24185464339905,20.741531,0.000000,57
4305,24185485081436,22.676055,0.000000,57
4306,24185507757491,20.899335,0.000000,57
4307,24185528656826,20.059526,0.000000,57
4308,24185548716352,19.750631,0.000000,57
4309,24185568466983,19.666885,0.000000,57
4310,24185588133868,19.545253,0.000000,57
4311,24185607679121,19.014035,0.000000,57
4312,24185626693156,23.388544,0.000000,57
4313,24185650081700,24.164895,0.000000,57
4314,24185674246595,24.279022,0.000000,57
4315,24185698525617,21.981414,0.000000,57
4316,24185720507031,19.691005,0.000000,57
4317,24185740198036,19.704472,0.000000,57
4318,24185759902508,19.018034,0.000000,57
4319,24185778920542,19.275890,0.000000,57
4320,24185798196432,19.304933,0.000000,57
4321,24185817501365,18.375071,0.000000,57
4322,24185835876436,19.224463,0.000000,57
4323,24185855100899,18.712830,0.000000,57
4324,24185873813729,20.156130,0.000000,57
4325,24185893969859,23.719589,0.000000,57
4326,24185917689448,21.482189,0.000000,57
4327,24185939171637,20.801919,0.000000,57
4328,24185959973556,20.199371,0.000000,57
4329,24185980172927,21.265285,0.000000,57
4330,24186001438212,20.749902,0.000000,57
4331,24186022188114,20.087790,0.000000,57
4332,24186042275904,20.387747,0.000000,57
4333,24186062663651,21.493803,0.000000,57
4334,24186084157454,21.290572,0.000000,57
4335,24186105448026,21.468034,0.000000,57
4336,24186126916060,21.837042,0.000000,57
4337,24186148753102,22.209488,0.000000,57
4338,24186170962590,22.282722,0.000000,57
4339,24186193245312,21.165881,0.000000,57
4340,24186214411193,19.438319,0.000000,57
4341,24186233849512,19.352318,0.000000,57
4342,24186253201830,19.467726,0.000000,57
4343,24186272669556,18.891354,0.000000,57
4344,24186291560910,19.016301,0.000000,57
4345,24186310577211,18.895327,0.000000,57
4346,24186329472538,19.071961,0.000000,57
4347,24186348544499,18.934690,0.000000,57
4348,24186367479189,19.163270,0.000000,57
4349,24186386642459,21.000320,0.000000,57
4350,24186407642779,20.377056,0.000000,57
4351,24186428019835,20.807456,0.000000,57
4352,24186448827291,20.700859,0.000000,57
4353,24186469528150,19.102465,0.000000,57
4354,24186488630615,28.722983,0.000000,57
4355,24186517353598,41.784193,0.000000,57
4356,24186559137791,29.525937,0.000000,57
4357,24186588663728,27.312676,0.000000,57
4358,24186615976404,28.863349,0.000000,57
4359,24186644839753,35.379828,0.000000,57
4360,24186680219581,29.160264,0.000000,57
4361,24186709379845,30.776793,0.000000,57
4362,24186740156638,26.635535,0.000000,57
4363,24186766792173,34.321061,0.000000,57
4364,24186801113234,27.640258,0.000000,57
4365,24186828753492,28.310032,0.000000,57
4366,24186857063524,28.261395,0.000000,57
4367,24186885324919,35.808213,0.000000,57
4368,24186921133132,33.000709,0.000000,57
4369,24186954133841,33.406979,0.000000,57
4370,24186987540820,27.247746,0.000000,57
4371,24187014788566,26.679958,0.000000,57
4372,24187041468524,27.908910,0.000000,57
4373,24187069377434,29.665345,0.000000,57
4374,24187099042779,36.983580,0.000000,57
4375,24187136026359,33.063158,0.000000,57
4376,24187169089517,34.511750,0.000000,57
4377,24187203601267,39.295472,0.000000,57
4378,24187242896739,29.730528,0.000000,57
4379,24187272627267,31.683322,0.000000,57
4380,24187304310589,30.652695,0.000000,57
4381,24187334963284,27.340671,0.000000,57
4382,24187362303955,28.794763,0.000000,57
4383,24187391098718,33.594393,0.000000,57
4384,24187424693111,30.058163,0.000000,57
4385,24187454751274,30.868137,0.000000,57
4386,24187485619411,28.737615,0.000000,57
4387,24187514357026,29.715066,0.000000,57
4388,24187544072092,27.394455,0.000000,57
4389,24187571466547,27.322253,0.000000,57
4390,24187598788800,29.803775,0.000000,57
4391,24187628592575,24.204106,0.000000,57
4392,24187652796681,33.793881,0.000000,57
4393,24187686590562,33.577522,0.000000,57
4394,24187720168084,28.784956,0.000000,57
4395,24187748953040,23.001107,0.000000,57
4396,24187771954147,28.781321,0.000000,57
4397,24187800735468,24.643616,0.000000,57
4398,24187825379084,26.208678,0.000000,57
4399,24187851587762,29.408899,0.000000,57
4400,24187880996661,29.066971,0.000000,57
4401,24187910063632,31.317636,0.000000,57
4402,24187941381268,32.147371,0.000000,57
4403,24187973528639,24.819382,0.000000,57
4404,24187998348021,27.061066,0.000000,57
4405,24188025409087,29.786694,0.000000,57
4406,24188055195781,23.012949,0.000000,57
4407,24188078208730,25.663691,0.000000,57
4408,24188103872421,28.647419,0.000000,57
4409,24188132519840,31.179819,0.000000,57
4410,24188163699659,31.130961,0.000000,57
4411,24188194830620,30.003622,0.000000,57
4412,24188224834242,29.458134,0.000000,57
4413,24188254292376,23.938550,0.000000,57
4414,24188278230926,26.215972,0.000000,57
4415,24188304446898,30.367298,0.000000,57
4416,24188334814196,24.947673,0.000000,57
4417,24188359761869,28.281953,0.000000,57
4418,24188388043822,26.580696,0.000000,57
4419,24188414624518,33.690690,0.000000,57
4420,24188448315208,29.103543,0.000000,57
4421,24188477418751,28.179489,0.000000,57
4422,24188505598240,26.871169,0.000000,57
4423,24188532469409,26.518307,0.000000,57
4424,24188558987716,27.806989,0.000000,57
4425,24188586794705,27.349001,0.000000,57
4426,24188614143706,26.404747,0.000000,57
4427,24188640548453,34.044169,0.000000,57
4428,24188674592622,27.623808,0.000000,57
4429,24188702216430,27.574205,0.000000,57
