frame,elapsed_ms
0,16.723717
1,16.633142
2,16.622897
3,16.597917
4,16.791847
5,16.618466
6,16.665980
7,16.688810
8,16.732133
9,16.552090
10,16.722743
11,16.678362
12,16.655010
13,16.665820
14,16.781230
15,16.457546
16,16.885208
17,16.603603
18,16.757991
19,16.670187
20,16.588042
21,16.508998
22,16.807270
23,16.651376
24,16.677030
25,16.765636
26,16.586382
27,16.502104
28,16.840687
29,16.659085
30,16.617947
31,16.626395
32,16.677939
33,16.586054
34,16.769916
35,16.704593
36,16.670545
37,16.744317
38,16.594408
39,16.503469
40,16.737696
41,16.696062
42,16.633623
43,16.662986
44,16.696484
45,16.589196
46,16.797194
47,16.613925
48,16.662673
49,16.672283
50,16.662747
51,16.571943
52,16.762377
53,16.687557
54,16.626588
55,16.640610
56,16.686140
57,16.594710
58,16.755761
59,16.670598
60,16.673872
61,16.654812
62,16.661433
63,16.592328
64,16.812970
65,16.610459
66,16.704812
67,16.608623
68,16.667918
69,16.599312
70,16.743835
71,16.675131
72,16.679202
73,16.679106
74,16.685820
75,16.544167
76,16.746043
77,16.662251
78,16.680073
79,16.655311
80,16.667425
81,16.591158
82,16.798812
83,16.688258
84,16.589408
85,16.744918
86,16.694628
87,16.476748
88,16.885725
89,16.677339
90,16.666394
91,16.595527
92,16.599493
93,16.579762
94,16.789253
95,16.614249
96,16.666431
97,16.786147
98,16.594534
99,16.550131
100,16.764076
101,16.678282
102,16.809074
103,16.632428
104,16.537477
105,16.609119
106,16.812939
107,16.557829
108,16.668266
109,16.674152
110,16.997487
111,16.274367
112,16.766548
113,16.680100
114,16.753601
115,16.557657
116,16.629566
117,16.604534
118,16.818569
119,16.606076
120,16.681161
121,16.731637
122,16.714978
123,16.451325
124,16.746455
125,16.667190
126,16.715206
127,16.639597
128,16.651324
129,16.656609
130,16.828326
131,16.511412
132,16.677479
133,16.765385
134,16.686233
135,16.543392
136,16.750860
137,16.660814
138,16.802585
139,16.514427
140,16.712892
141,16.553925
142,16.853319
143,16.556919
144,16.642169
145,16.671227
146,16.742622
147,16.534134
148,16.751351
149,16.671311
150,16.756582
151,16.596805
152,16.657014
153,16.559352
154,16.787821
155,16.646017
156,16.652595
157,16.735957
158,16.627913
159,16.546714
160,16.749674
161,16.871033
162,16.582224
163,16.545874
164,16.652148
165,16.602231
166,16.778551
167,16.627363
168,16.703856
169,16.664400
170,16.736062
171,16.499426
172,16.757657
173,16.644973
174,16.679565
175,16.655888
176,16.746291
177,16.518450
178,16.773793
179,16.639570
180,16.666728
181,16.672947
182,16.689400
183,16.725957
184,16.622168
185,16.662693
186,16.691383
187,16.608247
188,16.647440
189,16.596711
190,16.842368
191,16.623171
192,16.636012
193,17.482440
194,15.876029
195,16.544550
196,16.903567
197,16.507539
198,16.681766
199,16.689219
200,16.600873
201,16.612862
202,16.863949
203,16.621921
204,16.684705
205,16.632115
206,16.734331
207,16.459706
208,16.827230
209,16.657932
210,16.722099
211,16.578921
212,16.677926
213,16.547655
214,16.796119
215,16.622329
216,16.676205
217,16.678599
218,16.703258
219,16.514406
220,16.775682
221,16.781200
222,16.529771
223,16.735116
224,16.603157
225,16.589365
226,16.798202
227,16.591205
228,16.663176
229,16.690466
230,16.642261
231,16.603943
232,16.771147
233,16.635881
234,16.718271
235,16.609534
236,16.717517
237,16.539430
238,16.834442
239,16.607929
240,16.640209
241,16.690343
242,16.693986
243,16.536387
244,16.821202
245,16.618461
246,16.662013
247,17.407350
248,16.237970
249,16.467172
250,17.124082
251,16.848386
252,16.229167
253,16.609676
254,17.022087
255,16.244240
256,16.743714
257,16.642261
258,16.705019
259,16.650829
260,16.669384
261,16.579978
262,16.788891
263,16.696425
264,16.606506
265,16.650096
266,16.955326
267,16.292245
268,16.758917
269,16.677736
270,16.709514
271,16.747316
272,16.544290
273,16.570036
274,16.754123
275,16.710182
276,16.643793
277,16.703560
278,16.725525
279,16.521870
280,16.672632
281,16.697254
282,16.669868
283,16.646839
284,16.686676
285,16.574711
286,16.901779
287,16.630834
288,16.563347
289,16.779556
290,16.655041
291,16.447195
292,16.866433
293,16.601233
294,16.661543
295,16.658761
296,16.616295
297,16.589546
298,16.823680
299,16.833902
300,16.489645
301,16.641481
302,16.693904
303,16.603803
304,16.747376
305,16.649850
306,16.681079
307,16.686167
308,16.578314
309,16.575494
310,16.825376
311,16.838445
312,16.454982
313,16.761650
314,16.769227
315,16.418424
316,16.692003
317,16.771829
318,16.613219
319,16.662224
320,16.618178
321,16.574860
322,16.893437
323,16.744648
324,16.468686
325,16.679293
326,16.834555
327,16.429838
328,16.719033
329,16.682838
330,16.717969
331,16.649043
332,16.608648
333,16.577156
334,16.812838
335,16.649388
336,16.606544
337,16.756215
338,16.600219
339,16.602399
340,16.734363
341,16.665771
342,16.721744
343,16.678533
344,16.588151
345,16.572868
346,16.780193
347,16.713936
348,16.627482
349,16.780775
350,16.607460
351,16.528708
352,16.798990
353,16.593205
354,16.669981
355,16.711331
356,16.604203
357,16.594017
358,16.755343
359,16.772567
360,16.565761
361,16.668719
362,16.673785
363,16.598652
364,16.730660
365,16.662624
366,17.115053
367,16.689897
368,16.643161
369,16.576904
370,16.888175
371,16.695176
372,16.533366
373,16.643545
374,16.763923
375,16.610282
376,16.655254
377,16.830857
378,16.513418
379,16.764439
380,16.588863
381,16.549370
382,16.743423
383,16.669486
384,16.657774
385,16.659259
386,16.716453
387,16.540929
388,16.768010
389,16.676934
390,16.709254
391,16.630630
392,16.670108
393,16.520974
394,16.788625
395,16.729430
396,16.650373
397,16.605971
398,16.665695
399,16.601029
400,16.716160
401,16.664368
402,16.672860
403,16.712910
404,16.706231
405,16.500628
406,16.786841
407,16.710764
408,16.631644
409,16.658556
410,16.646229
411,16.570233
412,16.879772
413,16.949273
414,16.418619
415,17.074717
416,16.183394
417,16.492321
418,16.769263
419,16.695116
420,16.613941
421,16.704877
422,16.686689
423,16.538188
424,16.820315
425,16.635558
426,17.108129
427,16.184081
428,16.805034
429,16.442413
430,16.737454
431,16.692845
432,16.781405
433,16.540915
434,16.692153
435,16.575550
436,16.766962
437,16.642615
438,16.664639
439,16.677468
440,16.918987
441,16.317188
442,16.766496
443,16.639544
444,16.649710
445,16.682874
446,16.673047
447,16.581149
448,16.767179
449,16.703967
450,16.646214
451,16.696922
452,16.730307
453,16.466474
454,16.777113
455,16.679696
456,16.665565
457,16.655561
458,16.652967
459,16.594962
460,16.838266
461,16.583013
462,16.661236
463,16.673730
464,16.823753
465,16.401359
466,16.793184
467,16.777352
468,16.542074
469,16.674466
470,16.652746
471,16.676789
472,16.752015
473,16.588122
474,16.660140
475,16.680169
476,16.704997
477,16.504667
478,16.783602
479,16.669786
480,16.681185
481,16.672989
482,16.629759
483,16.572266
484,16.923719
485,16.503890
486,16.683760
487,16.671688
488,16.723516
489,16.494451
490,16.740130
491,16.687358
492,16.678659
493,16.643663
494,16.681024
495,16.563748
496,16.781008
497,16.647706
498,16.655153
499,16.687523
500,16.796557
501,16.440442
502,16.742409
503,16.652615
504,16.824557
505,16.574430
506,16.638891
507,16.855791
508,16.770901
509,16.655851
510,16.639024
511,17.572886
512,16.624515
513,16.641975
514,16.610515
515,16.828466
516,16.648875
517,16.590476
518,16.689630
519,16.709731
520,16.615141
521,16.874358
522,16.550206
523,16.558738
524,16.828893
525,16.564941
526,16.538341
527,16.744089
528,16.659810
529,16.688995
530,16.649570
531,16.740599
532,16.569560
533,16.700289
534,16.661430
535,16.679058
536,16.814136
537,16.491830
538,16.623584
539,16.741320
540,16.769283
541,16.584820
542,16.627184
543,16.814003
544,16.469746
545,16.813771
546,16.741991
547,16.539491
548,16.713725
549,16.633302
550,16.538128
551,16.944106
552,16.559475
553,16.585172
554,16.697302
555,16.626663
556,16.618262
557,16.741495
558,16.643680
559,16.707980
560,16.848612
561,16.499239
562,16.553735
563,17.053442
564,16.387224
565,16.638687
566,16.652127
567,16.684430
568,16.581651
569,16.936340
570,16.500053
571,16.683277
572,16.635226
573,16.662013
574,16.588631
575,16.742662
576,16.768154
577,16.594462
578,16.682974
579,16.626250
580,16.584543
581,16.753560
582,16.654717
583,16.694329
584,16.690952
585,16.614027
586,16.601847
587,16.739771
588,16.667788
589,16.667780
590,16.658180
591,16.712949
592,16.551834
593,16.771286
594,16.661010
595,16.664154
596,16.690043
597,16.626307
598,16.579059
599,16.777322
600,16.688646
601,16.635857
602,16.678354
603,16.638951
604,16.629502
605,16.743096
606,16.714522
607,16.596792
608,16.678490
609,16.644696
610,16.580000
611,16.745874
612,16.742091
613,16.650948
614,16.643495
615,16.650860
616,16.578718
617,16.832407
618,16.596119
619,16.660419
620,16.690680
621,16.693210
622,16.522979
623,16.745772
624,16.704476
625,16.621903
626,16.662042
627,16.662825
628,16.768041
629,16.594618
630,16.697087
631,16.621239
632,16.688105
633,16.651120
634,16.578358
635,16.749109
636,16.690272
637,16.660518
638,16.681054
639,16.678900
640,16.869718
641,16.520207
642,16.558525
643,16.655132
644,16.750522
645,16.757202
646,16.557590
647,16.774160
648,16.663263
649,16.655694
650,16.662683
651,16.654234
652,16.592078
653,16.761309
654,16.669773
655,16.687635
656,16.757770
657,16.704208
658,16.415498
659,16.826559
660,16.649893
661,16.630175
662,16.655366
663,16.644853
664,16.597753
665,16.860936
666,16.602209
667,16.642185
668,16.688137
669,16.792436
670,16.406079
671,16.789046
672,16.696797
673,16.708552
674,16.731152
675,16.523148
676,16.565527
677,16.773573
678,16.676458
679,16.648848
680,16.660326
681,16.751553
682,16.478538
683,16.794740
684,16.652782
685,16.844200
686,16.472205
687,16.642937
688,16.641354
689,16.848079
690,16.553022
691,16.658348
692,16.713307
693,16.747805
694,16.442844
695,16.782884
696,16.783674
697,16.640554
698,16.574106
699,16.645092
700,16.586672
701,16.763442
702,16.632406
703,16.671855
704,16.759145
705,16.759145
706,16.392750
707,16.771228
708,16.658222
709,16.715126
710,16.631908
711,16.667094
712,16.584106
713,16.755384
714,16.652769
715,16.673967
716,16.711063
717,16.715944
718,16.471357
719,16.790319
720,16.652000
721,16.754102
722,16.575489
723,16.673248
724,17.185972
725,16.840241
726,16.590285
727,16.696977
728,16.625557
729,16.797617
730,16.446202
731,16.808661
732,16.721556
733,16.611708
734,16.674954
735,16.644812
736,16.533273
737,16.792790
738,16.656875
739,16.643976
740,16.810758
741,16.742504
742,16.452880
743,16.766897
744,17.102957
745,16.456929
746,16.594299
747,16.665966
748,16.583741
749,16.773410
750,16.659351
751,16.652578
752,16.688307
753,16.672272
754,16.568624
755,16.748102
756,16.754231
757,16.707257
758,16.541406
759,16.658554
760,16.584826
761,16.900937
762,16.505349
763,16.651143
764,16.794572
765,16.645564
766,16.668426
767,16.668537
768,16.638604
769,16.726914
770,16.624040
771,16.684177
772,16.574008
773,16.802402
774,16.589287
775,16.667614
776,16.730427
777,16.673460
778,16.542202
779,16.739877
780,16.717401
781,16.838386
782,16.469191
783,16.652057
784,16.584175
785,16.783623
786,16.662277
787,16.692105
788,16.661072
789,16.778185
790,16.417187
791,16.824528
792,16.610438
793,16.698974
794,16.785802
795,16.498171
796,16.583718
797,17.008138
798,16.477214
799,16.594189
800,16.735056
801,16.609284
802,16.556024
803,16.781342
804,16.649395
805,16.977553
806,16.815295
807,16.541292
808,16.555714
809,16.838099
810,16.662232
811,16.657740
812,16.647890
813,16.788067
814,16.422099
815,16.849715
816,16.712516
817,16.537588
818,16.649878
819,16.809646
820,16.420946
821,17.037030
822,16.432636
823,16.679981
824,16.672327
825,16.697219
826,16.508638
827,16.856981
828,16.604459
829,16.671589
830,16.598782
831,16.679195
832,16.884123
833,16.745805
834,16.655038
835,16.665421
836,16.670210
837,16.713794
838,16.533576
839,16.881804
840,16.676967
841,16.706539
842,16.500413
843,16.679643
844,16.564472
845,16.909010
846,16.584028
847,16.616513
848,16.654429
849,16.768949
850,16.466333
851,16.757314
852,16.747210
853,16.592518
854,16.792407
855,16.577586
856,16.515143
857,16.760082
858,16.639974
859,16.862409
860,16.514335
861,16.706388
862,16.535610
863,16.876453
864,16.675980
865,16.544188
866,16.744206
867,16.585445
868,16.576541
869,16.776506
870,16.705856
871,16.608230
872,16.678998
873,16.673713
874,16.561228
875,16.744230
876,16.678152
877,16.821889
878,16.538844
879,16.648147
880,16.562200
881,16.845508
882,16.579639
883,16.675040
884,16.827887
885,16.574759
886,16.518033
887,16.736133
888,16.655018
889,16.687061
890,16.792736
891,16.734839
892,16.398526
893,16.770316
894,16.652494
895,16.656639
896,16.746262
897,16.670404
898,16.512173
899,16.835472
900,16.650663
901,16.598702
902,16.674647
903,16.662310
904,16.586824
905,16.858206
906,16.571355
907,16.653370
908,16.684017
909,16.726193
910,16.611444
911,16.705105
912,16.625516
913,16.667463
914,16.680193
915,16.644359
916,16.577899
917,16.781782
918,16.691422
919,16.604490
920,16.679227
921,16.684424
922,16.556926
923,16.771696
924,16.627571
925,16.675326
926,16.669703
927,16.664015
928,16.591795
929,16.797704
930,16.898084
931,16.417736
932,16.661336
933,16.743202
934,16.555306
935,16.688272
936,16.653853
937,16.677353
938,16.676619
939,16.688660
940,16.563466
941,16.768348
942,16.800508
943,16.565467
944,16.744789
945,16.636524
946,16.539898
947,16.713666
948,16.648423
949,16.733854
950,16.661774
951,16.591362
952,16.593581
953,16.787489
954,16.698036
955,16.604120
956,16.661282
957,16.674989
958,16.604585
959,16.728055
960,16.649798
961,16.687035
962,16.718943
963,16.628042
964,16.577002
965,16.754225
966,16.787154
967,16.546091
968,16.657043
969,16.767487
970,16.465183
971,16.771463
972,16.688727
973,16.657723
974,16.693215
975,16.637436
976,16.577839
977,16.811156
978,16.664394
979,16.581093
980,16.687380
981,16.686286
982,16.548667
983,16.763375
984,16.657197
985,16.670386
986,16.701206
987,16.648562
988,16.561387
989,16.983893
990,16.711056
991,16.411072
992,16.664246
993,16.670080
994,16.559845
995,16.771704
996,16.650314
997,16.683176
998,16.679267
999,16.656129
1000,16.569562
1001,16.758629
1002,16.670585
1003,16.642188
1004,16.671232
1005,16.676952
1006,16.576211
1007,16.929080
1008,16.583510
1009,16.960535
1010,16.788385
1011,16.476633
1012,16.586201
1013,16.863557
1014,16.772851
1015,16.498667
1016,16.669618
1017,16.667766
1018,16.586736
1019,16.743276
1020,16.653335
1021,16.673015
1022,16.967396
1023,16.474248
1024,16.485039
1025,16.800972
1026,16.725219
1027,16.551926
1028,16.679889
1029,16.678219
1030,16.589340
1031,16.742216
1032,16.671706
1033,16.675441
1034,16.672423
1035,16.812097
1036,16.420118
1037,16.762290
1038,16.657244
1039,16.700177
1040,16.728169
1041,16.562807
1042,16.598034
1043,16.761289
1044,16.692975
1045,16.672513
1046,16.831517
1047,16.649381
1048,16.383657
1049,16.784007
1050,16.651410
1051,16.834123
1052,16.506270
1053,16.732924
1054,16.499988
1055,16.955264
1056,16.477728
1057,16.655552
1058,16.942440
1059,16.449681
1060,16.519869
1061,17.280716
1062,16.214332
1063,16.593562
1064,16.719784
1065,16.738088
1066,16.473348
1067,16.755352
1068,16.641271
1069,16.691600
1070,16.669139
1071,16.667917
1072,16.703330
1073,16.635211
1074,16.651160
1075,16.654391
1076,16.686736
1077,16.664690
1078,16.601326
1079,16.724401
1080,16.650207
1081,16.679989
1082,16.695089
1083,17.000850
1084,16.219496
1085,16.752936
1086,16.668573
1087,16.658247
1088,16.680917
1089,16.661490
1090,16.727323
1091,16.802268
1092,16.480903
1093,16.657068
1094,16.936198
1095,16.437293
1096,16.543612
1097,16.755326
1098,16.837377
1099,16.604511
1100,16.549768
1101,16.831003
1102,16.460420
1103,16.943043
1104,16.489938
1105,16.713866
1106,16.619153
1107,16.689870
1108,16.493404
1109,16.853044
1110,16.565205
1111,16.724570
1112,16.622012
1113,16.667984
1114,16.576904
1115,16.882095
1116,16.699811
1117,16.503046
1118,16.761061
1119,16.687744
1120,16.457924
1121,16.819231
1122,16.593068
1123,17.023451
1124,16.379413
1125,16.668413
1126,16.526327
1127,16.820410
1128,16.605141
1129,16.648935
1130,16.668456
1131,16.810747
1132,16.440290
1133,16.787508
1134,16.632820
1135,16.717042
1136,16.632886
1137,16.765017
1138,16.473698
1139,16.781634
1140,16.632823
1141,16.828968
1142,16.513971
1143,16.675444
1144,16.570279
1145,16.754248
1146,16.781412
1147,16.669230
1148,16.792606
1149,16.411472
1150,16.581818
1151,16.865536
1152,16.558656
1153,16.630773
1154,16.722999
1155,16.665628
1156,16.570238
1157,16.734872
1158,16.685589
1159,16.784268
1160,16.545415
1161,16.668672
1162,16.577804
1163,16.886431
1164,16.582161
1165,16.646200
1166,16.808328
1167,16.531547
1168,16.588635
1169,16.763070
1170,16.659132
1171,16.685741
1172,16.645136
1173,16.735776
1174,16.500351
1175,17.309582
1176,16.252446
1177,16.670766
1178,16.787801
1179,16.574833
1180,16.543149
1181,16.815791
1182,16.584240
1183,16.680244
1184,16.661706
1185,16.654827
1186,16.610731
1187,16.759382
1188,16.652663
1189,16.658264
1190,16.674227
1191,16.817935
1192,16.427187
1193,16.755332
1194,16.650101
1195,16.727811
1196,16.608997
1197,16.675761
1198,16.709517
1199,16.635177
1200,16.743921
1201,16.580118
1202,16.654706
1203,16.683138
1204,16.576518
1205,16.770681
1206,16.636206
1207,16.674352
1208,16.682672
1209,16.692262
1210,16.531660
1211,16.763696
1212,16.680003
1213,16.648455
1214,16.696562
1215,16.653963
1216,16.710766
1217,16.609396
1218,16.647450
1219,16.687242
1220,16.670262
1221,16.658615
1222,16.582064
1223,16.952874
1224,16.745416
1225,16.372942
1226,16.663011
1227,16.909335
1228,16.354093
1229,16.910935
1230,16.575101
1231,16.743214
1232,16.602305
1233,16.605517
1234,16.567888
1235,16.834557
1236,16.653516
1237,16.595731
1238,16.664220
1239,16.703774
1240,16.554573
1241,16.810168
1242,16.749802
1243,16.516485
1244,16.688937
1245,16.633569
1246,16.589961
1247,16.875249
1248,16.566039
1249,16.788546
1250,16.525590
1251,16.730198
1252,16.527049
1253,16.760532
1254,16.664604
1255,16.659865
1256,16.738305
1257,16.591976
1258,16.589562
1259,16.835431
1260,16.677751
1261,16.585441
1262,16.708670
1263,16.754982
1264,16.445332
1265,16.767941
1266,16.657922
1267,16.954124
1268,16.435443
1269,16.599690
1270,16.577266
1271,16.764962
1272,16.773208
1273,16.556011
1274,16.850564
1275,16.488814
1276,16.589198
1277,16.754198
1278,16.641661
1279,16.700826
1280,16.700777
1281,16.598350
1282,16.572987
1283,16.858436
1284,16.694954
1285,17.317280
1286,16.103379
1287,16.756290
1288,16.447709
1289,16.764947
1290,16.641654
1291,16.708428
1292,17.017937
1293,16.309115
1294,16.543135
1295,16.788202
1296,16.717820
1297,16.569289
1298,16.670951
1299,16.885237
1300,16.383448
1301,16.785575
1302,16.679837
1303,16.726720
1304,16.658478
1305,16.637230
1306,16.500909
1307,16.766832
1308,16.718439
1309,16.606425
1310,16.714675
1311,16.612807
1312,16.622325
1313,16.712087
1314,16.682512
1315,16.739574
1316,16.810426
1317,16.558310
1318,16.458404
1319,16.784949
1320,16.630390
1321,16.690797
1322,16.645184
1323,16.695640
1324,16.565863
1325,16.992027
1326,16.429151
1327,16.648532
1328,16.683487
1329,16.659921
1330,16.577450
1331,16.783687
1332,16.678788
1333,16.603611
1334,16.701390
1335,17.224883
1336,16.307899
1337,16.830035
1338,16.462218
1339,16.707524
1340,16.654442
1341,16.800343
1342,16.422613
1343,16.971511
1344,16.464333
1345,16.627723
1346,16.671544
1347,16.660880
1348,16.631913
1349,16.743706
1350,16.793958
1351,16.519167
1352,16.694316
1353,16.754019
1354,16.466920
1355,16.755995
1356,16.705102
1357,16.629167
1358,16.671310
1359,16.646909
1360,16.628915
1361,16.710038
1362,16.693653
1363,16.635607
1364,16.724929
1365,16.720714
1366,16.534829
1367,16.834597
1368,16.735317
1369,16.497850
1370,16.677922
1371,16.722115
1372,16.518123
1373,16.766890
1374,16.640602
1375,16.748714
1376,16.595749
1377,16.651352
1378,16.594245
1379,16.749396
1380,16.651378
1381,16.710644
1382,16.639711
1383,16.704084
1384,16.554946
1385,16.759364
1386,16.678679
1387,16.645312
1388,16.732755
1389,16.637182
1390,16.529743
1391,16.772600
1392,16.681882
1393,16.913479
1394,16.405527
1395,16.741640
1396,16.520291
1397,16.713727
1398,17.297922
1399,16.055145
1400,16.984371
1401,16.524430
1402,16.637545
1403,16.568147
1404,16.830411
1405,16.741999
1406,16.543534
1407,16.649090
1408,16.666413
1409,16.620986
1410,16.692040
1411,16.680849
1412,16.673378
1413,16.711715
1414,16.603932
1415,16.586619
1416,16.751090
1417,16.683724
1418,16.950586
1419,16.457264
1420,16.580502
1421,16.639590
1422,16.701487
1423,16.665654
1424,16.688723
1425,16.804894
1426,16.508811
1427,16.574516
1428,16.771613
1429,16.677421
1430,16.643977
1431,16.714267
1432,16.624175
1433,16.581703
1434,16.766288
1435,16.643992
1436,16.683982
1437,16.649183
1438,16.641070
1439,16.615253
1440,16.812222
1441,16.602633
1442,16.776453
1443,16.686412
1444,16.677562
1445,16.446078
1446,16.814099
1447,16.596927
1448,16.680293
1449,16.831875
1450,16.484015
1451,16.719782
1452,16.634056
1453,16.762566
1454,16.587849
1455,16.683450
1456,16.614869
1457,16.630912
1458,16.713250
1459,16.651228
1460,16.667133
1461,16.769728
1462,16.565180
1463,16.596419
1464,16.747855
1465,16.757648
1466,16.617935
1467,16.596971
1468,16.722017
1469,16.672875
1470,16.627452
1471,16.666913
1472,16.715446
1473,16.630778
1474,16.657044
1475,16.586419
1476,16.929893
1477,16.797935
1478,16.365116
1479,16.665502
1480,16.666180
1481,16.587816
1482,16.729842
1483,16.668688
1484,17.212047
1485,16.678903
1486,16.656463
1487,16.564588
1488,17.206229
1489,16.471598
1490,16.456102
1491,16.620266
1492,16.673528
1493,16.582830
1494,16.881952
1495,16.511093
1496,16.700238
1497,16.643784
1498,16.649502
1499,16.595897
1500,16.754403
1501,16.766262
1502,16.549430
1503,16.685230
1504,16.718550
1505,16.536529
1506,16.743229
1507,16.658413
1508,16.820829
1509,16.576833
1510,16.613067
1511,16.584928
1512,16.818523
1513,16.829878
1514,16.458606
1515,16.639265
1516,16.650178
1517,16.647800
1518,16.700750
1519,16.766631
1520,16.559426
1521,16.775808
1522,16.557629
1523,16.606372
1524,16.760631
1525,16.676905
1526,16.780406
1527,16.527487
1528,16.667234
1529,16.685760
1530,16.733773
1531,16.652551
1532,16.678809
1533,16.676192
1534,16.629977
1535,16.599091
1536,16.891891
1537,16.810168
1538,16.521606
1539,16.665266
1540,16.686849
1541,16.568689
1542,16.740285
1543,16.653185
1544,16.676245
1545,16.674047
1546,16.661192
1547,16.589173
1548,16.759159
1549,17.072842
1550,16.560804
1551,16.639554
1552,16.780178
1553,16.190940
1554,16.760564
1555,16.670516
1556,16.660435
1557,16.676689
1558,16.675774
1559,16.574920
1560,17.123628
1561,16.652525
1562,16.661756
1563,16.671074
1564,16.660409
1565,16.564056
1566,16.741128
1567,16.656770
1568,16.678320
1569,16.718939
1570,16.626458
1571,16.577230
1572,16.752076
1573,16.719462
1574,16.703790
1575,16.577125
1576,16.650237
1577,16.594546
1578,16.817391
1579,16.665172
1580,16.668380
1581,16.681391
1582,16.646724
1583,16.524351
1584,16.835034
1585,16.627881
1586,16.610292
1587,16.664032
1588,16.714902
1589,16.559093
1590,16.821461
1591,16.672658
1592,16.577925
1593,16.675188
1594,16.772506
1595,16.469931
1596,16.779472
1597,16.878090
1598,16.446709
1599,16.655507
1600,16.658654
1601,16.587343
1602,16.735532
1603,16.668318
1604,16.782997
1605,16.565743
1606,16.657143
1607,16.581941
1608,16.750238
1609,16.815893
1610,16.674050
1611,16.494591
1612,16.722365
1613,16.557300
1614,16.955939
1615,16.508360
1616,16.759002
1617,16.554763
1618,16.658300
1619,16.678610
1620,16.662976
1621,16.670354
1622,16.714138
1623,16.589466
1624,16.770521
1625,16.478648
1626,16.759373
1627,16.660868
1628,16.793360
1629,16.530823
1630,16.650454
1631,16.590560
1632,16.759776
1633,16.720510
1634,16.667506
1635,16.600291
1636,16.670106
1637,16.605653
1638,16.758659
1639,16.781660
1640,17.220433
1641,16.071859
1642,16.639132
1643,16.516772
1644,16.756415
1645,16.665721
1646,16.671809
1647,16.655004
1648,16.648293
1649,16.618227
1650,16.806137
1651,16.607668
1652,16.661467
1653,16.897342
1654,16.467314
1655,16.539710
1656,16.742566
1657,16.680998
1658,16.726973
1659,16.602198
1660,16.669020
1661,16.593194
1662,16.768870
1663,16.632612
1664,16.670756
1665,16.680806
1666,16.681159
1667,16.560347
1668,16.760228
1669,16.680842
1670,16.665174
1671,16.670677
1672,16.656883
1673,16.600398
1674,16.819415
1675,16.583031
1676,16.665899
1677,16.682487
1678,16.793367
1679,16.445181
1680,16.786236
1681,16.625322
1682,16.758519
1683,16.590233
1684,16.623621
1685,16.580807
1686,16.829444
1687,16.659563
1688,16.655192
1689,16.675176
1690,16.629002
1691,16.565376
1692,16.738138
1693,16.686022
1694,16.685362
1695,16.630608
1696,16.693028
1697,16.560879
1698,16.833387
1699,16.594968
1700,16.725761
1701,16.628873
1702,16.672789
1703,16.569507
1704,16.760551
1705,16.664900
1706,16.710582
1707,16.588230
1708,16.704701
1709,16.583858
1710,16.789962
1711,16.598008
1712,16.661703
1713,16.704244
1714,16.704756
1715,16.518701
1716,16.758299
1717,16.676746
1718,16.695334
1719,16.603395
1720,16.707808
1721,16.598368
1722,16.735456
1723,16.669928
1724,16.615701
1725,16.665070
1726,16.694911
1727,16.568109
1728,16.929421
1729,16.602993
1730,16.860941
1731,16.589810
1732,16.525272
1733,16.579020
1734,16.771590
1735,16.718497
1736,16.616186
1737,16.618795
1738,16.750265
1739,16.502906
1740,16.832193
1741,16.606818
1742,16.676563
1743,16.762926
1744,16.570288
1745,16.661346
1746,16.689564
1747,16.634623
1748,16.702293
1749,16.819909
1750,16.724164
1751,16.342973
1752,16.766330
1753,16.655407
1754,16.665290
1755,16.695001
1756,16.623820
1757,16.572934
1758,16.780053
1759,16.651464
1760,16.750689
1761,16.589297
1762,16.648410
1763,16.600295
1764,16.765949
1765,16.642903
1766,16.697325
1767,16.655012
1768,16.678635
1769,16.563688
1770,16.924204
1771,16.514684
1772,16.694303
1773,16.684548
1774,16.698868
1775,16.477356
1776,16.824336
1777,16.611071
1778,16.673511
1779,16.694323
1780,16.590704
1781,16.604038
1782,16.797975
1783,16.626206
1784,16.750958
1785,16.562385
1786,16.674275
1787,16.586947
1788,16.723956
1789,16.685273
1790,16.785046
1791,16.583767
1792,16.612836
1793,16.602296
1794,16.960845
1795,16.526040
1796,16.585454
1797,16.653935
1798,16.732468
1799,16.536069
1800,16.745593
1801,16.675797
1802,16.769336
1803,16.630344
1804,16.608981
1805,16.669292
1806,16.755583
1807,16.682028
1808,16.661900
1809,16.648772
1810,16.876021
1811,16.392880
1812,16.753855
1813,16.634579
1814,16.733723
1815,16.651001
1816,16.612079
1817,16.585547
1818,16.808741
1819,16.614552
1820,16.658204
1821,16.673094
1822,16.671274
1823,16.600519
1824,16.724102
1825,16.652569
1826,16.719468
1827,16.681810
1828,16.596979
1829,16.616232
1830,16.742591
1831,16.665228
1832,16.668492
1833,16.658093
1834,16.814047
1835,16.445476
1836,16.734466
1837,16.658112
1838,16.679390
1839,16.727037
1840,16.602602
1841,16.586770
1842,16.750127
1843,16.691683
1844,16.637027
1845,16.656092
1846,16.690580
1847,16.610505
1848,16.701608
1849,16.669772
1850,16.681439
1851,16.764284
1852,16.705429
1853,16.448227
1854,16.912357
1855,16.562770
1856,16.591223
1857,16.663706
1858,16.677934
1859,16.590818
1860,16.738359
1861,16.653318
1862,16.779676
1863,16.788623
1864,16.721982
1865,16.326258
1866,16.916723
1867,16.571779
1868,16.589464
1869,16.682352
1870,16.663885
1871,16.650481
1872,16.670041
1873,16.650823
1874,16.700881
1875,16.794847
1876,16.612095
1877,16.485965
1878,16.744002
1879,16.686924
1880,16.648948
1881,16.658172
1882,16.661706
1883,16.604628
1884,16.741765
1885,16.662083
1886,16.665020
1887,16.726392
1888,16.611264
1889,16.600320
1890,16.736101
1891,16.677152
1892,16.660173
1893,16.657239
1894,16.678147
1895,16.586872
1896,16.731475
1897,16.663713
1898,16.668840
1899,16.687057
1900,16.649695
1901,16.591815
1902,16.753099
1903,16.688885
1904,16.642385
1905,16.746605
1906,16.584399
1907,16.627365
1908,16.787127
1909,16.660582
1910,16.604943
1911,16.662293
1912,16.663163
1913,16.586939
1914,16.797315
1915,16.625873
1916,16.668068
1917,16.651776
1918,16.675696
1919,16.614482
1920,16.725694
1921,16.635329
1922,16.678439
1923,16.764665
1924,16.580282
1925,16.577613
1926,16.745706
1927,16.727954
1928,16.611530
1929,16.659414
1930,16.671874
1931,16.606697
1932,16.743392
1933,16.664904
1934,16.672484
1935,16.691356
1936,16.695963
1937,16.527630
1938,16.778687
1939,16.619821
1940,16.663047
1941,16.664323
1942,16.669005
1943,16.595696
1944,16.734919
1945,16.663054
1946,16.659211
1947,16.685641
1948,16.729425
1949,16.533289
1950,16.742968
1951,16.682811
1952,16.655067
1953,16.659829
1954,16.663608
1955,16.646266
1956,16.787503
1957,16.632396
1958,16.592175
1959,16.747591
1960,16.589219
1961,16.592685
1962,16.830512
1963,16.608795
1964,16.647574
1965,16.699176
1966,16.682806
1967,16.543451
1968,16.771531
1969,16.673427
1970,16.643093
1971,16.718149
1972,16.700121
1973,16.491964
1974,16.808929
1975,16.605321
1976,16.684190
1977,16.650130
1978,16.725206
1979,16.542124
1980,16.928351
1981,16.559507
1982,16.584136
1983,16.964664
1984,16.701540
1985,16.427136
1986,16.845546
1987,16.617593
1988,16.646439
1989,16.643055
1990,16.664777
1991,16.595941
1992,16.759864
1993,16.687325
1994,16.625856
1995,16.683520
1996,16.754312
1997,16.464788
1998,16.798375
1999,16.690231
2000,16.697568
2001,16.614320
2002,16.640146
2003,16.593467
2004,16.788658
2005,16.654681
2006,16.647515
2007,16.653010
2008,16.683052
2009,16.562355
2010,16.757062
2011,16.670294
2012,16.751844
2013,16.609890
2014,16.635477
2015,17.005039
2016,16.768740
2017,16.703902
2018,16.623994
2019,16.803445
2020,16.696512
2021,16.407357
2022,16.750017
2023,16.700691
2024,16.763626
2025,16.525426
2026,16.690341
2027,16.563068
2028,16.838764
2029,16.600025
2030,16.650612
2031,16.723730
2032,16.642188
2033,16.548936
2034,16.775602
2035,16.643358
2036,16.718847
2037,16.642431
2038,16.684076
2039,16.572380
2040,16.849938
2041,16.554803
2042,16.652604
2043,16.689937
2044,16.734033
2045,16.478027
2046,16.789881
2047,16.850109
2048,16.510078
2049,16.618835
2050,16.675515
2051,16.591927
2052,16.780712
2053,16.678246
2054,16.669308
2055,16.660010
2056,16.713531
2057,16.515897
2058,16.757089
2059,16.647574
2060,16.685457
2061,16.688481
2062,16.652298
2063,16.576073
2064,16.763352
2065,16.631401
2066,16.707843
2067,16.864649
2068,16.467710
2069,16.569760
2070,16.751340
2071,16.672509
2072,16.677156
2073,16.650175
2074,16.763898
2075,16.482033
2076,16.756910
2077,16.659328
2078,16.838149
2079,16.485089
2080,16.731429
2081,16.531459
2082,16.734904
2083,16.770717
2084,16.565090
2085,16.838844
2086,16.505953
2087,16.594453
2088,16.728073
2089,16.657410
2090,16.821666
2091,16.511673
2092,16.778668
2093,16.483707
2094,16.802475
2095,16.790691
2096,16.585071
2097,16.570687
2098,16.672074
2099,16.576708
2100,16.749915
2101,16.686670
2102,16.640353
2103,16.720580
2104,16.699921
2105,16.534543
2106,16.755753
2107,16.635698
2108,16.710588
2109,16.694994
2110,16.650267
2111,16.528018
2112,16.834990
2113,16.600686
2114,16.667726
2115,16.687541
2116,16.708521
2117,16.514399
2118,16.764307
2119,16.635113
2120,16.728644
2121,16.668540
2122,16.600979
2123,16.590705
2124,16.748558
2125,16.660548
2126,16.710037
2127,16.636788
2128,16.674927
2129,16.568320
2130,16.761485
2131,16.664236
2132,16.688468
2133,16.631569
2134,16.669928
2135,16.576109
2136,16.748594
2137,16.690372
2138,16.641281
2139,16.737177
2140,16.680748
2141,16.506346
2142,16.735346
2143,16.685800
2144,16.724015
2145,16.596839
2146,16.666839
2147,16.599073
2148,16.768556
2149,16.638373
2150,16.666902
2151,16.659773
2152,16.909012
2153,16.350852
2154,16.742185
2155,16.663589
2156,16.673891
2157,16.675678
2158,16.668494
2159,16.611667
2160,16.729982
2161,16.671050
2162,16.632153
2163,16.694671
2164,16.865841
2165,16.365168
2166,16.739865
2167,16.681402
2168,16.752640
2169,16.585169
2170,16.678991
2171,16.568603
2172,16.782512
2173,16.739603
2174,16.593668
2175,16.636184
2176,16.789038
2177,16.456376
2178,16.777253
2179,16.631131
2180,16.778548
2181,16.667340
2182,16.628069
2183,16.524762
2184,16.737392
2185,16.685489
2186,16.708133
2187,16.625246
2188,16.699335
2189,16.595236
2190,16.694485
2191,16.665331
2192,16.857140
2193,16.505083
2194,16.644517
2195,16.576799
2196,16.826877
2197,16.741354
2198,16.503474
2199,16.658743
2200,16.672584
2201,16.590240
2202,16.738881
2203,16.697680
2204,16.687683
2205,16.725585
2206,16.562205
2207,16.589795
2208,16.738720
2209,16.862962
2210,16.476088
2211,16.687436
2212,16.656583
2213,16.627696
2214,16.694799
2215,16.672935
2216,16.692883
2217,16.696138
2218,16.628009
2219,16.589436
2220,16.771289
2221,16.625935
2222,16.701265
2223,16.649477
2224,16.706520
2225,16.553140
2226,16.746475
2227,16.655678
2228,16.909283
2229,16.470365
2230,16.629337
2231,16.560896
2232,16.798432
2233,16.711958
2234,16.790467
2235,16.443065
2236,16.665157
2237,16.614822
2238,16.729888
2239,16.720167
2240,16.599224
2241,16.998319
2242,16.644123
2243,16.281242
2244,17.100185
2245,16.531925
2246,16.792841
2247,16.503767
2248,16.741579
2249,16.349753
2250,17.069051
2251,16.704181
2252,16.761903
2253,16.264699
2254,16.607884
2255,16.578798
2256,16.827855
2257,16.636578
2258,16.626386
2259,16.752812
2260,16.560332
2261,16.620075
2262,16.739150
2263,16.654929
2264,16.660261
2265,16.745069
2266,16.793969
2267,16.388683
2268,16.753389
2269,16.678906
2270,16.645910
2271,16.670347
2272,16.646249
2273,16.613028
2274,16.734246
2275,16.677986
2276,16.690079
2277,16.664139
2278,16.657859
2279,16.569437
2280,16.754700
2281,16.677444
2282,16.637319
2283,16.681912
2284,16.811153
2285,16.446471
2286,16.765031
2287,16.652079
2288,16.656010
2289,16.657951
2290,16.657098
2291,16.720338
2292,16.636968
2293,16.677384
2294,16.669357
2295,16.642604
2296,16.672534
2297,16.585649
2298,16.749746
2299,16.652697
2300,16.741732
2301,16.603108
2302,16.755471
2303,16.499208
2304,16.807999
2305,16.597711
2306,16.703355
2307,16.637782
2308,16.793758
2309,16.642826
2310,16.645190
2311,16.602188
2312,16.645920
2313,16.686818
2314,16.777794
2315,16.462475
2316,16.862452
2317,16.542678
2318,16.731083
2319,16.592335
2320,16.668573
2321,16.596282
2322,16.793426
2323,16.665535
2324,16.610797
2325,16.666954
2326,16.774813
2327,16.483760
2328,16.800226
2329,16.685891
2330,16.647520
2331,16.671515
2332,16.664359
2333,16.579486
2334,16.859641
2335,16.499893
2336,16.674647
2337,16.658898
2338,16.774949
2339,16.495102
2340,16.747847
2341,16.821772
2342,16.560456
2343,16.604746
2344,16.681913
2345,16.582227
2346,16.776547
2347,16.617739
2348,16.677609
2349,16.658412
2350,16.746889
2351,16.530835
2352,16.727763
2353,16.922772
2354,16.495592
2355,16.604874
2356,16.666895
2357,16.563490
2358,16.789822
2359,16.783090
2360,16.518947
2361,16.696539
2362,16.633040
2363,16.615521
2364,16.702850
2365,16.664993
2366,16.880422
2367,16.648401
2368,16.490254
2369,16.577137
2370,16.797176
2371,16.620044
2372,16.659118
2373,16.872657
2374,16.510275
2375,16.560870
2376,16.745356
2377,16.648604
2378,16.723834
2379,16.611988
2380,16.945392
2381,16.335601
2382,16.731379
2383,16.669985
2384,16.663948
2385,16.811671
2386,16.527381
2387,16.573705
2388,16.743486
2389,16.696140
2390,16.691041
2391,16.629194
2392,16.765411
2393,16.477506
2394,16.786936
2395,16.630303
2396,16.656288
2397,16.690617
2398,16.736441
2399,16.516144
2400,16.777779
2401,16.650600
2402,16.703748
2403,16.611684
2404,16.667194
2405,16.583899
2406,16.790761
2407,16.606069
2408,16.699001
2409,16.672830
2410,16.780631
2411,16.444188
2412,16.771686
2413,16.635684
2414,16.719877
2415,16.617927
2416,16.661490
2417,16.688844
2418,16.700486
2419,16.687016
2420,16.587481
2421,16.666991
2422,16.699702
2423,16.584570
2424,16.760135
2425,16.644044
2426,16.744819
2427,16.612232
2428,16.640791
2429,16.601273
2430,16.872264
2431,16.716833
2432,16.487501
2433,16.680975
2434,16.764284
2435,16.613786
2436,16.628799
2437,16.640532
2438,16.674785
2439,16.653245
2440,16.663670
2441,16.601635
2442,16.975650
2443,16.558351
2444,16.522948
2445,16.689476
2446,16.678547
2447,16.620192
2448,16.693994
2449,16.661264
2450,16.682728
2451,16.661041
2452,16.649277
2453,16.608102
2454,16.749715
2455,16.660350
2456,16.655510
2457,16.674688
2458,16.704206
2459,16.568357
2460,16.904286
2461,16.488290
2462,16.680091
2463,16.733914
2464,16.593824
2465,16.587122
2466,16.796313
2467,16.640881
2468,16.770803
2469,16.546047
2470,16.676865
2471,16.584075
2472,16.742687
2473,16.771535
2474,16.742077
2475,16.588814
2476,16.574452
2477,16.587735
2478,16.749755
2479,16.732654
2480,16.588100
2481,16.722036
2482,16.683381
2483,16.587461
2484,16.778425
2485,16.669152
2486,16.695145
2487,16.724714
2488,16.587257
2489,16.513213
2490,16.842694
2491,16.728905
2492,16.624387
2493,16.643690
2494,16.653761
2495,16.513622
2496,16.851265
2497,16.653072
2498,16.671058
2499,16.700448
2500,16.548566
2501,16.580071
2502,16.774188
2503,16.640414
2504,16.691935
2505,16.647574
2506,16.656994
2507,16.572169
2508,16.748502
2509,16.662170
2510,16.724640
2511,16.673026
2512,16.648834
2513,16.543189
2514,16.778572
2515,16.661278
2516,16.630234
2517,16.670502
2518,16.689567
2519,16.583603
2520,16.737409
2521,16.662798
2522,16.666555
2523,16.699866
2524,16.666508
2525,16.554371
2526,16.769398
2527,16.671898
2528,16.653231
2529,16.750324
2530,16.630166
2531,16.590655
2532,16.703504
2533,16.672642
2534,16.691248
2535,16.754354
2536,16.699469
2537,16.426729
2538,16.770368
2539,16.781977
2540,16.541410
2541,16.740103
2542,16.588969
2543,16.578762
2544,16.790982
2545,16.613432
2546,16.684200
2547,16.683513
2548,16.635381
2549,16.593773
2550,16.752720
2551,16.715572
2552,16.657467
2553,16.673589
2554,16.657103
2555,16.597749
2556,16.712681
2557,16.645743
2558,16.663820
2559,16.732055
2560,16.605767
2561,16.590052
2562,16.824750
2563,16.678807
2564,16.605790
2565,16.638160
2566,16.685633
2567,16.627827
2568,16.801939
2569,16.533728
2570,16.661276
2571,16.695316
2572,16.681314
2573,16.578371
2574,16.748877
2575,16.796588
2576,16.520509
2577,16.656448
2578,16.683286
2579,16.580483
2580,16.742441
2581,16.713109
2582,16.638673
2583,16.695483
2584,16.632283
2585,16.576782
2586,16.752604
2587,16.669740
2588,16.660940
2589,16.644960
2590,16.658044
2591,16.620785
2592,16.867390
2593,16.549836
2594,16.671573
2595,16.659203
2596,16.662757
2597,16.572210
2598,16.773992
2599,16.663599
2600,16.696773
2601,16.616858
2602,16.650308
2603,16.612548
2604,16.823831
2605,16.583978
2606,16.684391
2607,16.644753
2608,16.706713
2609,16.632835
2610,16.680276
2611,16.695572
2612,16.648988
2613,16.696285
2614,16.697941
2615,16.504454
2616,16.776124
2617,16.620046
2618,17.012761
2619,16.442211
2620,16.560443
2621,16.587773
2622,16.743766
2623,16.687504
2624,16.767505
2625,16.530222
2626,16.675406
2627,16.595276
2628,16.754723
2629,16.655700
2630,16.651129
2631,16.704209
2632,16.629936
2633,16.619045
2634,16.720647
2635,16.665792
2636,16.703250
2637,16.644945
2638,16.690779
2639,16.561312
2640,16.826923
2641,16.612247
2642,16.649054
2643,16.720865
2644,16.614613
2645,16.580740
2646,16.790271
2647,16.620143
2648,16.752583
2649,16.588469
2650,16.670107
2651,16.586756
2652,17.040065
2653,16.375422
2654,16.675111
2655,16.648969
2656,16.696208
2657,16.551703
2658,17.785288
2659,15.641598
2660,16.702306
2661,16.624090
2662,16.657778
2663,16.598300
2664,16.768772
2665,16.639082
2666,16.688207
2667,16.640971
2668,16.771883
2669,16.481093
2670,16.743773
2671,16.834669
2672,16.543661
2673,16.697638
2674,16.667593
2675,16.565477
2676,16.759219
2677,16.634141
2678,16.682040
2679,16.723701
2680,16.644360
2681,16.536133
2682,16.734931
2683,16.764477
2684,16.587316
2685,16.661133
2686,16.662208
2687,16.609694
2688,16.703953
2689,16.673898
2690,16.661587
2691,16.696215
2692,16.676255
2693,16.551845
2694,16.744186
2695,16.702080
2696,16.626441
2697,16.652287
2698,16.666451
2699,16.595828
2700,16.805781
2701,16.593784
2702,16.659869
2703,16.766615
2704,16.603209
2705,16.577527
2706,16.743561
2707,16.671646
2708,16.654864
2709,16.742027
2710,16.572449
2711,16.616372
2712,16.740813
2713,16.666202
2714,16.700162
2715,16.684199
2716,16.707880
2717,16.492082
2718,16.746821
2719,16.756208
2720,16.614267
2721,16.634807
2722,16.646521
2723,16.594289
2724,16.753726
2725,16.658678
2726,16.767543
2727,16.564377
2728,16.669889
2729,16.586830
2730,16.753264
2731,16.659406
2732,16.726908
2733,16.599508
2734,16.665713
2735,16.591599
2736,16.807856
2737,16.606225
2738,16.666179
2739,16.758893
2740,16.579100
2741,16.585747
2742,16.788796
2743,16.623305
2744,16.810834
2745,16.579946
2746,16.650095
2747,16.549552
2748,16.808579
2749,16.690946
2750,16.658108
2751,16.664525
2752,16.687159
2753,16.515270
2754,16.804283
2755,16.608077
2756,16.751299
2757,16.628823
2758,16.675087
2759,16.513506
2760,16.760144
2761,16.773506
2762,16.564920
2763,16.667929
2764,16.667362
2765,16.568838
2766,16.757745
2767,16.656618
2768,16.840389
2769,16.516100
2770,16.651442
2771,16.577715
2772,16.766395
2773,16.760994
2774,16.601965
2775,16.620425
2776,16.878154
2777,16.371739
2778,16.768135
2779,16.653195
2780,16.684105
2781,16.751055
2782,16.557151
2783,16.587145
2784,16.766426
2785,16.739225
2786,16.637938
2787,16.657995
2788,16.666098
2789,16.565695
2790,16.706748
2791,16.675949
2792,16.707990
2793,16.641488
2794,16.644287
2795,16.585870
2796,16.786348
2797,16.811742
2798,16.493342
2799,16.664652
2800,16.663443
2801,16.588137
2802,16.767558
2803,16.633458
2804,17.557861
2805,15.776545
2806,16.674591
2807,16.583622
2808,16.755710
2809,16.771190
2810,16.558183
2811,16.663915
2812,16.662811
2813,16.627493
2814,16.702437
2815,16.660421
2816,16.717109
2817,16.668108
2818,16.654191
2819,16.557610
2820,16.750204
2821,16.662161
2822,16.668400
2823,16.703076
2824,16.722225
2825,16.532023
2826,16.783935
2827,16.626023
2828,16.929455
2829,16.556604
2830,16.530282
2831,16.538008
2832,16.824055
2833,16.658512
2834,16.630683
2835,16.648323
2836,16.694118
2837,16.611984
2838,16.696612
2839,16.650422
2840,16.712113
2841,16.687597
2842,16.601356
2843,16.587305
2844,16.754447
2845,16.698230
2846,16.628835
2847,16.649650
2848,16.732896
2849,16.543018
2850,16.760744
2851,16.656296
2852,16.671117
2853,16.709896
2854,16.589871
2855,16.597815
2856,16.845047
2857,16.628941
2858,16.605370
2859,16.663651
2860,16.711846
2861,16.553496
2862,16.791280
2863,16.626776
2864,16.858123
2865,16.577651
2866,16.642197
2867,16.497411
2868,16.761440
2869,16.804389
2870,16.569753
2871,16.683264
2872,16.592383
2873,16.664949
2874,16.668831
2875,16.660445
2876,16.721763
2877,16.650699
2878,16.718190
2879,16.511436
2880,16.836806
2881,16.742540
2882,16.594533
2883,16.590744
2884,16.652914
2885,16.584893
2886,16.825672
2887,16.689109
2888,16.632786
2889,16.668726
2890,16.642710
2891,16.538499
2892,16.846543
2893,16.648000
2894,16.601751
2895,16.648045
2896,16.756688
2897,16.503638
2898,16.810287
2899,16.662421
2900,16.688478
2901,16.593738
2902,16.725483
2903,16.526939
2904,16.736224
2905,16.739781
2906,16.614061
2907,16.643540
2908,16.683905
2909,16.622768
2910,16.772418
2911,16.606820
2912,16.658753
2913,16.673172
2914,16.717212
2915,16.531406
2916,16.777920
2917,16.647180
2918,16.662882
2919,16.646836
2920,16.664072
2921,16.757565
2922,16.672873
2923,16.611455
2924,16.646310
2925,16.667243
2926,16.670733
2927,16.568244
2928,16.751259
2929,16.677574
2930,16.654719
2931,16.704278
2932,16.625908
2933,16.598856
2934,16.738891
2935,16.664310
2936,16.692207
2937,16.659202
2938,16.740925
2939,16.508397
2940,16.746915
2941,16.693590
2942,16.663792
2943,16.644118
2944,16.686288
2945,16.576676
2946,16.747962
2947,16.648806
2948,16.657242
2949,16.719716
2950,16.657912
2951,16.573308
2952,16.750074
2953,16.890589
2954,16.509842
2955,16.564731
2956,16.670797
2957,16.635413
2958,16.708700
2959,16.656713
2960,16.656898
2961,16.744310
2962,16.704244
2963,16.473010
2964,16.738135
2965,16.672358
2966,16.667142
2967,16.659437
2968,16.672294
2969,16.609471
2970,16.763255
2971,16.645296
2972,16.662177
2973,16.695570
2974,16.615529
2975,16.597082
2976,16.778487
2977,16.733711
2978,16.681791
2979,16.556670
2980,16.659383
2981,16.612403
2982,16.730846
2983,16.673434
2984,16.650320
2985,16.672312
2986,16.789787
2987,16.473146
2988,16.809582
2989,16.690384
2990,16.585775
2991,16.646204
2992,16.758339
2993,16.499422
2994,16.864830
2995,16.553755
2996,16.669285
2997,16.647903
2998,16.785079
2999,16.559006
3000,16.657508
3001,16.671968
3002,16.681019
3003,16.653148
3004,16.673124
3005,16.614588
3006,16.779222
3007,16.753816
3008,16.580227
3009,16.624795
3010,16.723060
3011,16.501734
3012,16.757926
3013,16.672061
3014,16.687494
3015,16.639329
3016,16.659340
3017,16.726330
3018,16.623095
3019,16.655650
3020,16.661885
3021,16.658451
3022,16.700487
3023,16.569936
3024,16.824441
3025,16.580542
3026,16.691720
3027,16.636692
3028,16.661445
3029,16.606525
3030,16.751433
3031,16.766712
3032,16.558826
3033,16.658310
3034,16.751269
3035,16.509938
3036,16.750382
3037,16.664558
3038,16.666415
3039,16.675335
3040,16.645342
3041,16.598419
3042,16.827730
3043,16.571621
3044,16.667916
3045,16.658102
3046,16.697659
3047,16.579995
3048,16.744934
3049,16.764694
3050,16.598654
3051,16.649783
3052,16.673398
3053,16.571644
3054,16.733554
3055,16.666223
3056,16.666101
3057,16.719535
3058,16.656756
3059,16.564642
3060,16.752350
3061,16.698781
3062,16.687401
3063,16.604379
3064,16.667281
3065,16.585683
3066,16.760908
3067,16.750575
3068,16.551768
3069,16.665120
3070,16.677956
3071,16.589022
3072,16.747110
3073,16.661001
3074,16.743309
3075,16.728225
3076,16.541142
3077,16.585326
3078,16.824668
3079,16.757502
3080,16.520074
3081,16.692222
3082,16.677421
3083,16.544488
3084,16.751713
3085,16.626533
3086,16.708911
3087,16.658177
3088,16.635092
3089,16.606740
3090,16.779645
3091,16.644514
3092,16.661234
3093,16.719414
3094,16.658497
3095,16.525153
3096,16.751655
3097,16.654273
3098,16.711266
3099,16.733191
3100,16.715543
3101,16.442542
3102,16.759432
3103,16.656004
3104,16.658035
3105,16.664330
3106,16.919921
3107,16.348819
3108,16.741494
3109,16.646218
3110,16.681848
3111,16.688488
3112,16.676535
3113,16.549114
3114,16.776528
3115,16.634052
3116,16.653812
3117,16.748784
3118,16.787721
3119,16.413871
3120,16.814377
3121,16.606142
3122,16.793445
3123,16.664932
3124,16.636823
3125,16.641745
3126,16.656501
3127,16.658921
3128,16.625641
3129,16.658081
3130,16.720689
3131,16.515382
3132,16.764205
3133,16.653253
3134,16.815358
3135,16.570249
3136,16.636358
3137,16.557508
3138,16.811465
3139,16.614662
3140,16.675443
3141,16.657089
3142,16.703640
3143,16.722210
3144,16.609374
3145,16.753376
3146,16.730732
3147,16.521529
3148,16.610289
3149,16.591034
3150,17.023046
3151,16.509585
3152,16.624032
3153,16.615780
3154,16.699327
3155,16.589089
3156,16.693095
3157,16.659624
3158,16.683431
3159,16.659564
3160,16.673875
3161,16.582050
3162,16.816674
3163,16.721775
3164,16.611583
3165,16.573389
3166,16.681257
3167,16.648804
3168,16.823719
3169,16.529310
3170,16.677562
3171,16.673492
3172,16.654227
3173,16.590716
3174,16.838705
3175,16.581071
3176,16.820389
3177,16.550122
3178,16.674885
3179,16.552223
3180,16.722489
3181,16.696791
3182,16.667874
3183,16.696908
3184,16.624094
3185,16.597306
3186,16.764399
3187,16.637737
3188,16.680084
3189,16.656770
3190,16.769544
3191,16.483559
3192,16.750707
3193,16.703385
3194,16.842519
3195,16.485193
3196,16.714444
3197,16.489253
3198,16.779639
3199,16.640383
3200,16.653998
3201,16.778120
3202,16.734113
3203,16.452339
3204,16.711534
3205,16.656356
3206,16.683329
3207,16.659818
3208,16.792766
3209,16.560343
3210,16.744309
3211,16.707407
3212,16.695047
3213,16.616984
3214,16.666109
3215,16.591663
3216,16.738578
3217,16.642610
3218,16.769796
3219,16.884236
3220,16.423219
3221,16.576981
3222,16.742977
3223,16.700707
3224,16.622725
3225,16.715852
3226,16.811685
3227,16.436583
3228,16.852643
3229,16.634799
3230,16.679693
3231,16.721089
3232,16.510472
3233,16.569317
3234,16.729663
3235,16.665484
3236,16.680394
3237,16.653717
3238,16.663790
3239,16.596328
3240,16.737185
3241,16.673923
3242,16.656280
3243,16.702452
3244,16.755949
3245,16.480572
3246,16.736521
3247,16.672239
3248,16.688523
3249,16.631202
3250,16.669532
3251,16.717486
3252,16.643480
3253,16.652582
3254,16.673299
3255,16.659584
3256,16.674083
3257,16.586471
3258,16.771797
3259,16.639270
3260,16.656762
3261,16.688861
3262,16.645422
3263,16.603542
3264,16.787944
3265,16.683609
3266,16.660039
3267,16.677814
3268,16.683522
3269,16.619987
3270,16.697546
3271,16.659285
3272,16.663432
3273,16.839249
3274,16.499846
3275,16.529110
3276,17.045012
3277,16.355019
3278,16.678713
3279,16.670591
3280,16.644824
3281,16.603767
3282,16.732138
3283,16.718352
3284,16.620003
3285,16.651838
3286,16.699478
3287,16.581430
3288,16.863975
3289,16.531853
3290,16.660431
3291,16.687051
3292,16.668269
3293,16.577803
3294,16.826209
3295,16.661996
3296,16.599273
3297,16.657441
3298,16.658001
3299,16.600208
3300,16.820573
3301,16.564213
3302,16.700632
3303,16.690873
3304,16.715888
3305,16.532421
3306,16.765425
3307,16.656065
3308,16.661984
3309,16.641738
3310,16.660805
3311,16.634581
3312,16.768778
3313,16.663494
3314,16.648221
3315,16.631289
3316,16.660191
3317,16.596140
3318,16.738756
3319,16.852697
3320,16.592370
3321,16.741717
3322,16.649512
3323,16.569001
3324,16.985490
3325,16.512710
3326,16.662291
3327,16.836415
3328,16.703573
3329,16.154714
3330,16.925737
3331,16.751686
3332,16.514105
3333,16.611321
3334,16.809645
3335,16.408750
3336,17.144253
3337,16.439305
3338,16.621886
3339,16.944412
3340,16.644919
3341,16.169140
3342,16.877209
3343,16.591799
3344,16.688536
3345,16.590636
3346,16.658464
3347,16.602891
3348,16.759746
3349,16.670219
3350,16.727182
3351,16.619745
3352,16.733501
3353,16.489091
3354,16.759431
3355,16.727713
3356,16.678268
3357,16.562070
3358,16.668943
3359,16.664133
3360,16.786700
3361,16.581033
3362,16.630676
3363,16.701464
3364,16.785089
3365,16.460826
3366,16.754413
3367,16.653839
3368,16.818961
3369,16.630612
3370,16.629941
3371,16.499785
3372,16.783498
3373,16.641139
3374,16.782665
3375,16.566355
3376,16.661698
3377,16.563453
3378,16.771036
3379,16.655784
3380,17.080272
3381,16.523449
3382,16.390747
3383,16.631982
3384,16.705382
3385,16.667718
3386,16.660647
3387,16.919858
3388,16.659648
3389,16.588852
3390,16.901734
3391,16.378565
3392,16.642514
3393,16.654523
3394,16.661710
3395,16.607695
3396,16.747748
3397,16.656370
3398,16.746104
3399,16.587378
3400,16.651960
3401,16.594223
3402,16.741011
3403,16.698887
3404,16.709875
3405,16.616015
3406,16.666866
3407,16.573424
3408,16.840034
3409,16.561496
3410,16.666753
3411,16.693848
3412,16.665182
3413,16.582771
3414,16.761898
3415,16.658235
3416,16.645814
3417,16.678666
3418,16.680109
3419,16.586686
3420,16.863988
3421,16.555195
3422,16.684140
3423,16.666063
3424,16.739322
3425,16.482487
3426,16.752664
3427,16.632500
3428,16.745326
3429,16.592968
3430,16.664183
3431,16.592239
3432,16.793292
3433,16.614562
3434,16.706324
3435,16.669793
3436,16.631753
3437,16.588404
3438,16.741443
3439,16.671886
3440,16.660677
3441,16.661292
3442,16.670387
3443,16.599842
3444,16.827392
3445,16.579423
3446,16.659891
3447,16.689051
3448,16.647052
3449,16.589105
3450,16.794744
3451,16.679127
3452,16.642390
3453,16.645009
3454,16.656053
3455,16.619362
3456,16.787226
3457,16.592230
3458,16.669605
3459,16.734300
3460,16.699654
3461,16.491077
3462,16.835876
3463,16.606674
3464,16.804979
3465,16.509495
3466,16.677759
3467,16.565939
3468,16.745496
3469,16.657351
3470,16.660823
3471,16.781026
3472,16.572105
3473,16.587793
3474,16.749993
3475,16.651581
3476,16.761217
3477,16.572203
3478,16.689972
3479,16.567134
3480,16.803370
3481,16.698820
3482,16.575111
3483,16.671470
3484,16.726087
3485,16.522096
3486,16.868921
3487,16.607452
3488,16.611322
3489,16.660777
3490,16.678114
3491,16.633840
3492,16.721154
3493,16.664011
3494,16.802596
3495,16.593752
3496,16.602175
3497,16.568517
3498,16.765232
3499,16.631496
3500,16.710255
3501,16.671401
3502,16.618277
3503,16.600975
3504,16.753737
3505,16.649411
3506,16.673216
3507,16.643845
3508,16.709856
3509,16.605481
3510,16.741239
3511,16.644122
3512,16.673476
3513,16.751329
3514,16.582702
3515,16.593146
3516,16.774444
3517,16.628471
3518,16.712543
3519,16.609393
3520,16.655695
3521,16.600076
3522,16.743017
3523,16.665129
3524,16.759911
3525,16.581589
3526,16.672633
3527,16.567835
3528,16.763764
3529,16.643851
3530,16.679417
3531,16.660108
3532,16.674038
3533,16.628567
3534,16.695930
3535,16.657757
3536,16.762969
3537,16.591549
3538,16.672402
3539,16.574119
3540,16.761102
3541,16.693343
3542,16.639480
3543,16.680954
3544,16.686745
3545,16.598235
3546,16.747086
3547,16.638787
3548,16.690630
3549,16.697381
3550,16.603409
3551,16.594292
3552,16.787819
3553,16.664688
3554,16.598431
3555,16.691179
3556,16.678668
3557,16.612245
3558,16.689389
3559,16.660878
3560,16.680536
3561,16.827805
3562,16.488247
3563,16.586351
3564,16.750061
3565,16.751086
3566,16.604095
3567,16.647199
3568,16.743313
3569,16.564169
3570,16.702395
3571,16.673673
3572,16.704632
3573,16.652942
3574,16.629272
3575,16.587836
3576,16.781712
3577,16.673643
3578,16.637077
3579,16.664410
3580,16.717041
3581,16.580218
3582,16.698504
3583,16.666574
3584,16.698742
3585,16.658661
3586,16.650891
3587,16.569487
3588,16.760149
3589,16.898442
3590,16.628945
3591,16.534688
3592,16.654772
3593,16.525491
3594,16.815164
3595,16.673655
3596,16.672772
3597,16.721614
3598,16.698415
3599,16.419152
3600,16.816889
3601,16.760028
3602,16.655270
3603,16.602300
3604,16.586030
3605,16.609007
3606,16.761795
3607,16.704553
3608,16.586399
3609,16.718690
3610,16.604386
3611,16.594312
3612,16.810348
3613,16.697864
3614,16.647584
3615,16.599394
3616,16.657646
3617,16.688391
3618,16.671832
3619,16.625558
3620,16.677139
3621,16.692261
3622,16.652531
3623,16.577697
3624,16.747336
3625,16.677089
3626,16.681820
3627,16.643924
3628,16.659706
3629,16.614138
3630,16.814886
3631,16.605895
3632,16.661985
3633,16.734805
3634,16.661936
3635,16.506147
3636,16.742260
3637,16.676262
3638,16.777952
3639,16.562151
3640,16.645914
3641,16.609462
3642,16.836575
3643,16.542180
3644,16.701685
3645,16.658252
3646,16.817032
3647,16.426965
3648,16.743370
3649,16.675919
3650,16.699555
3651,16.625592
3652,16.666165
3653,16.585355
3654,16.805466
3655,16.608978
3656,16.677987
3657,16.663359
3658,16.664382
3659,16.592579
3660,16.799031
3661,16.674501
3662,16.608296
3663,16.662973
3664,16.665343
3665,16.624312
3666,16.709763
3667,16.711491
3668,16.611304
3669,17.010083
3670,16.336873
3671,16.589311
3672,16.814477
3673,16.688561
3674,16.622072
3675,16.628616
3676,16.658709
3677,16.600728
3678,16.959157
3679,16.436724
3680,16.670237
3681,16.689343
3682,16.635583
3683,16.584554
3684,16.745259
3685,16.778403
3686,16.547581
3687,16.675328
3688,16.662082
3689,16.600204
3690,16.740629
3691,16.654188
3692,16.698247
3693,16.679246
3694,16.693522
3695,16.521979
3696,16.749114
3697,16.673000
3698,16.700282
3699,16.632983
3700,16.669294
3701,16.573899
3702,16.807354
3703,16.598609
3704,16.686998
3705,16.674169
3706,16.726551
3707,16.522778
3708,16.826292
3709,16.583862
3710,16.680908
3711,16.672070
3712,16.655626
3713,16.563769
3714,16.765686
3715,16.651188
3716,16.658939
3717,16.769480
3718,16.571339
3719,16.581994
3720,16.748274
3721,16.660358
3722,16.781120
3723,16.625239
3724,16.740165
3725,16.447022
3726,16.783624
3727,16.614650
3728,16.664345
3729,16.685081
3730,16.670416
3731,16.586461
3732,16.761553
3733,16.662142
3734,16.690463
3735,16.648694
3736,16.702907
3737,16.528520
3738,16.763744
3739,16.652450
3740,16.679379
3741,16.696487
3742,16.775410
3743,16.434857
3744,16.750740
3745,16.659405
3746,16.744704
3747,16.598673
3748,16.756669
3749,18.065961
3750,15.252795
3751,16.866012
3752,16.474790
3753,17.805583
3754,15.493783
3755,16.611192
3756,16.698957
3757,16.650198
3758,16.699953
3759,16.646249
3760,16.650815
3761,16.574529
3762,16.814583
3763,16.700010
3764,16.621261
3765,16.662053
3766,16.713343
3767,16.484857
3768,16.833432
3769,16.606290
3770,16.675140
3771,16.683738
3772,16.633771
3773,16.582841
3774,16.864329
3775,16.535886
3776,16.810139
3777,16.674282
3778,16.725363
3779,16.397190
3780,16.890369
3781,16.602688
3782,16.640017
3783,16.742705
3784,16.565297
3785,16.556316
3786,16.772578
3787,16.670681
3788,16.660616
3789,16.671850
3790,16.752486
3791,16.476562
3792,16.871223
3793,16.566932
3794,16.668814
3795,16.710676
3796,16.637502
3797,16.573692
3798,16.744713
3799,16.684415
3800,16.663368
3801,16.737687
3802,16.667413
3803,16.554321
3804,16.782182
3805,16.595923
3806,16.680753
3807,16.673481
3808,16.661747
3809,16.577861
3810,16.778684
3811,16.778230
3812,16.579978
3813,16.586453
3814,16.700953
3815,16.558093
3816,16.745250
3817,16.681802
3818,16.731420
3819,16.640648
3820,16.631622
3821,16.570055
3822,16.827566
3823,16.688080
3824,16.556580
3825,16.665030
3826,16.823404
3827,16.619770
3828,16.687119
3829,16.554035
3830,16.679156
3831,16.939201
3832,16.393504
3833,16.581229
3834,16.945975
3835,16.608520
3836,16.544424
3837,16.679208
3838,16.664863
3839,16.594573
3840,16.717228
3841,16.695411
3842,16.651950
3843,16.711863
3844,16.616550
3845,16.573608
3846,16.759054
3847,16.757082
3848,16.603702
3849,16.658382
3850,16.645441
3851,16.624614
3852,16.699166
3853,16.662305
3854,16.733605
3855,16.667551
3856,16.630398
3857,16.542217
3858,16.818871
3859,16.630467
3860,16.629394
3861,16.673579
3862,16.699155
3863,16.561620
3864,16.742878
3865,16.651550
3866,16.684786
3867,16.695870
3868,16.630771
3869,16.596585
3870,16.864688
3871,16.583241
3872,16.698492
3873,16.639950
3874,16.660047
3875,16.584827
3876,16.766709
3877,17.621691
3878,15.726764
3879,16.683169
3880,16.580414
3881,16.601865
3882,16.732292
3883,16.712797
3884,16.634669
3885,16.643961
3886,16.695880
3887,16.606187
3888,16.819407
3889,16.578010
3890,16.652901
3891,16.690369
3892,16.634752
3893,16.575446
3894,16.742909
3895,16.705354
3896,16.642520
3897,16.701336
3898,16.629360
3899,16.654804
3900,16.708095
3901,16.653295
3902,16.697999
3903,16.641720
3904,16.757510
3905,16.471201
3906,16.768023
3907,16.667835
3908,16.645357
3909,16.689776
3910,16.704825
3911,16.530971
3912,16.776968
3913,16.634594
3914,16.678831
3915,16.665441
3916,16.722621
3917,16.513912
3918,16.743499
3919,16.746645
3920,16.623393
3921,16.640846
3922,16.673012
3923,16.578551
3924,16.770005
3925,16.650978
3926,16.689800
3927,16.820379
3928,16.525161
3929,16.552080
3930,16.785288
3931,16.690353
3932,16.838985
3933,16.466282
3934,16.650428
3935,16.610399
3936,16.734906
3937,16.658055
3938,16.673766
3939,16.759595
3940,16.755272
3941,16.380497
3942,16.788669
3943,16.672257
3944,16.728507
3945,16.583922
3946,16.653958
3947,16.575013
3948,16.763335
3949,16.679364
3950,16.684881
3951,16.650470
3952,16.789553
3953,16.424051
3954,16.764477
3955,16.676904
3956,16.690454
3957,16.642622
3958,16.696556
3959,16.531313
3960,16.767520
3961,16.670573
3962,16.648252
3963,16.693351
3964,16.668396
3965,16.576134
3966,16.725016
3967,16.820971
3968,16.543236
3969,16.673370
3970,16.641415
3971,16.580503
3972,16.769103
3973,16.666569
3974,16.726985
3975,16.656821
3976,16.669284
3977,16.499665
3978,16.787392
3979,16.701024
3980,16.764795
3981,16.509944
3982,16.660603
3983,17.286125
3984,16.062619
3985,16.624401
3986,16.701612
3987,16.684544
3988,16.742782
3989,16.477506
3990,16.754686
3991,16.673159
3992,16.734117
3993,16.597303
3994,16.668891
3995,16.580754
3996,16.848777
3997,16.560623
3998,16.648993
3999,16.696163
4000,16.818563
4001,16.423227
4002,16.769377
4003,16.626243
4004,16.757195
4005,16.597647
4006,16.654511
4007,16.610008
4008,16.748660
4009,16.662928
4010,16.711183
4011,16.724920
4012,16.772207
4013,16.358055
4014,16.742711
4015,17.399976
4016,16.006787
4017,16.610777
4018,16.651394
4019,16.584034
4020,16.746628
4021,16.644964
4022,16.701104
4023,16.646111
4024,16.711118
4025,16.648969
4026,16.651529
4027,16.661773
4028,16.796590
4029,16.544318
4030,16.698404
4031,16.557606
4032,16.888292
4033,16.699079
4034,16.637583
4035,16.536977
4036,16.754183
4037,16.495783
4038,16.803515
4039,16.624671
4040,16.738787
4041,16.662897
4042,16.594814
4043,16.553046
4044,16.872456
4045,16.589561
4046,16.635161
4047,16.685635
4048,16.679759
4049,16.550164
4050,16.768026
4051,16.662881
4052,16.682300
4053,16.668518
4054,16.622980
4055,16.588792
4056,16.817834
4057,16.599086
4058,16.658198
4059,16.665485
4060,16.747327
4061,16.518875
4062,16.753211
4063,16.658817
4064,16.695183
4065,16.791002
4066,16.545910
4067,16.558217
4068,17.008457
4069,16.473575
4070,16.653918
4071,16.668055
4072,16.712820
4073,16.564709
4074,16.705233
4075,16.622575
4076,16.717993
4077,16.695305
4078,16.600193
4079,16.582297
4080,16.762809
4081,16.687252
4082,16.637325
4083,16.682394
4084,16.687323
4085,16.533466
4086,16.787874
4087,16.650627
4088,16.874333
4089,16.603218
4090,16.492206
4091,16.609443
4092,16.818488
4093,16.903576
4094,16.555945
4095,16.498143
4096,16.677433
4097,16.548616
4098,16.745377
4099,16.636429
4100,16.789606
4101,16.624993
4102,16.682693
4103,16.527375
4104,16.834664
4105,16.584472
4106,16.738999
4107,16.578672
4108,16.721383
4109,16.555582
4110,16.795563
4111,16.698236
4112,16.680027
4113,16.643577
4114,16.660960
4115,16.508218
4116,16.865119
4117,16.666359
4118,17.198561
4119,16.237676
4120,16.597134
4121,16.482220
4122,16.716825
4123,16.668947
4124,16.749354
4125,16.671900
4126,16.570339
4127,16.564693
4128,16.784240
4129,16.794306
4130,16.522767
4131,16.677720
4132,16.652804
4133,16.791215
4134,16.641642
4135,16.639440
4136,17.248362
4137,16.759675
4138,16.596158
4139,16.579085
4140,16.737414
4141,16.962076
4142,16.357045
4143,16.691180
4144,16.733529
4145,16.553392
4146,16.707563
4147,16.643622
4148,16.748843
4149,16.679385
4150,16.567040
4151,16.613255
4152,16.782956
4153,16.837906
4154,16.462111
4155,16.649805
4156,16.776176
4157,16.551050
4158,16.695328
4159,16.669420
4160,16.751926
4161,16.781689
4162,16.474516
4163,16.595280
4164,16.718029
4165,16.803240
4166,16.605801
4167,16.658759
4168,16.707646
4169,16.697408
4170,16.508188
4171,16.781327
4172,16.633356
4173,16.804890
4174,16.525317
4175,16.660009
4176,16.612428
4177,16.758111
4178,16.645486
4179,16.662696
4180,16.648809
4181,16.898487
4182,16.367178
4183,16.764874
4184,16.666236
4185,16.651694
4186,16.668517
4187,16.671097
4188,16.571998
4189,16.863076
4190,16.551203
4191,16.695858
4192,16.678429
4193,16.632214
4194,16.580037
4195,16.742662
4196,16.696251
4197,16.658695
4198,16.647140
4199,16.666641
4200,16.599707
4201,16.786050
4202,16.613841
4203,16.666386
4204,16.677728
4205,16.685080
4206,16.565575
4207,16.736790
4208,16.675440
4209,16.742177
4210,16.581107
4211,16.672283
4212,16.582520
4213,16.850406
4214,16.585875
4215,16.639955
4216,16.665170
4217,16.687146
4218,16.576920
4219,16.732775
4220,16.690309
4221,16.652175
4222,16.661633
4223,16.657533
4224,16.585513
4225,16.763710
4226,16.650585
4227,16.720473
4228,16.634704
4229,16.688307
4230,16.614846
4231,16.716681
4232,16.650183
4233,16.705793
4234,16.811637
4235,16.498593
4236,16.548441
4237,16.797894
4238,16.622849
4239,16.655360
4240,16.680107
4241,16.733230
4242,16.521428
4243,16.765390
4244,17.147140
4245,16.466254
4246,16.367809
4247,16.644897
4248,16.597755
4249,16.839352
4250,16.603822
4251,16.655082
4252,16.647626
4253,16.796884
4254,16.464461
4255,16.740727
4256,16.659431
4257,16.672916
4258,16.700686
4259,16.642350
4260,16.589571
4261,16.800873
4262,16.627198
4263,16.651027
4264,16.714754
4265,16.686920
4266,16.509347
4267,16.756055
4268,16.656413
4269,16.680243
4270,16.650519
4271,16.689324
4272,16.624025
4273,16.722732
4274,16.721707
4275,16.585455
4276,16.657548
4277,16.697029
4278,16.549131
4279,16.757589
4280,16.689891
4281,16.727590
4282,16.655307
4283,16.667927
4284,16.500741
4285,16.837140
4286,16.673400
4287,16.581817
4288,16.657243
4289,16.727439
4290,16.592276
4291,16.743560
4292,16.641047
4293,16.700252
4294,16.814077
4295,16.563789
4296,16.492748
4297,16.760168
4298,16.639506
4299,16.780468
4300,16.581262
4301,17.223064
4302,16.111392
4303,16.655720
4304,16.814197
4305,16.751676
4306,16.648821
4307,16.598954
4308,16.423554
4309,17.072610
4310,16.452106
4311,16.720090
4312,16.677124
4313,16.818799
4314,16.315708
4315,16.907233
4316,16.658381
4317,16.786854
4318,16.478657
4319,16.704500
4320,16.440275
4321,16.998705
4322,16.836521
4323,16.398474
4324,16.699244
4325,16.476275
4326,16.594482
4327,16.747201
4328,16.667691
4329,16.699748
4330,16.749234
4331,16.543834
4332,16.584488
4333,16.785030
4334,16.791086
4335,16.526345
4336,16.638447
4337,16.718661
4338,16.604717
4339,16.708164
4340,16.671433
4341,16.680851
4342,16.720329
4343,16.590001
4344,16.582015
4345,16.757375
4346,16.887335
4347,16.431692
4348,16.669137
4349,16.665404
4350,16.594488
4351,16.843854
4352,16.659390
4353,16.672625
4354,16.591098
4355,16.705075
4356,16.514658
4357,16.742580
4358,16.683033
4359,16.663445
4360,16.740701
4361,16.588612
4362,16.580835
4363,16.779832
4364,16.654437
4365,16.653710
4366,16.714665
4367,16.627520
4368,16.573729
4369,16.815007
4370,16.630420
4371,16.708001
4372,16.612127
4373,16.683826
4374,16.564962
4375,16.777190
4376,16.645054
4377,16.628434
4378,16.686006
4379,16.663205
4380,16.583876
4381,16.801600
4382,16.665611
4383,16.861450
4384,16.461464
4385,16.656822
4386,16.584953
4387,16.735489
4388,16.658980
4389,16.700630
4390,16.654024
4391,16.985968
4392,16.233119
4393,17.101668
4394,16.813611
4395,16.495391
4396,16.891504
4397,16.397598
4398,16.563022
4399,17.148473
4400,16.420880
4401,16.764376
4402,16.605272
4403,16.644314
4404,16.337666
4405,16.768409
4406,16.731243
4407,16.566871
4408,16.650650
4409,16.713624
4410,16.574906
4411,16.823744
4412,16.575947
4413,16.706208
4414,16.634079
4415,16.657808
4416,16.584837
4417,16.785943
4418,16.742057
4419,16.544928
4420,16.701692
4421,16.675896
4422,16.564186
4423,16.746113
4424,16.639619
4425,16.676327
4426,16.742047
4427,16.637651
4428,16.569563
4429,16.731891
4430,16.662386
4431,16.689908
4432,16.635819
4433,16.691896
4434,16.573309
4435,16.823013
4436,16.598774
4437,16.643570
4438,16.694747
4439,16.661146
4440,16.633192
4441,16.690954
4442,16.812456
4443,16.617310
4444,16.567163
4445,16.674430
4446,16.583433
4447,16.908134
4448,16.500055
4449,16.663243
4450,16.702429
4451,16.690581
4452,16.555627
4453,16.771168
4454,16.687334
4455,16.704112
4456,16.589711
4457,16.646865
4458,16.608978
4459,16.732896
4460,16.713518
4461,16.628373
4462,16.640491
4463,16.754683
4464,16.491038
4465,16.748116
4466,16.732367
4467,16.739662
4468,16.542985
4469,16.656327
4470,16.597741
4471,16.775188
4472,16.637949
4473,16.671340
4474,16.705219
4475,16.661049
4476,16.548806
4477,16.776063
4478,16.659826
4479,17.041321
4480,16.521954
4481,16.684576
4482,16.311990
4483,16.851641
4484,16.546923
4485,16.667794
4486,16.690069
4487,16.655018
4488,16.588092
4489,16.743694
4490,16.727512
4491,16.708871
4492,16.548054
4493,16.667971
4494,16.602750
4495,16.829569
4496,16.575235
4497,16.660220
4498,16.673234
4499,16.712820
4500,16.542886
4501,16.744267
4502,16.660906
4503,16.739461
4504,16.620199
4505,16.640831
4506,16.616627
4507,16.773999
4508,16.626693
4509,16.655600
4510,16.670697
4511,16.776674
4512,16.486021
4513,16.804304
4514,16.648943
4515,16.739327
4516,16.525288
4517,16.664936
4518,16.604837
4519,16.749845
4520,16.657201
4521,16.677480
4522,16.653600
4523,16.725406
4524,16.545785
4525,16.730783
4526,16.660618
4527,16.690536
4528,16.658065
4529,16.659695
4530,16.608719
4531,16.765875
4532,16.641034
4533,16.655441
4534,16.665980
4535,16.676527
4536,16.649347
4537,16.681078
4538,16.659894
4539,16.692829
4540,16.642751
4541,16.670620
4542,16.588780
4543,16.823196
4544,16.575346
4545,16.669596
4546,16.663238
4547,16.745040
4548,16.525311
4549,16.749287
4550,16.634895
4551,16.750732
4552,16.602399
4553,16.666526
4554,16.594567
4555,16.751298
4556,16.669046
4557,16.635286
4558,16.666345
4559,16.695388
4560,16.584563
4561,16.743030
4562,16.713488
4563,16.652476
4564,16.644935
4565,16.643140
4566,16.591901
4567,16.761346
4568,16.657422
4569,16.689990
4570,16.642822
4571,16.794384
4572,16.489706
4573,16.725641
4574,16.680540
4575,16.655540
4576,16.690463
4577,16.626000
4578,16.592998
4579,16.763113
4580,16.644461
4581,16.665477
4582,16.672132
4583,16.740022
4584,16.514205
4585,16.747486
4586,16.704187
4587,16.636630
4588,16.664122
4589,16.655751
4590,16.609096
4591,16.747948
4592,16.658011
4593,16.653878
4594,16.707946
4595,16.692048
4596,16.532537
4597,16.733223
4598,16.680102
4599,16.698527
4600,16.627354
4601,16.721841
4602,16.547867
4603,16.752602
4604,16.641547
4605,16.663257
4606,16.706321
4607,16.722710
4608,16.497859
4609,16.750109
4610,16.687700
4611,16.661820
4612,16.637982
4613,16.661961
4614,16.593881
4615,16.831418
4616,16.599545
4617,16.665816
4618,16.671165
4619,16.728813
4620,16.514593
4621,16.808716
4622,16.617924
4623,16.674105
4624,16.790637
4625,16.523944
4626,16.580893
4627,16.849752
4628,16.550588
4629,16.674800
4630,16.668029
4631,16.763639
4632,16.542366
4633,16.695444
4634,16.692996
4635,16.671643
4636,16.707137
4637,16.652809
4638,16.536228
4639,16.755266
4640,16.650891
4641,16.673992
4642,16.656065
4643,16.681826
4644,16.635375
4645,16.687571
4646,16.664409
4647,16.683689
4648,16.639990
4649,16.669849
4650,16.596880
4651,16.742847
4652,16.674228
4653,16.648399
4654,16.662830
4655,16.684826
4656,16.658455
4657,16.666966
4658,16.675068
4659,16.678709
4660,16.723590
4661,16.582483
4662,16.609181
4663,16.766231
4664,16.748134
4665,16.577576
4666,16.701931
4667,16.619718
4668,16.695211
4669,16.653186
4670,16.663280
4671,16.749416
4672,16.569422
4673,16.717513
4674,16.549543
4675,16.821102
4676,16.622501
4677,16.620985
4678,16.701968
4679,16.636656
4680,16.585029
4681,16.761444
4682,16.645281
4683,16.824626
4684,16.627741
4685,16.546044
4686,16.628315
4687,16.750873
4688,16.875995
4689,16.452884
4690,16.659440
4691,16.749407
4692,16.509600
4693,16.775197
4694,16.658619
4695,16.654553
4696,16.739169
4697,16.573064
4698,16.593664
4699,16.753761
4700,16.730239
4701,16.636486
4702,16.608998
4703,16.682870
4704,16.637467
4705,16.772815
4706,16.720980
4707,16.679946
4708,16.572369
4709,16.614753
4710,16.716571
4711,16.700428
4712,16.602502
4713,16.655373
4714,16.665577
4715,16.687685
4716,16.631391
4717,16.696320
4718,16.680034
4719,16.700017
4720,16.672795
4721,16.614929
4722,16.590057
4723,16.757790
4724,16.655840
4725,16.664022
4726,16.872929
4727,16.471187
4728,16.662706
4729,16.723015
4730,16.654822
4731,16.677216
4732,16.598417
4733,16.998995
4734,16.264330
4735,16.897498
4736,16.593195
4737,16.599042
4738,17.055096
4739,16.665141
4740,16.571910
4741,16.748039
4742,16.735073
4743,16.741030
4744,16.565706
4745,16.694652
4746,16.522201
4747,16.875678
4748,16.679028
4749,16.715938
4750,16.604847
4751,16.684445
4752,16.659345
4753,16.665653
4754,16.670548
4755,16.654677
4756,16.687119
4757,16.653933
4758,16.667981
4759,16.663231
4760,16.788272
4761,16.649689
4762,16.656096
4763,16.709658
4764,16.670628
4765,16.651725
4766,16.672838
4767,16.656400
4768,16.678269
4769,16.660588
4770,16.663969
4771,16.674296
4772,16.669727
4773,16.661714
4774,16.670924
4775,16.666225
4776,16.667433
4777,16.659537
4778,16.680531
4779,16.652185
4780,16.705580
4781,16.644041
4782,16.650229
4783,16.680159
4784,16.672053
4785,16.647751
4786,16.681491
4787,16.653024
4788,16.718273
4789,16.614276
4790,16.662441
4791,16.662437
4792,16.681018
4793,16.664583
4794,16.661033
4795,16.666364
4796,16.671172
4797,16.670338
4798,16.659828
4799,16.666430
4800,16.704439
4801,16.641471
4802,16.662383
4803,16.671458
4804,16.667132
4805,16.654617
4806,16.668329
4807,16.664271
4808,16.672383
4809,16.670276
4810,16.667456
4811,16.678936
4812,16.660866
4813,16.738263
4814,16.608637
4815,16.654971
4816,16.667920
4817,16.658965
4818,16.668101
4819,16.666286
4820,16.668147
4821,16.700217
4822,16.622105
4823,16.663927
4824,16.708816
4825,16.746204
4826,16.628855
4827,16.664165
4828,16.685219
4829,16.663455
4830,16.658110
4831,16.613714
4832,16.771299
4833,16.643345
4834,16.670270
4835,16.668838
4836,16.650479
4837,16.612326
4838,16.705538
4839,16.659853
4840,16.684869
4841,16.654349
4842,16.662193
4843,16.601084
4844,16.778878
4845,16.753394
4846,16.620241
4847,16.644765
4848,16.822469
4849,16.512607
4850,16.672340
4851,16.638014
4852,16.773454
4853,16.635346
4854,16.621996
4855,16.549621
4856,16.808529
4857,16.643615
4858,16.613496
4859,16.689816
4860,16.728703
4861,16.567214
4862,16.742855
4863,16.678236
4864,16.668274
4865,16.702061
4866,16.587866
4867,16.566788
4868,16.745272
4869,16.790195
4870,16.535831
4871,16.763004
4872,16.582989
4873,16.611405
4874,16.725768
4875,16.718762
4876,16.653955
4877,16.725831
4878,16.650063
4879,16.519347
4880,16.763909
4881,16.695504
4882,16.631572
4883,16.665130
4884,16.684230
4885,16.558018
4886,16.779215
4887,16.670070
4888,16.665840
4889,16.767716
4890,16.562527
4891,16.575916
4892,16.853843
4893,16.700756
4894,16.523354
4895,16.664680
4896,16.711531
4897,16.530909
4898,16.742270
4899,16.669277
4900,16.748468
4901,16.722330
4902,16.586437
4903,16.569120
4904,16.760754
4905,16.716641
4906,16.604438
4907,16.660760
4908,16.729208
4909,16.533157
4910,16.765344
4911,16.654960
4912,16.650354
4913,16.733307
4914,16.606871
4915,16.575119
4916,16.769906
4917,16.677458
4918,16.662842
4919,16.666081
4920,16.652243
4921,16.571386
4922,16.773747
4923,16.683025
4924,16.636475
4925,16.674316
4926,16.654098
4927,16.581388
4928,16.741845
4929,16.699717
4930,16.645114
4931,16.706499
4932,16.645787
4933,16.589319
4934,16.755685
4935,16.658567
4936,16.707058
4937,16.684895
4938,16.626410
4939,16.551005
4940,16.774905
4941,16.677101
4942,16.646301
4943,16.657579
4944,16.672530
4945,16.578169
4946,16.765111
4947,16.783757
4948,16.524300
4949,16.830065
4950,16.544658
4951,16.565596
4952,16.779659
4953,16.758344
4954,16.576343
4955,16.759886
4956,16.707964
4957,16.434333
4958,16.788840
4959,16.648385
4960,16.629517
4961,16.700256
4962,16.643393
4963,16.585612
4964,16.760941
4965,16.772539
4966,16.613416
4967,16.716081
4968,16.624581
4969,16.516954
4970,16.780329
4971,16.714743
4972,16.640419
4973,16.698183
4974,16.606984
4975,16.549182
4976,16.783874
4977,16.798154
4978,16.581843
4979,16.727029
4980,16.598749
4981,16.585676
4982,16.771317
4983,16.632599
4984,16.640185
4985,16.764700
4986,16.579596
4987,16.547448
4988,16.867968
4989,16.555347
4990,16.656770
4991,16.715813
4992,16.700569
4993,16.525748
4994,16.785346
4995,16.629096
4996,16.692174
4997,16.860681
4998,16.559199
4999,16.444979
5000,16.760545
5001,16.712998
5002,16.763793
5003,16.598287
5004,16.706041
5005,16.511290
5006,16.888349
5007,16.585458
5008,16.985683
5009,16.388416
5010,16.642341
5011,16.522529
5012,16.820654
5013,16.621844
5014,16.753844
5015,16.503907
5016,16.709157
5017,16.519814
5018,16.824391
5019,16.630750
5020,16.647652
5021,16.697094
5022,16.679407
5023,16.532535
5024,16.788713
5025,16.679769
5026,16.789360
5027,16.522141
5028,16.765325
5029,16.442634
5030,16.804994
5031,16.664489
5032,16.639713
5033,16.682852
5034,16.840942
5035,16.374203
5036,16.785146
5037,17.229422
5038,16.274907
5039,16.492658
5040,16.651152
5041,16.605039
5042,16.842982
5043,16.596222
5044,16.681780
5045,16.671586
5046,16.690833
5047,16.509127
5048,16.799749
5049,16.858125
5050,16.478868
5051,16.664621
5052,16.642091
5053,16.568117
5054,16.790109
5055,16.636711
5056,16.678018
5057,16.659913
5058,16.742691
5059,16.494322
5060,16.751616
5061,16.698315
5062,16.653557
5063,16.662754
5064,16.655488
5065,16.578889
5066,16.869625
5067,16.553188
5068,16.675540
5069,16.646489
5070,16.690684
5071,16.580345
5072,16.764237
5073,16.698567
5074,16.654858
5075,16.612745
5076,16.698275
5077,16.550717
5078,16.825837
5079,16.663788
5080,16.635345
5081,16.656054
5082,16.667429
5083,16.565141
5084,16.762049
5085,16.665504
5086,16.709945
5087,16.634483
5088,16.662837
5089,16.562142
5090,16.840829
5091,16.567568
5092,16.661341
5093,16.796225
5094,16.680156
5095,16.517179
5096,16.751918
5097,16.723340
5098,16.665409
5099,16.561635
5100,16.665840
5101,16.580084
5102,16.779710
5103,16.840617
5104,16.515054
5105,16.635584
5106,16.775080
5107,16.455861
5108,16.795117
5109,16.661279
5110,16.607145
5111,16.772308
5112,16.591987
5113,16.580009
5114,16.780569
5115,16.625316
5116,16.686926
5117,16.671061
5118,16.785036
5119,16.490281
5120,16.727025
5121,16.629229
5122,16.711351
5123,16.763518
5124,16.585133
5125,16.535371
5126,16.818180
5127,16.753258
5128,16.572463
5129,16.781405
5130,16.578439
5131,16.516533
5132,16.792320
5133,16.662650
5134,16.657345
5135,16.777210
5136,16.545079
5137,16.552796
5138,17.502070
5139,16.381834
5140,16.476828
5141,16.583582
5142,16.729702
5143,16.514509
5144,16.866438
5145,16.608247
5146,16.634166
5147,16.689599
5148,16.681714
5149,16.505486
5150,16.754053
5151,16.650295
5152,16.667301
5153,16.661147
5154,16.701939
5155,16.657518
5156,16.664138
5157,16.662893
5158,16.693316
5159,16.737637
5160,16.622106
5161,16.529702
5162,16.929320
5163,16.486796
5164,16.662886
5165,16.722833
5166,16.683912
5167,16.517573
5168,16.751755
5169,16.654265
5170,16.801643
5171,16.569498
5172,16.650703
5173,16.565924
5174,16.755275
5175,16.665569
5176,16.675101
5177,16.711747
5178,16.669064
5179,16.571264
5180,16.712787
5181,16.639421
5182,16.738832
5183,16.631188
5184,16.669982
5185,16.564048
5186,16.833806
5187,16.664895
5188,16.772567
5189,16.497630
5190,16.682283
5191,16.557883
5192,16.753868
5193,16.656418
5194,16.687325
5195,16.664371
5196,16.648892
5197,16.579940
5198,16.784642
5199,16.630586
5200,16.678071
5201,16.651989
5202,16.692039
5203,16.573294
5204,16.721569
5205,16.660339
5206,16.687140
5207,16.706767
5208,16.658766
5209,16.541528
5210,16.738902
5211,16.737450
5212,16.620902
5213,16.651372
5214,16.698438
5215,16.573186
5216,16.752816
5217,16.662187
5218,16.696103
5219,16.639944
5220,16.643509
5221,16.601934
5222,16.740490
5223,16.732972
5224,16.599967
5225,16.686491
5226,16.671792
5227,16.600732
5228,16.718172
5229,16.658630
5230,16.680272
5231,16.736197
5232,16.600427
5233,16.584384
5234,16.767748
5235,16.634981
5236,16.672924
5237,16.686176
5238,16.657738
5239,16.584484
5240,16.754781
5241,16.658945
5242,16.652008
5243,16.832215
5244,16.635732
5245,16.465626
5246,16.795859
5247,16.638031
5248,16.697714
5249,16.637360
5250,16.732542
5251,16.510602
5252,16.821836
5253,16.612472
5254,16.628703
5255,16.756448
5256,16.627640
5257,16.534276
5258,16.848224
5259,16.647408
5260,16.720461
5261,16.638497
5262,16.635606
5263,16.510111
5264,16.756256
5265,16.644472
5266,16.685306
5267,16.657685
5268,16.665715
5269,16.602194
5270,16.730029
5271,16.735490
5272,16.629932
5273,16.671430
5274,16.643525
5275,16.583295
5276,16.766472
5277,16.634257
5278,16.689945
5279,16.663688
5280,16.727150
5281,16.538765
5282,16.728103
5283,16.713097
5284,16.640658
5285,16.629871
5286,16.686642
5287,16.581097
5288,16.794121
5289,16.618425
5290,16.672198
5291,16.752288
5292,16.650909
5293,16.537150
5294,16.760875
5295,16.657079
5296,16.741157
5297,16.562894
5298,16.693378
5299,16.579558
5300,17.015846
5301,16.450428
5302,16.701014
5303,16.677400
5304,16.585878
5305,16.561823
5306,16.768296
5307,16.721691
5308,16.661419
5309,16.601094
5310,16.676458
5311,16.592480
5312,16.836145
5313,16.576201
5314,16.655814
5315,16.726155
5316,16.658313
5317,16.532313
5318,16.761724
5319,16.671475
5320,16.644903
5321,16.697843
5322,16.617528
5323,16.629122
5324,16.790404
5325,16.600482
5326,16.682627
5327,16.665083
5328,16.822234
5329,16.433875
5330,16.825436
5331,16.626599
5332,16.756067
5333,16.643211
5334,16.593189
5335,16.627218
5336,16.716430
5337,16.617945
5338,16.730687
5339,16.648807
5340,16.698962
5341,16.545814
5342,16.745915
5343,16.769321
5344,16.562437
5345,16.655278
5346,16.700771
5347,16.566956
5348,16.797139
5349,16.604616
5350,16.700533
5351,16.647852
5352,16.732078
5353,16.498314
5354,16.767228
5355,16.680205
5356,16.667149
5357,16.641081
5358,16.685054
5359,16.575274
5360,16.763009
5361,16.653042
5362,16.674147
5363,16.679293
5364,16.768520
5365,16.459628
5366,16.858169
5367,16.680618
5368,16.650814
5369,16.651752
5370,16.705678
5371,16.550949
5372,16.743763
5373,16.667818
5374,17.053666
5375,16.776523
5376,17.297578
5377,15.730212
5378,16.897290
5379,16.537408
5380,16.742905
5381,16.692379
5382,16.530465
5383,16.599586
5384,16.895054
5385,16.595369
5386,16.791034
5387,16.610560
5388,16.767482
5389,16.358628
5390,16.805231
5391,16.866163
5392,16.658045
5393,16.636172
5394,16.661169
5395,16.587048
5396,16.803942
5397,16.626130
5398,16.679133
5399,16.673656
5400,16.692987
5401,16.637783
5402,16.654101
5403,16.688302
5404,16.660058
5405,16.664080
5406,16.631475
5407,16.573402
5408,16.832139
5409,16.579501
5410,16.659484
5411,16.697522
5412,16.683231
5413,16.541639
5414,16.782868
5415,16.661831
5416,16.629290
5417,16.694106
5418,16.665802
5419,16.575843
5420,16.837349
5421,16.582875
5422,16.656023
5423,16.667705
5424,16.730775
5425,16.529604
5426,16.755977
5427,16.662284
5428,16.685864
5429,16.650019
5430,16.679119
5431,16.562636
5432,16.801525
5433,16.666130
5434,16.625016
5435,16.662119
5436,16.667522
5437,16.573420
5438,16.749538
5439,16.683718
5440,16.757588
5441,16.639533
5442,16.599107
5443,16.568888
5444,16.813600
5445,16.610522
5446,16.731780
5447,16.677536
5448,16.703693
5449,16.470959
5450,16.906050
5451,16.592856
5452,16.700997
5453,16.633686
5454,16.594822
5455,16.569401
5456,16.862660
5457,16.623326
5458,16.670871
5459,16.688134
5460,16.672090
5461,16.489630
5462,16.810428
5463,16.676586
5464,16.604948
5465,16.653059
5466,16.698834
5467,16.546823
5468,16.810400
5469,16.737665
5470,16.539582
5471,16.686528
5472,16.717112
5473,16.549648
5474,16.955845
5475,16.561626
5476,16.616659
5477,16.795298
5478,16.582747
5479,16.462582
5480,16.798698
5481,16.616890
5482,16.675374
5483,16.705467
5484,16.657046
5485,16.569064
5486,16.732352
5487,16.666019
5488,16.673340
5489,16.748243
5490,16.564668
5491,16.609122
5492,16.782237
5493,16.717356
5494,16.570989
5495,16.675369
5496,16.723048
5497,16.533267
5498,16.834745
5499,16.619487
5500,16.724342
5501,16.722889
5502,16.558072
5503,16.536380
5504,17.435103
5505,16.015037
5506,16.668828
5507,16.636298
5508,16.718417
5509,16.565930
5510,16.700590
5511,16.665853
5512,16.673004
5513,16.738475
5514,16.590203
5515,16.583628
5516,17.310351
5517,16.164872
5518,16.640735
5519,16.729990
5520,16.737973
5521,16.559020
5522,16.760350
5523,16.601256
5524,16.735682
5525,16.754079
5526,16.571069
5527,16.514197
5528,17.090987
5529,16.754115
5530,16.579649
5531,16.640536
5532,16.758410
5533,16.527180
5534,16.739493
5535,16.652707
5536,16.703826
5537,17.136927
5538,16.150203
5539,16.595134
5540,16.794591
5541,16.747119
5542,16.515145
5543,16.664487
5544,17.060671
5545,16.660917
5546,16.666230
5547,16.673277
5548,16.702133
5549,16.693143
5550,16.604596
5551,16.578477
5552,16.771248
5553,16.733620
5554,16.596033
5555,16.667847
5556,16.682158
5557,16.570471
5558,16.725129
5559,16.656298
5560,16.722386
5561,16.717517
5562,16.578537
5563,16.573318
5564,16.823919
5565,16.661720
5566,16.588123
5567,16.752266
5568,16.583043
5569,16.631525
5570,16.691382
5571,16.674931
5572,16.659006
5573,16.698623
5574,16.637086
5575,16.598643
5576,16.743037
5577,16.664039
5578,16.688209
5579,16.645797
5580,16.646741
5581,16.631080
5582,16.750802
5583,16.694601
5584,16.644465
5585,16.844552
5586,16.511115
5587,16.550125
5588,16.781203
5589,16.657774
5590,16.645941
5591,16.675211
5592,16.667733
5593,16.606958
5594,16.720863
5595,16.661459
5596,16.681349
5597,16.662528
5598,16.654444
5599,16.579574
5600,16.946020
5601,16.655783
5602,16.604435
5603,16.749803
5604,16.626880
5605,16.536165
5606,16.737882
5607,16.656163
5608,16.683444
5609,16.667688
5610,16.658958
5611,16.578133
5612,16.752315
5613,16.683108
5614,16.658903
5615,16.641367
5616,16.730410
5617,16.523201
5618,16.903140
5619,16.535021
5620,16.670635
5621,16.739889
5622,16.584967
5623,16.590805
5624,17.538955
5625,15.952869
5626,16.592542
5627,16.644879
5628,16.689586
5629,16.577548
5630,16.808448
5631,16.623486
5632,16.661898
5633,16.691541
5634,16.615640
5635,16.591459
5636,16.762684
5637,16.765831
5638,16.630025
5639,16.577228
5640,16.657776
5641,16.612235
5642,16.738484
5643,16.661490
5644,16.683256
5645,16.728217
5646,16.622702
5647,16.558115
5648,16.870830
5649,16.575128
5650,16.858581
5651,16.479256
5652,16.638984
5653,16.608348
5654,16.745445
5655,16.632650
5656,16.757735
5657,16.656577
5658,16.743142
5659,16.441584
5660,16.781427
5661,16.641534
5662,16.661971
5663,16.679063
5664,16.662369
5665,16.558223
5666,16.878007
5667,16.541812
5668,16.713725
5669,16.660831
5670,16.671751
5671,16.558820
5672,16.755822
5673,16.744797
5674,16.802995
5675,16.436550
5676,16.666058
5677,16.614931
5678,17.097998
5679,16.295475
5680,16.668429
5681,16.653888
5682,16.753920
5683,16.506984
5684,16.769529
5685,16.671844
5686,16.723938
5687,17.196904
5688,16.043412
5689,16.591589
5690,16.876110
5691,16.541698
5692,16.659585
5693,16.862174
5694,16.781861
5695,16.277271
5696,16.946245
5697,16.556722
5698,16.678004
5699,16.752416
5700,16.484487
5701,16.579212
5702,16.864396
5703,16.916728
5704,16.399439
5705,16.659309
5706,16.680790
5707,16.500801
5708,16.750452
5709,16.662386
5710,16.678127
5711,16.679948
5712,16.654796
5713,16.571632
5714,16.901670
5715,16.517660
5716,16.653578
5717,16.696114
5718,16.726306
5719,16.501686
5720,16.755829
5721,16.664636
5722,16.697157
5723,16.649415
5724,16.646201
5725,16.643989
5726,16.831812
5727,16.562173
5728,16.670762
5729,16.764974
5730,16.613448
5731,16.539833
5732,16.739994
5733,16.686290
5734,16.706166
5735,16.616982
5736,16.661180
5737,16.576275
5738,16.790835
5739,16.658052
5740,16.638636
5741,16.750454
5742,17.087302
5743,16.070517
5744,16.769023
5745,16.694495
5746,16.713368
5747,16.562022
5748,16.681207
5749,16.591011
5750,16.788347
5751,16.622981
5752,16.660974
5753,16.671220
5754,16.819454
5755,16.433302
5756,16.750302
5757,16.688888
5758,16.702903
5759,16.612937
5760,16.664602
5761,16.582029
5762,16.860774
5763,16.555884
5764,16.668810
5765,16.726785
5766,16.623867
5767,16.567104
5768,16.755988
5769,16.677776
5770,16.681649
5771,16.644076
5772,16.690455
5773,16.547952
5774,16.845286
5775,16.664773
5776,16.578984
5777,16.649785
5778,16.676982
5779,16.582667
5780,16.749617
5781,16.654959
5782,16.727154
5783,16.597734
5784,16.736735
5785,16.521021
5786,16.760463
5787,16.794533
5788,16.541872
5789,16.688389
5790,16.663060
5791,16.575601
5792,16.748651
5793,16.694288
5794,16.709485
5795,16.618445
5796,16.660435
5797,16.566347
5798,16.870769
5799,16.554315
5800,16.796770
5801,16.547708
5802,16.748477
5803,16.486713
5804,16.747822
5805,16.673611
5806,16.652144
5807,16.672846
5808,16.674284
5809,16.580808
5810,16.850583
5811,16.543269
5812,16.682942
5813,16.689756
5814,16.721733
5815,16.512923
5816,16.840613
5817,16.590791
5818,16.729503
5819,16.644428
5820,16.675830
5821,16.504884
5822,16.844509
5823,16.667308
5824,16.596878
5825,16.659376
5826,16.690346
5827,16.552121
5828,16.762266
5829,16.688443
5830,16.661548
5831,16.722363
5832,16.620247
5833,16.553248
5834,16.773640
5835,16.637054
5836,16.652341
5837,16.659908
5838,16.839766
5839,16.420418
5840,16.762777
5841,16.674729
5842,16.714813
5843,16.663031
5844,16.723568
5845,16.468458
5846,16.868353
5847,16.747086
5848,16.532500
5849,16.702745
5850,16.650156
5851,16.495173
5852,16.858571
5853,16.614055
5854,17.535304
5855,15.743911
5856,16.667108
5857,16.589797
5858,16.788440
5859,16.663073
5860,16.641453
5861,16.667712
5862,16.668234
5863,16.571147
5864,16.801619
5865,16.695887
5866,16.693582
5867,16.609595
5868,16.609209
5869,16.575743
5870,16.807758
5871,16.608137
5872,16.659141
5873,16.669238
5874,16.683811
5875,16.642301
5876,16.696854
5877,16.653481
5878,16.741164
5879,16.613418
5880,16.711930
5881,16.544849
5882,16.788331
5883,16.636629
5884,16.654253
5885,16.654218
5886,16.723171
5887,16.633736
5888,16.770644
5889,16.555967
5890,16.670022
5891,16.685277
5892,16.658167
5893,16.589449
5894,16.747045
5895,16.808896
5896,16.514305
5897,16.673486
5898,16.683315
5899,16.559884
5900,16.809113
5901,16.668247
5902,16.597001
5903,16.834215
5904,16.611114
5905,16.473197
5906,16.760537
5907,16.838836
5908,16.510085
5909,16.650891
5910,16.682050
5911,16.570240
5912,16.761458
5913,16.674951
5914,16.800695
5915,16.684571
5916,16.624012
5917,16.444211
5918,16.922323
5919,16.933751
5920,16.243681
5921,16.721100
5922,16.608424
5923,16.649866
5924,16.788669
5925,16.556207
5926,16.677953
5927,16.669031
5928,16.751193
5929,16.479917
5930,16.828647
5931,16.658794
5932,16.603446
5933,16.693591
5934,16.877512
5935,16.338733
5936,16.889822
5937,16.687296
5938,16.651690
5939,16.709282
5940,16.589667
5941,16.476066
5942,16.852904
5943,16.658816
5944,16.728542
5945,16.518329
5946,16.674358
5947,16.607021
5948,16.800035
5949,16.705822
5950,16.593911
5951,16.644582
5952,16.655799
5953,16.572014
5954,16.761623
5955,16.782892
5956,16.898194
5957,16.304218
5958,16.692159
5959,16.545131
5960,16.758935
5961,16.670488
5962,16.650833
5963,16.697682
5964,16.648554
5965,16.569402
5966,16.789773
5967,16.662700
5968,16.655512
5969,16.671984
5970,16.673704
5971,16.566053
5972,16.764232
5973,16.655372
5974,16.641481
5975,16.694339
5976,16.689683
5977,16.544495
5978,16.872333
5979,16.567858
5980,16.641808
5981,16.849795
5982,16.549548
5983,16.538512
5984,16.756963
5985,16.646933
5986,16.670399
5987,16.681792
5988,16.641915
5989,16.576518
5990,16.764856
5991,16.689764
5992,16.653220
5993,16.642957
5994,16.763686
5995,16.489113
5996,16.884811
5997,16.534549
5998,16.675316
5999,16.817342
6000,16.499159
6001,16.587128
6002,16.742005
6003,16.813679
6004,16.575838
6005,16.673828
6006,16.612162
6007,16.578085
6008,16.817090
6009,16.616646
6010,16.641220
6011,16.694398
6012,16.781387
6013,16.454287
6014,16.767569
6015,16.647109
6016,16.686887
6017,16.660223
6018,16.713434
6019,16.522994
6020,16.895466
6021,16.512078
6022,16.658411
6023,16.764219
6024,16.653612
6025,16.511768
6026,16.808660
6027,16.667365
6028,16.710523
6029,16.621202
6030,16.634273
6031,16.569844
6032,16.869228
6033,16.597198
6034,16.644220
6035,16.699167
6036,16.769974
6037,16.418118
6038,16.796768
6039,16.670798
6040,16.608384
6041,16.668765
6042,16.704757
6043,16.543136
6044,16.817045
6045,16.605912
6046,16.635333
6047,17.075231
6048,16.690436
6049,16.553651
6050,16.836759
6051,16.591806
6052,16.788298
6053,16.522176
6054,16.679531
6055,16.575637
6056,16.851647
6057,16.543368
6058,16.687835
6059,16.681824
6060,16.726155
6061,16.514102
6062,16.794780
6063,16.814369
6064,16.801956
6065,16.538829
6066,16.648090
6067,16.585148
6068,16.867274
6069,16.553651
6070,16.647631
6071,16.717587
6072,16.683016
6073,16.618210
6074,16.654375
6075,16.687827
6076,16.655223
6077,16.677786
6078,16.664984
6079,16.580056
6080,16.753493
6081,16.657254
6082,16.688668
6083,16.646053
6084,16.724885
6085,16.514297
6086,16.738824
6087,16.702117
6088,16.694454
6089,16.651538
6090,16.648896
6091,16.580550
6092,17.000889
6093,16.431723
6094,16.659729
6095,16.649585
6096,16.688159
6097,16.569949
6098,16.766770
6099,17.471826
6100,16.754445
6101,16.549214
6102,16.659827
6103,16.685411
6104,16.584614
6105,16.742919
6106,16.682084
6107,16.652954
6108,16.684772
6109,16.719593
6110,16.507540
6111,16.783349
6112,16.648569
6113,16.657971
6114,16.665834
6115,16.722876
6116,16.585839
6117,16.715622
6118,16.662623
6119,16.703271
6120,16.752684
6121,16.589094
6122,16.509959
6123,17.211886
6124,16.709773
6125,16.597894
6126,16.648512
6127,16.634794
6128,16.650687
6129,16.708198
6130,16.693331
6131,16.683881
6132,16.590045
6133,16.671685
6134,16.576889
6135,16.829320
6136,16.688772
6137,16.583507
6138,16.654336
6139,16.659471
6140,16.672888
6141,16.756813
6142,16.641436
6143,16.767943
6144,16.639074
6145,16.597185
6146,16.602765
6147,16.811584
6148,16.707171
6149,16.576565
6150,16.657296
6151,16.717860
6152,16.567584
6153,16.717316
6154,16.647891
6155,16.653768
6156,16.683322
6157,16.652758
6158,16.578882
6159,17.592620
6160,15.823786
6161,16.656423
6162,16.664037
6163,16.692042
6164,16.644921
6165,16.666344
6166,16.683581
6167,16.832549
6168,16.802554
6169,16.544617
6170,16.580131
6171,16.792577
6172,16.641897
6173,16.654175
6174,16.664872
6175,16.676595
6176,16.577133
6177,16.735667
6178,16.681198
6179,16.725495
6180,16.620274
6181,16.674826
6182,16.554064
6183,16.781764
6184,16.671546
6185,16.643425
6186,16.680773
6187,16.719509
6188,16.522757
6189,16.751994
6190,16.792317
6191,16.544670
6192,16.675349
6193,16.648248
6194,16.561309
6195,16.798638
6196,16.700146
6197,16.578712
6198,16.755052
6199,16.572355
6200,16.594215
6201,16.769358
6202,16.628411
6203,16.684625
6204,16.666738
6205,16.665036
6206,16.590034
6207,16.773306
6208,16.693019
6209,16.753540
6210,16.561789
6211,16.650779
6212,16.577733
6213,16.763707
6214,16.658721
6215,16.652207
6216,16.869911
6217,16.451679
6218,16.597689
6219,16.733396
6220,16.665786
6221,16.689409
6222,16.653396
6223,16.665472
6224,16.589467
6225,16.843572
6226,16.577978
6227,16.628231
6228,16.712351
6229,16.689778
6230,16.546995
6231,16.741589
6232,16.692916
6233,16.663556
6234,16.658704
6235,16.644204
6236,16.617448
6237,16.738687
6238,16.673695
6239,16.643904
6240,16.680963
6241,16.794875
6242,16.457736
6243,16.789288
6244,16.653359
6245,16.834443
6246,16.517620
6247,16.624917
6248,16.690897
6249,16.848601
6250,16.630815
6251,16.580818
6252,16.686512
6253,16.755506
6254,16.481176
6255,16.750851
6256,16.685168
6257,16.721330
6258,16.607283
6259,16.640712
6260,16.638326
6261,16.827223
6262,16.543043
6263,16.674659
6264,16.670817
6265,16.714782
6266,16.530323
6267,16.750415
6268,16.689039
6269,16.713621
6270,16.588481
6271,16.686558
6272,16.592442
6273,16.760954
6274,16.635618
6275,16.699655
6276,16.734004
6277,16.635242
6278,16.532122
6279,16.729635
6280,16.690899
6281,16.714753
6282,16.586937
6283,16.682410
6284,16.646098
6285,16.708114
6286,16.653073
6287,16.649935
6288,16.724527
6289,16.630361
6290,16.568788
6291,16.797788
6292,16.707873
6293,16.621759
6294,16.617711
6295,16.648331
6296,16.615023
6297,16.814917
6298,16.614681
6299,16.660160
6300,16.703172
6301,16.672426
6302,16.544296
6303,16.761838
6304,16.713164
6305,16.668146
6306,16.600980
6307,16.662031
6308,16.675317
6309,16.723240
6310,16.631181
6311,16.657271
6312,16.670073
6313,16.691496
6314,16.556454
6315,16.748192
6316,16.670024
6317,16.838731
6318,16.470097
6319,16.687396
6320,16.564724
6321,16.880739
6322,16.556660
6323,16.682217
6324,16.676849
6325,16.687402
6326,16.534049
6327,16.736689
6328,16.674074
6329,16.665381
6330,16.670629
6331,16.669674
6332,16.591718
6333,16.758230
6334,16.649440
6335,16.660209
6336,16.685128
6337,16.663886
6338,16.568488
6339,16.833408
6340,16.583963
6341,16.853870
6342,16.497708
6343,16.660811
6344,16.564230
6345,16.849909
6346,16.584265
6347,16.667793
6348,16.657925
6349,16.687514
6350,16.568492
6351,16.805838
6352,16.659325
6353,16.771161
6354,16.565594
6355,16.663713
6356,16.533656
6357,16.891032
6358,16.611671
6359,16.683156
6360,16.639184
6361,16.611640
6362,16.577687
6363,16.758772
6364,16.644862
6365,16.666333
6366,16.911842
6367,16.421409
6368,16.575726
6369,16.788076
6370,16.643879
6371,16.675744
6372,16.648213
6373,16.719775
6374,16.544760
6375,16.751042
6376,16.636460
6377,16.695236
6378,16.771818
6379,16.537510
6380,16.589759
6381,16.869200
6382,16.634754
6383,16.674834
6384,16.568594
6385,16.668882
6386,16.596299
6387,16.740843
6388,16.672309
6389,16.688486
6390,16.703918
6391,16.621976
6392,16.583399
6393,16.832020
6394,16.703847
6395,16.556024
6396,16.659732
6397,16.663991
6398,16.624389
6399,16.696748
6400,16.653655
6401,16.695271
6402,16.662330
6403,16.645067
6404,16.591634
6405,16.882502
6406,16.535126
6407,16.645386
6408,16.679734
6409,16.678975
6410,16.617065
6411,16.728159
6412,16.653887
6413,16.669607
6414,16.651768
6415,16.727394
6416,16.526849
6417,16.756316
6418,16.777458
6419,16.553961
6420,16.687188
6421,16.648426
6422,16.614018
6423,16.711642
6424,16.656539
6425,16.753736
6426,16.580360
6427,16.657173
6428,16.605310
6429,16.818748
6430,16.625603
6431,16.663232
6432,16.652750
6433,16.755715
6434,16.511278
6435,16.814617
6436,16.653696
6437,16.698943
6438,16.653728
6439,16.613492
6440,16.537891
6441,16.781272
6442,16.805191
6443,16.588724
6444,16.660357
6445,16.647827
6446,16.536009
6447,16.734796
6448,16.668388
6449,16.672675
6450,16.687243
6451,16.660747
6452,16.568307
6453,16.790153
6454,16.645637
6455,16.705264
6456,16.665372
6457,16.704901
6458,16.491086
6459,16.767038
6460,16.692912
6461,16.649422
6462,16.799586
6463,16.528079
6464,16.545758
6465,16.976994
6466,16.615149
6467,16.574622
6468,16.679676
6469,16.696721
6470,16.497243
6471,16.800790
6472,16.658255
6473,16.685747
6474,16.726111
6475,16.556529
6476,16.543607
6477,16.776036
6478,16.658849
6479,16.627921
6480,16.709950
6481,16.663498
6482,16.572297
6483,16.774331
6484,16.648913
6485,16.661475
6486,16.682710
6487,16.638138
6488,16.600352
6489,16.744548
6490,16.723213
6491,16.643421
6492,16.625353
6493,16.699631
6494,16.579950
6495,16.735578
6496,16.697602
6497,16.724238
6498,16.593385
6499,16.649832
6500,16.576403
6501,16.766403
6502,16.836205
6503,16.523134
6504,16.688451
6505,16.619751
6506,16.579075
6507,16.763009
6508,16.672090
6509,16.644198
6510,16.677063
6511,16.773563
6512,16.462149
6513,16.769059
6514,16.674337
6515,16.653155
6516,16.684989
6517,16.631708
6518,16.599658
6519,16.776559
6520,16.617448
6521,16.667881
6522,16.718213
6523,16.770256
6524,16.426510
6525,16.754639
6526,16.730745
6527,16.586525
6528,16.683775
6529,16.645343
6530,16.641554
6531,16.723807
6532,16.654871
6533,16.688344
6534,16.674349
6535,16.646425
6536,16.591166
6537,16.723895
6538,16.744967
6539,16.585097
6540,16.673478
6541,16.645123
6542,16.625535
6543,16.845314
6544,16.569650
6545,16.664701
6546,16.699263
6547,16.621584
6548,16.593699
6549,16.728352
6550,16.736015
6551,16.633257
6552,16.758412
6553,16.594465
6554,16.572047
6555,16.767946
6556,16.672639
6557,16.628469
6558,16.711721
6559,16.635265
6560,16.585530
6561,16.762407
6562,16.678208
6563,16.665129
6564,16.652720
6565,16.734728
6566,16.507709
6567,16.800363
6568,16.661158
6569,16.659208
6570,16.690256
6571,16.658926
6572,16.572512
6573,16.789989
6574,16.617638
6575,16.675348
6576,16.666825
6577,16.642545
6578,16.597597
6579,16.739292
6580,16.648678
6581,16.690349
6582,16.657103
6583,16.799890
6584,16.458974
6585,16.757168
6586,16.746702
6587,16.563957
6588,16.671000
6589,16.657614
6590,16.615027
6591,16.762610
6592,16.625500
6593,16.656004
6594,16.736823
6595,16.612024
6596,16.576336
6597,16.749966
6598,16.675963
6599,16.659078
6600,16.660518
6601,16.674885
6602,16.605768
6603,16.735556
6604,16.644211
6605,16.747651
6606,16.644559
6607,16.623544
6608,16.580598
6609,16.740197
6610,16.684538
6611,16.685450
6612,16.635643
6613,16.675289
6614,16.631507
6615,16.764178
6616,16.596115
6617,16.647398
6618,16.770777
6619,16.594245
6620,16.576163
6621,16.760966
6622,16.692806
6623,16.612752
6624,16.676836
6625,16.675066
6626,16.607482
6627,16.831399
6628,16.550103
6629,16.688822
6630,16.666750
6631,16.663072
6632,16.582541
6633,16.769557
6634,16.719646
6635,16.626690
6636,16.646535
6637,16.687821
6638,16.570102
6639,16.814679
6640,16.585051
6641,16.669204
6642,16.673635
6643,16.741112
6644,16.487842
6645,16.823639
6646,16.679033
6647,16.657291
6648,16.628371
6649,16.697197
6650,16.504204
6651,16.823121
6652,16.594480
6653,16.674717
6654,16.730653
6655,16.717347
6656,16.476503
6657,16.827893
6658,16.690838
6659,16.612320
6660,16.635521
6661,16.634282
6662,16.609371
6663,16.830199
6664,16.771626
6665,16.482432
6666,17.515282
6667,15.835972
6668,16.554791
6669,16.787173
6670,17.014031
6671,16.724763
6672,16.622105
6673,16.752469
6674,16.508996
6675,16.869886
6676,16.646586
6677,16.669136
6678,16.626643
6679,16.578492
6680,16.581209
6681,16.739349
6682,17.462175
6683,15.891171
6684,16.647511
6685,16.668215
6686,16.586760
6687,16.807804
6688,16.672713
6689,16.618770
6690,16.656904
6691,16.703294
6692,16.555131
6693,16.745904
6694,16.655294
6695,16.759803
6696,16.598035
6697,16.649015
6698,16.594086
6699,16.807599
6700,16.609853
6701,16.675981
6702,16.621192
6703,16.698067
6704,16.589522
6705,16.807904
6706,16.688850
6707,16.745392
6708,16.667252
6709,16.481543
6710,16.584918
6711,16.771838
6712,16.652610
6713,16.642827
6714,16.668484
6715,16.677450
6716,16.586389
6717,16.788028
6718,16.615463
6719,16.766361
6720,16.558245
6721,16.667431
6722,16.617214
6723,16.795340
6724,16.600359
6725,16.704650
6726,16.642930
6727,16.698644
6728,16.565855
6729,16.750337
6730,16.669436
6731,16.714871
6732,16.614818
6733,16.699264
6734,16.562519
6735,16.805835
6736,16.603053
6737,16.661266
6738,16.678178
6739,16.647810
6740,16.590430
6741,16.731304
6742,16.662568
6743,16.682174
6744,16.744404
6745,16.572162
6746,16.600238
6747,16.807384
6748,16.648012
6749,16.630704
6750,16.658155
6751,16.679997
6752,16.638752
6753,16.713719
6754,16.667592
6755,16.673743
6756,16.714663
6757,16.573606
6758,16.584450
6759,16.761062
6760,16.689580
6761,16.666176
6762,16.667086
6763,16.709569
6764,16.529282
6765,16.797499
6766,16.645520
6767,16.665402
6768,16.668942
6769,16.638337
6770,16.584070
6771,16.889184
6772,16.636313
6773,16.687273
6774,16.648756
6775,16.699935
6776,16.634609
6777,16.664853
6778,16.670003
6779,16.680684
6780,16.643877
6781,16.683050
6782,16.589643
6783,16.773985
6784,16.666527
6785,16.634941
6786,16.672210
6787,16.719880
6788,16.612207
6789,16.659399
6790,16.684017
6791,16.694977
6792,16.631804
6793,16.821444
6794,16.418483
6795,16.782635
6796,16.751677
6797,16.644285
6798,16.642030
6799,16.901631
6800,16.344999
6801,16.702939
6802,16.645230
6803,16.710545
6804,16.648833
6805,16.664449
6806,16.562172
6807,16.765798
6808,16.731089
6809,16.597742
6810,16.636315
6811,16.738664
6812,16.536331
6813,16.839244
6814,16.571939
6815,16.687699
6816,16.744994
6817,16.574501
6818,16.592338
6819,16.731535
6820,16.679577
6821,16.681836
6822,16.655329
6823,16.657629
6824,16.598296
6825,16.737329
6826,16.689705
6827,16.672132
6828,16.648251
6829,16.641657
6830,16.603867
6831,16.748468
6832,16.655936
6833,16.681138
6834,16.658022
6835,16.707614
6836,16.616828
6837,16.764427
6838,16.657912
6839,16.590832
6840,16.749918
6841,16.579242
6842,16.581195
6843,16.771537
6844,16.750148
6845,16.551133
6846,16.691087
6847,16.640107
6848,16.662697
6849,16.694239
6850,16.652970
6851,16.701116
6852,16.762020
6853,16.645508
6854,16.490154
6855,16.757506
6856,16.705245
6857,16.595043
6858,16.668075
6859,16.660467
6860,16.617472
6861,16.723828
6862,16.668047
6863,16.692763
6864,16.743512
6865,16.561333
6866,16.597104
6867,16.734571
6868,17.132139
6869,16.709564
6870,16.704660
6871,17.231731
6872,16.101111
6873,17.110772
6874,16.328034
6875,16.803712
6876,16.682310
6877,16.636063
6878,16.249683
6879,17.385358
6880,16.364185
6881,16.581920
6882,16.659635
6883,16.848367
6884,16.188478
6885,16.713187
6886,16.668706
6887,16.650762
6888,16.757310
6889,16.558947
6890,16.613621
6891,16.726313
6892,16.755468
6893,16.619973
6894,16.676077
6895,16.658147
6896,16.552608
6897,16.789591
6898,16.620025
6899,16.713775
6900,16.729228
6901,16.594735
6902,16.560938
6903,16.798098
6904,16.794279
6905,16.545736
6906,16.631045
6907,16.705808
6908,16.518363
6909,16.812598
6910,16.578438
6911,16.686035
6912,16.737348
6913,16.691312
6914,16.500896
6915,16.735243
6916,16.685483
6917,16.789786
6918,16.522381
6919,16.662751
6920,16.614014
6921,16.725827
6922,16.658074
6923,16.665864
6924,16.680399
6925,16.662020
6926,16.583637
6927,16.801860
6928,16.695128
6929,16.676057
6930,16.628597
6931,16.686759
6932,16.579126
6933,16.744703
6934,16.651057
6935,16.681525
6936,16.704705
6937,16.623510
6938,16.559754
6939,16.788705
6940,16.652447
6941,16.667487
6942,16.673445
6943,16.670454
6944,16.550144
6945,16.960178
6946,16.500769
6947,16.591437
6948,16.733979
6949,16.673576
6950,16.514023
6951,16.802779
6952,16.686425
6953,16.728181
6954,16.591684
6955,16.654173
6956,16.537844
6957,16.797849
6958,16.671680
6959,16.666637
6960,16.697585
6961,16.631740
6962,16.535079
6963,16.805837
6964,16.663850
6965,16.729164
6966,16.524145
6967,16.678041
6968,16.604355
6969,16.742515
6970,16.658473
6971,16.681501
6972,16.659829
6973,16.692310
6974,16.578632
6975,16.732262
6976,16.673763
6977,16.690790
6978,16.648107
6979,16.642820
6980,16.649206
6981,16.825525
6982,16.579283
6983,16.653487
6984,16.662650
6985,16.637024
6986,16.591247
6987,16.739519
6988,16.679611
6989,16.675657
6990,16.649399
6991,16.681281
6992,16.582631
6993,16.745740
6994,16.667195
6995,16.660612
6996,16.717230
6997,16.613237
6998,16.587888
6999,16.739294
7000,16.699555
7001,16.691846
7002,16.677647
7003,16.669476
7004,16.517390
7005,16.858817
7006,16.557758
7007,16.660163
7008,16.670102
7009,16.751805
7010,16.512141
7011,16.810895
7012,16.579333
7013,16.704051
7014,16.718991
7015,16.587172
7016,16.590651
7017,16.768481
7018,16.698020
7019,16.603906
7020,16.669977
7021,16.744022
7022,16.527031
7023,16.748753
7024,16.666877
7025,16.712567
7026,16.600553
7027,16.654038
7028,16.601750
7029,16.772175
7030,16.634258
7031,16.695986
7032,16.651954
7033,16.703605
7034,16.551012
7035,16.752533
7036,16.652530
7037,16.727283
7038,16.613111
7039,16.662629
7040,16.588498
7041,16.752868
7042,16.652922
7043,16.661822
7044,16.665850
7045,16.713697
7046,16.555538
7047,16.746042
7048,16.657697
7049,16.692798
7050,16.652026
7051,16.676541
7052,16.582287
7053,16.757498
7054,16.634598
7055,16.667180
7056,16.663154
7057,16.710287
7058,16.552855
7059,16.872904
7060,16.578535
7061,16.682503
7062,16.593983
7063,16.686984
7064,16.597428
7065,16.840181
7066,16.572011
7067,16.679297
7068,16.668952
7069,16.677514
7070,16.577752
7071,16.770520
7072,16.637484
7073,16.703148
7074,16.644338
7075,16.660258
7076,16.593338
7077,16.755721
7078,16.673565
7079,16.646306
7080,16.687513
7081,16.674497
7082,16.556694
7083,16.755176
7084,16.657877
7085,16.685046
7086,16.666294
7087,16.637934
7088,16.602599
7089,16.821303
7090,16.670789
7091,16.609232
7092,16.634014
7093,16.709742
7094,16.599616
7095,16.708596
7096,16.664517
7097,16.677005
7098,16.753146
7099,16.549622
7100,16.601635
7101,16.870631
7102,16.538512
7103,16.677822
7104,16.657516
7105,16.809505
7106,16.550463
7107,16.639737
7108,16.680130
7109,16.783571
7110,16.721322
7111,16.507930
7112,16.571708
7113,16.764423
7114,16.718007
7115,16.610305
7116,16.651669
7117,16.767253
7118,16.543757
7119,16.697974
7120,16.648974
7121,17.203201
7122,16.233428
7123,16.578898
7124,16.578151
7125,17.116774
7126,16.324866
7127,16.646079
7128,16.676623
7129,16.755915
7130,16.490387
7131,16.826525
7132,16.595613
7133,16.675604
7134,16.648317
7135,16.685886
7136,16.558319
7137,16.815617
7138,16.773689
7139,16.476437
7140,16.717267
7141,16.654550
7142,16.580660
7143,16.778840
7144,16.615044
7145,16.821123
7146,16.586514
7147,16.609252
7148,16.586394
7149,16.749233
7150,16.776513
7151,16.578932
7152,16.645119
7153,16.682628
7154,16.647674
7155,16.660748
7156,16.735278
7157,16.659345
7158,16.613456
7159,16.752264
7160,16.490586
7161,16.897274
7162,16.704587
7163,16.504702
7164,16.665231
7165,16.806191
7166,16.424321
7167,16.894516
7168,16.540661
7169,16.642260
7170,16.789283
7171,16.620202
7172,16.520573
7173,16.840628
7174,16.640613
7175,16.657255
7176,16.682974
7177,16.594350
7178,16.595190
7179,16.870199
7180,16.591254
7181,16.671921
7182,16.682487
7183,16.595459
7184,16.567813
7185,16.756997
7186,16.666579
7187,16.741675
7188,16.582759
7189,16.663372
7190,16.596101
7191,16.731347
7192,16.735187
7193,16.654860
7194,16.711966
7195,16.631697
7196,16.514297
7197,16.885153
7198,16.565794
7199,16.647051
7200,16.641305
7201,16.749864
7202,16.534115
7203,16.748089
7204,16.661728
7205,16.680121
7206,16.686023
7207,16.633875
7208,16.581530
7209,16.759119
7210,16.709113
7211,16.635104
7212,16.653142
7213,16.669320
7214,16.604725
7215,16.736040
7216,16.628488
7217,16.694039
7218,16.748379
7219,16.590070
7220,16.572574
7221,16.748476
7222,16.681989
7223,16.650055
7224,16.652449
7225,16.661290
7226,16.605605
7227,16.768545
7228,16.663439
7229,16.655745
7230,16.699032
7231,16.676607
7232,16.558580
7233,16.785660
7234,16.663939
7235,16.663476
7236,16.664749
7237,16.611357
7238,16.591426
7239,16.775886
7240,16.642298
7241,16.650755
7242,16.670112
7243,16.739787
7244,16.538663
7245,16.742434
7246,16.684037
7247,16.634801
7248,16.661090
7249,16.752445
7250,16.515623
7251,16.774213
7252,16.614308
7253,16.664702
7254,16.703428
7255,16.646483
7256,16.573991
7257,16.744819
7258,16.683683
7259,16.781504
7260,16.537363
7261,16.680344
7262,16.607259
7263,16.809413
7264,16.613946
7265,16.647200
7266,16.662323
7267,16.758188
7268,16.480231
7269,16.751988
7270,16.702486
7271,16.643991
7272,16.657478
7273,16.727973
7274,16.582656
7275,16.752913
7276,16.637060
7277,16.622737
7278,16.716816
7279,16.682628
7280,16.531195
7281,16.789573
7282,16.726917
7283,16.717393
7284,16.505834
7285,16.677519
7286,16.582975
7287,16.750118
7288,16.706919
7289,16.662250
7290,16.733361
7291,16.688367
7292,16.455027
7293,16.744048
7294,16.720217
7295,16.643395
7296,16.631254
7297,16.669612
7298,16.617414
7299,16.742144
7300,16.645501
7301,16.663141
7302,16.764808
7303,16.589988
7304,16.574152
7305,16.751503
7306,16.977406
7307,16.377457
7308,16.653810
7309,16.651278
7310,16.592196
7311,16.753897
7312,16.654595
7313,16.756474
7314,16.653695
7315,16.706342
7316,16.482232
7317,16.805510
7318,16.676396
7319,16.828178
7320,16.411891
7321,16.683300
7322,16.580956
7323,16.759698
7324,16.644630
7325,16.696879
7326,16.653943
7327,16.664141
7328,16.581499
7329,16.751990
7330,16.655448
7331,16.740508
7332,16.688576
7333,16.623210
7334,16.561452
7335,16.745281
7336,16.640998
7337,16.681345
7338,16.655399
7339,16.695390
7340,16.577795
7341,16.746126
7342,16.684566
7343,16.793836
7344,16.531357
7345,16.670991
7346,16.566690
7347,16.824411
7348,16.785608
7349,16.540589
7350,16.754282
7351,16.517576
7352,16.576347
7353,16.746549
7354,16.703546
7355,16.819152
7356,16.631187
7357,16.680475
7358,16.590977
7359,16.749712
7360,16.661881
7361,16.664294
7362,16.669167
7363,16.664716
7364,16.588798
7365,16.762994
7366,16.671632
7367,16.673797
7368,16.673233
7369,16.635094
7370,16.596148
7371,16.796939
7372,16.614892
7373,16.739292
7374,16.681544
7375,16.688794
7376,16.484905
7377,16.775673
7378,16.646998
7379,16.673890
7380,16.659044
7381,16.692270
7382,16.556852
7383,16.807280
7384,16.659271
7385,16.633060
7386,16.683773
7387,16.651003
7388,16.570916
7389,16.760783
7390,16.781561
7391,16.729517
7392,16.475184
7393,16.755954
7394,16.512780
7395,16.824590
7396,16.602170
7397,16.661469
7398,16.668645
7399,16.694010
7400,16.538737
7401,16.845197
7402,16.555186
7403,16.700766
7404,16.643109
7405,16.699419
7406,16.546637
7407,16.732134
7408,16.762476
7409,16.566670
7410,16.670505
7411,16.701853
7412,16.553297
7413,16.754511
7414,16.655856
7415,16.694249
7416,16.661228
7417,16.652603
7418,16.595204
7419,17.034516
7420,16.405196
7421,16.619973
7422,16.656894
7423,16.696296
7424,16.616392
7425,16.711088
7426,16.650315
7427,16.781259
7428,16.600587
7429,16.641761
7430,16.599062
7431,16.751538
7432,16.675565
7433,16.669533
7434,16.651867
7435,16.690360
7436,16.611682
7437,16.742014
7438,16.668534
7439,16.619659
7440,16.750548
7441,16.578167
7442,16.581369
7443,16.955913
7444,16.450402
7445,16.681932
7446,16.630545
7447,16.693468
7448,16.630806
7449,16.681200
7450,16.671654
7451,16.675143
7452,16.694061
7453,16.799887
7454,16.425210
7455,16.760013
7456,16.639801
7457,16.673244
7458,16.682485
7459,16.688584
7460,16.611908
7461,16.688511
7462,16.668995
7463,16.682196
7464,16.744398
7465,16.572371
7466,16.593466
7467,16.832939
7468,16.623903
7469,16.598119
7470,16.689529
7471,16.667026
7472,16.582148
7473,16.775124
7474,16.632701
7475,16.703549
7476,16.728101
7477,16.631435
7478,16.545216
7479,16.739732
7480,16.681681
7481,16.644481
7482,16.673425
7483,16.689529
7484,16.579348
7485,16.795848
7486,16.602390
7487,16.659983
7488,16.759020
7489,16.577364
7490,16.592246
7491,16.747491
7492,16.795846
7493,16.523970
7494,16.681711
7495,16.676512
7496,16.652607
7497,16.666442
7498,16.661402
7499,16.661256
7500,16.779380
7501,16.551796
7502,16.609367
7503,16.895021
7504,16.544135
7505,16.655055
7506,16.668067
7507,16.664506
7508,16.590467
7509,16.752761
7510,16.662388
7511,16.713019
7512,16.700334
7513,16.715931
7514,16.447759
7515,16.792180
7516,16.605668
7517,16.788647
7518,16.526752
7519,16.670557
7520,16.613994
7521,16.727286
7522,16.660232
7523,16.662146
7524,16.691389
7525,16.643546
7526,16.597023
7527,16.826902
7528,16.588547
7529,16.660345
7530,16.676638
7531,16.700803
7532,16.613028
7533,16.768516
7534,16.590792
7535,16.717090
7536,16.786354
7537,16.509982
7538,16.578443
7539,16.869616
7540,16.682186
7541,16.738141
7542,16.574882
7543,16.670061
7544,16.467577
7545,16.810821
7546,16.741189
7547,16.522113
7548,16.682209
7549,16.658591
7550,16.580695
7551,16.752153
7552,16.736327
7553,16.611626
7554,16.641653
7555,16.661768
7556,16.602849
7557,16.759118
7558,16.656059
7559,16.667293
7560,16.683602
7561,16.656881
7562,16.574762
7563,16.753514
7564,16.664508
7565,16.708048
7566,16.677686
7567,16.593971
7568,16.593939
7569,16.749160
7570,16.659443
7571,16.676838
7572,16.690402
7573,16.676277
7574,16.544446
7575,16.740418
7576,16.718167
7577,16.713702
7578,16.580107
7579,16.719912
7580,16.545619
7581,16.834461
7582,16.704251
7583,16.596054
7584,16.730812
7585,16.595507
7586,16.532835
7587,16.742967
7588,16.725049
7589,16.679660
7590,16.686655
7591,16.638719
7592,16.537738
7593,16.786350
7594,16.606749
7595,16.664281
7596,16.679673
7597,16.675955
7598,16.580457
7599,16.768022
7600,16.647011
7601,16.747452
7602,16.560548
7603,16.697964
7604,16.581743
7605,16.758351
7606,16.782359
7607,16.547940
7608,16.682138
7609,16.638684
7610,16.580676
7611,16.800948
7612,16.719619
7613,16.622908
7614,16.658087
7615,16.666637
7616,16.542334
7617,16.793946
7618,16.643040
7619,16.672213
7620,16.674555
7621,16.782870
7622,16.424019
7623,16.987626
7624,16.528730
7625,16.739286
7626,16.587220
7627,16.685635
7628,16.483052
7629,16.830890
7630,16.587571
7631,16.672800
7632,16.685039
7633,16.671326
7634,16.557370
7635,16.803292
7636,16.605800
7637,16.678751
7638,16.654743
7639,16.667857
7640,16.597185
7641,16.818699
7642,16.600010
7643,16.670999
7644,16.984995
7645,16.692878
7646,16.528372
7647,16.756505
7648,16.684510
7649,16.657838
7650,16.663674
7651,16.660232
7652,16.590217
7653,16.748218
7654,16.654411
7655,16.651370
7656,16.675113
7657,16.773217
7658,16.476934
7659,16.746823
7660,16.653866
7661,16.685112
7662,16.665122
7663,16.650511
7664,16.593504
7665,16.757549
7666,16.666223
7667,16.708827
7668,16.648480
7669,16.655061
7670,16.587088
7671,16.725763
7672,16.673416
7673,16.770693
7674,16.569860
7675,16.669752
7676,16.574383
7677,16.896431
7678,16.550926
7679,16.654368
7680,16.714193
7681,16.594699
7682,16.589095
7683,16.804355
7684,16.595063
7685,16.693743
7686,16.704699
7687,16.599609
7688,16.608767
7689,16.739449
7690,16.764544
7691,16.571247
7692,16.658941
7693,16.715653
7694,16.569048
7695,16.757934
7696,16.724454
7697,16.613532
7698,16.643835
7699,16.641690
7700,16.596208
7701,16.790610
7702,16.617124
7703,16.679470
7704,16.675363
7705,16.758247
7706,16.497841
7707,16.804130
7708,16.658738
7709,16.626617
7710,16.800651
7711,16.569917
7712,16.528543
7713,16.817633
7714,16.632717
7715,16.647857
7716,16.665836
7717,16.674167
7718,16.581116
7719,16.749390
7720,16.678858
7721,16.661654
7722,16.639884
7723,16.697433
7724,16.559286
7725,16.803416
7726,16.649814
7727,16.610097
7728,16.677794
7729,16.756705
7730,16.515556
7731,16.727053
7732,16.654449
7733,16.704672
7734,16.629487
7735,16.685168
7736,16.576471
7737,16.764268
7738,16.705231
7739,16.604603
7740,16.690378
7741,16.669116
7742,16.578942
7743,16.764706
7744,16.636427
7745,16.701931
7746,16.650724
7747,16.646983
7748,16.602517
7749,16.778082
7750,16.666093
7751,16.655887
7752,16.709424
7753,16.624452
7754,16.551148
7755,16.746959
7756,16.651628
7757,17.723394
7758,16.421712
7759,16.233012
7760,16.437086
7761,16.748555
7762,16.696008
7763,16.644699
7764,16.660682
7765,16.653573
7766,16.630794
7767,16.816406
7768,16.604823
7769,16.643917
7770,16.724372
7771,16.644695
7772,16.497255
7773,16.907279
7774,16.668853
7775,16.581101
7776,16.626372
7777,16.634781
7778,16.580647
7779,16.754850
7780,16.657608
7781,16.651864
7782,16.668435
7783,16.706054
7784,16.576162
7785,16.749375
7786,16.728032
7787,16.560348
7788,16.673098
7789,16.670555
7790,16.629134
7791,16.709004
7792,16.659621
7793,16.713276
7794,16.688693
7795,16.604139
7796,16.584299
7797,16.831014
7798,16.640127
7799,16.651100
7800,16.610294
7801,16.680916
7802,16.597037
7803,16.743894
7804,16.657446
7805,16.718710
7806,16.672926
7807,16.620436
7808,16.581450
7809,16.992521
7810,16.464772
7811,16.663058
7812,16.646546
7813,16.697898
7814,16.563103
7815,16.733758
7816,16.656342
7817,16.664680
7818,16.671701
7819,16.654846
7820,16.590743
7821,16.751801
7822,16.688016
7823,16.652900
7824,16.681147
7825,16.649605
7826,16.584482
7827,16.735374
7828,16.656208
7829,16.683802
7830,16.762437
7831,16.568502
7832,16.590010
7833,16.805015
7834,16.640263
7835,16.721877
7836,16.599801
7837,16.736529
7838,16.545228
7839,16.785532
7840,16.667880
7841,16.655920
7842,16.617276
7843,16.642404
7844,16.600821
7845,16.757220
7846,16.716910
7847,16.570821
7848,16.667314
7849,16.675035
7850,16.627923
7851,16.723685
7852,16.643006
7853,16.670309
7854,16.771054
7855,16.621638
7856,16.544273
7857,16.788488
7858,16.654312
7859,16.671631
7860,16.660372
7861,16.734361
7862,16.521448
7863,16.856537
7864,16.614286
7865,16.617804
7866,16.691311
7867,16.616203
7868,16.584930
7869,16.765783
7870,16.717840
7871,16.615386
7872,16.684898
7873,16.634580
7874,16.607263
7875,16.750507
7876,16.634163
7877,16.646193
7878,16.797122
7879,16.560493
7880,16.583553
7881,16.743327
7882,16.680358
7883,16.706197
7884,16.643864
7885,16.630980
7886,16.608679
7887,16.750062
7888,16.661861
7889,16.660008
7890,16.816643
7891,16.529621
7892,16.580543
7893,16.771959
7894,16.716648
7895,16.584017
7896,16.678974
7897,16.661835
7898,16.617671
7899,16.729211
7900,16.647827
7901,16.664591
7902,16.681618
7903,16.664921
7904,16.573493
7905,16.768251
7906,16.661680
7907,16.659020
7908,16.674107
7909,16.669547
7910,16.583257
7911,16.747483
7912,16.665260
7913,16.661664
7914,16.877213
7915,16.455447
7916,16.576505
7917,16.753446
7918,16.698835
7919,16.644615
7920,16.659821
7921,16.653027
7922,16.599220
7923,16.757045
7924,16.654885
7925,16.664336
7926,16.694394
7927,16.641765
7928,16.584159
7929,16.813018
7930,16.596985
7931,16.672305
7932,16.653735
7933,16.685256
7934,16.604964
7935,16.750284
7936,16.635287
7937,16.718879
7938,16.705749
7939,16.769161
7940,16.388317
7941,16.825418
7942,16.658418
7943,16.666680
7944,16.618422
7945,16.647486
7946,16.601139
7947,16.764785
7948,16.644488
7949,16.670020
7950,16.700414
7951,16.705875
7952,16.511137
7953,16.766744
7954,16.730192
7955,16.595250
7956,16.657956
7957,16.661416
7958,16.584094
7959,17.016358
7960,16.482203
7961,16.663886
7962,16.759845
7963,16.568088
7964,16.494381
7965,16.746172
7966,16.772078
7967,16.683251
7968,16.565054
7969,16.640130
7970,16.619337
7971,16.876171
7972,16.564833
7973,16.707037
7974,16.711718
7975,16.623936
7976,16.516263
7977,16.767595
7978,16.712303
7979,16.702089
7980,16.563709
7981,16.677402
7982,16.576902
7983,16.784581
7984,16.637839
7985,16.681313
7986,16.675762
7987,16.765568
7988,16.460375
7989,16.739045
7990,16.663205
7991,16.721521
7992,16.635666
7993,16.667307
7994,16.567796
7995,16.880746
7996,16.517552
7997,16.679275
7998,16.706999
7999,16.623404
8000,16.580600
8001,16.778715
8002,16.637095
8003,16.737579
8004,16.615016
8005,16.662664
8006,16.586557
8007,16.825879
8008,16.587606
8009,16.663072
8010,16.694011
8011,16.670057
8012,16.540556
8013,16.771217
8014,16.655233
8015,16.736143
8016,16.600058
8017,16.638998
8018,16.604610
8019,16.842263
8020,16.572696
8021,16.642088
8022,16.698584
8023,16.768013
8024,16.480875
8025,16.810157
8026,16.610848
8027,16.696467
8028,16.673334
8029,16.626417
8030,16.584216
8031,16.767545
8032,16.639514
8033,16.685016
8034,16.641697
8035,16.674345
8036,16.586877
8037,16.741862
8038,16.691403
8039,16.680156
8040,16.736815
8041,16.570323
8042,16.580120
8043,16.851326
8044,16.552900
8045,16.679312
8046,16.646908
8047,16.695086
8048,16.589431
8049,16.754183
8050,16.695160
8051,16.705255
8052,16.578961
8053,16.699354
8054,16.540134
8055,16.846699
8056,16.583561
8057,16.764454
8058,16.841580
8059,17.068707
8060,15.950566
8061,16.852911
8062,16.723618
8063,16.674995
8064,16.877704
8065,16.476293
8066,16.343564
8067,17.162537
8068,16.633621
8069,16.505522
8070,16.821557
8071,16.673789
8072,16.271820
8073,17.030572
8074,16.735609
8075,16.651854
8076,16.573340
8077,16.776677
8078,16.161751
8079,17.253114
8080,16.649996
8081,16.518991
8082,16.555018
8083,16.803842
8084,16.226914
8085,17.068783
8086,16.599897
8087,16.741021
8088,16.652424
8089,16.615841
8090,16.315298
8091,17.220501
8092,16.488026
8093,16.632203
8094,16.730897
8095,16.716060
8096,16.211451
8097,17.042532
8098,16.543291
8099,16.496140
8100,16.662059
8101,16.672781
8102,16.585734
8103,16.771100
8104,16.818166
8105,16.493712
8106,16.664961
8107,16.730859
8108,16.544370
8109,16.719024
8110,16.647480
8111,16.774568
8112,16.664352
8113,16.700359
8114,16.471452
8115,16.750368
8116,16.686672
8117,16.631789
8118,16.736164
8119,16.786500
8120,16.409399
8121,16.730000
8122,16.666990
8123,16.719440
8124,16.696162
8125,16.598400
8126,16.612502
8127,16.804108
8128,16.590687
8129,16.674674
8130,16.650527
8131,16.688942
8132,16.626811
8133,16.801702
8134,16.567889
8135,16.686433
8136,16.799996
8137,16.511654
8138,16.587162
8139,16.780058
8140,16.720819
8141,16.583552
8142,16.671042
8143,16.748405
8144,16.568015
8145,16.691447
8146,16.652343
8147,16.666029
8148,16.717991
8149,16.614587
8150,16.574625
8151,16.770035
8152,16.861276
8153,16.474381
8154,16.629914
8155,16.678739
8156,16.581669
8157,16.826715
8158,16.629697
8159,16.627761
8160,16.694976
8161,16.656215
8162,16.567611
8163,16.761021
8164,16.662290
8165,16.646330
8166,16.689531
8167,16.661775
8168,16.626406
8169,16.723426
8170,16.649678
8171,16.690423
8172,16.862878
8173,16.456299
8174,16.565405
8175,16.759929
8176,16.658409
8177,16.669211
8178,16.694668
8179,16.642501
8180,16.581144
8181,16.754048
8182,16.729473
8183,16.663239
8184,16.640520
8185,16.622968
8186,16.583051
8187,16.741277
8188,16.673819
8189,16.674937
8190,16.683083
8191,16.671668
8192,16.603885
8193,16.714654
8194,16.664053
8195,16.676368
8196,16.823231
8197,16.557859
8198,16.516105
8199,16.906980
8200,16.693890
8201,16.476165
8202,16.658434
8203,16.764467
8204,49.771960
8205,1.940081
8206,16.796045
8207,16.645963
8208,16.649842
8209,16.662920
8210,16.717302
8211,16.722449
8212,16.487314
8213,16.760163
8214,16.646762
8215,16.677450
8216,16.655380
8217,16.668620
8218,16.585791
8219,16.826981
8220,16.638520
8221,16.660961
8222,16.688015
8223,16.765890
8224,16.426914
8225,16.811521
8226,16.690754
8227,16.744661
8228,16.500814
8229,16.664383
8230,16.598190
8231,16.831600
8232,16.641322
8233,16.584945
8234,16.708600
8235,16.736867
8236,16.486982
8237,16.744779
8238,16.683890
8239,16.798458
8240,16.579019
8241,16.616348
8242,16.596664
8243,16.809949
8244,16.607112
8245,16.662250
8246,16.680447
8247,16.662729
8248,16.576809
8249,16.768313
8250,16.649680
8251,16.685030
8252,16.656519
8253,16.652887
8254,16.590956
8255,16.743259
8256,16.635971
8257,16.740823
8258,16.628636
8259,16.719779
8260,16.511302
8261,16.779988
8262,16.659780
8263,16.872558
8264,16.705992
8265,16.430072
8266,16.657883
8267,16.592135
8268,16.747323
8269,16.679377
8270,16.658613
8271,16.965421
8272,16.404918
8273,16.539730
8274,16.774392
8275,16.701007
8276,16.749126
8277,16.574435
8278,16.653180
8279,16.603665
8280,16.738490
8281,16.637229
8282,17.000057
8283,16.485761
8284,16.672749
8285,16.435048
8286,16.873535
8287,16.617703
8288,16.617800
8289,16.651124
8290,16.665725
8291,16.575525
8292,16.761553
8293,16.641970
