frame,unscaled_interval_ms
0,13.427543
1,13.235147
2,13.300152
3,13.367561
4,13.360256
5,13.208685
6,13.437097
7,13.422132
8,13.168298
9,13.438795
10,13.322744
11,13.226686
12,13.508563
13,13.305589
14,13.224358
15,13.437595
16,13.330424
17,13.348918
18,13.367961
19,13.312336
20,13.276715
21,13.791573
22,15.828939
23,13.299551
24,17.117287
25,17.738109
26,18.398568
27,19.930314
28,17.306182
29,20.003338
30,15.913842
31,16.130001
32,17.655409
33,15.809720
34,16.286232
35,16.617768
36,18.523113
37,19.947692
38,17.171134
39,21.270583
40,18.351371
41,23.444306
42,19.895833
43,19.026859
44,16.790601
45,21.537070
46,15.525632
47,16.857927
48,21.275586
49,16.847670
50,18.564487
51,23.997301
52,23.799899
53,22.085596
54,18.513166
55,22.703343
56,16.086057
57,17.806156
58,16.918237
59,14.111991
60,13.189463
61,15.213262
62,15.794790
63,19.181256
64,13.829268
65,14.164827
66,15.011083
67,17.896647
68,18.068801
69,14.997564
70,18.083303
71,16.709426
72,17.494663
73,14.869785
74,14.713934
75,15.376065
76,15.354329
77,16.841746
78,15.009948
79,16.714592
80,17.485359
81,14.330972
82,17.112267
83,17.641611
84,21.315887
85,16.702054
86,15.052406
87,17.362835
88,18.681154
89,14.676808
90,17.318520
91,15.153773
92,14.449946
93,16.831949
94,14.716740
95,15.110682
96,15.332671
97,17.276867
98,19.199289
99,16.806710
100,19.732594
101,15.551342
102,15.483928
103,15.678906
104,15.219146
105,16.501789
106,16.426682
107,14.660911
108,14.873283
109,17.144709
110,17.308072
111,15.696017
112,15.030411
113,16.794937
114,18.811437
115,17.235361
116,18.313537
117,15.593791
118,18.213002
119,14.490379
120,14.934217
121,14.866712
122,16.529666
123,16.910073
124,13.395804
125,14.626782
126,13.243554
127,15.189012
128,15.984943
129,16.969461
130,18.807378
131,14.600424
132,17.659814
133,17.492363
134,18.536104
135,14.590762
136,14.369351
137,15.534530
138,14.979544
139,15.899669
140,17.678141
141,12.620371
142,18.073990
143,14.903006
144,16.490443
145,19.307526
146,13.315764
147,15.777660
148,13.299980
149,13.247062
150,13.395149
151,13.377076
152,13.211019
153,13.438995
154,13.320246
155,13.239109
156,13.505269
157,13.247209
158,13.249529
159,13.716344
160,13.274132
161,13.025590
162,13.422074
163,13.319353
164,13.241490
165,13.488405
166,13.318457
167,13.201601
168,13.630787
169,13.172714
170,13.193199
171,13.745175
172,13.014445
173,13.235728
174,13.499402
175,13.249118
176,13.343618
177,13.394539
178,13.408155
179,13.136853
180,13.512911
181,13.246949
182,13.228860
183,13.452786
184,13.303026
185,13.242647
186,13.499770
187,13.285021
188,13.229718
189,13.471370
190,13.325052
191,13.182340
192,13.487093
193,13.334483
194,13.200229
195,13.444440
196,13.334270
197,13.204984
198,13.589443
199,13.434530
200,12.993693
201,13.433613
202,13.438476
203,13.150568
204,13.454603
205,13.282003
206,13.255095
207,13.407804
208,13.345105
209,13.226171
210,13.443238
211,13.345017
212,13.206925
213,13.433309
214,13.438487
215,13.118526
216,13.527614
217,13.309288
218,13.191781
219,13.440287
220,13.295471
221,13.321002
222,13.370609
223,13.314326
224,13.241221
225,13.436670
226,13.411984
227,13.155007
228,13.529908
229,13.283426
230,13.190788
231,13.625987
232,13.230058
233,13.172994
234,13.832058
235,12.927370
236,13.254272
237,13.513197
238,13.209740
239,13.234622
240,13.680182
241,13.086199
242,13.284808
243,13.371190
244,13.311056
245,13.264220
246,13.489362
247,13.309511
248,13.247075
249,13.464815
250,13.341022
251,13.158042
252,13.442946
253,13.372838
254,13.244595
255,13.390035
256,13.313110
257,13.226532
258,13.445536
259,13.333450
260,13.221056
261,13.437402
262,13.387464
263,13.183921
264,13.483194
265,13.286489
266,13.247700
267,13.441012
268,13.282442
269,13.246982
270,13.475538
271,13.336579
272,13.269514
273,13.421071
274,13.332882
275,13.175896
276,13.438032
277,13.304293
278,13.252320
279,13.689948
280,13.057078
281,13.248734
282,13.518800
283,13.270792
284,13.265687
285,13.428640
286,13.318098
287,13.209662
288,13.462667
289,13.302135
290,13.270768
291,13.417953
292,13.409567
293,13.169896
294,13.719492
295,13.022731
296,13.282845
297,13.504528
298,13.258825
299,13.224674
300,13.500462
301,13.234280
302,13.228546
303,17.870663
304,16.454561
305,15.941757
306,15.408374
307,15.574291
308,18.310602
309,15.107765
310,17.560692
311,19.054854
312,18.505841
313,16.743115
314,21.109030
315,14.957548
316,16.862715
317,17.620401
318,15.423652
319,16.158018
320,16.028680
321,20.096054
322,13.951487
323,16.426185
324,15.901565
325,20.646625
326,16.951101
327,16.916270
328,17.417915
329,19.359679
330,14.665899
331,16.151881
332,15.618516
333,18.363072
334,16.354508
335,15.378398
336,18.430004
337,13.972651
338,16.309482
339,16.828083
340,19.702826
341,17.674198
342,16.181370
343,19.238717
344,18.240697
345,15.147627
346,15.925671
347,16.972302
348,15.306456
349,19.788900
350,12.058402
351,16.959590
352,19.641138
353,15.095636
354,17.332186
355,18.598037
356,17.929458
357,17.280267
358,19.518406
359,15.697715
360,16.764798
361,15.369495
362,18.606354
363,16.382872
364,19.525658
365,15.208703
366,14.630283
367,14.644657
368,17.085186
369,16.721213
370,19.757595
371,17.595652
372,20.449431
373,16.650744
374,18.639732
375,16.101196
376,14.156947
377,15.291299
378,14.906939
379,15.778560
380,18.798835
381,15.624792
382,14.771389
383,16.146048
384,18.939531
385,18.047048
386,15.970480
387,17.981081
388,19.160396
389,16.464447
390,15.921382
391,15.408795
392,17.891955
393,14.522651
394,15.036478
395,15.878184
396,15.953887
397,18.299695
398,15.037478
399,17.076820
400,22.151358
401,16.528683
402,19.195406
403,19.029269
404,17.280616
405,17.808353
406,19.775251
407,16.694665
408,15.966954
409,19.954057
410,15.457568
411,20.128172
412,15.821809
413,16.567426
414,20.231265
415,18.228228
416,16.727259
417,17.159920
418,14.854318
419,18.755646
420,13.318684
421,16.598421
422,15.313605
423,15.948349
424,18.256915
425,14.275296
426,16.142042
427,15.356074
428,17.180860
429,18.994041
430,16.199281
431,16.602972
432,17.058656
433,18.478130
434,14.252137
435,14.889021
436,14.909468
437,16.035422
438,14.068064
439,19.366498
440,16.374623
441,16.099286
442,15.068715
443,16.622624
444,17.624377
445,16.541603
446,19.900656
447,15.354589
448,15.469508
449,15.081994
450,15.394151
451,18.674001
452,14.527107
453,13.125925
454,14.761116
455,14.505519
456,14.480800
457,15.396136
458,15.693111
459,16.107684
460,19.575027
461,16.380268
462,20.121147
463,16.273479
464,15.598921
465,17.055834
466,13.478785
467,17.371241
468,13.935854
469,14.738911
470,14.834769
471,15.354661
472,15.208715
473,17.757477
474,13.780402
475,19.820958
476,17.431934
477,16.436281
478,13.315202
479,13.219867
480,13.492011
481,13.267297
482,13.233933
483,13.464193
484,13.317273
485,13.226860
486,13.480815
487,13.325387
488,13.218261
489,13.442061
490,13.311057
491,13.225303
492,13.463382
493,13.331293
494,13.212917
495,13.695574
496,13.054663
497,13.229711
498,13.452849
499,13.304706
500,13.277708
501,13.431099
502,13.351216
503,13.235530
504,13.449722
505,13.345753
506,13.168823
507,13.420906
508,13.426611
509,13.168906
510,13.586228
511,13.183022
512,13.197384
513,13.436770
514,13.322097
515,13.240072
516,13.447572
517,13.313507
518,13.308696
519,13.406345
520,13.418785
521,13.103520
522,13.457532
523,13.376458
524,13.246635
525,13.367661
526,13.374157
527,13.180013
528,13.498455
529,13.380842
530,13.137867
531,13.449590
532,13.334302
533,13.208920
534,13.459853
535,13.294366
536,13.325198
537,13.473846
538,13.191620
539,13.292448
540,13.399954
541,13.415067
542,13.153951
543,13.461085
544,13.299934
545,13.224698
546,13.424647
547,13.410839
548,13.218187
549,13.416839
550,13.341567
551,13.247609
552,13.479759
553,13.278044
554,13.201832
555,13.414720
556,13.321460
557,13.274886
558,13.601296
559,13.420953
560,13.085072
561,13.439151
562,13.230173
563,13.197641
564,13.540739
565,13.289113
566,13.240071
567,13.716733
568,13.071025
569,13.203817
570,13.446115
571,13.333955
572,13.221898
573,13.438390
574,14.138243
575,12.411844
576,13.480496
577,13.387214
578,13.141812
579,13.562413
580,13.341484
581,13.120238
582,13.745206
583,13.076652
584,13.189417
585,13.611956
586,13.131024
587,13.242956
588,13.422458
589,13.427656
590,13.190709
591,13.502780
592,13.286361
593,13.185936
594,13.488834
595,13.247451
596,13.288761
597,13.447179
598,13.319153
599,13.222060
600,13.863292
601,13.000894
602,13.089347
603,13.460766
604,13.362709
605,13.262828
606,13.425158
607,13.320657
608,13.219551
609,13.421967
610,13.876763
611,13.196689
612,13.915160
613,13.167317
614,13.159228
615,14.052281
616,12.511477
617,13.263920
618,13.376786
619,13.422777
620,13.177433
621,13.537440
622,13.171257
623,13.343084
624,13.495036
625,13.276891
626,13.221768
627,13.460114
628,13.533418
629,12.958490
630,19.796517
631,14.121163
632,14.724423
633,14.604458
634,14.538955
635,15.130881
636,16.035382
637,13.213942
638,18.847138
639,13.876180
640,16.194492
641,16.187427
642,18.651884
643,14.127135
644,17.583871
645,17.582499
646,18.681372
647,13.861449
648,13.959744
649,14.376218
650,14.153726
651,15.158670
652,16.386925
653,16.731057
654,16.086936
655,15.545416
656,15.182254
657,18.485332
658,15.361679
659,17.558151
660,18.725171
661,19.518046
662,16.215870
663,15.469199
664,15.151829
665,16.518157
666,14.684822
667,16.642018
668,14.679091
669,15.125401
670,14.795904
671,16.294032
672,19.094006
673,16.961176
674,15.952952
675,17.993622
676,15.439137
677,14.479699
678,17.506572
679,16.579092
680,14.472204
681,15.547108
682,13.931630
683,14.475467
684,14.982430
685,15.262376
686,17.750433
687,13.410014
688,20.137546
689,17.434075
690,20.666386
691,18.504812
692,16.054251
693,14.935400
694,14.542984
695,13.971510
696,14.448202
697,15.223249
698,18.358230
699,14.260561
700,15.620991
701,15.422394
702,14.404514
703,20.400307
704,17.146079
705,16.564989
706,18.649760
707,13.279169
708,15.844018
709,16.466338
710,14.885437
711,14.645274
712,16.491183
713,13.374684
714,15.470464
715,15.162563
716,15.100470
717,15.093558
718,15.838943
719,21.368754
720,15.154014
721,18.107712
722,18.200084
723,14.567536
724,15.450391
725,15.687505
726,18.644679
727,14.063987
728,13.354193
729,15.488040
730,15.846300
731,15.086323
732,15.325397
733,16.864656
734,16.365088
735,15.606732
736,16.514161
737,19.161848
738,15.471343
739,13.417397
740,14.463362
741,14.602880
742,14.635473
743,15.422458
744,16.104214
745,16.170407
746,15.721827
747,14.634177
748,15.102237
749,15.966140
750,19.575956
751,16.806441
752,16.083328
753,19.685320
754,13.160201
755,18.141952
756,15.067286
757,14.854885
758,14.468913
759,17.614566
760,13.392522
761,17.135856
762,13.581540
763,13.940233
764,13.856649
765,15.703842
766,15.710277
767,16.840566
768,14.217172
769,18.557009
770,15.276218
771,15.440222
772,14.252283
773,14.711875
774,17.620157
775,13.463867
776,16.199863
777,14.015234
778,14.696105
779,14.633706
780,16.378318
781,13.531845
782,17.186399
783,16.241973
784,15.497042
785,16.052456
786,16.144219
787,17.643118
788,13.544884
789,15.061579
790,14.506830
791,13.756922
792,14.561571
793,15.161827
794,15.963352
795,16.079820
796,13.350236
797,15.077392
798,14.911216
799,15.964562
800,16.016599
801,19.076956
802,16.618845
803,15.507757
804,14.100413
805,14.498265
806,17.076216
807,15.634265
808,13.565339
809,15.563830
810,14.409432
811,15.165194
812,14.867924
813,15.613546
814,17.271728
815,16.374234
816,15.998188
817,17.085864
818,19.596768
819,15.176523
820,15.255361
821,13.285482
822,13.375784
823,16.372786
824,13.657421
825,13.435216
826,14.670276
827,14.039574
828,14.127598
829,14.392915
830,15.102679
831,16.748080
832,17.550602
833,17.767732
834,17.749061
835,13.328193
836,17.279929
837,14.651981
838,14.526741
839,13.556792
840,13.326792
841,14.761048
842,15.246587
843,15.798946
844,13.644251
845,17.536870
846,13.509484
847,13.327989
848,17.026261
849,15.578839
850,17.732717
851,16.624023
852,13.461775
853,14.348698
854,13.514477
855,13.918189
856,14.438440
857,13.935418
858,14.898073
859,14.864895
860,14.866142
861,18.910906
862,14.260570
863,14.808735
864,15.798384
865,13.191057
866,13.502408
867,13.305269
868,13.247473
869,13.527499
870,13.215164
871,13.141239
872,13.443932
873,13.350885
874,13.235673
875,13.530404
876,13.577055
877,12.863334
878,13.564050
879,13.288308
880,13.146066
881,13.470897
882,13.366899
883,13.165020
884,13.451175
885,13.323015
886,13.226130
887,13.452017
888,13.370049
889,13.190672
890,13.446325
891,13.298863
892,13.250884
893,13.455017
894,13.317713
895,13.227416
896,13.423761
897,13.371721
898,13.192110
899,13.464410
900,13.569451
901,13.002524
902,13.468198
903,13.279116
904,13.249783
905,13.499793
906,13.359501
907,13.114528
908,13.456434
909,13.309509
910,13.219059
911,13.452493
912,13.348418
913,13.217932
914,13.511931
915,13.281882
916,13.207528
917,13.569741
918,13.301988
919,13.149220
920,13.558142
921,13.203711
922,13.222162
923,13.473391
924,13.338131
925,13.167936
926,13.557594
927,13.314762
928,13.206208
929,13.397435
930,13.286719
931,13.249950
932,13.441618
933,13.349979
934,13.204471
935,13.428129
936,13.340651
937,13.234074
938,13.511856
939,13.372128
940,13.230151
941,13.365276
942,13.315438
943,13.213615
944,13.457023
945,13.305053
946,13.235994
947,13.451422
948,13.394412
949,13.145086
950,13.445182
951,13.344669
952,13.201225
953,13.446575
954,13.357074
955,13.221413
956,13.536197
957,13.561232
958,12.904155
959,13.551680
960,13.397207
961,13.019546
962,13.707123
963,13.165035
964,13.150237
965,13.448110
966,13.307096
967,13.231622
968,13.587867
969,13.201087
970,13.226515
971,13.434075
972,13.365683
973,13.181965
974,13.435687
975,13.346793
976,13.269354
977,13.498665
978,13.285156
979,13.169962
980,13.490482
981,13.436695
982,13.083391
983,13.443507
984,13.314408
985,13.227953
986,13.431386
987,13.325791
988,13.242752
989,13.452505
990,13.318770
991,13.224386
992,13.422482
993,13.352036
994,13.248496
995,13.457947
996,13.293038
997,13.275557
998,13.427278
999,13.420300
1000,13.240669
1001,13.596140
1002,13.042076
1003,13.236741
1004,13.578576
1005,13.593709
1006,12.922087
1007,13.430726
1008,13.346608
1009,13.217635
1010,13.456777
1011,13.325732
1012,13.210020
1013,13.555907
1014,13.428949
1015,13.033207
1016,13.426773
1017,13.319477
1018,13.301136
1019,13.375628
1020,13.710143
1021,12.860547
1022,13.441243
1023,13.349693
1024,13.202999
1025,13.436706
1026,13.345085
1027,13.233082
1028,13.439223
1029,13.366899
1030,13.182150
1031,13.434006
1032,13.375720
1033,13.321695
1034,13.448990
1035,13.266359
1036,13.179733
1037,13.524491
1038,13.365524
1039,13.183014
1040,13.494841
1041,13.278037
1042,13.126349
1043,13.439134
1044,13.363134
1045,13.200370
1046,13.434105
1047,13.322646
1048,13.249537
1049,13.415132
1050,13.326781
1051,13.276356
1052,13.447942
1053,13.411720
1054,13.124132
1055,13.453006
1056,13.296496
1057,13.237676
1058,13.443781
1059,13.345607
1060,13.245744
1061,13.448698
1062,13.328253
1063,13.196352
1064,13.492196
1065,13.350278
1066,13.178096
1067,13.445315
1068,13.455437
1069,13.081738
1070,13.477310
1071,13.395001
1072,13.210976
1073,13.387145
1074,13.303665
1075,13.225922
1076,13.460765
1077,13.307661
1078,13.230813
1079,13.446905
1080,13.357140
1081,13.204573
1082,13.419299
1083,13.377522
1084,13.192572
1085,13.431811
1086,13.352847
1087,13.220363
1088,13.484030
1089,13.598535
1090,12.965088
1091,13.445312
1092,13.370135
1093,15.170315
1094,15.627376
1095,15.665492
1096,16.211517
1097,16.542005
1098,15.448751
1099,16.327977
1100,13.894822
1101,14.968041
1102,14.359435
1103,15.515610
1104,19.206017
1105,14.430423
1106,15.849510
1107,17.613848
1108,17.554552
1109,18.763928
1110,15.332947
1111,19.800119
1112,14.046203
1113,19.308642
1114,16.134778
1115,16.671291
1116,18.385035
1117,15.582089
1118,18.879030
1119,17.188862
1120,16.914790
1121,17.558883
1122,16.774746
1123,18.411965
1124,22.754583
1125,21.656260
1126,18.262169
1127,17.010254
1128,18.537463
1129,17.203088
1130,21.701647
1131,24.731165
1132,15.086736
1133,16.595920
1134,29.419952
1135,20.320212
1136,16.650147
1137,15.290339
1138,16.214625
1139,22.504170
1140,18.736565
1141,15.016875
1142,12.822636
1143,15.016900
1144,14.756002
1145,18.086781
1146,13.536364
1147,15.361506
1148,15.531677
1149,19.097404
1150,22.536459
1151,20.368312
1152,19.491588
1153,13.869370
1154,16.337082
1155,14.905710
1156,15.057891
1157,18.301785
1158,14.102280
1159,13.184739
1160,17.400784
1161,13.414695
1162,16.020478
1163,19.233109
1164,12.910987
1165,16.807353
1166,14.518683
1167,15.398054
1168,17.102137
1169,13.184082
1170,13.427936
1171,17.467075
1172,13.676141
1173,16.156971
1174,14.398312
1175,13.821109
1176,14.065485
1177,16.158668
1178,14.740149
1179,18.407091
1180,15.255004
1181,15.323499
1182,18.109201
1183,13.358751
1184,17.937035
1185,13.692786
1186,14.684642
1187,14.872960
1188,13.289855
1189,15.027721
1190,17.057814
1191,17.034061
1192,12.019852
1193,13.883623
1194,13.829414
1195,14.213893
1196,16.128345
1197,14.757674
1198,16.329712
1199,17.945243
1200,13.987175
1201,16.856862
1202,13.958503
1203,14.695149
1204,14.800786
1205,14.054707
1206,15.413082
1207,13.353132
1208,13.299356
1209,13.342591
1210,13.448466
1211,13.344637
1212,13.267832
1213,13.471873
1214,13.233508
1215,13.247905
1216,13.445916
1217,13.311590
1218,13.221294
1219,13.508025
1220,13.349319
1221,13.137415
1222,13.448728
1223,13.339166
1224,13.219819
1225,13.541776
1226,13.423291
1227,13.138504
1228,13.658233
1229,13.207229
1230,13.049163
1231,13.659770
1232,13.087888
1233,13.275263
1234,13.528340
1235,13.221568
1236,13.218854
1237,13.462981
1238,13.298376
1239,13.241524
1240,13.429896
1241,13.316865
1242,13.243380
1243,13.470788
1244,13.467964
1245,13.159859
1246,14.136644
1247,13.840661
1248,12.295970
1249,14.140099
1250,13.037546
1251,12.854762
1252,13.852355
1253,12.990285
1254,13.114129
1255,13.428720
1256,13.351149
1257,13.198216
1258,13.429031
1259,13.337372
1260,13.239308
1261,13.441128
1262,13.323102
1263,13.262910
1264,13.552876
1265,13.186137
1266,13.236606
1267,13.550143
1268,13.284174
1269,13.243208
1270,13.398993
1271,13.432908
1272,13.210823
1273,13.390248
1274,13.311511
1275,13.177262
1276,13.467730
1277,13.289857
1278,13.234359
1279,13.434582
1280,13.376496
1281,13.230637
1282,13.508860
1283,13.318362
1284,13.149535
1285,13.454777
1286,13.510519
1287,13.045861
1288,13.478994
1289,13.273381
1290,13.228214
1291,13.479524
1292,13.365239
1293,13.174791
1294,13.514907
1295,13.393739
1296,13.199139
1297,14.006724
1298,12.700993
1299,13.172498
1300,13.536338
1301,13.632127
1302,12.877942
1303,14.313680
1304,12.657546
1305,13.140791
1306,13.452602
1307,13.288987
1308,13.208779
1309,13.507919
1310,13.295628
1311,13.188955
1312,13.485756
1313,13.377417
1314,13.211425
1315,13.391013
1316,13.539585
1317,13.109597
1318,13.443259
1319,13.339725
1320,13.240223
1321,13.478960
1322,13.282780
1323,13.213185
1324,13.467462
1325,13.446974
1326,13.086502
1327,13.478816
1328,13.355521
1329,13.231468
1330,13.506073
1331,13.205232
1332,13.256632
1333,13.448422
1334,13.317536
1335,13.212372
1336,13.465539
1337,13.703141
1338,12.839304
1339,13.437531
1340,13.371478
1341,13.174902
1342,13.434767
1343,13.406032
1344,13.218651
1345,13.457040
1346,13.362841
1347,13.131933
1348,13.450675
1349,13.568143
1350,13.000733
1351,13.425701
1352,13.381473
1353,13.169034
1354,13.466329
1355,13.300263
1356,13.290709
1357,13.487818
1358,13.272400
1359,13.247054
1360,13.429526
1361,13.460574
1362,13.109794
1363,15.783829
1364,16.014802
1365,19.286233
1366,16.166701
1367,15.733566
1368,18.224316
1369,13.339699
1370,15.917089
1371,13.983066
1372,15.020671
1373,13.486219
1374,15.438655
1375,14.177759
1376,15.194928
1377,18.213917
1378,16.718413
1379,16.239020
1380,15.746882
1381,17.698577
1382,17.416583
1383,16.382569
1384,15.998385
1385,14.107763
1386,17.145812
1387,15.455168
1388,13.291255
1389,14.675003
1390,15.503779
1391,15.458955
1392,14.667206
1393,18.378389
1394,16.286636
1395,16.470493
1396,16.671494
1397,18.700271
1398,18.834935
1399,17.190103
1400,18.053118
1401,14.245256
1402,14.400934
1403,16.980196
1404,18.585566
1405,15.468325
1406,14.531048
1407,15.733129
1408,16.066558
1409,19.861052
1410,17.132829
1411,16.267260
1412,18.791683
1413,16.163491
1414,15.208437
1415,15.723048
1416,16.940832
1417,14.109738
1418,14.648545
1419,14.816114
1420,14.370226
1421,14.717564
1422,13.196595
1423,14.809641
1424,15.510517
1425,15.030202
1426,16.853779
1427,16.320975
1428,18.372738
1429,16.723332
1430,15.617885
1431,16.714379
1432,13.197890
1433,15.948249
1434,13.956396
1435,14.425101
1436,14.809025
1437,15.195554
1438,15.120087
1439,14.735161
1440,14.918958
1441,18.091709
1442,16.488185
1443,15.757508
1444,18.638002
1445,15.767320
1446,14.277783
1447,14.685050
1448,14.403833
1449,14.318959
1450,15.953440
1451,14.535953
1452,18.282343
1453,13.769489
1454,14.735397
1455,14.065129
1456,15.902944
1457,16.631243
1458,22.249595
1459,15.488761
1460,18.838907
1461,17.261706
1462,13.693214
1463,14.293052
1464,14.845935
1465,15.560317
1466,14.430546
1467,18.024007
1468,14.082480
1469,15.065999
1470,14.286666
1471,14.223930
1472,14.282644
1473,16.083199
1474,18.733695
1475,14.373822
1476,16.686959
1477,15.858990
1478,15.961402
1479,14.187246
1480,13.191848
1481,16.700731
1482,14.038733
1483,14.184474
1484,14.296212
1485,14.356539
1486,15.260993
1487,14.240750
1488,14.104524
1489,15.573357
1490,18.310701
1491,15.821728
1492,16.861493
1493,15.458164
1494,17.271565
1495,17.114584
1496,13.299540
1497,14.574396
1498,13.830570
1499,14.915235
1500,15.778854
1501,16.635442
1502,15.475632
1503,18.348334
1504,16.571390
1505,15.967730
1506,20.993343
1507,14.186827
1508,13.265482
1509,13.584216
1510,13.283218
1511,13.419519
1512,13.180404
1513,13.475960
1514,13.231422
1515,13.262856
1516,13.423692
1517,13.322041
1518,13.256961
1519,13.411067
1520,13.346854
1521,13.230676
1522,13.486492
1523,13.338175
1524,13.181714
1525,13.468596
1526,13.274145
1527,13.284112
1528,13.419620
1529,13.332045
1530,13.219710
1531,13.412975
1532,13.355362
1533,13.215762
1534,13.477295
1535,13.304107
1536,13.318717
1537,13.353768
1538,13.381328
1539,13.180677
1540,13.428253
1541,13.769445
1542,12.823604
1543,13.446738
1544,13.312019
1545,13.220673
1546,13.509707
1547,13.543172
1548,13.082160
1549,13.659510
1550,13.093111
1551,13.166634
1552,13.407354
1553,13.292618
1554,13.269261
1555,13.422291
1556,13.564365
1557,12.992548
1558,13.445986
1559,13.356681
1560,13.188581
1561,13.842160
1562,13.000481
1563,13.156952
1564,13.476138
1565,13.318780
1566,13.211807
1567,13.655646
1568,13.233474
1569,13.205391
1570,13.490719
1571,13.202731
1572,13.304231
1573,13.357583
1574,13.322729
1575,13.241030
1576,13.435598
1577,13.325410
1578,13.255593
1579,13.502148
1580,13.279616
1581,13.266737
1582,13.436892
1583,13.403536
1584,13.113906
1585,13.459881
1586,13.313883
1587,13.237368
1588,13.484235
1589,13.261148
1590,13.233478
1591,13.461788
1592,13.327957
1593,13.291941
1594,13.434933
1595,13.321981
1596,13.274216
1597,13.524484
1598,13.413372
1599,13.172099
1600,13.415579
1601,13.323538
1602,13.222655
1603,13.458579
1604,13.323274
1605,13.211978
1606,13.461761
1607,13.376062
1608,13.171280
1609,13.471239
1610,13.295083
1611,13.266083
1612,13.487738
1613,13.261108
1614,13.255482
1615,13.391564
1616,13.335419
1617,13.379077
1618,13.317734
1619,13.335422
1620,13.197685
1621,13.417134
1622,13.330136
1623,13.237369
1624,13.432322
1625,13.362388
1626,13.247392
1627,13.404176
1628,13.503076
1629,13.059283
1630,13.549558
1631,13.280067
1632,13.245510
1633,13.422271
1634,13.256796
1635,13.252619
1636,13.490691
1637,13.289995
1638,13.223639
1639,13.572642
1640,13.196660
1641,13.217048
1642,13.484025
1643,13.306378
1644,13.219638
1645,13.421658
1646,13.431750
1647,13.213475
1648,13.350165
1649,13.366362
1650,13.212579
1651,13.444628
1652,13.386046
1653,13.172695
1654,13.474871
1655,13.274421
1656,13.319947
1657,13.477143
1658,13.349693
1659,13.136995
1660,13.431637
1661,17.010475
1662,14.868601
1663,14.969354
1664,15.298881
1665,15.434635
1666,18.557424
1667,14.108372
1668,14.788778
1669,14.661539
1670,16.496903
1671,15.633304
1672,20.312315
1673,15.859542
1674,18.081480
1675,18.611002
1676,16.192374
1677,17.376507
1678,17.492612
1679,15.360376
1680,16.765685
1681,15.933986
1682,18.154048
1683,13.629981
1684,15.304204
1685,15.535388
1686,15.384556
1687,20.122072
1688,15.910115
1689,15.565381
1690,17.354846
1691,18.846190
1692,16.941463
1693,14.924438
1694,16.112938
1695,16.000933
1696,15.628954
1697,14.855034
1698,14.729624
1699,14.557228
1700,15.974052
1701,15.819290
1702,19.214347
1703,15.991856
1704,16.184330
1705,20.028989
1706,16.789315
1707,16.624984
1708,15.220166
1709,17.305676
1710,14.604689
1711,14.595837
1712,15.103878
1713,14.740724
1714,14.789730
1715,14.327718
1716,16.531288
1717,17.985460
1718,19.697561
1719,19.647386
1720,20.944955
1721,18.416158
1722,17.639246
1723,18.143356
1724,17.860977
1725,20.877750
1726,15.776971
1727,19.734942
1728,21.626569
1729,16.538320
1730,15.647540
1731,20.458039
1732,16.350270
1733,16.838829
1734,23.478499
1735,14.482134
1736,17.398669
1737,14.429879
1738,14.405582
1739,14.653187
1740,14.741743
1741,15.726932
1742,19.961698
1743,14.117503
1744,14.805452
1745,15.286800
1746,16.773648
1747,17.857442
1748,17.094317
1749,16.092048
1750,16.897019
1751,19.340439
1752,14.583321
1753,14.202353
1754,16.121779
1755,18.054427
1756,14.779454
1757,15.266470
1758,14.772213
1759,13.879841
1760,15.326335
1761,15.307085
1762,20.167469
1763,15.611497
1764,16.577436
1765,17.494429
1766,18.295751
1767,17.647113
1768,15.803468
1769,17.809985
1770,13.883482
1771,17.996346
1772,17.521273
1773,17.233230
1774,13.209482
1775,18.700791
1776,14.725289
1777,17.265243
1778,19.207906
1779,15.525694
1780,17.888730
1781,20.002513
1782,15.302960
1783,14.438463
1784,14.513159
1785,15.902394
1786,17.519807
1787,17.164466
1788,14.348848
1789,14.525467
1790,15.182826
1791,17.278537
1792,19.812357
1793,15.565728
1794,17.617038
1795,19.703220
1796,15.161055
1797,14.549207
1798,14.839784
1799,15.271300
1800,16.724040
1801,15.027692
1802,14.393914
1803,14.541295
1804,14.056456
1805,13.846927
1806,15.347458
1807,16.175090
1808,20.393227
1809,16.392933
1810,16.284494
1811,19.349587
1812,14.766331
1813,14.304040
1814,14.338785
1815,14.342394
1816,15.343353
1817,15.540476
1818,16.926241
1819,14.562222
1820,14.391467
1821,14.313842
1822,14.357100
1823,15.127821
1824,16.727477
1825,16.950115
1826,17.781009
1827,15.882327
1828,17.643135
1829,14.309909
1830,15.737681
1831,13.778396
1832,14.501691
1833,14.084739
1834,14.226358
1835,14.521546
1836,14.815007
1837,15.203551
1838,15.954457
1839,16.323964
1840,15.552600
1841,15.209155
1842,13.520748
1843,13.328598
1844,13.174675
1845,13.435248
1846,13.303386
1847,13.214242
1848,13.453221
1849,13.442739
1850,13.117566
1851,13.726331
1852,13.052737
1853,13.217726
1854,13.439671
1855,13.348607
1856,13.215254
1857,13.464397
1858,13.351714
1859,13.183346
1860,13.425956
1861,13.416627
1862,13.154950
1863,13.460812
1864,13.439748
1865,13.120631
1866,13.413030
1867,13.401783
1868,13.154320
1869,13.545612
1870,13.344666
1871,13.348572
1872,13.333416
1873,13.293083
1874,13.254013
1875,13.445333
1876,13.345346
1877,13.215147
1878,13.447119
1879,13.289139
1880,13.252292
1881,13.442437
1882,13.325219
1883,13.281187
1884,13.482284
1885,13.375969
1886,13.081859
1887,13.543777
1888,13.333400
1889,13.132639
1890,13.604624
1891,13.170701
1892,13.217884
1893,13.442744
1894,13.466839
1895,13.138433
1896,13.425077
1897,13.322066
1898,13.202938
1899,13.438453
1900,13.654709
1901,12.915206
1902,13.520456
1903,13.561489
1904,12.957564
1905,13.476046
1906,13.323260
1907,13.212724
1908,13.493050
1909,13.337544
1910,13.186592
1911,13.464790
1912,13.336156
1913,13.167698
1914,13.481979
1915,13.318622
1916,13.232936
1917,13.420302
1918,13.356183
1919,13.212998
1920,13.409523
1921,13.323675
1922,13.222200
1923,13.449448
1924,13.361316
1925,13.201348
1926,13.445089
1927,13.419620
1928,13.168572
1929,13.459466
1930,13.351673
1931,13.185232
1932,13.463008
1933,13.324208
1934,13.186309
1935,13.433231
1936,13.423121
1937,13.208977
1938,13.438449
1939,13.339477
1940,13.237082
1941,13.420549
1942,13.361111
1943,13.218889
1944,13.449843
1945,13.308208
1946,13.258860
1947,13.428999
1948,13.313225
1949,13.273246
1950,13.478568
1951,13.262411
1952,13.235398
1953,13.443309
1954,13.316114
1955,13.211537
1956,13.456295
1957,13.606837
1958,12.997678
1959,13.434203
1960,13.325345
1961,13.180364
1962,13.440872
1963,13.583964
1964,12.986746
1965,13.482996
1966,13.297026
1967,13.214937
1968,13.463207
1969,13.307351
1970,13.303788
1971,13.400282
1972,13.296700
1973,13.313237
1974,13.486870
1975,13.300319
1976,13.155054
1977,13.414304
1978,13.303561
1979,13.241358
1980,13.514555
1981,13.284424
1982,13.297693
1983,13.410159
1984,13.677690
1985,12.849958
1986,13.540271
1987,14.057006
1988,12.402214
1989,13.468888
1990,13.469091
1991,13.157879
1992,13.566498
1993,13.154954
1994,13.223602
1995,13.486583
1996,13.322038
1997,13.635435
1998,14.296125
1999,14.379339
2000,14.270495
2001,14.462373
2002,15.382336
2003,16.803263
2004,15.450538
2005,15.033554
2006,14.764569
2007,15.561600
2008,19.110672
2009,16.629769
2010,16.071613
2011,17.369004
2012,19.703118
2013,14.305061
2014,14.289029
2015,14.876476
2016,15.337398
2017,16.862158
2018,16.982285
2019,13.316094
2020,15.272408
2021,16.099724
2022,15.975567
2023,20.480715
2024,15.736127
2025,17.768605
2026,20.151846
2027,14.769121
2028,14.429574
2029,14.672865
2030,15.199109
2031,17.211185
2032,15.813309
2033,15.706382
2034,14.402057
2035,14.445472
2036,14.743431
2037,16.922727
2038,19.670110
2039,16.880893
2040,19.878202
2041,18.373778
2042,16.417945
2043,18.494325
2044,15.767168
2045,14.479523
2046,16.792686
2047,15.787084
2048,19.283219
2049,16.260270
2050,12.525962
2051,15.193859
2052,17.282808
2053,20.933125
2054,16.362686
2055,19.436288
2056,21.849920
2057,17.775184
2058,18.513395
2059,14.183165
2060,15.289925
2061,14.888907
2062,15.017285
2063,15.668059
2064,17.293823
2065,14.467974
2066,16.927124
2067,14.842633
2068,18.534974
2069,20.053291
2070,16.809909
2071,17.935785
2072,18.217218
2073,14.634934
2074,15.006484
2075,15.987541
2076,17.489372
2077,16.054415
2078,15.806331
2079,14.992876
2080,15.582910
2081,17.509058
2082,17.485084
2083,18.344792
2084,19.267810
2085,18.141404
2086,16.387798
2087,18.057453
2088,15.014846
2089,14.606722
2090,14.633616
2091,15.452533
2092,14.749540
2093,16.822448
2094,14.707422
2095,14.985535
2096,15.266622
2097,13.040427
2098,17.639363
2099,20.442998
2100,14.515312
2101,16.108321
2102,16.156457
2103,19.356408
2104,15.204815
2105,13.712782
2106,14.282240
2107,14.674989
2108,16.581409
2109,16.271856
2110,18.522879
2111,12.978924
2112,16.404671
2113,14.163617
2114,16.569655
2115,19.697832
2116,15.460377
2117,16.694628
2118,19.835583
2119,13.814859
2120,16.632817
2121,13.861714
2122,15.750249
2123,16.410617
2124,17.193294
2125,13.346739
2126,15.741166
2127,13.495579
2128,15.824084
2129,15.746193
2130,17.285650
2131,18.919340
2132,15.125593
2133,16.420827
2134,15.109866
2135,14.676138
2136,17.288248
2137,13.894272
2138,14.380568
2139,15.032777
2140,13.390003
2141,15.535979
2142,14.983180
2143,14.785541
2144,18.767144
2145,13.403293
2146,15.745597
2147,16.283802
2148,18.395330
2149,15.263863
2150,17.032276
2151,16.383805
2152,17.792466
2153,13.760375
2154,13.032832
2155,15.146012
2156,13.989268
2157,14.868257
2158,13.820987
2159,14.855390
2160,15.516992
2161,18.901217
2162,13.948553
2163,16.863873
2164,16.490995
2165,18.708773
2166,17.342030
2167,14.703381
2168,15.244349
2169,15.196616
2170,14.994604
2171,17.657258
2172,14.486808
2173,13.240469
2174,15.623344
2175,14.842806
2176,15.215567
2177,15.511129
2178,18.761652
2179,16.079756
2180,16.040536
2181,16.754694
2182,17.380662
2183,13.260056
2184,16.645864
2185,14.610723
2186,14.661457
2187,13.716338
2188,14.574466
2189,14.514568
2190,14.779103
2191,15.348618
2192,19.033162
2193,15.084609
2194,16.022924
2195,17.075804
2196,18.669242
2197,16.284291
2198,15.672525
2199,15.631569
2200,17.629374
2201,13.563470
2202,13.458010
2203,16.330962
2204,15.048040
2205,16.439644
2206,17.076390
2207,13.232166
2208,18.349787
2209,15.679132
2210,16.908344
2211,21.467479
2212,14.073692
2213,14.449657
2214,14.075482
2215,13.210307
2216,13.534099
2217,13.318333
2218,13.154870
2219,13.425057
2220,13.229104
2221,13.313751
2222,13.496356
2223,13.253589
2224,13.200059
2225,13.449999
2226,13.392668
2227,13.165183
2228,13.532643
2229,13.253798
2230,13.221865
2231,13.572708
2232,13.161165
2233,13.256055
2234,13.477528
2235,13.433191
2236,13.081043
2237,13.472873
2238,13.618496
2239,12.937479
2240,13.440747
2241,13.330960
2242,13.196829
2243,13.432826
2244,13.882899
2245,13.026261
2246,13.360633
2247,13.284640
2248,13.209671
2249,13.478476
2250,13.265562
2251,13.503735
2252,14.074464
2253,13.207119
2254,13.107311
2255,13.914234
2256,12.777368
2257,13.141111
2258,13.413382
2259,13.390586
2260,13.257514
2261,13.374543
2262,13.336993
2263,13.215288
2264,13.481681
2265,13.291699
2266,13.223399
2267,13.436515
2268,13.366324
2269,13.249609
2270,13.458813
2271,13.411906
2272,13.126838
2273,13.423658
2274,13.301509
2275,13.222626
2276,13.449337
2277,13.418829
2278,13.125956
2279,13.477208
2280,13.388408
2281,13.219159
2282,13.412806
2283,13.367644
2284,13.218024
2285,13.498043
2286,13.311579
2287,13.146515
2288,13.410851
2289,13.343511
2290,13.229623
2291,13.536447
2292,13.247089
2293,13.191966
2294,13.472727
2295,13.291873
2296,13.271791
2297,13.655822
2298,13.064209
2299,13.241535
2300,13.516617
2301,14.098359
2302,12.416595
2303,13.439389
2304,13.286741
2305,13.246046
2306,13.449591
2307,13.303637
2308,13.255722
2309,13.438870
2310,13.343439
2311,13.287556
2312,13.477572
2313,13.387646
2314,13.175192
2315,13.426279
2316,13.558562
2317,13.037851
2318,13.730112
2319,13.133481
2320,13.210800
2321,13.359773
2322,13.749739
2323,12.847421
2324,13.443884
2325,13.319762
2326,13.206820
2327,13.532157
2328,13.314684
2329,13.159944
2330,13.592038
2331,13.203157
2332,13.226123
2333,13.440081
2334,13.346208
2335,13.221586
2336,13.407687
2337,13.410208
2338,13.190514
2339,13.455438
2340,13.319051
2341,13.194824
2342,13.471755
2343,13.308409
2344,13.225172
2345,13.435040
2346,13.433509
2347,13.148768
2348,13.506988
2349,13.292827
2350,13.200966
2351,13.438486
2352,13.284385
2353,13.246512
2354,13.440898
2355,13.461119
2356,13.153474
2357,13.417848
2358,13.393973
2359,13.152858
2360,13.441696
2361,13.435368
2362,13.200752
2363,13.830960
2364,13.318862
2365,12.752009
2366,13.889449
2367,12.881489
2368,13.262654
2369,14.036273
2370,12.714627
2371,13.219566
2372,13.580765
2373,13.203795
2374,13.252184
2375,13.539760
2376,13.364936
2377,13.072236
2378,13.459348
2379,13.292249
2380,13.232649
2381,13.417567
2382,13.403261
2383,13.187727
2384,13.796761
2385,12.970204
2386,13.225424
2387,13.538802
2388,13.221905
2389,13.323196
2390,13.631272
2391,13.195847
2392,13.165082
2393,13.461438
2394,13.266218
2395,13.278816
2396,13.408038
2397,13.302529
2398,13.252199
2399,13.425776
2400,13.312919
2401,13.244990
2402,13.455270
2403,13.308349
2404,13.282134
2405,13.391153
2406,13.345127
2407,13.239465
2408,13.481042
2409,13.366035
2410,13.152595
2411,13.485736
2412,13.287489
2413,13.230089
2414,13.461359
2415,13.284270
2416,13.233050
2417,13.443750
2418,13.321858
2419,13.243924
2420,13.456176
2421,13.414949
2422,13.146648
2423,13.418113
2424,13.424037
2425,13.172010
2426,13.527725
2427,13.291737
2428,13.207440
2429,13.603100
2430,13.206310
2431,13.195640
2432,13.505197
2433,13.337812
2434,13.121144
2435,13.651889
2436,13.401441
2437,13.032576
2438,13.419978
2439,14.923579
2440,16.470366
2441,14.388059
2442,18.053199
2443,15.846272
2444,14.431456
2445,15.157685
2446,14.912294
2447,15.240743
2448,17.426947
2449,14.886827
2450,16.502802
2451,15.669351
2452,16.373922
2453,19.350678
2454,16.872078
2455,17.542669
2456,19.622345
2457,15.135408
2458,15.128524
2459,15.566241
2460,16.011982
2461,18.694617
2462,14.278839
2463,16.006068
2464,14.823473
2465,17.621822
2466,19.335856
2467,15.982627
2468,20.203909
2469,14.211131
2470,16.673956
2471,16.089568
2472,15.516692
2473,15.168396
2474,17.828341
2475,15.562400
2476,15.020002
2477,14.939936
2478,17.247603
2479,16.061580
2480,15.295309
2481,16.138159
2482,16.645516
2483,17.614136
2484,17.927281
2485,15.645259
2486,15.862127
2487,17.465085
2488,13.202117
2489,15.911525
2490,14.670272
2491,15.944272
2492,15.798030
2493,16.661322
2494,14.581527
2495,15.132020
2496,15.881197
2497,18.077906
2498,17.836340
2499,18.038148
2500,15.841849
2501,15.169053
2502,15.300598
2503,15.483939
2504,16.594837
2505,17.613352
2506,14.761669
2507,15.630048
2508,17.506340
2509,13.888497
2510,15.734577
2511,14.656381
2512,16.721513
2513,15.865599
2514,17.183817
2515,17.657189
2516,16.386838
2517,16.392937
2518,17.675937
2519,14.208465
2520,15.379341
2521,14.208551
2522,14.678765
2523,15.118009
2524,15.079641
2525,16.706027
2526,16.141619
2527,15.084466
2528,16.033148
2529,15.834834
2530,17.072518
2531,18.686111
2532,16.691879
2533,15.728613
2534,17.235158
2535,14.634968
2536,14.459208
2537,14.159332
2538,14.998283
2539,14.589806
2540,15.798542
2541,17.740085
2542,14.142384
2543,15.287894
2544,16.046790
2545,16.999792
2546,16.426674
2547,20.017721
2548,17.201900
2549,19.783302
2550,15.552762
2551,16.070393
2552,18.738519
2553,18.000911
2554,15.602007
2555,13.349887
2556,13.198809
2557,13.516868
2558,13.276356
2559,13.115637
2560,13.446162
2561,13.383730
2562,13.186345
2563,13.483074
2564,13.277805
2565,13.267281
2566,13.392518
2567,13.327771
2568,13.237131
2569,13.433311
2570,13.317750
2571,13.292071
2572,13.398649
2573,13.319577
2574,13.237102
2575,13.525682
2576,13.357690
2577,13.187224
2578,13.386695
2579,13.294630
2580,13.260464
2581,13.435513
2582,13.368401
2583,13.185325
2584,13.441456
2585,13.345230
2586,13.210734
2587,13.426734
2588,13.316829
2589,13.299915
2590,13.475293
2591,13.400446
2592,13.191160
2593,13.482785
2594,13.410117
2595,13.087399
2596,13.436423
2597,13.393086
2598,13.132476
2599,13.432567
2600,13.321085
2601,13.241090
2602,13.589745
2603,13.151657
2604,13.285688
2605,13.403299
2606,13.323739
2607,13.252000
2608,13.541978
2609,13.248956
2610,13.254583
2611,13.402641
2612,13.333578
2613,13.217087
2614,13.464628
2615,13.296607
2616,13.338980
2617,13.630531
2618,13.320979
2619,13.207101
2620,13.303835
2621,13.238700
2622,13.209066
2623,13.443065
2624,13.319817
2625,13.232524
2626,13.443131
2627,13.413184
2628,13.136672
2629,13.705639
2630,13.073686
2631,13.221661
2632,13.433799
2633,13.427751
2634,13.167678
2635,13.416061
2636,13.379333
2637,13.191243
2638,13.467527
2639,13.259247
2640,13.258109
2641,13.544308
2642,13.229821
2643,13.220446
2644,13.427146
2645,13.321260
2646,13.253885
2647,13.447794
2648,13.301533
2649,13.251175
2650,13.524907
2651,13.232243
2652,13.357714
2653,13.325517
2654,13.311840
2655,13.253972
2656,13.513463
2657,13.257064
2658,13.228860
2659,13.485847
2660,13.271845
2661,13.239672
2662,13.418253
2663,13.327391
2664,13.283249
2665,13.454953
2666,13.279763
2667,13.239814
2668,13.476079
2669,13.308430
2670,13.219463
2671,13.515873
2672,13.286968
2673,13.209774
2674,13.578732
2675,13.215293
2676,13.244219
2677,13.572077
2678,13.153635
2679,13.261648
2680,13.416585
2681,13.324233
2682,13.244474
2683,13.423794
2684,13.334330
2685,13.238964
2686,13.427809
2687,13.414143
2688,13.172040
2689,13.474512
2690,13.534966
2691,12.998275
2692,13.624461
2693,13.248035
2694,13.130071
2695,13.491155
2696,13.402675
2697,13.197058
2698,13.358803
2699,13.282007
2700,13.254044
2701,13.480336
2702,13.306718
2703,13.218062
2704,13.621876
2705,13.227904
2706,13.486594
2707,13.394108
2708,13.723199
2709,12.849956
2710,19.103544
2711,16.412545
2712,19.815707
2713,15.100377
2714,15.669634
2715,14.964627
2716,18.826016
2717,15.611752
2718,15.737682
2719,15.559692
2720,15.570005
2721,18.383748
2722,15.468728
2723,14.724004
2724,17.136991
2725,18.890145
2726,17.213410
2727,16.125083
2728,19.782315
2729,13.417102
2730,15.226985
2731,14.587123
2732,15.304925
2733,14.891532
2734,16.561045
2735,17.612866
2736,14.021800
2737,15.603640
2738,14.857843
2739,16.123011
2740,20.153845
2741,14.614231
2742,18.246804
2743,16.441888
2744,17.245568
2745,14.751235
2746,14.869362
2747,15.048023
2748,15.972268
2749,18.257121
2750,13.496630
2751,15.353696
2752,15.249390
2753,16.735005
2754,15.152145
2755,18.166280
2756,17.589797
2757,17.011919
2758,20.784883
2759,17.490379
2760,14.647227
2761,17.317801
2762,14.908814
2763,15.492231
2764,15.956215
2765,16.183613
2766,16.595631
2767,14.060688
2768,16.854757
2769,15.396974
2770,16.711457
2771,16.594493
2772,18.229529
2773,18.139159
2774,16.775793
2775,15.604039
2776,18.394311
2777,15.906121
2778,14.852119
2779,14.538728
2780,17.798425
2781,18.379834
2782,14.577218
2783,14.779460
2784,15.875511
2785,15.363641
2786,20.342719
2787,16.472347
2788,23.005059
2789,14.904802
2790,15.554934
2791,16.625749
2792,15.650609
2793,15.966231
2794,14.345315
2795,15.761431
2796,14.916517
2797,14.739728
2798,17.210888
2799,17.009959
2800,16.503198
2801,17.076239
2802,18.400695
2803,18.047844
2804,16.211789
2805,19.588400
2806,15.012063
2807,14.329790
2808,16.833086
2809,15.079196
2810,16.530731
2811,16.943801
2812,15.030218
2813,15.058134
2814,15.474502
2815,17.697941
2816,15.599205
2817,17.839858
2818,16.056627
2819,19.566094
2820,15.766202
2821,15.622033
2822,15.553860
2823,16.082036
2824,19.450249
2825,14.079356
2826,16.601382
2827,15.457269
2828,16.869229
2829,16.507954
2830,14.204670
2831,13.439052
2832,19.026473
2833,15.667174
2834,17.904914
2835,14.964046
2836,15.205369
2837,15.851702
2838,13.385288
2839,14.925425
2840,15.083244
2841,16.366812
2842,16.734380
2843,14.055576
2844,14.310456
2845,13.467594
2846,17.281405
2847,16.538855
2848,20.435849
2849,16.112410
2850,16.610930
2851,20.635866
2852,14.902029
2853,14.778042
2854,15.224911
2855,15.449408
2856,18.711104
2857,13.541439
2858,17.693493
2859,15.015482
2860,15.214077
2861,18.074614
2862,14.422497
2863,16.893869
2864,17.108480
2865,18.403338
2866,17.260354
2867,16.100694
2868,15.784264
2869,17.035249
2870,15.569956
2871,14.717431
2872,15.126335
2873,15.518813
2874,16.378926
2875,18.482477
2876,14.637975
2877,16.182779
2878,15.795869
2879,20.556343
2880,16.724238
2881,17.852201
2882,14.934726
2883,16.615190
2884,14.411450
2885,15.298216
2886,15.140594
2887,15.562843
2888,17.946150
2889,15.699351
2890,15.240581
2891,15.123991
2892,15.152861
2893,16.244176
2894,17.199070
2895,17.123773
2896,19.506790
2897,16.518830
2898,17.911457
2899,16.226145
2900,14.712502
2901,15.505463
2902,13.588310
2903,14.567345
2904,15.413047
2905,16.676271
2906,16.755486
2907,13.128593
2908,17.681451
2909,16.391480
2910,19.995935
2911,17.519826
2912,16.540756
2913,15.025984
2914,17.382344
2915,14.367654
2916,15.009796
2917,14.918211
2918,14.953867
2919,16.073860
2920,17.453180
2921,14.338016
2922,15.030845
2923,14.263694
2924,16.227450
2925,17.921696
2926,17.921343
2927,15.996164
2928,17.784958
2929,14.618485
2930,17.416512
2931,14.263728
2932,15.355169
2933,14.564376
2934,14.813835
2935,14.738414
2936,16.812931
2937,14.437144
2938,15.028224
2939,15.337253
2940,16.939514
2941,19.741990
2942,16.519820
2943,15.505404
2944,16.551769
2945,16.614772
2946,15.922911
2947,14.285699
2948,14.572735
2949,14.667017
2950,17.725203
2951,17.725173
2952,13.951266
2953,14.547987
2954,14.605610
2955,16.419396
2956,15.397201
2957,16.172336
2958,16.773134
2959,20.203679
2960,15.040412
2961,15.529564
2962,14.880081
2963,14.827453
2964,18.517308
2965,14.018461
2966,15.153577
2967,13.794649
2968,15.057347
2969,14.992112
2970,15.582388
2971,17.281088
2972,17.434135
2973,16.193045
2974,16.954802
2975,19.577311
2976,16.613921
2977,15.946615
2978,17.561596
2979,13.805515
2980,16.527744
2981,15.103527
2982,15.635604
2983,17.153444
2984,13.284754
2985,16.109564
2986,14.359876
2987,15.723332
2988,16.986287
2989,17.690673
2990,14.761569
2991,13.228695
2992,14.135902
2993,12.629091
2994,13.202785
2995,13.454492
2996,13.314733
2997,13.209059
2998,13.421046
2999,13.344156
3000,13.257368
3001,13.485162
3002,13.321878
3003,13.203612
3004,13.515348
3005,13.359432
3006,13.116261
3007,13.499485
3008,13.244823
3009,13.232281
3010,13.430094
3011,13.392577
3012,13.239584
3013,13.440496
3014,13.384702
3015,13.197119
3016,13.600061
3017,13.088562
3018,13.228403
3019,13.439017
3020,13.335401
3021,13.231770
3022,13.447622
3023,13.437993
3024,13.117431
3025,13.439719
3026,13.325235
3027,13.228196
3028,13.507266
3029,13.296424
3030,13.206823
3031,13.494022
3032,13.938192
3033,12.569224
3034,13.467643
3035,13.375409
3036,13.149554
3037,13.452387
3038,13.332019
3039,13.207385
3040,13.670391
3041,13.092574
3042,13.290289
3043,13.387442
3044,13.413367
3045,13.205144
3046,13.370382
3047,13.420130
3048,13.307895
3049,13.456068
3050,13.329289
3051,13.214210
3052,13.459148
3053,13.319630
3054,13.231224
3055,13.427475
3056,13.317015
3057,13.193465
3058,13.449188
3059,13.369315
3060,13.207518
3061,13.464016
3062,13.379207
3063,13.205362
3064,13.602108
3065,13.327408
3066,13.096530
3067,13.430571
3068,13.306733
3069,13.224838
3070,13.811328
3071,13.169762
3072,13.121531
3073,13.395832
3074,13.482354
3075,13.044848
3076,13.592662
3077,13.174660
3078,13.208386
3079,13.694251
3080,13.207923
3081,13.113937
3082,13.445816
3083,13.324985
3084,13.218014
3085,13.433336
3086,13.399647
3087,13.175844
3088,13.467587
3089,13.283488
3090,13.248729
3091,13.583463
3092,13.341772
3093,13.218502
3094,13.556520
3095,13.147333
3096,13.228426
3097,13.458797
3098,13.366800
3099,13.210352
3100,13.438591
3101,13.319077
3102,13.220534
3103,13.458114
3104,13.386464
3105,13.154809
3106,13.433668
3107,13.393754
3108,13.220241
3109,13.382583
3110,13.299983
3111,13.291994
3112,13.431428
3113,13.318718
3114,13.260842
3115,13.565402
3116,13.231589
3117,13.412543
3118,13.363346
3119,13.237469
3120,13.217442
3121,13.688041
3122,13.038820
3123,13.221373
3124,13.451224
3125,13.306319
3126,13.231855
3127,13.526405
3128,13.282379
3129,13.220090
3130,13.490839
3131,13.249369
3132,13.248487
3133,13.439620
3134,13.294776
3135,13.261985
3136,13.692952
3137,13.167738
3138,13.157459
3139,13.575398
3140,13.304067
3141,13.150095
3142,13.505466
3143,13.382473
3144,13.135429
3145,13.493828
3146,15.729488
3147,19.143679
3148,15.148372
3149,14.688886
3150,16.440234
3151,17.863451
3152,16.465282
3153,15.385464
3154,16.781872
3155,21.633154
3156,16.074460
3157,16.756957
3158,19.243677
3159,15.762685
3160,15.241294
3161,15.110799
3162,15.885640
3163,17.032377
3164,15.731342
3165,14.385817
3166,14.872924
3167,15.402295
3168,15.749626
3169,20.206550
3170,16.508666
3171,16.806509
3172,20.201603
3173,14.376741
3174,15.111149
3175,15.743198
3176,18.286528
3177,14.366063
3178,14.797767
3179,14.985580
3180,15.012436
3181,15.325877
3182,16.645614
3183,15.440374
3184,14.638046
3185,17.361211
3186,17.624357
3187,19.168213
3188,16.095768
3189,14.930574
3190,17.477185
3191,14.915592
3192,16.148394
3193,14.379109
3194,15.399941
3195,14.745038
3196,16.266814
3197,19.144863
3198,14.396278
3199,15.300406
3200,16.555377
3201,20.005598
3202,16.312284
3203,15.544200
3204,19.107516
3205,14.636600
3206,15.181535
3207,18.895099
3208,14.150669
3209,13.775028
3210,14.351462
3211,14.995794
3212,14.697756
3213,15.379832
3214,17.359433
3215,13.791536
3216,18.269212
3217,16.055849
3218,17.801780
3219,16.662091
3220,14.803176
3221,14.504231
3222,14.693339
3223,15.470591
3224,17.512278
3225,13.322155
3226,16.945944
3227,14.215314
3228,14.940819
3229,14.661386
3230,15.526845
3231,17.131937
3232,18.018968
3233,16.138516
3234,17.906074
3235,16.974047
3236,15.071480
3237,14.490274
3238,15.543131
3239,15.126981
3240,15.923326
3241,13.235768
3242,13.491734
3243,13.341627
3244,13.192307
3245,13.417859
3246,13.410869
3247,13.169463
3248,13.422616
3249,13.334157
3250,13.219228
3251,13.437169
3252,13.304753
3253,13.217052
3254,13.440116
3255,13.309537
3256,13.351777
3257,13.451764
3258,13.378028
3259,13.127280
3260,13.491595
3261,13.354281
3262,13.175768
3263,13.441529
3264,13.332913
3265,13.227423
3266,13.543434
3267,13.273122
3268,13.174850
3269,13.448473
3270,13.267125
3271,13.307200
3272,13.433300
3273,13.237345
3274,13.233968
3275,13.469976
3276,16.100809
3277,10.628924
3278,13.557411
3279,13.227375
3280,13.116565
3281,13.428630
3282,13.264389
3283,13.223765
3284,13.470848
3285,13.346566
3286,13.181961
3287,13.431642
3288,13.335681
3289,13.225552
3290,13.486709
3291,13.291674
3292,13.272336
3293,13.505739
3294,13.314793
3295,13.146708
3296,13.470469
3297,13.338570
3298,13.195932
3299,13.508066
3300,13.419936
3301,13.123892
3302,13.358664
3303,13.452050
3304,13.168954
3305,13.433344
3306,13.333279
3307,13.204108
3308,13.400582
3309,13.340737
3310,13.313174
3311,13.449569
3312,13.218079
3313,13.245385
3314,13.511700
3315,13.287923
3316,13.260478
3317,13.461074
3318,13.276592
3319,13.206885
3320,13.441416
3321,13.335155
3322,13.303466
3323,13.376689
3324,13.302089
3325,13.253951
3326,13.445990
3327,13.283015
3328,13.258127
3329,13.439766
3330,13.334964
3331,13.222253
3332,13.439479
3333,13.413078
3334,13.142026
3335,13.470365
3336,13.324338
3337,13.212669
3338,13.553762
3339,13.387845
3340,13.065499
3341,13.560636
3342,13.238327
3343,13.190000
3344,13.443983
3345,13.339651
3346,13.222485
3347,13.446434
3348,13.414211
3349,13.142406
3350,13.425607
3351,13.338700
3352,13.236623
3353,13.502029
3354,13.322100
3355,13.233791
3356,13.609358
3357,13.204777
3358,13.197835
3359,13.434849
3360,13.624415
3361,12.873537
3362,13.595175
3363,13.280188
3364,13.110251
3365,13.604204
3366,13.323226
3367,13.095927
3368,13.457223
3369,13.299508
3370,13.239837
3371,13.466046
3372,13.399804
3373,13.181127
3374,13.384751
3375,13.373955
3376,13.196689
3377,13.521711
3378,13.296887
3379,13.197441
3380,13.447672
3381,13.313851
3382,13.211808
3383,13.510637
3384,13.290488
3385,13.196406
3386,13.735796
3387,13.073460
3388,13.194471
3389,13.500992
3390,13.430597
3391,13.121755
3392,13.401499
3393,13.332668
3394,13.251154
3395,13.631576
3396,15.679969
3397,19.887459
3398,16.551045
3399,17.355683
3400,19.814336
3401,15.689633
3402,15.119473
3403,16.204969
3404,18.154784
3405,14.926195
3406,14.664437
3407,15.000299
3408,14.649290
3409,15.280757
3410,17.833973
3411,14.083858
3412,16.323441
3413,16.455831
3414,16.735160
3415,21.051469
3416,15.776917
3417,20.120737
3418,13.916934
3419,14.654619
3420,16.163684
3421,14.411999
3422,15.325622
3423,16.796795
3424,14.934456
3425,15.776763
3426,14.576375
3427,15.523200
3428,16.102046
3429,19.026338
3430,17.060944
3431,16.808651
3432,19.379839
3433,17.224788
3434,14.782521
3435,15.807586
3436,15.426085
3437,18.533895
3438,14.610854
3439,14.449828
3440,15.723550
3441,17.672995
3442,13.227447
3443,18.872875
3444,16.503892
3445,18.312150
3446,19.719160
3447,18.018003
3448,19.298514
3449,16.509393
3450,16.161871
3451,17.864185
3452,20.072193
3453,13.554456
3454,15.731898
3455,16.847746
3456,17.420912
3457,17.428822
3458,16.387924
3459,17.541977
3460,19.844309
3461,17.789476
3462,19.577443
3463,18.037752
3464,16.436826
3465,17.422771
3466,16.639586
3467,15.133681
3468,15.026824
3469,15.326418
3470,15.406360
3471,17.894422
3472,13.854447
3473,17.124138
3474,17.157934
3475,20.143029
3476,16.532280
3477,16.156685
3478,14.863622
3479,15.175057
3480,18.727953
3481,15.423616
3482,16.025114
3483,17.901479
3484,13.318288
3485,17.477154
3486,14.893292
3487,15.226349
3488,18.648691
3489,17.527175
3490,15.686721
3491,16.602252
3492,16.496471
3493,17.487958
3494,14.670172
3495,15.580447
3496,15.811882
3497,15.836385
3498,17.860607
3499,15.183173
3500,15.067815
3501,15.978494
3502,14.467231
3503,19.438512
3504,17.150318
3505,18.867042
3506,18.707681
3507,14.737147
3508,16.298009
3509,16.739547
3510,13.148530
3511,18.106395
3512,14.263807
3513,14.991205
3514,14.535291
3515,14.693023
3516,13.376347
3517,15.322460
3518,14.686777
3519,16.212806
3520,17.325029
3521,16.288789
3522,16.426213
3523,16.112367
3524,17.151286
3525,15.033728
3526,13.345244
3527,16.287709
3528,14.216949
3529,14.711383
3530,14.136060
3531,15.337271
3532,16.232240
3533,16.670293
3534,15.057904
3535,15.468392
3536,15.809130
3537,18.129573
3538,18.791934
3539,14.139584
3540,16.213357
3541,15.543027
3542,15.711049
3543,17.665203
3544,14.517054
3545,15.233544
3546,15.033950
3547,15.714730
3548,18.658058
3549,14.613127
3550,15.246021
3551,15.835737
3552,17.106560
3553,19.319439
3554,16.175333
3555,16.262322
3556,13.208904
3557,13.495211
3558,13.249092
3559,13.265147
3560,13.425244
3561,13.319789
3562,13.239050
3563,13.487577
3564,13.296875
3565,13.217254
3566,13.444359
3567,13.340053
3568,13.253213
3569,13.468663
3570,13.276380
3571,13.231914
3572,13.580776
3573,13.339013
3574,13.076544
3575,13.460454
3576,13.314429
3577,13.228724
3578,13.479359
3579,13.514826
3580,13.025165
3581,13.492380
3582,13.275012
3583,13.200577
3584,13.500890
3585,13.254056
3586,13.277307
3587,13.538410
3588,13.202257
3589,13.245778
3590,13.587206
3591,13.177740
3592,13.220120
3593,13.623548
3594,13.220406
3595,13.174052
3596,13.626983
3597,13.152054
3598,13.225075
3599,13.600940
3600,13.169378
3601,13.242134
3602,13.411369
3603,13.338847
3604,13.224391
3605,13.478930
3606,13.298273
3607,13.226657
3608,13.457953
3609,13.300864
3610,13.324570
3611,13.477061
3612,13.211072
3613,13.254813
3614,13.518789
3615,13.219848
3616,13.236250
3617,13.523475
3618,13.340069
3619,13.166174
3620,13.550112
3621,13.304587
3622,13.164275
3623,13.392129
3624,13.361336
3625,13.201418
3626,13.431790
3627,13.312476
3628,13.257826
3629,13.447397
3630,13.414511
3631,13.199270
3632,13.401454
3633,13.326620
3634,13.212601
3635,13.588375
3636,13.753877
3637,12.666519
3638,13.564310
3639,13.274506
3640,13.152274
3641,13.421422
3642,13.380648
3643,13.376393
3644,13.685921
3645,13.019817
3646,13.178322
3647,13.410670
3648,13.341902
3649,13.220237
3650,13.453702
3651,13.294996
3652,13.282024
3653,13.413906
3654,13.338508
3655,13.218482
3656,13.528578
3657,13.317191
3658,13.175486
3659,13.466129
3660,13.375674
3661,13.284217
3662,13.342919
3663,13.316355
3664,13.322485
3665,13.418747
3666,13.379839
3667,13.175961
3668,13.547768
3669,13.304434
3670,13.241531
3671,13.334054
3672,13.493847
3673,13.109564
3674,14.073268
3675,12.834493
3676,13.112088
3677,13.424945
3678,13.373013
3679,13.176630
3680,13.470509
3681,13.278995
3682,13.232736
3683,13.427825
3684,13.316346
3685,13.260057
3686,13.485328
3687,13.280823
3688,13.261661
3689,13.415051
3690,13.287772
3691,13.250523
3692,13.453644
3693,13.310430
3694,13.264302
3695,13.418299
3696,13.354124
3697,13.233457
3698,13.410805
3699,13.697663
3700,12.907457
3701,13.399271
3702,13.420893
3703,13.157783
3704,13.448687
3705,13.409024
3706,13.153666
3707,13.421849
3708,13.306812
3709,13.297008
3710,13.412017
3711,13.307227
3712,13.235713
3713,13.498611
3714,13.279626
3715,13.212361
3716,13.529008
3717,13.333117
3718,13.209386
3719,13.664144
3720,13.304999
3721,13.046033
3722,13.396464
3723,13.300913
3724,13.223569
3725,13.415582
3726,13.331392
3727,13.498340
3728,14.189106
3729,12.547378
3730,13.259468
3731,13.588355
3732,13.182085
3733,13.202862
3734,13.401553
3735,13.356679
3736,13.258294
3737,13.460433
3738,13.398145
3739,13.157492
3740,13.416303
3741,13.316654
3742,13.240212
3743,13.433177
3744,13.389052
3745,13.257269
3746,13.394520
3747,13.328345
3748,13.222794
3749,13.439526
3750,13.399740
3751,13.144630
3752,13.460719
3753,13.398915
3754,13.155817
3755,13.488440
3756,13.393363
3757,13.103704
3758,13.458438
3759,13.301631
3760,13.243592
3761,13.460427
3762,13.404292
3763,13.156545
3764,13.438078
3765,13.419753
3766,13.530661
3767,13.155541
3768,13.315235
3769,13.218131
3770,13.460581
3771,13.328511
3772,13.209357
3773,13.499040
3774,13.332154
3775,13.185587
3776,13.425197
3777,13.351434
3778,13.247711
3779,13.403687
3780,13.432157
3781,13.227113
3782,13.437540
3783,13.268318
3784,14.748175
3785,16.022174
3786,17.378346
3787,14.612161
3788,18.171328
3789,15.913832
3790,15.411108
3791,16.938362
3792,20.783986
3793,16.926428
3794,18.060649
3795,19.608725
3796,16.479462
3797,18.119898
3798,16.601224
3799,14.784621
3800,16.462779
3801,18.219104
3802,13.345700
3803,17.338965
3804,14.453736
3805,16.000848
3806,19.185229
3807,18.025533
3808,17.784242
3809,17.972428
3810,19.505473
3811,17.060184
3812,16.723107
3813,17.593046
3814,16.193219
3815,15.891954
3816,16.783736
3817,17.394101
3818,15.543495
3819,15.171800
3820,16.682080
3821,19.670956
3822,17.398520
3823,19.130973
3824,16.320658
3825,16.303318
3826,16.835014
3827,17.776413
3828,14.758585
3829,15.391716
3830,15.023672
3831,15.615780
3832,18.846251
3833,14.718010
3834,15.091594
3835,14.889212
3836,16.890489
3837,19.966893
3838,15.427308
3839,16.260377
3840,17.776224
3841,15.697954
3842,15.203216
3843,14.353008
3844,13.912970
3845,15.891560
3846,15.688359
3847,15.553906
3848,16.809696
3849,13.966015
3850,13.264757
3851,17.616742
3852,15.214345
3853,16.501549
3854,16.761369
3855,16.717169
3856,17.415611
3857,15.914913
3858,18.527588
3859,14.227671
3860,14.706507
3861,14.276017
3862,14.526067
3863,15.132570
3864,15.267805
3865,15.312068
3866,18.131864
3867,14.914208
3868,16.119302
3869,16.599538
3870,18.613107
3871,14.927120
3872,16.117041
3873,14.258426
3874,14.174823
3875,14.947162
3876,14.574169
3877,17.798600
3878,13.212922
3879,14.868912
3880,14.951797
3881,13.320960
3882,14.683816
3883,15.942696
3884,15.623838
3885,19.208762
3886,14.901322
3887,15.918948
3888,18.512381
3889,13.308313
3890,16.752242
3891,13.998043
3892,14.733264
3893,14.718556
3894,15.042060
3895,14.792755
3896,18.602453
3897,13.878646
3898,13.780473
3899,15.549837
3900,13.265426
3901,13.465541
3902,13.318201
3903,13.153141
3904,13.473537
3905,13.332501
3906,13.213457
3907,13.445772
3908,13.276453
3909,13.227114
3910,13.456854
3911,13.333567
3912,13.217717
3913,13.568521
3914,13.273995
3915,13.172251
3916,13.450267
3917,13.353536
3918,13.284386
3919,13.384430
3920,13.299242
3921,13.214179
3922,13.489663
3923,13.253590
3924,13.248161
3925,13.454457
3926,13.309200
3927,13.229748
3928,13.499043
3929,13.302599
3930,13.212561
3931,13.522213
3932,13.289907
3933,13.209060
3934,13.441296
3935,13.413592
3936,13.126857
3937,13.517857
3938,13.288525
3939,13.202748
3940,13.443560
3941,13.294083
3942,13.254252
3943,13.503996
3944,13.409690
3945,13.088658
3946,13.458236
3947,13.414916
3948,13.169992
3949,13.506036
3950,13.326535
3951,13.124198
3952,13.551715
3953,13.268826
3954,13.181840
3955,13.641458
3956,13.305687
3957,13.127849
3958,13.440244
3959,13.369381
3960,13.171637
3961,13.421194
3962,13.307843
3963,13.207040
3964,13.435673
3965,13.361647
3966,13.266852
3967,13.469261
3968,13.384556
3969,13.091963
3970,13.444203
3971,13.330941
3972,13.263052
3973,13.481789
3974,13.413826
3975,13.175215
3976,13.441755
3977,13.321467
3978,13.133448
3979,13.445811
3980,13.335475
3981,13.212358
3982,13.459716
3983,13.295144
3984,13.231905
3985,14.145506
3986,12.721544
3987,13.175669
3988,13.466737
3989,13.346469
3990,13.207966
3991,13.451770
3992,13.293013
3993,13.202217
3994,13.496939
3995,13.345000
3996,13.154156
3997,13.449992
3998,13.338034
3999,13.207259
4000,13.440458
4001,13.431548
4002,13.220542
4003,13.468767
4004,13.397440
4005,13.138828
4006,13.423189
4007,13.324705
4008,13.248646
4009,13.433790
4010,13.353472
4011,13.216927
4012,13.472662
4013,13.313946
4014,13.199556
4015,13.488643
4016,13.298987
4017,13.231261
4018,13.428294
4019,13.354304
4020,13.211520
4021,13.659116
4022,13.171273
4023,13.214731
4024,13.587655
4025,13.168739
4026,13.242333
4027,13.470073
4028,13.322369
4029,13.226190
4030,13.437992
4031,13.404942
4032,13.152930
4033,13.969550
4034,12.796707
4035,13.256137
4036,13.452967
4037,13.283353
4038,13.232479
4039,13.506864
4040,13.322133
4041,13.280949
4042,13.412713
4043,13.317427
4044,13.248159
4045,13.437077
4046,13.318355
4047,13.235466
4048,13.436194
4049,13.421494
4050,13.203340
4051,13.533038
4052,13.220567
4053,15.634783
4054,18.344438
4055,20.218958
4056,15.355757
4057,16.078314
4058,18.701177
4059,17.929678
4060,16.138627
4061,16.676168
4062,20.839355
4063,15.966489
4064,21.210151
4065,16.375440
4066,18.525091
4067,21.752510
4068,18.935670
4069,21.740149
4070,17.781219
4071,21.254407
4072,17.400062
4073,20.536256
4074,16.335811
4075,17.959855
4076,19.074041
4077,17.819441
4078,16.530678
4079,20.360184
4080,16.126085
4081,18.912632
4082,17.912337
4083,16.023078
4084,16.464312
4085,17.131721
4086,16.758986
4087,16.259266
4088,16.475249
4089,20.845476
4090,16.172443
4091,16.493717
4092,19.615407
4093,16.531400
4094,18.863307
4095,20.749950
4096,16.880190
4097,20.846002
4098,16.286625
4099,16.379294
4100,21.326989
4101,15.952686
4102,13.655624
4103,16.845870
4104,17.173516
4105,16.906438
4106,17.192253
4107,16.508410
4108,24.138930
4109,18.166953
4110,20.457053
4111,16.735914
4112,21.190311
4113,20.035246
4114,18.749674
4115,23.798180
4116,20.844849
4117,17.597381
4118,20.792255
4119,15.673860
4120,15.755923
4121,21.404468
4122,16.543255
4123,19.081899
4124,18.772687
4125,18.081600
4126,17.257156
4127,19.675052
4128,15.906490
4129,16.566879
4130,21.001354
4131,15.850699
4132,18.445447
4133,17.455947
4134,16.992222
4135,20.018892
4136,17.805500
4137,17.564367
4138,18.671397
4139,19.454272
4140,16.860869
4141,20.867424
4142,15.548839
4143,16.211684
4144,19.986550
4145,15.768645
4146,16.687693
4147,17.491731
4148,19.926750
4149,19.908005
4150,16.312486
4151,19.848167
4152,19.100290
4153,17.750130
4154,16.092880
4155,18.200977
4156,16.348587
4157,16.092245
4158,16.258585
4159,17.610651
4160,19.399558
4161,16.546342
4162,19.469708
4163,15.870972
4164,15.030297
4165,22.042812
4166,16.670845
4167,19.667911
4168,15.015247
4169,16.687609
4170,20.326326
4171,15.290781
4172,16.734006
4173,15.371991
4174,18.265148
4175,15.874470
4176,17.094418
4177,17.643807
4178,19.947321
4179,17.612578
4180,20.556243
4181,15.659898
4182,15.927621
4183,16.273003
4184,19.074705
4185,15.413786
4186,16.145257
4187,18.756381
4188,19.799099
4189,16.534932
4190,16.848246
4191,20.951640
4192,18.112699
4193,21.198555
4194,17.554706
4195,20.935909
4196,15.635398
4197,16.782310
4198,17.635730
4199,17.243438
4200,16.458436
4201,18.095826
4202,16.164443
4203,16.708262
4204,17.179738
4205,21.015855
4206,16.767439
4207,19.355996
4208,16.704629
4209,15.777310
4210,16.128085
4211,16.824610
4212,19.918448
4213,15.951244
4214,17.892999
4215,16.343106
4216,15.979601
4217,17.702372
4218,20.676518
4219,19.606441
4220,23.142673
4221,16.668006
4222,19.682259
4223,19.513754
4224,18.636103
4225,21.492893
4226,17.697193
4227,16.871421
4228,18.346249
4229,15.727629
4230,16.542502
4231,18.628967
4232,17.520621
4233,17.242512
4234,19.342502
4235,18.344174
4236,17.712235
4237,19.889128
4238,15.987950
4239,17.185963
4240,18.028882
4241,16.087230
4242,16.790406
4243,17.302491
4244,14.737861
4245,17.458192
4246,16.788905
4247,21.550307
4248,17.656841
4249,19.341188
4250,19.201562
4251,17.046520
4252,18.876767
4253,15.175417
4254,15.779233
4255,15.634642
4256,20.219455
4257,14.863427
4258,15.925408
4259,16.022473
4260,17.526979
4261,20.514735
4262,17.975332
4263,20.999815
4264,17.306192
4265,18.796229
4266,17.104837
4267,16.490602
4268,16.919750
4269,19.869804
4270,17.525793
4271,16.138666
4272,20.181585
4273,15.306521
4274,17.333797
4275,21.512731
4276,18.726427
4277,19.419394
4278,16.656135
4279,18.370420
4280,18.468957
4281,18.375709
4282,16.993681
4283,15.684199
4284,17.831582
4285,15.939279
4286,17.227864
4287,19.446817
4288,17.629570
4289,18.272851
4290,20.208815
4291,17.724948
4292,20.425079
4293,16.043735
4294,15.551530
4295,16.699302
4296,18.665951
4297,15.879119
4298,15.607847
4299,16.745877
4300,18.581360
4301,15.414893
4302,16.556775
4303,20.133939
4304,17.607826
4305,17.855841
4306,20.703364
4307,16.635878
4308,16.074284
4309,13.465348
4310,13.357993
4311,13.169014
4312,13.695629
4313,13.081667
4314,13.244479
4315,13.430405
4316,13.357487
4317,13.186316
4318,13.464870
4319,13.350796
4320,13.194325
4321,13.581914
4322,13.307461
4323,13.705717
4324,12.896983
4325,13.423784
4326,13.360967
4327,13.206235
4328,13.419173
4329,13.339617
4330,13.251452
4331,13.439201
4332,13.293217
4333,13.290987
4334,13.418792
4335,13.346994
4336,13.194557
4337,13.447678
4338,13.394876
4339,13.203682
4340,13.452831
4341,13.265455
4342,13.249341
4343,13.420580
4344,13.324849
4345,13.270811
4346,13.447520
4347,13.291770
4348,13.266210
4349,13.436485
4350,13.319109
4351,13.238965
4352,13.430642
4353,13.338198
4354,13.227214
4355,13.532476
4356,13.397945
4357,13.134552
4358,13.457239
4359,13.312432
4360,13.212962
4361,13.529475
4362,13.197967
4363,13.234588
4364,13.424458
4365,13.354375
4366,13.247972
4367,13.434537
4368,13.297316
4369,13.240972
4370,13.420791
4371,13.319691
4372,13.258267
4373,13.446022
4374,13.344693
4375,13.236884
4376,13.415476
4377,13.332550
4378,13.220346
4379,13.443915
4380,13.319101
4381,13.253057
4382,13.443539
4383,13.420142
4384,13.160773
4385,13.406960
4386,13.405281
4387,13.158440
4388,14.218629
4389,12.546298
4390,13.228724
4391,13.436625
4392,13.314564
4393,13.251816
4394,13.481545
4395,13.335228
4396,13.204463
4397,13.480413
4398,13.275520
4399,13.245651
4400,13.440055
4401,13.300051
4402,13.271346
4403,13.413272
4404,13.328138
4405,13.271671
4406,13.890385
4407,13.047503
4408,13.145313
4409,13.423675
4410,13.350490
4411,13.212011
4412,13.521322
4413,13.361960
4414,13.127830
4415,13.435026
4416,13.323727
4417,13.241637
4418,13.464614
4419,13.331875
4420,13.211895
4421,13.439451
4422,13.335020
4423,13.246280
4424,13.457042
4425,13.272444
4426,13.271270
4427,13.419422
4428,13.344461
4429,13.206936
4430,13.437460
4431,13.408878
4432,13.172946
4433,13.740318
4434,13.015113
4435,13.216474
4436,13.454702
4437,13.303691
4438,13.266613
4439,13.449733
4440,13.341156
4441,13.212940
4442,13.441919
4443,13.539135
4444,13.014844
4445,13.457513
4446,13.345207
4447,13.193058
4448,13.431207
4449,13.329096
4450,13.257787
4451,13.415492
4452,13.355102
4453,13.215350
4454,13.432556
4455,13.348751
4456,13.218350
4457,13.447063
4458,13.466474
4459,13.123730
4460,13.498227
4461,13.280766
4462,15.097537
4463,16.359755
4464,18.753106
4465,16.718766
4466,15.969686
4467,17.015258
4468,20.412827
4469,18.418790
4470,19.078757
4471,19.822543
4472,17.848771
4473,18.920598
4474,16.067565
4475,17.459847
4476,16.055340
4477,13.974798
4478,16.404323
4479,15.462089
4480,16.317166
4481,18.327481
4482,15.456641
4483,17.482785
4484,18.053487
4485,19.567350
4486,16.792046
4487,17.191538
4488,18.081781
4489,15.240866
4490,15.693093
4491,19.412352
4492,13.976998
4493,16.143104
4494,15.223158
4495,16.154044
4496,17.495546
4497,16.261181
4498,18.104674
4499,17.296974
4500,20.470386
4501,17.353777
4502,19.030165
4503,15.357769
4504,15.854608
4505,16.375516
4506,18.841053
4507,15.177425
4508,15.858793
4509,15.297515
4510,15.860747
4511,14.545364
4512,18.789950
4513,17.466576
4514,19.117477
4515,19.770951
4516,17.188651
4517,19.068065
4518,14.640430
4519,14.223198
4520,15.435828
4521,15.241484
4522,15.952683
4523,17.496504
4524,13.649543
4525,18.603246
4526,15.042904
4527,19.155796
4528,18.555939
4529,17.083726
4530,18.695197
4531,17.536973
4532,15.265929
4533,16.265803
4534,15.900136
4535,17.601043
4536,16.234728
4537,15.972644
4538,16.046201
4539,17.867714
4540,16.952977
4541,16.466726
4542,18.450074
4543,21.840244
4544,15.955777
4545,20.766676
4546,15.475392
4547,16.163619
4548,17.316028
4549,17.747449
4550,17.396314
4551,16.911760
4552,18.775639
4553,13.314648
4554,13.207940
4555,13.465060
4556,13.403189
4557,13.131832
4558,13.486591
4559,13.313813
4560,13.227857
4561,13.539429
4562,13.258522
4563,13.172946
4564,13.540448
4565,13.208470
4566,13.221909
4567,13.429160
4568,13.362148
4569,13.220890
4570,13.454188
4571,13.313490
4572,13.261164
4573,13.488467
4574,13.323435
4575,13.217561
4576,13.463342
4577,13.393219
4578,13.193684
4579,13.620567
4580,13.141465
4581,13.174369
4582,13.411428
4583,13.396310
4584,13.170089
4585,13.515765
4586,13.343513
4587,13.188591
4588,13.452818
4589,13.327770
4590,13.227333
4591,13.469312
4592,13.348944
4593,13.182950
4594,13.486910
4595,13.447138
4596,13.071860
4597,13.470135
4598,13.486052
4599,13.105533
4600,13.575117
4601,13.238188
4602,13.087496
4603,13.448423
4604,13.294417
4605,13.229599
4606,13.446193
4607,13.319348
4608,13.235720
4609,13.494668
4610,13.302960
4611,13.206206
4612,13.581692
4613,13.218430
4614,13.203621
4615,13.464013
4616,13.302590
4617,13.227085
4618,13.482406
4619,13.341268
4620,13.183206
4621,13.571363
4622,13.155718
4623,13.353103
4624,13.351021
4625,13.308199
4626,13.283953
4627,13.475569
4628,13.324482
4629,13.161290
4630,13.439482
4631,13.385148
4632,13.196593
4633,13.451003
4634,13.426586
4635,13.117066
4636,13.450723
4637,13.434559
4638,13.160445
4639,13.474259
4640,13.315037
4641,13.201631
4642,13.467602
4643,13.360981
4644,13.213324
4645,13.466360
4646,13.462842
4647,13.052139
4648,13.444816
4649,13.312993
4650,13.271083
4651,13.414304
4652,13.341890
4653,13.229350
4654,13.440870
4655,13.373938
4656,13.188996
4657,13.451526
4658,13.371849
4659,13.228989
4660,13.451734
4661,13.347471
4662,13.144278
4663,13.543131
4664,13.232432
4665,13.229732
4666,13.508682
4667,13.315756
4668,13.178098
4669,13.451324
4670,13.298823
4671,13.237106
4672,13.427362
4673,13.329311
4674,13.247631
4675,13.427631
4676,13.376561
4677,13.214214
4678,13.442412
4679,13.519864
4680,13.034095
4681,13.423786
4682,13.414784
4683,13.212581
4684,13.508558
4685,13.266437
4686,13.212709
4687,13.559815
4688,13.182051
4689,13.206282
4690,13.434712
4691,13.320613
4692,13.247824
4693,13.409043
4694,13.457158
4695,13.149766
4696,13.423706
4697,13.311368
4698,13.256138
4699,13.451221
4700,13.292094
4701,13.266443
4702,13.517514
4703,13.360099
4704,13.153268
4705,13.463131
4706,13.384502
4707,13.140564
4708,13.453051
4709,15.415236
4710,16.639159
4711,16.480154
4712,17.171728
4713,19.419895
4714,15.319545
4715,17.628400
4716,16.441464
4717,14.348969
4718,16.236246
4719,16.032682
4720,18.425765
4721,15.268417
4722,15.461121
4723,16.053886
4724,17.074741
4725,21.088115
4726,16.220612
4727,16.556749
4728,17.656320
4729,15.118948
4730,16.436701
4731,16.012021
4732,15.718776
4733,19.775479
4734,14.651515
4735,15.907079
4736,17.237823
4737,15.150477
4738,18.035382
4739,16.496226
4740,20.045245
4741,14.407008
4742,14.666594
4743,15.173008
4744,16.015643
4745,18.794523
4746,14.778306
4747,15.335920
4748,15.103696
4749,15.716078
4750,17.474953
4751,16.710763
4752,15.393038
4753,19.886092
4754,21.292147
4755,18.090650
4756,19.061030
4757,16.031846
4758,16.042637
4759,16.188837
4760,19.772341
4761,15.478959
4762,15.789517
4763,18.859132
4764,15.786613
4765,16.469609
4766,15.174807
4767,16.660476
4768,21.014751
4769,15.009383
4770,18.853312
4771,18.377007
4772,17.163153
4773,15.790509
4774,15.193738
4775,19.043132
4776,14.350434
4777,15.467570
4778,16.714106
4779,15.972821
4780,19.006428
4781,14.498931
4782,16.783247
4783,21.864254
4784,16.643220
4785,17.134983
4786,16.111669
4787,19.711025
4788,15.374617
4789,17.910280
4790,14.535185
4791,15.572118
4792,16.561244
4793,14.858159
4794,15.680287
4795,17.871226
4796,14.724818
4797,16.011733
4798,17.464780
4799,18.394312
4800,18.210955
4801,15.462632
4802,15.394018
4803,17.869426
4804,14.773196
4805,13.685684
4806,18.840947
4807,15.793193
4808,16.279756
4809,18.339156
4810,14.726667
4811,15.829427
4812,18.551211
4813,17.691013
4814,16.643407
4815,18.368985
4816,20.234954
4817,16.342571
4818,19.213745
4819,15.518301
4820,16.684587
4821,16.322882
4822,17.830191
4823,16.373143
4824,15.726941
4825,15.901948
4826,15.517654
4827,17.428349
4828,19.516738
4829,16.700425
4830,18.606344
4831,13.184268
4832,18.774112
4833,15.107244
4834,16.760866
4835,15.583130
4836,17.496761
4837,16.875806
4838,15.425013
4839,15.579857
4840,15.785550
4841,19.653072
4842,16.543197
4843,18.555966
4844,18.078240
4845,17.147704
4846,16.598318
4847,18.757665
4848,15.218064
4849,15.227775
4850,16.472624
4851,16.672390
4852,16.946395
4853,15.177036
4854,15.627199
4855,15.636902
4856,19.983450
4857,16.224783
4858,16.506552
4859,20.419061
4860,15.955828
4861,16.391389
4862,14.543843
4863,18.146563
4864,13.710295
4865,12.546001
4866,13.505138
4867,13.307727
4868,13.265056
4869,13.469029
4870,13.413176
4871,13.155884
4872,13.358555
4873,13.409480
4874,13.175639
4875,13.486886
4876,13.330417
4877,13.151830
4878,13.515876
4879,13.327704
4880,13.138713
4881,13.523828
4882,13.362852
4883,13.139867
4884,13.539125
4885,13.203206
4886,13.214443
4887,13.402119
4888,13.321123
4889,13.245656
4890,13.501129
4891,13.265266
4892,13.266610
4893,13.467111
4894,13.268528
4895,13.244458
4896,13.504806
4897,13.354927
4898,13.176394
4899,13.440234
4900,13.374606
4901,13.231783
4902,13.447545
4903,13.280808
4904,13.226111
4905,13.541702
4906,13.226813
4907,13.220311
4908,13.488516
4909,13.267499
4910,13.259857
4911,13.446461
4912,13.291374
4913,13.244906
4914,13.433973
4915,13.342888
4916,13.216720
4917,13.464856
4918,13.311395
4919,13.262780
4920,13.498928
4921,13.436638
4922,13.031277
4923,13.442084
4924,13.339612
4925,13.230560
4926,14.003566
4927,12.746534
4928,13.233082
4929,13.477335
4930,13.292533
4931,13.236190
4932,13.421511
4933,13.334206
4934,13.235986
4935,13.451548
4936,13.327898
4937,13.223336
4938,13.540155
4939,13.267548
4940,13.223601
4941,13.433223
4942,13.420518
4943,13.172613
4944,13.479013
4945,13.216998
4946,13.268663
4947,13.432723
4948,13.363361
4949,13.192768
4950,13.416373
4951,13.350403
4952,13.219366
4953,13.488029
4954,13.285352
4955,13.246003
4956,13.558800
4957,13.303927
4958,13.149601
4959,13.564738
4960,13.187149
4961,13.291554
4962,13.471453
4963,13.222875
4964,13.233393
4965,13.462502
4966,13.426856
4967,13.144124
4968,13.451315
4969,13.322626
4970,13.207636
4971,13.442227
4972,13.345538
4973,13.204275
4974,13.510784
4975,13.264948
4976,13.260995
4977,13.497158
4978,13.280181
4979,13.197858
4980,13.437736
4981,13.435956
4982,13.128942
4983,13.436518
4984,13.307579
4985,13.346868
4986,13.382311
4987,13.318018
4988,13.216721
4989,13.427269
4990,13.309248
4991,13.235746
4992,13.542771
4993,13.226350
4994,13.310284
4995,13.370203
4996,13.322973
4997,13.258855
4998,13.521954
4999,13.250028
5000,13.241881
5001,13.468264
5002,13.277296
5003,13.216885
5004,13.514733
5005,13.279451
5006,13.221920
5007,13.466045
5008,13.270728
5009,13.242130
5010,13.449072
5011,13.342638
5012,13.218745
5013,13.518695
5014,13.272797
5015,13.217683
5016,13.608930
5017,13.228599
5018,13.221331
5019,13.384160
5020,13.338437
5021,13.240046
5022,13.495842
5023,13.304246
5024,13.174574
5025,13.482631
5026,13.282953
5027,13.232011
5028,13.466470
5029,13.301511
5030,13.275800
5031,13.378336
5032,13.339461
5033,13.618220
5034,14.444203
5035,12.252181
5036,13.364797
5037,13.157338
5038,13.441361
5039,13.301991
5040,13.249894
5041,13.525212
5042,13.288965
5043,13.196129
5044,13.450380
5045,13.328127
5046,13.216247
5047,13.438324
5048,13.372728
5049,13.182014
5050,13.555649
5051,13.235570
5052,13.211527
5053,13.544323
5054,13.293768
5055,13.188181
5056,13.566454
5057,13.203623
5058,13.289097
5059,13.356940
5060,13.391931
5061,13.204062
5062,13.441025
5063,13.314388
5064,13.219284
5065,13.423775
5066,13.322223
5067,13.251875
5068,13.451844
5069,13.346321
5070,13.207897
5071,13.474829
5072,13.297455
5073,13.219204
5074,13.466934
5075,13.360767
5076,13.207876
5077,13.444976
5078,13.338220
5079,13.241679
5080,13.451934
5081,13.363840
5082,13.173448
5083,13.444706
5084,13.404546
5085,13.152039
5086,13.444974
5087,13.331922
5088,13.286951
5089,13.662430
5090,13.082392
5091,13.226482
5092,13.490401
5093,13.320744
5094,13.178851
5095,16.483755
5096,17.342521
5097,15.261699
5098,17.967359
5099,23.091137
5100,26.532519
5101,18.038083
5102,20.850983
5103,16.018718
5104,19.911995
5105,15.423885
5106,14.836485
5107,15.456928
5108,18.101672
5109,16.476851
5110,15.010923
5111,14.778593
5112,16.953152
5113,17.636168
5114,18.613437
5115,17.034902
5116,18.154984
5117,17.791084
5118,14.789628
5119,15.848118
5120,17.134731
5121,14.702751
5122,15.681152
5123,16.150381
5124,15.556107
5125,17.718047
5126,18.986073
5127,17.201191
5128,16.832017
5129,20.057500
5130,16.082975
5131,16.362467
5132,18.617874
5133,15.118174
5134,17.316805
5135,17.371416
5136,16.291286
5137,17.037190
5138,15.549391
5139,17.830928
5140,16.126704
5141,16.019251
5142,17.916516
5143,19.880483
5144,17.211615
5145,16.442020
5146,19.322264
5147,16.416326
5148,18.495244
5149,13.309319
5150,15.825889
5151,17.388400
5152,17.994788
5153,15.196150
5154,16.352888
5155,18.758412
5156,15.610526
5157,18.330455
5158,19.731936
5159,18.335014
5160,15.669309
5161,16.260146
5162,18.382603
5163,15.389915
5164,16.665681
5165,17.448764
5166,14.633433
5167,16.054687
5168,14.927965
5169,16.203845
5170,16.738589
5171,20.224379
5172,16.139278
5173,17.721414
5174,20.866390
5175,14.406340
5176,15.341587
5177,18.684362
5178,15.491822
5179,15.412845
5180,15.749216
5181,15.768738
5182,18.454607
5183,15.380554
5184,16.685245
5185,17.621209
5186,20.431580
5187,19.211543
5188,19.539627
5189,20.224892
5190,18.959810
5191,17.023666
5192,16.157082
5193,22.194689
5194,20.072842
5195,22.086165
5196,17.146572
5197,19.741956
5198,15.572663
5199,14.467642
5200,20.699657
5201,13.555441
5202,13.822789
5203,13.430026
5204,13.323484
5205,13.234783
5206,13.438181
5207,13.366732
5208,13.235713
5209,13.496730
5210,13.220512
5211,13.234148
5212,13.412827
5213,13.368022
5214,13.222051
5215,13.449687
5216,13.333120
5217,13.219119
5218,13.454196
5219,13.336725
5220,13.207453
5221,13.572810
5222,13.334568
5223,13.154847
5224,13.448295
5225,13.339230
5226,13.203400
5227,13.589242
5228,13.205064
5229,13.267325
5230,13.367468
5231,13.331113
5232,13.204939
5233,13.468872
5234,13.401375
5235,13.147472
5236,13.518074
5237,13.225857
5238,13.234639
5239,13.434295
5240,13.416800
5241,13.132591
5242,13.454651
5243,13.335415
5244,13.221920
5245,13.534523
5246,13.242241
5247,13.216177
5248,13.556393
5249,13.355505
5250,13.101025
5251,13.438948
5252,13.340653
5253,13.240320
5254,13.530561
5255,13.310752
5256,13.142293
5257,13.461301
5258,13.309501
5259,13.224324
5260,13.456995
5261,13.307022
5262,13.236607
5263,13.484293
5264,13.618973
5265,12.949085
5266,13.397392
5267,13.379281
5268,13.221656
5269,13.382700
5270,13.326952
5271,13.236004
5272,13.488236
5273,13.314998
5274,13.238188
5275,13.557300
5276,13.246739
5277,13.175430
5278,13.531305
5279,13.236092
5280,13.222874
5281,13.457774
5282,13.334058
5283,13.223913
5284,13.407857
5285,13.378836
5286,13.194629
5287,13.455699
5288,13.363661
5289,13.179244
5290,13.423695
5291,13.364748
5292,13.208652
5293,13.439168
5294,13.301525
5295,13.289111
5296,13.590990
5297,13.218829
5298,13.208533
5299,13.441655
5300,13.364664
5301,13.206027
5302,13.634332
5303,13.303683
5304,13.057902
5305,13.526693
5306,13.359176
5307,13.156241
5308,13.467090
5309,13.281893
5310,13.215759
5311,13.476656
5312,13.404206
5313,13.077739
5314,13.464712
5315,13.292282
5316,13.231122
5317,13.534796
5318,13.443430
5319,13.068566
5320,13.461848
5321,13.295742
5322,13.236596
5323,13.423781
5324,13.285992
5325,13.234428
5326,13.435631
5327,13.323398
5328,13.276508
5329,13.456531
5330,13.276812
5331,13.243282
5332,13.434222
5333,13.527875
5334,13.038304
5335,13.488341
5336,13.294663
5337,13.204399
5338,13.463003
5339,13.360925
5340,13.198360
5341,13.484831
5342,13.249907
5343,13.264443
5344,13.420473
5345,13.332044
5346,13.234164
5347,13.468660
5348,13.347509
5349,13.255156
5350,13.431151
5351,13.333996
5352,13.214447
5353,13.532235
5354,15.635999
5355,18.724007
5356,15.738717
5357,15.975379
5358,15.541848
5359,18.301151
5360,15.889102
5361,15.762434
5362,17.473913
5363,18.727069
5364,17.614071
5365,19.618920
5366,17.171224
5367,17.321853
5368,18.296748
5369,16.287039
5370,16.970930
5371,15.934925
5372,20.906365
5373,15.873788
5374,19.477992
5375,15.892493
5376,17.630881
5377,15.387589
5378,16.902743
5379,21.864123
5380,17.962086
5381,18.478005
5382,18.570943
5383,16.522287
5384,19.770513
5385,15.918603
5386,16.431480
5387,18.050291
5388,15.958557
5389,15.384382
5390,16.734354
5391,18.847102
5392,16.465586
5393,17.841244
5394,19.749522
5395,20.432086
5396,19.834914
5397,16.689273
5398,16.094126
5399,20.935604
5400,11.792130
5401,18.215215
5402,16.738992
5403,19.072208
5404,16.887855
5405,15.292103
5406,17.515949
5407,19.846194
5408,17.515405
5409,16.911673
5410,20.093672
5411,17.716671
5412,18.243844
5413,16.246767
5414,15.060288
5415,17.559766
5416,14.819861
5417,19.659568
5418,14.747503
5419,15.843245
5420,16.284472
5421,17.777216
5422,21.958049
5423,17.973602
5424,20.824742
5425,16.927987
5426,17.364486
5427,18.251056
5428,17.494572
5429,19.739951
5430,14.467948
5431,16.935342
5432,16.425583
5433,18.401462
5434,17.586424
5435,16.544727
5436,20.991807
5437,16.768561
5438,17.076362
5439,20.802533
5440,17.539761
5441,16.935195
5442,17.196466
5443,16.253941
5444,15.460115
5445,16.964879
5446,19.250255
5447,16.472862
5448,15.719761
5449,17.156020
5450,19.320442
5451,17.273987
5452,18.105930
5453,19.760334
5454,17.064097
5455,19.459470
5456,15.534845
5457,16.519572
5458,16.900505
5459,14.579071
5460,17.385566
5461,16.569808
5462,15.875048
5463,16.409054
5464,14.616998
5465,22.105911
5466,20.541493
5467,17.215950
5468,16.733770
5469,17.623601
5470,16.252960
5471,21.095323
5472,16.016780
5473,15.162306
5474,18.063181
5475,16.117485
5476,15.666533
5477,16.808881
5478,20.089522
5479,17.213527
5480,19.139302
5481,18.391995
5482,17.014425
5483,18.816471
5484,15.086018
5485,16.073286
5486,16.564687
5487,16.500233
5488,17.937117
5489,15.150949
5490,15.045278
5491,16.082927
5492,15.416772
5493,20.796744
5494,17.120833
5495,20.562700
5496,16.970148
5497,20.598980
5498,13.587520
5499,18.061491
5500,15.306540
5501,15.047122
5502,18.608044
5503,14.771041
5504,15.250514
5505,16.149379
5506,16.062288
5507,18.350927
5508,17.708474
5509,18.803305
5510,18.305717
5511,17.807408
5512,16.703318
5513,18.528249
5514,15.046234
5515,15.274997
5516,15.392768
5517,18.274951
5518,13.374667
5519,17.399915
5520,15.372603
5521,15.540054
5522,18.616368
5523,14.851989
5524,20.816270
5525,16.792084
5526,19.860434
5527,16.392774
5528,15.976412
5529,18.306892
5530,13.437197
5531,17.427081
5532,17.127137
5533,17.891524
5534,15.827991
5535,15.652260
5536,15.743273
5537,16.926263
5538,20.193715
5539,16.526777
5540,17.265528
5541,19.453857
5542,15.579149
5543,16.606163
5544,17.013694
5545,15.283033
5546,17.468934
5547,15.658539
5548,15.713420
5549,18.493862
5550,14.908614
5551,15.394144
5552,17.232237
5553,21.095103
5554,19.220335
5555,21.597998
5556,16.679662
5557,17.092266
5558,16.425249
5559,14.660171
5560,15.099130
5561,15.399542
5562,16.040354
5563,18.289142
5564,15.194847
5565,15.377155
5566,15.058347
5567,16.738330
5568,20.057819
5569,16.773619
5570,17.381215
5571,20.214086
5572,15.921325
5573,15.898919
5574,15.606633
5575,18.732682
5576,15.286382
5577,16.087537
5578,17.329935
5579,13.671020
5580,18.045094
5581,14.934407
5582,16.217171
5583,19.725899
5584,16.421844
5585,17.182534
5586,19.717233
5587,13.277951
5588,19.143681
5589,16.488009
5590,14.324977
5591,14.809196
5592,15.387792
5593,15.391215
5594,17.521913
5595,13.336705
5596,17.689336
5597,15.406086
5598,17.377201
5599,15.676724
5600,18.738445
5601,19.160410
5602,17.412112
5603,13.372019
5604,27.400183
5605,13.937938
5606,14.291622
5607,14.287491
5608,15.618723
5609,15.749543
5610,16.167063
5611,18.398925
5612,16.935382
5613,17.999761
5614,17.681204
5615,16.817395
5616,16.996057
5617,16.285074
5618,16.175271
5619,14.977591
5620,13.212919
5621,13.524741
5622,13.281237
5623,13.167696
5624,13.502541
5625,13.259096
5626,13.226676
5627,13.438286
5628,13.333359
5629,13.269484
5630,13.494215
5631,13.293833
5632,13.191252
5633,13.432728
5634,13.509913
5635,13.061588
5636,13.425642
5637,13.359841
5638,13.223412
5639,13.423656
5640,13.317736
5641,13.235117
5642,13.438703
5643,13.334054
5644,13.229702
5645,13.484594
5646,13.391586
5647,13.146249
5648,13.423540
5649,13.291596
5650,13.264530
5651,13.455242
5652,13.306118
5653,13.232138
5654,13.633267
5655,13.145906
5656,13.220500
5657,13.633900
5658,13.130321
5659,13.253387
5660,13.419321
5661,13.314889
5662,13.250521
5663,13.444767
5664,13.332957
5665,13.219852
5666,13.470449
5667,13.307915
5668,13.224408
5669,13.461563
5670,13.290819
5671,13.243020
5672,13.485360
5673,13.335127
5674,13.201102
5675,13.436587
5676,13.385609
5677,13.188000
5678,13.478171
5679,13.316479
5680,13.214100
5681,13.464502
5682,13.327495
5683,13.236709
5684,13.434322
5685,13.351498
5686,13.233627
5687,13.456531
5688,13.393781
5689,13.112965
5690,13.478915
5691,13.274722
5692,13.202491
5693,13.422573
5694,13.500683
5695,13.107444
5696,13.445399
5697,13.272453
5698,13.250207
5699,13.426270
5700,13.321663
5701,13.255847
5702,13.439229
5703,13.304473
5704,13.274142
5705,13.434985
5706,13.304274
5707,13.237252
5708,13.568991
5709,13.308223
5710,13.120392
5711,13.430786
5712,13.313453
5713,13.344626
5714,13.485741
5715,13.185852
5716,13.256307
5717,13.475339
5718,13.453138
5719,13.064906
5720,13.462571
5721,13.287328
5722,13.357482
5723,13.372104
5724,13.274408
5725,13.239545
5726,13.437683
5727,13.342500
5728,13.224475
5729,13.424475
5730,13.317678
5731,13.250984
5732,13.510756
5733,13.292080
5734,13.211842
5735,13.427151
5736,13.330945
5737,13.249593
5738,13.404845
5739,13.354996
5740,13.256374
5741,13.433649
5742,13.329613
5743,13.200553
5744,13.424711
5745,13.337968
5746,13.237748
5747,13.417234
5748,13.336908
5749,13.242719
5750,13.481979
5751,13.286378
5752,13.240750
5753,13.424953
5754,13.357138
5755,13.216547
5756,13.710473
5757,13.151347
5758,13.137034
5759,13.599695
5760,13.478952
5761,12.930408
5762,13.963793
5763,13.389999
5764,12.645235
5765,13.438407
5766,13.290153
5767,13.258876
5768,13.443711
5769,13.481912
5770,13.222657
5771,13.404620
5772,13.240996
5773,13.238116
5774,15.118679
5775,17.639370
5776,18.425678
5777,16.319792
5778,17.131945
5779,20.094392
5780,19.578403
5781,19.080425
5782,18.978553
5783,16.762089
5784,20.710700
5785,16.552396
5786,15.866652
5787,20.204948
5788,17.640661
5789,20.373846
5790,22.235203
5791,19.941888
5792,18.935159
5793,23.426171
5794,16.307399
5795,19.054361
5796,17.605904
5797,16.237552
5798,19.706936
5799,16.444155
5800,16.206475
5801,16.697480
5802,19.743545
5803,16.107531
5804,15.712534
5805,17.537672
5806,20.323947
5807,17.457793
5808,19.066506
5809,18.719089
5810,16.738722
5811,19.362887
5812,15.594437
5813,16.291101
5814,18.990128
5815,16.567569
5816,15.542788
5817,16.129247
5818,18.115213
5819,18.187040
5820,17.268638
5821,21.384984
5822,16.995711
5823,19.320756
5824,16.382022
5825,16.012590
5826,18.289551
5827,14.009090
5828,21.405685
5829,17.791965
5830,14.373364
5831,16.601187
5832,20.207350
5833,16.342823
5834,17.539244
5835,20.927918
5836,17.645405
5837,20.916927
5838,15.211296
5839,16.288947
5840,17.776673
5841,14.922070
5842,17.929462
5843,16.969268
5844,16.495140
5845,16.467834
5846,15.851722
5847,15.825604
5848,17.886982
5849,21.201834
5850,18.002765
5851,20.836559
5852,17.142877
5853,19.468041
5854,15.258714
5855,15.165590
5856,15.805865
5857,16.144730
5858,14.871823
5859,18.862316
5860,13.199322
5861,13.468797
5862,13.287693
5863,13.248948
5864,13.538391
5865,13.304508
5866,13.154666
5867,13.493941
5868,13.241386
5869,13.256841
5870,13.468779
5871,13.272014
5872,13.240959
5873,13.508383
5874,13.248105
5875,13.233027
5876,13.424781
5877,13.347529
5878,13.242754
5879,13.418589
5880,13.337306
5881,13.292782
5882,13.445783
5883,13.285938
5884,13.212789
5885,13.550548
5886,13.240795
5887,13.219066
5888,13.415656
5889,13.358362
5890,13.213867
5891,13.441683
5892,13.316849
5893,13.235365
5894,13.458312
5895,13.319197
5896,13.246300
5897,13.448067
5898,13.321855
5899,13.210038
5900,13.533907
5901,13.257975
5902,13.209417
5903,13.447850
5904,13.328503
5905,13.245345
5906,13.456513
5907,13.320053
5908,13.213862
5909,13.440489
5910,13.326049
5911,13.215922
5912,13.506159
5913,13.295665
5914,13.213165
5915,13.468273
5916,13.330711
5917,13.276849
5918,13.380593
5919,13.400829
5920,13.153002
5921,13.494477
5922,13.370466
5923,13.175601
5924,13.467129
5925,13.301373
5926,13.194015
5927,13.436250
5928,13.313545
5929,13.253970
5930,13.429055
5931,13.737107
5932,12.833593
5933,13.472006
5934,13.575826
5935,12.936451
5936,13.508875
5937,13.285475
5938,13.231132
5939,13.434959
5940,13.327666
5941,13.217307
5942,13.436732
5943,13.364757
5944,13.223322
5945,13.425183
5946,13.477613
5947,13.198662
5948,13.432645
5949,13.358154
5950,13.191304
5951,13.533992
5952,13.283695
5953,13.275402
5954,13.373428
5955,13.329751
5956,13.283138
5957,13.530451
5958,13.255763
5959,13.129796
5960,13.461572
5961,13.323936
5962,13.212789
5963,13.461661
5964,13.342874
5965,13.219805
5966,13.438606
5967,13.296061
5968,13.237437
5969,13.443391
5970,13.358182
5971,13.221470
5972,13.479649
5973,13.512329
5974,13.032598
5975,13.511595
5976,13.303299
5977,13.177879
5978,13.450923
5979,13.308022
5980,13.232612
5981,13.457738
5982,13.326933
5983,13.181464
5984,13.491816
5985,13.345739
5986,13.175619
5987,13.441946
5988,13.323912
5989,13.231127
5990,13.434513
5991,13.348594
5992,13.211490
5993,13.450943
5994,13.368866
5995,13.319257
5996,13.341612
5997,13.290456
5998,13.265072
5999,13.420180
6000,13.333620
6001,13.230994
6002,13.460479
6003,13.298403
6004,13.267715
6005,13.427826
6006,13.302386
6007,13.240689
6008,13.449033
6009,13.507127
6010,13.086691
6011,13.475692
6012,13.308277
6013,15.494868
6014,17.579897
6015,20.452550
6016,19.078300
6017,19.107621
6018,17.308414
6019,17.393650
6020,18.845810
6021,19.679014
6022,17.708737
6023,20.194194
6024,17.477378
6025,17.120835
6026,19.267974
6027,18.865134
6028,21.214269
6029,18.356704
6030,20.517941
6031,17.548294
6032,17.161069
6033,20.368783
6034,13.796102
6035,18.079666
6036,21.503146
6037,19.146137
6038,18.318828
6039,16.243112
6040,23.921922
6041,22.280729
6042,25.858981
6043,24.664333
6044,20.238616
6045,17.582407
6046,17.440327
6047,20.915477
6048,19.083595
6049,20.868485
6050,17.655232
6051,18.570097
6052,21.346472
6053,20.741233
6054,20.285092
6055,22.857415
6056,18.248986
6057,21.258105
6058,19.388736
6059,19.358791
6060,16.824068
6061,17.371567
6062,20.439333
6063,17.226691
6064,17.268554
6065,20.758977
6066,19.311185
6067,18.892682
6068,21.401840
6069,19.373158
6070,18.571372
6071,17.684311
6072,21.414162
6073,16.430470
6074,19.920629
6075,19.072978
6076,17.792267
6077,19.891197
6078,18.016937
6079,21.635479
6080,18.300665
6081,22.081933
6082,18.685110
6083,21.021000
6084,18.408637
6085,19.940318
6086,17.975323
6087,17.469269
6088,20.286262
6089,17.295278
6090,19.959507
6091,18.492908
6092,20.000287
6093,19.025417
6094,20.956001
6095,18.831880
6096,17.123549
6097,21.623978
6098,17.085680
6099,17.219228
6100,22.508047
6101,23.634077
6102,22.341115
6103,25.828205
6104,20.794320
6105,26.892476
6106,36.010807
6107,22.925503
6108,18.668681
6109,16.659537
6110,17.224120
6111,19.874284
6112,16.958440
6113,21.238104
6114,16.347685
6115,18.017571
6116,20.284401
6117,19.632586
6118,18.635215
6119,20.800751
6120,16.505242
6121,20.012382
6122,17.241518
6123,16.770705
6124,18.355109
6125,16.924191
6126,16.939706
6127,22.030412
6128,17.340023
6129,22.141204
6130,17.823728
6131,19.084657
6132,18.821298
6133,16.812535
6134,20.008756
6135,15.832393
6136,16.747658
6137,19.748098
6138,16.279518
6139,16.728803
6140,16.635762
6141,19.933732
6142,16.953285
6143,22.123361
6144,17.663989
6145,21.406331
6146,16.990322
6147,19.937698
6148,16.101354
6149,16.768068
6150,16.761562
6151,19.437570
6152,16.462399
6153,16.681128
6154,16.711442
6155,13.297948
6156,13.463048
6157,14.385816
6158,15.251747
6159,14.640467
6160,14.528915
6161,14.450378
6162,14.397327
6163,13.297640
6164,13.236028
6165,13.420566
6166,13.333405
6167,13.249150
6168,13.448527
6169,13.351895
6170,13.200077
6171,13.678656
6172,13.450679
6173,13.230457
6174,13.569051
6175,14.850918
6176,14.694210
6177,14.650722
6178,14.641513
6179,14.828558
6180,14.269789
6181,13.481704
6182,13.293406
6183,14.161503
6184,13.637010
6185,13.927030
6186,13.735356
6187,13.565373
6188,13.759023
6189,14.115018
6190,13.747703
6191,14.147957
6192,14.694946
6193,14.180197
6194,14.509642
6195,14.626023
6196,14.449023
6197,14.538284
6198,14.657779
6199,13.832693
6200,13.247026
6201,13.411029
6202,13.573871
6203,13.695005
6204,13.568152
6205,13.370160
6206,13.647443
6207,14.093996
6208,13.853869
6209,13.644931
6210,13.812413
6211,14.607389
6212,14.646360
6213,14.408249
6214,14.594816
6215,14.771587
6216,14.518919
6217,15.289377
6218,14.713009
6219,14.303549
6220,13.486785
6221,13.501757
6222,14.111837
6223,13.887605
6224,13.231241
6225,19.059317
6226,13.631832
6227,14.100716
6228,14.619366
6229,14.883126
6230,14.568044
6231,14.760190
6232,13.680485
6233,13.715748
6234,13.294897
6235,13.218138
6236,13.481576
6237,13.286219
6238,13.236730
6239,13.555177
6240,13.950569
6241,13.223911
6242,13.439906
6243,13.365089
6244,13.223044
6245,13.427696
6246,14.214920
6247,14.404900
6248,14.671922
6249,14.379984
6250,14.179499
6251,13.788650
6252,13.430916
6253,13.315629
6254,13.263420
6255,14.507857
6256,13.381008
6257,13.381682
6258,13.421141
6259,13.338535
6260,13.237912
6261,13.517020
6262,13.400485
6263,13.235988
6264,14.155508
6265,14.534772
6266,14.368082
6267,14.768652
6268,14.390809
6269,14.556105
6270,13.254506
6271,14.042991
6272,12.718889
6273,13.240980
6274,13.430697
6275,13.703027
6276,13.192609
6277,13.546256
6278,13.318024
6279,13.216795
6280,13.445586
6281,13.329375
6282,13.231593
6283,14.080835
6284,13.950873
6285,13.748440
6286,14.472117
6287,13.984701
6288,13.307851
6289,13.275818
6290,13.437317
6291,13.315938
6292,13.242442
6293,13.501543
6294,13.334213
6295,13.169632
6296,13.487472
6297,13.321618
6298,18.316836
6299,13.881520
6300,14.112285
6301,14.567491
6302,14.588907
6303,14.688002
6304,14.371638
6305,14.813897
6306,14.424631
6307,13.463158
6308,13.555889
6309,13.440177
6310,13.602551
6311,13.724309
6312,14.134478
6313,14.089445
6314,13.873462
6315,13.329832
6316,13.795626
6317,13.632149
6318,13.931742
6319,14.420632
6320,13.964946
6321,14.577747
6322,13.705212
6323,14.487178
6324,13.422786
6325,13.242853
6326,13.621200
6327,13.864760
6328,13.193291
6329,13.473722
6330,13.375388
6331,13.164216
6332,13.498785
6333,13.335595
6334,13.951566
6335,13.446116
6336,13.322215
6337,14.148580
6338,14.410749
6339,14.971991
6340,14.091147
6341,13.372445
6342,14.699102
6343,12.050549
6344,13.243305
6345,13.484545
6346,13.319137
6347,13.193380
6348,13.464857
6349,13.335760
6350,13.226089
6351,13.439865
6352,13.348328
6353,13.208482
6354,13.429347
6355,13.456395
6356,14.934266
6357,17.212705
6358,16.271103
6359,14.817716
6360,14.550345
6361,13.719939
6362,13.485041
6363,13.331808
6364,13.245596
6365,13.488257
6366,13.294878
6367,13.230621
6368,13.448139
6369,13.323447
6370,28.199835
6371,19.956083
6372,21.399883
6373,22.409862
6374,18.480027
6375,22.068918
6376,17.204120
6377,21.159640
6378,16.558121
6379,16.811525
6380,21.318073
6381,17.301206
6382,19.906318
6383,17.685775
6384,17.883722
6385,23.013122
6386,20.862239
6387,20.703137
6388,20.591909
6389,17.825274
6390,19.821810
6391,19.120833
6392,16.783907
6393,22.302331
6394,16.547104
6395,20.381593
6396,16.941086
6397,18.745331
6398,21.979748
6399,20.346037
6400,21.872153
6401,17.070938
6402,20.211241
6403,17.995471
6404,19.917710
6405,16.672439
6406,18.911024
6407,18.262081
6408,17.144163
6409,18.652390
6410,18.714931
6411,18.718427
6412,23.290606
6413,21.089055
6414,18.611035
6415,18.964441
6416,18.656453
6417,17.275001
6418,19.465343
6419,18.501678
6420,18.327567
6421,18.450317
6422,17.960934
6423,18.935184
6424,20.705694
6425,19.653835
6426,20.777759
6427,17.544258
6428,19.256791
6429,17.293305
6430,16.524550
6431,16.393444
6432,19.445088
6433,17.454463
6434,16.641438
6435,18.128554
6436,17.683685
6437,17.791594
6438,20.955422
6439,18.381058
6440,21.651515
6441,16.576085
6442,17.568726
6443,17.807373
6444,16.029333
6445,16.618220
6446,17.888425
6447,17.981217
6448,16.963472
6449,19.795732
6450,15.882246
6451,17.933510
6452,21.162710
6453,17.391430
6454,19.798675
6455,18.839927
6456,17.384918
6457,19.589089
6458,16.746149
6459,17.051835
6460,17.921851
6461,18.326435
6462,16.829340
6463,19.806028
6464,16.545472
6465,18.184359
6466,21.345210
6467,18.546225
6468,20.823482
6469,17.802954
6470,17.907454
6471,18.526298
6472,19.051236
6473,18.461240
6474,18.216134
6475,23.307904
6476,16.708051
6477,19.503478
6478,13.916838
6479,21.853686
6480,18.182855
6481,21.409170
6482,17.851513
6483,19.761202
6484,16.207103
6485,17.644382
6486,18.397862
6487,18.101904
6488,16.442860
6489,17.114078
6490,20.513569
6491,16.987532
6492,21.846070
6493,18.278015
6494,21.494011
6495,18.615185
6496,20.834749
6497,16.628796
6498,18.037526
6499,20.275493
6500,16.912489
6501,20.080963
6502,16.460646
6503,18.427143
6504,19.725912
6505,18.455659
6506,21.697510
6507,18.902778
6508,21.591632
6509,18.066205
6510,18.391782
6511,16.671515
6512,18.483119
6513,17.539779
6514,13.457708
6515,14.446613
6516,13.732270
6517,13.927300
6518,13.299455
6519,13.672453
6520,15.030218
6521,14.759877
6522,15.014310
6523,14.966750
6524,14.578883
6525,14.713268
6526,14.222699
6527,13.653973
6528,13.863717
6529,13.745171
6530,13.720102
6531,14.274626
6532,14.428805
6533,13.804489
6534,14.061072
6535,14.198499
6536,13.491750
6537,14.880603
6538,14.402268
6539,14.844551
6540,13.979666
6541,14.847427
6542,14.515460
6543,14.202511
6544,13.844747
6545,13.581625
6546,13.567151
6547,13.404184
6548,13.426405
6549,14.046399
6550,13.317101
6551,14.238200
6552,13.834425
6553,13.437553
6554,13.636134
6555,14.623866
6556,14.509118
6557,15.234703
6558,14.651303
6559,13.523892
6560,13.210780
6561,13.844036
6562,13.856635
6563,14.013984
6564,13.431726
6565,13.360363
6566,13.450888
6567,13.805696
6568,13.186107
6569,13.580984
6570,14.527821
6571,14.090909
6572,13.964225
6573,14.708790
6574,14.828663
6575,14.764312
6576,14.751219
6577,15.175673
6578,15.574108
6579,14.489737
6580,14.377450
6581,12.806210
6582,13.417054
6583,15.887914
6584,16.954888
6585,14.533118
6586,13.637149
6587,14.032524
6588,15.228941
6589,17.647109
6590,16.640155
6591,17.474456
6592,16.270368
6593,15.693021
6594,14.788836
6595,14.008723
6596,13.336438
6597,13.193871
6598,13.580851
6599,14.076742
6600,14.270156
6601,15.035794
6602,14.447444
6603,14.465883
6604,14.272938
6605,14.219321
6606,15.039387
6607,15.135895
6608,15.035327
6609,15.559516
6610,14.876322
6611,14.794865
6612,14.892669
6613,14.766640
6614,14.290805
6615,14.455965
6616,13.996860
6617,14.094419
6618,14.705198
6619,15.230785
6620,14.827454
6621,13.603890
6622,13.238064
6623,13.645406
6624,14.532029
6625,16.195740
6626,14.296988
6627,16.419037
6628,14.549192
6629,15.189276
6630,14.554893
6631,14.393571
6632,16.719139
6633,14.085940
6634,13.745973
6635,14.220719
6636,14.178994
6637,13.961011
6638,14.305448
6639,13.706646
6640,14.119842
6641,14.707657
6642,16.651264
6643,12.837051
6644,14.472760
6645,14.023541
6646,14.776937
6647,14.217507
6648,14.202644
6649,13.469640
6650,13.304059
6651,13.252624
6652,29.266710
6653,23.178220
6654,17.959602
6655,20.295775
6656,18.995264
6657,22.595425
6658,19.528408
6659,21.698388
6660,19.184532
6661,21.527848
6662,17.830723
6663,20.704498
6664,17.511983
6665,22.219199
6666,19.090140
6667,18.747562
6668,17.238268
6669,20.098014
6670,19.788204
6671,18.926515
6672,22.281777
6673,21.298298
6674,16.938630
6675,17.655251
6676,20.597492
6677,16.515286
6678,19.222469
6679,19.426610
6680,17.625992
6681,20.293401
6682,18.376668
6683,22.544858
6684,18.782551
6685,22.739067
6686,18.185267
6687,21.080327
6688,20.644701
6689,18.455588
6690,18.918865
6691,21.233086
6692,17.003357
6693,18.905806
6694,18.769293
6695,21.531800
6696,20.902817
6697,20.733825
6698,20.628676
6699,20.585395
6700,18.776172
6701,20.541380
6702,17.011620
6703,19.909115
6704,15.588959
6705,19.712446
6706,17.984508
6707,22.629441
6708,20.200262
6709,24.459954
6710,23.255569
6711,22.089972
6712,19.189791
6713,18.721915
6714,21.449017
6715,20.991283
6716,20.611324
6717,21.679506
6718,18.556556
6719,22.585599
6720,19.213527
6721,20.668974
6722,18.497182
6723,23.268032
6724,20.712304
6725,18.336227
6726,18.047056
6727,22.328248
6728,18.203179
6729,18.313713
6730,17.324743
6731,17.453547
6732,22.374969
6733,21.388317
6734,20.922750
6735,21.716309
6736,17.517537
6737,20.494666
6738,17.446735
6739,17.721049
6740,20.351026
6741,16.811877
6742,18.196094
6743,21.181614
6744,17.762410
6745,22.515830
6746,18.471406
6747,21.866780
6748,18.098721
6749,21.910264
6750,17.163332
6751,20.302563
6752,17.407354
6753,19.281256
6754,19.611866
6755,15.553148
6756,17.293069
6757,19.719324
6758,17.872184
6759,19.587792
6760,19.836915
6761,18.272505
6762,21.448656
6763,17.043959
6764,17.352964
6765,20.868203
6766,17.631153
6767,20.697073
6768,16.878584
6769,21.035884
6770,16.286260
6771,18.341002
6772,21.360533
6773,19.470858
6774,19.747414
6775,18.507401
6776,21.299121
6777,16.504854
6778,18.989310
6779,18.629890
6780,16.440640
6781,19.530692
6782,16.785366
6783,16.908759
6784,18.469336
6785,20.211721
6786,18.067430
6787,21.239550
6788,18.004585
6789,22.149120
6790,16.768777
6791,23.268146
6792,16.699860
6793,21.725251
6794,17.590944
6795,21.046611
6796,18.079403
6797,18.620844
6798,22.044885
6799,20.976613
6800,19.220783
6801,21.426600
6802,21.459510
6803,22.186266
6804,17.870245
6805,21.211166
6806,20.078722
6807,14.264789
6808,19.316282
6809,18.886206
6810,21.202399
6811,17.900694
6812,20.874570
6813,20.650512
6814,21.681274
6815,18.001850
6816,19.371100
6817,18.887413
6818,18.519656
6819,19.171611
6820,17.726961
6821,21.185212
6822,19.246740
6823,23.836355
6824,21.453599
6825,23.732094
6826,19.668279
6827,22.543472
6828,18.388807
6829,27.204848
6830,21.476979
6831,18.421717
6832,18.999229
6833,19.367927
6834,18.064104
6835,22.852485
6836,19.048215
6837,21.973678
6838,20.581845
6839,20.700624
6840,20.364132
6841,18.537115
6842,17.840198
6843,14.437299
6844,14.864874
6845,15.152086
6846,15.737816
6847,15.152393
6848,15.358569
6849,16.031645
6850,15.450374
6851,15.745991
6852,15.348455
6853,15.254608
6854,15.062540
6855,14.532865
6856,13.929773
6857,14.950037
6858,14.384796
6859,14.128268
6860,14.254897
6861,14.392462
6862,14.483082
6863,14.774000
6864,14.457918
6865,15.319537
6866,15.054339
6867,15.533579
6868,14.503838
6869,14.777353
6870,14.202184
6871,13.557059
6872,13.523091
6873,13.328246
6874,13.542373
6875,13.629666
6876,13.472276
6877,13.219752
6878,13.660658
6879,13.167450
6880,14.076189
6881,13.527213
6882,14.130342
6883,13.917112
6884,14.816937
6885,14.746376
6886,14.622762
6887,14.483017
6888,14.703383
6889,14.024043
6890,13.643867
6891,13.423487
6892,13.552466
6893,13.492646
6894,13.358153
6895,14.306666
6896,13.094209
6897,13.255538
6898,13.598211
6899,13.433898
6900,13.424842
6901,14.127012
6902,14.256435
6903,14.533233
6904,14.708684
6905,14.395512
6906,14.506378
6907,13.733685
6908,13.651946
6909,14.849437
6910,13.319422
6911,13.794946
6912,19.216468
6913,13.521418
6914,13.364859
6915,13.476767
6916,13.305396
6917,13.227792
6918,13.534092
6919,14.420866
6920,14.035000
6921,14.693201
6922,14.306011
6923,14.359170
6924,14.029409
6925,14.623353
6926,12.606248
6927,13.354086
6928,13.543947
6929,13.287143
6930,13.525991
6931,13.445063
6932,13.270485
6933,13.279962
6934,13.438370
6935,13.292996
6936,13.345930
6937,13.457385
6938,14.108057
6939,14.137995
6940,14.110308
6941,13.871494
6942,15.048384
6943,13.703962
6944,13.513910
6945,13.603015
6946,13.634020
6947,13.762901
6948,13.318823
6949,13.453634
6950,13.855933
6951,13.345754
6952,13.314022
6953,13.914672
6954,13.518658
6955,14.258296
6956,14.755894
6957,14.432572
6958,14.641452
6959,14.135999
6960,14.284357
6961,14.705226
6962,13.335861
6963,13.454954
6964,13.617419
6965,13.392339
6966,13.214815
6967,13.570726
6968,13.261091
6969,13.281173
6970,13.676961
6971,13.800402
6972,13.820934
6973,14.046724
6974,14.318120
6975,14.292564
6976,14.674757
6977,14.691538
6978,15.059848
6979,14.370921
6980,14.115269
6981,14.214953
6982,13.688266
6983,16.605628
6984,28.147277
6985,19.622172
6986,20.453567
6987,22.035825
6988,27.317430
6989,18.669696
6990,22.103884
6991,22.735061
6992,17.900615
6993,21.707363
6994,18.082580
6995,19.132540
6996,18.525667
6997,17.399648
6998,19.496483
6999,16.472127
7000,18.945045
7001,21.172520
7002,21.983266
7003,19.582598
7004,22.195578
7005,19.789389
7006,17.964488
7007,20.034717
7008,20.441348
7009,18.536907
7010,18.896596
7011,18.645194
7012,16.741887
7013,19.211306
7014,21.166939
7015,21.756883
7016,19.609118
7017,21.844488
7018,17.293977
7019,19.516876
7020,18.150427
7021,18.051595
7022,21.028210
7023,16.963663
7024,19.983963
7025,17.522328
7026,17.869225
7027,21.055301
7028,18.355105
7029,18.932251
7030,22.350048
7031,22.091701
7032,17.924589
7033,20.924772
7034,18.087098
7035,21.258139
7036,15.773189
7037,19.378509
7038,18.386389
7039,16.475529
7040,20.089183
7041,19.536466
7042,20.201470
7043,19.805744
7044,19.109057
7045,17.728868
7046,20.530024
7047,19.330443
7048,17.340909
7049,18.770918
7050,18.354855
7051,20.442546
7052,18.032458
7053,21.281147
7054,20.100635
7055,21.723893
7056,17.013944
7057,21.927688
7058,17.519738
7059,19.719738
7060,17.196336
7061,17.363739
7062,19.404102
7063,18.978573
7064,19.793537
7065,20.402718
7066,20.484098
7067,15.028668
7068,16.798843
7069,14.103803
7070,14.781439
7071,14.429460
7072,14.434058
7073,13.998985
7074,14.281654
7075,13.935988
7076,14.183239
7077,13.700520
7078,13.609044
7079,13.876206
7080,13.547943
7081,13.166808
7082,14.778110
7083,14.364962
7084,14.376747
7085,14.423990
7086,14.576801
7087,14.709342
7088,14.461817
7089,13.676960
7090,14.178403
7091,14.383711
7092,13.471285
7093,14.054317
7094,13.397059
7095,14.410980
7096,13.958482
7097,13.673523
7098,13.553549
7099,14.747837
7100,13.346222
7101,13.187616
7102,13.969208
7103,13.318384
7104,13.184313
7105,14.198059
7106,13.092138
7107,13.443469
7108,13.561382
7109,13.252615
7110,13.187256
7111,13.509024
7112,13.293192
7113,13.205748
7114,13.492492
7115,13.292089
7116,13.217670
7117,13.470449
7118,13.354340
7119,13.182564
7120,13.490213
7121,13.278056
7122,13.239362
7123,13.460044
7124,13.311686
7125,13.208762
7126,13.435657
7127,13.336622
7128,13.224904
7129,13.435190
7130,13.321876
7131,13.246094
7132,13.451363
7133,13.493788
7134,13.112535
7135,13.392306
7136,13.330247
7137,13.297161
7138,13.449400
7139,13.268037
7140,13.213353
7141,13.492037
7142,13.312030
7143,13.204288
7144,13.446997
7145,13.334870
7146,13.229438
7147,13.528067
7148,13.234035
7149,13.213062
7150,13.521077
7151,13.273664
7152,13.300798
7153,13.415649
7154,13.271349
7155,13.215410
7156,13.503726
7157,13.274337
7158,13.242389
7159,13.817741
7160,12.938628
7161,13.284919
7162,13.447812
7163,13.326369
7164,13.215760
7165,13.555730
7166,13.337805
7167,13.138920
7168,13.425587
7169,13.254064
7170,13.256306
7171,13.481188
7172,13.275206
7173,13.228677
7174,13.429009
7175,13.396272
7176,13.200251
7177,13.613070
7178,13.452703
7179,13.041094
7180,13.449994
7181,13.261469
7182,13.166072
7183,13.470165
7184,13.316839
7185,13.209449
7186,13.423089
7187,13.324068
7188,13.246727
7189,13.467769
7190,13.327367
7191,13.208045
7192,13.493899
7193,13.284991
7194,13.299413
7195,13.406894
7196,13.354337
7197,13.184755
7198,13.459898
7199,13.252073
7200,13.313462
7201,13.438188
7202,13.305312
7203,13.205038
7204,13.438557
7205,13.318461
7206,13.246947
7207,13.448738
7208,13.435275
7209,13.115135
7210,13.505475
7211,13.257928
7212,13.275432
7213,13.532113
7214,13.354463
7215,13.187802
7216,13.578455
7217,18.235088
7218,16.870997
7219,18.545193
7220,14.444101
7221,19.555210
7222,16.488953
7223,20.036375
7224,16.589278
7225,17.883750
7226,19.644795
7227,16.983639
7228,16.398306
7229,21.692874
7230,16.933912
7231,20.600839
7232,19.625867
7233,21.285109
7234,17.218914
7235,17.337712
7236,16.612570
7237,17.074692
7238,16.802158
7239,15.458990
7240,19.247516
7241,16.640335
7242,18.920190
7243,18.285281
7244,18.448242
7245,21.468542
7246,19.007922
7247,19.753005
7248,15.957585
7249,16.711653
7250,17.927064
7251,16.916369
7252,15.715703
7253,15.796379
7254,17.379197
7255,18.163392
7256,18.632812
7257,19.009117
7258,19.040141
7259,17.818329
7260,19.597262
7261,17.761661
7262,17.971702
7263,16.365641
7264,17.006919
7265,16.386664
7266,19.456100
7267,16.498892
7268,16.053499
7269,17.868417
7270,19.096825
7271,17.046082
7272,18.658255
7273,20.942107
7274,17.070789
7275,17.992609
7276,18.411258
7277,16.307247
7278,18.091410
7279,20.011801
7280,15.614298
7281,15.606494
7282,19.297929
7283,16.680526
7284,17.493563
7285,19.516462
7286,18.270008
7287,18.031167
7288,19.153230
7289,19.732859
7290,20.090172
7291,16.215925
7292,16.105297
7293,21.207980
7294,16.379915
7295,18.120947
7296,18.587149
7297,17.098674
7298,17.387799
7299,23.764447
7300,17.232201
7301,19.969927
7302,17.339221
7303,18.432299
7304,16.622883
7305,16.504954
7306,17.294519
7307,20.368446
7308,17.067018
7309,17.965034
7310,16.919094
7311,18.849427
7312,16.680033
7313,20.742377
7314,17.967225
7315,20.606093
7316,16.294619
7317,17.600967
7318,21.020434
7319,17.938251
7320,18.064353
7321,19.363362
7322,17.392141
7323,21.443873
7324,18.054719
7325,21.973328
7326,18.521859
7327,19.901864
7328,18.103053
7329,17.217801
7330,19.054743
7331,17.119398
7332,16.550456
7333,17.931872
7334,16.017140
7335,16.571691
7336,15.317753
7337,15.484893
7338,16.976405
7339,20.407124
7340,17.921761
7341,18.108276
7342,20.516512
7343,19.655256
7344,15.947661
7345,15.684852
7346,15.450984
7347,16.920900
7348,19.165092
7349,16.239326
7350,18.255415
7351,18.485981
7352,17.565196
7353,20.356725
7354,20.155680
7355,22.367424
7356,18.404138
7357,19.609328
7358,16.990750
7359,15.626259
7360,17.462989
7361,17.892542
7362,16.201386
7363,16.406973
7364,19.380813
7365,15.206811
7366,17.212704
7367,19.839544
7368,18.248173
7369,17.659889
7370,19.053266
7371,17.314951
7372,16.758761
7373,18.746378
7374,15.483728
7375,15.807069
7376,17.235238
7377,14.407974
7378,16.257084
7379,13.212341
7380,13.466480
7381,13.368422
7382,13.158277
7383,13.487093
7384,13.360788
7385,13.147329
7386,13.488195
7387,13.265914
7388,13.224833
7389,13.419003
7390,13.384524
7391,13.199448
7392,13.438416
7393,13.324422
7394,13.239562
7395,13.434328
7396,13.381466
7397,13.257248
7398,13.382502
7399,13.290014
7400,13.317960
7401,13.450161
7402,13.257256
7403,13.298923
7404,13.466630
7405,13.360467
7406,13.168598
7407,13.479130
7408,13.326927
7409,13.171526
7410,13.497763
7411,13.321988
7412,13.199742
7413,13.474281
7414,13.330635
7415,13.155999
7416,13.469347
7417,13.377957
7418,13.175190
7419,13.417608
7420,13.508673
7421,13.100636
7422,13.507113
7423,13.337300
7424,13.161902
7425,13.438009
7426,13.316283
7427,13.264261
7428,13.470602
7429,13.242083
7430,13.204621
7431,13.446909
7432,13.384929
7433,13.182883
7434,13.418893
7435,13.332149
7436,13.250457
7437,13.458018
7438,13.292338
7439,13.231135
7440,13.443125
7441,13.333884
7442,13.209249
7443,13.475132
7444,13.311148
7445,13.225879
7446,13.437437
7447,13.326243
7448,13.232728
7449,13.455187
7450,13.287325
7451,13.272632
7452,13.481875
7453,13.281855
7454,13.252301
7455,13.414656
7456,13.341296
7457,13.226419
7458,13.446556
7459,13.295065
7460,13.244099
7461,13.431298
7462,13.308538
7463,13.255446
7464,13.433771
7465,13.322249
7466,13.239918
7467,13.462905
7468,13.305007
7469,13.267103
7470,13.447663
7471,13.349804
7472,13.187529
7473,13.434467
7474,13.333564
7475,13.257925
7476,13.478898
7477,13.255130
7478,13.232834
7479,13.476573
7480,13.326503
7481,13.203504
7482,13.486680
7483,13.278703
7484,13.244102
7485,13.422556
7486,13.380355
7487,13.186773
7488,13.500114
7489,13.322703
7490,13.190900
7491,13.443129
7492,13.357516
7493,13.251440
7494,13.504639
7495,13.219239
7496,13.216603
7497,13.504788
7498,13.262678
7499,13.231558
7500,13.485254
7501,13.278619
7502,13.236341
7503,13.473241
7504,13.334136
7505,13.193730
7506,13.466832
7507,13.309159
7508,13.217709
7509,13.700663
7510,13.119925
7511,13.229704
7512,13.513580
7513,13.510931
7514,12.969683
7515,13.446192
7516,13.320824
7517,13.247361
7518,13.443762
7519,13.299925
7520,13.251954
7521,13.556698
7522,13.264929
7523,13.236202
7524,13.368020
7525,13.317472
7526,13.258328
7527,13.545560
7528,13.391652
7529,13.100347
7530,13.489564
7531,13.470974
7532,13.045991
7533,14.636620
7534,19.106532
7535,17.202917
7536,16.830361
7537,16.848023
7538,15.013396
7539,16.476050
7540,14.963675
7541,16.327580
7542,15.727562
7543,16.828179
7544,16.503121
7545,13.367803
7546,18.276664
7547,18.624983
7548,15.171433
7549,17.726978
7550,17.785119
7551,18.166600
7552,15.231249
7553,15.219124
7554,19.392618
7555,14.256170
7556,14.743812
7557,15.729275
7558,15.787331
7559,16.837951
7560,18.203587
7561,16.040824
7562,15.819044
7563,17.698492
7564,18.157194
7565,17.552066
7566,17.195505
7567,18.693599
7568,14.636254
7569,16.396153
7570,16.732342
7571,15.245381
7572,16.011341
7573,14.813992
7574,16.598829
7575,16.047817
7576,19.484785
7577,15.855431
7578,16.977346
7579,18.423180
7580,17.628204
7581,17.866751
7582,18.760694
7583,15.258898
7584,15.137572
7585,15.341153
7586,17.183577
7587,18.320397
7588,14.865530
7589,16.523018
7590,16.998629
7591,17.825344
7592,20.398275
7593,16.427450
7594,16.548180
7595,19.629430
7596,16.609604
7597,15.848080
7598,16.320284
7599,17.981777
7600,15.453099
7601,15.626704
7602,15.789624
7603,17.005127
7604,16.014314
7605,15.598811
7606,16.143486
7607,15.827228
7608,18.820283
7609,16.881489
7610,16.590417
7611,16.037713
7612,17.768544
7613,16.426804
7614,15.785249
7615,17.697783
7616,13.481370
7617,18.273319
7618,15.342946
7619,15.880871
7620,15.566638
7621,16.811538
7622,18.324875
7623,16.618821
7624,19.256291
7625,17.349482
7626,17.160940
7627,17.798483
7628,14.692212
7629,14.547830
7630,15.935175
7631,15.926944
7632,17.108663
7633,16.106339
7634,15.916591
7635,15.128413
7636,17.063611
7637,20.053923
7638,16.809034
7639,18.033975
7640,18.431788
7641,16.547960
7642,15.008467
7643,15.950057
7644,16.834032
7645,17.617605
7646,14.200650
7647,16.321401
7648,17.031068
7649,16.114057
7650,15.918279
7651,15.998995
7652,16.309912
7653,17.108817
7654,20.589701
7655,17.045797
7656,17.474114
7657,19.214985
7658,15.472091
7659,16.289626
7660,20.580633
7661,16.237377
7662,17.214352
7663,18.259750
7664,17.943006
7665,15.500862
7666,16.728762
7667,19.146885
7668,16.850031
7669,18.525580
7670,16.646069
7671,16.836273
7672,15.996870
7673,20.707782
7674,14.795385
7675,14.873070
7676,15.564993
7677,15.419477
7678,15.378435
7679,18.392781
7680,14.994225
7681,16.477624
7682,18.104864
7683,16.272944
7684,18.047185
7685,16.089656
7686,19.503555
7687,14.926890
7688,15.328514
7689,14.960320
7690,16.484070
7691,18.553598
7692,14.519391
7693,15.050724
7694,15.036783
7695,15.140403
7696,16.062455
7697,19.883695
7698,16.745414
7699,19.621917
7700,16.074354
7701,16.938394
7702,15.214557
7703,16.204776
7704,17.414792
7705,14.680620
7706,14.915027
7707,15.033849
7708,15.663853
7709,18.828132
7710,14.557662
7711,15.560794
7712,16.672581
7713,17.171507
7714,16.934024
7715,18.848064
7716,14.983418
7717,17.285922
7718,13.232694
7719,18.405756
7720,15.443589
7721,16.407282
7722,16.133186
7723,22.002295
7724,14.397701
7725,14.816550
7726,15.207700
7727,17.154883
7728,19.177966
7729,16.492463
7730,16.537949
7731,17.682281
7732,16.550496
7733,16.038568
7734,16.296022
7735,15.943343
7736,13.207315
7737,17.422224
7738,14.928438
7739,16.342452
7740,13.222893
7741,13.482752
7742,13.350644
7743,13.147586
7744,13.507357
7745,13.220456
7746,13.237414
7747,13.438264
7748,13.314400
7749,13.261616
7750,13.431134
7751,13.349974
7752,13.207350
7753,13.432085
7754,13.370918
7755,13.190604
7756,13.436858
7757,13.341959
7758,13.236767
7759,13.396140
7760,13.322390
7761,13.287362
7762,13.447996
7763,13.279870
7764,13.405353
7765,13.352715
7766,13.306385
7767,13.239540
7768,13.430539
7769,13.380589
7770,13.186399
7771,13.496566
7772,13.295468
7773,13.214816
7774,13.480885
7775,13.280634
7776,13.237859
7777,13.469196
7778,13.298175
7779,13.237464
7780,13.488411
7781,13.321852
7782,13.182972
7783,13.404104
7784,13.326180
7785,13.259933
7786,13.448749
7787,13.288012
7788,13.256553
7789,13.540889
7790,13.265452
7791,13.273957
7792,13.444044
7793,13.255181
7794,13.250096
7795,13.462698
7796,13.318027
7797,13.306900
7798,13.456952
7799,13.277137
7800,13.199943
7801,13.878759
7802,12.910462
7803,13.222667
7804,13.449470
7805,13.379994
7806,13.175993
7807,13.450320
7808,13.356873
7809,13.182102
7810,13.463816
7811,13.338646
7812,13.229633
7813,13.454835
7814,13.422162
7815,13.085442
7816,13.434723
7817,13.365068
7818,13.214567
7819,13.425091
7820,13.305035
7821,13.257283
7822,13.481905
7823,13.291407
7824,13.244704
7825,13.423242
7826,13.312685
7827,13.292728
7828,13.412175
7829,13.302738
7830,13.248749
7831,13.474425
7832,13.361601
7833,13.216807
7834,13.492698
7835,13.292075
7836,13.224794
7837,13.440338
7838,13.277627
7839,13.235341
7840,13.438731
7841,13.310003
7842,13.243338
7843,13.436758
7844,13.348096
7845,13.208186
7846,13.429740
7847,13.312069
7848,13.280941
7849,13.478185
7850,13.349694
7851,13.203308
7852,13.441311
7853,13.300138
7854,13.214638
7855,13.452144
7856,13.292858
7857,13.236281
7858,13.466810
7859,13.326337
7860,13.213836
7861,13.440889
7862,13.317195
7863,13.238446
7864,13.412043
7865,13.391434
7866,13.218310
7867,13.429662
7868,13.312811
7869,13.237429
7870,13.486361
7871,13.298778
7872,13.217163
7873,13.457754
7874,13.448545
7875,13.146071
7876,13.633598
7877,13.261815
7878,13.207105
7879,13.447814
7880,13.232018
7881,13.219819
7882,13.458419
7883,13.285573
7884,13.238717
7885,13.383749
7886,13.323529
7887,13.271171
7888,13.426807
7889,13.555127
7890,13.063716
7891,13.466087
7892,13.312890
7893,16.923442
7894,17.445843
7895,19.265597
7896,18.142118
