frame,elapsed_ms
0,13.538979
1,13.240380
2,13.225361
3,13.417584
4,13.322294
5,13.218535
6,13.462831
7,13.328300
8,13.231808
9,13.592788
10,13.189342
11,13.201837
12,13.420433
13,13.324321
14,13.254933
15,13.419751
16,13.324969
17,13.261243
18,13.416973
19,13.352048
20,13.224660
21,13.411759
22,13.341908
23,13.244557
24,13.422641
25,13.392647
26,13.183623
27,13.483203
28,13.282805
29,13.227145
30,13.430060
31,13.336733
32,13.240586
33,13.419527
34,13.339751
35,13.242990
36,13.426139
37,13.329588
38,13.243893
39,13.408450
40,13.521695
41,13.067272
42,13.419095
43,13.341956
44,13.248164
45,13.406658
46,13.366791
47,13.225664
48,13.562449
49,13.219792
50,13.236242
51,13.402173
52,13.331135
53,13.246206
54,13.436347
55,13.367861
56,13.207071
57,13.422399
58,13.342211
59,13.245756
60,13.429525
61,13.320472
62,13.249017
63,13.414644
64,13.418075
65,13.162863
66,13.415459
67,13.338853
68,13.242587
69,13.572694
70,13.235768
71,13.195408
72,13.461722
73,13.579068
74,12.964811
75,13.602377
76,13.300565
77,13.089692
78,13.423838
79,13.480784
80,13.233722
81,13.419302
82,13.446180
83,13.178147
84,13.734971
85,12.967780
86,13.225897
87,13.947914
88,13.118920
89,12.927624
90,14.292320
91,12.603713
92,13.230221
93,13.312703
94,13.377108
95,13.256416
96,13.444973
97,13.586814
98,12.994575
99,13.429393
100,13.386935
101,13.175787
102,13.641037
103,13.214035
104,13.155684
105,13.619949
106,13.173919
107,13.320933
108,13.384398
109,13.331017
110,13.167634
111,13.496059
112,13.427367
113,13.125615
114,13.591768
115,13.188785
116,13.218253
117,13.387495
118,13.389377
119,13.374101
120,13.278843
121,13.375249
122,13.189274
123,14.466807
124,12.415418
125,13.081804
126,13.458505
127,13.396687
128,13.199878
129,13.448760
130,13.355143
131,13.197842
132,13.435657
133,13.324576
134,13.319017
135,13.446984
136,13.257460
137,13.214498
138,13.456651
139,13.449185
140,13.186889
141,13.458980
142,13.310634
143,13.223945
144,13.480258
145,13.330306
146,13.239710
147,13.543990
148,13.533686
149,12.901017
150,13.598446
151,13.304080
152,13.097317
153,13.737419
154,13.070894
155,13.205373
156,13.562189
157,13.299661
158,13.159849
159,13.829135
160,12.963451
161,13.302935
162,13.498626
163,13.216205
164,13.223889
165,13.445491
166,13.459337
167,13.095675
168,13.696113
169,13.117890
170,13.217089
171,13.794075
172,13.415317
173,12.769761
174,13.660908
175,13.316153
176,13.107254
177,13.411452
178,13.350424
179,13.272706
180,13.450612
181,13.206380
182,13.260559
183,13.486612
184,13.377722
185,13.197215
186,13.439214
187,13.838425
188,12.707304
189,13.425490
190,13.428415
191,13.164930
192,13.805111
193,12.910014
194,13.390587
195,13.411886
196,13.337056
197,13.080838
198,13.457124
199,13.297649
200,13.281338
201,13.462993
202,13.247806
203,13.247859
204,13.640997
205,13.150290
206,13.220669
207,13.455107
208,13.373508
209,13.201059
210,13.431809
211,13.336943
212,13.207333
213,13.442194
214,13.335610
215,13.325156
216,13.309885
217,13.358241
218,13.225309
219,13.480591
220,13.301194
221,13.227964
222,13.421975
223,13.311700
224,13.245577
225,13.429273
226,13.360442
227,13.321919
228,13.474190
229,13.206469
230,13.206465
231,13.463051
232,13.418481
233,13.121664
234,13.823927
235,12.977910
236,13.337765
237,13.467638
238,13.217848
239,13.237287
240,13.413678
241,13.377546
242,13.164140
243,13.545747
244,13.318244
245,13.392148
246,13.573976
247,13.325560
248,13.214800
249,13.561923
250,13.217449
251,13.215181
252,13.437256
253,13.336680
254,13.239161
255,13.499567
256,13.410130
257,13.085127
258,13.488104
259,13.305614
260,13.202016
261,13.458130
262,13.348918
263,13.202899
264,13.473315
265,13.340166
266,13.213853
267,13.425967
268,13.337246
269,13.214131
270,13.460515
271,13.368560
272,13.158624
273,13.447422
274,13.490555
275,13.075734
276,13.532520
277,13.209577
278,13.249847
279,13.461934
280,13.300487
281,13.261515
282,13.408228
283,13.542083
284,13.095135
285,13.405403
286,13.337585
287,13.217230
288,13.539490
289,13.237668
290,13.198574
291,13.464629
292,13.378716
293,13.160538
294,13.446790
295,13.452488
296,13.108713
297,13.446250
298,13.392373
299,13.181883
300,13.441231
301,13.317888
302,13.392953
303,13.352452
304,13.258629
305,13.286603
306,13.357972
307,13.349178
308,13.218467
309,13.465014
310,13.309733
311,13.209782
312,13.512031
313,13.272707
314,13.225914
315,13.519782
316,13.286435
317,13.225517
318,13.438293
319,13.333591
320,13.227547
321,13.564420
322,13.279591
323,13.148923
324,13.476396
325,13.321679
326,13.279873
327,13.473471
328,13.326817
329,13.246436
330,13.424123
331,13.239556
332,13.296519
333,13.333586
334,13.397934
335,13.194319
336,13.613773
337,13.529496
338,12.850193
339,13.485618
340,13.375719
341,13.207263
342,13.358533
343,13.341458
344,13.234002
345,13.589118
346,13.274592
347,13.142593
348,13.505587
349,13.338030
350,13.129451
351,13.584923
352,13.727555
353,12.682964
354,13.446166
355,13.335649
356,13.345020
357,13.310334
358,13.460138
359,13.176483
360,13.427642
361,13.434009
362,13.071021
363,13.531009
364,13.235606
365,13.478918
366,13.317320
367,13.324687
368,13.356793
369,13.630156
370,13.048459
371,13.205094
372,13.683658
373,13.279152
374,13.238286
375,13.439519
376,13.397738
377,13.148044
378,13.596847
379,13.225997
380,13.244067
381,13.385210
382,13.365655
383,13.220930
384,13.451197
385,13.282229
386,13.209945
387,13.622637
388,13.169881
389,13.232200
390,13.479052
391,13.277379
392,13.222937
393,13.483945
394,13.290594
395,13.227583
396,13.452732
397,13.396000
398,13.147869
399,13.628343
400,13.340697
401,13.123067
402,13.455553
403,13.260126
404,13.197775
405,13.466749
406,13.345500
407,13.221635
408,13.411472
409,13.569113
410,12.972024
411,13.589182
412,13.293072
413,13.228043
414,13.473153
415,13.320279
416,13.320563
417,13.339187
418,13.858398
419,12.700717
420,13.419799
421,13.710947
422,12.887327
423,13.397787
424,13.392735
425,13.243338
426,13.384176
427,13.380956
428,13.152682
429,14.137523
430,12.736353
431,13.153630
432,13.464659
433,13.347303
434,13.169200
435,13.539182
436,13.271351
437,13.194005
438,13.636764
439,13.155110
440,13.207130
441,13.480554
442,13.883445
443,12.819403
444,13.618795
445,13.241679
446,13.155480
447,13.522302
448,13.248979
449,13.252829
450,13.407709
451,13.613600
452,12.944027
453,13.698675
454,13.135870
455,13.178756
456,13.427215
457,13.524653
458,13.062275
459,13.711126
460,13.089117
461,13.177552
462,13.811988
463,12.994481
464,13.199839
465,13.471349
466,13.332508
467,13.184026
468,13.470356
469,13.386983
470,13.152100
471,13.828075
472,13.093138
473,13.123162
474,13.682067
475,13.481342
476,12.794596
477,13.920068
478,12.851754
479,13.288605
480,13.637961
481,13.088382
482,13.278262
483,13.496443
484,13.240894
485,13.204455
486,13.492318
487,13.346563
488,13.207207
489,13.469488
490,13.354342
491,13.279634
492,13.371348
493,13.280555
494,13.213229
495,13.564271
496,13.225174
497,13.222923
498,13.496940
499,13.297460
500,13.190229
501,13.448784
502,13.391745
503,13.169816
504,13.443683
505,13.330239
506,13.254934
507,13.781443
508,12.979398
509,13.218001
510,13.458684
511,13.364898
512,13.196849
513,13.467730
514,13.290364
515,13.215391
516,14.029612
517,12.862409
518,13.097738
519,13.520160
520,13.296933
521,13.250003
522,13.455343
523,13.298385
524,13.198379
525,13.681321
526,13.245004
527,13.194729
528,13.423286
529,13.399509
530,13.268793
531,13.384018
532,13.363470
533,13.227767
534,13.399120
535,13.332876
536,13.202865
537,13.457510
538,13.525344
539,13.045040
540,13.459124
541,13.304757
542,13.233037
543,13.490561
544,13.318139
545,13.182184
546,13.467962
547,13.287037
548,13.277132
549,13.487925
550,13.292994
551,13.210558
552,13.545601
553,13.354283
554,13.185853
555,13.458724
556,13.324102
557,13.216137
558,13.442330
559,13.397651
560,13.171871
561,13.423041
562,13.360823
563,13.217685
564,13.464942
565,13.333382
566,13.219309
567,13.438120
568,13.338795
569,13.188389
570,13.632132
571,13.185577
572,13.190249
573,13.453133
574,13.330574
575,13.238201
576,13.487816
577,13.278586
578,13.384977
579,13.285212
580,13.349634
581,13.189445
582,13.759828
583,13.153463
584,13.089725
585,13.430572
586,13.398846
587,13.167304
588,13.775110
589,13.206535
590,13.034277
591,13.439834
592,13.348393
593,13.202337
594,13.596063
595,13.266149
596,13.195398
597,13.574841
598,13.263816
599,13.194883
600,13.645202
601,13.338645
602,13.196608
603,13.496506
604,13.305572
605,13.201867
606,13.512597
607,13.255177
608,13.227216
609,13.454527
610,13.317874
611,13.239395
612,13.593415
613,13.357677
614,13.081860
615,13.439743
616,13.365057
617,13.163152
618,13.465039
619,13.355864
620,13.258006
621,13.488272
622,13.325579
623,13.183902
624,14.292004
625,12.508138
626,13.200517
627,13.454760
628,13.389134
629,13.154643
630,13.465915
631,13.362116
632,13.195083
633,13.482000
634,13.347092
635,13.238367
636,13.416092
637,13.336314
638,13.176333
639,13.457756
640,13.304776
641,13.250060
642,13.440884
643,13.320983
644,13.264973
645,13.463003
646,13.308914
647,13.194187
648,13.441548
649,13.354456
650,13.227968
651,13.416421
652,13.341731
653,13.234693
654,13.461486
655,13.334001
656,13.188832
657,13.452265
658,13.322019
659,13.235870
660,13.451214
661,13.374608
662,13.223265
663,13.490762
664,13.276438
665,13.237155
666,13.437995
667,13.322967
668,13.226249
669,13.441309
670,13.322126
671,13.224965
672,13.472416
673,13.359674
674,13.178886
675,13.462334
676,13.300530
677,13.214438
678,13.489584
679,13.320896
680,13.201315
681,13.478021
682,13.313015
683,13.207548
684,13.457225
685,13.339221
686,13.213334
687,13.461622
688,13.314179
689,13.218090
690,13.468952
691,13.331041
692,13.239882
693,13.401338
694,13.367120
695,13.184546
696,13.894375
697,13.230952
698,12.873205
699,13.592059
700,13.173391
701,13.235615
702,13.434758
703,13.376462
704,13.197339
705,13.421623
706,13.356584
707,13.237116
708,13.432438
709,13.329848
710,13.238097
711,13.509169
712,13.455440
713,13.048399
714,13.449883
715,13.349138
716,13.198371
717,13.419699
718,13.478321
719,13.102279
720,13.756748
721,13.303982
722,12.957554
723,13.401431
724,13.352958
725,13.211819
726,13.429178
727,13.336248
728,13.349675
729,13.332192
730,13.359940
731,13.203661
732,13.458488
733,13.323157
734,13.238052
735,13.471177
736,13.315532
737,13.229545
738,13.438933
739,13.571954
740,12.958628
741,13.492953
742,13.690474
743,12.816136
744,13.804674
745,12.986622
746,13.242677
747,13.493876
748,13.235058
749,13.223370
750,13.446881
751,13.411213
752,13.205308
753,13.422672
754,13.386928
755,13.165732
756,13.424751
757,13.442160
758,13.123999
759,13.466728
760,13.308124
761,13.318554
762,13.432024
763,13.326699
764,13.237206
765,13.796492
766,13.086463
767,13.155563
768,13.461513
769,13.328579
770,13.216720
771,13.646904
772,13.152811
773,13.161496
774,13.513756
775,13.322234
776,13.161162
777,13.511797
778,13.338368
779,13.162467
780,13.714735
781,13.067998
782,13.232371
783,13.458430
784,13.354561
785,13.179796
786,13.464730
787,13.839594
788,12.686189
789,13.523870
790,13.817972
791,12.695172
792,13.466935
793,13.332769
794,13.222683
795,13.458583
796,13.381073
797,13.090629
798,13.507520
799,13.409796
800,13.095779
801,13.507450
802,13.347846
803,13.147728
804,13.548300
805,13.253674
806,13.242814
807,13.465673
808,13.498990
809,13.022386
810,13.467668
811,13.358792
812,13.169149
813,13.496348
814,13.294163
815,13.272328
816,13.441190
817,13.477431
818,13.067602
819,13.816639
820,13.015200
821,13.263432
822,13.805616
823,13.811618
824,12.328195
825,13.500562
826,13.435744
827,13.142759
828,13.460120
829,13.334070
830,13.145449
831,13.473491
832,13.279635
833,13.282383
834,13.423744
835,13.414600
836,13.108737
837,13.507585
838,13.353666
839,13.212059
840,13.519081
841,13.367595
842,13.115280
843,13.462032
844,13.347768
845,13.145454
846,13.475480
847,13.296608
848,13.218680
849,13.434462
850,13.357238
851,13.326440
852,13.390376
853,13.284118
854,13.234587
855,13.503490
856,13.264691
857,13.209665
858,13.490925
859,13.336559
860,13.192896
861,13.451121
862,13.319282
863,13.401794
864,13.249559
865,13.359663
866,13.205769
867,13.605229
868,13.221642
869,13.170884
870,13.525853
871,13.255234
872,13.224044
873,13.478409
874,13.315836
875,13.245441
876,13.420412
877,13.310624
878,13.257716
879,13.414805
880,13.401735
881,13.161819
882,13.497203
883,13.317673
884,13.198356
885,13.442001
886,13.359930
887,13.254566
888,13.445356
889,13.313334
890,13.214609
891,13.416943
892,13.642105
893,12.887188
894,13.738448
895,13.076322
896,13.194066
897,13.444965
898,13.316809
899,13.293321
900,13.393316
901,13.324027
902,13.214282
903,13.458386
904,13.311711
905,13.238009
906,13.435851
907,13.334392
908,13.239574
909,13.496467
910,13.265846
911,13.228748
912,13.460606
913,13.311718
914,13.228568
915,13.460466
916,13.312595
917,13.216105
918,13.517523
919,13.272564
920,13.291548
921,13.425052
922,13.261630
923,13.238281
924,13.549345
925,13.230274
926,13.219139
927,13.435159
928,13.350129
929,13.221900
930,13.477076
931,13.316952
932,13.208660
933,13.616815
934,13.182569
935,13.194604
936,13.443734
937,13.362391
938,13.200674
939,13.457795
940,13.392481
941,13.140368
942,13.433112
943,13.346124
944,13.219050
945,13.450014
946,13.315358
947,13.251937
948,13.443499
949,13.329332
950,13.280185
951,13.375049
952,13.335187
953,13.258250
954,13.498441
955,13.374886
956,13.102082
957,14.036951
958,12.907979
959,13.072891
960,13.482008
961,13.304594
962,13.231538
963,13.408594
964,13.423962
965,13.136339
966,13.449924
967,13.324988
968,13.227585
969,13.429233
970,13.334185
971,13.238006
972,13.454122
973,13.322292
974,13.250315
975,13.501359
976,13.288206
977,13.205684
978,13.557600
979,13.199728
980,13.234209
981,13.426954
982,13.336192
983,13.239903
984,13.488883
985,13.332975
986,13.220226
987,13.389422
988,13.336201
989,13.222110
990,13.426620
991,13.366738
992,13.206684
993,13.420069
994,13.371217
995,13.215527
996,13.448693
997,13.293015
998,13.249767
999,13.500278
1000,13.278697
1001,13.267681
1002,13.437003
1003,13.369825
1004,13.872425
1005,14.352412
1006,14.482040
1007,17.400731
1008,16.066466
1009,13.281477
1010,13.551352
1011,15.224378
1012,15.688956
1013,16.013781
1014,16.460512
1015,16.278716
1016,13.365133
1017,13.563073
1018,16.026320
1019,13.292912
1020,13.147708
1021,15.885910
1022,13.529630
1023,13.418954
1024,13.475999
1025,15.139745
1026,14.633015
1027,14.113290
1028,15.641080
1029,14.340267
1030,14.512346
1031,13.139920
1032,14.560329
1033,15.280637
1034,13.971299
1035,15.559238
1036,13.366985
1037,13.683898
1038,14.590972
1039,15.736521
1040,13.508964
1041,13.675250
1042,13.638884
1043,15.723040
1044,14.104704
1045,13.266474
1046,13.424861
1047,13.547710
1048,13.262124
1049,13.438882
1050,13.356507
1051,13.149874
1052,13.441142
1053,13.420450
1054,13.161906
1055,13.500138
1056,13.466118
1057,13.100181
1058,13.451164
1059,13.903087
1060,15.210299
1061,13.490191
1062,13.338149
1063,13.179313
1064,13.453930
1065,13.405097
1066,13.143930
1067,13.668188
1068,13.281571
1069,13.154024
1070,13.497305
1071,13.301552
1072,13.213042
1073,13.513931
1074,13.347806
1075,13.175477
1076,13.497692
1077,13.659448
1078,12.906590
1079,13.437536
1080,13.250586
1081,13.230822
1082,13.478487
1083,13.347126
1084,13.268568
1085,13.372243
1086,13.361392
1087,13.201338
1088,13.468737
1089,13.321007
1090,13.175906
1091,13.494547
1092,13.318718
1093,13.194241
1094,13.438486
1095,13.399821
1096,13.154670
1097,13.424560
1098,13.401810
1099,13.171651
1100,13.431704
1101,13.339733
1102,13.231880
1103,13.435496
1104,13.353122
1105,13.244455
1106,13.415827
1107,13.376184
1108,13.254504
1109,13.343245
1110,13.304507
1111,13.274028
1112,13.412561
1113,13.340102
1114,13.274505
1115,13.398210
1116,13.364866
1117,13.202803
1118,13.479858
1119,13.383719
1120,13.127470
1121,13.418781
1122,13.339312
1123,13.254770
1124,13.414669
1125,13.422366
1126,13.145610
1127,13.614551
1128,13.172968
1129,13.355814
1130,13.280248
1131,13.438491
1132,13.176761
1133,13.420706
1134,13.456710
1135,13.091861
1136,13.454862
1137,13.406966
1138,13.149054
1139,13.449073
1140,13.447746
1141,13.111415
1142,13.551030
1143,13.220511
1144,13.217078
1145,13.541478
1146,13.258549
1147,13.220933
1148,13.465992
1149,13.400766
1150,13.124116
1151,13.458804
1152,13.343754
1153,13.178885
1154,13.503170
1155,13.322339
1156,13.182611
1157,13.862499
1158,13.321321
1159,12.853548
1160,13.413635
1161,13.516988
1162,13.026265
1163,13.458218
1164,13.450260
1165,13.158483
1166,13.768717
1167,13.619559
1168,12.555878
1169,13.424035
1170,13.677026
1171,13.389136
1172,12.956432
1173,13.423091
1174,13.124552
1175,13.457963
1176,13.332656
1177,13.224133
1178,13.453265
1179,13.352487
1180,13.210818
1181,13.495816
1182,13.265215
1183,13.205925
1184,13.451337
1185,13.323274
1186,13.230072
1187,13.453603
1188,13.369396
1189,13.316457
1190,13.328148
1191,13.549138
1192,13.028645
1193,13.485254
1194,13.268216
1195,13.277616
1196,13.361379
1197,13.362993
1198,13.313827
1199,13.435353
1200,13.253687
1201,13.204843
1202,13.849552
1203,12.968548
1204,13.191684
1205,14.010528
1206,13.087154
1207,12.890621
1208,13.490536
1209,13.314100
1210,13.305496
1211,13.391980
1212,13.332393
1213,13.162022
1214,13.461577
1215,13.390654
1216,13.169559
1217,13.491057
1218,13.423822
1219,13.134374
1220,13.419581
1221,13.312129
1222,13.214798
1223,13.579760
1224,13.334826
1225,13.061395
1226,13.440570
1227,13.403343
1228,15.137104
1229,13.268823
1230,13.587182
1231,13.442311
1232,13.092759
1233,13.500910
1234,13.294529
1235,13.325789
1236,13.453935
1237,13.362211
1238,13.113046
1239,13.432055
1240,13.371315
1241,13.181842
1242,13.523598
1243,13.270465
1244,16.930794
1245,18.106313
1246,16.336686
1247,15.760313
1248,19.124852
1249,17.113777
1250,16.397336
1251,18.333919
1252,17.586652
1253,17.191972
1254,19.454942
1255,15.991564
1256,15.601089
1257,15.249138
1258,21.991981
1259,13.211601
1260,13.869285
1261,13.451475
1262,13.165059
1263,13.408484
1264,13.366319
1265,13.155560
1266,13.827290
1267,12.945862
1268,13.252448
1269,13.626643
1270,13.138205
1271,13.238906
1272,13.464097
1273,13.367043
1274,13.173411
1275,13.412064
1276,13.330185
1277,13.251160
1278,13.654847
1279,13.253645
1280,13.120352
1281,13.464373
1282,13.361598
1283,13.197499
1284,13.429274
1285,13.321121
1286,13.318011
1287,13.626060
1288,13.282808
1289,13.191002
1290,13.593076
1291,13.481138
1292,12.918831
1293,13.526899
1294,13.294180
1295,13.196355
1296,13.496015
1297,13.379230
1298,13.211924
1299,13.489379
1300,13.275341
1301,13.136026
1302,13.559606
1303,13.401742
1304,13.173507
1305,13.884249
1306,13.034395
1307,13.283984
1308,13.270466
1309,13.261040
1310,13.140622
1311,13.633315
1312,13.301106
1313,13.233304
1314,14.017578
1315,12.979587
1316,13.024029
1317,13.638934
1318,13.448351
1319,12.894500
1320,13.579088
1321,13.313851
1322,13.128048
1323,13.471687
1324,13.313347
1325,13.219710
1326,13.589575
1327,13.197279
1328,13.227377
1329,13.553354
1330,13.193904
1331,13.247204
1332,13.758449
1333,13.034539
1334,13.148571
1335,13.433414
1336,13.477445
1337,13.176835
1338,13.595954
1339,13.249477
1340,13.086334
1341,13.549991
1342,13.222162
1343,13.274246
1344,13.427491
1345,13.379403
1346,13.151685
1347,13.469776
1348,13.310374
1349,13.210000
1350,13.463577
1351,13.379115
1352,13.192207
1353,13.453554
1354,13.376470
1355,13.125114
1356,13.591138
1357,13.264068
1358,13.195933
1359,13.462045
1360,13.285015
1361,13.257268
1362,13.394172
1363,13.377859
1364,13.249595
1365,13.494015
1366,13.364777
1367,13.093951
1368,13.447003
1369,13.328242
1370,13.206907
1371,14.271400
1372,12.530137
1373,13.211402
1374,13.496667
1375,13.318399
1376,13.207402
1377,13.464583
1378,13.358881
1379,13.141225
1380,13.507912
1381,13.332307
1382,13.213664
1383,13.535856
1384,13.181944
1385,13.230835
1386,13.687138
1387,13.088919
1388,13.221611
1389,13.731519
1390,13.035544
1391,13.242716
1392,13.429283
1393,13.384318
1394,13.239120
1395,13.402995
1396,13.335614
1397,13.239907
1398,13.406066
1399,13.418546
1400,13.139232
1401,13.457191
1402,13.352869
1403,13.193535
1404,13.446610
1405,13.365920
1406,13.178422
1407,13.671222
1408,13.160395
1409,13.210571
1410,13.684603
1411,13.164497
1412,13.113261
1413,13.498343
1414,13.264259
1415,13.282450
1416,13.472476
1417,13.354087
1418,13.178684
1419,13.488367
1420,13.263424
1421,13.297818
1422,13.494294
1423,13.319155
1424,13.095304
1425,13.513578
1426,13.317751
1427,13.187276
1428,13.581671
1429,13.346321
1430,13.185868
1431,13.658994
1432,13.224888
1433,13.166127
1434,13.557592
1435,13.215360
1436,13.245017
1437,13.413558
1438,13.314442
1439,13.240572
1440,13.462261
1441,13.288268
1442,13.221412
1443,13.505594
1444,13.233389
1445,13.244003
1446,13.447195
1447,13.350587
1448,13.219440
1449,13.441941
1450,13.403740
1451,13.152110
1452,13.537353
1453,13.263625
1454,13.222320
1455,13.446712
1456,13.414229
1457,13.135519
1458,13.488047
1459,13.351521
1460,13.197421
1461,13.434248
1462,13.309579
1463,13.213013
1464,13.450756
1465,13.351535
1466,13.191629
1467,13.507517
1468,13.451715
1469,13.055032
1470,13.468830
1471,13.320710
1472,13.304148
1473,13.399830
1474,13.238467
1475,13.259790
1476,13.577144
1477,13.377034
1478,13.094496
1479,13.691198
1480,13.269059
1481,12.978291
1482,13.548345
1483,13.249869
1484,13.242073
1485,13.423057
1486,13.416027
1487,13.120168
1488,13.460737
1489,13.476125
1490,13.106045
1491,13.505289
1492,13.229533
1493,13.280553
1494,13.412235
1495,13.307463
1496,13.223950
1497,13.474139
1498,13.290472
1499,13.231758
1500,13.525265
1501,13.251964
1502,13.221976
1503,13.490714
1504,13.323899
1505,13.185307
1506,13.443593
1507,13.300563
1508,13.367175
1509,13.366849
1510,13.263547
1511,13.253289
1512,13.426862
1513,13.341220
1514,13.226872
1515,13.459573
1516,13.530221
1517,13.029980
1518,13.557071
1519,13.218696
1520,13.224008
1521,13.442450
1522,13.594462
1523,13.186024
1524,13.426567
1525,13.340269
1526,13.236216
1527,13.710984
1528,13.062184
1529,13.318753
1530,13.423958
1531,13.362006
1532,13.202776
1533,13.447703
1534,13.328956
1535,13.225963
1536,13.589399
1537,13.305624
1538,13.108536
1539,13.575015
1540,13.242068
1541,13.182124
1542,13.447466
1543,13.341347
1544,13.228252
1545,13.421130
1546,13.399346
1547,13.251353
1548,13.417442
1549,13.329655
1550,13.238387
1551,13.373994
1552,13.312867
1553,13.235429
1554,13.439039
1555,13.338504
1556,13.310351
1557,13.396016
1558,13.376824
1559,13.202430
1560,13.518405
1561,16.399542
1562,13.451062
1563,14.155377
1564,13.929354
1565,14.886923
1566,13.149708
1567,15.356240
1568,13.276043
1569,13.224434
1570,13.396063
1571,13.451853
1572,15.032779
1573,14.005668
1574,14.559658
1575,13.671131
1576,15.634651
1577,13.619083
1578,16.119226
1579,13.130966
1580,13.275786
1581,13.403501
1582,13.346273
1583,14.553961
1584,13.483405
1585,13.372494
1586,15.117006
1587,13.940721
1588,13.397426
1589,13.208023
1590,13.551189
1591,13.272262
1592,13.225836
1593,13.504511
1594,13.313078
1595,13.177065
1596,13.663437
1597,16.412542
1598,14.452014
1599,15.519902
1600,15.023165
1601,14.045503
1602,14.621357
1603,13.494633
1604,15.046689
1605,13.441177
1606,13.248187
1607,16.033605
1608,13.048068
1609,13.123934
1610,14.187047
1611,13.241485
1612,13.210999
1613,13.471237
1614,13.407594
1615,13.133183
1616,13.422574
1617,13.342481
1618,13.237401
1619,13.459591
1620,13.303884
1621,13.203299
1622,13.442317
1623,13.344258
1624,13.220261
1625,13.484187
1626,13.309804
1627,13.197555
1628,13.433241
1629,13.451382
1630,13.163826
1631,13.457680
1632,13.724992
1633,12.772539
1634,13.834152
1635,13.248008
1636,12.913652
1637,13.488244
1638,13.261064
1639,13.297010
1640,13.413922
1641,13.338869
1642,13.212487
1643,13.477505
1644,13.325167
1645,13.190382
1646,13.483465
1647,13.297671
1648,13.219753
1649,13.452627
1650,13.356950
1651,13.182417
1652,13.429685
1653,13.329132
1654,13.244215
1655,13.448873
1656,13.334438
1657,13.228529
1658,13.414406
1659,13.354010
1660,13.234331
1661,13.413695
1662,13.357378
1663,13.224877
1664,13.404854
1665,13.316535
1666,13.277869
1667,13.495726
1668,13.279457
1669,13.268069
1670,13.457312
1671,13.323402
1672,13.182900
1673,13.454868
1674,13.367195
1675,13.179283
1676,13.483740
1677,13.324700
1678,13.241617
1679,13.515091
1680,13.311132
1681,13.148367
1682,13.501713
1683,13.286128
1684,13.205229
1685,13.470169
1686,13.360329
1687,13.214663
1688,13.558862
1689,13.262685
1690,13.170007
1691,13.427042
1692,13.394461
1693,13.204004
1694,13.423994
1695,13.612598
1696,12.902505
1697,13.417207
1698,13.335954
1699,13.253191
1700,13.440447
1701,13.330879
1702,13.210148
1703,13.463776
1704,13.437911
1705,13.156721
1706,13.489074
1707,13.389601
1708,13.129692
1709,13.457586
1710,13.264477
1711,14.075725
1712,16.180019
1713,17.707071
1714,17.240552
1715,15.535585
1716,15.910738
1717,17.362145
1718,15.323515
1719,17.583814
1720,15.887810
1721,17.189343
1722,15.315787
1723,18.962075
1724,14.000881
1725,14.825211
1726,17.309241
1727,14.193844
1728,17.274278
1729,16.112082
1730,13.719617
1731,15.222592
1732,16.711212
1733,15.079981
1734,17.357293
1735,14.068783
1736,13.771555
1737,15.250538
1738,19.439736
1739,13.270216
1740,13.925992
1741,16.336848
1742,13.520625
1743,13.359113
1744,13.392176
1745,14.737620
1746,13.323008
1747,13.323053
1748,15.295056
1749,13.874226
1750,16.899663
1751,14.427465
1752,14.019061
1753,15.966855
1754,15.464369
1755,13.194535
1756,15.667024
1757,13.782536
1758,15.691065
1759,14.695281
1760,15.469852
1761,15.097254
1762,13.329637
1763,16.189631
1764,16.243308
1765,14.456276
1766,15.866356
1767,16.113168
1768,15.737884
1769,14.666982
1770,15.751448
1771,14.287710
1772,13.820619
1773,14.320485
1774,14.096232
1775,14.994375
1776,14.517938
1777,13.350461
1778,13.334086
1779,14.762963
1780,13.784161
1781,14.773782
1782,13.767196
1783,13.435081
1784,13.341586
1785,13.771878
1786,14.341355
1787,13.327992
1788,14.226544
1789,13.209649
1790,15.084347
1791,13.046350
1792,13.836312
1793,13.698865
1794,13.821730
1795,13.479651
1796,14.053876
1797,14.558227
1798,14.325382
1799,13.939469
1800,15.315948
1801,13.906449
1802,13.821287
1803,14.333082
1804,14.171679
1805,15.019095
1806,14.776969
1807,13.475557
1808,14.722079
1809,13.853546
1810,13.492586
1811,13.660848
1812,14.650176
1813,13.502591
1814,14.790875
1815,13.344014
1816,13.071918
1817,14.821144
1818,15.278129
1819,15.060964
1820,13.514969
1821,14.541446
1822,12.081870
1823,13.531175
1824,13.655623
1825,13.190308
1826,13.708586
1827,14.767306
1828,13.402116
1829,13.119880
1830,15.655320
1831,20.304217
1832,13.289747
1833,13.098816
1834,13.652622
1835,13.313155
1836,13.077539
1837,13.582807
1838,13.294018
1839,13.145134
1840,13.672492
1841,14.623026
1842,11.709593
1843,13.674780
1844,13.189878
1845,13.122576
1846,13.628892
1847,13.305210
1848,13.064331
1849,13.568019
1850,13.410533
1851,13.036070
1852,13.558709
1853,13.348317
1854,13.069020
1855,13.988453
1856,13.298641
1857,13.678906
1858,13.605293
1859,13.362036
1860,13.075582
1861,14.020397
1862,13.518205
1863,12.929684
1864,13.617900
1865,14.247221
1866,13.100850
1867,13.837054
1868,13.005043
1869,13.155834
1870,14.585048
1871,13.369607
1872,13.313411
1873,13.705999
1874,13.651436
1875,13.277113
1876,13.117093
1877,13.635573
1878,13.275389
1879,13.093496
1880,13.540346
1881,13.326512
1882,13.115249
1883,13.619647
1884,13.329707
1885,13.067713
1886,13.631439
1887,13.299930
1888,13.066243
1889,13.777792
1890,13.323911
1891,13.065716
1892,13.639346
1893,13.299144
1894,13.076854
1895,13.560256
1896,13.383005
1897,14.175858
1898,13.573007
1899,13.412300
1900,13.132059
1901,13.520239
1902,13.270227
1903,13.106517
1904,13.602019
1905,13.496864
1906,12.889671
1907,13.596551
1908,13.322386
1909,13.114468
1910,13.582974
1911,13.283619
1912,13.132938
1913,13.584973
1914,14.920785
1915,11.466833
1916,13.550517
1917,13.364810
1918,13.086573
1919,13.547220
1920,13.286383
1921,13.155171
1922,13.692178
1923,13.213009
1924,13.110299
1925,13.536098
1926,13.416842
1927,13.082003
1928,13.489196
1929,13.378359
1930,13.118346
1931,13.619869
1932,13.321214
1933,13.060140
1934,13.878268
1935,12.990971
1936,13.104424
1937,13.541602
1938,13.571212
1939,12.910543
1940,13.529965
1941,13.352922
1942,13.154484
1943,13.501697
1944,13.328156
1945,13.112100
1946,13.561215
1947,13.305495
1948,13.135449
1949,13.566811
1950,13.338679
1951,13.104001
1952,13.516019
1953,13.356982
1954,13.110918
1955,13.545251
1956,13.334585
1957,13.159277
1958,13.569935
1959,13.237861
1960,13.174396
1961,13.611927
1962,13.217291
1963,13.155732
1964,13.582774
1965,13.302420
1966,13.136307
1967,13.567718
1968,13.319722
1969,13.089372
1970,13.654414
1971,13.272831
1972,13.122858
1973,13.605713
1974,13.500932
1975,12.910109
1976,13.500553
1977,13.298987
1978,13.157822
1979,13.657973
1980,13.292094
1981,13.089557
1982,13.542591
1983,13.321598
1984,13.136450
1985,13.888328
1986,13.493931
1987,12.964059
1988,13.746614
1989,13.292806
1990,12.963682
1991,13.597357
1992,13.347083
1993,13.024146
1994,13.609768
1995,13.248447
1996,13.171899
1997,13.808797
1998,13.586905
1999,13.015462
2000,13.709839
2001,16.703469
2002,13.246235
2003,13.475999
2004,13.153715
2005,12.960139
2006,13.711932
2007,13.232939
2008,13.033363
2009,17.167869
2010,12.124064
2011,15.063705
2012,11.394740
2013,13.953453
2014,15.521688
2015,11.943458
2016,13.790739
2017,16.905620
2018,12.735385
2019,13.872117
2020,14.618804
2021,13.278835
2022,12.858174
2023,13.600468
2024,13.314960
2025,15.785902
2026,14.001945
2027,12.948846
2028,13.104876
2029,13.658889
2030,13.324339
2031,13.027604
2032,13.688035
2033,15.614528
2034,13.089999
2035,13.628788
2036,13.292919
2037,13.032678
2038,13.636777
2039,13.213899
2040,13.169374
2041,13.570058
2042,13.488581
2043,12.952924
2044,13.583785
2045,13.437098
2046,12.985059
2047,13.640087
2048,13.322564
2049,12.983347
2050,13.691039
2051,13.291875
2052,13.063723
2053,13.587748
2054,13.409669
2055,13.024965
2056,13.583815
2057,13.411693
2058,13.005458
2059,13.659306
2060,13.257961
2061,13.079675
2062,13.578021
2063,13.324243
2064,13.099594
2065,14.629678
2066,13.258223
2067,13.265385
2068,13.080461
2069,13.535328
2070,13.358388
2071,13.117666
2072,13.503495
2073,13.816291
2074,12.661022
2075,13.512356
2076,13.369871
2077,13.093112
2078,13.623176
2079,13.280419
2080,13.111319
2081,13.574384
2082,13.383019
2083,13.033706
2084,13.595968
2085,13.481863
2086,13.093029
2087,13.370978
2088,13.361799
2089,13.073314
2090,13.570759
2091,13.453791
2092,13.062773
2093,13.486857
2094,13.397329
2095,13.088249
2096,13.515150
2097,13.373484
2098,13.117018
2099,13.539775
2100,13.331633
2101,13.094769
2102,13.534507
2103,13.365302
2104,13.111874
2105,13.874963
2106,12.986902
2107,13.129030
2108,13.538158
2109,13.312728
2110,13.124371
2111,13.568417
2112,13.306648
2113,13.119650
2114,13.534009
2115,14.635964
2116,13.129714
2117,13.605562
2118,13.235745
2119,13.153727
2120,13.562647
2121,13.265883
2122,13.171198
2123,13.633943
2124,13.243630
2125,13.115689
2126,13.564062
2127,13.297183
2128,13.124410
2129,13.523325
2130,13.323443
2131,13.142072
2132,13.555104
2133,13.397729
2134,13.089187
2135,13.579519
2136,13.332676
2137,14.571118
2138,14.003943
2139,13.015572
2140,13.129006
2141,13.633631
2142,13.320460
2143,13.394983
2144,13.537153
2145,13.820335
2146,13.109261
2147,15.776226
2148,23.131655
2149,14.107861
2150,12.718114
2151,12.897819
2152,15.355441
2153,11.909271
2154,13.132550
2155,13.576692
2156,13.406428
2157,13.045889
2158,13.471520
2159,13.363474
2160,13.107487
2161,13.559364
2162,13.596483
2163,13.031089
2164,13.559532
2165,13.405379
2166,13.040952
2167,14.308903
2168,15.050550
2169,12.824592
2170,13.552776
2171,14.287873
2172,13.792877
2173,13.518572
2174,15.227335
2175,13.702890
2176,13.067772
2177,18.198783
2178,13.325360
2179,13.653237
2180,13.574989
2181,13.630099
2182,13.290000
2183,13.440679
2184,13.820323
2185,14.231692
2186,13.136203
2187,13.977504
2188,13.633328
2189,13.054837
2190,13.736782
2191,13.859708
2192,13.573214
2193,13.682623
2194,13.268368
2195,13.209655
2196,13.625852
2197,15.782640
2198,13.221509
2199,13.379708
2200,15.571280
2201,13.924350
2202,13.125940
2203,14.798254
2204,12.341754
2205,13.160241
2206,15.313547
2207,13.302545
2208,14.152486
2209,13.108694
2210,13.983057
2211,13.328588
2212,13.213847
2213,15.306111
2214,13.126632
2215,13.116477
2216,15.105871
2217,12.814457
2218,13.306181
2219,13.537999
2220,13.418634
2221,13.687991
2222,13.511201
2223,13.371761
2224,14.875102
2225,13.650609
2226,13.226978
2227,14.513511
2228,13.875085
2229,13.616308
2230,18.531510
2231,13.210248
2232,14.460125
2233,12.396367
2234,13.158167
2235,13.528219
2236,13.407665
2237,13.095745
2238,13.493987
2239,13.583761
2240,13.136524
2241,14.249864
2242,12.660728
2243,13.077704
2244,13.584648
2245,13.314339
2246,13.104931
2247,14.131124
2248,12.802140
2249,13.051291
2250,13.531160
2251,13.310943
2252,13.160838
2253,13.648359
2254,13.318644
2255,15.106084
2256,12.979744
2257,13.646065
2258,13.242866
2259,13.100246
2260,13.549930
2261,13.311347
2262,13.143275
2263,15.124570
2264,11.824429
2265,13.069087
2266,13.570999
2267,13.411350
2268,13.080528
2269,14.027322
2270,12.955415
2271,12.998139
2272,13.656313
2273,13.453099
2274,13.059450
2275,13.398211
2276,13.325136
2277,13.169574
2278,13.510403
2279,13.281632
2280,13.107415
2281,13.415718
2282,13.416215
2283,13.158653
2284,13.430267
2285,13.410770
2286,13.136873
2287,13.486161
2288,13.352857
2289,13.239512
2290,13.374850
2291,13.332540
2292,13.278179
2293,13.405144
2294,13.370386
2295,13.167585
2296,13.477159
2297,13.286454
2298,13.266505
2299,13.407781
2300,13.341442
2301,13.231788
2302,13.481948
2303,13.286749
2304,13.221640
2305,13.467673
2306,13.332214
2307,13.209243
2308,13.430202
2309,13.337227
2310,13.337694
2311,13.319810
2312,13.332157
2313,13.279102
2314,13.486607
2315,13.279799
2316,13.207497
2317,13.504509
2318,13.292853
2319,13.210873
2320,13.450298
2321,13.335147
2322,13.237308
2323,13.376961
2324,13.425157
2325,13.295592
2326,13.315025
2327,13.304252
2328,13.239679
2329,13.561130
2330,13.309005
2331,13.192913
2332,13.467141
2333,13.276946
2334,13.249778
2335,13.456169
2336,13.409430
2337,13.087856
2338,13.414941
2339,13.687181
2340,12.917087
2341,13.531520
2342,13.347822
2343,13.180368
2344,13.431545
2345,13.311231
2346,13.217101
2347,13.433707
2348,13.368989
2349,13.188640
2350,13.484567
2351,13.323577
2352,13.233182
2353,13.402149
2354,13.357571
2355,13.243611
2356,13.468682
2357,13.256861
2358,13.220396
2359,13.484712
2360,13.366639
2361,13.176204
2362,13.473572
2363,13.282754
2364,13.221251
2365,13.460639
2366,13.291779
2367,13.237503
2368,13.488589
2369,13.861647
2370,13.166175
2371,13.722911
2372,13.612247
2373,13.061188
2374,13.623824
2375,13.732534
2376,12.601273
2377,13.409409
2378,13.401008
2379,13.208209
2380,13.392741
2381,13.363398
2382,13.220485
2383,13.454170
2384,13.376232
2385,13.174638
2386,13.636058
2387,13.166811
2388,13.219646
2389,13.506108
2390,13.271653
2391,13.188934
2392,13.418496
2393,13.339234
2394,13.286718
2395,13.385946
2396,13.329260
2397,13.231954
2398,13.442330
2399,13.379437
2400,13.181738
2401,13.428630
2402,13.337117
2403,13.250208
2404,13.520293
2405,13.271596
2406,13.213016
2407,13.400344
2408,13.339979
2409,13.254135
2410,13.429547
2411,13.431514
2412,13.147217
2413,13.468664
2414,13.833337
2415,12.999547
2416,13.275317
2417,13.321926
2418,13.244433
2419,13.444015
2420,13.313593
2421,13.237755
2422,13.428766
2423,13.323875
2424,13.247915
2425,13.427918
2426,13.372220
2427,13.181344
2428,13.427979
2429,13.348511
2430,13.243250
2431,13.424823
2432,13.319994
2433,13.233414
2434,13.431047
2435,13.332665
2436,13.245328
2437,13.432096
2438,13.357162
2439,13.206508
2440,13.435448
2441,13.376204
2442,13.178959
2443,13.451708
2444,13.301121
2445,13.267743
2446,13.417193
2447,13.341237
2448,13.255093
2449,13.422359
2450,13.325650
2451,13.227504
2452,13.433861
2453,13.488769
2454,13.077647
2455,13.543676
2456,13.361131
2457,13.109100
2458,13.675972
2459,13.239641
2460,13.064713
2461,13.431839
2462,13.419419
2463,13.266686
2464,13.425786
2465,13.312266
2466,13.241955
2467,13.449664
2468,13.565623
2469,12.988073
2470,13.529897
2471,13.316710
2472,13.242014
2473,13.561621
2474,13.191804
2475,13.247743
2476,13.432009
2477,13.320612
2478,13.251310
2479,13.442151
2480,13.310208
2481,13.245170
2482,13.837611
2483,12.919195
2484,13.244362
2485,13.446902
2486,13.334119
2487,13.226747
2488,13.430627
2489,13.329773
2490,13.241075
2491,13.486156
2492,13.299248
2493,13.208153
2494,13.481538
2495,13.284757
2496,13.236492
2497,13.466316
2498,13.330457
2499,13.202519
2500,13.458483
2501,13.389297
2502,13.169018
2503,13.430355
2504,13.357701
2505,13.213050
2506,13.541485
2507,13.217382
2508,13.217754
2509,13.469541
2510,13.393916
2511,13.151156
2512,13.505100
2513,13.324940
2514,13.223244
2515,13.433514
2516,13.399878
2517,13.178905
2518,13.420328
2519,13.256042
2520,13.239563
2521,13.474951
2522,13.330350
2523,13.213271
2524,13.438206
2525,13.319703
2526,13.328525
2527,13.346258
2528,13.332955
2529,13.255329
2530,13.420548
2531,13.331998
2532,13.242003
2533,13.421493
2534,13.334157
2535,13.244067
2536,13.424256
2537,13.347429
2538,13.223598
2539,13.439182
2540,13.366100
2541,13.198944
2542,13.472876
2543,13.407469
2544,13.105713
2545,13.558630
2546,13.251217
2547,13.221324
2548,13.476783
2549,13.318054
2550,13.196216
2551,13.573130
2552,13.317469
2553,13.094233
2554,13.504907
2555,13.337630
2556,13.177743
2557,13.471241
2558,13.292386
2559,13.230035
2560,13.464417
2561,13.290192
2562,13.241142
2563,13.491458
2564,13.339991
2565,13.717667
2566,13.989243
2567,12.273739
2568,13.235045
2569,13.499410
2570,13.265407
2571,13.190657
2572,13.486478
2573,13.280393
2574,13.371539
2575,13.313985
2576,13.350359
2577,13.174377
2578,13.494668
2579,13.351789
2580,13.162698
2581,13.677577
2582,13.126149
2583,13.184321
2584,13.438888
2585,13.341121
2586,13.235930
2587,13.457063
2588,13.333373
2589,13.270294
2590,13.421835
2591,13.320408
2592,13.202703
2593,13.494432
2594,13.311064
2595,13.205615
2596,13.557945
2597,13.206324
2598,13.219720
2599,13.428819
2600,13.330515
2601,13.236206
2602,13.433569
2603,13.315154
2604,13.279436
2605,13.414614
2606,13.371777
2607,13.197412
2608,13.433369
2609,13.445087
2610,13.130919
2611,13.513386
2612,13.357995
2613,13.117387
2614,13.482947
2615,13.291049
2616,13.226961
2617,13.426978
2618,13.467099
2619,13.104777
2620,13.523356
2621,13.301678
2622,13.188146
2623,13.407272
2624,13.344829
2625,13.331439
2626,13.366564
2627,13.306654
2628,13.224662
2629,13.583721
2630,13.206219
2631,13.212559
2632,13.441958
2633,13.327845
2634,13.226194
2635,13.427223
2636,13.323614
2637,13.254634
2638,13.465436
2639,13.289534
2640,13.266320
2641,13.774603
2642,12.959370
2643,13.275170
2644,13.534667
2645,13.425296
2646,13.001985
2647,13.463001
2648,13.337570
2649,13.197005
2650,13.474571
2651,13.327979
2652,13.204551
2653,13.465291
2654,13.281715
2655,13.253197
2656,13.469353
2657,13.318406
2658,13.211674
2659,13.426213
2660,13.338657
2661,13.231096
2662,13.447244
2663,13.332192
2664,13.234126
2665,13.479320
2666,13.279064
2667,13.234512
2668,13.579685
2669,13.286607
2670,13.146316
2671,13.422889
2672,13.417297
2673,13.146997
2674,13.468103
2675,13.293642
2676,13.237214
2677,13.429837
2678,13.733087
2679,12.838573
2680,13.521968
2681,13.230364
2682,13.274788
2683,13.412442
2684,13.400954
2685,13.161109
2686,13.494906
2687,13.280006
2688,13.233630
2689,13.474061
2690,13.450360
2691,13.118091
2692,13.411124
2693,13.314450
2694,13.223456
2695,13.476106
2696,13.315354
2697,13.208646
2698,13.554618
2699,13.262721
2700,13.217743
2701,13.422468
2702,13.328685
2703,13.230219
2704,13.418217
2705,13.324125
2706,13.239802
2707,13.446681
2708,13.386081
2709,13.178380
2710,13.470167
2711,13.306670
2712,13.240157
2713,13.528438
2714,13.227268
2715,13.220717
2716,13.447157
2717,13.309033
2718,13.250498
2719,13.455640
2720,13.288390
2721,13.230647
2722,13.666781
2723,14.055462
2724,13.671052
2725,13.694231
2726,13.551090
2727,13.489680
2728,14.680521
2729,13.682480
2730,13.597999
2731,13.238077
2732,15.473521
2733,13.343862
2734,13.240288
2735,13.876494
2736,13.162836
2737,13.194561
2738,13.393733
2739,13.339336
2740,13.264156
2741,13.479814
2742,13.369581
2743,13.200576
2744,13.415953
2745,13.364209
2746,13.212770
2747,13.436257
2748,13.396147
2749,13.330410
2750,13.456080
2751,13.378068
2752,13.241217
2753,13.491550
2754,13.266222
2755,13.532996
2756,13.495861
2757,13.723534
2758,13.101581
2759,13.445068
2760,13.660237
2761,13.239977
2762,13.457962
2763,13.320147
2764,13.235241
2765,13.559700
2766,13.778313
2767,13.221637
2768,13.555575
2769,13.759317
2770,13.219249
2771,13.439489
2772,13.320891
2773,13.246008
2774,13.629604
2775,13.184850
2776,13.196718
2777,13.447163
2778,13.360260
2779,13.213358
2780,13.593715
2781,13.239908
2782,13.169313
2783,13.508360
2784,13.358934
2785,13.121301
2786,13.465760
2787,13.345010
2788,13.199709
2789,13.632599
2790,13.316772
2791,13.098863
2792,13.567551
2793,13.316131
2794,13.114452
2795,13.597466
2796,13.448814
2797,13.138386
2798,13.395873
2799,13.194701
2800,13.206561
2801,13.565271
2802,13.251825
2803,13.274785
2804,13.495693
2805,13.210504
2806,13.257193
2807,13.348127
2808,13.334022
2809,13.332649
2810,13.409546
2811,13.385049
2812,13.186721
2813,13.394596
2814,13.325241
2815,13.199625
2816,13.445977
2817,13.452758
2818,13.151362
2819,13.429483
2820,13.296605
2821,13.238349
2822,13.412814
2823,13.416122
2824,13.161467
2825,13.452014
2826,13.297717
2827,13.252700
2828,13.415698
2829,13.390666
2830,13.194366
2831,13.646596
2832,13.176873
2833,13.182601
2834,13.447846
2835,13.267699
2836,13.260731
2837,13.457673
2838,15.983040
2839,14.868231
2840,16.693431
2841,18.249163
2842,17.411070
2843,15.840751
2844,17.310294
2845,17.089857
2846,16.024253
2847,13.593687
2848,14.460630
2849,17.964290
2850,13.349213
2851,19.281325
2852,15.980598
2853,15.574423
2854,16.857597
2855,16.969565
2856,18.405865
2857,18.409393
2858,20.489088
2859,19.037524
2860,20.720919
2861,15.005880
2862,21.177509
2863,14.514330
2864,16.090443
2865,19.348431
2866,17.758814
2867,16.912681
2868,17.131458
2869,18.568978
2870,16.850090
2871,19.820748
2872,19.540345
2873,16.162222
2874,19.415927
2875,15.119517
2876,17.938328
2877,18.306470
2878,17.589954
2879,17.105074
2880,18.229150
2881,17.918254
2882,16.028016
2883,15.958513
2884,18.294351
2885,16.789034
2886,16.926246
2887,13.811396
2888,16.520333
2889,18.795855
2890,13.327844
2891,18.701190
2892,17.741093
2893,19.208976
2894,14.277484
2895,14.592734
2896,19.125774
2897,15.820688
2898,16.685596
2899,16.782982
2900,16.876203
2901,19.473823
2902,13.239210
2903,13.947821
2904,15.618193
2905,16.510302
2906,18.429278
2907,14.010101
2908,13.457667
2909,17.101293
2910,14.865741
2911,19.180815
2912,15.556316
2913,13.290202
2914,17.328407
2915,17.470248
2916,15.299484
2917,19.183800
2918,13.300534
2919,14.138665
2920,17.165783
2921,17.029103
2922,17.898127
2923,13.188182
2924,16.898554
2925,17.617847
2926,15.137870
2927,18.495338
2928,13.438672
2929,16.628369
2930,18.148152
2931,13.959880
2932,17.791407
2933,18.682487
2934,13.339718
2935,16.200807
2936,15.917302
2937,17.743703
2938,15.990994
2939,16.078709
2940,16.613180
2941,13.764125
2942,17.062035
2943,14.600428
2944,14.629641
2945,18.449162
2946,16.445215
2947,13.831574
2948,18.652922
2949,13.880144
2950,13.811271
2951,19.755611
2952,15.908951
2953,16.579797
2954,14.991073
2955,16.167153
2956,15.018502
2957,14.772821
2958,13.617301
2959,15.601091
2960,14.792319
2961,18.134127
2962,16.203683
2963,12.956118
2964,14.796818
2965,14.637239
2966,13.451443
2967,14.953209
2968,16.324133
2969,16.003749
2970,16.211037
2971,13.072179
2972,15.762567
2973,14.859486
2974,14.952483
2975,17.841327
2976,15.457224
2977,13.664649
2978,17.103447
2979,14.403489
2980,14.260473
2981,14.726948
2982,15.883742
2983,17.711803
2984,14.884656
2985,13.539678
2986,13.995189
2987,13.039367
2988,18.275629
2989,13.402282
2990,14.909487
2991,14.283299
2992,13.782543
2993,14.976074
2994,12.892056
2995,15.800719
2996,14.885028
2997,15.762992
2998,14.820328
2999,14.283770
3000,16.532159
3001,13.304403
3002,12.902303
3003,13.773734
3004,14.299407
3005,13.915246
3006,15.665114
3007,15.355658
3008,16.799443
3009,13.518858
3010,13.634595
3011,14.208960
3012,13.940188
3013,12.961960
3014,14.736454
3015,13.511179
3016,13.192847
3017,15.367749
3018,14.058555
3019,12.611294
3020,16.437124
3021,16.521916
3022,15.246405
3023,13.065215
3024,15.418743
3025,13.989569
3026,13.321080
3027,13.153175
3028,13.802448
3029,13.185631
3030,15.307668
3031,13.658609
3032,13.333593
3033,13.083222
3034,13.594501
3035,13.288658
3036,13.118900
3037,13.698162
3038,14.867509
3039,12.959612
3040,13.552160
3041,13.446245
3042,13.062342
3043,13.582792
3044,13.385493
3045,13.017300
3046,15.009749
3047,12.368399
3048,13.214679
3049,13.553556
3050,13.334590
3051,13.129471
3052,13.630413
3053,13.223454
3054,13.018672
3055,13.643809
3056,13.182039
3057,13.168561
3058,13.566005
3059,13.247260
3060,13.201619
3061,13.467622
3062,13.328983
3063,13.176956
3064,13.412452
3065,13.371859
3066,13.212401
3067,13.425807
3068,13.386533
3069,13.180958
3070,13.468839
3071,13.328245
3072,13.224103
3073,13.476379
3074,13.291749
3075,13.223940
3076,13.499782
3077,13.273542
3078,13.209271
3079,13.507202
3080,13.262427
3081,13.262252
3082,13.483321
3083,13.287925
3084,13.224894
3085,13.503125
3086,13.261675
3087,13.265938
3088,13.473028
3089,13.300001
3090,13.201496
3091,13.449972
3092,13.324294
3093,13.211531
3094,13.418867
3095,13.434408
3096,13.204517
3097,13.394392
3098,13.335493
3099,13.219250
3100,14.359940
3101,13.010217
3102,12.841468
3103,13.736874
3104,13.106585
3105,13.174877
3106,13.490656
3107,13.926424
3108,12.588547
3109,13.488213
3110,13.274255
3111,13.231757
3112,13.447864
3113,13.307040
3114,13.239424
3115,13.507411
3116,13.300493
3117,13.232078
3118,13.393365
3119,13.348915
3120,13.207500
3121,13.460499
3122,13.335042
3123,13.217983
3124,13.446664
3125,13.423619
3126,13.125947
3127,13.545648
3128,13.227548
3129,13.224888
3130,13.819074
3131,13.012855
3132,13.167045
3133,14.153369
3134,12.643374
3135,13.199315
3136,13.448704
3137,13.331471
3138,13.225835
3139,13.440182
3140,13.344860
3141,13.222829
3142,13.437999
3143,13.596396
3144,12.993202
3145,13.418784
3146,13.323452
3147,13.223375
3148,13.960277
3149,12.792833
3150,13.243899
3151,13.404924
3152,13.311951
3153,13.289313
3154,13.521624
3155,13.215115
3156,13.256161
3157,13.447779
3158,13.325803
3159,13.210636
3160,13.496017
3161,13.315432
3162,13.200319
3163,13.430471
3164,13.383980
3165,13.189051
3166,13.442731
3167,13.356676
3168,13.224698
3169,13.473654
3170,13.373240
3171,13.216709
3172,13.501282
3173,13.152256
3174,13.258203
3175,13.547202
3176,13.259735
3177,13.177198
3178,13.470683
3179,13.326130
3180,13.213872
3181,13.449113
3182,13.406437
3183,13.157551
3184,13.433970
3185,13.394447
3186,13.163623
3187,13.980174
3188,12.801472
3189,13.303177
3190,13.362835
3191,13.357387
3192,13.198536
3193,13.501906
3194,13.314448
3195,13.182409
3196,13.479166
3197,13.359883
3198,13.227472
3199,13.382415
3200,13.655828
3201,12.934012
3202,13.423169
3203,13.308518
3204,13.241837
3205,13.459585
3206,13.272105
3207,13.256976
3208,13.473370
3209,13.291637
3210,13.296692
3211,13.411355
3212,13.665375
3213,12.895997
3214,13.496189
3215,13.547127
3216,12.934707
3217,13.564807
3218,13.748845
3219,12.672006
3220,13.739871
3221,13.047275
3222,13.260096
3223,13.460436
3224,13.269828
3225,13.243098
3226,13.988801
3227,12.886584
3228,13.277857
3229,13.798347
3230,13.284458
3231,12.849430
3232,13.494762
3233,13.293273
3234,13.241590
3235,13.465261
3236,13.316527
3237,13.274638
3238,13.337316
3239,13.388103
3240,13.269694
3241,13.402086
3242,13.332253
3243,13.184323
3244,13.465988
3245,13.378333
3246,13.148056
3247,13.590912
3248,13.278963
3249,13.178253
3250,13.691010
3251,13.365517
3252,13.286971
3253,13.234320
3254,13.520344
3255,13.403605
3256,13.152504
3257,13.454318
3258,13.409279
3259,13.101489
3260,13.432402
3261,13.321302
3262,13.230872
3263,13.493921
3264,13.309640
3265,13.197300
3266,13.487555
3267,13.307446
3268,13.307934
3269,13.380238
3270,13.413138
3271,13.149105
3272,13.444050
3273,13.333073
3274,13.256923
3275,13.416564
3276,13.377360
3277,13.212775
3278,13.427720
3279,13.663117
3280,12.827746
3281,13.545833
3282,13.335910
3283,13.174758
3284,13.487179
3285,13.314264
3286,13.173219
3287,13.428122
3288,13.453627
3289,13.120609
3290,13.493236
3291,13.393259
3292,13.174655
3293,13.406469
3294,13.350662
3295,13.186091
3296,13.520650
3297,13.335679
3298,13.162323
3299,13.438524
3300,13.473939
3301,13.100001
3302,13.452666
3303,13.647932
3304,12.903963
3305,13.406986
3306,13.427796
3307,13.150274
3308,13.474524
3309,13.348356
3310,13.251033
3311,13.381545
3312,13.307349
3313,13.258767
3314,13.555941
3315,13.254688
3316,13.156306
3317,13.469577
3318,13.318172
3319,13.272797
3320,13.435208
3321,13.395952
3322,13.205273
3323,13.461955
3324,13.336612
3325,13.176562
3326,13.404173
3327,13.641384
3328,12.962122
3329,13.494931
3330,13.607607
3331,12.907107
3332,13.487757
3333,13.382875
3334,13.114797
3335,13.492245
3336,13.483282
3337,13.082716
3338,13.777641
3339,12.938645
3340,13.257511
3341,13.536906
3342,13.268155
3343,13.178273
3344,13.463265
3345,13.453387
3346,13.098430
3347,13.442628
3348,13.343685
3349,13.208502
3350,13.602344
3351,13.314369
3352,13.073829
3353,13.444127
3354,13.402804
3355,13.151843
3356,13.753117
3357,13.142969
3358,13.105106
3359,13.443904
3360,13.528476
3361,13.107040
3362,13.625416
3363,13.277697
3364,13.139541
3365,13.615890
3366,13.171765
3367,13.206538
3368,13.417034
3369,13.326810
3370,13.233518
3371,13.528722
3372,13.276992
3373,13.200561
3374,13.451772
3375,13.544694
3376,13.041051
3377,13.423640
3378,13.345072
3379,13.205506
3380,13.443885
3381,13.355060
3382,13.218761
3383,13.472397
3384,13.274454
3385,13.223297
3386,13.464548
3387,13.353931
3388,13.212494
3389,13.457352
3390,13.423426
3391,13.149684
3392,13.492214
3393,14.216645
3394,12.264281
3395,14.734202
3396,12.032552
3397,13.234549
3398,13.441058
3399,13.330841
3400,13.285575
3401,13.394656
3402,13.344307
3403,13.200874
3404,13.507104
3405,13.355803
3406,13.144103
3407,13.746697
3408,13.038918
3409,13.260012
3410,13.497083
3411,13.274792
3412,13.198425
3413,13.525234
3414,13.305839
3415,13.164784
3416,13.456111
3417,13.428433
3418,13.173032
3419,13.414565
3420,13.295663
3421,13.234605
3422,13.775974
3423,12.987807
3424,13.276747
3425,13.461661
3426,13.345733
3427,13.192046
3428,13.499310
3429,13.261601
3430,13.225144
3431,13.427589
3432,13.323822
3433,13.242938
3434,13.428356
3435,13.329304
3436,13.241365
3437,13.425671
3438,13.397414
3439,13.179459
3440,13.445477
3441,13.366040
3442,13.211072
3443,13.420307
3444,13.349766
3445,13.215419
3446,13.659915
3447,13.105039
3448,13.240383
3449,13.441458
3450,13.417950
3451,13.131698
3452,13.486242
3453,13.250079
3454,13.264068
3455,13.630015
3456,13.147824
3457,13.208567
3458,13.438936
3459,13.354209
3460,13.207257
3461,13.437153
3462,13.335110
3463,13.231869
3464,13.459890
3465,13.576350
3466,12.965362
3467,13.475983
3468,13.478564
3469,13.056249
3470,13.459003
3471,13.601520
3472,12.948333
3473,13.560660
3474,13.282680
3475,13.154316
3476,13.456583
3477,13.326078
3478,13.216768
3479,13.426813
3480,13.325906
3481,13.293920
3482,13.382872
3483,13.346980
3484,13.291505
3485,13.384825
3486,13.345261
3487,13.215536
3488,13.443856
3489,13.343526
3490,13.212073
3491,13.446583
3492,13.347451
3493,13.207877
3494,13.420508
3495,13.364977
3496,13.213413
3497,13.447760
3498,13.318506
3499,13.230566
3500,13.440952
3501,13.313854
3502,13.255254
3503,13.411932
3504,13.328898
3505,13.242903
3506,13.417452
3507,13.328256
3508,13.238814
3509,13.422720
3510,13.320712
3511,13.270652
3512,13.527605
3513,13.624098
3514,12.859245
3515,13.499167
3516,13.316147
3517,13.226710
3518,13.722915
3519,13.078263
3520,13.146573
3521,13.518832
3522,13.355819
3523,13.115700
3524,13.447325
3525,13.364739
3526,13.200903
3527,13.446976
3528,13.319212
3529,13.232500
3530,13.447666
3531,13.357298
3532,13.193659
3533,13.493334
3534,13.261146
3535,13.245986
3536,13.425857
3537,13.412701
3538,13.161524
3539,13.469946
3540,13.353894
3541,13.232271
3542,13.378167
3543,13.354970
3544,13.223939
3545,13.508024
3546,13.271618
3547,13.216729
3548,13.533597
3549,13.432102
3550,13.037594
3551,13.487672
3552,13.303755
3553,13.213007
3554,13.428184
3555,13.333154
3556,13.236046
3557,13.416819
3558,13.361148
3559,13.211078
3560,13.470639
3561,13.303940
3562,13.254581
3563,13.445819
3564,13.301870
3565,13.251359
3566,13.418925
3567,13.344263
3568,13.247598
3569,13.434479
3570,13.299317
3571,13.258910
3572,13.423180
3573,13.325228
3574,13.252300
3575,13.435583
3576,13.320596
3577,13.248176
3578,13.467086
3579,13.324551
3580,13.216119
3581,13.442046
3582,13.319602
3583,13.292221
3584,13.357610
3585,13.370818
3586,13.213004
3587,13.452840
3588,13.320061
3589,13.215586
3590,13.561938
3591,13.387356
3592,13.099180
3593,13.436341
3594,13.423897
3595,13.087006
3596,13.471350
3597,13.311083
3598,13.244723
3599,13.440303
3600,13.318863
3601,13.237460
3602,13.463579
3603,13.426145
3604,13.119488
3605,13.620711
3606,13.183261
3607,13.189991
3608,13.471878
3609,13.352192
3610,13.179956
3611,13.467654
3612,13.356012
3613,13.172610
3614,13.454221
3615,13.352043
3616,13.187555
3617,13.459955
3618,13.381091
3619,13.517718
3620,13.258761
3621,13.346488
3622,13.169883
3623,13.494267
3624,13.284071
3625,13.380640
3626,13.316080
3627,13.420186
3628,13.097944
3629,13.474057
3630,13.342374
3631,13.231977
3632,13.454604
3633,13.319923
3634,13.166314
3635,13.657763
3636,13.161006
3637,13.158431
3638,13.626289
3639,13.180677
3640,13.314230
3641,13.380438
3642,13.374101
3643,13.228025
3644,13.479210
3645,13.470390
3646,13.017919
3647,13.454716
3648,13.411783
3649,13.139378
3650,13.438462
3651,13.361437
3652,13.231633
3653,13.468283
3654,13.294088
3655,13.210553
3656,13.603486
3657,13.304377
3658,13.124532
3659,13.612241
3660,13.146300
3661,13.211681
3662,13.437517
3663,13.427779
3664,13.201971
3665,13.432734
3666,13.377176
3667,13.181732
3668,13.601499
3669,13.331737
3670,13.129053
3671,13.373657
3672,13.438052
3673,13.165127
3674,13.556595
3675,13.306576
3676,13.073950
3677,13.605163
3678,13.223162
3679,13.231458
3680,13.492107
3681,13.299390
3682,13.181550
3683,13.618762
3684,13.328850
3685,13.056883
3686,13.450117
3687,13.410998
3688,13.309625
3689,13.307019
3690,13.312035
3691,13.226112
3692,13.576960
3693,13.278946
3694,13.144453
3695,13.390802
3696,13.382384
3697,13.198753
3698,13.509573
3699,13.333381
3700,13.219074
3701,13.411950
3702,13.361045
3703,13.169379
3704,13.459543
3705,13.346004
3706,13.185256
3707,13.453465
3708,13.471457
3709,13.069481
3710,13.504874
3711,13.296735
3712,13.263874
3713,13.401913
3714,13.358246
3715,13.233959
3716,13.551021
3717,13.260226
3718,13.162449
3719,13.528762
3720,13.215279
3721,13.247968
3722,13.415338
3723,13.323935
3724,13.248115
3725,13.554567
3726,13.254159
3727,13.233516
3728,13.448057
3729,13.370884
3730,13.179302
3731,13.483058
3732,13.255800
3733,13.267220
3734,13.511362
3735,13.309323
3736,13.179783
3737,13.452685
3738,13.422307
3739,13.132400
3740,13.512961
3741,13.408555
3742,13.091797
3743,13.487724
3744,13.378192
3745,13.163513
3746,13.425984
3747,13.412831
3748,13.296319
3749,13.741640
3750,13.304393
3751,12.909369
3752,13.419929
3753,13.327102
3754,13.318814
3755,13.448770
3756,13.324868
3757,13.146984
3758,13.765150
3759,13.504712
3760,12.809452
3761,13.633604
3762,13.264961
3763,13.092154
3764,13.483971
3765,13.398758
3766,13.111908
3767,13.495592
3768,13.379559
3769,13.388830
3770,13.467134
3771,13.379663
3772,13.193842
3773,13.619210
3774,13.123873
3775,13.317635
3776,13.383358
3777,13.323440
3778,13.207781
3779,13.559803
3780,13.211657
3781,13.267978
3782,13.430612
3783,13.360296
3784,13.193086
3785,13.483093
3786,13.311613
3787,13.312317
3788,13.452734
3789,13.221664
3790,13.197095
3791,13.586191
3792,13.191861
3793,13.310505
3794,13.473065
3795,13.233504
3796,13.217692
3797,13.441453
3798,13.317706
3799,13.273188
3800,13.443517
3801,13.335047
3802,13.183642
3803,13.465285
3804,13.410050
3805,13.183956
3806,13.450292
3807,13.340460
3808,13.227301
3809,13.470884
3810,13.509015
3811,13.074326
3812,13.542478
3813,13.265216
3814,13.251457
3815,13.423466
3816,13.328942
3817,13.171042
3818,13.645361
3819,13.524868
3820,12.846845
3821,13.496551
3822,13.297459
3823,13.206591
3824,13.453041
3825,13.376864
3826,13.186401
3827,13.451225
3828,13.319376
3829,13.292373
3830,13.543386
3831,13.666018
3832,12.701483
3833,13.836151
3834,13.139370
3835,13.018495
3836,13.576065
3837,13.206982
3838,13.411491
3839,13.285529
3840,13.358050
3841,13.198227
3842,13.549663
3843,13.278764
3844,13.134372
3845,13.537944
3846,13.281448
3847,13.203420
3848,13.462125
3849,13.332292
3850,13.207424
3851,13.453388
3852,13.355855
3853,13.215023
3854,13.441605
3855,13.327429
3856,13.196032
3857,13.540497
3858,13.264782
3859,13.201184
3860,13.484546
3861,13.320873
3862,13.319947
3863,13.339759
3864,13.325719
3865,13.191339
3866,13.501562
3867,13.353772
3868,13.165043
3869,13.492667
3870,13.316871
3871,13.197417
3872,13.484550
3873,13.310571
3874,13.194832
3875,13.485348
3876,13.300792
3877,13.204385
3878,13.618336
3879,13.173675
3880,13.205859
3881,13.630371
3882,13.137998
3883,13.240822
3884,13.445179
3885,13.342913
3886,13.280969
3887,13.384821
3888,13.368171
3889,13.213309
3890,13.427762
3891,13.653016
3892,12.920139
3893,14.066054
3894,12.798830
3895,13.212697
3896,13.726044
3897,13.070075
3898,13.140185
3899,13.589788
3900,13.219663
3901,13.212974
3902,13.429579
3903,13.359697
3904,13.151644
3905,13.836331
3906,13.564623
3907,12.592552
3908,13.698241
3909,13.096038
3910,13.221526
3911,13.887897
3912,12.896720
3913,13.355418
3914,13.394370
3915,13.286119
3916,13.211026
3917,13.464904
3918,13.296755
3919,13.226757
3920,13.542607
3921,13.373260
3922,13.087470
3923,13.428784
3924,13.417807
3925,13.167579
3926,13.426951
3927,13.361486
3928,13.221637
3929,13.437877
3930,13.342219
3931,13.198233
3932,13.449777
3933,13.368415
3934,13.158176
3935,13.553357
3936,13.272437
3937,13.216144
3938,13.498268
3939,13.329832
3940,13.137732
3941,13.507596
3942,13.273770
3943,13.283215
3944,13.430991
3945,13.335564
3946,13.310655
3947,13.314319
3948,13.348594
3949,13.213065
3950,13.437727
3951,13.379559
3952,13.177519
3953,13.519717
3954,13.435348
3955,13.041222
3956,13.496043
3957,13.279201
3958,13.272952
3959,13.504185
3960,13.212747
3961,13.219449
3962,13.490693
3963,13.447476
3964,13.049596
3965,13.468642
3966,14.033743
3967,12.530122
3968,13.446554
3969,14.007753
3970,12.532400
3971,13.538784
3972,13.340333
3973,13.219205
3974,13.421602
3975,13.260092
3976,13.223225
3977,13.457540
3978,13.406021
3979,13.141972
3980,13.447503
3981,13.420749
3982,13.126546
3983,13.456710
3984,13.295294
3985,13.262078
3986,13.630706
3987,13.287073
3988,13.071983
3989,13.444029
3990,13.338212
3991,13.243344
3992,13.451939
3993,13.385072
3994,13.132537
3995,13.434470
3996,13.437348
3997,13.134046
3998,13.561093
3999,13.301117
4000,13.178225
4001,13.370241
4002,13.675357
4003,12.897045
4004,14.000656
4005,12.802498
4006,13.281987
4007,13.405953
4008,13.269044
4009,13.244513
4010,13.471224
4011,13.314276
4012,13.211867
4013,13.470610
4014,13.326286
4015,13.285341
4016,13.471421
4017,13.420768
4018,13.080137
4019,13.497047
4020,13.430097
4021,13.074430
4022,13.428136
4023,13.296096
4024,13.224696
4025,13.517196
4026,13.344188
4027,13.132987
4028,13.514103
4029,13.312566
4030,13.180157
4031,13.509820
4032,13.344321
4033,13.143436
4034,13.485978
4035,13.892970
4036,12.632008
4037,13.588140
4038,13.242115
4039,13.169126
4040,13.466802
4041,13.422654
4042,13.182102
4043,13.624137
4044,13.223248
4045,13.302202
4046,13.337038
4047,13.332339
4048,13.217470
4049,13.421358
4050,13.377402
4051,13.227716
4052,13.389054
4053,13.627267
4054,12.934389
4055,13.720608
4056,13.114295
4057,13.184594
4058,14.723036
4059,12.108457
4060,13.158922
4061,13.443885
4062,13.412076
4063,13.179738
4064,13.421997
4065,13.352730
4066,13.220488
4067,13.497772
4068,13.270417
4069,13.246293
4070,13.393600
4071,13.608721
4072,12.952402
4073,13.550081
4074,13.360314
4075,13.161265
4076,13.442304
4077,13.412410
4078,13.063943
4079,13.433615
4080,13.342968
4081,13.239172
4082,13.454075
4083,13.672059
4084,12.871183
4085,13.615649
4086,13.184441
4087,13.203624
4088,13.781088
4089,13.039993
4090,13.182906
4091,13.444582
4092,13.649488
4093,12.905048
4094,13.462575
4095,13.388078
4096,13.153520
4097,13.467556
4098,13.357087
4099,13.166715
4100,13.467427
4101,13.409085
4102,13.185898
4103,14.148319
4104,12.583894
4105,13.233140
4106,14.344916
4107,12.423803
4108,13.209916
4109,13.486801
4110,13.270235
4111,13.277453
4112,13.601538
4113,13.209612
4114,13.199362
4115,13.551882
4116,13.289688
4117,13.172914
4118,13.606220
4119,13.396201
4120,13.079171
4121,13.346907
4122,13.346859
4123,13.183115
4124,13.466302
4125,13.328533
4126,13.193870
4127,13.545803
4128,13.252252
4129,13.213791
4130,13.418683
4131,13.446107
4132,13.120983
4133,13.538555
4134,13.218257
4135,13.265439
4136,13.424452
4137,13.295969
4138,13.241496
4139,13.518700
4140,13.228115
4141,13.291097
4142,13.397950
4143,13.373197
4144,13.185441
4145,13.466320
4146,13.332267
4147,13.204257
4148,13.471268
4149,13.325804
4150,13.200398
4151,13.461269
4152,13.337822
4153,13.212055
4154,13.444274
4155,13.320483
4156,13.233507
4157,13.437996
4158,13.314524
4159,13.274147
4160,13.404258
4161,13.349180
4162,13.213445
4163,13.439074
4164,13.324647
4165,13.238444
4166,13.504331
4167,13.236260
4168,13.352242
4169,13.359987
4170,13.331682
4171,13.229290
4172,13.491076
4173,13.287368
4174,13.247080
4175,13.494328
4176,13.398788
4177,13.095198
4178,13.453167
4179,13.317101
4180,13.264263
4181,13.408107
4182,13.447363
4183,13.186164
4184,13.361258
4185,13.338016
4186,13.227647
4187,13.439216
4188,13.335556
4189,13.228617
4190,13.464072
4191,13.396238
4192,13.225106
4193,13.458316
4194,13.307176
4195,13.215799
4196,13.444102
4197,13.648586
4198,12.917507
4199,13.438673
4200,13.337967
4201,13.224932
4202,13.446927
4203,13.377921
4204,13.189043
4205,13.759181
4206,13.119725
4207,13.231584
4208,13.539725
4209,13.219175
4210,13.253615
4211,13.439739
4212,13.322573
4213,13.194893
4214,13.792855
4215,12.963107
4216,13.274481
4217,13.434707
4218,13.417111
4219,13.131455
4220,13.433741
4221,13.347193
4222,13.205869
4223,13.466459
4224,13.327274
4225,13.210330
4226,13.453520
4227,13.336952
4228,13.207191
4229,13.454711
4230,13.384685
4231,13.161008
4232,13.467140
4233,13.455978
4234,13.087422
4235,13.453613
4236,13.363190
4237,13.239781
4238,13.501366
4239,13.232345
4240,13.205182
4241,13.487798
4242,13.268281
4243,13.254286
4244,13.589508
4245,13.332913
4246,13.176118
4247,13.384533
4248,13.304651
4249,13.308660
4250,13.689316
4251,13.017356
4252,13.302890
4253,13.433028
4254,13.280589
4255,13.212282
4256,13.407310
4257,13.516912
4258,13.105552
4259,13.559169
4260,13.163006
4261,13.210046
4262,13.448342
4263,13.347406
4264,13.255201
4265,13.785727
4266,13.107435
4267,13.064945
4268,13.708962
4269,13.238453
4270,13.036462
4271,13.461397
4272,13.338202
4273,13.224169
4274,13.400269
4275,13.374566
4276,13.344264
4277,13.329677
4278,13.270012
4279,13.293331
4280,13.479423
4281,13.339961
4282,13.281886
4283,13.324337
4284,13.354082
4285,13.204665
4286,13.563230
4287,13.353427
4288,13.083513
4289,13.510306
4290,13.355069
4291,13.154283
4292,13.475156
4293,13.487197
4294,13.005823
4295,13.576812
4296,13.364040
4297,13.192850
4298,13.468151
4299,13.250635
4300,13.157574
4301,13.512727
4302,13.393507
4303,13.223922
4304,13.393725
4305,13.405220
4306,13.084575
4307,13.602607
4308,13.287797
4309,13.094956
4310,13.820866
4311,13.084945
4312,13.211149
4313,13.341099
4314,13.388350
4315,13.146121
4316,13.421303
4317,13.341847
4318,13.248435
4319,13.518826
4320,13.358269
4321,13.235941
4322,13.412484
4323,13.348615
4324,13.165972
4325,13.404626
4326,13.288272
4327,13.263940
4328,13.442042
4329,13.306570
4330,13.279915
4331,13.406678
4332,13.437582
4333,13.294966
4334,13.257231
4335,13.329565
4336,13.279367
4337,13.513505
4338,13.349389
4339,13.253885
4340,13.474367
4341,13.226566
4342,13.240252
4343,13.479802
4344,13.246487
4345,13.269424
4346,13.568370
4347,13.168177
4348,13.207713
4349,13.506816
4350,13.323558
4351,13.274144
4352,13.476511
4353,13.292135
4354,13.233306
4355,13.479758
4356,13.327594
4357,13.251063
4358,13.386274
4359,13.862013
4360,12.686955
4361,14.022629
4362,12.779926
4363,13.205838
4364,13.475091
4365,13.297008
4366,13.236837
4367,13.465559
4368,13.423320
4369,13.119671
4370,13.409653
4371,13.485243
4372,13.131407
4373,13.504203
4374,13.336735
4375,13.099202
4376,13.530138
4377,13.277531
4378,13.222588
4379,13.560795
4380,13.252562
4381,13.159414
4382,13.470849
4383,13.704568
4384,12.828131
4385,13.457353
4386,13.370743
4387,13.162664
4388,13.596311
4389,13.183379
4390,13.239902
4391,13.860112
4392,12.980323
4393,13.144282
4394,13.513929
4395,13.270164
4396,13.356027
4397,13.345436
4398,13.289189
4399,13.252790
4400,13.591333
4401,13.758499
4402,12.742026
4403,13.367621
4404,13.351076
4405,13.204197
4406,13.436285
4407,13.314761
4408,13.260859
4409,13.390070
4410,13.450010
4411,13.117210
4412,13.441217
4413,13.455231
4414,13.124976
4415,13.420240
4416,13.427714
4417,13.198216
4418,13.369880
4419,13.373461
4420,13.201504
4421,13.408883
4422,13.335494
4423,13.282533
4424,13.479829
4425,13.273976
4426,13.273188
4427,13.407963
4428,13.344649
4429,13.189468
4430,13.438086
4431,13.324916
4432,13.231726
4433,13.447123
4434,13.481534
4435,13.081899
4436,13.469163
4437,13.467155
4438,13.070033
4439,13.475126
4440,13.332217
4441,13.190442
4442,13.440857
4443,13.400287
4444,13.160079
4445,13.419009
4446,13.438197
4447,13.127852
4448,13.417251
4449,13.329886
4450,13.249684
4451,13.424339
4452,13.355863
4453,13.291979
4454,13.520680
4455,13.201042
4456,13.211676
4457,13.446660
4458,13.344768
4459,13.209375
4460,13.463381
4461,13.348172
4462,13.195352
4463,13.439155
4464,13.345043
4465,13.209350
4466,13.454277
4467,13.306034
4468,13.241872
4469,13.410050
4470,13.327790
4471,13.249030
4472,13.421658
4473,13.318410
4474,13.276574
4475,13.481612
4476,13.326482
4477,13.197982
4478,13.415130
4479,13.339912
4480,13.234305
4481,13.556686
4482,13.245818
4483,13.225905
4484,13.511494
4485,13.287626
4486,13.185119
4487,13.451643
4488,13.350722
4489,13.205250
4490,13.469436
4491,13.481286
4492,13.076458
4493,13.524518
4494,13.167656
4495,13.312743
4496,13.373991
4497,13.317354
4498,13.268460
4499,13.410358
4500,13.317478
4501,13.278751
4502,13.425714
4503,13.414879
4504,13.148674
4505,13.402115
4506,13.338625
4507,13.370519
4508,13.356267
4509,13.421301
4510,13.164467
4511,13.553986
4512,13.223619
4513,13.208700
4514,13.506673
4515,13.289447
4516,13.253786
4517,13.336264
4518,13.379439
4519,13.196927
4520,13.430825
4521,13.331323
4522,13.218858
4523,13.431798
4524,13.365529
4525,13.208807
4526,13.483714
4527,13.336144
4528,13.185159
4529,13.550640
4530,13.261953
4531,13.181032
4532,13.419027
4533,13.337042
4534,13.264057
4535,13.516144
4536,13.230531
4537,13.282209
4538,13.449540
4539,13.250725
4540,13.354798
4541,13.420214
4542,13.225772
4543,13.300784
4544,13.371603
4545,13.371418
4546,13.279198
4547,13.373848
4548,13.339477
4549,13.241366
4550,13.491940
4551,13.369922
4552,13.128151
4553,13.404751
4554,13.384818
4555,13.269311
4556,13.491013
4557,13.323185
4558,13.137583
4559,13.449727
4560,13.326994
4561,13.227248
4562,13.513049
4563,13.294999
4564,13.289371
4565,13.345867
4566,13.285863
4567,13.266661
4568,13.411044
4569,13.336431
4570,13.238294
4571,13.545774
4572,13.255460
4573,13.198372
4574,13.454567
4575,13.317890
4576,13.244948
4577,13.396343
4578,13.315928
4579,13.272144
4580,13.542795
4581,13.336641
4582,13.184638
4583,13.517543
4584,13.734034
4585,12.733291
4586,13.601472
4587,13.663318
4588,12.678246
4589,13.830151
4590,13.063038
4591,13.148273
4592,13.851523
4593,13.171491
4594,13.041511
4595,13.736517
4596,13.397555
4597,12.769648
4598,13.572092
4599,13.628792
4600,12.911783
4601,13.394416
4602,13.642559
4603,12.941660
4604,13.380784
4605,13.549544
4606,12.985511
4607,13.419119
4608,13.359260
4609,13.300030
4610,13.545305
4611,13.180297
4612,13.242314
4613,13.495043
4614,13.403662
4615,13.115615
4616,13.458927
4617,13.333775
4618,13.130825
4619,13.526028
4620,13.346307
4621,13.133839
4622,13.533016
4623,13.420592
4624,13.147862
4625,13.366255
4626,13.649158
4627,12.888663
4628,13.408990
4629,13.326452
4630,13.276161
4631,13.441720
4632,13.292875
4633,13.242231
4634,13.414387
4635,13.334575
4636,13.317807
4637,13.369557
4638,13.307897
4639,13.296912
4640,13.480070
4641,13.290871
4642,13.195101
4643,13.495993
4644,13.285439
4645,13.273244
4646,13.357714
4647,13.441377
4648,13.239681
4649,13.316870
4650,13.364853
4651,13.217816
4652,13.418391
4653,13.343298
4654,13.243884
4655,13.449404
4656,13.332913
4657,13.205758
4658,13.420556
4659,13.469216
4660,13.106553
4661,13.598057
4662,13.299254
4663,13.128402
4664,13.542980
4665,13.342275
4666,13.180767
4667,13.462254
4668,13.415575
4669,13.068434
4670,13.616447
4671,13.150089
4672,13.226633
4673,13.439545
4674,13.309866
4675,13.869016
4676,12.834296
4677,13.366600
4678,13.191879
4679,13.421428
4680,13.383543
4681,13.184107
4682,13.442082
4683,13.411418
4684,13.175964
4685,13.423908
4686,13.330143
4687,13.210557
4688,13.433162
4689,13.323718
4690,13.254524
4691,13.501262
4692,13.238343
4693,13.244403
4694,13.431223
4695,13.352704
4696,13.227038
4697,13.420003
4698,13.329428
4699,13.283369
4700,13.430798
4701,13.312531
4702,13.221748
4703,13.447624
4704,13.335798
4705,13.255736
4706,13.512237
4707,13.325021
4708,13.134120
4709,13.414659
4710,13.336117
4711,13.235324
4712,13.506769
4713,13.272077
4714,13.251671
4715,13.446672
4716,13.305416
4717,13.217368
4718,13.413828
4719,13.349713
4720,13.260249
4721,13.406221
4722,13.357032
4723,13.211436
4724,13.417348
4725,13.349160
4726,13.231240
4727,13.425328
4728,13.374601
4729,13.201767
4730,13.425336
4731,13.376048
4732,13.233573
4733,13.386284
4734,13.373181
4735,13.218876
4736,13.399101
4737,13.390249
4738,13.200811
4739,13.417878
4740,13.363186
4741,13.235562
4742,13.585702
4743,13.300936
4744,13.136181
4745,13.384130
4746,13.362730
4747,13.240878
4748,13.398163
4749,13.329366
4750,13.252181
4751,13.477795
4752,13.322058
4753,13.232738
4754,13.391412
4755,13.319288
4756,13.251009
4757,13.457267
4758,13.444401
4759,13.116502
4760,13.485268
4761,13.260363
4762,13.254489
4763,13.416843
4764,13.326557
4765,13.240937
4766,13.466238
4767,13.343160
4768,13.222204
4769,13.431659
4770,13.345157
4771,13.245263
4772,13.403258
4773,13.332694
4774,13.233162
4775,13.423085
4776,13.330643
4777,13.216087
4778,13.607424
4779,13.143858
4780,13.243840
4781,13.444719
4782,13.317119
4783,13.386240
4784,13.271138
4785,13.338888
4786,13.256741
4787,13.427830
4788,13.443895
4789,13.164192
4790,13.419880
4791,13.364864
4792,13.205322
4793,13.568762
4794,13.225585
4795,13.190504
4796,13.450725
4797,13.340386
4798,13.259716
4799,13.476421
4800,13.393714
4801,13.172061
4802,13.727894
4803,13.168171
4804,13.124165
4805,13.484890
4806,13.295060
4807,13.169178
4808,13.413756
4809,13.362254
4810,13.209048
4811,13.432432
4812,13.343026
4813,13.226465
4814,13.415418
4815,13.356317
4816,13.224736
4817,13.581640
4818,13.224851
4819,13.189624
4820,13.413154
4821,13.345233
4822,13.240464
4823,13.450726
4824,13.368488
4825,13.179145
4826,13.450006
4827,13.340265
4828,13.210781
4829,13.458039
4830,13.498762
4831,13.060344
4832,13.438099
4833,13.389010
4834,13.191445
4835,13.423675
4836,13.371652
4837,13.179510
4838,13.466024
4839,13.364257
4840,13.204718
4841,13.449386
4842,13.495214
4843,13.047614
4844,13.477581
4845,13.280122
4846,13.243262
4847,13.566767
4848,13.214970
4849,13.244496
4850,13.449936
4851,13.304543
4852,13.312665
4853,13.405682
4854,13.707468
4855,12.909496
4856,14.202905
4857,13.220030
4858,12.515449
4859,13.436044
4860,13.338881
4861,13.233431
4862,13.453189
4863,13.301365
4864,13.240172
4865,13.477797
4866,13.302302
4867,13.225770
4868,13.438929
4869,13.315619
4870,13.235789
4871,13.509647
4872,13.250870
4873,13.241027
4874,13.861776
4875,12.889256
4876,13.258102
4877,13.446455
4878,13.386680
4879,13.161995
4880,13.438386
4881,13.392487
4882,13.278470
4883,13.477040
4884,13.221968
4885,13.200813
4886,13.412684
4887,13.338643
4888,13.274469
4889,13.407700
4890,13.353502
4891,13.207031
4892,13.433074
4893,13.348244
4894,13.289521
4895,13.420844
4896,13.285244
4897,13.248615
4898,13.397677
4899,13.404158
4900,13.171092
4901,13.426381
4902,13.483830
4903,13.092345
4904,13.528820
4905,13.248410
4906,13.243994
4907,13.488481
4908,13.286785
4909,13.216375
4910,13.428961
4911,13.356141
4912,13.192826
4913,13.433855
4914,13.316709
4915,13.294046
4916,13.439729
4917,13.302503
4918,13.223609
4919,13.428657
4920,13.523758
4921,13.131055
4922,13.591217
4923,13.235038
4924,13.158476
4925,13.556789
4926,13.300474
4927,13.156300
4928,13.572636
4929,13.316334
4930,13.072221
4931,13.647531
4932,13.267270
4933,13.149257
4934,13.771347
4935,13.215216
4936,13.031158
4937,13.817583
4938,12.840084
4939,13.323259
4940,13.330633
4941,13.408070
4942,13.185191
4943,13.467699
4944,13.444957
4945,13.075177
4946,13.493016
4947,13.297755
4948,13.194828
4949,13.476938
4950,13.267009
4951,13.269997
4952,13.451644
4953,13.335541
4954,13.192661
4955,13.490366
4956,13.296251
4957,13.216736
4958,13.448665
4959,13.387183
4960,13.189762
4961,13.475611
4962,13.294277
4963,13.221474
4964,13.491895
4965,13.345772
4966,13.164353
4967,13.434124
4968,13.324097
4969,13.241254
4970,13.493524
4971,13.272723
4972,13.248860
4973,13.460384
4974,13.307539
4975,13.207714
4976,14.058522
4977,13.105833
4978,12.854117
4979,13.486535
4980,13.323742
4981,13.198760
4982,13.422016
4983,13.355942
4984,13.234195
4985,13.454275
4986,13.263951
4987,13.251321
4988,13.509619
4989,13.281843
4990,13.208782
4991,13.516882
4992,13.331318
4993,13.169164
4994,13.425026
4995,13.337200
4996,13.254131
4997,13.460664
4998,13.494091
4999,13.079541
5000,13.460488
5001,13.298332
5002,13.222505
5003,13.848438
5004,13.241014
5005,13.065964
5006,13.584020
5007,14.063964
5008,12.383743
5009,13.480395
5010,13.323978
5011,13.207357
5012,13.407759
5013,13.363584
5014,13.212609
5015,13.437936
5016,13.391659
5017,13.191950
5018,13.445147
5019,13.657824
5020,12.875351
5021,13.803847
5022,13.130582
5023,13.085761
5024,13.470138
5025,13.325507
5026,13.196283
5027,13.477954
5028,13.323970
5029,13.198808
5030,13.735136
5031,13.297303
5032,13.055048
5033,13.737387
5034,12.938783
5035,13.260927
5036,13.493334
5037,13.325489
5038,13.128815
5039,13.466918
5040,13.404710
5041,13.135078
5042,13.433827
5043,13.338034
5044,13.242053
5045,13.407227
5046,13.386362
5047,13.197954
5048,13.424620
5049,13.362814
5050,13.189814
5051,13.450384
5052,13.327418
5053,13.238365
5054,13.442940
5055,13.299700
5056,13.266687
5057,13.417860
5058,13.539041
5059,13.079560
5060,13.368139
5061,13.354933
5062,13.248138
5063,13.764842
5064,12.988191
5065,13.240373
5066,13.497843
5067,13.267746
5068,13.216996
5069,13.495002
5070,13.662679
5071,12.900966
5072,13.394477
5073,13.301266
5074,13.258823
5075,13.434322
5076,13.508303
5077,13.055228
5078,13.413413
5079,13.409575
5080,13.183900
5081,13.424042
5082,13.364586
5083,13.195928
5084,13.453673
5085,13.388794
5086,13.162342
5087,13.445233
5088,13.357931
5089,13.216418
5090,13.504017
5091,13.352960
5092,13.144455
5093,13.437992
5094,15.682428
5095,13.187820
5096,13.500693
5097,13.286210
5098,13.199369
5099,13.510897
5100,13.356493
5101,13.129705
5102,13.503121
5103,13.284579
5104,13.244492
5105,13.375830
5106,13.394360
5107,13.187877
5108,13.421620
5109,13.387126
5110,13.200224
5111,13.515964
5112,13.388950
5113,13.144502
5114,13.524187
5115,13.287135
5116,13.178857
5117,13.461324
5118,13.258606
5119,13.242592
5120,13.524612
5121,13.279546
5122,13.237912
5123,13.625875
5124,13.213418
5125,13.146978
5126,13.444637
5127,13.354536
5128,13.173270
5129,13.419256
5130,13.413138
5131,13.221729
5132,13.439218
5133,13.385304
5134,13.130437
5135,13.802966
5136,13.064233
5137,13.101627
5138,13.516766
5139,13.248455
5140,13.261833
5141,13.472810
5142,13.657895
5143,12.855826
5144,13.487292
5145,13.255849
5146,13.287914
5147,13.460234
5148,13.455745
5149,13.065474
5150,13.459137
5151,13.699801
5152,12.834750
5153,13.466352
5154,13.322947
5155,13.233018
5156,13.404482
5157,13.386241
5158,13.166759
5159,13.456083
5160,13.364999
5161,13.208550
5162,13.443962
5163,13.330820
5164,13.218653
5165,13.563362
5166,13.243798
5167,13.186777
5168,13.428061
5169,13.359254
5170,13.217584
5171,13.427589
5172,13.334685
5173,13.242909
5174,13.411640
5175,13.382723
5176,13.211687
5177,13.483683
5178,13.338414
5179,13.190765
5180,13.466597
5181,13.310685
5182,13.193527
5183,13.433700
5184,13.354034
5185,13.233235
5186,13.447809
5187,13.387702
5188,13.191857
5189,13.370236
5190,13.363267
5191,13.209384
5192,13.441886
5193,13.320067
5194,13.246769
5195,13.412573
5196,13.351572
5197,13.231591
5198,13.416800
5199,13.342932
5200,13.246809
5201,13.545015
5202,13.247335
5203,13.214689
5204,13.510685
5205,13.251538
5206,13.258549
5207,13.391214
5208,13.362846
5209,13.234745
5210,13.419863
5211,13.460594
5212,13.227155
5213,13.402178
5214,13.268885
5215,13.225595
5216,13.471553
5217,13.391475
5218,13.131397
5219,13.440331
5220,13.315041
5221,13.235356
5222,13.453506
5223,13.446656
5224,13.228186
5225,13.916438
5226,12.903610
5227,13.061190
5228,13.605780
5229,13.228795
5230,13.172938
5231,13.441696
5232,13.505635
5233,13.051908
5234,13.410275
5235,13.360869
5236,13.207582
5237,13.474244
5238,13.298166
5239,13.294112
5240,13.518636
5241,13.188916
5242,13.393416
5243,13.288113
5244,13.350359
5245,13.211648
5246,13.444812
5247,13.312920
5248,13.335178
5249,13.405871
5250,13.308777
5251,13.181184
5252,13.453739
5253,13.320388
5254,13.215921
5255,13.499701
5256,13.352800
5257,13.178237
5258,13.502478
5259,13.440769
5260,13.130026
5261,13.380195
5262,13.430660
5263,13.134146
5264,14.028925
5265,12.794468
5266,13.144178
5267,14.087015
5268,12.850575
5269,13.103738
5270,13.442563
5271,13.421844
5272,13.170032
5273,13.386043
5274,13.329451
5275,13.350438
5276,13.449634
5277,13.271001
5278,13.142187
5279,13.663977
5280,13.192830
5281,13.163760
5282,13.463890
5283,13.353160
5284,13.222798
5285,13.559041
5286,13.199847
5287,13.187414
5288,13.464712
5289,13.482295
5290,13.064228
5291,13.507312
5292,13.378877
5293,13.205428
5294,13.369586
5295,13.374640
5296,13.265744
5297,13.390016
5298,13.381471
5299,13.175054
5300,13.400040
5301,13.314776
5302,13.219702
5303,13.716504
5304,13.070967
5305,13.213023
5306,13.477936
5307,13.441434
5308,13.112968
5309,13.514067
5310,13.228087
5311,13.263288
5312,13.567986
5313,13.307700
5314,13.094189
5315,13.466415
5316,13.307221
5317,13.307948
5318,13.450071
5319,13.247024
5320,13.234487
5321,13.450937
5322,13.289658
5323,13.237044
5324,13.537546
5325,13.220334
5326,13.246732
5327,13.596517
5328,13.214976
5329,13.190329
5330,13.623919
5331,13.238883
5332,13.141985
5333,13.688760
5334,13.456402
5335,12.878202
5336,13.560807
5337,13.207589
5338,13.210171
5339,13.761713
5340,13.301327
5341,12.959539
5342,13.395596
5343,13.372240
5344,13.197401
5345,13.738194
5346,13.452538
5347,12.812829
5348,13.747936
5349,13.421418
5350,12.842584
5351,13.542237
5352,13.311060
5353,13.139508
5354,13.454801
5355,13.447599
5356,13.121434
5357,13.466444
5358,13.350930
5359,13.163770
5360,13.476812
5361,13.445185
5362,13.082290
5363,13.448715
5364,13.349847
5365,13.211398
5366,13.443868
5367,13.425464
5368,13.141832
5369,13.424890
5370,13.712843
5371,12.834806
5372,13.751183
5373,13.038023
5374,13.219189
5375,13.480820
5376,13.260216
5377,13.247790
5378,13.661011
5379,13.161091
5380,13.192765
5381,13.470510
5382,13.491939
5383,13.023819
5384,13.458432
5385,13.374468
5386,13.185134
5387,13.480319
5388,13.344221
5389,13.194566
5390,13.636800
5391,13.235591
5392,13.200501
5393,13.492976
5394,13.355316
5395,13.154996
5396,13.460552
5397,13.520147
5398,13.034867
5399,13.454660
5400,13.302719
5401,13.229082
5402,13.471326
5403,13.370309
5404,13.181378
5405,13.420920
5406,13.359378
5407,13.225162
5408,13.518877
5409,13.244748
5410,13.210848
5411,13.601492
5412,13.240142
5413,13.177035
5414,13.495129
5415,13.283870
5416,13.190807
5417,13.572449
5418,13.264759
5419,13.171952
5420,13.496866
5421,13.318625
5422,13.203851
5423,13.427458
5424,13.359076
5425,13.207406
5426,13.575958
5427,13.175618
5428,13.215091
5429,13.473291
5430,13.312234
5431,13.241037
5432,13.542719
5433,13.200837
5434,13.246030
5435,13.638614
5436,13.251941
5437,13.109265
5438,13.624356
5439,13.168398
5440,13.195996
5441,13.493645
5442,13.265285
5443,13.257261
5444,15.206022
5445,13.225336
5446,13.230534
5447,15.044675
5448,13.389051
5449,13.714283
5450,16.774223
5451,13.405867
5452,13.411655
5453,15.726138
5454,12.181517
5455,13.408883
5456,15.095222
5457,13.247436
5458,13.444328
5459,13.768463
5460,13.584566
5461,14.024642
5462,15.153413
5463,14.357394
5464,13.509042
5465,14.847448
5466,13.270365
5467,13.196385
5468,14.914712
5469,13.238189
5470,13.216994
5471,13.439422
5472,13.361270
5473,13.205094
5474,13.460486
5475,13.488190
5476,13.176125
5477,13.388008
5478,13.319604
5479,13.156735
5480,13.481947
5481,13.291366
5482,13.324650
5483,13.473923
5484,13.198124
5485,13.319726
5486,13.332044
5487,13.401126
5488,13.328406
5489,13.332527
5490,13.429754
5491,13.147564
5492,13.557441
5493,13.464767
5494,12.921629
5495,13.528465
5496,13.278017
5497,13.204694
5498,13.542063
5499,13.284975
5500,13.309206
5501,13.351543
5502,13.306227
5503,13.205679
5504,13.445189
5505,13.358685
5506,13.190767
5507,13.527861
5508,13.288610
5509,13.192646
5510,13.482079
5511,13.292870
5512,13.214407
5513,13.464668
5514,13.328249
5515,13.229522
5516,13.798711
5517,12.987335
5518,13.190690
5519,13.459229
5520,13.371287
5521,13.196825
5522,13.467965
5523,13.355692
5524,13.226087
5525,13.420495
5526,13.438066
5527,13.092923
5528,13.459082
5529,13.357698
5530,13.181141
5531,13.436515
5532,13.368448
5533,13.205287
5534,13.425279
5535,13.440327
5536,13.108314
5537,13.529581
5538,13.250875
5539,13.219382
5540,13.446633
5541,13.324382
5542,13.226875
5543,13.435413
5544,13.329906
5545,13.310516
5546,13.434149
5547,13.348546
5548,13.164628
5549,13.463576
5550,13.302503
5551,13.210930
5552,13.420583
5553,15.586263
5554,16.319263
5555,22.500729
5556,16.555687
5557,23.793677
5558,19.310272
5559,21.779982
5560,19.230614
5561,20.289566
5562,17.347704
5563,21.612211
5564,13.223549
5565,15.801323
5566,15.493986
5567,13.928667
5568,14.811885
5569,13.818619
5570,13.868354
5571,14.946362
5572,14.332680
5573,13.551157
5574,14.932548
5575,14.143854
5576,13.458635
5577,13.362009
5578,13.343175
5579,13.594445
5580,13.511658
5581,13.177538
5582,13.430965
5583,13.341554
5584,13.212536
5585,13.469405
5586,13.398521
5587,13.132448
5588,13.472353
5589,13.472079
5590,13.060482
5591,13.421644
5592,13.339125
5593,13.245943
5594,13.442737
5595,13.368346
5596,13.233279
5597,13.441976
5598,13.351104
5599,13.196476
5600,13.403745
5601,13.345492
5602,13.206534
5603,13.606383
5604,13.229027
5605,13.278894
5606,13.556474
5607,13.133097
5608,13.285944
5609,13.371151
5610,13.517595
5611,13.087970
5612,13.396775
5613,13.388715
5614,13.167620
5615,13.433020
5616,13.397370
5617,13.154637
5618,13.458627
5619,13.329706
5620,13.234144
5621,13.494794
5622,13.285119
5623,13.209130
5624,13.424160
5625,13.396085
5626,15.449611
5627,23.057872
5628,16.876294
5629,18.323010
5630,18.452393
5631,19.619358
5632,19.281747
5633,17.046818
5634,18.515094
5635,13.121895
5636,14.839673
5637,13.631572
5638,13.315732
5639,14.207973
5640,15.525742
5641,13.299704
5642,13.329251
5643,13.201175
5644,13.440040
5645,13.361307
5646,13.216506
5647,13.450263
5648,13.348957
5649,13.189148
5650,13.536646
5651,14.394146
5652,13.350126
5653,13.448476
5654,13.316753
5655,13.187612
5656,13.480788
5657,13.281132
5658,13.233039
5659,13.572000
5660,13.320337
5661,13.126344
5662,13.495455
5663,13.277795
5664,13.223371
5665,13.500001
5666,13.301477
5667,13.214940
5668,13.457442
5669,13.624410
5670,12.908849
5671,13.458360
5672,13.354060
5673,13.205288
5674,13.491869
5675,13.379021
5676,13.152566
5677,13.431365
5678,13.330163
5679,13.291519
5680,13.519855
5681,13.313626
5682,13.210716
5683,13.333322
5684,13.379607
5685,13.159531
5686,13.436705
5687,13.356936
5688,13.254182
5689,13.489131
5690,13.272987
5691,13.191945
5692,13.455541
5693,13.307648
5694,13.228349
5695,13.513553
5696,13.260367
5697,13.334246
5698,13.315422
5699,13.345006
5700,13.202994
5701,13.461040
5702,13.476320
5703,26.515817
5704,30.442540
5705,24.546470
5706,23.416635
5707,24.955511
5708,24.085708
5709,23.993562
5710,18.774921
5711,20.736838
5712,30.717606
5713,22.020684
5714,20.322996
5715,24.782735
5716,18.874726
5717,25.879966
5718,23.908504
5719,25.769832
5720,17.904776
5721,22.655898
5722,24.664069
5723,22.192626
5724,19.877636
5725,24.295976
5726,22.090247
5727,24.871903
5728,17.728331
5729,22.956843
5730,19.663806
5731,19.911627
5732,17.353122
5733,24.555132
5734,19.363657
5735,20.809052
5736,18.747954
5737,20.137886
5738,20.114056
5739,22.316273
5740,24.867454
5741,19.293171
5742,20.483153
5743,19.045528
5744,21.021452
5745,23.295893
5746,18.400648
5747,23.599790
5748,21.513375
5749,24.641960
5750,22.442423
5751,19.906263
5752,20.763427
5753,20.067691
5754,21.493863
5755,22.234085
5756,18.777199
5757,21.385485
5758,16.672097
5759,23.951698
5760,15.944249
5761,21.610980
5762,21.017396
5763,22.165104
5764,19.317776
5765,22.250703
5766,22.826754
5767,20.388525
5768,18.338030
5769,19.959417
5770,20.705340
5771,17.044346
5772,19.190235
5773,22.206712
5774,20.705615
5775,18.917521
5776,16.785853
5777,19.643670
5778,14.539379
5779,15.720779
5780,20.965132
5781,15.692893
5782,20.323730
5783,16.199637
5784,18.728568
5785,15.687436
5786,16.966231
5787,19.755194
5788,14.917801
5789,15.945585
5790,18.541443
5791,17.179200
5792,15.244071
5793,15.734578
5794,18.563392
5795,19.094963
5796,17.058086
5797,21.323426
5798,16.612589
5799,18.085737
5800,19.635909
5801,16.480161
5802,21.831038
5803,21.119078
5804,15.432155
5805,19.918370
5806,18.954322
5807,19.259338
5808,19.513172
5809,15.220204
5810,19.741662
5811,14.929160
5812,18.455965
5813,18.115771
5814,15.758650
5815,18.142052
5816,14.563158
5817,19.266737
5818,14.986027
5819,14.399409
5820,19.777988
5821,14.227708
5822,13.810895
5823,16.762632
5824,13.760703
5825,13.453025
5826,13.336694
5827,13.216574
5828,13.517142
5829,13.283387
5830,13.189184
5831,13.456716
5832,13.325320
5833,13.242090
5834,13.483506
5835,13.357840
5836,13.128369
5837,13.444660
5838,13.709400
5839,12.849911
5840,13.446650
5841,13.394114
5842,13.181450
5843,13.429600
5844,13.407494
5845,13.164194
5846,13.444149
5847,13.439537
5848,13.104369
5849,13.417997
5850,13.358069
5851,13.969030
5852,15.615314
5853,19.889471
5854,14.794687
5855,17.272489
5856,16.892325
5857,15.964568
5858,17.949628
5859,16.260810
5860,18.814620
5861,16.361483
5862,14.624908
5863,15.631131
5864,13.304325
5865,13.642462
5866,12.882613
5867,13.447087
5868,13.360986
5869,13.215491
5870,13.425176
5871,13.339070
5872,13.216530
5873,13.439784
5874,13.318755
5875,13.236893
5876,13.454179
5877,13.329066
5878,13.217483
5879,13.440645
5880,13.367013
5881,13.194564
5882,13.421119
5883,13.332649
5884,13.248947
5885,13.413097
5886,13.334951
5887,13.255973
5888,13.406998
5889,13.342620
5890,13.279189
5891,13.414750
5892,13.336141
5893,13.226867
5894,13.427024
5895,13.327466
5896,13.240719
5897,13.441039
5898,13.316265
5899,13.238955
5900,13.436958
5901,13.344121
5902,13.218766
5903,13.433589
5904,13.469466
5905,13.119809
5906,13.517627
5907,13.233462
5908,13.286904
5909,13.397805
5910,13.328800
5911,13.213416
5912,13.435981
5913,13.341787
5914,13.213917
5915,13.431918
5916,13.364068
5917,13.237325
5918,13.447152
5919,13.290143
5920,13.252836
5921,13.437121
5922,13.307606
5923,13.242579
5924,13.452268
5925,13.322524
5926,13.226668
5927,13.445909
5928,13.315162
5929,13.243453
5930,13.443920
5931,13.319439
5932,13.233729
5933,13.444048
5934,13.347624
5935,13.217664
5936,13.430928
5937,13.390869
5938,13.182021
5939,13.408476
5940,13.352880
5941,13.229861
5942,13.421532
5943,13.355724
5944,13.225241
5945,13.431486
5946,13.391015
5947,13.167415
5948,13.456259
5949,13.331062
5950,13.207946
5951,13.467250
5952,13.319954
5953,13.216814
5954,13.451862
5955,13.331463
5956,13.213239
5957,13.454622
5958,13.331204
5959,13.225296
5960,13.454508
5961,13.301291
5962,13.338859
5963,13.355927
5964,13.331072
5965,13.266122
5966,13.405472
5967,13.321367
5968,13.233594
5969,13.438018
5970,13.309915
5971,13.243804
5972,13.413395
5973,13.332681
5974,13.248289
5975,13.466047
5976,13.395401
5977,13.178607
5978,13.393213
5979,13.343392
5980,13.345345
5981,13.330401
5982,13.312543
5983,13.246990
5984,13.438662
5985,13.327040
5986,13.286762
5987,13.371411
5988,13.329881
5989,13.237100
5990,13.437223
5991,13.337571
5992,13.241286
5993,13.406568
5994,13.466995
5995,13.108386
5996,13.477939
5997,13.290875
5998,13.242396
5999,13.419806
6000,13.340102
6001,13.270849
6002,13.534330
6003,13.184576
6004,13.259872
6005,13.422298
6006,13.335620
6007,13.239354
6008,13.434429
6009,13.311847
6010,13.252782
6011,13.434693
6012,13.322498
6013,13.240012
6014,13.413172
6015,13.412712
6016,13.173145
6017,13.444670
6018,13.482798
6019,13.075380
6020,13.642859
6021,13.555066
6022,12.816398
6023,13.719887
6024,13.052677
6025,13.220275
6026,13.540870
6027,13.340816
6028,13.112113
6029,13.796944
6030,13.106984
6031,13.101732
6032,13.640799
6033,13.339260
6034,13.012980
6035,13.444334
6036,13.327956
6037,13.238538
6038,13.439465
6039,13.325688
6040,13.245267
6041,13.446796
6042,13.337363
6043,13.266197
6044,13.416604
6045,13.327746
6046,13.245168
6047,13.716241
6048,12.994970
6049,13.282380
6050,13.515377
6051,13.316074
6052,13.128085
6053,13.664881
6054,13.327387
6055,12.997940
6056,13.496634
6057,13.345893
6058,13.202399
6059,13.458308
6060,13.292452
6061,13.213247
6062,13.435137
6063,13.338213
6064,13.242042
6065,13.457461
6066,13.330787
6067,13.200036
6068,13.454937
6069,14.060222
6070,12.471917
6071,13.450203
6072,13.412914
6073,13.151960
6074,13.533632
6075,14.007048
6076,13.286868
6077,13.486891
6078,13.363855
6079,13.132824
6080,13.432324
6081,15.246542
6082,13.168072
6083,13.455024
6084,13.333162
6085,13.211487
6086,13.473847
6087,13.361254
6088,13.209109
6089,13.531909
6090,13.242310
6091,13.183865
6092,13.442129
6093,13.354019
6094,13.212050
6095,13.508135
6096,13.340860
6097,13.224230
6098,13.520673
6099,13.222625
6100,13.182299
6101,13.537819
6102,13.224521
6103,13.255141
6104,13.451549
6105,13.314035
6106,13.295387
6107,13.482636
6108,13.220923
6109,13.209259
6110,13.464952
6111,13.310685
6112,13.262874
6113,13.453959
6114,13.324959
6115,13.192561
6116,13.496579
6117,13.294261
6118,13.206389
6119,13.480087
6120,13.288357
6121,13.229271
6122,13.442171
6123,13.343196
6124,13.218412
6125,13.459173
6126,13.355320
6127,13.215660
6128,13.452372
6129,13.338160
6130,13.213245
6131,13.436773
6132,13.371632
6133,13.192739
6134,13.550190
6135,13.223754
6136,13.333063
6137,13.357778
6138,13.359064
6139,13.265084
6140,13.372073
6141,13.433707
6142,13.090808
6143,13.903694
6144,12.895314
6145,13.189961
6146,13.450526
6147,13.312471
6148,13.255179
6149,13.453166
6150,13.330944
6151,13.197255
6152,13.450251
6153,13.316569
6154,13.286414
6155,13.383932
6156,13.326325
6157,13.273864
6158,13.422583
6159,13.465011
6160,13.082884
6161,13.435435
6162,13.341249
6163,13.219058
6164,13.476138
6165,13.324908
6166,13.237736
6167,13.486256
6168,13.408448
6169,13.104929
6170,13.448197
6171,13.316346
6172,13.224000
6173,13.525876
6174,13.289672
6175,13.183823
6176,13.433578
6177,13.406791
6178,13.167328
6179,13.411696
6180,13.400538
6181,13.193267
6182,13.426223
6183,13.330634
6184,13.232764
6185,13.561691
6186,13.258479
6187,13.223012
6188,13.426035
6189,13.291548
6190,13.239895
6191,13.463758
6192,13.386780
6193,13.178153
6194,13.473846
6195,13.303454
6196,13.238533
6197,14.149393
6198,12.651569
6199,13.209966
6200,13.475783
6201,13.383870
6202,13.260025
6203,13.441727
6204,13.502305
6205,13.021885
6206,13.455835
6207,13.364199
6208,13.235433
6209,13.388104
6210,13.367498
6211,13.208139
6212,13.467939
6213,13.354686
6214,13.223458
6215,13.447001
6216,13.318382
6217,13.187566
6218,13.438798
6219,13.335723
6220,13.224831
6221,13.465927
6222,13.488777
6223,13.121241
6224,13.367529
6225,13.337231
6226,13.213606
6227,13.547129
6228,13.256227
6229,13.220866
6230,14.012107
6231,12.802070
6232,13.198410
6233,13.560816
6234,13.206177
6235,13.198720
6236,13.519192
6237,13.290791
6238,13.202128
6239,13.599258
6240,13.227069
6241,13.230478
6242,13.416778
6243,13.291448
6244,13.255787
6245,13.475113
6246,13.303246
6247,13.208565
6248,13.434938
6249,13.333888
6250,13.207434
6251,13.538753
6252,13.238646
6253,13.216057
6254,13.472275
6255,13.322902
6256,13.281744
6257,13.373684
6258,13.381008
6259,13.196298
6260,13.490408
6261,13.325524
6262,13.177830
6263,13.485416
6264,13.337238
6265,13.164802
6266,13.461214
6267,13.329215
6268,13.257476
6269,13.432330
6270,13.348750
6271,13.167923
6272,13.575981
6273,13.207443
6274,13.233239
6275,13.441899
6276,13.350759
6277,13.202803
6278,13.436228
6279,13.321219
6280,13.326517
6281,13.491826
6282,13.207080
6283,13.212997
6284,13.588918
6285,13.298941
6286,13.208166
6287,13.518789
6288,13.404410
6289,13.060255
6290,13.461002
6291,13.343443
6292,13.251928
6293,13.431944
6294,13.412276
6295,13.143777
6296,13.415538
6297,13.350692
6298,13.255687
6299,13.385478
6300,13.380571
6301,13.182619
6302,13.554218
6303,13.246082
6304,13.230681
6305,13.546397
6306,13.204447
6307,13.234688
6308,13.525948
6309,13.326289
6310,13.139800
6311,13.561435
6312,13.223911
6313,13.215616
6314,13.430341
6315,13.302491
6316,13.285126
6317,13.445317
6318,13.435747
6319,13.076534
6320,13.433826
6321,13.412311
6322,13.156714
6323,13.452694
6324,13.329385
6325,13.241757
6326,13.496918
6327,13.349538
6328,13.129953
6329,13.448697
6330,13.316862
6331,13.230441
6332,13.578817
6333,13.230992
6334,13.306020
6335,13.450896
6336,13.262510
6337,13.196985
6338,13.458979
6339,13.313920
6340,13.243886
6341,13.403925
6342,13.422741
6343,13.126380
6344,13.470810
6345,13.316904
6346,13.214365
6347,13.581833
6348,13.201753
6349,13.225248
6350,13.427710
6351,13.339615
6352,13.266674
6353,13.432483
6354,13.276818
6355,13.244091
6356,13.460214
6357,13.308905
6358,13.248532
6359,13.413381
6360,13.324070
6361,13.266861
6362,13.403812
6363,13.358790
6364,13.237085
6365,13.437440
6366,13.333045
6367,13.216383
6368,13.549252
6369,13.217374
6370,13.244046
6371,13.584014
6372,13.204628
6373,13.257161
6374,13.414611
6375,13.313232
6376,13.246803
6377,13.518318
6378,13.227331
6379,13.227550
6380,13.639616
6381,13.497632
6382,13.054526
6383,13.269051
6384,13.391952
6385,13.160420
6386,13.438477
6387,13.407319
6388,13.170801
6389,13.414741
6390,13.391644
6391,13.184396
6392,13.451920
6393,13.346577
6394,13.209657
6395,13.453783
6396,13.351455
6397,13.180564
6398,13.493559
6399,13.359808
6400,13.157280
6401,13.512195
6402,13.270970
6403,13.239443
6404,13.434438
6405,13.339417
6406,13.175476
6407,13.477520
6408,13.305950
6409,13.243060
6410,13.546594
6411,13.231188
6412,13.214014
6413,13.491182
6414,13.293413
6415,13.221035
6416,13.459636
6417,13.323197
6418,13.197949
6419,13.494190
6420,13.365859
6421,13.147403
6422,13.552970
6423,13.295433
6424,13.193891
6425,13.483604
6426,13.674101
6427,13.046782
6428,13.493435
6429,13.386545
6430,13.147657
6431,13.488603
6432,13.327331
6433,13.185208
6434,13.456559
6435,13.343416
6436,13.193884
6437,13.501156
6438,13.326893
6439,13.238475
6440,13.426146
6441,13.352559
6442,13.150217
6443,13.485018
6444,13.339140
6445,13.258971
6446,13.510866
6447,13.664788
6448,12.912510
6449,13.532408
6450,13.330471
6451,13.164261
6452,13.452193
6453,13.375580
6454,13.180082
6455,13.446078
6456,13.332107
6457,13.210912
6458,13.688600
6459,13.145322
6460,13.160493
6461,13.510178
6462,13.344170
6463,13.177761
6464,13.717895
6465,13.115536
6466,13.211102
6467,13.429741
6468,13.383965
6469,13.140429
6470,13.430073
6471,13.392136
6472,13.156680
6473,13.457499
6474,13.349058
6475,13.188644
6476,13.436881
6477,13.754600
6478,12.839390
6479,13.448269
6480,13.332674
6481,13.226586
6482,13.575601
6483,13.209531
6484,13.211691
6485,13.535403
6486,13.318400
6487,13.116561
6488,13.500163
6489,13.267419
6490,13.221850
6491,13.478211
6492,13.333319
6493,13.227236
6494,13.436783
6495,13.310269
6496,13.265754
6497,13.400624
6498,13.509212
6499,13.037438
6500,13.489731
6501,13.320799
6502,13.202680
6503,13.438225
6504,13.347559
6505,13.305693
6506,13.414272
6507,13.449615
6508,13.037364
6509,13.720209
6510,13.190667
6511,13.070649
6512,13.512045
6513,13.289822
6514,13.192861
6515,13.497926
6516,13.650814
6517,12.902765
6518,14.166032
6519,12.578334
6520,13.298191
6521,13.494626
6522,13.231205
6523,13.222006
6524,13.487304
6525,13.467576
6526,13.062932
6527,13.419710
6528,13.465397
6529,13.087378
6530,13.554312
6531,13.328153
6532,13.191632
6533,13.349210
6534,13.458396
6535,13.208221
6536,13.461816
6537,13.278272
6538,13.162735
6539,13.439200
6540,13.388201
6541,13.277042
6542,13.390702
6543,13.349272
6544,13.159585
6545,13.478681
6546,13.531359
6547,13.063813
6548,13.357782
6549,13.599609
6550,13.045856
6551,13.464814
6552,13.301431
6553,13.259924
6554,13.572756
6555,13.188236
6556,13.237160
6557,13.612165
6558,13.126261
6559,13.251357
6560,14.004084
6561,12.846792
6562,13.270759
6563,13.503332
6564,13.256107
6565,13.295393
6566,13.384244
6567,13.378688
6568,13.180409
6569,13.457691
6570,13.290156
6571,13.244998
6572,13.483591
6573,13.288031
6574,13.233964
6575,13.432473
6576,13.381333
6577,13.178989
6578,13.493374
6579,13.325602
6580,13.194272
6581,13.453462
6582,13.309732
6583,13.244582
6584,13.437425
6585,13.373924
6586,13.181356
6587,13.464288
6588,13.280001
6589,13.271311
6590,13.420576
6591,13.729050
6592,12.936792
6593,13.471639
6594,13.269838
6595,13.278070
6596,16.541211
6597,15.643457
6598,14.898295
6599,14.290057
6600,14.605984
6601,15.319313
6602,16.734402
6603,15.822982
6604,15.366575
6605,15.834568
6606,14.402299
6607,15.862648
6608,15.319965
6609,14.861508
6610,17.095417
6611,15.500363
6612,14.523569
6613,17.303643
6614,15.149923
6615,16.941524
6616,15.588016
6617,14.441144
6618,14.487346
6619,16.012999
6620,14.480549
6621,13.650563
6622,14.146278
6623,15.817900
6624,13.518185
6625,14.121116
6626,13.493764
6627,13.866153
6628,13.275129
6629,13.903471
6630,13.698968
6631,13.624266
6632,13.668255
6633,14.847019
6634,14.665330
6635,15.510419
6636,15.318611
6637,14.779417
6638,16.886267
6639,14.126372
6640,14.715756
6641,14.188062
6642,14.786416
6643,15.244883
6644,15.620962
6645,14.661934
6646,16.697624
6647,13.266246
6648,13.482576
6649,13.726064
6650,13.330391
6651,13.798823
6652,13.301624
6653,13.274059
6654,13.780576
6655,13.346699
6656,13.177222
6657,13.425212
6658,13.366674
6659,13.229386
6660,13.407009
6661,13.370265
6662,13.186689
6663,13.431776
6664,13.321786
6665,13.241236
6666,13.434217
6667,13.416901
6668,13.171841
6669,13.475716
6670,13.335271
6671,13.203709
6672,13.428735
6673,13.303670
6674,13.227501
6675,13.450984
6676,13.332538
6677,13.229201
6678,13.505749
6679,13.380344
6680,13.132908
6681,13.730713
6682,13.411279
6683,13.263417
6684,13.583369
6685,13.490883
6686,13.578480
6687,13.414016
6688,13.492766
6689,13.363305
6690,13.139309
6691,13.522612
6692,13.318947
6693,13.163336
6694,13.461856
6695,13.343664
6696,13.199980
6697,13.467804
6698,13.472134
6699,13.082203
6700,13.499532
6701,13.320358
6702,13.203719
6703,13.447293
6704,13.280204
6705,13.235242
6706,13.451063
6707,13.306666
6708,13.268022
6709,13.600278
6710,13.184032
6711,13.214119
6712,13.634356
6713,13.169232
6714,13.265057
6715,13.383046
6716,13.259318
6717,13.287927
6718,13.545792
6719,13.289967
6720,13.141576
6721,13.478774
6722,13.297784
6723,13.233466
6724,13.442502
6725,13.323150
6726,13.226040
6727,13.566857
6728,13.440747
6729,12.990339
6730,13.788010
6731,13.035541
6732,13.201969
6733,13.677003
6734,13.085684
6735,13.228874
6736,13.555515
6737,13.192059
6738,13.212417
6739,13.540895
6740,13.220629
6741,13.245076
6742,13.525423
6743,13.421224
6744,13.582126
6745,13.471703
6746,13.298901
6747,13.227195
6748,13.440269
6749,13.323230
6750,13.229686
6751,13.645578
6752,14.378910
6753,14.562957
6754,15.582980
6755,14.105102
6756,14.237692
6757,14.575104
6758,15.269799
6759,13.826990
6760,16.197153
6761,15.553277
6762,16.320419
6763,16.571854
6764,14.685788
6765,14.899916
6766,15.587083
6767,14.968370
6768,15.857473
6769,15.462032
6770,14.645119
6771,16.042414
6772,15.409457
6773,15.837227
6774,14.732000
6775,15.547054
6776,15.417720
6777,15.233440
6778,14.429690
6779,15.678226
6780,14.046152
6781,14.907287
6782,15.063343
6783,15.568432
6784,15.177964
6785,13.566678
6786,15.050164
6787,13.417233
6788,15.153032
6789,14.030880
6790,14.382460
6791,13.768365
6792,14.359520
6793,14.107942
6794,15.403048
6795,15.018002
6796,13.259435
6797,13.264391
6798,13.404756
6799,13.393191
6800,13.217464
6801,13.593974
6802,13.870768
6803,13.961547
6804,13.440073
6805,13.331775
6806,13.221708
6807,13.955853
6808,13.329653
6809,13.243357
6810,14.539447
6811,13.340132
6812,13.202235
6813,13.672841
6814,13.773507
6815,13.637704
6816,13.598965
6817,13.329643
6818,13.573549
6819,13.447320
6820,13.502041
6821,13.200277
6822,13.552558
6823,13.526391
6824,13.147919
6825,13.421373
6826,13.386841
6827,13.152984
6828,13.457904
6829,14.211093
6830,13.638729
6831,13.497101
6832,15.008701
6833,13.443998
6834,13.104855
6835,13.518694
6836,13.310665
6837,13.178810
6838,13.481330
6839,13.343809
6840,13.163239
6841,13.474189
6842,13.384019
6843,13.149453
6844,13.494070
6845,13.321799
6846,13.175902
6847,13.483171
6848,13.358126
6849,13.160239
6850,13.544958
6851,13.264117
6852,13.188684
6853,13.595063
6854,13.423502
6855,13.017171
6856,13.674653
6857,13.366717
6858,12.952840
6859,13.854187
6860,13.245278
6861,13.125281
6862,13.623717
6863,13.300590
6864,13.082318
6865,13.598124
6866,15.172459
6867,11.909075
6868,13.760071
6869,15.243393
6870,12.378896
6871,13.580248
6872,13.532038
6873,12.873102
6874,13.640665
6875,13.491443
6876,13.045741
6877,13.512020
6878,13.710426
6879,14.232637
6880,13.549681
6881,14.638206
6882,12.054522
6883,13.639286
6884,13.202083
6885,13.131710
6886,13.834678
6887,13.873808
6888,14.681141
6889,13.071006
6890,13.608184
6891,13.513558
6892,12.903562
6893,13.560593
6894,14.500345
6895,13.020953
6896,15.057637
6897,14.282799
6898,13.012732
6899,13.833943
6900,14.651210
6901,13.063038
6902,13.596662
6903,13.399613
6904,13.017160
6905,13.473377
6906,14.447213
6907,13.320482
6908,13.101972
6909,13.518415
6910,13.826998
6911,13.057587
6912,13.678311
6913,13.531568
6914,13.188503
6915,14.428429
6916,13.183693
6917,13.073981
6918,13.693808
6919,13.523452
6920,13.126450
6921,13.543421
6922,13.381830
6923,13.178828
6924,13.700703
6925,14.023297
6926,13.096701
6927,13.561469
6928,13.471610
6929,12.930722
6930,14.157747
6931,13.129188
6932,12.781285
6933,13.602124
6934,13.287548
6935,13.121759
6936,14.231466
6937,14.762445
6938,13.373808
6939,14.045453
6940,14.458592
6941,13.513156
6942,17.023263
6943,15.777770
6944,13.167522
6945,14.945544
6946,13.242270
6947,13.669404
6948,14.268943
6949,13.105772
6950,13.488578
6951,13.525149
6952,14.141422
6953,13.562944
6954,13.352321
6955,13.734530
6956,13.617376
6957,14.146458
6958,13.021166
6959,13.542020
6960,13.457319
6961,12.996675
6962,13.630721
6963,13.305359
6964,13.603445
6965,13.765895
6966,13.365197
6967,15.582507
6968,13.138293
6969,13.551176
6970,13.389523
6971,13.080936
6972,13.558516
6973,14.864553
6974,13.054959
6975,13.557602
6976,13.992373
6977,13.093854
6978,14.219961
6979,15.181624
6980,13.027366
6981,13.642083
6982,13.251200
6983,13.130927
6984,13.529492
6985,13.377121
6986,13.082118
6987,13.547228
6988,13.356863
6989,13.096488
6990,13.626641
6991,13.269890
6992,13.117275
6993,13.541057
6994,13.326857
6995,13.136655
6996,13.529284
6997,13.320114
6998,13.134645
6999,13.543868
7000,13.260426
7001,13.181972
7002,13.529605
7003,13.430377
7004,13.045390
7005,13.554227
7006,13.292607
7007,13.145438
7008,13.559401
7009,13.364342
7010,13.083553
7011,13.608664
7012,13.338655
7013,13.054110
7014,13.746968
7015,13.228375
7016,13.081866
7017,13.708033
7018,13.320741
7019,12.989546
7020,13.629590
7021,13.358705
7022,13.032561
7023,13.720810
7024,13.256246
7025,13.077860
7026,13.539006
7027,13.444746
7028,13.139304
7029,13.587908
7030,13.324871
7031,13.115327
7032,13.552286
7033,13.286208
7034,13.197855
7035,13.466232
7036,13.331558
7037,13.154784
7038,13.499814
7039,13.375295
7040,13.144719
7041,13.477659
7042,13.305032
7043,13.206503
7044,13.517187
7045,13.344895
7046,13.186421
7047,13.512953
7048,13.313854
7049,13.222490
7050,14.012578
7051,12.750865
7052,13.148133
7053,13.579304
7054,13.344767
7055,13.157659
7056,13.505963
7057,13.309686
7058,13.367581
7059,13.386545
7060,13.208546
7061,13.196505
7062,13.528308
7063,13.279360
7064,13.148653
7065,13.533730
7066,13.998689
7067,12.886511
7068,15.881437
7069,13.355801
7070,13.432763
7071,13.046200
7072,13.800947
7073,13.406821
7074,12.932628
7075,13.372201
7076,13.313841
7077,13.139310
7078,13.652873
7079,13.120894
7080,13.242408
7081,13.391717
7082,13.332840
7083,13.201306
7084,13.512765
7085,13.260266
7086,13.211909
7087,13.522874
7088,13.368596
7089,13.116684
7090,13.472545
7091,13.324289
7092,13.212514
7093,13.439179
7094,13.349699
7095,13.225962
7096,13.448270
7097,13.309320
7098,13.231208
7099,13.417621
7100,13.339186
7101,13.241537
7102,13.469795
7103,13.289933
7104,13.326767
7105,13.347882
7106,13.362690
7107,13.223857
7108,13.468275
7109,13.351177
7110,13.177216
7111,13.486197
7112,13.337261
7113,13.171089
7114,13.507501
7115,13.309105
7116,13.214710
7117,13.489135
7118,13.321891
7119,13.228812
7120,13.427258
7121,13.309474
7122,13.211906
7123,13.481883
7124,13.328517
7125,13.181822
7126,13.469255
7127,13.401491
7128,13.188101
7129,13.556246
7130,13.280995
7131,13.153535
7132,13.525154
7133,13.304804
7134,13.177586
7135,13.532366
7136,13.347319
7137,13.067928
7138,13.490796
7139,13.296724
7140,13.199269
7141,13.505849
7142,13.303402
7143,13.218268
7144,13.434455
7145,13.347368
7146,13.186559
7147,13.807994
7148,12.978669
7149,13.222383
7150,13.496492
7151,13.283418
7152,13.246239
7153,13.467764
7154,13.255852
7155,13.247505
7156,13.447914
7157,13.356852
7158,13.208450
7159,13.817747
7160,13.066933
7161,13.120853
7162,13.435995
7163,13.470718
7164,13.229309
7165,14.616542
7166,13.185970
7167,13.522298
7168,14.396306
7169,13.328633
7170,13.237772
7171,13.453731
7172,13.346986
7173,13.214875
7174,13.621045
7175,15.075044
7176,13.392047
7177,14.977353
7178,13.596325
7179,14.061378
7180,13.751698
7181,13.504554
7182,13.805820
7183,13.720834
7184,13.746265
7185,15.773294
7186,14.415015
7187,15.573145
7188,13.366929
7189,13.767147
7190,13.760860
7191,13.432271
7192,13.354947
7193,13.393782
7194,13.420511
7195,13.222537
7196,13.229951
7197,13.523178
7198,13.640532
7199,13.070948
7200,13.573041
7201,13.334386
7202,15.613034
7203,13.396759
7204,13.413255
7205,14.263596
7206,13.870057
7207,14.749457
7208,14.758480
7209,14.538986
7210,15.287489
7211,14.124088
7212,15.410041
7213,15.120317
7214,14.802361
7215,14.999356
7216,14.123369
7217,14.969320
7218,18.189384
7219,17.286391
7220,13.723584
7221,14.676333
7222,14.884430
7223,14.185302
7224,13.712431
7225,17.442388
7226,14.468262
7227,16.967571
7228,15.139858
7229,14.792033
7230,15.002860
7231,16.002607
7232,16.509813
7233,14.897693
7234,14.032626
7235,15.789444
7236,14.903494
7237,15.765652
7238,15.857968
7239,15.011556
7240,16.956723
7241,14.995505
7242,15.084157
7243,15.962974
7244,16.390054
7245,15.779718
7246,16.204402
7247,14.063365
7248,14.582568
7249,15.676470
7250,16.168920
7251,15.011662
7252,16.314914
7253,15.939614
7254,15.704295
7255,15.757435
7256,15.996659
7257,14.879535
7258,13.742425
7259,16.745659
7260,14.451944
7261,14.446997
7262,17.110952
7263,14.224136
7264,14.784383
7265,17.877967
7266,14.130095
7267,14.465568
7268,17.052575
7269,13.597856
7270,14.641990
7271,14.470149
7272,16.044261
7273,16.562933
7274,14.479580
7275,14.936039
7276,16.979106
7277,14.550324
7278,16.000921
7279,16.111921
7280,14.220454
7281,14.100113
7282,13.724841
7283,13.838927
7284,15.338383
7285,13.316975
7286,13.233441
7287,13.485782
7288,14.289041
7289,13.434044
7290,14.847552
7291,13.891479
7292,13.567561
7293,14.188723
7294,13.722753
7295,14.987114
7296,13.620951
7297,13.439295
7298,13.387877
7299,14.809062
7300,13.452531
7301,13.423158
7302,13.177293
7303,13.706979
7304,13.322792
7305,13.905373
7306,13.449584
7307,13.334688
7308,13.252819
7309,14.902222
7310,13.486431
7311,14.424383
7312,14.551134
7313,13.506167
7314,13.325726
7315,14.160957
7316,13.504089
7317,13.330869
7318,13.776224
7319,15.467680
7320,14.932633
7321,14.420252
7322,13.133248
7323,16.301080
7324,12.407970
7325,14.411843
7326,14.445476
7327,19.350779
7328,12.408508
7329,16.638713
7330,15.841357
7331,15.396229
7332,15.044682
7333,14.592731
7334,14.540221
7335,13.936115
7336,14.266966
7337,13.541894
7338,15.456447
7339,13.297304
7340,13.173416
7341,13.648451
7342,15.250109
7343,15.232418
7344,14.527072
7345,15.335287
7346,13.327875
7347,16.929367
7348,13.745564
7349,16.510570
7350,15.072455
7351,13.336783
7352,13.048916
7353,15.002295
7354,11.931069
7355,13.132277
7356,13.593522
7357,13.309635
7358,13.366310
7359,13.600890
7360,13.343974
7361,13.114943
7362,13.564278
7363,13.339544
7364,13.069300
7365,13.597399
7366,15.000044
7367,13.097104
7368,13.579150
7369,13.493233
7370,12.923690
7371,13.557629
7372,13.465413
7373,13.005936
7374,14.895186
7375,13.221405
7376,13.230285
7377,13.584828
7378,13.350681
7379,14.759624
7380,11.876103
7381,13.223009
7382,14.891063
7383,13.027826
7384,13.560286
7385,13.346420
7386,13.059051
7387,13.559300
7388,14.834545
7389,11.706703
7390,14.840721
7391,13.510982
7392,13.013866
7393,13.756790
7394,13.075106
7395,13.171607
7396,13.545494
7397,13.395346
7398,14.987637
7399,13.739412
7400,13.301508
7401,12.968657
7402,13.724482
7403,13.218709
7404,13.063358
7405,13.628552
7406,15.173465
7407,13.126588
7408,13.838448
7409,13.182622
7410,12.959700
7411,13.598076
7412,13.368709
7413,13.052367
7414,15.378310
7415,13.381271
7416,13.264467
7417,13.107700
7418,13.619823
7419,13.263446
7420,13.094436
7421,13.592249
7422,14.106975
7423,13.052356
7424,13.558413
7425,13.385450
7426,13.065646
7427,13.509587
7428,13.420891
7429,13.037567
7430,13.608064
7431,13.329847
7432,13.089909
7433,13.597363
7434,13.324689
7435,13.133341
7436,13.611581
7437,13.381891
7438,13.503278
7439,13.624016
7440,13.362133
7441,13.126238
7442,13.473662
7443,13.391586
7444,13.082636
7445,13.583831
7446,14.322343
7447,13.092034
7448,13.525060
7449,13.341588
7450,13.175291
7451,13.609169
7452,13.332451
7453,13.031785
7454,15.428176
7455,13.477088
7456,13.167219
7457,13.500966
7458,13.283409
7459,13.103820
7460,13.540135
7461,13.258652
7462,13.109084
7463,13.582517
7464,13.343103
7465,13.091562
7466,13.619899
7467,13.277067
7468,13.166044
7469,13.639273
7470,14.257530
7471,13.212348
7472,13.635655
7473,13.267794
7474,13.073043
7475,13.547425
7476,13.288656
7477,13.132699
7478,13.512843
7479,13.433500
7480,13.067313
7481,13.534609
7482,13.604608
7483,12.871417
7484,13.528667
7485,13.334177
7486,13.081249
7487,13.644330
7488,13.276147
7489,13.138476
7490,13.697586
7491,13.656365
7492,12.640643
7493,13.577030
7494,13.354545
7495,13.061701
7496,13.525608
7497,13.364364
7498,13.114341
7499,13.581684
7500,13.315450
7501,13.096713
7502,13.531520
7503,13.517792
7504,12.966842
7505,13.604746
7506,13.282125
7507,13.123196
7508,13.578359
7509,13.349090
7510,13.106453
7511,14.767279
7512,12.149902
7513,13.121549
7514,13.598376
7515,13.307837
7516,13.069443
7517,13.611413
7518,13.795933
7519,13.284195
7520,13.138236
7521,13.556644
7522,13.305665
7523,13.106960
7524,13.545116
7525,13.325536
7526,13.478342
7527,13.542306
7528,13.327029
7529,13.109523
7530,13.595609
7531,13.333059
7532,13.113998
7533,13.784236
7534,14.956285
7535,13.080281
7536,13.584685
7537,13.359803
7538,13.085426
7539,13.578052
7540,13.403598
7541,13.020212
7542,14.706731
7543,13.444679
7544,12.865642
7545,13.588489
7546,13.298017
7547,13.105641
7548,13.574406
7549,13.288240
7550,13.131323
7551,13.504653
7552,13.464026
7553,13.060136
7554,13.637343
7555,13.261621
7556,13.099934
7557,13.583860
7558,14.106290
7559,13.168557
7560,13.487758
7561,13.391798
7562,13.076215
7563,13.552327
7564,13.392341
7565,13.047639
7566,13.477490
7567,13.474055
7568,13.031839
7569,13.600196
7570,13.330540
7571,13.073051
7572,13.513456
7573,13.548024
7574,12.901253
7575,13.586192
7576,13.364199
7577,13.109576
7578,14.750716
7579,13.328078
7580,13.125213
7581,13.550886
7582,16.753326
7583,9.689116
7584,14.551356
7585,13.716986
7586,13.531033
7587,14.600672
7588,13.588120
7589,13.970666
7590,15.185115
7591,13.791524
7592,13.226346
7593,13.014444
7594,13.613316
7595,13.319965
7596,14.073734
7597,13.922422
7598,13.253596
7599,13.129289
7600,13.624046
7601,13.862009
7602,13.001561
7603,15.472343
7604,13.875311
7605,13.715006
7606,15.237553
7607,13.628249
7608,13.253905
7609,13.213614
7610,13.491847
7611,13.367239
7612,19.574837
7613,16.162787
7614,13.099248
7615,13.658648
7616,13.395126
7617,12.947090
7618,13.520501
7619,13.476257
7620,13.011056
7621,14.626447
7622,13.389914
7623,13.085408
7624,13.568921
7625,13.560849
7626,12.871114
7627,13.600288
7628,13.719377
7629,16.049099
7630,13.661628
7631,13.369283
7632,13.028730
7633,13.514651
7634,13.302577
7635,13.123502
7636,13.583339
7637,13.382983
7638,13.113650
7639,13.655989
7640,13.188335
7641,13.109516
7642,13.640121
7643,13.225298
7644,13.116412
7645,13.567503
7646,13.380875
7647,13.053619
7648,13.542696
7649,13.322790
7650,13.121714
7651,13.649705
7652,13.265191
7653,13.057901
7654,13.554582
7655,13.223341
7656,13.225302
7657,13.501479
7658,13.367086
7659,13.122129
7660,13.543002
7661,13.182039
7662,13.268694
7663,13.433077
7664,13.282344
7665,13.268769
7666,13.437685
7667,13.298181
7668,13.254852
7669,13.433507
7670,13.356470
7671,13.218636
7672,13.436447
7673,13.429982
7674,13.264208
7675,13.462148
7676,13.229137
7677,13.156832
7678,13.646309
7679,13.191551
7680,13.175952
7681,13.472235
7682,13.312992
7683,13.218465
7684,13.566105
7685,13.182999
7686,13.257286
7687,13.448017
7688,13.349153
7689,13.206213
7690,13.523274
7691,13.245688
7692,13.278642
7693,13.418762
7694,13.288235
7695,13.230518
7696,13.442366
7697,13.354884
7698,13.205770
7699,13.424980
7700,13.324942
7701,13.324644
7702,13.361629
7703,13.349082
7704,13.235328
7705,13.435980
7706,13.356648
7707,13.220188
7708,13.483652
7709,13.267813
7710,13.209043
7711,13.500173
7712,13.325756
7713,13.175883
7714,13.571385
7715,13.332162
7716,13.143270
7717,13.399362
7718,13.416136
7719,13.170358
7720,13.404142
7721,13.336572
7722,13.240922
7723,13.437000
7724,13.309781
7725,13.277259
7726,13.456452
7727,13.403103
7728,13.233998
7729,13.478364
7730,13.196257
7731,13.278749
7732,13.422428
7733,13.244695
7734,13.267332
7735,13.423196
7736,13.330904
7737,13.336766
7738,13.314186
7739,13.353526
7740,13.364121
7741,13.297011
7742,13.394165
7743,13.251220
7744,13.485100
7745,13.220256
7746,13.245699
7747,13.506308
7748,13.347063
7749,13.128754
7750,13.643882
7751,13.117956
7752,13.242392
7753,13.600994
7754,13.156197
7755,13.244529
7756,13.427331
7757,13.305886
7758,13.258325
7759,13.461810
7760,13.334985
7761,13.199345
7762,13.430587
7763,13.438338
7764,13.263500
7765,13.613951
7766,13.483869
7767,12.887879
7768,13.556414
7769,13.621662
7770,12.840736
7771,13.781518
7772,12.985503
7773,13.211092
7774,13.450229
7775,13.301251
7776,13.246666
7777,13.551264
7778,13.201102
7779,13.245869
7780,13.424954
7781,13.346945
7782,13.232073
7783,13.462239
7784,13.324735
7785,13.217270
7786,13.399954
7787,13.444784
7788,13.192103
7789,13.381529
7790,13.336062
7791,13.240121
7792,13.427093
7793,13.332902
7794,13.245453
7795,13.416449
7796,13.359951
7797,13.202746
7798,13.415595
7799,13.420501
7800,13.159775
7801,13.426428
7802,13.409317
7803,13.180682
7804,13.414682
7805,13.333766
7806,13.239177
7807,13.435586
7808,13.318662
7809,13.253070
7810,13.417351
7811,13.327287
7812,13.274117
7813,13.395679
7814,13.327395
7815,13.256536
7816,13.411775
7817,13.333044
7818,13.255333
7819,13.421501
7820,13.326364
7821,13.251258
7822,13.414301
7823,13.323878
7824,13.262879
7825,13.420046
7826,13.338375
7827,13.241743
7828,13.429550
7829,13.319160
7830,13.255924
7831,13.404411
7832,13.356258
7833,13.231183
7834,13.431011
7835,13.321961
7836,13.255769
7837,13.421911
7838,13.351854
7839,13.233017
7840,13.415594
7841,13.315244
7842,13.254114
7843,13.448560
7844,13.316357
7845,13.229469
7846,13.465589
7847,13.282734
7848,13.246333
7849,13.436053
7850,13.461567
7851,13.115296
7852,13.437197
7853,13.312209
7854,13.244647
7855,13.471085
7856,13.287327
7857,13.256678
7858,13.427465
7859,13.678854
7860,12.906362
7861,13.415995
7862,13.381005
7863,13.190653
7864,13.434277
7865,13.351785
7866,13.233188
7867,13.422089
7868,13.351620
7869,13.206330
7870,13.420378
7871,13.333223
7872,13.271837
7873,13.403240
7874,13.380307
7875,13.235432
7876,13.533597
7877,13.186157
7878,13.248756
7879,13.412777
7880,13.422160
7881,13.190425
7882,13.443068
7883,13.284048
7884,13.299858
7885,13.372704
7886,13.372291
7887,13.227090
7888,13.452534
7889,13.489338
7890,13.040594
7891,13.419237
7892,13.341184
7893,13.233666
7894,13.409678
7895,13.340966
7896,13.251550
7897,13.416098
7898,13.330847
7899,13.249567
7900,13.408550
7901,13.335971
7902,13.253541
7903,13.453137
7904,13.327250
7905,13.226619
7906,13.458908
7907,13.319988
7908,13.245282
7909,13.409922
7910,13.331535
7911,13.235573
7912,13.440815
7913,13.301115
7914,13.246690
7915,13.431105
7916,13.325661
7917,13.247639
7918,13.420529
7919,13.381856
7920,13.191289
7921,13.449323
7922,13.387806
7923,13.171293
7924,13.412593
7925,13.347619
7926,13.244107
7927,13.410099
7928,13.332988
7929,13.240406
7930,13.467334
7931,13.288195
7932,13.252448
7933,13.418661
7934,13.392750
7935,13.226856
7936,13.382979
7937,13.350832
7938,13.247985
7939,13.431381
7940,13.308955
7941,13.267179
7942,13.401685
7943,13.342624
7944,13.254140
7945,13.413836
7946,13.379341
7947,13.211611
7948,13.453112
7949,13.287466
7950,13.236047
7951,13.450299
7952,13.353125
7953,13.222461
7954,13.452660
7955,13.329260
7956,13.236979
7957,13.398767
7958,13.332414
7959,13.224105
7960,13.434554
7961,13.313757
7962,13.282874
7963,13.427265
7964,13.305841
7965,13.241527
7966,13.418805
7967,13.367344
7968,13.196606
7969,13.473353
7970,15.957174
7971,15.771785
7972,15.287072
7973,17.666040
7974,18.073628
7975,16.172811
7976,17.452745
7977,15.077356
7978,15.613057
7979,17.633551
7980,17.041053
7981,14.633514
7982,13.843936
7983,14.061572
7984,13.453097
7985,14.073252
7986,13.898049
7987,13.615446
7988,16.030735
7989,13.312097
7990,13.248037
7991,13.430655
7992,14.592531
7993,14.510169
7994,13.772621
7995,15.078977
7996,15.102341
7997,13.353964
7998,16.505959
7999,13.732300
8000,14.485302
8001,14.254411
8002,13.368126
8003,15.049369
8004,13.276133
8005,13.426174
8006,13.327417
8007,13.245528
8008,13.402546
8009,13.354305
8010,13.241259
8011,13.457424
8012,13.335239
8013,13.198590
8014,13.460294
8015,13.287209
8016,13.256910
8017,13.446849
8018,13.379726
8019,13.192939
8020,13.407407
8021,13.357085
8022,13.237614
8023,13.435366
8024,13.340431
8025,13.234637
8026,13.450426
8027,13.362810
8028,13.180338
8029,13.501507
8030,13.291639
8031,13.239654
8032,13.417053
8033,13.404364
8034,13.170530
8035,13.422472
8036,13.327989
8037,13.233030
8038,13.470589
8039,13.324923
8040,13.231169
8041,13.408920
8042,13.351768
8043,13.212891
8044,13.438188
8045,13.340783
8046,13.224071
8047,13.446582
8048,13.333616
8049,13.229108
8050,13.452267
8051,13.326661
8052,13.268581
8053,13.419207
8054,13.321331
8055,13.218079
8056,13.443358
8057,13.328669
8058,13.208105
8059,13.499042
8060,13.319820
8061,13.183140
8062,13.483691
8063,13.269203
8064,13.239566
8065,13.430344
8066,13.333307
8067,13.244817
8068,13.424846
8069,13.330170
8070,13.265014
8071,13.538882
8072,13.249548
8073,13.186678
8074,13.415911
8075,13.344725
8076,13.242697
8077,13.449259
8078,13.323086
8079,13.258742
8080,13.479485
8081,13.268141
8082,13.240477
8083,13.423185
8084,13.342639
8085,13.227572
8086,13.485003
8087,13.287424
8088,13.239625
8089,13.429304
8090,13.320120
8091,13.213935
8092,13.428319
8093,13.317771
8094,13.250644
8095,13.427775
8096,13.326983
8097,13.249224
8098,13.422087
8099,13.326797
8100,13.251405
8101,13.427219
8102,13.327230
8103,13.249168
8104,13.445917
8105,13.324705
8106,13.251264
8107,13.424039
8108,13.297441
8109,13.252325
8110,13.471485
8111,13.340621
8112,14.020562
8113,14.668745
8114,15.040179
8115,14.999089
8116,16.774027
8117,15.139157
8118,14.184894
8119,14.675076
8120,15.379180
8121,14.385850
8122,14.643518
8123,14.610928
8124,16.738367
8125,14.475107
8126,15.492130
8127,14.812262
8128,15.415179
8129,14.406370
8130,14.868049
8131,16.052083
8132,14.852307
8133,14.952431
8134,15.490374
8135,14.098609
8136,13.140528
8137,13.530877
8138,13.198243
8139,13.280046
8140,13.406949
8141,13.326472
8142,13.254429
8143,13.385583
8144,13.443315
8145,13.161341
8146,13.462980
8147,13.305708
8148,13.211816
8149,13.444951
8150,13.339978
8151,13.211482
8152,13.434505
8153,13.318869
8154,13.315401
8155,13.378904
8156,13.333390
8157,13.220688
8158,13.420641
8159,13.330465
8160,13.254795
8161,13.411793
8162,13.350662
8163,13.238287
8164,13.417021
8165,13.319397
8166,13.264611
8167,13.415092
8168,13.321294
8169,13.262320
8170,13.417970
8171,13.326714
8172,13.251246
8173,13.451943
8174,13.314179
8175,13.246595
8176,13.438714
8177,13.332032
8178,13.244922
8179,13.434496
8180,13.365358
8181,13.208533
8182,13.473209
8183,13.279368
8184,13.228348
8185,13.427719
8186,13.341114
8187,13.231774
8188,13.433991
8189,13.362313
8190,13.210461
8191,13.421604
8192,13.335428
8193,13.247458
8194,13.458331
8195,13.306370
8196,13.256867
8197,13.464440
8198,13.275719
8199,13.232145
8200,13.409344
8201,13.337777
8202,13.241150
8203,13.429544
8204,13.332897
8205,13.240603
8206,13.417691
8207,13.344467
8208,13.242959
8209,13.449203
8210,13.295369
8211,13.257721
8212,13.432448
8213,13.344746
8214,13.219632
8215,13.416425
8216,13.314522
8217,13.254978
8218,13.424387
8219,13.334009
8220,13.238299
8221,15.072738
8222,13.795367
8223,14.682885
8224,15.063970
8225,16.170630
8226,15.142436
8227,13.306872
8228,13.557470
8229,13.334339
8230,13.349769
8231,14.643764
8232,13.320486
8233,13.708518
8234,13.410143
8235,13.384981
8236,13.246785
8237,13.385689
8238,13.316633
8239,13.245933
8240,13.464894
8241,13.308178
8242,13.249326
8243,13.414733
8244,13.336793
8245,13.240704
8246,13.438955
8247,13.318095
8248,13.241417
8249,13.418102
8250,13.344495
8251,13.240133
8252,13.422144
8253,13.332857
8254,14.370817
8255,13.260551
8256,13.436168
8257,13.322935
8258,13.227009
8259,13.420512
8260,13.338138
8261,13.240849
8262,13.471974
8263,13.348675
8264,13.174664
8265,13.424755
8266,13.373056
8267,13.198383
8268,13.426097
8269,13.411493
8270,13.178162
8271,13.436692
8272,13.340567
8273,13.209215
8274,13.427313
8275,13.348681
8276,13.238171
8277,13.416225
8278,13.350834
8279,13.232958
8280,13.436087
8281,13.329279
8282,13.231416
8283,13.491782
8284,13.337728
8285,13.245906
8286,13.471157
8287,13.345239
8288,13.180826
8289,13.444399
8290,13.311917
8291,13.283633
8292,13.407855
8293,13.318277
8294,13.223835
8295,13.560032
8296,13.306263
8297,13.140307
8298,13.530334
8299,13.239990
8300,13.202833
8301,13.468604
8302,13.395483
8303,13.152973
8304,13.552886
8305,13.401080
8306,13.089497
8307,13.519246
8308,13.305009
8309,13.146664
8310,13.607139
8311,13.157613
8312,13.215118
8313,13.460456
8314,13.323160
8315,13.212505
8316,13.466196
8317,13.329027
8318,13.213987
8319,13.437663
8320,13.308974
8321,13.264303
8322,13.501930
8323,13.254721
8324,13.235076
8325,13.433855
8326,13.299976
8327,13.272574
8328,13.412924
8329,13.339116
8330,13.250619
8331,13.412048
8332,13.387402
8333,13.262750
8334,13.400115
8335,13.308045
8336,13.242287
8337,13.396107
8338,13.373666
8339,13.225589
8340,13.435193
8341,13.378073
8342,13.190930
8343,16.389559
8344,13.340504
8345,13.321143
8346,13.460550
8347,13.749357
8348,17.639490
8349,13.204205
8350,13.465519
8351,13.298066
8352,13.396128
8353,13.665475
8354,13.907131
8355,13.704048
8356,13.557821
8357,15.521501
8358,12.087314
8359,13.676367
8360,14.574865
8361,14.614301
8362,13.508197
8363,13.496312
8364,14.840010
8365,13.231861
8366,13.440388
8367,13.496799
8368,14.132177
8369,13.450733
8370,13.286819
8371,13.274999
8372,13.418280
8373,13.908993
8374,13.265039
8375,13.443574
8376,14.793693
8377,13.359633
8378,14.022430
8379,13.358752
8380,13.225317
8381,13.449869
8382,13.307692
8383,13.244705
8384,13.464208
8385,13.302001
8386,13.235623
8387,13.458244
8388,13.313632
8389,13.228873
8390,13.446696
8391,13.331249
8392,13.229257
8393,13.457910
8394,13.365870
8395,13.226223
8396,13.535172
8397,13.234015
8398,13.175702
8399,13.451651
8400,13.347954
8401,13.211716
8402,13.453479
8403,13.370730
8404,13.184082
8405,13.474831
8406,13.319944
8407,13.222689
8408,13.443759
8409,13.344015
8410,13.212090
8411,13.452003
8412,13.388775
8413,13.137446
8414,13.473140
8415,13.339363
8416,13.206248
8417,13.422968
8418,13.362695
8419,13.206496
8420,13.463687
8421,13.325124
8422,13.209323
8423,13.420650
8424,13.372430
8425,13.184050
8426,13.494320
8427,13.320626
8428,13.195758
8429,13.419187
8430,13.398716
8431,13.211616
8432,13.410342
8433,13.326011
8434,13.237126
8435,13.435573
8436,13.497219
8437,13.053558
8438,13.423918
8439,13.351125
8440,13.236233
8441,13.455403
8442,13.325911
8443,13.269192
8444,13.417598
8445,13.287083
8446,13.245442
8447,13.416077
8448,13.370320
8449,13.214163
8450,13.435142
8451,13.376067
8452,13.230984
8453,13.352335
8454,13.327312
8455,13.262670
8456,13.406326
8457,13.332887
8458,13.257084
8459,13.410512
8460,13.349912
8461,13.273450
8462,13.450219
8463,13.264342
8464,13.255854
8465,13.412684
8466,13.359121
8467,13.224445
8468,13.444591
8469,13.326806
8470,13.238020
8471,13.425203
8472,13.327349
8473,13.254803
8474,13.457976
8475,13.349992
8476,13.195499
8477,13.444267
8478,13.328789
8479,13.223078
8480,13.450906
8481,13.364113
8482,13.214955
8483,13.445936
8484,13.327362
8485,13.201384
8486,13.439239
8487,13.347272
8488,13.208351
8489,13.452118
8490,13.329868
8491,13.228630
8492,13.403231
8493,13.367659
8494,13.228535
8495,13.652265
8496,13.101905
8497,13.235376
8498,13.446982
8499,13.310353
8500,13.227295
8501,13.431537
8502,13.351342
8503,13.230039
8504,13.401190
8505,13.342614
8506,13.254602
8507,13.423229
8508,13.378042
8509,13.195666
8510,13.439146
8511,13.375040
8512,13.176049
8513,13.436989
8514,13.334286
8515,13.218781
8516,13.922607
8517,16.003971
8518,15.108415
8519,14.854418
8520,17.375546
8521,15.547518
8522,14.115737
8523,15.248618
8524,14.948867
8525,13.408490
8526,13.336851
8527,13.248238
8528,13.437365
8529,13.316597
8530,13.278388
8531,13.399901
8532,13.332817
8533,13.226795
8534,13.425719
8535,13.341859
8536,13.244323
8537,13.434956
8538,13.317669
8539,13.255288
8540,13.418355
8541,13.322229
8542,13.251940
8543,13.422514
8544,13.330843
8545,13.253093
8546,13.436945
8547,13.286784
8548,13.265455
8549,13.443508
8550,13.308690
8551,13.244866
8552,13.410475
8553,13.329466
8554,13.266551
8555,13.440458
8556,13.329476
8557,13.254401
8558,13.405525
8559,13.335604
8560,13.255040
8561,13.496216
8562,13.280673
8563,13.235380
8564,13.470935
8565,13.419440
8566,13.132866
8567,13.454943
8568,13.306590
8569,13.234194
8570,13.476376
8571,13.288893
8572,13.220079
8573,13.468027
8574,13.277592
8575,13.271065
8576,13.522826
8577,13.375265
8578,13.081712
8579,13.477709
8580,13.300715
8581,13.232578
8582,13.485450
8583,13.318408
8584,13.252447
8585,13.494928
8586,13.383967
8587,13.083834
8588,13.571194
8589,13.216456
8590,13.182974
8591,13.438105
8592,13.341443
8593,13.230634
8594,13.487529
8595,13.339199
8596,13.155840
8597,13.450089
8598,13.375370
8599,13.174413
8600,13.467673
8601,13.389854
8602,13.181112
8603,13.403503
8604,13.334492
8605,13.224139
8606,13.441289
8607,13.335228
8608,13.240757
8609,13.439662
8610,13.314023
8611,13.241966
8612,13.431839
8613,13.319208
8614,13.247010
8615,13.434875
8616,13.331580
8617,13.262833
8618,13.482851
8619,13.278037
8620,13.217324
8621,13.449536
8622,13.303651
8623,13.248050
8624,13.420070
8625,13.328431
8626,13.232493
8627,13.856507
8628,13.298560
8629,12.843433
8630,13.428970
8631,13.313453
8632,13.249424
8633,14.785060
8634,13.403325
8635,13.152264
8636,13.433361
8637,13.329144
8638,13.243875
8639,13.427768
8640,13.352949
8641,13.214516
8642,13.496211
8643,13.268363
8644,13.250451
8645,13.438194
8646,13.311159
8647,13.235348
8648,13.431355
8649,13.338817
8650,13.236699
8651,13.426214
8652,13.334746
8653,13.237651
8654,13.424828
8655,13.340643
8656,13.237737
8657,13.417071
8658,13.333625
8659,13.235014
8660,13.441541
8661,13.295149
8662,13.269026
8663,13.471521
8664,13.318441
8665,13.214007
8666,13.439349
8667,13.342514
8668,13.232661
8669,13.471013
8670,13.302489
8671,13.221007
8672,13.427220
8673,13.327986
8674,13.238497
8675,13.457606
8676,13.479198
8677,13.090375
8678,13.501569
8679,13.274163
8680,13.209074
8681,13.465862
8682,13.322240
8683,13.239392
8684,13.458199
8685,13.369652
8686,13.192287
8687,13.439214
8688,13.428155
8689,13.122245
8690,13.568316
8691,13.245730
8692,13.171725
8693,13.463761
8694,13.361121
8695,13.182189
8696,13.498781
8697,13.286365
8698,13.200294
8699,13.560244
8700,13.271558
8701,13.188090
8702,13.467732
8703,13.309087
8704,13.217719
8705,13.490024
8706,13.292125
8707,13.244333
8708,13.474466
8709,13.259055
8710,13.226954
8711,13.495777
8712,13.282155
8713,13.220317
8714,13.445525
8715,13.313786
8716,13.245401
8717,13.423022
8718,13.328488
8719,13.245485
8720,13.407438
8721,13.328786
8722,13.247650
8723,13.449507
8724,13.331176
8725,13.236762
8726,13.435020
8727,13.324973
8728,13.237053
8729,13.504369
8730,13.329520
8731,13.213105
8732,13.436100
8733,13.331499
8734,13.210582
8735,13.525550
8736,13.260351
8737,13.205134
8738,13.494268
8739,13.266100
8740,13.230518
8741,13.470302
8742,13.299144
8743,13.268564
8744,13.471952
8745,13.311450
8746,13.205629
8747,13.422686
8748,13.332808
8749,13.251410
8750,13.539868
8751,13.235661
8752,13.201241
8753,13.460630
8754,13.330153
8755,13.222666
8756,13.491862
8757,13.303581
8758,13.235073
8759,13.456588
8760,13.328585
8761,13.183142
8762,13.485995
8763,13.279599
8764,13.208420
8765,13.479054
8766,13.283257
8767,13.224871
8768,13.472675
8769,13.319803
8770,13.263178
8771,13.395025
8772,13.351461
8773,13.209917
8774,13.445918
8775,13.324352
8776,13.229061
8777,13.457972
8778,13.310788
8779,13.235875
8780,13.452098
8781,13.318410
8782,13.229641
8783,13.536820
8784,13.238416
8785,13.229898
8786,13.409489
8787,13.348743
8788,13.230691
8789,13.509601
8790,13.279571
8791,13.210553
8792,13.433367
8793,13.340983
8794,13.236163
8795,13.466345
8796,13.348740
8797,13.196458
8798,13.458362
8799,13.336067
8800,13.198609
8801,13.469116
8802,13.362877
8803,13.185937
8804,13.461083
8805,13.315009
8806,13.207633
8807,13.441006
8808,13.390343
8809,13.169119
8810,13.441384
8811,13.468014
8812,13.089123
8813,13.467573
8814,13.327771
8815,13.215584
8816,13.466139
8817,13.410804
8818,13.172732
8819,13.395605
8820,13.339348
8821,13.237152
8822,13.473038
8823,13.308297
8824,13.182012
8825,13.569529
8826,13.199543
8827,13.263254
8828,13.393208
8829,13.350825
8830,13.225540
8831,13.462663
8832,13.352510
8833,13.198691
8834,13.430674
8835,13.361273
8836,13.183297
8837,13.421391
8838,13.354899
8839,13.224687
8840,13.432158
8841,13.332574
8842,13.241315
8843,13.417358
8844,13.334788
8845,13.227320
8846,13.434972
8847,13.336502
8848,13.226848
8849,13.469091
8850,13.323301
8851,13.221467
8852,13.441390
8853,13.324871
8854,13.219137
8855,16.064400
8856,15.149987
8857,13.347894
8858,16.655796
8859,16.590919
8860,15.552117
8861,13.943443
8862,13.199152
8863,13.630032
8864,13.725371
8865,13.923904
8866,13.504015
8867,13.321754
8868,13.172826
8869,13.429769
8870,15.170142
8871,13.326551
8872,13.234770
8873,13.833816
8874,13.312832
8875,13.243058
8876,13.720638
8877,13.354770
8878,13.239168
8879,13.573642
8880,13.304736
8881,13.240509
8882,13.431479
8883,13.326085
8884,13.244609
8885,13.424413
8886,13.351480
8887,13.224351
8888,13.445301
8889,13.347480
8890,13.299559
8891,13.319025
8892,13.338060
8893,13.251409
8894,13.445468
8895,13.298624
8896,13.267961
8897,13.481498
8898,13.321154
8899,13.216420
8900,13.548122
8901,13.296257
8902,13.173953
8903,13.483402
8904,13.307336
8905,13.201838
8906,13.484747
8907,13.293725
8908,13.207795
8909,13.483074
8910,13.339243
8911,13.183805
8912,13.496685
8913,13.260074
8914,13.234030
8915,13.438222
8916,13.375292
8917,13.208071
8918,13.573843
8919,13.235896
8920,13.209222
8921,13.509484
