observation_frame,frame_timestamp,cpu_frame_ms,gpu_frame_ms,gc0_total
0,23800758263705,19.149662,0.000000,43
1,23800777413367,19.608763,0.000000,43
2,23800797022130,21.268639,0.000000,43
3,23800818290769,23.900808,0.000000,43
4,23800842191577,57.977511,0.000000,43
5,23800900169088,32.879455,0.000000,43
6,23800933048543,39.051288,0.000000,43
7,23800972099831,35.185027,0.000000,43
8,23801007284858,28.105187,0.000000,43
9,23801035390045,31.538175,0.000000,43
10,23801066928220,37.549972,0.000000,43
11,23801104478192,48.171765,0.000000,43
12,23801152649957,31.505449,0.000000,43
13,23801184155406,37.737409,0.000000,43
14,23801221892815,35.119470,0.000000,43
15,23801257012285,27.950958,0.000000,43
16,23801284963243,29.775709,0.000000,43
17,23801314738952,34.197457,0.000000,43
18,23801348936409,31.540675,0.000000,43
19,23801380477084,33.745189,0.000000,43
20,23801414222273,31.742339,0.000000,43
21,23801445964612,31.348733,0.000000,43
22,23801477313345,35.929298,0.000000,43
23,23801513242643,38.071052,0.000000,43
24,23801551313695,30.996097,0.000000,43
25,23801582309792,38.576265,0.000000,43
26,23801620886057,34.739212,0.000000,43
27,23801655625269,24.483472,0.000000,43
28,23801680108741,30.951925,0.000000,43
29,23801711060666,31.798138,0.000000,43
30,23801742858804,29.675469,0.000000,43
31,23801772534273,33.195178,0.000000,43
32,23801805729451,30.218940,0.000000,43
33,23801835948391,33.990068,0.000000,43
34,23801869938459,32.996488,0.000000,43
35,23801902934947,30.653654,0.000000,43
36,23801933588601,30.321678,0.000000,43
37,23801963910279,30.613341,0.000000,43
38,23801994523620,29.263757,0.000000,43
39,23802023787377,30.693857,0.000000,43
40,23802054481234,37.132655,0.000000,43
41,23802091613889,31.269114,0.000000,43
42,23802122883003,38.405257,0.000000,43
43,23802161288260,28.033984,0.000000,43
44,23802189322244,33.263671,0.000000,43
45,23802222585915,29.709199,0.000000,43
46,23802252295114,31.055097,0.000000,43
47,23802283350211,33.371798,0.000000,43
48,23802316722009,32.065206,0.000000,43
49,23802348787215,36.203437,0.000000,43
50,23802384990652,31.919349,0.000000,43
51,23802416910001,29.247144,0.000000,43
52,23802446157145,24.803987,0.000000,43
53,23802470961132,32.517012,0.000000,43
54,23802503478144,27.781206,0.000000,43
55,23802531259350,28.985051,0.000000,43
56,23802560244401,35.241245,0.000000,43
57,23802595485646,33.792651,0.000000,43
58,23802629278297,30.083425,0.000000,43
59,23802659361722,30.597510,0.000000,43
60,23802689959232,30.289855,0.000000,43
61,23802720249087,28.341045,0.000000,43
62,23802748590132,26.871795,0.000000,43
63,23802775461927,27.358609,0.000000,43
64,23802802820536,33.051858,0.000000,43
65,23802835872394,33.497673,0.000000,43
66,23802869370067,34.264493,0.000000,43
67,23802903634560,25.466247,0.000000,43
68,23802929100807,27.113276,0.000000,43
69,23802956214083,29.245186,0.000000,43
70,23802985459269,26.851650,0.000000,43
71,23803012310919,25.852346,0.000000,43
72,23803038163265,31.949464,0.000000,43
73,23803070112729,31.037074,0.000000,43
74,23803101149803,32.173591,0.000000,43
75,23803133323394,26.933012,0.000000,43
76,23803160256406,30.421444,0.000000,43
77,23803190677850,26.776587,0.000000,43
78,23803217454437,26.836387,0.000000,43
79,23803244290824,27.093123,0.000000,43
80,23803271383947,27.384450,0.000000,43
81,23803298768397,29.179178,0.000000,43
82,23803327947575,38.136900,0.000000,43
83,23803366084475,31.903520,0.000000,43
84,23803397987995,27.220923,0.000000,43
85,23803425208918,26.098788,0.000000,43
86,23803451307706,30.827470,0.000000,43
87,23803482135176,23.087231,0.000000,43
88,23803505222407,26.545126,0.000000,43
89,23803531767533,31.363789,0.000000,43
90,23803563131322,30.728478,0.000000,43
91,23803593859800,30.339902,0.000000,43
92,23803624199702,32.651059,0.000000,43
93,23803656850761,26.061425,0.000000,43
94,23803682912186,24.378656,0.000000,43
95,23803707290842,31.837327,0.000000,43
96,23803739128169,27.590553,0.000000,43
97,23803766718722,27.013173,0.000000,43
98,23803793731895,28.336903,0.000000,43
99,23803822068798,35.840700,0.000000,43
100,23803857909498,31.716558,0.000000,43
101,23803889626056,29.656275,0.000000,43
102,23803919282331,27.552831,0.000000,43
103,23803946835162,28.778452,0.000000,43
104,23803975613614,27.863719,0.000000,43
105,23804003477333,28.228854,0.000000,43
106,23804031706187,27.902633,0.000000,43
107,23804059608820,36.908319,0.000000,43
108,23804096517139,33.110419,0.000000,43
109,23804129627558,32.379156,0.000000,43
110,23804162006714,27.720561,0.000000,43
111,23804189727275,29.204741,0.000000,43
112,23804218932016,28.162605,0.000000,43
113,23804247094621,32.480136,0.000000,43
114,23804279574757,27.450781,0.000000,43
115,23804307025538,31.738085,0.000000,43
116,23804338763623,39.499655,0.000000,43
117,23804378263278,35.328850,0.000000,43
118,23804413592128,29.095055,0.000000,43
119,23804442687183,29.296580,0.000000,43
120,23804471983763,27.512613,0.000000,43
121,23804499496376,31.606852,0.000000,43
122,23804531103228,28.987986,0.000000,43
123,23804560091214,31.622322,0.000000,43
124,23804591713536,36.628274,0.000000,43
125,23804628341810,32.988825,0.000000,43
126,23804661330635,32.019877,0.000000,43
127,23804693350512,26.599164,0.000000,43
128,23804719949676,26.773900,0.000000,43
129,23804746723576,27.503363,0.000000,43
130,23804774226939,28.245016,0.000000,43
131,23804802471955,29.867801,0.000000,43
132,23804832339756,33.789145,0.000000,43
133,23804866128901,33.682757,0.000000,43
134,23804899811658,34.638071,0.000000,43
135,23804934449729,24.447506,0.000000,43
136,23804958897235,28.621291,0.000000,43
137,23804987518526,30.351820,0.000000,43
138,23805017870346,23.149237,0.000000,43
139,23805041019583,31.255939,0.000000,43
140,23805072275522,31.016941,0.000000,43
141,23805103292463,34.424782,0.000000,43
142,23805137717245,28.349116,0.000000,43
143,23805166066361,27.260290,0.000000,43
144,23805193326651,27.362634,0.000000,43
145,23805220689285,27.667503,0.000000,43
146,23805248356788,27.428355,0.000000,43
147,23805275785143,27.850610,0.000000,43
148,23805303635753,29.389525,0.000000,43
149,23805333025278,34.356438,0.000000,43
150,23805367381716,31.902593,0.000000,43
151,23805399284309,27.568632,0.000000,43
152,23805426852941,26.893875,0.000000,43
153,23805453746816,19.493993,0.000000,43
154,23805473240809,20.964686,0.000000,43
155,23805494205495,20.671528,0.000000,43
156,23805514877023,20.506358,0.000000,43
157,23805535383381,20.873416,0.000000,43
158,23805556256797,21.049809,0.000000,43
159,23805577306606,21.393198,0.000000,43
160,23805598699804,21.799166,0.000000,43
161,23805620498970,21.515361,0.000000,43
162,23805642014331,19.629300,0.000000,43
163,23805661643631,19.280800,0.000000,43
164,23805680924431,19.216788,0.000000,43
165,23805700141219,19.327020,0.000000,43
166,23805719468239,19.407041,0.000000,43
167,23805738875280,19.251161,0.000000,43
168,23805758126441,19.239275,0.000000,43
169,23805777365716,19.145463,0.000000,43
170,23805796511179,19.983985,0.000000,43
171,23805816495164,21.654143,0.000000,43
172,23805838149307,22.100506,0.000000,43
173,23805860249813,21.294312,0.000000,43
174,23805881544125,21.732960,0.000000,43
175,23805903277085,19.038220,0.000000,43
176,23805922315305,19.898466,0.000000,43
177,23805942213771,19.247595,0.000000,43
178,23805961461366,19.274365,0.000000,43
179,23805980735731,19.247656,0.000000,43
180,23805999983387,19.407371,0.000000,43
181,23806019390758,19.124900,0.000000,43
182,23806038515658,19.104258,0.000000,43
183,23806057619916,20.931661,0.000000,43
184,23806078551577,21.598008,0.000000,43
185,23806100149585,21.150668,0.000000,43
186,23806121300253,22.436160,0.000000,43
187,23806143736413,19.487218,0.000000,43
188,23806163223631,19.007083,0.000000,43
189,23806182230714,19.236434,0.000000,43
190,23806201467148,19.277123,0.000000,43
191,23806220744271,19.149171,0.000000,43
192,23806239893442,19.416037,0.000000,43
193,23806259309479,19.208477,0.000000,43
194,23806278517956,20.134247,0.000000,43
195,23806298652203,20.102711,0.000000,43
196,23806318754914,21.554015,0.000000,43
197,23806340308929,21.684801,0.000000,43
198,23806361993730,21.560286,0.000000,43
199,23806383554016,22.414787,0.000000,43
200,23806405968803,19.257758,0.000000,43
201,23806425226561,22.281339,0.000000,43
202,23806447507900,23.390837,0.000000,43
203,23806470898737,19.658700,0.000000,43
204,23806490557437,19.386181,0.000000,43
205,23806509943618,19.261575,0.000000,43
206,23806529205193,19.325192,0.000000,43
207,23806548530385,19.456364,0.000000,43
208,23806567986749,21.574079,0.000000,43
209,23806589560828,21.357090,0.000000,43
210,23806610917918,21.341117,0.000000,43
211,23806632259035,21.871424,0.000000,43
212,23806654130459,19.336916,0.000000,43
213,23806673467375,19.170545,0.000000,43
214,23806692637920,19.188077,0.000000,43
215,23806711825997,19.627390,0.000000,43
216,23806731453387,19.292518,0.000000,43
217,23806750745905,19.075347,0.000000,43
218,23806769821252,19.016396,0.000000,43
219,23806788837648,18.897174,0.000000,43
220,23806807734822,21.208902,0.000000,43
221,23806828943724,21.303184,0.000000,43
222,23806850246908,21.910747,0.000000,43
223,23806872157655,21.842340,0.000000,43
224,23806893999995,23.744880,0.000000,43
225,23806917744875,19.033211,0.000000,43
226,23806936778086,19.249369,0.000000,43
227,23806956027455,20.055117,0.000000,43
228,23806976082572,19.857052,0.000000,43
229,23806995939624,19.007057,0.000000,43
230,23807014946681,19.170562,0.000000,43
231,23807034117243,19.062129,0.000000,43
232,23807053179372,20.141124,0.000000,43
233,23807073320496,21.188858,0.000000,43
234,23807094509354,21.640321,0.000000,43
235,23807116149675,21.495410,0.000000,43
236,23807137645085,21.224511,0.000000,43
237,23807158869596,19.162657,0.000000,43
238,23807178032253,19.332873,0.000000,43
239,23807197365126,19.141257,0.000000,43
240,23807216506383,19.498464,0.000000,43
241,23807236004847,19.378392,0.000000,43
242,23807255383239,19.115664,0.000000,44
243,23807274498903,18.719042,0.000000,44
244,23807293217945,18.989727,0.000000,44
245,23807312207672,23.465076,0.000000,44
246,23807335672748,20.622686,0.000000,44
247,23807356295434,21.398796,0.000000,44
248,23807377694230,21.441885,0.000000,44
249,23807399136115,20.888634,0.000000,44
250,23807420024749,19.133576,0.000000,44
251,23807439158325,45.667542,0.000000,44
252,23807484825867,29.463960,0.000000,44
253,23807514289827,25.250005,0.000000,44
254,23807539539832,33.635565,0.000000,44
255,23807573175397,31.737807,0.000000,44
256,23807604913204,37.448065,0.000000,44
257,23807642361269,33.362556,0.000000,44
258,23807675723825,28.919012,0.000000,44
259,23807704642837,28.604003,0.000000,44
260,23807733246840,27.633485,0.000000,44
261,23807760880325,27.528533,0.000000,44
262,23807788408858,28.118546,0.000000,44
263,23807816527404,32.864936,0.000000,44
264,23807849392340,30.118709,0.000000,44
265,23807879511049,32.757183,0.000000,44
266,23807912268232,35.347048,0.000000,44
267,23807947615280,28.785226,0.000000,44
268,23807976400506,28.321270,0.000000,44
269,23808004721776,27.016083,0.000000,44
270,23808031737859,29.559466,0.000000,44
271,23808061297325,35.270841,0.000000,44
272,23808096568166,32.524912,0.000000,44
273,23808129093078,32.594899,0.000000,44
274,23808161687977,27.997691,0.000000,44
275,23808189685668,28.471612,0.000000,44
276,23808218157280,29.892871,0.000000,44
277,23808248050151,34.781385,0.000000,44
278,23808282831536,29.909052,0.000000,44
279,23808312740588,37.821803,0.000000,44
280,23808350562391,32.782741,0.000000,44
281,23808383345132,34.179893,0.000000,44
282,23808417525025,30.471488,0.000000,44
283,23808447996513,31.180336,0.000000,44
284,23808479176849,23.481867,0.000000,44
285,23808502658716,30.420094,0.000000,44
286,23808533078810,30.852929,0.000000,44
287,23808563931739,31.654330,0.000000,44
288,23808595586069,32.319368,0.000000,44
289,23808627905437,34.093243,0.000000,44
290,23808661998680,29.546587,0.000000,44
291,23808691545267,28.736379,0.000000,44
292,23808720281646,32.132744,0.000000,44
293,23808752414390,29.461656,0.000000,44
294,23808781876046,28.314480,0.000000,44
295,23808810190526,31.794540,0.000000,44
296,23808841985066,37.568551,0.000000,44
297,23808879553617,34.559545,0.000000,44
298,23808914113162,29.637623,0.000000,44
299,23808943750785,28.080062,0.000000,44
300,23808971830847,28.230929,0.000000,44
301,23809000061776,30.046126,0.000000,44
302,23809030107902,30.923502,0.000000,44
303,23809061031404,22.604962,0.000000,44
304,23809083636366,23.333933,0.000000,44
305,23809106970299,22.801946,0.000000,44
306,23809129772245,22.618228,0.000000,44
307,23809152390473,18.761978,0.000000,44
308,23809171152451,19.641765,0.000000,44
309,23809190794216,19.629031,0.000000,44
310,23809210423247,19.376858,0.000000,44
311,23809229800105,19.410296,0.000000,44
312,23809249210401,20.430595,0.000000,44
313,23809269640996,19.740237,0.000000,44
314,23809289381233,19.693806,0.000000,44
315,23809309075039,21.278180,0.000000,44
316,23809330353219,22.225981,0.000000,44
317,23809352579200,22.048841,0.000000,44
318,23809374628041,22.718684,0.000000,44
319,23809397346725,20.893791,0.000000,44
320,23809418240516,19.722147,0.000000,44
321,23809437962663,19.326220,0.000000,44
322,23809457288883,19.718037,0.000000,44
323,23809477006920,19.407443,0.000000,44
324,23809496414363,19.656690,0.000000,44
325,23809516071053,19.575575,0.000000,44
326,23809535646628,19.471872,0.000000,44
327,23809555118500,21.521906,0.000000,44
328,23809576640406,22.448278,0.000000,44
329,23809599088684,22.833600,0.000000,44
330,23809621922284,22.623007,0.000000,44
331,23809644545291,19.897502,0.000000,44
332,23809664442793,20.884099,0.000000,44
333,23809685326892,19.430759,0.000000,44
334,23809704757651,19.946620,0.000000,44
335,23809724704271,19.651718,0.000000,44
336,23809744355989,20.090750,0.000000,44
337,23809764446739,21.169117,0.000000,44
338,23809785615856,20.030431,0.000000,44
339,23809805646287,21.365645,0.000000,44
340,23809827011932,22.277978,0.000000,44
341,23809849289910,21.838979,0.000000,44
342,23809871128889,22.923962,0.000000,44
343,23809894052851,21.691775,0.000000,44
344,23809915744626,20.173599,0.000000,44
345,23809935918225,20.011929,0.000000,44
346,23809955930154,20.310163,0.000000,44
347,23809976240317,19.993002,0.000000,44
348,23809996233319,19.945634,0.000000,44
349,23810016178953,19.163518,0.000000,44
350,23810035342471,27.516525,0.000000,44
351,23810062858996,21.763116,0.000000,44
352,23810084622112,22.389500,0.000000,44
353,23810107011612,22.288142,0.000000,44
354,23810129299754,21.680816,0.000000,44
355,23810150980570,19.745687,0.000000,44
356,23810170726257,20.208058,0.000000,44
357,23810190934315,19.646381,0.000000,44
358,23810210580696,19.419357,0.000000,44
359,23810230000053,19.168678,0.000000,44
360,23810249168731,20.792485,0.000000,44
361,23810269961216,21.019972,0.000000,44
362,23810290981188,20.972475,0.000000,44
363,23810311953663,23.180786,0.000000,44
364,23810335134449,23.969481,0.000000,44
365,23810359103930,21.521589,0.000000,44
366,23810380625519,21.755152,0.000000,44
367,23810402380671,20.188141,0.000000,44
368,23810422568812,19.614287,0.000000,44
369,23810442183099,19.117727,0.000000,44
370,23810461300826,19.219079,0.000000,44
371,23810480519905,19.060461,0.000000,44
372,23810499580366,19.551120,0.000000,44
373,23810519131486,19.937273,0.000000,44
374,23810539068759,24.039211,0.000000,44
375,23810563107970,24.091092,0.000000,44
376,23810587199062,25.293002,0.000000,44
377,23810612492064,23.888523,0.000000,44
378,23810636380587,23.311327,0.000000,44
379,23810659691914,19.899044,0.000000,44
380,23810679590958,19.617895,0.000000,44
381,23810699208853,20.014420,0.000000,44
382,23810719223273,19.756943,0.000000,44
383,23810738980216,19.840142,0.000000,44
384,23810758820358,19.444995,0.000000,44
385,23810778265353,19.521452,0.000000,44
386,23810797786805,19.576324,0.000000,44
387,23810817363129,23.088083,0.000000,44
388,23810840451212,21.416363,0.000000,44
389,23810861867575,21.697385,0.000000,44
390,23810883564960,22.416657,0.000000,44
391,23810905981617,19.217115,0.000000,44
392,23810925198732,19.691966,0.000000,44
393,23810944890698,19.525517,0.000000,44
394,23810964416215,20.246646,0.000000,44
395,23810984662861,20.162024,0.000000,44
396,23811004824885,19.440416,0.000000,44
397,23811024265301,20.127529,0.000000,44
398,23811044392830,45.050345,0.000000,44
399,23811089443175,45.544761,0.000000,44
400,23811134987936,37.945316,0.000000,44
401,23811172933252,28.845185,0.000000,44
402,23811201778437,30.381948,0.000000,44
403,23811232160385,34.089718,0.000000,44
404,23811266250103,29.834560,0.000000,44
405,23811296084663,30.427379,0.000000,44
406,23811326512042,35.710187,0.000000,44
407,23811362222229,35.765976,0.000000,44
408,23811397988205,32.680990,0.000000,44
409,23811430669195,30.651923,0.000000,44
410,23811461321118,35.256495,0.000000,44
411,23811496577613,29.882496,0.000000,44
412,23811526460109,29.007176,0.000000,44
413,23811555467285,36.261053,0.000000,44
414,23811591728338,33.588048,0.000000,44
415,23811625316386,29.194700,0.000000,44
416,23811654511086,28.067563,0.000000,44
417,23811682578649,32.433144,0.000000,44
418,23811715011793,25.442768,0.000000,44
419,23811740454561,31.143718,0.000000,44
420,23811771598279,30.201592,0.000000,44
421,23811801799871,31.653397,0.000000,44
422,23811833453268,45.257276,0.000000,44
423,23811878710544,38.701531,0.000000,44
424,23811917412075,29.418177,0.000000,44
425,23811946830252,31.541762,0.000000,44
426,23811978372014,30.402097,0.000000,44
427,23812008774111,25.136235,0.000000,44
428,23812033910346,32.350470,0.000000,44
429,23812066260816,30.121934,0.000000,44
430,23812096382750,36.940586,0.000000,44
431,23812133323336,32.156937,0.000000,44
432,23812165480273,27.436362,0.000000,44
433,23812192916635,31.225603,0.000000,44
434,23812224142238,30.717253,0.000000,44
435,23812254859491,28.880611,0.000000,44
436,23812283740102,28.053595,0.000000,44
437,23812311793697,30.904304,0.000000,44
438,23812342698001,36.412498,0.000000,44
439,23812379110499,32.372400,0.000000,44
440,23812411482899,30.817964,0.000000,44
441,23812442300863,29.867305,0.000000,44
442,23812472168168,27.444211,0.000000,44
443,23812499612379,26.984463,0.000000,44
444,23812526596842,30.335693,0.000000,44
445,23812556932535,33.220148,0.000000,44
446,23812590152683,30.330964,0.000000,44
447,23812620483647,35.743384,0.000000,44
448,23812656227031,26.803845,0.000000,44
449,23812683030876,25.549804,0.000000,44
450,23812708580680,28.589434,0.000000,44
451,23812737170114,26.737387,0.000000,44
452,23812763907501,27.151914,0.000000,44
453,23812791059415,27.068572,0.000000,44
454,23812818127987,31.574746,0.000000,44
455,23812849702733,33.198106,0.000000,44
456,23812882900839,31.031916,0.000000,44
457,23812913932755,29.107129,0.000000,44
458,23812943039884,27.727638,0.000000,44
459,23812970767522,26.856841,0.000000,44
460,23812997624363,31.757417,0.000000,44
461,23813029381780,24.576727,0.000000,44
462,23813053958507,25.732642,0.000000,44
463,23813079691149,34.825831,0.000000,44
464,23813114516980,31.152968,0.000000,44
465,23813145669948,29.012610,0.000000,44
466,23813174682558,27.414354,0.000000,44
467,23813202096912,28.002987,0.000000,44
468,23813230099899,26.767949,0.000000,44
469,23813256867848,27.639787,0.000000,44
470,23813284507635,30.275654,0.000000,44
471,23813314783289,28.627197,0.000000,44
472,23813343410486,32.038418,0.000000,44
473,23813375448904,34.849640,0.000000,44
474,23813410298544,29.005693,0.000000,44
475,23813439304237,26.859530,0.000000,44
476,23813466163767,28.066997,0.000000,44
477,23813494230764,28.812252,0.000000,44
478,23813523043016,27.152320,0.000000,44
479,23813550195336,28.663868,0.000000,44
480,23813578859204,36.090612,0.000000,44
481,23813614949816,34.569141,0.000000,44
482,23813649518957,30.905689,0.000000,44
483,23813680424646,27.373918,0.000000,44
484,23813707798564,28.099228,0.000000,44
485,23813735897792,19.785825,0.000000,44
486,23813755683617,19.840357,0.000000,44
487,23813775523974,19.624828,0.000000,44
488,23813795148802,19.098044,0.000000,44
489,23813814246846,20.608041,0.000000,44
490,23813834854887,24.332665,0.000000,44
491,23813859187552,21.466403,0.000000,44
492,23813880653955,22.057143,0.000000,44
493,23813902711098,20.879166,0.000000,44
494,23813923590264,19.566284,0.000000,44
495,23813943156548,19.422826,0.000000,44
496,23813962579374,18.942233,0.000000,44
497,23813981521607,19.126760,0.000000,44
498,23814000648367,19.114185,0.000000,44
499,23814019762552,19.229826,0.000000,44
500,23814038992378,19.368977,0.000000,44
501,23814058361355,19.688550,0.000000,44
502,23814078049905,21.301089,0.000000,44
503,23814099350994,21.331747,0.000000,44
504,23814120682741,21.789946,0.000000,44
505,23814142472687,21.910118,0.000000,44
506,23814164382805,21.741943,0.000000,44
507,23814186124748,18.883085,0.000000,44
508,23814205007833,19.746283,0.000000,44
509,23814224754116,19.114321,0.000000,44
510,23814243868437,19.190004,0.000000,44
511,23814263058441,19.421991,0.000000,44
512,23814282480432,19.862392,0.000000,44
513,23814302342824,19.359998,0.000000,44
514,23814321702822,22.086136,0.000000,44
515,23814343788958,21.150261,0.000000,44
516,23814364939219,21.300928,0.000000,44
517,23814386240147,21.776051,0.000000,44
518,23814408016198,21.618192,0.000000,44
519,23814429634390,19.317211,0.000000,44
520,23814448951601,19.583931,0.000000,44
521,23814468535532,19.949086,0.000000,44
522,23814488484618,19.348221,0.000000,44
523,23814507832839,19.438459,0.000000,44
524,23814527271298,19.209648,0.000000,44
525,23814546480946,19.337562,0.000000,44
526,23814565818508,21.200893,0.000000,44
527,23814587019401,21.895529,0.000000,44
528,23814608914930,22.013172,0.000000,44
529,23814630928102,21.864685,0.000000,44
530,23814652792787,20.052132,0.000000,44
531,23814672844919,19.529887,0.000000,44
532,23814692374806,19.536484,0.000000,44
533,23814711911290,25.235002,0.000000,44
534,23814737146292,19.227819,0.000000,44
535,23814756374111,19.166732,0.000000,44
536,23814775540843,19.313312,0.000000,44
537,23814794854155,19.268856,0.000000,44
538,23814814123011,20.642321,0.000000,44
539,23814834765332,22.119919,0.000000,44
540,23814856885251,22.259986,0.000000,44
541,23814879145237,21.767134,0.000000,44
542,23814900912371,23.074084,0.000000,44
543,23814923986455,19.437881,0.000000,44
544,23814943424336,19.158750,0.000000,44
545,23814962583086,19.272871,0.000000,44
546,23814981855957,19.506925,0.000000,44
547,23815001362882,19.264872,0.000000,44
548,23815020627754,19.822685,0.000000,44
549,23815040450439,19.167890,0.000000,44
550,23815059618329,19.924940,0.000000,44
551,23815079543269,21.425938,0.000000,44
552,23815100969207,21.855817,0.000000,44
553,23815122825024,21.545038,0.000000,44
554,23815144370062,22.160714,0.000000,44
555,23815166530776,19.928239,0.000000,44
556,23815186459015,19.595928,0.000000,44
557,23815206054943,19.305246,0.000000,44
558,23815225360189,19.253938,0.000000,44
559,23815244614127,19.426842,0.000000,44
560,23815264040969,19.893842,0.000000,44
561,23815283934811,18.962617,0.000000,44
562,23815302897428,19.099607,0.000000,44
563,23815321997035,21.654108,0.000000,44
564,23815343651143,21.864712,0.000000,44
565,23815365515855,22.049092,0.000000,44
566,23815387564947,20.294778,0.000000,44
567,23815407859725,19.064947,0.000000,44
568,23815426924672,19.267513,0.000000,44
569,23815446192185,19.461542,0.000000,44
570,23815465653727,19.415855,0.000000,44
571,23815485069582,19.582617,0.000000,44
572,23815504652199,19.439276,0.000000,44
573,23815524091475,26.268528,0.000000,44
574,23815550360003,23.440300,0.000000,44
575,23815573800303,26.165221,0.000000,44
576,23815599965524,21.977236,0.000000,44
577,23815621942760,21.716565,0.000000,44
578,23815643659325,21.001250,0.000000,44
579,23815664660575,19.580678,0.000000,44
580,23815684241253,19.243313,0.000000,44
581,23815703484566,19.245153,0.000000,44
582,23815722729719,28.241585,0.000000,44
583,23815750971304,19.506351,0.000000,44
584,23815770477655,19.529389,0.000000,44
585,23815790007044,19.786114,0.000000,44
586,23815809793158,19.997187,0.000000,45
587,23815829790345,21.572068,0.000000,45
588,23815851362413,21.854151,0.000000,45
589,23815873216564,22.521855,0.000000,45
590,23815895738419,19.050174,0.000000,45
591,23815914788593,19.313977,0.000000,45
592,23815934102570,19.575578,0.000000,45
593,23815953678148,19.647134,0.000000,45
594,23815973325282,19.707004,0.000000,45
595,23815993032286,19.523900,0.000000,45
596,23816012556186,19.579362,0.000000,45
597,23816032135548,19.388458,0.000000,45
598,23816051524006,19.616910,0.000000,45
599,23816071140916,21.479815,0.000000,45
600,23816092620731,22.096480,0.000000,45
601,23816114717211,21.379529,0.000000,45
602,23816136096740,21.540947,0.000000,45
603,23816157637687,19.641237,0.000000,45
604,23816177278924,19.538780,0.000000,45
605,23816196817704,19.647086,0.000000,45
606,23816216464790,19.302392,0.000000,45
607,23816235767182,19.144814,0.000000,45
608,23816254911996,19.507560,0.000000,45
609,23816274419556,19.293595,0.000000,45
610,23816293713151,19.943958,0.000000,45
611,23816313657109,20.534765,0.000000,45
612,23816334191874,21.825111,0.000000,45
613,23816356016985,21.776450,0.000000,45
614,23816377793435,21.855381,0.000000,45
615,23816399648816,21.618594,0.000000,45
616,23816421267410,19.688170,0.000000,45
617,23816440955580,20.178780,0.000000,45
618,23816461134360,19.356673,0.000000,45
619,23816480491033,19.203656,0.000000,45
620,23816499694689,19.426222,0.000000,45
621,23816519120911,19.284944,0.000000,45
622,23816538405855,19.669097,0.000000,45
623,23816558074952,19.397651,0.000000,45
624,23816577472603,22.231590,0.000000,45
625,23816599704193,21.419412,0.000000,45
626,23816621123605,21.698920,0.000000,45
627,23816642822525,21.674054,0.000000,45
628,23816664496579,20.161644,0.000000,45
629,23816684658223,19.511422,0.000000,45
630,23816704169645,19.479635,0.000000,45
631,23816723649280,41.147455,0.000000,45
632,23816764796735,34.862446,0.000000,45
633,23816799659181,29.139274,0.000000,45
634,23816828798455,32.235783,0.000000,45
635,23816861034238,37.162644,0.000000,45
636,23816898196882,35.052613,0.000000,45
637,23816933249495,28.755810,0.000000,45
638,23816962005305,32.657345,0.000000,45
639,23816994662650,32.138704,0.000000,45
640,23817026801354,30.736536,0.000000,45
641,23817057537890,30.954230,0.000000,45
642,23817088492120,36.135123,0.000000,45
643,23817124627243,36.767318,0.000000,45
644,23817161394561,27.999454,0.000000,45
645,23817189394015,28.963053,0.000000,45
646,23817218357068,36.018071,0.000000,45
647,23817254375139,28.573312,0.000000,45
648,23817282948451,29.573953,0.000000,45
649,23817312522404,34.381448,0.000000,45
650,23817346903852,36.227723,0.000000,45
651,23817383131575,34.835040,0.000000,45
652,23817417966615,28.342153,0.000000,45
653,23817446308768,34.816435,0.000000,45
654,23817481125203,29.189180,0.000000,45
655,23817510314383,28.188230,0.000000,45
656,23817538502613,30.133149,0.000000,45
657,23817568635762,35.655022,0.000000,45
658,23817604290784,36.208345,0.000000,45
659,23817640499129,36.052777,0.000000,45
660,23817676551906,34.137028,0.000000,45
661,23817710688934,29.444612,0.000000,45
662,23817740133546,24.869359,0.000000,45
663,23817765002905,33.365046,0.000000,45
664,23817798367951,38.330680,0.000000,45
665,23817836698631,38.317242,0.000000,45
666,23817875015873,56.313858,0.000000,45
667,23817931329731,30.844802,0.000000,45
668,23817962174533,32.433927,0.000000,45
669,23817994608460,30.415488,0.000000,45
670,23818025023948,28.539493,0.000000,45
671,23818053563441,28.127221,0.000000,45
672,23818081690662,34.649279,0.000000,45
673,23818116339941,35.098703,0.000000,45
674,23818151438644,27.611739,0.000000,45
675,23818179050383,28.686150,0.000000,45
676,23818207736533,31.418403,0.000000,45
677,23818239154936,33.602119,0.000000,45
678,23818272757055,28.861398,0.000000,45
679,23818301618453,28.459313,0.000000,45
680,23818330077766,35.470584,0.000000,45
681,23818365548350,31.275422,0.000000,45
682,23818396823772,30.253547,0.000000,45
683,23818427077319,27.471817,0.000000,45
684,23818454549136,31.433004,0.000000,45
685,23818485982140,27.826744,0.000000,45
686,23818513808884,27.630804,0.000000,45
687,23818541439688,27.900984,0.000000,45
688,23818569340672,33.243013,0.000000,45
689,23818602583685,31.734988,0.000000,45
690,23818634318673,30.245106,0.000000,45
691,23818664563779,22.828369,0.000000,45
692,23818687392148,19.988508,0.000000,45
693,23818707380656,20.675175,0.000000,45
694,23818728055831,20.013244,0.000000,45
695,23818748069075,19.777133,0.000000,45
696,23818767846208,19.795008,0.000000,45
697,23818787641216,19.918958,0.000000,45
698,23818807560174,20.393159,0.000000,45
699,23818827953333,22.093985,0.000000,45
700,23818850047318,22.242063,0.000000,45
701,23818872289381,22.507105,0.000000,45
702,23818894796486,22.316819,0.000000,45
703,23818917113305,19.966641,0.000000,45
704,23818937079946,20.174292,0.000000,45
705,23818957254238,20.197338,0.000000,45
706,23818977451576,20.269860,0.000000,45
707,23818997721436,19.661434,0.000000,45
708,23819017382870,20.513774,0.000000,45
709,23819037896644,22.378240,0.000000,45
710,23819060274884,24.782760,0.000000,45
711,23819085057644,25.343316,0.000000,45
712,23819110400960,26.424636,0.000000,45
713,23819136825596,26.456445,0.000000,45
714,23819163282041,24.405883,0.000000,45
715,23819187687924,22.772330,0.000000,45
716,23819210460254,23.040489,0.000000,45
717,23819233500743,23.596850,0.000000,45
718,23819257097593,23.777092,0.000000,45
719,23819280874685,23.579983,0.000000,45
720,23819304454668,22.492868,0.000000,45
721,23819326947536,26.350192,0.000000,45
722,23819353297728,25.694090,0.000000,45
723,23819378991818,25.616871,0.000000,45
724,23819404608689,27.114211,0.000000,45
725,23819431722900,22.185925,0.000000,45
726,23819453908825,22.091866,0.000000,45
727,23819476000691,21.965953,0.000000,45
728,23819497966644,22.160698,0.000000,45
729,23819520127342,22.753862,0.000000,45
730,23819542881204,22.863707,0.000000,45
731,23819565744911,22.217560,0.000000,45
732,23819587962471,23.288810,0.000000,45
733,23819611251281,24.182268,0.000000,45
734,23819635433549,26.373058,0.000000,45
735,23819661806607,24.164398,0.000000,45
736,23819685971005,20.117655,0.000000,45
737,23819706088660,19.980676,0.000000,45
738,23819726069336,20.334964,0.000000,45
739,23819746404300,20.108673,0.000000,45
740,23819766512973,20.321373,0.000000,45
741,23819786834346,19.995818,0.000000,45
742,23819806830164,20.474988,0.000000,45
743,23819827305152,22.972225,0.000000,45
744,23819850277377,22.379607,0.000000,45
745,23819872656984,22.983878,0.000000,45
746,23819895640862,22.614293,0.000000,45
747,23819918255155,20.253485,0.000000,45
748,23819938508640,20.341519,0.000000,45
749,23819958850159,20.119774,0.000000,45
750,23819978969933,20.464467,0.000000,45
751,23819999434400,20.007833,0.000000,45
752,23820019442233,20.143733,0.000000,45
753,23820039585966,21.095615,0.000000,45
754,23820060681581,20.842129,0.000000,45
755,23820081523710,22.817349,0.000000,45
756,23820104341059,23.721151,0.000000,45
757,23820128062210,22.133400,0.000000,45
758,23820150195610,22.298631,0.000000,45
759,23820172494241,20.781733,0.000000,45
760,23820193275974,20.315440,0.000000,45
761,23820213591414,20.268911,0.000000,45
762,23820233860325,20.230177,0.000000,45
763,23820254090502,20.164689,0.000000,45
764,23820274255191,19.982865,0.000000,45
765,23820294238056,20.649418,0.000000,45
766,23820314887474,21.170334,0.000000,45
767,23820336057808,22.279913,0.000000,45
768,23820358337721,22.760434,0.000000,45
769,23820381098155,22.125526,0.000000,45
770,23820403223681,24.181353,0.000000,45
771,23820427405034,19.880680,0.000000,45
772,23820447285714,20.016360,0.000000,45
773,23820467302074,20.162629,0.000000,45
774,23820487464703,20.437614,0.000000,45
775,23820507902317,20.021906,0.000000,45
776,23820527924223,19.894403,0.000000,45
777,23820547818626,19.767089,0.000000,45
778,23820567585715,22.014162,0.000000,45
779,23820589599877,22.242736,0.000000,45
780,23820611842613,22.447821,0.000000,45
781,23820634290434,27.021320,0.000000,45
782,23820661311754,43.312299,0.000000,45
783,23820704624053,32.081202,0.000000,45
784,23820736705255,34.157803,0.000000,45
785,23820770863058,34.931115,0.000000,45
786,23820805794173,39.902090,0.000000,45
787,23820845696263,36.894679,0.000000,45
788,23820882590942,38.942641,0.000000,45
789,23820921533583,34.993577,0.000000,45
790,23820956527160,30.706879,0.000000,45
791,23820987234039,34.305292,0.000000,45
792,23821021539331,31.733388,0.000000,45
793,23821053272719,36.929664,0.000000,45
794,23821090202383,33.364798,0.000000,45
795,23821123567181,39.470797,0.000000,45
796,23821163037978,31.939630,0.000000,45
797,23821194977608,29.327716,0.000000,45
798,23821224305324,30.645905,0.000000,45
799,23821254951229,32.902535,0.000000,45
800,23821287853764,31.781425,0.000000,45
801,23821319635189,37.942580,0.000000,45
802,23821357577769,38.111661,0.000000,45
803,23821395689430,31.584110,0.000000,45
804,23821427273540,33.247696,0.000000,45
805,23821460521236,33.697287,0.000000,45
806,23821494218523,28.901254,0.000000,45
807,23821523119777,34.425360,0.000000,45
808,23821557545137,29.988795,0.000000,45
809,23821587533932,38.946504,0.000000,45
810,23821626480436,37.579223,0.000000,45
811,23821664059659,36.099371,0.000000,45
812,23821700159030,34.166094,0.000000,45
813,23821734325124,30.229877,0.000000,45
814,23821764555001,32.436198,0.000000,45
815,23821796991199,27.139848,0.000000,45
816,23821824131047,31.190053,0.000000,45
817,23821855321100,33.220347,0.000000,45
818,23821888541447,42.685736,0.000000,45
819,23821931227183,24.715779,0.000000,45
820,23821955942962,33.011204,0.000000,45
821,23821988954166,29.932253,0.000000,45
822,23822018886419,33.364359,0.000000,45
823,23822052250778,27.060154,0.000000,45
824,23822079310932,34.678721,0.000000,45
825,23822113989653,37.735125,0.000000,45
826,23822151724778,34.389644,0.000000,45
827,23822186114422,28.800664,0.000000,45
828,23822214915086,33.661764,0.000000,45
829,23822248576850,32.580907,0.000000,45
830,23822281157757,29.838749,0.000000,45
831,23822310996506,33.403199,0.000000,45
832,23822344399705,36.034040,0.000000,45
833,23822380433745,36.598409,0.000000,45
834,23822417032154,29.488797,0.000000,45
835,23822446520951,33.868345,0.000000,45
836,23822480389296,30.170305,0.000000,45
837,23822510559601,30.966364,0.000000,45
838,23822541525965,39.003929,0.000000,45
839,23822580529894,41.398809,0.000000,45
840,23822621928703,45.505628,0.000000,45
841,23822667434331,36.025028,0.000000,45
842,23822703459359,27.947104,0.000000,45
843,23822731406463,28.889810,0.000000,45
844,23822760296273,30.100880,0.000000,45
845,23822790397153,30.020351,0.000000,45
846,23822820417504,32.332291,0.000000,45
847,23822852749795,35.480937,0.000000,45
848,23822888230732,36.578195,0.000000,45
849,23822924808927,30.485343,0.000000,45
850,23822955294270,30.476698,0.000000,45
851,23822985770968,28.499708,0.000000,45
852,23823014270676,28.230914,0.000000,45
853,23823042501590,32.969689,0.000000,45
854,23823075471279,34.716989,0.000000,45
855,23823110188268,33.559060,0.000000,45
856,23823143747328,31.729880,0.000000,45
857,23823175477208,33.153700,0.000000,45
858,23823208630908,32.800667,0.000000,45
859,23823241431575,39.024513,0.000000,45
860,23823280456088,38.681112,0.000000,45
861,23823319137200,39.461502,0.000000,45
862,23823358598702,42.714366,0.000000,45
863,23823401313068,46.586216,0.000000,45
864,23823447899284,34.406065,0.000000,45
865,23823482305349,38.210898,0.000000,45
866,23823520516247,37.406195,0.000000,45
867,23823557922442,34.036881,0.000000,45
868,23823591959323,40.627300,0.000000,45
869,23823632586623,34.963516,0.000000,45
870,23823667550139,34.518282,0.000000,45
871,23823702068421,28.747993,0.000000,45
872,23823730816414,28.899147,0.000000,45
873,23823759715561,28.735549,0.000000,45
874,23823788451110,34.587125,0.000000,45
875,23823823038235,32.213331,0.000000,45
876,23823855251566,33.890986,0.000000,45
877,23823889142552,29.524252,0.000000,45
878,23823918666804,34.163960,0.000000,45
879,23823952830764,35.120474,0.000000,45
880,23823987951238,34.255366,0.000000,45
881,23824022206604,23.346204,0.000000,45
882,23824045552808,32.531809,0.000000,45
883,23824078084617,42.869885,0.000000,45
884,23824120954502,39.728260,0.000000,45
885,23824160682762,33.747246,0.000000,45
886,23824194430008,27.163704,0.000000,45
887,23824221593712,28.677747,0.000000,45
888,23824250271459,29.768715,0.000000,45
889,23824280040174,31.245903,0.000000,45
890,23824311286077,34.944872,0.000000,45
891,23824346230949,38.195438,0.000000,45
892,23824384426387,32.267715,0.000000,45
893,23824416694102,32.471822,0.000000,45
894,23824449165924,29.078900,0.000000,45
895,23824478244824,30.174607,0.000000,45
896,23824508419431,33.512160,0.000000,45
897,23824541931591,28.840593,0.000000,45
898,23824570772184,32.259988,0.000000,45
899,23824603032172,38.549451,0.000000,45
900,23824641581623,35.701037,0.000000,45
901,23824677282660,30.462466,0.000000,45
902,23824707745126,31.218486,0.000000,45
903,23824738963612,29.488596,0.000000,45
904,23824768452208,28.396792,0.000000,45
905,23824796849000,28.673728,0.000000,45
906,23824825522728,38.259725,0.000000,45
907,23824863782453,38.102918,0.000000,45
908,23824901885371,34.936691,0.000000,45
909,23824936822062,31.502844,0.000000,45
910,23824968324906,30.175225,0.000000,45
911,23824998500131,31.460773,0.000000,45
912,23825029960904,27.616693,0.000000,45
913,23825057577597,27.328986,0.000000,45
914,23825084906583,34.568805,0.000000,45
915,23825119475388,39.298109,0.000000,45
916,23825158773497,33.705385,0.000000,45
917,23825192478882,29.521054,0.000000,45
918,23825221999936,28.904363,0.000000,45
919,23825250904299,29.032545,0.000000,45
920,23825279936844,21.004742,0.000000,46
921,23825300941586,20.424217,0.000000,46
922,23825321365803,21.469682,0.000000,46
923,23825342835485,23.930563,0.000000,46
924,23825366766048,21.209028,0.000000,46
925,23825387975076,26.085674,0.000000,46
926,23825414060750,24.486558,0.000000,46
927,23825438547308,24.554364,0.000000,46
928,23825463101672,21.368211,0.000000,46
929,23825484469883,19.636725,0.000000,46
930,23825504106608,20.256624,0.000000,46
931,23825524363232,20.019959,0.000000,46
932,23825544383191,20.257124,0.000000,46
933,23825564640315,19.896718,0.000000,46
934,23825584537033,23.110062,0.000000,46
935,23825607647095,22.692763,0.000000,46
936,23825630339858,22.532491,0.000000,46
937,23825652872349,21.747846,0.000000,46
938,23825674620195,20.332268,0.000000,46
939,23825694952463,20.207402,0.000000,46
940,23825715159865,20.268775,0.000000,46
941,23825735428640,19.693671,0.000000,46
942,23825755122311,20.151151,0.000000,46
943,23825775273462,20.283144,0.000000,46
944,23825795556606,20.198230,0.000000,46
945,23825815754836,20.037885,0.000000,46
946,23825835792721,24.206576,0.000000,46
947,23825859999297,22.530342,0.000000,46
948,23825882529639,23.051562,0.000000,46
949,23825905581201,21.810749,0.000000,46
950,23825927391950,20.641869,0.000000,46
951,23825948033819,19.514821,0.000000,46
952,23825967548640,20.465954,0.000000,46
953,23825988014594,20.070137,0.000000,46
954,23826008084731,20.348370,0.000000,46
955,23826028433101,20.214603,0.000000,46
956,23826048647704,19.760284,0.000000,46
957,23826068407988,20.626684,0.000000,46
958,23826089034672,23.891750,0.000000,46
959,23826112926422,23.859571,0.000000,46
960,23826136785993,22.927777,0.000000,46
961,23826159713770,19.887265,0.000000,46
962,23826179601035,20.258277,0.000000,46
963,23826199859312,20.610466,0.000000,46
964,23826220469778,20.053573,0.000000,46
965,23826240523351,20.017910,0.000000,46
966,23826260541261,29.099445,0.000000,46
967,23826289640706,20.462768,0.000000,46
968,23826310103474,20.288971,0.000000,46
969,23826330392445,21.942947,0.000000,46
970,23826352335392,22.728749,0.000000,46
971,23826375064141,22.569514,0.000000,46
972,23826397633655,22.804160,0.000000,46
973,23826420437815,20.037954,0.000000,46
974,23826440475769,20.048618,0.000000,46
975,23826460524387,20.503297,0.000000,46
976,23826481027684,19.986410,0.000000,46
977,23826501014094,20.205365,0.000000,46
978,23826521219459,20.096499,0.000000,46
979,23826541315958,19.933067,0.000000,46
980,23826561249025,20.250762,0.000000,46
981,23826581499787,22.270572,0.000000,46
982,23826603770359,22.464385,0.000000,46
983,23826626234744,22.534341,0.000000,46
984,23826648769085,22.714941,0.000000,46
985,23826671484026,20.095170,0.000000,46
986,23826691579196,19.986008,0.000000,46
987,23826711565204,20.361456,0.000000,46
988,23826731926660,20.784082,0.000000,46
989,23826752710742,19.778037,0.000000,46
990,23826772488779,20.280681,0.000000,46
991,23826792769460,19.956786,0.000000,46
992,23826812726246,20.053937,0.000000,46
993,23826832780183,22.376057,0.000000,46
994,23826855156240,22.348452,0.000000,46
995,23826877504692,23.274008,0.000000,46
996,23826900778700,22.837256,0.000000,46
997,23826923615956,20.090562,0.000000,46
998,23826943706518,20.573803,0.000000,46
999,23826964280321,21.657626,0.000000,46
1000,23826985937947,20.382350,0.000000,46
1001,23827006320297,20.202834,0.000000,46
1002,23827026523131,21.447308,0.000000,46
1003,23827047970439,20.300999,0.000000,46
1004,23827068271438,20.795589,0.000000,46
1005,23827089067027,22.774265,0.000000,46
1006,23827111841292,24.032819,0.000000,46
1007,23827135874111,24.771273,0.000000,46
1008,23827160645384,23.991865,0.000000,46
1009,23827184637249,21.527458,0.000000,46
1010,23827206164707,23.423525,0.000000,46
1011,23827229588232,22.673527,0.000000,46
1012,23827252261759,32.016685,0.000000,46
1013,23827284278444,40.544901,0.000000,46
1014,23827324823345,39.514961,0.000000,46
1015,23827364338306,37.750112,0.000000,46
1016,23827402088418,35.417038,0.000000,46
1017,23827437505456,29.910944,0.000000,46
1018,23827467416400,32.219173,0.000000,46
1019,23827499635573,33.092898,0.000000,46
1020,23827532728471,30.884916,0.000000,46
1021,23827563613387,30.645268,0.000000,46
1022,23827594258655,36.487220,0.000000,46
1023,23827630745875,37.220427,0.000000,46
1024,23827667966302,32.218966,0.000000,46
1025,23827700185268,32.497643,0.000000,46
1026,23827732682911,30.353178,0.000000,46
1027,23827763036089,29.171662,0.000000,46
1028,23827792207751,32.731038,0.000000,46
1029,23827824938789,31.630617,0.000000,46
1030,23827856569406,35.990555,0.000000,46
1031,23827892559961,30.552339,0.000000,46
1032,23827923112300,28.463792,0.000000,46
1033,23827951576092,32.890667,0.000000,46
1034,23827984466759,29.813450,0.000000,46
1035,23828014280209,27.409507,0.000000,46
1036,23828041689716,31.038498,0.000000,46
1037,23828072728214,29.978993,0.000000,46
1038,23828102707207,33.333291,0.000000,46
1039,23828136040498,35.967432,0.000000,46
1040,23828172007930,31.012250,0.000000,46
1041,23828203020180,30.731674,0.000000,46
1042,23828233751854,32.729905,0.000000,46
1043,23828266481759,26.663919,0.000000,46
1044,23828293145678,35.348641,0.000000,46
1045,23828328494319,35.230034,0.000000,46
1046,23828363724353,32.505617,0.000000,46
1047,23828396229970,34.525705,0.000000,46
1048,23828430755675,30.699302,0.000000,46
1049,23828461454977,29.884162,0.000000,46
1050,23828491339139,32.197536,0.000000,46
1051,23828523536675,31.205216,0.000000,46
1052,23828554741891,30.399288,0.000000,46
1053,23828585141179,38.335322,0.000000,46
1054,23828623476501,37.841521,0.000000,46
1055,23828661318022,33.199913,0.000000,46
1056,23828694517935,26.421261,0.000000,46
1057,23828720939196,31.126701,0.000000,46
1058,23828752065897,27.188252,0.000000,46
1059,23828779254149,30.797671,0.000000,46
1060,23828810051820,33.140207,0.000000,46
1061,23828843192027,29.352361,0.000000,46
1062,23828872544388,26.408421,0.000000,46
1063,23828898952809,24.490546,0.000000,46
1064,23828923443355,22.428118,0.000000,46
1065,23828945871473,22.052215,0.000000,46
1066,23828967923688,21.989551,0.000000,46
1067,23828989913239,20.759070,0.000000,46
1068,23829010672309,20.745875,0.000000,46
1069,23829031418184,21.027918,0.000000,46
1070,23829052446102,20.668173,0.000000,46
1071,23829073114275,21.818159,0.000000,46
1072,23829094932434,23.459186,0.000000,46
1073,23829118391620,24.125436,0.000000,46
1074,23829142517056,23.040983,0.000000,46
1075,23829165558039,21.590382,0.000000,46
1076,23829187148421,20.171162,0.000000,46
1077,23829207319583,20.861468,0.000000,46
1078,23829228181051,20.513948,0.000000,46
1079,23829248694999,20.332943,0.000000,46
1080,23829269027942,20.674805,0.000000,46
1081,23829289702747,20.782815,0.000000,46
1082,23829310485562,20.476776,0.000000,46
1083,23829330962338,22.232318,0.000000,46
1084,23829353194656,22.698011,0.000000,46
1085,23829375892667,22.488442,0.000000,46
1086,23829398381109,22.799016,0.000000,46
1087,23829421180125,20.617055,0.000000,46
1088,23829441797180,20.556185,0.000000,46
1089,23829462353365,20.177680,0.000000,46
1090,23829482531045,20.286911,0.000000,46
1091,23829502817956,19.916915,0.000000,46
1092,23829522734871,22.642316,0.000000,46
1093,23829545377187,20.817866,0.000000,46
1094,23829566195053,20.231417,0.000000,46
1095,23829586426470,23.088525,0.000000,46
1096,23829609514995,22.383020,0.000000,46
1097,23829631898015,22.512780,0.000000,46
1098,23829654410795,22.575989,0.000000,46
1099,23829676986784,20.182746,0.000000,46
1100,23829697169530,20.639069,0.000000,46
1101,23829717808599,20.419877,0.000000,46
1102,23829738228476,20.918106,0.000000,46
1103,23829759146582,19.938052,0.000000,46
1104,23829779084634,20.331696,0.000000,46
1105,23829799416330,20.372357,0.000000,46
1106,23829819788687,21.227553,0.000000,46
1107,23829841016240,22.860803,0.000000,46
1108,23829863877043,31.403056,0.000000,46
1109,23829895280099,22.393268,0.000000,46
1110,23829917673367,23.796344,0.000000,46
1111,23829941469711,22.175025,0.000000,46
1112,23829963644736,19.952080,0.000000,46
1113,23829983596816,20.097393,0.000000,46
1114,23830003694209,20.364623,0.000000,46
1115,23830024058832,20.575356,0.000000,46
1116,23830044634188,20.143108,0.000000,46
1117,23830064777296,20.201633,0.000000,46
1118,23830084978929,23.030112,0.000000,46
1119,23830108009041,22.807604,0.000000,46
1120,23830130816645,21.430204,0.000000,46
1121,23830152246849,20.660913,0.000000,46
1122,23830172907762,20.723150,0.000000,46
1123,23830193630912,20.209373,0.000000,46
1124,23830213840285,20.277195,0.000000,46
1125,23830234117480,20.454229,0.000000,46
1126,23830254571709,20.594686,0.000000,46
1127,23830275166395,20.022993,0.000000,46
1128,23830295189388,20.229178,0.000000,46
1129,23830315418566,20.056517,0.000000,46
1130,23830335475083,24.205492,0.000000,46
1131,23830359680575,22.879121,0.000000,46
1132,23830382559696,23.731739,0.000000,46
1133,23830406291435,22.091890,0.000000,46
1134,23830428383325,20.293173,0.000000,46
1135,23830448676498,23.506129,0.000000,46
1136,23830472182627,19.905985,0.000000,46
1137,23830492088612,19.912187,0.000000,46
1138,23830512000799,20.188289,0.000000,46
1139,23830532189088,20.258109,0.000000,46
1140,23830552447197,20.590022,0.000000,46
1141,23830573037219,20.518288,0.000000,46
1142,23830593555507,22.844673,0.000000,46
1143,23830616400180,22.549710,0.000000,46
1144,23830638949890,23.283502,0.000000,46
1145,23830662233392,20.124942,0.000000,46
1146,23830682358334,19.928562,0.000000,46
1147,23830702286896,20.415812,0.000000,46
1148,23830722702708,20.254571,0.000000,46
1149,23830742957279,19.951357,0.000000,46
1150,23830762908636,20.340381,0.000000,46
1151,23830783249017,19.872121,0.000000,46
1152,23830803121138,20.068629,0.000000,46
1153,23830823189767,20.503201,0.000000,46
1154,23830843692968,22.729805,0.000000,46
1155,23830866422773,50.218004,0.000000,46
1156,23830916640777,32.324225,0.000000,46
1157,23830948965002,30.380264,0.000000,46
1158,23830979345266,32.453621,0.000000,46
1159,23831011798887,29.142958,0.000000,46
1160,23831040941845,33.934245,0.000000,46
1161,23831074876090,29.011441,0.000000,46
1162,23831103887531,34.624207,0.000000,46
1163,23831138511738,36.795821,0.000000,46
1164,23831175307559,30.261889,0.000000,46
1165,23831205569448,34.533059,0.000000,46
1166,23831240102507,30.200830,0.000000,46
1167,23831270303337,35.315412,0.000000,46
1168,23831305618749,31.091366,0.000000,46
1169,23831336710115,38.071893,0.000000,46
1170,23831374782008,38.637364,0.000000,46
1171,23831413419372,31.456268,0.000000,46
1172,23831444875640,32.444233,0.000000,46
1173,23831477319873,29.697921,0.000000,46
1174,23831507017794,28.869985,0.000000,46
1175,23831535887779,34.377328,0.000000,46
1176,23831570265107,28.250906,0.000000,46
1177,23831598516013,32.837591,0.000000,46
1178,23831631353604,38.408047,0.000000,46
1179,23831669761651,35.657884,0.000000,46
1180,23831705419535,30.735398,0.000000,46
1181,23831736154933,28.740953,0.000000,46
1182,23831764895886,32.773806,0.000000,46
1183,23831797669692,31.841667,0.000000,46
1184,23831829511359,36.908572,0.000000,46
1185,23831866419931,36.239860,0.000000,46
1186,23831902659791,29.102721,0.000000,46
1187,23831931762512,30.554830,0.000000,46
1188,23831962317342,31.799021,0.000000,46
1189,23831994116363,30.085385,0.000000,46
1190,23832024201748,31.058583,0.000000,46
1191,23832055260331,32.558023,0.000000,46
1192,23832087818354,35.059278,0.000000,46
1193,23832122877632,35.224806,0.000000,46
1194,23832158102438,37.343209,0.000000,46
1195,23832195445647,32.106146,0.000000,46
1196,23832227551793,28.638455,0.000000,46
1197,23832256190248,30.738672,0.000000,46
1198,23832286928920,30.597184,0.000000,46
1199,23832317526104,31.657315,0.000000,46
1200,23832349183419,35.290176,0.000000,46
1201,23832384473595,37.328487,0.000000,46
1202,23832421802082,30.932690,0.000000,46
1203,23832452734772,33.614711,0.000000,46
1204,23832486349483,29.483236,0.000000,46
1205,23832515832719,32.727305,0.000000,46
1206,23832548560024,28.539626,0.000000,46
1207,23832577099650,29.953285,0.000000,46
1208,23832607052935,35.474285,0.000000,46
1209,23832642527220,35.313922,0.000000,46
1210,23832677841142,33.584883,0.000000,46
1211,23832711426025,29.083442,0.000000,46
1212,23832740509467,32.447048,0.000000,46
1213,23832772956515,27.750234,0.000000,46
1214,23832800706749,30.766895,0.000000,46
1215,23832831473644,33.985759,0.000000,46
1216,23832865459403,40.095092,0.000000,46
1217,23832905554495,34.968261,0.000000,46
1218,23832940522756,35.994611,0.000000,46
1219,23832976517367,31.534137,0.000000,46
1220,23833008051504,33.192124,0.000000,46
1221,23833041243628,30.119906,0.000000,46
1222,23833071363534,32.389357,0.000000,46
1223,23833103752891,33.775011,0.000000,46
1224,23833137527902,39.891632,0.000000,46
1225,23833177419534,39.057151,0.000000,46
1226,23833216476685,34.020826,0.000000,46
1227,23833250497511,27.925516,0.000000,46
1228,23833278423027,27.462157,0.000000,46
1229,23833305885184,29.048104,0.000000,46
1230,23833334933288,36.751638,0.000000,46
1231,23833371684926,33.851268,0.000000,46
1232,23833405536194,36.244640,0.000000,46
1233,23833441780834,28.436360,0.000000,46
1234,23833470217194,28.653167,0.000000,46
1235,23833498870361,38.923726,0.000000,46
1236,23833537794087,27.673230,0.000000,46
1237,23833565467317,22.321396,0.000000,46
1238,23833587788713,24.165578,0.000000,46
1239,23833611954291,23.134619,0.000000,46
1240,23833635088910,24.026742,0.000000,46
1241,23833659115652,23.061626,0.000000,46
1242,23833682177278,21.945968,0.000000,46
1243,23833704123246,20.714932,0.000000,46
1244,23833724838178,20.786408,0.000000,46
1245,23833745624586,20.099843,0.000000,46
1246,23833765724429,20.323333,0.000000,46
1247,23833786047762,20.188647,0.000000,46
1248,23833806236409,20.605085,0.000000,46
1249,23833826841494,20.932133,0.000000,46
1250,23833847773627,23.468646,0.000000,46
1251,23833871242273,23.505085,0.000000,46
1252,23833894747358,23.367876,0.000000,46
1253,23833918115234,22.161673,0.000000,46
1254,23833940276907,20.188767,0.000000,46
1255,23833960465674,20.407433,0.000000,46
1256,23833980873107,20.879678,0.000000,47
1257,23834001752785,20.937441,0.000000,47
1258,23834022690226,21.713263,0.000000,47
1259,23834044403489,20.947514,0.000000,47
1260,23834065351003,20.579633,0.000000,47
1261,23834085930636,24.821495,0.000000,47
1262,23834110752131,23.214743,0.000000,47
1263,23834133966874,23.876380,0.000000,47
1264,23834157843254,23.675281,0.000000,47
1265,23834181518535,20.713725,0.000000,47
1266,23834202232260,21.518828,0.000000,47
1267,23834223751088,19.992354,0.000000,47
1268,23834243743442,20.724531,0.000000,47
1269,23834264467973,21.508022,0.000000,47
1270,23834285975995,21.414492,0.000000,47
1271,23834307390487,20.633701,0.000000,47
1272,23834328024188,21.143407,0.000000,47
1273,23834349167595,22.890874,0.000000,47
1274,23834372058469,23.082353,0.000000,47
1275,23834395140822,22.594283,0.000000,47
1276,23834417735105,22.891202,0.000000,47
1277,23834440626307,20.333389,0.000000,47
1278,23834460959696,20.758892,0.000000,47
1279,23834481718588,20.897056,0.000000,47
1280,23834502615644,20.907894,0.000000,47
1281,23834523523538,20.902695,0.000000,47
1282,23834544426233,30.697876,0.000000,47
1283,23834575124109,21.115226,0.000000,47
1284,23834596239335,23.042308,0.000000,47
1285,23834619281643,22.554006,0.000000,47
1286,23834641835649,22.369182,0.000000,47
1287,23834664204831,22.231088,0.000000,47
1288,23834686435919,20.604534,0.000000,47
1289,23834707040453,20.432802,0.000000,47
1290,23834727473255,20.639610,0.000000,47
1291,23834748112865,20.125487,0.000000,47
1292,23834768238352,20.336520,0.000000,47
1293,23834788574872,20.424933,0.000000,47
1294,23834808999805,20.554356,0.000000,47
1295,23834829554161,21.366932,0.000000,47
1296,23834850921093,22.897757,0.000000,47
1297,23834873818850,22.520938,0.000000,47
1298,23834896339788,25.592482,0.000000,47
1299,23834921932270,21.219049,0.000000,47
1300,23834943151319,20.379172,0.000000,47
1301,23834963530491,21.113673,0.000000,47
1302,23834984644164,20.870170,0.000000,47
1303,23835005514334,20.566267,0.000000,47
1304,23835026080601,20.464656,0.000000,47
1305,23835046545257,20.435139,0.000000,47
1306,23835066980396,20.967024,0.000000,47
1307,23835087947420,22.498003,0.000000,47
1308,23835110445423,22.862352,0.000000,47
1309,23835133307775,22.779032,0.000000,47
1310,23835156086807,22.534473,0.000000,47
1311,23835178621280,21.513558,0.000000,47
1312,23835200134838,20.327770,0.000000,47
1313,23835220462608,20.843290,0.000000,47
1314,23835241305898,19.957964,0.000000,47
1315,23835261263862,20.278776,0.000000,47
1316,23835281542638,21.105849,0.000000,47
1317,23835302648487,19.917342,0.000000,47
1318,23835322565829,21.130504,0.000000,47
1319,23835343696333,22.806998,0.000000,47
1320,23835366503331,22.531423,0.000000,47
1321,23835389034754,22.977836,0.000000,47
1322,23835412012590,22.417981,0.000000,47
1323,23835434430571,20.828148,0.000000,47
1324,23835455258719,20.365207,0.000000,47
1325,23835475623926,20.250504,0.000000,47
1326,23835495874430,21.031372,0.000000,47
1327,23835516905802,20.108530,0.000000,47
1328,23835537014332,24.155833,0.000000,47
1329,23835561170165,22.757973,0.000000,47
1330,23835583928138,22.887204,0.000000,47
1331,23835606815342,22.659645,0.000000,47
1332,23835629474987,22.956298,0.000000,47
1333,23835652431285,22.587258,0.000000,47
1334,23835675018543,22.772429,0.000000,47
1335,23835697790972,21.007709,0.000000,47
1336,23835718798681,20.515879,0.000000,47
1337,23835739314560,20.427138,0.000000,47
1338,23835759741698,21.012275,0.000000,47
1339,23835780753973,20.404326,0.000000,47
1340,23835801158299,20.549143,0.000000,47
1341,23835821707442,21.222164,0.000000,47
1342,23835842929606,22.641519,0.000000,47
1343,23835865571125,23.074069,0.000000,47
1344,23835888645194,23.478456,0.000000,47
1345,23835912123650,22.513050,0.000000,47
1346,23835934636700,21.511083,0.000000,47
1347,23835956147783,20.765621,0.000000,47
1348,23835976913404,20.505026,0.000000,47
1349,23835997418430,20.711828,0.000000,47
1350,23836018130258,21.088176,0.000000,47
1351,23836039218434,20.712111,0.000000,47
1352,23836059930545,20.427380,0.000000,47
1353,23836080357925,21.395974,0.000000,47
1354,23836101753899,22.904976,0.000000,47
1355,23836124658875,22.797386,0.000000,47
1356,23836147456261,21.167817,0.000000,47
1357,23836168624078,20.425958,0.000000,47
1358,23836189050036,20.579478,0.000000,47
1359,23836209629514,20.714984,0.000000,47
1360,23836230344498,21.156028,0.000000,47
1361,23836251500526,20.680657,0.000000,47
1362,23836272181183,20.551887,0.000000,47
1363,23836292733070,21.228369,0.000000,47
1364,23836313961439,20.373711,0.000000,47
1365,23836334335150,23.837317,0.000000,47
1366,23836358172467,30.798407,0.000000,47
1367,23836388970874,25.195582,0.000000,47
1368,23836414166456,22.730492,0.000000,47
1369,23836436896948,20.446652,0.000000,47
1370,23836457343600,20.496311,0.000000,47
1371,23836477839911,20.795577,0.000000,47
1372,23836498635488,20.314834,0.000000,47
1373,23836518950322,20.711881,0.000000,47
1374,23836539662203,28.465229,0.000000,47
1375,23836568127432,48.475632,0.000000,47
1376,23836616603064,37.629805,0.000000,47
1377,23836654232869,34.819820,0.000000,47
1378,23836689052689,35.262965,0.000000,47
1379,23836724315654,34.328175,0.000000,47
1380,23836758643829,34.143928,0.000000,47
1381,23836792787757,33.597075,0.000000,47
1382,23836826384832,29.487725,0.000000,47
1383,23836855872557,37.956996,0.000000,47
1384,23836893829553,35.060795,0.000000,47
1385,23836928890348,35.307760,0.000000,47
1386,23836964198108,39.937488,0.000000,47
1387,23837004135596,30.690737,0.000000,47
1388,23837034826333,34.370427,0.000000,47
1389,23837069196760,30.002272,0.000000,47
1390,23837099199032,39.656772,0.000000,47
1391,23837138855804,40.475381,0.000000,47
1392,23837179331185,37.485966,0.000000,47
1393,23837216817151,36.579712,0.000000,47
1394,23837253396863,33.582159,0.000000,47
1395,23837286979022,37.655217,0.000000,47
1396,23837324634239,30.799123,0.000000,47
1397,23837355433362,44.302067,0.000000,47
1398,23837399735429,42.799483,0.000000,47
1399,23837442534912,35.302638,0.000000,47
1400,23837477837550,36.103954,0.000000,47
1401,23837513941504,36.493074,0.000000,47
1402,23837550434578,34.300681,0.000000,47
1403,23837584735259,35.970472,0.000000,47
1404,23837620705731,36.180854,0.000000,47
1405,23837656886585,34.990839,0.000000,47
1406,23837691877424,32.609950,0.000000,47
1407,23837724487374,28.687319,0.000000,47
1408,23837753174693,29.131178,0.000000,47
1409,23837782305871,33.171385,0.000000,47
1410,23837815477256,31.756162,0.000000,47
1411,23837847233418,39.219558,0.000000,47
1412,23837886452976,38.714626,0.000000,47
1413,23837925167602,32.820152,0.000000,47
1414,23837957987754,32.105745,0.000000,47
1415,23837990093499,31.239350,0.000000,47
1416,23838021332849,30.167782,0.000000,47
1417,23838051500631,34.463096,0.000000,47
1418,23838085963727,32.172078,0.000000,47
1419,23838118135805,38.644121,0.000000,47
1420,23838156779926,35.911392,0.000000,47
1421,23838192691318,29.913299,0.000000,47
1422,23838222604617,31.120639,0.000000,47
1423,23838253725256,32.942030,0.000000,47
1424,23838286667286,33.328223,0.000000,47
1425,23838319995509,35.254307,0.000000,47
1426,23838355249816,38.637476,0.000000,47
1427,23838393887292,33.341226,0.000000,47
1428,23838427228518,34.199539,0.000000,47
1429,23838461428057,30.834150,0.000000,47
1430,23838492262207,35.541057,0.000000,47
1431,23838527803264,34.766066,0.000000,47
1432,23838562569330,35.614710,0.000000,47
1433,23838598184040,39.910309,0.000000,47
1434,23838638094349,39.838890,0.000000,47
1435,23838677933239,35.237597,0.000000,47
1436,23838713170836,28.762439,0.000000,47
1437,23838741933275,30.276629,0.000000,47
1438,23838772209904,30.109345,0.000000,47
1439,23838802319249,32.775596,0.000000,47
1440,23838835094845,30.739267,0.000000,47
1441,23838865834112,37.947237,0.000000,47
1442,23838903781349,33.836564,0.000000,47
1443,23838937617913,31.746963,0.000000,47
1444,23838969364876,29.807030,0.000000,47
1445,23838999171906,30.919947,0.000000,47
1446,23839030091853,34.403229,0.000000,47
1447,23839064495082,31.968838,0.000000,47
1448,23839096463920,39.868676,0.000000,47
1449,23839136332596,38.037663,0.000000,47
1450,23839174370259,36.672354,0.000000,47
1451,23839211042613,29.328762,0.000000,47
1452,23839240371375,31.100180,0.000000,47
1453,23839271471555,33.168171,0.000000,47
1454,23839304639726,22.183768,0.000000,47
1455,23839326823494,21.460556,0.000000,47
1456,23839348284050,23.867808,0.000000,47
1457,23839372151858,23.674776,0.000000,47
1458,23839395826634,23.351176,0.000000,47
1459,23839419177810,22.188296,0.000000,47
1460,23839441366106,20.935020,0.000000,47
1461,23839462301126,20.438756,0.000000,47
1462,23839482739882,20.804084,0.000000,47
1463,23839503543966,20.431607,0.000000,47
1464,23839523975573,21.401339,0.000000,47
1465,23839545376912,20.642666,0.000000,47
1466,23839566019578,20.845698,0.000000,47
1467,23839586865276,22.102207,0.000000,47
1468,23839608967483,23.049000,0.000000,47
1469,23839632016483,23.351447,0.000000,47
1470,23839655367930,23.148763,0.000000,47
1471,23839678516693,22.618730,0.000000,47
1472,23839701135423,21.092002,0.000000,47
1473,23839722227425,20.658237,0.000000,47
1474,23839742885662,21.078798,0.000000,47
1475,23839763964460,20.715717,0.000000,47
1476,23839784680177,22.900027,0.000000,47
1477,23839807580204,25.405439,0.000000,47
1478,23839832985643,24.773758,0.000000,47
1479,23839857759401,25.002150,0.000000,47
1480,23839882761551,25.834813,0.000000,47
1481,23839908596364,23.909064,0.000000,47
1482,23839932505428,21.025425,0.000000,47
1483,23839953530853,20.858859,0.000000,47
1484,23839974389712,20.483044,0.000000,47
1485,23839994872756,20.608013,0.000000,47
1486,23840015480769,20.502722,0.000000,47
1487,23840035983491,20.485387,0.000000,47
1488,23840056468878,20.984327,0.000000,47
1489,23840077453205,20.443078,0.000000,47
1490,23840097896283,23.345248,0.000000,47
1491,23840121241531,22.704340,0.000000,47
1492,23840143945871,23.424440,0.000000,47
1493,23840167370311,22.280199,0.000000,47
1494,23840189650510,20.464044,0.000000,47
1495,23840210114554,20.629509,0.000000,47
1496,23840230744063,20.397638,0.000000,47
1497,23840251141701,20.553560,0.000000,47
1498,23840271695261,20.244040,0.000000,47
1499,23840291939301,28.634730,0.000000,47
1500,23840320574031,21.567011,0.000000,47
1501,23840342141042,22.779759,0.000000,47
1502,23840364920801,25.026515,0.000000,47
1503,23840389947316,22.985606,0.000000,47
1504,23840412932922,22.110791,0.000000,47
1505,23840435043713,20.583260,0.000000,47
1506,23840455626973,20.737968,0.000000,47
1507,23840476364941,20.668478,0.000000,47
1508,23840497033419,20.869429,0.000000,47
1509,23840517902848,20.804751,0.000000,47
1510,23840538707599,20.712802,0.000000,47
1511,23840559420401,20.284349,0.000000,47
1512,23840579704750,21.287283,0.000000,47
1513,23840600992033,22.860418,0.000000,47
1514,23840623852451,23.179109,0.000000,47
1515,23840647031560,22.456276,0.000000,47
1516,23840669487836,22.659703,0.000000,47
1517,23840692147539,20.821470,0.000000,47
1518,23840712969009,20.624331,0.000000,47
1519,23840733593340,20.364103,0.000000,47
1520,23840753957443,20.577067,0.000000,47
1521,23840774534510,20.564176,0.000000,47
1522,23840795098686,20.979393,0.000000,47
1523,23840816078079,20.496619,0.000000,47
1524,23840836574698,21.438600,0.000000,47
1525,23840858013298,23.662936,0.000000,47
1526,23840881676234,23.303954,0.000000,47
1527,23840904980188,22.996998,0.000000,47
1528,23840927977186,20.583330,0.000000,47
1529,23840948560516,20.461107,0.000000,47
1530,23840969021623,20.666103,0.000000,47
1531,23840989687726,20.335097,0.000000,47
1532,23841010022823,20.913356,0.000000,47
1533,23841030936179,20.410573,0.000000,47
1534,23841051346752,20.631741,0.000000,47
1535,23841071978493,20.490466,0.000000,47
1536,23841092468959,22.654497,0.000000,47
1537,23841115123456,23.518629,0.000000,47
1538,23841138642085,23.291852,0.000000,47
1539,23841161933937,22.509038,0.000000,47
1540,23841184442975,20.655678,0.000000,47
1541,23841205098653,20.461489,0.000000,47
1542,23841225560142,20.654291,0.000000,47
1543,23841246214433,20.674449,0.000000,47
1544,23841266888882,20.460618,0.000000,47
1545,23841287349500,31.853618,0.000000,47
1546,23841319203118,28.432021,0.000000,47
1547,23841347635139,40.445764,0.000000,47
1548,23841388080903,38.680143,0.000000,47
1549,23841426761046,34.064900,0.000000,47
1550,23841460825946,34.918831,0.000000,47
1551,23841495744777,29.088310,0.000000,47
1552,23841524833087,34.028185,0.000000,47
1553,23841558861272,31.165341,0.000000,47
1554,23841590026613,34.493552,0.000000,47
1555,23841624520165,40.896646,0.000000,47
1556,23841665416811,30.984380,0.000000,47
1557,23841696401191,30.364938,0.000000,47
1558,23841726766129,33.816175,0.000000,47
1559,23841760582304,30.295406,0.000000,47
1560,23841790877710,30.701377,0.000000,47
1561,23841821579087,34.741568,0.000000,47
1562,23841856320655,41.647908,0.000000,47
1563,23841897968563,37.799555,0.000000,47
1564,23841935768118,31.426775,0.000000,47
1565,23841967194893,35.684100,0.000000,47
1566,23842002878993,30.958522,0.000000,47
1567,23842033837515,34.510623,0.000000,47
1568,23842068348138,31.818071,0.000000,47
1569,23842100166209,40.742554,0.000000,47
1570,23842140908763,36.609063,0.000000,47
1571,23842177517826,35.311870,0.000000,47
1572,23842212829696,31.283193,0.000000,47
1573,23842244112889,29.105262,0.000000,47
1574,23842273218151,35.299989,0.000000,47
1575,23842308518140,38.651898,0.000000,47
1576,23842347170038,37.644334,0.000000,47
1577,23842384814372,39.080864,0.000000,47
1578,23842423895236,35.725731,0.000000,47
1579,23842459620967,29.302097,0.000000,47
1580,23842488923064,32.526847,0.000000,47
1581,23842521449911,31.480148,0.000000,47
1582,23842552930059,31.349300,0.000000,47
1583,23842584279359,37.052522,0.000000,47
1584,23842621331881,38.292719,0.000000,47
1585,23842659624600,35.313137,0.000000,47
1586,23842694937737,30.643311,0.000000,47
1587,23842725581048,28.877569,0.000000,47
1588,23842754458617,30.373695,0.000000,47
1589,23842784832312,30.948482,0.000000,47
1590,23842815780794,26.965322,0.000000,47
1591,23842842746116,32.923755,0.000000,47
1592,23842875669871,37.973221,0.000000,48
1593,23842913643092,36.807842,0.000000,48
1594,23842950450934,31.559537,0.000000,48
1595,23842982010471,33.071936,0.000000,48
1596,23843015082407,31.871724,0.000000,48
1597,23843046954131,30.179920,0.000000,48
1598,23843077134051,31.277487,0.000000,48
1599,23843108411538,30.248488,0.000000,48
1600,23843138660026,38.544306,0.000000,48
1601,23843177204332,45.671397,0.000000,48
1602,23843222875729,39.869247,0.000000,48
1603,23843262744976,36.246625,0.000000,48
1604,23843298991601,40.287387,0.000000,48
1605,23843339278988,33.846017,0.000000,48
1606,23843373125005,33.389727,0.000000,48
1607,23843406514732,38.048612,0.000000,48
1608,23843444563344,31.783368,0.000000,48
1609,23843476346712,26.874665,0.000000,48
1610,23843503221377,30.598351,0.000000,48
1611,23843533819728,34.145301,0.000000,48
1612,23843567965029,32.602366,0.000000,48
1613,23843600567395,52.014332,0.000000,48
1614,23843652581727,39.717037,0.000000,48
1615,23843692298764,31.114377,0.000000,48
1616,23843723413141,28.637920,0.000000,48
1617,23843752051061,31.767770,0.000000,48
1618,23843783818831,35.580345,0.000000,48
1619,23843819399176,32.947126,0.000000,48
1620,23843852346302,38.302090,0.000000,48
1621,23843890648392,37.283178,0.000000,48
1622,23843927931570,34.468687,0.000000,48
1623,23843962400257,30.593842,0.000000,48
1624,23843992994099,30.249158,0.000000,48
1625,23844023243257,39.388896,0.000000,48
1626,23844062632153,28.867900,0.000000,48
1627,23844091500053,34.217608,0.000000,48
1628,23844125717661,40.048756,0.000000,48
1629,23844165766417,35.877966,0.000000,48
1630,23844201644383,34.530525,0.000000,48
1631,23844236174908,36.412070,0.000000,48
1632,23844272586978,31.790744,0.000000,48
1633,23844304377722,27.357752,0.000000,48
1634,23844331735474,33.950701,0.000000,48
1635,23844365686175,42.395612,0.000000,48
1636,23844408081787,39.625548,0.000000,48
1637,23844447707335,30.832420,0.000000,48
1638,23844478539755,30.957523,0.000000,48
1639,23844509497278,33.248440,0.000000,48
1640,23844542745718,30.290650,0.000000,48
1641,23844573036368,32.019583,0.000000,48
1642,23844605055951,35.486437,0.000000,48
1643,23844640542388,37.497589,0.000000,48
1644,23844678039977,34.987056,0.000000,48
1645,23844713027033,30.332085,0.000000,48
1646,23844743359118,30.682851,0.000000,48
1647,23844774041969,39.096133,0.000000,48
1648,23844813138102,36.464114,0.000000,48
1649,23844849602216,33.117887,0.000000,48
1650,23844882720103,39.838152,0.000000,48
1651,23844922558255,34.530318,0.000000,48
1652,23844957088573,30.318219,0.000000,48
1653,23844987406792,33.627911,0.000000,48
1654,23845021034703,29.733957,0.000000,48
1655,23845050768660,27.867105,0.000000,48
1656,23845078635765,20.426111,0.000000,48
1657,23845099061876,23.323937,0.000000,48
1658,23845122385813,22.669128,0.000000,48
1659,23845145054941,22.392402,0.000000,48
1660,23845167447343,22.107710,0.000000,48
1661,23845189555053,20.131184,0.000000,48
1662,23845209686237,19.945610,0.000000,48
1663,23845229631847,20.078578,0.000000,48
1664,23845249710425,20.956660,0.000000,48
1665,23845270667085,21.167809,0.000000,48
1666,23845291834894,20.325474,0.000000,48
1667,23845312160368,19.804914,0.000000,48
1668,23845331965282,20.278301,0.000000,48
1669,23845352243583,23.251759,0.000000,48
1670,23845375495342,23.234357,0.000000,48
1671,23845398729699,22.503187,0.000000,48
1672,23845421232886,21.452475,0.000000,48
1673,23845442685361,20.227052,0.000000,48
1674,23845462912413,20.280220,0.000000,48
1675,23845483192633,19.777512,0.000000,48
1676,23845502970145,20.269421,0.000000,48
1677,23845523239566,20.774026,0.000000,48
1678,23845544013592,20.005737,0.000000,48
1679,23845564019329,20.187695,0.000000,48
1680,23845584207024,20.602146,0.000000,48
1681,23845604809170,22.757736,0.000000,48
1682,23845627566906,22.968772,0.000000,48
1683,23845650535678,22.574584,0.000000,48
1684,23845673110262,20.880023,0.000000,48
1685,23845693990285,19.854535,0.000000,48
1686,23845713844820,20.011139,0.000000,48
1687,23845733855959,19.913709,0.000000,48
1688,23845753769668,20.534105,0.000000,48
1689,23845774303773,20.165097,0.000000,48
1690,23845794468870,20.327677,0.000000,48
1691,23845814796547,20.088713,0.000000,48
1692,23845834885260,20.808261,0.000000,48
1693,23845855693521,22.672308,0.000000,48
1694,23845878365829,23.337076,0.000000,48
1695,23845901702905,23.052507,0.000000,48
1696,23845924755412,21.719041,0.000000,48
1697,23845946474453,19.964326,0.000000,48
1698,23845966438779,20.116994,0.000000,48
1699,23845986555773,19.742031,0.000000,48
1700,23846006297804,20.833533,0.000000,48
1701,23846027131337,20.305625,0.000000,48
1702,23846047436962,24.734192,0.000000,48
1703,23846072171154,23.038891,0.000000,48
1704,23846095210045,22.253212,0.000000,48
1705,23846117463257,22.167422,0.000000,48
1706,23846139630679,22.899579,0.000000,48
1707,23846162530258,23.188893,0.000000,48
1708,23846185719151,21.218185,0.000000,48
1709,23846206937336,20.020091,0.000000,48
1710,23846226957427,20.875079,0.000000,48
1711,23846247832506,19.962279,0.000000,48
1712,23846267794785,19.806657,0.000000,48
1713,23846287601442,20.191847,0.000000,48
1714,23846307793289,20.257344,0.000000,48
1715,23846328050633,20.007127,0.000000,48
1716,23846348057760,22.483555,0.000000,48
1717,23846370541315,22.949437,0.000000,48
1718,23846393490752,22.850412,0.000000,48
1719,23846416341164,22.451621,0.000000,48
1720,23846438792785,20.400347,0.000000,48
1721,23846459193132,19.843099,0.000000,48
1722,23846479036231,20.124559,0.000000,48
1723,23846499160790,21.013178,0.000000,48
1724,23846520173968,20.866089,0.000000,48
1725,23846541040057,20.098447,0.000000,48
1726,23846561138504,20.696356,0.000000,48
1727,23846581834860,19.999938,0.000000,48
1728,23846601834798,23.059067,0.000000,48
1729,23846624893865,22.443291,0.000000,48
1730,23846647337156,22.600358,0.000000,48
1731,23846669937514,24.150119,0.000000,48
1732,23846694087633,23.166001,0.000000,48
1733,23846717253634,19.911626,0.000000,48
1734,23846737165260,20.464205,0.000000,48
1735,23846757629465,20.082642,0.000000,48
1736,23846777712107,19.909061,0.000000,48
1737,23846797621168,20.139114,0.000000,48
1738,23846817760282,20.140276,0.000000,48
1739,23846837900558,21.024519,0.000000,48
1740,23846858925077,22.298433,0.000000,48
1741,23846881223510,22.567972,0.000000,48
1742,23846903791482,24.699950,0.000000,48
1743,23846928491432,20.342069,0.000000,48
1744,23846948833501,20.601525,0.000000,48
1745,23846969435026,21.187211,0.000000,48
1746,23846990622237,20.451636,0.000000,48
1747,23847011073873,20.666391,0.000000,48
1748,23847031740264,20.301128,0.000000,48
1749,23847052041392,29.670172,0.000000,48
1750,23847081711564,41.703918,0.000000,48
1751,23847123415482,45.065009,0.000000,48
1752,23847168480491,42.539877,0.000000,48
1753,23847211020368,29.103608,0.000000,48
1754,23847240123976,32.480072,0.000000,48
1755,23847272604048,31.919912,0.000000,48
1756,23847304523960,36.290784,0.000000,48
1757,23847340814744,31.542858,0.000000,48
1758,23847372357602,43.143865,0.000000,48
1759,23847415501467,34.063236,0.000000,48
1760,23847449564703,32.258452,0.000000,48
1761,23847481823155,33.028578,0.000000,48
1762,23847514851733,39.002741,0.000000,48
1763,23847553854474,37.546266,0.000000,48
1764,23847591400740,31.003534,0.000000,48
1765,23847622404274,39.055709,0.000000,48
1766,23847661459983,36.537287,0.000000,48
1767,23847697997270,30.302814,0.000000,48
1768,23847728300084,30.721159,0.000000,48
1769,23847759021243,33.219751,0.000000,48
1770,23847792240994,28.019784,0.000000,48
1771,23847820260778,29.766554,0.000000,48
1772,23847850027332,41.076669,0.000000,48
1773,23847891104001,37.381574,0.000000,48
1774,23847928485575,30.524679,0.000000,48
1775,23847959010254,32.251990,0.000000,48
1776,23847991262244,28.493976,0.000000,48
1777,23848019756220,30.477338,0.000000,48
1778,23848050233558,29.584866,0.000000,48
1779,23848079818424,33.710022,0.000000,48
1780,23848113528446,36.655386,0.000000,48
1781,23848150183832,37.303872,0.000000,48
1782,23848187487704,31.080375,0.000000,48
1783,23848218568079,32.955811,0.000000,48
1784,23848251523890,32.049071,0.000000,48
1785,23848283572961,34.557487,0.000000,48
1786,23848318130448,30.744343,0.000000,48
1787,23848348874791,35.575082,0.000000,48
1788,23848384449873,33.107046,0.000000,48
1789,23848417556919,33.728626,0.000000,48
1790,23848451285545,28.334536,0.000000,48
1791,23848479620081,31.479276,0.000000,48
1792,23848511099357,34.871128,0.000000,48
1793,23848545970485,30.319560,0.000000,48
1794,23848576290045,33.196630,0.000000,48
1795,23848609486675,49.522261,0.000000,48
1796,23848659008936,25.254675,0.000000,48
1797,23848684263611,22.598023,0.000000,48
1798,23848706861634,20.699730,0.000000,48
1799,23848727561364,20.265975,0.000000,48
1800,23848747827339,20.098000,0.000000,48
1801,23848767925339,20.009263,0.000000,48
1802,23848787934602,20.533943,0.000000,48
1803,23848808468545,20.633691,0.000000,48
1804,23848829102236,19.915933,0.000000,48
1805,23848849018169,22.641287,0.000000,48
1806,23848871659456,22.945136,0.000000,48
1807,23848894604592,23.185000,0.000000,48
1808,23848917789592,22.556589,0.000000,48
1809,23848940346181,20.458426,0.000000,48
1810,23848960804607,20.175112,0.000000,48
1811,23848980979719,20.266474,0.000000,48
1812,23849001246193,20.159690,0.000000,48
1813,23849021405883,20.437666,0.000000,48
1814,23849041843549,20.424423,0.000000,48
1815,23849062267972,20.342152,0.000000,48
1816,23849082610124,20.476991,0.000000,48
1817,23849103087115,23.889815,0.000000,48
1818,23849126976930,22.339549,0.000000,48
1819,23849149316479,22.746109,0.000000,48
1820,23849172062588,22.171660,0.000000,48
1821,23849194234248,21.619564,0.000000,48
1822,23849215853812,20.111317,0.000000,48
1823,23849235965129,20.364539,0.000000,48
1824,23849256329668,21.072242,0.000000,48
1825,23849277401910,19.995041,0.000000,48
1826,23849297396951,20.059511,0.000000,48
1827,23849317456462,20.200933,0.000000,48
1828,23849337657395,20.439304,0.000000,48
1829,23849358096699,22.803104,0.000000,48
1830,23849380899803,23.016060,0.000000,48
1831,23849403915863,22.497970,0.000000,48
1832,23849426413833,21.055751,0.000000,48
1833,23849447469584,20.800516,0.000000,48
1834,23849468270100,19.701423,0.000000,48
1835,23849487971523,19.939915,0.000000,48
1836,23849507911438,19.954021,0.000000,48
1837,23849527865459,19.965146,0.000000,48
1838,23849547830605,19.943325,0.000000,48
1839,23849567773930,19.887937,0.000000,48
1840,23849587661867,20.347319,0.000000,48
1841,23849608009186,22.201110,0.000000,48
1842,23849630210296,28.174793,0.000000,48
1843,23849658385089,22.530927,0.000000,48
1844,23849680916016,21.990203,0.000000,48
1845,23849702906219,19.848213,0.000000,48
1846,23849722754432,20.299594,0.000000,48
1847,23849743054026,20.122826,0.000000,48
1848,23849763176852,20.177890,0.000000,48
1849,23849783354742,20.449147,0.000000,48
1850,23849803803889,20.306382,0.000000,48
1851,23849824110271,20.251316,0.000000,48
1852,23849844361587,21.218594,0.000000,48
1853,23849865580181,22.682614,0.000000,48
1854,23849888262795,23.352520,0.000000,48
1855,23849911615315,23.425771,0.000000,48
1856,23849935041086,19.864005,0.000000,48
1857,23849954905091,20.040405,0.000000,48
1858,23849974945496,19.986097,0.000000,48
1859,23849994931593,21.526865,0.000000,48
1860,23850016458458,19.845790,0.000000,48
1861,23850036304248,20.775950,0.000000,48
1862,23850057080198,19.563298,0.000000,48
1863,23850076643496,20.050230,0.000000,48
1864,23850096693726,21.363446,0.000000,48
1865,23850118057172,22.357085,0.000000,48
1866,23850140414257,22.749292,0.000000,48
1867,23850163163549,22.583813,0.000000,48
1868,23850185747362,21.203452,0.000000,48
1869,23850206950814,20.151292,0.000000,48
1870,23850227102106,20.156015,0.000000,48
1871,23850247258121,19.937441,0.000000,48
1872,23850267195562,20.303929,0.000000,48
1873,23850287499491,19.942753,0.000000,48
1874,23850307442244,20.185028,0.000000,48
1875,23850327627272,20.316822,0.000000,48
1876,23850347944094,21.650166,0.000000,48
1877,23850369594260,22.695043,0.000000,48
1878,23850392289303,22.672072,0.000000,48
1879,23850414961375,22.823742,0.000000,48
1880,23850437785117,20.074878,0.000000,48
1881,23850457859995,20.070080,0.000000,48
1882,23850477930075,19.743073,0.000000,48
1883,23850497673148,19.805554,0.000000,48
1884,23850517478702,20.124290,0.000000,48
1885,23850537602992,20.168059,0.000000,48
1886,23850557771051,20.214070,0.000000,48
1887,23850577985121,20.355031,0.000000,48
1888,23850598340152,21.764087,0.000000,48
1889,23850620104239,25.436704,0.000000,48
1890,23850645540943,48.186917,0.000000,48
1891,23850693727860,32.744225,0.000000,48
1892,23850726472085,32.704735,0.000000,48
1893,23850759176820,28.545374,0.000000,48
1894,23850787722194,30.248918,0.000000,48
1895,23850817971112,30.457823,0.000000,48
1896,23850848428935,38.054331,0.000000,48
1897,23850886483266,39.705879,0.000000,48
1898,23850926189145,35.920425,0.000000,48
1899,23850962109570,30.628232,0.000000,48
1900,23850992737802,29.016624,0.000000,48
1901,23851021754426,34.543447,0.000000,48
1902,23851056297873,31.745728,0.000000,48
1903,23851088043601,29.929766,0.000000,48
1904,23851117973367,37.423475,0.000000,48
1905,23851155396842,37.814078,0.000000,48
1906,23851193210920,35.561060,0.000000,48
1907,23851228771980,28.082453,0.000000,48
1908,23851256854433,30.208064,0.000000,48
1909,23851287062497,29.312791,0.000000,48
1910,23851316375288,33.279588,0.000000,48
1911,23851349654876,32.050243,0.000000,48
1912,23851381705119,38.392950,0.000000,48
1913,23851420098069,36.916508,0.000000,48
1914,23851457014577,28.629787,0.000000,48
1915,23851485644364,29.635229,0.000000,48
1916,23851515279593,35.351592,0.000000,48
1917,23851550631185,31.518683,0.000000,48
1918,23851582149868,30.379759,0.000000,48
1919,23851612529627,38.327794,0.000000,48
1920,23851650857421,37.458302,0.000000,48
1921,23851688315723,34.964101,0.000000,48
1922,23851723279824,38.001560,0.000000,48
1923,23851761281384,37.710503,0.000000,48
1924,23851798991887,33.862341,0.000000,48
1925,23851832854228,25.361935,0.000000,48
1926,23851858216163,38.258160,0.000000,48
1927,23851896474323,38.240060,0.000000,48
1928,23851934714383,33.906199,0.000000,48
1929,23851968620582,31.038707,0.000000,48
1930,23851999659289,29.197967,0.000000,48
1931,23852028857256,33.224059,0.000000,48
1932,23852062081315,29.841206,0.000000,48
1933,23852091922521,30.914460,0.000000,48
1934,23852122836981,38.274466,0.000000,48
1935,23852161111447,35.066546,0.000000,48
1936,23852196177993,38.503738,0.000000,48
1937,23852234681731,33.353594,0.000000,48
1938,23852268035325,40.676940,0.000000,48
1939,23852308712265,41.346118,0.000000,49
1940,23852350058383,48.175556,0.000000,49
1941,23852398233939,44.232477,0.000000,49
1942,23852442466416,51.012123,0.000000,49
1943,23852493478539,34.759342,0.000000,49
1944,23852528237881,48.439286,0.000000,49
1945,23852576677167,40.478624,0.000000,49
1946,23852617155791,44.809293,0.000000,49
1947,23852661965084,29.163474,0.000000,49
1948,23852691128558,30.469563,0.000000,49
1949,23852721598121,29.672007,0.000000,49
1950,23852751270128,28.442943,0.000000,49
1951,23852779713071,28.554539,0.000000,49
1952,23852808267610,30.795927,0.000000,49
1953,23852839063537,27.964879,0.000000,49
1954,23852867028416,33.616304,0.000000,49
1955,23852900644720,36.830421,0.000000,49
1956,23852937475141,30.433407,0.000000,49
1957,23852967908548,32.484011,0.000000,49
1958,23853000392559,27.691339,0.000000,49
1959,23853028083898,27.910757,0.000000,49
1960,23853055994655,28.735035,0.000000,49
1961,23853084729690,28.321133,0.000000,49
1962,23853113050823,33.887162,0.000000,49
1963,23853146937985,34.600411,0.000000,49
1964,23853181538396,32.756939,0.000000,49
1965,23853214295335,26.586817,0.000000,49
1966,23853240882152,29.453333,0.000000,49
1967,23853270335485,29.312159,0.000000,49
1968,23853299647644,29.380096,0.000000,49
1969,23853329027740,28.673392,0.000000,49
1970,23853357701132,33.718898,0.000000,49
1971,23853391420030,51.673347,0.000000,49
1972,23853443093377,31.186265,0.000000,49
1973,23853474279642,28.120235,0.000000,49
1974,23853502399877,20.352370,0.000000,49
1975,23853522752247,20.506148,0.000000,49
1976,23853543258395,20.670293,0.000000,49
1977,23853563928688,20.094157,0.000000,49
1978,23853584022845,20.382033,0.000000,49
1979,23853604404878,23.887244,0.000000,49
1980,23853628292122,22.815535,0.000000,49
1981,23853651107657,22.775798,0.000000,49
1982,23853673883455,23.000348,0.000000,49
1983,23853696883803,20.123175,0.000000,49
1984,23853717006978,20.544070,0.000000,49
1985,23853737551048,20.119543,0.000000,49
1986,23853757670591,20.022629,0.000000,49
1987,23853777693220,20.212240,0.000000,49
1988,23853797905460,20.230134,0.000000,49
1989,23853818135594,20.391961,0.000000,49
1990,23853838527555,20.229630,0.000000,49
1991,23853858757185,24.034032,0.000000,49
1992,23853882791217,22.992817,0.000000,49
1993,23853905784034,26.288724,0.000000,49
1994,23853932072758,21.824804,0.000000,49
1995,23853953897562,20.057148,0.000000,49
1996,23853973954710,20.586987,0.000000,49
1997,23853994541697,20.139625,0.000000,49
1998,23854014681322,20.404156,0.000000,49
1999,23854035085478,20.786917,0.000000,49
2000,23854055872395,20.523759,0.000000,49
2001,23854076396154,20.448401,0.000000,49
2002,23854096844555,21.268737,0.000000,49
2003,23854118113292,22.789717,0.000000,49
2004,23854140903009,22.540150,0.000000,49
2005,23854163443159,23.464063,0.000000,49
2006,23854186907222,20.186848,0.000000,49
2007,23854207094070,21.775078,0.000000,49
2008,23854228869148,20.940116,0.000000,49
2009,23854249809264,20.832324,0.000000,49
2010,23854270641588,21.009091,0.000000,49
2011,23854291650679,20.531528,0.000000,49
2012,23854312182207,20.743432,0.000000,49
2013,23854332925639,20.239442,0.000000,49
2014,23854353165081,21.043794,0.000000,49
2015,23854374208875,22.446071,0.000000,49
2016,23854396654946,22.943211,0.000000,49
2017,23854419598157,22.739238,0.000000,49
2018,23854442337395,21.159739,0.000000,49
2019,23854463497134,20.426353,0.000000,49
2020,23854483923487,28.934369,0.000000,49
2021,23854512857856,20.044646,0.000000,49
2022,23854532902502,20.778801,0.000000,49
2023,23854553681303,20.300015,0.000000,49
2024,23854573981318,20.147256,0.000000,49
2025,23854594128574,20.834324,0.000000,49
2026,23854614962898,23.064508,0.000000,49
2027,23854638027406,24.222666,0.000000,49
2028,23854662250072,22.512219,0.000000,49
2029,23854684762291,20.442348,0.000000,49
2030,23854705204639,20.587579,0.000000,49
2031,23854725792218,20.521128,0.000000,49
2032,23854746313346,20.270096,0.000000,49
2033,23854766583442,20.405401,0.000000,49
2034,23854786988843,20.202962,0.000000,49
2035,23854807191805,20.080450,0.000000,49
2036,23854827272255,20.486048,0.000000,49
2037,23854847758303,21.287022,0.000000,49
2038,23854869045325,23.389707,0.000000,49
2039,23854892435032,22.701952,0.000000,49
2040,23854915136984,23.934589,0.000000,49
2041,23854939071573,21.081261,0.000000,49
2042,23854960152834,21.124520,0.000000,49
2043,23854981277354,20.577687,0.000000,49
2044,23855001855041,20.077927,0.000000,49
2045,23855021932968,20.345975,0.000000,49
2046,23855042278943,20.600988,0.000000,49
2047,23855062879931,20.061883,0.000000,49
2048,23855082941814,20.175527,0.000000,49
2049,23855103117341,22.668157,0.000000,49
2050,23855125785498,22.544250,0.000000,49
2051,23855148329748,22.481616,0.000000,49
2052,23855170811364,21.730427,0.000000,49
2053,23855192541791,20.059250,0.000000,49
2054,23855212601041,20.070221,0.000000,49
2055,23855232671262,20.791065,0.000000,49
2056,23855253462327,19.840109,0.000000,49
2057,23855273302436,20.155937,0.000000,49
2058,23855293458373,20.225861,0.000000,49
2059,23855313684234,19.747588,0.000000,49
2060,23855333431822,20.169295,0.000000,49
2061,23855353601117,22.067895,0.000000,49
2062,23855375669012,22.847164,0.000000,49
2063,23855398516176,23.251792,0.000000,49
2064,23855421767968,22.529542,0.000000,49
2065,23855444297510,20.615343,0.000000,49
2066,23855464912853,20.427345,0.000000,49
2067,23855485340198,38.405122,0.000000,49
2068,23855523745320,32.432401,0.000000,49
2069,23855556177721,28.064861,0.000000,49
2070,23855584242582,28.195601,0.000000,49
2071,23855612438183,31.576120,0.000000,49
2072,23855644014303,34.867797,0.000000,49
2073,23855678882100,35.358181,0.000000,49
2074,23855714240281,29.353750,0.000000,49
2075,23855743594031,28.058242,0.000000,49
2076,23855771652273,33.378062,0.000000,49
2077,23855805030335,31.119311,0.000000,49
2078,23855836149646,28.380725,0.000000,49
2079,23855864530371,36.771680,0.000000,49
2080,23855901302051,34.325494,0.000000,49
2081,23855935627545,34.879686,0.000000,49
2082,23855970507231,31.253894,0.000000,49
2083,23856001761125,29.251441,0.000000,49
2084,23856031012566,33.135972,0.000000,49
2085,23856064148538,29.413267,0.000000,49
2086,23856093561805,30.443554,0.000000,49
2087,23856124005359,37.206920,0.000000,49
2088,23856161212279,33.428866,0.000000,49
2089,23856194641145,31.263897,0.000000,49
2090,23856225905042,31.405979,0.000000,49
2091,23856257311021,31.338036,0.000000,49
2092,23856288649057,28.417192,0.000000,49
2093,23856317066249,27.815302,0.000000,49
2094,23856344881551,31.390749,0.000000,49
2095,23856376272300,37.297104,0.000000,49
2096,23856413569404,32.748492,0.000000,49
2097,23856446317896,31.599453,0.000000,49
2098,23856477917349,30.355117,0.000000,49
2099,23856508272466,30.937822,0.000000,49
2100,23856539210288,32.676475,0.000000,49
2101,23856571886763,29.763836,0.000000,49
2102,23856601650599,36.073655,0.000000,49
2103,23856637724254,35.406096,0.000000,49
2104,23856673130350,36.216174,0.000000,49
2105,23856709346524,30.004578,0.000000,49
2106,23856739351102,28.178486,0.000000,49
2107,23856767529588,33.615559,0.000000,49
2108,23856801145147,30.153182,0.000000,49
2109,23856831298329,28.926611,0.000000,49
2110,23856860224940,39.055497,0.000000,49
2111,23856899280437,41.912037,0.000000,49
2112,23856941192474,37.386355,0.000000,49
2113,23856978578829,32.845951,0.000000,49
2114,23857011424780,27.554365,0.000000,49
2115,23857038979145,28.370995,0.000000,49
2116,23857067350140,28.143500,0.000000,49
2117,23857095493640,32.521856,0.000000,49
2118,23857128015496,38.937033,0.000000,49
2119,23857166952529,34.714234,0.000000,49
2120,23857201666763,28.792365,0.000000,49
2121,23857230459128,30.095598,0.000000,49
2122,23857260554726,32.711251,0.000000,49
2123,23857293265977,30.011184,0.000000,49
2124,23857323277161,28.951217,0.000000,49
2125,23857352228378,37.267053,0.000000,49
2126,23857389495431,37.632478,0.000000,49
2127,23857427127909,36.267378,0.000000,49
2128,23857463395287,32.307202,0.000000,49
2129,23857495702489,27.514912,0.000000,49
2130,23857523217401,30.960465,0.000000,49
2131,23857554177866,29.908682,0.000000,49
2132,23857584086548,30.142252,0.000000,49
2133,23857614228800,38.136188,0.000000,49
2134,23857652364988,34.710546,0.000000,49
2135,23857687075534,36.231959,0.000000,49
2136,23857723307493,35.216614,0.000000,49
2137,23857758524107,33.218086,0.000000,49
2138,23857791742193,28.107277,0.000000,49
2139,23857819849470,28.108603,0.000000,49
2140,23857847958073,30.160536,0.000000,49
2141,23857878118609,39.082442,0.000000,49
2142,23857917201051,36.697754,0.000000,49
2143,23857953898805,29.514704,0.000000,49
2144,23857983413509,28.831282,0.000000,49
2145,23858012244791,28.710912,0.000000,49
2146,23858040955703,32.502595,0.000000,49
2147,23858073458298,28.319837,0.000000,49
2148,23858101778135,31.692181,0.000000,49
2149,23858133470316,39.130612,0.000000,49
2150,23858172600928,37.722902,0.000000,49
2151,23858210323830,30.017428,0.000000,49
2152,23858240341258,30.702766,0.000000,49
2153,23858271044024,29.320249,0.000000,49
2154,23858300364273,28.459478,0.000000,49
2155,23858328823751,31.782433,0.000000,49
2156,23858360606184,36.481976,0.000000,49
2157,23858397088160,33.079070,0.000000,49
2158,23858430167230,36.758693,0.000000,49
2159,23858466925923,31.449036,0.000000,49
2160,23858498374959,32.470928,0.000000,49
2161,23858530845887,28.421986,0.000000,49
2162,23858559267873,28.909021,0.000000,49
2163,23858588176894,30.290158,0.000000,49
2164,23858618467052,37.395733,0.000000,49
2165,23858655862785,33.527423,0.000000,49
2166,23858689390208,34.658844,0.000000,49
2167,23858724049052,30.920592,0.000000,49
2168,23858754969644,31.580276,0.000000,49
2169,23858786549920,30.250474,0.000000,49
2170,23858816800394,30.528066,0.000000,49
2171,23858847328460,33.928432,0.000000,49
2172,23858881256892,35.230592,0.000000,49
2173,23858916487484,37.802793,0.000000,49
2174,23858954290277,34.888446,0.000000,49
2175,23858989178723,30.674062,0.000000,49
2176,23859019852785,31.841537,0.000000,49
2177,23859051694322,26.992548,0.000000,49
2178,23859078686870,28.435749,0.000000,49
2179,23859107122619,23.173228,0.000000,49
2180,23859130295847,23.733768,0.000000,49
2181,23859154029615,23.617841,0.000000,49
2182,23859177647456,22.838382,0.000000,49
2183,23859200485838,20.390591,0.000000,49
2184,23859220876429,20.280650,0.000000,49
2185,23859241157079,20.220534,0.000000,49
2186,23859261377613,20.075726,0.000000,49
2187,23859281453339,20.258063,0.000000,49
2188,23859301711402,20.351732,0.000000,49
2189,23859322063134,20.112333,0.000000,49
2190,23859342175467,20.593708,0.000000,49
2191,23859362769175,22.429330,0.000000,49
2192,23859385198505,23.594405,0.000000,49
2193,23859408792910,22.841848,0.000000,49
2194,23859431634758,21.623952,0.000000,49
2195,23859453258710,20.584953,0.000000,49
2196,23859473843663,20.383461,0.000000,49
2197,23859494227124,20.793820,0.000000,49
2198,23859515020944,20.278005,0.000000,49
2199,23859535298949,20.071657,0.000000,49
2200,23859555370606,20.637817,0.000000,49
2201,23859576008423,20.108189,0.000000,49
2202,23859596116612,20.597952,0.000000,49
2203,23859616714564,22.577266,0.000000,49
2204,23859639291830,22.792388,0.000000,49
2205,23859662084218,22.668827,0.000000,49
2206,23859684753045,22.324835,0.000000,49
2207,23859707077880,20.633560,0.000000,49
2208,23859727711440,20.351411,0.000000,49
2209,23859748062851,20.893469,0.000000,49
2210,23859768956320,20.718299,0.000000,49
2211,23859789674619,20.500363,0.000000,49
2212,23859810174982,20.307079,0.000000,49
2213,23859830482061,20.338356,0.000000,49
2214,23859850820417,21.151257,0.000000,49
2215,23859871971674,24.469023,0.000000,49
2216,23859896440697,23.508322,0.000000,49
2217,23859919949019,22.776834,0.000000,49
2218,23859942725853,20.389295,0.000000,49
2219,23859963115148,20.624103,0.000000,49
2220,23859983739251,21.701110,0.000000,49
2221,23860005440361,21.690779,0.000000,49
2222,23860027131140,21.208977,0.000000,49
2223,23860048340117,20.669625,0.000000,49
2224,23860069009742,20.680724,0.000000,49
2225,23860089690466,29.904372,0.000000,49
2226,23860119594838,22.975184,0.000000,49
2227,23860142570022,22.619139,0.000000,49
2228,23860165189161,23.064703,0.000000,49
2229,23860188253864,22.716097,0.000000,49
2230,23860210969961,22.091007,0.000000,49
2231,23860233060968,20.610199,0.000000,49
2232,23860253671167,20.860772,0.000000,49
2233,23860274531939,21.359359,0.000000,49
2234,23860295891298,20.904479,0.000000,49
2235,23860316795777,20.420943,0.000000,49
2236,23860337216720,20.795085,0.000000,49
2237,23860358011805,22.532696,0.000000,49
2238,23860380544501,25.300053,0.000000,49
2239,23860405844554,22.977243,0.000000,49
2240,23860428821797,22.459177,0.000000,49
2241,23860451280974,20.854590,0.000000,49
2242,23860472135564,21.267673,0.000000,49
2243,23860493403237,20.829050,0.000000,49
2244,23860514232287,21.082652,0.000000,49
2245,23860535314939,20.778707,0.000000,49
2246,23860556093646,20.690020,0.000000,49
2247,23860576783666,20.849205,0.000000,49
2248,23860597632871,21.413955,0.000000,49
2249,23860619046826,23.340754,0.000000,49
2250,23860642387580,23.177903,0.000000,49
2251,23860665565483,22.178959,0.000000,49
2252,23860687744442,20.847865,0.000000,49
2253,23860708592307,20.368898,0.000000,49
2254,23860728961205,20.614171,0.000000,49
2255,23860749575376,20.582203,0.000000,49
2256,23860770157579,20.471659,0.000000,49
2257,23860790629238,20.329749,0.000000,49
2258,23860810958987,21.500745,0.000000,49
2259,23860832459732,20.775657,0.000000,49
2260,23860853235389,22.664844,0.000000,49
2261,23860875900233,30.420279,0.000000,49
2262,23860906320512,27.544704,0.000000,49
2263,23860933865216,22.658732,0.000000,49
2264,23860956523948,20.386435,0.000000,49
2265,23860976910383,20.370162,0.000000,49
2266,23860997280545,20.532583,0.000000,49
2267,23861017813128,20.467937,0.000000,49
2268,23861038281065,20.578442,0.000000,49
2269,23861058859507,20.897447,0.000000,49
2270,23861079756954,31.862626,0.000000,49
2271,23861111619580,39.345215,0.000000,49
2272,23861150964795,34.506110,0.000000,49
2273,23861185470905,35.100636,0.000000,49
2274,23861220571541,32.057525,0.000000,49
2275,23861252629066,32.440748,0.000000,49
2276,23861285069814,28.780564,0.000000,49
2277,23861313850378,29.080968,0.000000,49
2278,23861342931346,30.075607,0.000000,49
2279,23861373006953,39.187601,0.000000,49
2280,23861412194554,36.793925,0.000000,49
2281,23861448988479,32.115460,0.000000,49
2282,23861481103939,31.572890,0.000000,49
2283,23861512676829,29.123846,0.000000,49
2284,23861541800675,30.128011,0.000000,49
2285,23861571928686,29.298612,0.000000,49
2286,23861601227298,36.856673,0.000000,49
2287,23861638083971,36.468029,0.000000,49
2288,23861674552000,36.122239,0.000000,49
2289,23861710674239,33.077143,0.000000,49
2290,23861743751382,30.447962,0.000000,49
2291,23861774199344,30.967058,0.000000,49
2292,23861805166402,34.660685,0.000000,49
2293,23861839827087,29.653921,0.000000,49
2294,23861869481008,37.611606,0.000000,49
2295,23861907092614,35.551361,0.000000,49
2296,23861942643975,32.589312,0.000000,49
2297,23861975233287,32.241109,0.000000,49
2298,23862007474396,32.116246,0.000000,49
2299,23862039590642,29.428194,0.000000,49
2300,23862069018836,30.924315,0.000000,49
2301,23862099943151,31.128931,0.000000,49
2302,23862131072082,33.221723,0.000000,49
2303,23862164293805,36.507857,0.000000,49
2304,23862200801662,30.824481,0.000000,49
2305,23862231626143,28.129501,0.000000,49
2306,23862259755644,34.420013,0.000000,49
2307,23862294175657,33.751515,0.000000,49
2308,23862327927172,35.674699,0.000000,49
2309,23862363601871,34.683636,0.000000,49
2310,23862398285507,35.992260,0.000000,49
2311,23862434277767,37.056502,0.000000,49
2312,23862471334269,35.339037,0.000000,49
2313,23862506673306,31.993524,0.000000,49
2314,23862538666830,33.871667,0.000000,49
2315,23862572538497,30.465452,0.000000,49
2316,23862603003949,33.708821,0.000000,49
2317,23862636712770,37.005098,0.000000,49
2318,23862673717868,37.257759,0.000000,49
2319,23862710975627,33.684985,0.000000,49
2320,23862744660612,30.033729,0.000000,50
2321,23862774694341,28.143971,0.000000,50
2322,23862802838312,30.256152,0.000000,50
2323,23862833094464,33.441674,0.000000,50
2324,23862866536138,34.019944,0.000000,50
2325,23862900556082,36.752186,0.000000,50
2326,23862937308268,36.772021,0.000000,50
2327,23862974080289,30.180214,0.000000,50
2328,23863004260503,29.739755,0.000000,50
2329,23863034000258,30.616099,0.000000,50
2330,23863064616357,31.341693,0.000000,50
2331,23863095958050,34.242243,0.000000,50
2332,23863130200293,40.904615,0.000000,50
2333,23863171104908,38.592906,0.000000,50
2334,23863209697814,36.374142,0.000000,50
2335,23863246071956,30.172321,0.000000,50
2336,23863276244277,29.640450,0.000000,50
2337,23863305884727,31.961685,0.000000,50
2338,23863337846412,30.308735,0.000000,50
2339,23863368155147,36.343703,0.000000,50
2340,23863404498850,37.040080,0.000000,50
2341,23863441538930,36.847747,0.000000,50
2342,23863478386677,29.828630,0.000000,50
2343,23863508215307,33.620092,0.000000,50
2344,23863541835399,31.650291,0.000000,50
2345,23863573485690,38.462903,0.000000,50
2346,23863611948593,35.454696,0.000000,50
2347,23863647403289,33.120071,0.000000,50
2348,23863680523360,36.639918,0.000000,50
2349,23863717163278,31.727237,0.000000,50
2350,23863748890515,27.828761,0.000000,50
2351,23863776719276,28.899675,0.000000,50
2352,23863805618951,30.348204,0.000000,50
2353,23863835967155,31.395252,0.000000,50
2354,23863867362407,35.316512,0.000000,50
2355,23863902678919,38.320489,0.000000,50
2356,23863940999408,31.951267,0.000000,50
2357,23863972950675,29.315253,0.000000,50
2358,23864002265928,33.255445,0.000000,50
2359,23864035521373,33.062033,0.000000,50
2360,23864068583406,31.558023,0.000000,50
2361,23864100141429,31.980834,0.000000,50
2362,23864132122263,38.432261,0.000000,50
2363,23864170554524,31.007093,0.000000,50
2364,23864201561617,31.760071,0.000000,50
2365,23864233321688,29.955518,0.000000,50
2366,23864263277206,33.048291,0.000000,50
2367,23864296325497,34.468607,0.000000,50
2368,23864330794104,40.714472,0.000000,50
2369,23864371508576,35.387448,0.000000,50
2370,23864406896024,40.132652,0.000000,50
2371,23864447028676,33.069463,0.000000,50
2372,23864480098139,26.326932,0.000000,50
2373,23864506425071,34.363228,0.000000,50
2374,23864540788299,35.909216,0.000000,50
2375,23864576697515,29.048736,0.000000,50
2376,23864605746251,31.313487,0.000000,50
2377,23864637059738,39.055580,0.000000,50
2378,23864676115318,39.122883,0.000000,50
2379,23864715238201,34.518068,0.000000,50
2380,23864749756269,30.034456,0.000000,50
2381,23864779790725,29.576854,0.000000,50
2382,23864809367579,31.882419,0.000000,50
2383,23864841249998,30.482846,0.000000,50
2384,23864871732844,25.288269,0.000000,50
2385,23864897021113,24.142757,0.000000,50
2386,23864921163870,23.677212,0.000000,50
2387,23864944841082,20.918298,0.000000,50
2388,23864965759380,21.102978,0.000000,50
2389,23864986862358,20.905573,0.000000,50
2390,23865007767931,21.703889,0.000000,50
2391,23865029471820,21.231202,0.000000,50
2392,23865050703022,21.355224,0.000000,50
2393,23865072058246,21.152333,0.000000,50
2394,23865093210579,21.490324,0.000000,50
2395,23865114700903,23.592353,0.000000,50
2396,23865138293256,22.953019,0.000000,50
2397,23865161246275,23.563754,0.000000,50
2398,23865184810029,23.405175,0.000000,50
2399,23865208215204,20.788732,0.000000,50
2400,23865229003936,21.344053,0.000000,50
2401,23865250347989,22.567225,0.000000,50
2402,23865272915214,21.625300,0.000000,50
2403,23865294540514,20.257886,0.000000,50
2404,23865314798400,21.207777,0.000000,50
2405,23865336006177,21.368650,0.000000,50
2406,23865357374827,22.138311,0.000000,50
2407,23865379513138,23.535408,0.000000,50
2408,23865403048546,23.213851,0.000000,50
2409,23865426262397,23.006783,0.000000,50
2410,23865449269180,22.953730,0.000000,50
2411,23865472222910,20.592842,0.000000,50
2412,23865492815752,21.265054,0.000000,50
2413,23865514080806,20.698687,0.000000,50
2414,23865534779493,20.900515,0.000000,50
2415,23865555680008,20.834487,0.000000,50
2416,23865576514495,20.559434,0.000000,50
2417,23865597073929,20.870362,0.000000,50
2418,23865617944291,23.107773,0.000000,50
2419,23865641052064,23.813764,0.000000,50
2420,23865664865828,23.278003,0.000000,50
2421,23865688143831,22.978942,0.000000,50
2422,23865711122773,21.041248,0.000000,50
2423,23865732164021,20.544303,0.000000,50
2424,23865752708324,20.794241,0.000000,50
2425,23865773502565,20.873503,0.000000,50
2426,23865794376068,20.596918,0.000000,50
2427,23865814972986,21.082500,0.000000,50
2428,23865836055486,20.963917,0.000000,50
2429,23865857019403,30.934408,0.000000,50
2430,23865887953811,24.340532,0.000000,50
2431,23865912294343,22.933961,0.000000,50
2432,23865935228304,23.554040,0.000000,50
2433,23865958782344,21.850421,0.000000,50
2434,23865980632765,21.370261,0.000000,50
2435,23866002003026,21.057342,0.000000,50
2436,23866023060368,20.977233,0.000000,50
2437,23866044037601,21.217281,0.000000,50
2438,23866065254882,21.206606,0.000000,50
2439,23866086461488,20.836971,0.000000,50
2440,23866107298459,21.643929,0.000000,50
2441,23866128942388,23.216941,0.000000,50
2442,23866152159329,23.511893,0.000000,50
2443,23866175671222,23.325566,0.000000,50
2444,23866198996788,23.893516,0.000000,50
2445,23866222890304,21.367494,0.000000,50
2446,23866244257798,20.721936,0.000000,50
2447,23866264979734,20.651000,0.000000,50
2448,23866285630734,20.691856,0.000000,50
2449,23866306322590,20.631503,0.000000,50
2450,23866326954093,20.891668,0.000000,50
2451,23866347845761,21.092399,0.000000,50
2452,23866368938160,23.851514,0.000000,50
2453,23866392789674,23.458065,0.000000,50
2454,23866416247739,23.828729,0.000000,50
2455,23866440076468,22.287251,0.000000,50
2456,23866462363719,20.604876,0.000000,50
2457,23866482968595,21.083819,0.000000,50
2458,23866504052414,21.111605,0.000000,50
2459,23866525164019,20.996299,0.000000,50
2460,23866546160318,20.710791,0.000000,50
2461,23866566871109,20.487265,0.000000,50
2462,23866587358374,21.021015,0.000000,50
2463,23866608379389,21.677395,0.000000,50
2464,23866630056784,23.035998,0.000000,50
2465,23866653092782,23.003039,0.000000,50
2466,23866676095821,24.487005,0.000000,50
2467,23866700582826,21.988530,0.000000,50
2468,23866722571356,21.136977,0.000000,50
2469,23866743708333,21.114079,0.000000,50
2470,23866764822412,20.880573,0.000000,50
2471,23866785702985,20.612410,0.000000,50
2472,23866806315395,20.800377,0.000000,50
2473,23866827115772,20.818667,0.000000,50
2474,23866847934439,29.070994,0.000000,50
2475,23866877005433,41.683990,0.000000,50
2476,23866918689423,45.148054,0.000000,50
2477,23866963837477,34.577785,0.000000,50
2478,23866998415262,35.889844,0.000000,50
2479,23867034305106,31.088318,0.000000,50
2480,23867065393424,33.199879,0.000000,50
2481,23867098593303,33.303323,0.000000,50
2482,23867131896626,41.315157,0.000000,50
2483,23867173211783,38.829109,0.000000,50
2484,23867212040892,38.013814,0.000000,50
2485,23867250054706,31.441824,0.000000,50
2486,23867281496530,36.066081,0.000000,50
2487,23867317562611,33.396308,0.000000,50
2488,23867350958919,30.408922,0.000000,50
2489,23867381367841,39.321825,0.000000,50
2490,23867420689666,34.997437,0.000000,50
2491,23867455687103,29.638187,0.000000,50
2492,23867485325290,27.674728,0.000000,50
2493,23867513000018,32.080925,0.000000,50
2494,23867545080943,35.356164,0.000000,50
2495,23867580437107,28.087050,0.000000,50
2496,23867608524157,32.888899,0.000000,50
2497,23867641413056,38.241436,0.000000,50
2498,23867679654492,37.769971,0.000000,50
2499,23867717424463,28.968034,0.000000,50
2500,23867746392497,29.960310,0.000000,50
2501,23867776352807,29.828327,0.000000,50
2502,23867806181134,28.450467,0.000000,50
2503,23867834631601,30.191614,0.000000,50
2504,23867864823215,36.916724,0.000000,50
2505,23867901739939,34.128082,0.000000,50
2506,23867935868021,32.120615,0.000000,50
2507,23867967988636,33.071319,0.000000,50
2508,23868001059955,30.978317,0.000000,50
2509,23868032038272,30.916931,0.000000,50
2510,23868062955203,26.967371,0.000000,50
2511,23868089922574,30.614457,0.000000,50
2512,23868120537031,35.661210,0.000000,50
2513,23868156198241,35.130185,0.000000,50
2514,23868191328426,35.181879,0.000000,50
2515,23868226510305,29.313672,0.000000,50
2516,23868255823977,38.450424,0.000000,50
2517,23868294274401,32.356797,0.000000,50
2518,23868326631198,31.284893,0.000000,50
2519,23868357916091,30.340218,0.000000,50
2520,23868388256309,33.296481,0.000000,50
2521,23868421552790,36.959042,0.000000,50
2522,23868458511832,36.948057,0.000000,50
2523,23868495459889,22.617705,0.000000,50
2524,23868518077594,23.202988,0.000000,50
2525,23868541280582,22.393848,0.000000,50
2526,23868563674430,22.410909,0.000000,50
2527,23868586085339,22.480175,0.000000,50
2528,23868608565514,22.714293,0.000000,50
2529,23868631279807,24.998504,0.000000,50
2530,23868656278311,25.806130,0.000000,50
2531,23868682084441,25.716369,0.000000,50
2532,23868707800810,25.096538,0.000000,50
2533,23868732897348,22.309996,0.000000,50
2534,23868755207344,23.532349,0.000000,50
2535,23868778739693,25.369074,0.000000,50
2536,23868804108767,24.379509,0.000000,50
2537,23868828488276,25.388953,0.000000,50
2538,23868853877229,23.737962,0.000000,50
2539,23868877615191,24.932013,0.000000,50
2540,23868902547204,24.991553,0.000000,50
2541,23868927538757,24.152096,0.000000,50
2542,23868951690853,25.073007,0.000000,50
2543,23868976763860,20.786062,0.000000,50
2544,23868997549922,21.592776,0.000000,50
2545,23869019142698,21.149117,0.000000,50
2546,23869040291815,22.250510,0.000000,50
2547,23869062542325,21.013368,0.000000,50
2548,23869083555693,21.530333,0.000000,50
2549,23869105086026,21.627337,0.000000,50
2550,23869126713363,23.968211,0.000000,50
2551,23869150681574,23.554715,0.000000,50
2552,23869174236289,23.833648,0.000000,50
2553,23869198069937,21.334864,0.000000,50
2554,23869219404801,20.991365,0.000000,50
2555,23869240396166,20.967331,0.000000,50
2556,23869261363497,21.471676,0.000000,50
2557,23869282835173,20.900116,0.000000,50
2558,23869303735289,20.626392,0.000000,50
2559,23869324361681,20.405466,0.000000,50
2560,23869344767147,21.191543,0.000000,50
2561,23869365958690,22.794012,0.000000,50
2562,23869388752702,23.607758,0.000000,50
2563,23869412360460,22.872307,0.000000,50
2564,23869435232767,22.842979,0.000000,50
2565,23869458075746,20.524711,0.000000,50
2566,23869478600457,28.367552,0.000000,50
2567,23869506968009,20.458657,0.000000,50
2568,23869527426666,20.708567,0.000000,50
2569,23869548135233,20.692183,0.000000,50
2570,23869568827416,20.722254,0.000000,50
2571,23869589549670,20.543880,0.000000,50
2572,23869610093550,21.772002,0.000000,50
2573,23869631865552,23.093514,0.000000,50
2574,23869654959066,22.997418,0.000000,50
2575,23869677956484,23.033546,0.000000,50
2576,23869700990030,20.181887,0.000000,50
2577,23869721171917,20.901167,0.000000,50
2578,23869742073084,20.560410,0.000000,50
2579,23869762633494,20.351148,0.000000,50
2580,23869782984642,20.841050,0.000000,50
2581,23869803825692,20.383146,0.000000,50
2582,23869824208838,20.712350,0.000000,50
2583,23869844921188,20.203754,0.000000,50
2584,23869865124942,22.399041,0.000000,50
2585,23869887523983,24.727955,0.000000,50
2586,23869912251938,23.518067,0.000000,50
2587,23869935770005,22.485323,0.000000,50
2588,23869958255328,20.459206,0.000000,50
2589,23869978714534,20.526700,0.000000,50
2590,23869999241234,20.744257,0.000000,50
2591,23870019985491,20.179468,0.000000,50
2592,23870040164959,20.703654,0.000000,50
2593,23870060868613,20.483826,0.000000,50
2594,23870081352439,20.528690,0.000000,50
2595,23870101881129,23.074685,0.000000,50
2596,23870124955814,23.803104,0.000000,50
2597,23870148758918,23.167277,0.000000,50
2598,23870171926195,26.688609,0.000000,50
2599,23870198614804,22.004309,0.000000,50
2600,23870220619113,21.521800,0.000000,50
2601,23870242140913,20.574905,0.000000,50
2602,23870262715818,20.404437,0.000000,50
2603,23870283120255,20.029948,0.000000,50
2604,23870303150203,20.250755,0.000000,50
2605,23870323400958,20.635023,0.000000,50
2606,23870344035981,20.490217,0.000000,50
2607,23870364526198,21.888659,0.000000,50
2608,23870386414857,22.936019,0.000000,50
2609,23870409350876,22.970452,0.000000,50
2610,23870432321328,22.773183,0.000000,50
2611,23870455094511,20.174223,0.000000,50
2612,23870475268734,28.035331,0.000000,50
2613,23870503304065,34.139131,0.000000,50
2614,23870537443196,33.922438,0.000000,50
2615,23870571365634,31.474872,0.000000,50
2616,23870602840506,30.907852,0.000000,50
2617,23870633748358,38.288402,0.000000,50
2618,23870672036760,40.302044,0.000000,50
2619,23870712338804,37.006007,0.000000,50
2620,23870749344811,40.027880,0.000000,50
2621,23870789372691,30.673520,0.000000,50
2622,23870820046211,37.872883,0.000000,50
2623,23870857919094,44.608533,0.000000,50
2624,23870902527627,39.982312,0.000000,50
2625,23870942509939,39.724241,0.000000,50
2626,23870982234180,33.117377,0.000000,50
2627,23871015351557,31.074330,0.000000,50
2628,23871046425887,36.012418,0.000000,50
2629,23871082438305,30.066741,0.000000,50
2630,23871112505046,38.336301,0.000000,50
2631,23871150841347,37.369099,0.000000,50
2632,23871188210446,37.783066,0.000000,50
2633,23871225993512,32.385544,0.000000,50
2634,23871258379056,31.392917,0.000000,50
2635,23871289771973,34.859832,0.000000,50
2636,23871324631805,28.598821,0.000000,50
2637,23871353230626,33.124701,0.000000,50
2638,23871386355327,36.165034,0.000000,50
2639,23871422520361,37.647458,0.000000,50
2640,23871460167819,30.076237,0.000000,50
2641,23871490244056,34.044378,0.000000,50
2642,23871524288434,31.994992,0.000000,50
2643,23871556283426,30.499672,0.000000,50
2644,23871586783098,33.286543,0.000000,50
2645,23871620069641,33.315868,0.000000,50
2646,23871653385509,35.300738,0.000000,50
2647,23871688686247,36.294538,0.000000,50
2648,23871724980785,30.714841,0.000000,50
2649,23871755695626,30.521620,0.000000,50
2650,23871786217246,32.804069,0.000000,50
2651,23871819021315,28.007029,0.000000,50
2652,23871847028344,31.087127,0.000000,50
2653,23871878115471,40.064662,0.000000,50
2654,23871918180133,38.842423,0.000000,50
2655,23871957022556,36.056697,0.000000,50
2656,23871993079253,29.865623,0.000000,50
2657,23872022944876,30.757676,0.000000,50
2658,23872053702552,36.239573,0.000000,50
2659,23872089942125,30.119466,0.000000,51
2660,23872120061591,34.396504,0.000000,51
2661,23872154458095,31.555894,0.000000,51
2662,23872186013989,39.769426,0.000000,51
2663,23872225783415,29.239508,0.000000,51
2664,23872255022923,34.409032,0.000000,51
2665,23872289431955,30.501330,0.000000,51
2666,23872319933285,30.593463,0.000000,51
2667,23872350526748,31.731999,0.000000,51
2668,23872382258747,33.948668,0.000000,51
2669,23872416207415,37.111606,0.000000,51
2670,23872453319021,32.212858,0.000000,51
2671,23872485531879,25.011328,0.000000,51
2672,23872510543207,25.143072,0.000000,51
2673,23872535686279,28.888273,0.000000,51
2674,23872564574552,31.564455,0.000000,51
2675,23872596139007,31.588859,0.000000,51
2676,23872627727866,37.900118,0.000000,51
2677,23872665627984,33.973742,0.000000,51
2678,23872699601726,34.209685,0.000000,51
2679,23872733811411,28.260623,0.000000,51
2680,23872762072034,29.305755,0.000000,51
2681,23872791377789,33.284511,0.000000,51
2682,23872824662300,27.253731,0.000000,51
2683,23872851916031,28.559366,0.000000,51
2684,23872880475397,31.967530,0.000000,51
2685,23872912442927,35.263426,0.000000,51
2686,23872947706353,28.198369,0.000000,51
2687,23872975904722,29.079263,0.000000,51
2688,23873004983985,33.240675,0.000000,51
2689,23873038224660,28.124636,0.000000,51
2690,23873066349296,29.576544,0.000000,51
2691,23873095925840,28.647553,0.000000,51
2692,23873124573393,41.095691,0.000000,51
2693,23873165669084,39.990178,0.000000,51
2694,23873205659262,35.489171,0.000000,51
2695,23873241148433,28.496334,0.000000,51
2696,23873269644767,29.093826,0.000000,51
2697,23873298738593,32.956443,0.000000,51
2698,23873331695036,27.002398,0.000000,51
2699,23873358697434,28.116244,0.000000,51
2700,23873386813678,34.389321,0.000000,51
2701,23873421202999,35.729723,0.000000,51
2702,23873456932722,32.687175,0.000000,51
2703,23873489619897,23.098734,0.000000,51
2704,23873512718631,20.737843,0.000000,51
2705,23873533456474,20.412926,0.000000,51
2706,23873553869400,20.852354,0.000000,51
2707,23873574721754,20.488981,0.000000,51
2708,23873595210735,20.267654,0.000000,51
2709,23873615478389,20.785604,0.000000,51
2710,23873636263993,24.251436,0.000000,51
2711,23873660515429,22.452471,0.000000,51
2712,23873682967900,22.943521,0.000000,51
2713,23873705911421,23.635704,0.000000,51
2714,23873729547125,20.583355,0.000000,51
2715,23873750130480,20.820176,0.000000,51
2716,23873770950656,20.591801,0.000000,51
2717,23873791542457,20.096401,0.000000,51
2718,23873811638858,20.170180,0.000000,51
2719,23873831809038,20.756036,0.000000,51
2720,23873852565074,21.082145,0.000000,51
2721,23873873647219,22.750137,0.000000,51
2722,23873896397356,22.931829,0.000000,51
2723,23873919329185,23.333521,0.000000,51
2724,23873942662706,22.593245,0.000000,51
2725,23873965255951,20.841365,0.000000,51
2726,23873986097316,20.908131,0.000000,51
2727,23874007005447,20.486144,0.000000,51
2728,23874027491591,20.453542,0.000000,51
2729,23874047945133,20.371863,0.000000,51
2730,23874068316996,20.581228,0.000000,51
2731,23874088898224,20.516034,0.000000,51
2732,23874109414258,20.395753,0.000000,51
2733,23874129810011,25.384188,0.000000,51
2734,23874155194199,23.037901,0.000000,51
2735,23874178232100,24.065056,0.000000,51
2736,23874202297156,22.190238,0.000000,51
2737,23874224487394,20.438788,0.000000,51
2738,23874244926182,20.720037,0.000000,51
2739,23874265646219,20.667987,0.000000,51
2740,23874286314206,20.926919,0.000000,51
2741,23874307241125,20.371942,0.000000,51
2742,23874327613067,20.261638,0.000000,51
2743,23874347874705,20.343283,0.000000,51
2744,23874368217988,24.272947,0.000000,51
2745,23874392490935,23.566233,0.000000,51
2746,23874416057168,22.366502,0.000000,51
2747,23874438423670,21.833677,0.000000,51
2748,23874460257347,20.289665,0.000000,51
2749,23874480547012,28.098923,0.000000,51
2750,23874508645935,20.641047,0.000000,51
2751,23874529286982,20.284305,0.000000,51
2752,23874549571287,20.693315,0.000000,51
2753,23874570264602,20.822864,0.000000,51
2754,23874591087466,20.732920,0.000000,51
2755,23874611820386,21.030353,0.000000,51
2756,23874632850739,22.835306,0.000000,51
2757,23874655686045,22.838129,0.000000,51
2758,23874678524174,22.992950,0.000000,51
2759,23874701517124,22.115818,0.000000,51
2760,23874723632942,20.814046,0.000000,51
2761,23874744446988,20.150397,0.000000,51
2762,23874764597385,20.220456,0.000000,51
2763,23874784817841,20.399877,0.000000,51
2764,23874805217718,20.279266,0.000000,51
2765,23874825496984,20.292615,0.000000,51
2766,23874845789599,20.394317,0.000000,51
2767,23874866183916,21.397412,0.000000,51
2768,23874887581328,23.746498,0.000000,51
2769,23874911327826,25.532225,0.000000,51
2770,23874936860051,23.121552,0.000000,51
2771,23874959981603,21.813914,0.000000,51
2772,23874981795517,21.195185,0.000000,51
2773,23875002990702,20.458293,0.000000,51
2774,23875023448995,20.354378,0.000000,51
2775,23875043803373,20.289494,0.000000,51
2776,23875064092867,20.558050,0.000000,51
2777,23875084650917,20.812969,0.000000,51
2778,23875105463886,20.087487,0.000000,51
2779,23875125551373,22.574624,0.000000,51
2780,23875148125997,24.841423,0.000000,51
2781,23875172967420,23.051407,0.000000,51
2782,23875196018827,22.439434,0.000000,51
2783,23875218458261,20.792836,0.000000,51
2784,23875239251097,20.996633,0.000000,51
2785,23875260247730,20.513592,0.000000,51
2786,23875280761322,20.748706,0.000000,51
2787,23875301510028,20.529051,0.000000,51
2788,23875322039079,20.894498,0.000000,51
2789,23875342933577,20.864824,0.000000,51
2790,23875363798401,21.214868,0.000000,51
2791,23875385013269,22.718287,0.000000,51
2792,23875407731556,22.704799,0.000000,51
2793,23875430436355,23.329194,0.000000,51
2794,23875453765549,21.534936,0.000000,51
2795,23875475300485,27.019114,0.000000,51
2796,23875502319599,31.475795,0.000000,51
2797,23875533795394,28.363066,0.000000,51
2798,23875562158460,26.779961,0.000000,51
2799,23875588938421,30.520137,0.000000,51
2800,23875619458558,31.185964,0.000000,51
2801,23875650644522,34.281858,0.000000,51
2802,23875684926380,34.241319,0.000000,51
2803,23875719167699,35.608125,0.000000,51
2804,23875754775824,29.645884,0.000000,51
2805,23875784421708,31.742526,0.000000,51
2806,23875816164234,28.862081,0.000000,51
2807,23875845026315,31.887690,0.000000,51
2808,23875876914005,39.314264,0.000000,51
2809,23875916228269,38.936629,0.000000,51
2810,23875955164898,36.437506,0.000000,51
2811,23875991602404,28.385756,0.000000,51
2812,23876019988160,30.991233,0.000000,51
2813,23876050979393,34.943939,0.000000,51
2814,23876085923332,30.104156,0.000000,51
2815,23876116027488,35.049853,0.000000,51
2816,23876151077341,32.927483,0.000000,51
2817,23876184004824,39.393511,0.000000,51
2818,23876223398335,31.746823,0.000000,51
2819,23876255145158,30.005820,0.000000,51
2820,23876285150978,30.451587,0.000000,51
2821,23876315602565,33.865735,0.000000,51
2822,23876349468300,28.618831,0.000000,51
2823,23876378087131,33.544202,0.000000,51
2824,23876411631333,38.392122,0.000000,51
2825,23876450023455,34.617154,0.000000,51
2826,23876484640609,28.707521,0.000000,51
2827,23876513348130,33.717436,0.000000,51
2828,23876547065566,36.440109,0.000000,51
2829,23876583505675,30.673178,0.000000,51
2830,23876614178853,33.977550,0.000000,51
2831,23876648156403,33.955581,0.000000,51
2832,23876682111984,40.774299,0.000000,51
2833,23876722886283,34.183135,0.000000,51
2834,23876757069418,30.585627,0.000000,51
2835,23876787655045,33.635133,0.000000,51
2836,23876821290178,30.339822,0.000000,51
2837,23876851630000,36.662912,0.000000,51
2838,23876888292912,45.960352,0.000000,51
2839,23876934253264,37.460676,0.000000,51
2840,23876971713940,31.273868,0.000000,51
2841,23877002987808,35.255825,0.000000,51
2842,23877038243633,30.156495,0.000000,51
2843,23877068400128,31.136273,0.000000,51
2844,23877099536401,34.156851,0.000000,51
2845,23877133693252,37.302531,0.000000,51
2846,23877170995783,32.922057,0.000000,51
2847,23877203917840,31.675855,0.000000,51
2848,23877235593695,28.897871,0.000000,51
2849,23877264491566,33.168444,0.000000,51
2850,23877297660010,34.533455,0.000000,51
2851,23877332193465,35.075495,0.000000,51
2852,23877367268960,28.607512,0.000000,51
2853,23877395876472,35.202358,0.000000,51
2854,23877431078830,36.906077,0.000000,51
2855,23877467984907,34.723737,0.000000,51
2856,23877502708644,22.228382,0.000000,51
2857,23877524937026,32.094951,0.000000,51
2858,23877557031977,33.016107,0.000000,51
2859,23877590048084,29.231668,0.000000,51
2860,23877619279752,33.610457,0.000000,51
2861,23877652890209,33.663820,0.000000,51
2862,23877686554029,38.353176,0.000000,51
2863,23877724907205,29.552180,0.000000,51
2864,23877754459385,31.613759,0.000000,51
2865,23877786073144,27.219900,0.000000,51
2866,23877813293044,28.217973,0.000000,51
2867,23877841511017,29.472027,0.000000,51
2868,23877870983044,33.965388,0.000000,51
2869,23877904948432,36.998098,0.000000,51
2870,23877941946530,35.296682,0.000000,51
2871,23877977243212,28.800804,0.000000,51
2872,23878006044016,31.818649,0.000000,51
2873,23878037862665,29.305147,0.000000,51
2874,23878067167812,27.877732,0.000000,51
2875,23878095045544,31.933566,0.000000,51
2876,23878126979110,37.841285,0.000000,51
2877,23878164820395,38.538924,0.000000,51
2878,23878203359319,36.308544,0.000000,51
2879,23878239667863,27.432638,0.000000,51
2880,23878267100501,28.520146,0.000000,51
2881,23878295620647,29.346388,0.000000,51
2882,23878324967035,29.274267,0.000000,51
2883,23878354241302,30.515502,0.000000,51
2884,23878384756804,39.966394,0.000000,51
2885,23878424723198,38.541027,0.000000,51
2886,23878463264225,32.815606,0.000000,51
2887,23878496079831,29.142167,0.000000,51
2888,23878525221998,27.252078,0.000000,51
2889,23878552474076,29.719582,0.000000,51
2890,23878582193658,28.961722,0.000000,51
2891,23878611155380,30.857318,0.000000,51
2892,23878642012698,34.819233,0.000000,51
2893,23878676831931,34.226991,0.000000,51
2894,23878711058922,34.888149,0.000000,51
2895,23878745947071,30.090205,0.000000,51
2896,23878776037276,31.432750,0.000000,51
2897,23878807470026,28.008267,0.000000,51
2898,23878835478293,29.867000,0.000000,51
2899,23878865345293,35.199337,0.000000,51
2900,23878900544630,37.466929,0.000000,51
2901,23878938011559,24.720413,0.000000,51
2902,23878962731972,21.637824,0.000000,51
2903,23878984369796,21.514476,0.000000,51
2904,23879005884272,20.993223,0.000000,51
2905,23879026877495,20.940124,0.000000,51
2906,23879047817619,20.960144,0.000000,51
2907,23879068777763,21.014716,0.000000,51
2908,23879089792479,21.104535,0.000000,51
2909,23879110897014,20.977356,0.000000,51
2910,23879131874370,24.644782,0.000000,51
2911,23879156519152,23.858175,0.000000,51
2912,23879180377327,24.435737,0.000000,51
2913,23879204813064,25.246116,0.000000,51
2914,23879230059180,24.143827,0.000000,51
2915,23879254203007,21.437863,0.000000,51
2916,23879275640870,21.041166,0.000000,51
2917,23879296682036,20.876848,0.000000,51
2918,23879317558884,21.033812,0.000000,51
2919,23879338592696,21.776554,0.000000,51
2920,23879360369250,21.246782,0.000000,51
2921,23879381616032,24.591113,0.000000,51
2922,23879406207145,23.230639,0.000000,51
2923,23879429437784,23.501234,0.000000,51
2924,23879452939018,21.369432,0.000000,51
2925,23879474308450,21.188880,0.000000,51
2926,23879495497330,22.181790,0.000000,51
2927,23879517679120,21.219261,0.000000,51
2928,23879538898381,20.777110,0.000000,51
2929,23879559675491,21.396480,0.000000,51
2930,23879581071971,21.519310,0.000000,51
2931,23879602591281,21.287091,0.000000,51
2932,23879623878372,23.158787,0.000000,51
2933,23879647037159,24.409806,0.000000,51
2934,23879671446965,23.713632,0.000000,51
2935,23879695160597,22.751294,0.000000,51
2936,23879717911891,20.983822,0.000000,51
2937,23879738895713,21.431674,0.000000,51
2938,23879760327387,21.992708,0.000000,51
2939,23879782320095,21.378965,0.000000,51
2940,23879803699060,21.375619,0.000000,51
2941,23879825074679,20.954969,0.000000,51
2942,23879846029648,21.579954,0.000000,51
2943,23879867609602,21.827680,0.000000,51
2944,23879889437282,24.215416,0.000000,51
2945,23879913652698,31.123833,0.000000,51
2946,23879944776531,24.152120,0.000000,51
2947,23879968928651,23.322145,0.000000,51
2948,23879992250796,21.754673,0.000000,51
2949,23880014005469,21.512172,0.000000,51
2950,23880035517641,21.162327,0.000000,51
2951,23880056679968,21.017778,0.000000,51
2952,23880077697746,20.978584,0.000000,51
2953,23880098676330,21.271481,0.000000,51
2954,23880119947811,21.947473,0.000000,51
2955,23880141895284,23.627230,0.000000,51
2956,23880165522514,23.866158,0.000000,51
2957,23880189388672,23.239197,0.000000,51
2958,23880212627869,20.896990,0.000000,51
2959,23880233524859,21.215611,0.000000,51
2960,23880254740470,20.935111,0.000000,51
2961,23880275675581,21.133025,0.000000,51
2962,23880296808606,22.234735,0.000000,51
2963,23880319043341,21.561216,0.000000,51
2964,23880340604557,21.429926,0.000000,51
2965,23880362034483,21.611090,0.000000,51
2966,23880383645573,24.027280,0.000000,51
2967,23880407672853,23.537576,0.000000,51
2968,23880431210429,23.610333,0.000000,51
2969,23880454820762,21.103203,0.000000,51
2970,23880475923965,21.060937,0.000000,51
2971,23880496984902,21.306721,0.000000,51
2972,23880518291623,21.364162,0.000000,51
2973,23880539655785,21.101205,0.000000,51
2974,23880560756990,21.812351,0.000000,51
2975,23880582569341,21.120921,0.000000,51
2976,23880603690262,21.029780,0.000000,51
2977,23880624720042,22.612971,0.000000,51
2978,23880647333013,23.456629,0.000000,51
2979,23880670789642,23.940650,0.000000,51
2980,23880694730292,23.887628,0.000000,51
2981,23880718617920,22.410317,0.000000,51
2982,23880741028237,21.001861,0.000000,51
2983,23880762030098,20.988457,0.000000,51
2984,23880783018555,20.940978,0.000000,51
2985,23880803959533,20.982129,0.000000,51
2986,23880824941662,21.803820,0.000000,51
2987,23880846745482,21.156306,0.000000,51
2988,23880867901788,21.632035,0.000000,51
2989,23880889533823,23.946301,0.000000,51
2990,23880913480124,39.090538,0.000000,51
2991,23880952570662,40.681694,0.000000,51
2992,23880993252356,33.909111,0.000000,51
2993,23881027161467,29.250187,0.000000,51
2994,23881056411654,32.533406,0.000000,51
2995,23881088945060,33.536379,0.000000,51
2996,23881122481439,32.301947,0.000000,52
2997,23881154783386,38.848799,0.000000,52
2998,23881193632185,38.911163,0.000000,52
2999,23881232543348,32.666700,0.000000,52
3000,23881265210048,34.220156,0.000000,52
3001,23881299430204,34.456543,0.000000,52
3002,23881333886747,28.338104,0.000000,52
3003,23881362224851,33.774062,0.000000,52
3004,23881395998913,35.939010,0.000000,52
3005,23881431937923,37.274984,0.000000,52
3006,23881469212907,31.013030,0.000000,52
3007,23881500225937,29.952022,0.000000,52
3008,23881530177959,34.234195,0.000000,52
3009,23881564412154,30.688366,0.000000,52
3010,23881595100520,34.389791,0.000000,52
3011,23881629490311,33.767636,0.000000,52
3012,23881663257947,38.047278,0.000000,52
3013,23881701305225,37.388901,0.000000,52
3014,23881738694126,30.706056,0.000000,52
3015,23881769400182,35.152639,0.000000,52
3016,23881804552821,32.033371,0.000000,52
3017,23881836586192,33.846215,0.000000,52
3018,23881870432407,33.452015,0.000000,52
3019,23881903884422,42.566813,0.000000,52
3020,23881946451235,31.988612,0.000000,52
3021,23881978439847,27.962010,0.000000,52
3022,23882006401857,30.177494,0.000000,52
3023,23882036579351,29.895069,0.000000,52
3024,23882066474420,33.522458,0.000000,52
3025,23882099996878,29.883074,0.000000,52
3026,23882129879952,40.581039,0.000000,52
3027,23882170460991,38.185959,0.000000,52
3028,23882208646950,29.960032,0.000000,52
3029,23882238606982,33.642108,0.000000,52
3030,23882272249090,32.314664,0.000000,52
3031,23882304563754,29.857954,0.000000,52
3032,23882334421708,31.227643,0.000000,52
3033,23882365649351,32.133395,0.000000,52
3034,23882397782746,37.143799,0.000000,52
3035,23882434926545,37.800794,0.000000,52
3036,23882472727339,31.320849,0.000000,52
3037,23882504048188,30.737508,0.000000,52
3038,23882534785696,38.652967,0.000000,52
3039,23882573438663,33.812649,0.000000,52
3040,23882607251312,32.918295,0.000000,52
3041,23882640169607,38.985631,0.000000,52
3042,23882679155238,41.866159,0.000000,52
3043,23882721021397,34.938746,0.000000,52
3044,23882755960143,28.672041,0.000000,52
3045,23882784632184,29.430105,0.000000,52
3046,23882814062289,34.117564,0.000000,52
3047,23882848179853,31.055221,0.000000,52
3048,23882879235074,47.875162,0.000000,52
3049,23882927110236,43.415836,0.000000,52
3050,23882970526072,36.754218,0.000000,52
3051,23883007280290,38.437159,0.000000,52
3052,23883045717449,33.140991,0.000000,52
3053,23883078858440,40.494407,0.000000,52
3054,23883119352847,43.345278,0.000000,52
3055,23883162698125,38.377675,0.000000,52
3056,23883201075800,38.055110,0.000000,52
3057,23883239130910,33.189448,0.000000,52
3058,23883272320358,30.857333,0.000000,52
3059,23883303177691,29.584078,0.000000,52
3060,23883332761769,32.099484,0.000000,52
3061,23883364861253,29.834151,0.000000,52
3062,23883394695404,36.463534,0.000000,52
3063,23883431158938,31.811639,0.000000,52
3064,23883462970577,36.704502,0.000000,52
3065,23883499675079,29.885152,0.000000,52
3066,23883529560231,33.762077,0.000000,52
3067,23883563322308,28.017425,0.000000,52
3068,23883591339733,28.632778,0.000000,52
3069,23883619972511,30.606795,0.000000,52
3070,23883650579306,35.596711,0.000000,52
3071,23883686176017,33.550221,0.000000,52
3072,23883719726238,34.575147,0.000000,52
3073,23883754301385,28.899613,0.000000,52
3074,23883783200998,31.888782,0.000000,52
3075,23883815089780,28.776748,0.000000,52
3076,23883843866528,27.849518,0.000000,52
3077,23883871716046,36.638589,0.000000,52
3078,23883908354635,40.034060,0.000000,52
3079,23883948388695,37.239116,0.000000,52
3080,23883985627811,30.379405,0.000000,52
3081,23884016007216,32.395321,0.000000,52
3082,23884048402537,31.062897,0.000000,52
3083,23884079465434,31.057232,0.000000,52
3084,23884110522666,32.877369,0.000000,52
3085,23884143400035,36.920107,0.000000,52
3086,23884180320142,31.607818,0.000000,52
3087,23884211927960,32.685740,0.000000,52
3088,23884244613700,32.724490,0.000000,52
3089,23884277338190,33.252240,0.000000,52
3090,23884310590430,34.121700,0.000000,52
3091,23884344712130,29.959596,0.000000,52
3092,23884374671726,34.609533,0.000000,52
3093,23884409281259,46.863878,0.000000,52
3094,23884456145137,40.342581,0.000000,52
3095,23884496487718,34.747647,0.000000,52
3096,23884531235365,35.192049,0.000000,52
3097,23884566427414,33.517590,0.000000,52
3098,23884599945004,38.532178,0.000000,52
3099,23884638477182,46.499431,0.000000,52
3100,23884684976613,27.339383,0.000000,52
3101,23884712315996,23.105353,0.000000,52
3102,23884735421349,22.943410,0.000000,52
3103,23884758364759,21.094165,0.000000,52
3104,23884779458924,21.270426,0.000000,52
3105,23884800729350,21.577442,0.000000,52
3106,23884822306792,21.452998,0.000000,52
3107,23884843759790,21.866910,0.000000,52
3108,23884865626700,21.667996,0.000000,52
3109,23884887294696,24.867252,0.000000,52
3110,23884912161948,23.978663,0.000000,52
3111,23884936140611,23.786120,0.000000,52
3112,23884959926731,21.939011,0.000000,52
3113,23884981865742,22.020162,0.000000,52
3114,23885003885904,22.081427,0.000000,52
3115,23885025967331,21.451977,0.000000,52
3116,23885047419308,21.913668,0.000000,52
3117,23885069332976,21.773830,0.000000,52
3118,23885091106806,21.479910,0.000000,52
3119,23885112586716,21.066965,0.000000,52
3120,23885133653681,23.660626,0.000000,52
3121,23885157314307,23.501231,0.000000,52
3122,23885180815538,21.832563,0.000000,52
3123,23885202648101,21.567331,0.000000,52
3124,23885224215432,21.299486,0.000000,52
3125,23885245514918,21.462685,0.000000,52
3126,23885266977603,21.504292,0.000000,52
3127,23885288481895,21.457034,0.000000,52
3128,23885309938929,21.403675,0.000000,52
3129,23885331342604,22.041117,0.000000,52
3130,23885353383721,22.373923,0.000000,52
3131,23885375757644,23.174122,0.000000,52
3132,23885398931766,29.519445,0.000000,52
3133,23885428451211,24.553249,0.000000,52
3134,23885453004460,23.497479,0.000000,52
3135,23885476501939,21.466373,0.000000,52
3136,23885497968312,21.097214,0.000000,52
3137,23885519065526,21.778153,0.000000,52
3138,23885540843679,21.618899,0.000000,52
3139,23885562462578,21.518369,0.000000,52
3140,23885583980947,21.322977,0.000000,52
3141,23885605303924,21.174002,0.000000,52
3142,23885626477926,22.351314,0.000000,52
3143,23885648829240,27.799409,0.000000,52
3144,23885676628649,25.974977,0.000000,52
3145,23885702603626,24.067376,0.000000,52
3146,23885726671002,22.028618,0.000000,52
3147,23885748699620,23.025292,0.000000,52
3148,23885771724912,21.501052,0.000000,52
3149,23885793225964,21.433478,0.000000,52
3150,23885814659442,21.391091,0.000000,52
3151,23885836050533,21.430323,0.000000,52
3152,23885857480856,21.706580,0.000000,52
3153,23885879187436,24.219510,0.000000,52
3154,23885903406946,24.294850,0.000000,52
3155,23885927701796,23.477796,0.000000,52
3156,23885951179592,23.512426,0.000000,52
3157,23885974692018,23.519722,0.000000,52
3158,23885998211740,21.711985,0.000000,52
3159,23886019923725,21.382548,0.000000,52
3160,23886041306273,21.615990,0.000000,52
3161,23886062922263,20.918962,0.000000,52
3162,23886083841225,21.478588,0.000000,52
3163,23886105319813,21.584653,0.000000,52
3164,23886126904466,22.946730,0.000000,52
3165,23886149851196,23.592742,0.000000,52
3166,23886173443938,23.859767,0.000000,52
3167,23886197303705,24.117784,0.000000,52
3168,23886221421489,21.557566,0.000000,52
3169,23886242979055,21.402405,0.000000,52
3170,23886264381460,21.520056,0.000000,52
3171,23886285901516,21.093851,0.000000,52
3172,23886306995367,21.272357,0.000000,52
3173,23886328267724,22.005628,0.000000,52
3174,23886350273352,21.573424,0.000000,52
3175,23886371846776,21.784213,0.000000,52
3176,23886393630989,24.246844,0.000000,52
3177,23886417877833,24.616792,0.000000,52
3178,23886442494625,24.122761,0.000000,52
3179,23886466617386,21.675814,0.000000,52
3180,23886488293200,21.355390,0.000000,52
3181,23886509648590,21.263622,0.000000,52
3182,23886530912212,21.503638,0.000000,52
3183,23886552415850,21.409430,0.000000,52
3184,23886573825280,21.591543,0.000000,52
3185,23886595416823,21.664462,0.000000,52
3186,23886617081285,21.221912,0.000000,52
3187,23886638303197,24.589961,0.000000,52
3188,23886662893158,48.347407,0.000000,52
3189,23886711240565,36.986828,0.000000,52
3190,23886748227393,31.001818,0.000000,52
3191,23886779229211,32.496865,0.000000,52
3192,23886811726076,30.922150,0.000000,52
3193,23886842648226,34.649323,0.000000,52
3194,23886877297549,35.535338,0.000000,52
3195,23886912832887,38.896827,0.000000,52
3196,23886951729714,37.924539,0.000000,52
3197,23886989654253,30.504393,0.000000,52
3198,23887020158646,35.516334,0.000000,52
3199,23887055674980,34.629666,0.000000,52
3200,23887090304646,31.349621,0.000000,52
3201,23887121654267,31.879016,0.000000,52
3202,23887153533283,38.279675,0.000000,52
3203,23887191812958,38.459899,0.000000,52
3204,23887230272857,33.614315,0.000000,52
3205,23887263887172,30.553982,0.000000,52
3206,23887294441154,36.644955,0.000000,52
3207,23887331086109,30.359652,0.000000,52
3208,23887361445761,31.907793,0.000000,52
3209,23887393353554,43.222315,0.000000,52
3210,23887436575869,40.074331,0.000000,52
3211,23887476650200,32.361988,0.000000,52
3212,23887509012188,34.425169,0.000000,52
3213,23887543437357,33.908951,0.000000,52
3214,23887577346308,32.560419,0.000000,52
3215,23887609906727,32.897388,0.000000,52
3216,23887642804115,39.614346,0.000000,52
3217,23887682418461,35.322991,0.000000,52
3218,23887717741452,37.529578,0.000000,52
3219,23887755271030,35.516572,0.000000,52
3220,23887790787602,30.767956,0.000000,52
3221,23887821555558,30.966760,0.000000,52
3222,23887852522318,28.847168,0.000000,52
3223,23887881369486,32.843817,0.000000,52
3224,23887914213303,39.500898,0.000000,52
3225,23887953714201,35.529400,0.000000,52
3226,23887989243601,29.403444,0.000000,52
3227,23888018647045,31.141289,0.000000,52
3228,23888049788334,35.348609,0.000000,52
3229,23888085136943,31.498727,0.000000,52
3230,23888116635670,32.000129,0.000000,52
3231,23888148635799,34.085892,0.000000,52
3232,23888182721691,36.780636,0.000000,52
3233,23888219502327,31.384640,0.000000,52
3234,23888250886967,34.297202,0.000000,52
3235,23888285184169,30.774485,0.000000,52
3236,23888315958654,33.783871,0.000000,52
3237,23888349742525,29.598670,0.000000,52
3238,23888379341195,35.627536,0.000000,52
3239,23888414968731,39.087241,0.000000,52
3240,23888454055972,32.236745,0.000000,52
3241,23888486292717,27.049076,0.000000,52
3242,23888513341793,22.258502,0.000000,52
3243,23888535600295,21.982388,0.000000,52
3244,23888557582683,27.731783,0.000000,52
3245,23888585314466,27.505691,0.000000,52
3246,23888612820157,27.320203,0.000000,52
3247,23888640140360,25.179346,0.000000,52
3248,23888665319706,24.105420,0.000000,52
3249,23888689425126,23.870408,0.000000,52
3250,23888713295534,22.340459,0.000000,52
3251,23888735635993,22.493242,0.000000,52
3252,23888758129235,21.760793,0.000000,52
3253,23888779890028,22.100398,0.000000,52
3254,23888801990426,22.511382,0.000000,52
3255,23888824501808,22.901989,0.000000,52
3256,23888847403797,22.227837,0.000000,52
3257,23888869631634,23.004867,0.000000,52
3258,23888892636501,24.689427,0.000000,52
3259,23888917325928,24.626863,0.000000,52
3260,23888941952791,24.516793,0.000000,52
3261,23888966469584,24.107885,0.000000,52
3262,23888990577469,22.301240,0.000000,52
3263,23889012878709,22.139907,0.000000,52
3264,23889035018616,21.971183,0.000000,52
3265,23889056989799,21.850809,0.000000,52
3266,23889078840608,22.481570,0.000000,52
3267,23889101322178,22.743334,0.000000,52
3268,23889124065512,23.006774,0.000000,52
3269,23889147072286,24.471757,0.000000,52
3270,23889171544043,25.097556,0.000000,52
3271,23889196641599,25.965557,0.000000,52
3272,23889222607156,25.548791,0.000000,52
3273,23889248155947,21.781456,0.000000,52
3274,23889269937403,21.682565,0.000000,52
3275,23889291619968,22.216867,0.000000,52
3276,23889313836835,21.784067,0.000000,52
3277,23889335620902,22.310351,0.000000,52
3278,23889357931253,22.992006,0.000000,52
3279,23889380923259,23.287432,0.000000,52
3280,23889404210691,25.040172,0.000000,52
3281,23889429250863,24.519189,0.000000,52
3282,23889453770052,23.954200,0.000000,52
3283,23889477724252,27.023328,0.000000,52
3284,23889504747580,22.831120,0.000000,52
3285,23889527578700,22.112220,0.000000,52
3286,23889549690920,22.259424,0.000000,52
3287,23889571950344,22.062727,0.000000,52
3288,23889594013071,22.438299,0.000000,52
3289,23889616451370,22.775014,0.000000,52
3290,23889639226384,24.934555,0.000000,52
3291,23889664160939,25.802722,0.000000,52
3292,23889689963661,24.558478,0.000000,52
3293,23889714522139,24.195636,0.000000,52
3294,23889738717775,22.385552,0.000000,52
3295,23889761103327,22.031365,0.000000,52
3296,23889783134692,22.429371,0.000000,52
3297,23889805564063,22.651161,0.000000,52
3298,23889828215224,22.221444,0.000000,52
3299,23889850436668,22.524712,0.000000,52
3300,23889872961380,23.182617,0.000000,52
3301,23889896143997,27.200088,0.000000,52
3302,23889923344085,24.533320,0.000000,52
3303,23889947877405,24.927123,0.000000,52
3304,23889972804528,23.128604,0.000000,52
3305,23889995933132,22.757448,0.000000,52
3306,23890018690580,22.769807,0.000000,52
3307,23890041460387,22.301030,0.000000,52
3308,23890063761417,22.272266,0.000000,52
3309,23890086033683,22.309279,0.000000,52
3310,23890108342962,22.476381,0.000000,52
3311,23890130819343,23.153936,0.000000,52
3312,23890153973279,25.354168,0.000000,52
3313,23890179327447,25.058086,0.000000,52
3314,23890204385533,25.117310,0.000000,52
3315,23890229502843,22.184479,0.000000,52
3316,23890251687322,22.265958,0.000000,52
3317,23890273953280,22.383843,0.000000,52
3318,23890296337123,22.344338,0.000000,52
3319,23890318681461,22.514124,0.000000,52
3320,23890341195585,22.232179,0.000000,52
3321,23890363427764,22.701228,0.000000,52
3322,23890386128992,25.931446,0.000000,52
3323,23890412060438,25.508986,0.000000,52
3324,23890437569424,24.872619,0.000000,52
3325,23890462442043,25.939373,0.000000,52
3326,23890488381416,44.994601,0.000000,52
3327,23890533376017,33.345852,0.000000,52
3328,23890566721869,30.424916,0.000000,52
3329,23890597146785,31.506263,0.000000,52
3330,23890628653048,36.674166,0.000000,52
3331,23890665327214,40.081388,0.000000,52
3332,23890705408602,39.018937,0.000000,52
3333,23890744427539,34.649436,0.000000,52
3334,23890779076975,30.671992,0.000000,52
3335,23890809748967,31.820730,0.000000,52
3336,23890841569697,37.162956,0.000000,52
3337,23890878732653,41.838806,0.000000,52
3338,23890920571459,41.634740,0.000000,52
3339,23890962206199,37.428325,0.000000,52
3340,23890999634524,37.058667,0.000000,52
3341,23891036693191,33.727712,0.000000,52
3342,23891070420903,31.364865,0.000000,52
3343,23891101785768,33.693003,0.000000,52
3344,23891135478771,40.424346,0.000000,52
3345,23891175903117,41.494897,0.000000,52
3346,23891217398014,38.452023,0.000000,52
3347,23891255850037,37.133355,0.000000,52
3348,23891292983392,36.037248,0.000000,52
3349,23891329020640,32.446635,0.000000,52
3350,23891361467275,34.728032,0.000000,52
3351,23891396195307,39.860427,0.000000,52
3352,23891436055734,38.832046,0.000000,52
3353,23891474887780,31.712139,0.000000,52
3354,23891506599919,36.499800,0.000000,52
3355,23891543099719,32.481057,0.000000,52
3356,23891575580776,37.122930,0.000000,52
3357,23891612703706,51.560626,0.000000,52
3358,23891664264332,52.808175,0.000000,52
3359,23891717072507,54.414783,0.000000,52
3360,23891771487290,32.591780,0.000000,52
3361,23891804079070,34.010577,0.000000,52
3362,23891838089647,32.404762,0.000000,52
3363,23891870494409,36.607536,0.000000,52
3364,23891907101945,39.531195,0.000000,52
3365,23891946633140,35.912419,0.000000,52
3366,23891982545559,30.285035,0.000000,52
3367,23892012830594,33.609552,0.000000,52
3368,23892046440146,37.156490,0.000000,52
3369,23892083596636,35.974051,0.000000,52
3370,23892119570687,33.075870,0.000000,52
3371,23892152646557,38.186036,0.000000,52
3372,23892190832593,41.539751,0.000000,52
3373,23892232372344,34.685033,0.000000,52
3374,23892267057377,33.075637,0.000000,52
3375,23892300133014,37.967712,0.000000,52
3376,23892338100726,37.157429,0.000000,52
3377,23892375258155,34.481942,0.000000,52
3378,23892409740097,42.917327,0.000000,52
3379,23892452657424,37.303084,0.000000,52
3380,23892489960508,31.035821,0.000000,53
3381,23892520996329,32.673836,0.000000,53
3382,23892553670165,36.429428,0.000000,53
3383,23892590099593,39.570818,0.000000,53
3384,23892629670411,36.494596,0.000000,53
3385,23892666165007,39.092096,0.000000,53
3386,23892705257103,37.017126,0.000000,53
3387,23892742274229,32.802003,0.000000,53
3388,23892775076232,31.699377,0.000000,53
3389,23892806775609,33.782500,0.000000,53
3390,23892840558109,32.019183,0.000000,53
3391,23892872577292,33.306102,0.000000,53
3392,23892905883394,38.255673,0.000000,53
3393,23892944139067,34.965977,0.000000,53
3394,23892979105044,36.360623,0.000000,53
3395,23893015465667,32.220671,0.000000,53
3396,23893047686338,35.451408,0.000000,53
3397,23893083137746,37.964842,0.000000,53
3398,23893121102588,36.616762,0.000000,53
3399,23893157719350,35.900064,0.000000,53
3400,23893193619414,38.885347,0.000000,53
3401,23893232504761,33.343352,0.000000,53
3402,23893265848113,31.362603,0.000000,53
3403,23893297210716,37.305904,0.000000,53
3404,23893334516620,34.528430,0.000000,53
3405,23893369045050,31.697336,0.000000,53
3406,23893400742386,38.817771,0.000000,53
3407,23893439560157,38.978436,0.000000,53
3408,23893478538593,27.700387,0.000000,53
3409,23893506238980,23.802651,0.000000,53
3410,23893530041631,23.034475,0.000000,53
3411,23893553076106,23.494349,0.000000,53
3412,23893576570455,23.142102,0.000000,53
3413,23893599712557,23.992012,0.000000,53
3414,23893623704569,23.854839,0.000000,53
3415,23893647559408,26.671506,0.000000,53
3416,23893674230914,26.322821,0.000000,53
3417,23893700553735,26.248075,0.000000,53
3418,23893726801810,23.946841,0.000000,53
3419,23893750748651,23.340700,0.000000,53
3420,23893774089351,23.841811,0.000000,53
3421,23893797931162,23.492352,0.000000,53
3422,23893821423514,23.346415,0.000000,53
3423,23893844769929,23.592612,0.000000,53
3424,23893868362541,24.068183,0.000000,53
3425,23893892430724,26.402858,0.000000,53
3426,23893918833582,26.016558,0.000000,53
3427,23893944850140,26.763230,0.000000,53
3428,23893971613370,23.999895,0.000000,53
3429,23893995613265,23.789950,0.000000,53
3430,23894019403215,23.164703,0.000000,53
3431,23894042567918,23.408119,0.000000,53
3432,23894065976037,23.499826,0.000000,53
3433,23894089475863,23.514396,0.000000,53
3434,23894112990259,23.776458,0.000000,53
3435,23894136766717,25.691043,0.000000,53
3436,23894162457760,25.664605,0.000000,53
3437,23894188122365,25.664618,0.000000,53
3438,23894213786983,25.396995,0.000000,53
3439,23894239183978,23.483642,0.000000,53
3440,23894262667620,25.654731,0.000000,53
3441,23894288322351,26.631269,0.000000,53
3442,23894314953620,26.413694,0.000000,53
3443,23894341367314,26.150545,0.000000,53
3444,23894367517859,26.149408,0.000000,53
3445,23894393667267,28.312308,0.000000,53
3446,23894421979575,29.446943,0.000000,53
3447,23894451426518,26.051230,0.000000,53
3448,23894477477748,28.539763,0.000000,53
3449,23894506017511,23.976443,0.000000,53
3450,23894529993954,23.830860,0.000000,53
3451,23894553824814,23.804170,0.000000,53
3452,23894577628984,23.300467,0.000000,53
3453,23894600929451,23.294171,0.000000,53
3454,23894624223622,23.765643,0.000000,53
3455,23894647989265,25.789560,0.000000,53
3456,23894673778825,26.084146,0.000000,53
3457,23894699862971,25.698650,0.000000,53
3458,23894725561621,23.315132,0.000000,53
3459,23894748876753,22.967361,0.000000,53
3460,23894771844114,23.410763,0.000000,53
3461,23894795254877,22.666237,0.000000,53
3462,23894817921114,23.844255,0.000000,53
3463,23894841765369,23.337210,0.000000,53
3464,23894865102579,23.247461,0.000000,53
3465,23894888350040,26.306909,0.000000,53
3466,23894914656949,29.109212,0.000000,53
3467,23894943766161,26.447648,0.000000,53
3468,23894970213809,24.777139,0.000000,53
3469,23894994990948,23.805865,0.000000,53
3470,23895018796813,23.604807,0.000000,53
3471,23895042401620,23.352758,0.000000,53
3472,23895065754378,23.698030,0.000000,53
3473,23895089452408,23.720894,0.000000,53
3474,23895113173302,23.382482,0.000000,53
3475,23895136555784,25.505513,0.000000,53
3476,23895162061297,25.875839,0.000000,53
3477,23895187937136,26.233087,0.000000,53
3478,23895214170223,28.682584,0.000000,53
3479,23895242852807,26.100829,0.000000,53
3480,23895268953636,24.956839,0.000000,53
3481,23895293910475,24.166460,0.000000,53
3482,23895318076935,23.175270,0.000000,53
3483,23895341252205,23.529717,0.000000,53
3484,23895364781922,23.182675,0.000000,53
3485,23895387964597,25.803857,0.000000,53
3486,23895413768454,26.083285,0.000000,53
3487,23895439851739,25.707737,0.000000,53
3488,23895465559476,27.640589,0.000000,53
3489,23895493200065,46.988754,0.000000,53
3490,23895540188819,30.819230,0.000000,53
3491,23895571008049,33.466689,0.000000,53
3492,23895604474738,29.307528,0.000000,53
3493,23895633782266,37.164680,0.000000,53
3494,23895670946946,46.263493,0.000000,53
3495,23895717210439,41.893817,0.000000,53
3496,23895759104256,39.404737,0.000000,53
3497,23895798508993,36.190338,0.000000,53
3498,23895834699331,31.956277,0.000000,53
3499,23895866655608,37.022630,0.000000,53
3500,23895903678238,38.916862,0.000000,53
3501,23895942595100,40.899279,0.000000,53
3502,23895983494379,37.153717,0.000000,53
3503,23896020648096,35.041463,0.000000,53
3504,23896055689559,34.751078,0.000000,53
3505,23896090440637,34.415082,0.000000,53
3506,23896124855719,39.567833,0.000000,53
3507,23896164423552,36.487194,0.000000,53
3508,23896200910746,37.332482,0.000000,53
3509,23896238243228,31.767548,0.000000,53
3510,23896270010776,37.982621,0.000000,53
3511,23896307993397,37.431448,0.000000,53
3512,23896345424845,38.602584,0.000000,53
3513,23896384027429,36.508873,0.000000,53
3514,23896420536302,41.206811,0.000000,53
3515,23896461743113,38.696581,0.000000,53
3516,23896500439694,30.630446,0.000000,53
3517,23896531070140,33.719305,0.000000,53
3518,23896564789445,35.351040,0.000000,53
3519,23896600140485,33.504629,0.000000,53
3520,23896633645114,41.165156,0.000000,53
3521,23896674810270,43.332291,0.000000,53
3522,23896718142561,38.074260,0.000000,53
3523,23896756216821,34.235829,0.000000,53
3524,23896790452650,38.920798,0.000000,53
3525,23896829373448,36.145314,0.000000,53
3526,23896865518762,33.567253,0.000000,53
3527,23896899086015,42.701068,0.000000,53
3528,23896941787083,41.379841,0.000000,53
3529,23896983166924,32.712967,0.000000,53
3530,23897015879891,37.464606,0.000000,53
3531,23897053344497,36.248837,0.000000,53
3532,23897089593334,35.793910,0.000000,53
3533,23897125387244,39.426343,0.000000,53
3534,23897164813587,43.620021,0.000000,53
3535,23897208433608,37.959061,0.000000,53
3536,23897246392669,34.421574,0.000000,53
3537,23897280814243,32.219657,0.000000,53
3538,23897313033900,36.465348,0.000000,53
3539,23897349499248,39.947034,0.000000,53
3540,23897389446282,43.024727,0.000000,53
3541,23897432471009,41.452713,0.000000,53
3542,23897473923722,34.240239,0.000000,53
3543,23897508163961,34.925247,0.000000,53
3544,23897543089208,38.770756,0.000000,53
3545,23897581859964,36.290263,0.000000,53
3546,23897618150227,38.609500,0.000000,53
3547,23897656759727,51.839471,0.000000,53
3548,23897708599198,43.472190,0.000000,53
3549,23897752071388,38.696244,0.000000,53
3550,23897790767632,34.936100,0.000000,53
3551,23897825703732,42.590205,0.000000,53
3552,23897868293937,37.383665,0.000000,53
3553,23897905677602,46.543902,0.000000,53
3554,23897952221504,40.705371,0.000000,53
3555,23897992926875,34.539604,0.000000,53
3556,23898027466479,36.031754,0.000000,53
3557,23898063498233,35.633616,0.000000,53
3558,23898099131849,34.567994,0.000000,53
3559,23898133699843,40.982179,0.000000,53
3560,23898174682022,42.352307,0.000000,53
3561,23898217034329,39.693876,0.000000,53
3562,23898256728205,32.104048,0.000000,53
3563,23898288832253,37.791329,0.000000,53
3564,23898326623582,34.762666,0.000000,53
3565,23898361386248,30.249582,0.000000,53
3566,23898391635830,36.250299,0.000000,53
3567,23898427886129,42.111604,0.000000,53
3568,23898469997733,34.401397,0.000000,53
3569,23898504399130,36.218691,0.000000,53
3570,23898540617821,30.989755,0.000000,53
3571,23898571607576,33.566976,0.000000,53
3572,23898605174552,32.099226,0.000000,53
3573,23898637273778,34.145268,0.000000,53
3574,23898671419046,41.008406,0.000000,53
3575,23898712427452,29.771117,0.000000,53
3576,23898742198569,23.673322,0.000000,53
3577,23898765871891,24.017452,0.000000,53
3578,23898789889343,23.742991,0.000000,53
3579,23898813632334,23.474212,0.000000,53
3580,23898837106546,23.591857,0.000000,53
3581,23898860698403,23.313191,0.000000,53
3582,23898884011594,24.968016,0.000000,53
3583,23898908979610,28.592311,0.000000,53
3584,23898937571921,26.344401,0.000000,53
3585,23898963916322,24.223268,0.000000,53
3586,23898988139590,23.759764,0.000000,53
3587,23899011899354,23.193608,0.000000,53
3588,23899035092962,23.372525,0.000000,53
3589,23899058465487,23.408069,0.000000,53
3590,23899081873556,23.524412,0.000000,53
3591,23899105397968,23.496872,0.000000,53
3592,23899128894840,23.810328,0.000000,53
3593,23899152705168,25.583359,0.000000,53
3594,23899178288527,25.931550,0.000000,53
3595,23899204220077,25.766494,0.000000,53
3596,23899229986571,23.802313,0.000000,53
3597,23899253788884,23.521463,0.000000,53
3598,23899277310347,23.355820,0.000000,53
3599,23899300666167,23.229215,0.000000,53
3600,23899323895382,23.484278,0.000000,53
3601,23899347379660,23.606503,0.000000,53
3602,23899370986163,24.894022,0.000000,53
3603,23899395880185,25.859510,0.000000,53
3604,23899421739695,25.870299,0.000000,53
3605,23899447609994,25.797936,0.000000,53
3606,23899473407930,23.869349,0.000000,53
3607,23899497277279,23.906132,0.000000,53
3608,23899521183411,23.488914,0.000000,53
3609,23899544672325,23.580805,0.000000,53
3610,23899568253130,23.550561,0.000000,53
3611,23899591803691,23.561928,0.000000,53
3612,23899615365619,23.469409,0.000000,53
3613,23899638835028,24.548210,0.000000,53
3614,23899663383238,28.333339,0.000000,53
3615,23899691716577,30.402802,0.000000,53
3616,23899722119379,24.992151,0.000000,53
3617,23899747111530,24.187995,0.000000,53
3618,23899771299525,24.305564,0.000000,53
3619,23899795605089,23.684025,0.000000,53
3620,23899819289114,23.650651,0.000000,53
3621,23899842939765,23.834955,0.000000,53
3622,23899866774720,23.628926,0.000000,53
3623,23899890403646,25.743267,0.000000,53
3624,23899916146913,26.187954,0.000000,53
3625,23899942334867,26.594312,0.000000,53
3626,23899968929179,25.008254,0.000000,53
3627,23899993937433,23.687158,0.000000,53
3628,23900017624591,23.961831,0.000000,53
3629,23900041586422,23.429113,0.000000,53
3630,23900065015535,23.780440,0.000000,53
3631,23900088795975,23.675110,0.000000,53
3632,23900112471085,24.114991,0.000000,53
3633,23900136586076,24.508791,0.000000,53
3634,23900161094867,26.033342,0.000000,53
3635,23900187128209,26.267898,0.000000,53
3636,23900213396107,26.631851,0.000000,53
3637,23900240027958,24.963336,0.000000,53
3638,23900264991294,25.202829,0.000000,53
3639,23900290194123,26.941170,0.000000,53
3640,23900317135293,27.372811,0.000000,53
3641,23900344508104,26.555514,0.000000,53
3642,23900371063618,25.612773,0.000000,53
3643,23900396676391,29.451705,0.000000,53
3644,23900426128096,32.687761,0.000000,53
3645,23900458815857,31.452574,0.000000,53
3646,23900490268431,29.076960,0.000000,53
3647,23900519345391,25.346884,0.000000,53
3648,23900544692275,24.253395,0.000000,53
3649,23900568945670,25.160528,0.000000,53
3650,23900594106198,23.915431,0.000000,53
3651,23900618021629,23.757101,0.000000,53
3652,23900641778730,25.360356,0.000000,53
3653,23900667139086,26.688943,0.000000,53
3654,23900693828029,34.579581,0.000000,53
3655,23900728407610,40.471742,0.000000,53
3656,23900768879352,38.189770,0.000000,53
3657,23900807069122,34.593554,0.000000,53
3658,23900841662676,35.850272,0.000000,53
3659,23900877512948,38.425232,0.000000,53
3660,23900915938180,42.474008,0.000000,53
3661,23900958412188,35.640408,0.000000,53
3662,23900994052596,35.478935,0.000000,53
3663,23901029531531,34.124041,0.000000,53
3664,23901063655572,35.457150,0.000000,53
3665,23901099112722,33.927263,0.000000,53
3666,23901133039985,40.671952,0.000000,53
3667,23901173711937,39.786875,0.000000,53
3668,23901213498812,37.946162,0.000000,53
3669,23901251444974,36.368787,0.000000,53
3670,23901287813761,35.865079,0.000000,53
3671,23901323678840,32.376453,0.000000,53
3672,23901356055293,35.429080,0.000000,53
3673,23901391484373,38.292889,0.000000,53
3674,23901429777262,38.963077,0.000000,53
3675,23901468740339,41.806058,0.000000,53
3676,23901510546397,34.723595,0.000000,53
3677,23901545269992,39.308730,0.000000,53
3678,23901584578722,34.654113,0.000000,53
3679,23901619232835,37.026020,0.000000,53
3680,23901656258855,38.204335,0.000000,53
3681,23901694463190,39.763821,0.000000,53
3682,23901734227011,29.819806,0.000000,53
3683,23901764046817,38.410523,0.000000,53
3684,23901802457340,38.232840,0.000000,53
3685,23901840690180,36.499084,0.000000,53
3686,23901877189264,34.835449,0.000000,53
3687,23901912024713,44.214972,0.000000,53
3688,23901956239685,42.206236,0.000000,53
3689,23901998445921,33.311976,0.000000,53
3690,23902031757897,37.024360,0.000000,53
3691,23902068782257,35.501416,0.000000,53
3692,23902104283673,35.336308,0.000000,53
3693,23902139619981,39.256649,0.000000,53
3694,23902178876630,42.619982,0.000000,53
3695,23902221496612,38.197472,0.000000,53
3696,23902259694084,35.939808,0.000000,53
3697,23902295633892,38.952927,0.000000,53
3698,23902334586819,37.151729,0.000000,53
3699,23902371738548,33.255767,0.000000,53
3700,23902404994315,43.667573,0.000000,53
3701,23902448661888,40.970406,0.000000,53
3702,23902489632294,31.493405,0.000000,53
3703,23902521125699,36.062879,0.000000,53
3704,23902557188578,35.359679,0.000000,53
3705,23902592548257,37.204356,0.000000,53
3706,23902629752613,47.266960,0.000000,53
3707,23902677019573,56.909589,0.000000,53
3708,23902733929162,34.512978,0.000000,53
3709,23902768442140,33.781974,0.000000,53
3710,23902802224114,31.529939,0.000000,53
3711,23902833754053,34.419956,0.000000,53
3712,23902868174009,33.261920,0.000000,53
3713,23902901435929,43.306948,0.000000,53
3714,23902944742877,36.910456,0.000000,53
3715,23902981653333,34.283605,0.000000,53
3716,23903015936938,32.175329,0.000000,53
3717,23903048112267,36.815088,0.000000,53
3718,23903084927355,35.570545,0.000000,53
3719,23903120497900,29.492058,0.000000,53
3720,23903149989958,37.049539,0.000000,53
3721,23903187039497,34.578543,0.000000,54
3722,23903221618040,39.715099,0.000000,54
3723,23903261333139,34.146307,0.000000,54
3724,23903295479446,33.993103,0.000000,54
3725,23903329472549,32.669352,0.000000,54
3726,23903362141901,31.763812,0.000000,54
3727,23903393905713,37.005752,0.000000,54
3728,23903430911465,34.105234,0.000000,54
3729,23903465016699,35.051616,0.000000,54
3730,23903500068315,34.095434,0.000000,54
3731,23903534163749,30.073543,0.000000,54
3732,23903564237292,31.994710,0.000000,54
3733,23903596232002,33.403585,0.000000,54
3734,23903629635587,32.882073,0.000000,54
3735,23903662517660,43.538354,0.000000,54
3736,23903706056014,35.686879,0.000000,54
3737,23903741742893,33.393059,0.000000,54
3738,23903775135952,26.579447,0.000000,54
3739,23903801715399,34.908217,0.000000,54
3740,23903836623616,33.170274,0.000000,54
3741,23903869793890,29.699553,0.000000,54
3742,23903899493443,38.446283,0.000000,54
3743,23903937939726,34.413064,0.000000,54
3744,23903972352790,33.686111,0.000000,54
3745,23904006038901,30.965214,0.000000,54
3746,23904037004115,33.108305,0.000000,54
3747,23904070112420,30.428573,0.000000,54
3748,23904100540993,32.258130,0.000000,54
3749,23904132799123,37.440447,0.000000,54
3750,23904170239570,38.873041,0.000000,54
3751,23904209112611,38.750000,0.000000,54
3752,23904247862611,32.810037,0.000000,54
3753,23904280672648,31.343287,0.000000,54
3754,23904312015935,30.834562,0.000000,54
3755,23904342850497,31.164763,0.000000,54
3756,23904374015260,32.057403,0.000000,54
3757,23904406072663,35.425697,0.000000,54
3758,23904441498360,36.324563,0.000000,54
3759,23904477822923,25.656597,0.000000,54
3760,23904503479520,22.979684,0.000000,54
3761,23904526459204,23.176399,0.000000,54
3762,23904549635603,22.679834,0.000000,54
3763,23904572315437,23.315541,0.000000,54
3764,23904595630978,22.616999,0.000000,54
3765,23904618247977,22.900593,0.000000,54
3766,23904641148570,23.639066,0.000000,54
3767,23904664787636,24.673923,0.000000,54
3768,23904689461559,24.944128,0.000000,54
3769,23904714405687,25.440088,0.000000,54
3770,23904739845775,22.888593,0.000000,54
3771,23904762734368,22.594616,0.000000,54
3772,23904785328984,23.033361,0.000000,54
3773,23904808362345,23.996095,0.000000,54
3774,23904832358440,22.348267,0.000000,54
3775,23904854706707,22.729563,0.000000,54
3776,23904877436270,22.918716,0.000000,54
3777,23904900354986,24.722927,0.000000,54
3778,23904925077913,25.290514,0.000000,54
3779,23904950368427,25.681429,0.000000,54
3780,23904976049856,25.805639,0.000000,54
3781,23905001855495,22.551444,0.000000,54
3782,23905024406939,22.929043,0.000000,54
3783,23905047335982,23.221596,0.000000,54
3784,23905070557578,23.206146,0.000000,54
3785,23905093763724,22.292452,0.000000,54
3786,23905116056176,21.964393,0.000000,54
3787,23905138020569,22.254672,0.000000,54
3788,23905160275241,24.085130,0.000000,54
3789,23905184360371,24.506877,0.000000,54
3790,23905208867248,23.929101,0.000000,54
3791,23905232796349,21.865720,0.000000,54
3792,23905254662069,21.983971,0.000000,54
3793,23905276646040,21.956001,0.000000,54
3794,23905298602041,21.776371,0.000000,54
3795,23905320378412,21.744404,0.000000,54
3796,23905342122816,22.351140,0.000000,54
3797,23905364473956,21.781686,0.000000,54
3798,23905386255642,22.711642,0.000000,54
3799,23905408967284,24.143329,0.000000,54
3800,23905433110613,26.321772,0.000000,54
3801,23905459432385,32.068166,0.000000,54
3802,23905491500551,22.348555,0.000000,54
3803,23905513849106,25.779244,0.000000,54
3804,23905539628350,24.210827,0.000000,54
3805,23905563839177,22.847194,0.000000,54
3806,23905586686371,22.523879,0.000000,54
3807,23905609210250,23.064335,0.000000,54
3808,23905632274585,22.791920,0.000000,54
3809,23905655066505,24.606431,0.000000,54
3810,23905679672936,24.162381,0.000000,54
3811,23905703835317,24.489895,0.000000,54
3812,23905728325212,23.705239,0.000000,54
3813,23905752030451,21.249404,0.000000,54
3814,23905773279855,21.776911,0.000000,54
3815,23905795056766,22.365645,0.000000,54
3816,23905817422411,21.309882,0.000000,54
3817,23905838732293,21.769103,0.000000,54
3818,23905860501396,21.951734,0.000000,54
3819,23905882453130,22.323897,0.000000,54
3820,23905904777027,24.926878,0.000000,54
3821,23905929703905,26.224449,0.000000,54
3822,23905955928354,26.415781,0.000000,54
3823,23905982344135,23.716308,0.000000,54
3824,23906006060443,22.259853,0.000000,54
3825,23906028320296,22.242763,0.000000,54
3826,23906050563059,22.071637,0.000000,54
3827,23906072634696,22.294120,0.000000,54
3828,23906094928816,22.192074,0.000000,54
3829,23906117120890,21.963111,0.000000,54
3830,23906139084001,23.564827,0.000000,54
3831,23906162648828,25.191527,0.000000,54
3832,23906187840355,25.014427,0.000000,54
3833,23906212854782,24.545429,0.000000,54
3834,23906237400211,23.189887,0.000000,54
3835,23906260590098,21.779135,0.000000,54
3836,23906282369233,22.010330,0.000000,54
3837,23906304379563,21.736231,0.000000,54
3838,23906326115794,21.540509,0.000000,54
3839,23906347656303,21.741441,0.000000,54
3840,23906369397744,21.885384,0.000000,54
3841,23906391283128,22.833194,0.000000,54
3842,23906414116322,24.640062,0.000000,54
3843,23906438756384,24.296872,0.000000,54
3844,23906463053256,48.669485,0.000000,54
3845,23906511722741,34.512170,0.000000,54
3846,23906546234911,32.620975,0.000000,54
3847,23906578855886,32.486175,0.000000,54
3848,23906611342061,29.945452,0.000000,54
3849,23906641287513,37.643364,0.000000,54
3850,23906678930877,35.883655,0.000000,54
3851,23906714814532,38.984392,0.000000,54
3852,23906753798924,36.208757,0.000000,54
3853,23906790007681,33.517648,0.000000,54
3854,23906823525329,31.516727,0.000000,54
3855,23906855042056,31.703684,0.000000,54
3856,23906886745740,37.428430,0.000000,54
3857,23906924174170,43.635531,0.000000,54
3858,23906967809701,40.474965,0.000000,54
3859,23907008284666,35.015992,0.000000,54
3860,23907043300658,35.282792,0.000000,54
3861,23907078583450,29.325271,0.000000,54
3862,23907107908721,36.390313,0.000000,54
3863,23907144299034,33.080147,0.000000,54
3864,23907177379181,39.507191,0.000000,54
3865,23907216886372,40.100818,0.000000,54
3866,23907256987190,33.756267,0.000000,54
3867,23907290743457,29.948995,0.000000,54
3868,23907320692452,31.865487,0.000000,54
3869,23907352557939,34.085336,0.000000,54
3870,23907386643275,34.757539,0.000000,54
3871,23907421400814,39.192726,0.000000,54
3872,23907460593540,39.883493,0.000000,54
3873,23907500477033,35.867579,0.000000,54
3874,23907536344612,29.035997,0.000000,54
3875,23907565380609,32.396659,0.000000,54
3876,23907597777268,36.151380,0.000000,54
3877,23907633928648,31.386956,0.000000,54
3878,23907665315604,40.857300,0.000000,54
3879,23907706172904,35.831300,0.000000,54
3880,23907742004204,35.530201,0.000000,54
3881,23907777534405,29.702729,0.000000,54
3882,23907807237134,30.506033,0.000000,54
3883,23907837743167,35.273897,0.000000,54
3884,23907873017064,32.311221,0.000000,54
3885,23907905328285,40.668632,0.000000,54
3886,23907945996917,35.990022,0.000000,54
3887,23907981986939,35.236791,0.000000,54
3888,23908017223730,29.919301,0.000000,54
3889,23908047143031,34.288104,0.000000,54
3890,23908081431135,30.667520,0.000000,54
3891,23908112098655,32.786987,0.000000,54
3892,23908144885642,34.176483,0.000000,54
3893,23908179062125,38.148140,0.000000,54
3894,23908217210265,36.004619,0.000000,54
3895,23908253214884,36.492995,0.000000,54
3896,23908289707879,34.763155,0.000000,54
3897,23908324471034,31.525984,0.000000,54
3898,23908355997018,36.510443,0.000000,54
3899,23908392507461,34.272380,0.000000,54
3900,23908426779841,36.306053,0.000000,54
3901,23908463085894,39.975372,0.000000,54
3902,23908503061266,35.307574,0.000000,54
3903,23908538368840,24.152949,0.000000,54
3904,23908562521789,23.614311,0.000000,54
3905,23908586136100,23.779422,0.000000,54
3906,23908609915522,23.410606,0.000000,54
3907,23908633326128,24.611059,0.000000,54
3908,23908657937187,27.478771,0.000000,54
3909,23908685415958,26.573390,0.000000,54
3910,23908711989348,26.503355,0.000000,54
3911,23908738492703,23.148763,0.000000,54
3912,23908761641466,23.114684,0.000000,54
3913,23908784756150,24.087560,0.000000,54
3914,23908808843710,23.454525,0.000000,54
3915,23908832298235,23.205253,0.000000,54
3916,23908855503488,23.425151,0.000000,54
3917,23908878928639,24.414193,0.000000,54
3918,23908903342832,26.648294,0.000000,54
3919,23908929991126,26.253874,0.000000,54
3920,23908956245000,26.131372,0.000000,54
3921,23908982376372,23.493619,0.000000,54
3922,23909005869991,23.553952,0.000000,54
3923,23909029423943,24.721515,0.000000,54
3924,23909054145458,24.987872,0.000000,54
3925,23909079133330,23.656757,0.000000,54
3926,23909102790087,23.481020,0.000000,54
3927,23909126271107,23.675860,0.000000,54
3928,23909149946967,25.486365,0.000000,54
3929,23909175433332,26.269761,0.000000,54
3930,23909201703093,25.239205,0.000000,54
3931,23909226942298,26.088990,0.000000,54
3932,23909253031288,23.704522,0.000000,54
3933,23909276735810,24.407894,0.000000,54
3934,23909301143704,23.901570,0.000000,54
3935,23909325045274,24.695927,0.000000,54
3936,23909349741201,23.228002,0.000000,54
3937,23909372969203,23.632493,0.000000,54
3938,23909396601696,24.556140,0.000000,54
3939,23909421157836,25.501287,0.000000,54
3940,23909446659123,25.786216,0.000000,54
3941,23909472445339,25.374001,0.000000,54
3942,23909497819340,31.493405,0.000000,54
3943,23909529312745,23.900862,0.000000,54
3944,23909553213607,23.620556,0.000000,54
3945,23909576834163,24.274412,0.000000,54
3946,23909601108575,24.466537,0.000000,54
3947,23909625575112,23.484073,0.000000,54
3948,23909649059185,24.591484,0.000000,54
3949,23909673650669,25.785373,0.000000,54
3950,23909699436042,25.352061,0.000000,54
3951,23909724788103,23.964756,0.000000,54
3952,23909748752859,23.646233,0.000000,54
3953,23909772399092,23.373650,0.000000,54
3954,23909795772742,23.609658,0.000000,54
3955,23909819382400,23.370983,0.000000,54
3956,23909842753383,23.631621,0.000000,54
3957,23909866385004,23.103423,0.000000,54
3958,23909889488427,25.667570,0.000000,54
3959,23909915155997,31.200797,0.000000,54
3960,23909946356794,27.774752,0.000000,54
3961,23909974131546,25.711874,0.000000,54
3962,23909999843420,22.947429,0.000000,54
3963,23910022790849,23.616975,0.000000,54
3964,23910046407824,23.225948,0.000000,54
3965,23910069633772,23.505690,0.000000,54
3966,23910093139462,23.103119,0.000000,54
3967,23910116242581,23.991527,0.000000,54
3968,23910140234108,23.504994,0.000000,54
3969,23910163739102,27.444059,0.000000,54
3970,23910191183161,25.559057,0.000000,54
3971,23910216742218,25.890487,0.000000,54
3972,23910242632705,23.019850,0.000000,54
3973,23910265652555,23.887035,0.000000,54
3974,23910289539590,23.248963,0.000000,54
3975,23910312788553,22.709230,0.000000,54
3976,23910335497783,23.386372,0.000000,54
3977,23910358884155,22.594124,0.000000,54
3978,23910381478279,22.741666,0.000000,54
3979,23910404219945,24.187914,0.000000,54
3980,23910428407859,26.953281,0.000000,54
3981,23910455361140,25.880651,0.000000,54
3982,23910481241791,25.404250,0.000000,54
3983,23910506646041,46.956435,0.000000,54
3984,23910553602476,32.425824,0.000000,54
3985,23910586028300,35.616603,0.000000,54
3986,23910621644903,30.565409,0.000000,54
3987,23910652210312,36.703069,0.000000,54
3988,23910688913381,40.703291,0.000000,54
3989,23910729616672,32.893061,0.000000,54
3990,23910762509733,36.468822,0.000000,54
3991,23910798978555,35.134912,0.000000,54
3992,23910834113467,30.708483,0.000000,54
3993,23910864821950,32.305850,0.000000,54
3994,23910897127800,37.890332,0.000000,54
3995,23910935018132,42.794209,0.000000,54
3996,23910977812341,35.222279,0.000000,54
3997,23911013034620,38.327180,0.000000,54
3998,23911051361800,32.645455,0.000000,54
3999,23911084007255,35.797903,0.000000,54
4000,23911119805158,33.530056,0.000000,54
4001,23911153335214,38.063095,0.000000,54
4002,23911191398309,39.640235,0.000000,54
4003,23911231038544,35.202718,0.000000,54
4004,23911266241262,33.603895,0.000000,54
4005,23911299845157,35.221325,0.000000,54
4006,23911335066482,37.195316,0.000000,54
4007,23911372261798,32.540257,0.000000,54
4008,23911404802055,39.991492,0.000000,54
4009,23911444793547,42.244157,0.000000,54
4010,23911487037704,35.538597,0.000000,54
4011,23911522576301,30.191596,0.000000,54
4012,23911552767897,35.981324,0.000000,54
4013,23911588749221,30.883157,0.000000,54
4014,23911619632378,40.109566,0.000000,54
4015,23911659741944,46.961892,0.000000,54
4016,23911706703836,42.550420,0.000000,54
4017,23911749254256,37.557075,0.000000,54
4018,23911786811331,33.906611,0.000000,54
4019,23911820717942,33.397065,0.000000,54
4020,23911854115007,35.906242,0.000000,54
4021,23911890021249,42.650504,0.000000,54
4022,23911932671753,55.226576,0.000000,54
4023,23911987898329,40.076253,0.000000,54
4024,23912027974582,34.019396,0.000000,54
4025,23912061993978,35.128374,0.000000,54
4026,23912097122352,36.034864,0.000000,54
4027,23912133157216,33.505493,0.000000,54
4028,23912166662709,38.731107,0.000000,54
4029,23912205393816,37.957717,0.000000,54
4030,23912243351533,34.004461,0.000000,54
4031,23912277355994,32.902632,0.000000,54
4032,23912310258626,34.586480,0.000000,54
4033,23912344845106,31.251425,0.000000,54
4034,23912376096531,34.086296,0.000000,54
4035,23912410182827,35.942911,0.000000,54
4036,23912446125738,38.257765,0.000000,54
4037,23912484383503,37.331665,0.000000,54
4038,23912521715168,38.761448,0.000000,54
4039,23912560476616,27.590260,0.000000,54
4040,23912588066876,36.728208,0.000000,54
4041,23912624795084,33.539913,0.000000,54
4042,23912658334997,33.874591,0.000000,54
4043,23912692209588,37.209190,0.000000,54
4044,23912729418778,36.784015,0.000000,54
4045,23912766202793,30.355130,0.000000,54
4046,23912796557923,32.562004,0.000000,54
4047,23912829119927,39.214063,0.000000,54
4048,23912868333990,39.464557,0.000000,54
4049,23912907798547,38.360044,0.000000,54
4050,23912946158591,37.261795,0.000000,54
4051,23912983420386,34.057456,0.000000,54
4052,23913017477842,30.039077,0.000000,54
4053,23913047516919,30.283439,0.000000,54
4054,23913077800358,29.683908,0.000000,54
4055,23913107484266,33.156205,0.000000,54
4056,23913140640471,34.245137,0.000000,54
4057,23913174885608,39.742865,0.000000,54
4058,23913214628473,38.327114,0.000000,54
4059,23913252955587,35.174466,0.000000,54
4060,23913288130053,30.345107,0.000000,54
4061,23913318475160,32.401289,0.000000,54
4062,23913350876449,30.704255,0.000000,54
4063,23913381580704,35.390944,0.000000,54
4064,23913416971648,43.736936,0.000000,55
4065,23913460708584,34.202376,0.000000,55
4066,23913494910960,25.322784,0.000000,55
4067,23913520233744,23.307791,0.000000,55
4068,23913543541535,20.604720,0.000000,55
4069,23913564146255,22.167761,0.000000,55
4070,23913586314016,21.653117,0.000000,55
4071,23913607967133,22.202096,0.000000,55
4072,23913630169229,22.313542,0.000000,55
4073,23913652482771,23.242414,0.000000,55
4074,23913675725185,24.139937,0.000000,55
4075,23913699865122,24.379894,0.000000,55
4076,23913724245016,24.201292,0.000000,55
4077,23913748446308,22.114667,0.000000,55
4078,23913770560975,21.902418,0.000000,55
4079,23913792463393,22.122165,0.000000,55
4080,23913814585558,22.069937,0.000000,55
4081,23913836655495,22.337824,0.000000,55
4082,23913858993319,22.254611,0.000000,55
4083,23913881247930,23.535947,0.000000,55
4084,23913904783877,23.871231,0.000000,55
4085,23913928655108,25.018805,0.000000,55
4086,23913953673913,25.253005,0.000000,55
4087,23913978926918,23.136920,0.000000,55
4088,23914002063838,21.948102,0.000000,55
4089,23914024011940,22.187635,0.000000,55
4090,23914046199575,22.663641,0.000000,55
4091,23914068863216,22.893998,0.000000,55
4092,23914091757214,22.086693,0.000000,55
4093,23914113843907,22.238501,0.000000,55
4094,23914136082408,21.937994,0.000000,55
4095,23914158020402,23.569758,0.000000,55
4096,23914181590160,24.315480,0.000000,55
4097,23914205905640,24.687406,0.000000,55
4098,23914230593046,22.798541,0.000000,55
4099,23914253391587,22.166882,0.000000,55
4100,23914275558469,22.343869,0.000000,55
4101,23914297902338,22.070870,0.000000,55
4102,23914319973208,21.739238,0.000000,55
4103,23914341712446,22.399995,0.000000,55
4104,23914364112441,22.216929,0.000000,55
4105,23914386329370,22.314877,0.000000,55
4106,23914408644247,24.184016,0.000000,55
4107,23914432828263,24.716536,0.000000,55
4108,23914457544799,24.895156,0.000000,55
4109,23914482439955,31.063161,0.000000,55
4110,23914513503116,22.608461,0.000000,55
4111,23914536111577,22.408723,0.000000,55
4112,23914558520300,21.917243,0.000000,55
4113,23914580437543,22.518691,0.000000,55
4114,23914602956234,22.291810,0.000000,55
4115,23914625248044,21.867982,0.000000,55
4116,23914647116026,22.615505,0.000000,55
4117,23914669731531,25.565137,0.000000,55
4118,23914695296668,24.260918,0.000000,55
4119,23914719557586,25.014591,0.000000,55
4120,23914744572177,23.273653,0.000000,55
4121,23914767845830,22.719372,0.000000,55
4122,23914790565202,22.389662,0.000000,55
4123,23914812954864,22.180647,0.000000,55
4124,23914835135511,22.003461,0.000000,55
4125,23914857138972,22.525423,0.000000,55
4126,23914879664395,22.749588,0.000000,55
4127,23914902413983,24.802436,0.000000,55
4128,23914927216419,24.807161,0.000000,55
4129,23914952023580,26.260914,0.000000,55
4130,23914978284494,24.328675,0.000000,55
4131,23915002613169,23.106236,0.000000,55
4132,23915025719405,22.470652,0.000000,55
4133,23915048190057,22.710770,0.000000,55
4134,23915070900827,22.575305,0.000000,55
4135,23915093476132,22.026506,0.000000,55
4136,23915115502638,23.716774,0.000000,55
4137,23915139219412,19.487127,0.000000,55
4138,23915158706539,20.475896,0.000000,55
4139,23915179182435,21.510711,0.000000,55
4140,23915200693146,21.347618,0.000000,55
4141,23915222040764,21.005737,0.000000,55
4142,23915243046501,19.459663,0.000000,55
4143,23915262506164,18.876332,0.000000,55
4144,23915281382496,19.298468,0.000000,55
4145,23915300680964,19.101517,0.000000,55
4146,23915319782481,19.407362,0.000000,55
4147,23915339189843,19.340630,0.000000,55
4148,23915358530473,18.909434,0.000000,55
4149,23915377439907,18.954316,0.000000,55
4150,23915396394223,20.039338,0.000000,55
4151,23915416433561,20.336453,0.000000,55
4152,23915436770014,21.062330,0.000000,55
4153,23915457832344,20.800619,0.000000,55
4154,23915478632963,35.389803,0.000000,55
4155,23915514022766,26.978035,0.000000,55
4156,23915541000801,23.962241,0.000000,55
4157,23915564963042,28.877432,0.000000,55
4158,23915593840474,30.701400,0.000000,55
4159,23915624541874,23.053527,0.000000,55
4160,23915647595401,30.059521,0.000000,55
4161,23915677654922,28.199719,0.000000,55
4162,23915705854641,28.846801,0.000000,55
4163,23915734701442,29.385001,0.000000,55
4164,23915764086443,27.955468,0.000000,55
4165,23915792041911,27.129449,0.000000,55
4166,23915819171360,27.824681,0.000000,55
4167,23915846996041,28.909477,0.000000,55
4168,23915875905518,23.692635,0.000000,55
4169,23915899598153,34.445255,0.000000,55
4170,23915934043408,31.637038,0.000000,55
4171,23915965680446,35.842430,0.000000,55
4172,23916001522876,27.241667,0.000000,55
4173,23916028764543,28.026012,0.000000,55
4174,23916056790555,28.670858,0.000000,55
4175,23916085461413,27.207477,0.000000,55
4176,23916112668890,26.656957,0.000000,55
4177,23916139325847,32.118299,0.000000,55
4178,23916171444146,27.492226,0.000000,55
4179,23916198936372,32.544281,0.000000,55
4180,23916231480653,30.869360,0.000000,55
4181,23916262350013,24.517201,0.000000,55
4182,23916286867214,28.295918,0.000000,55
4183,23916315163132,30.399964,0.000000,55
4184,23916345563096,23.629174,0.000000,55
4185,23916369192270,26.231145,0.000000,55
4186,23916395423415,26.642331,0.000000,55
4187,23916422065746,30.121125,0.000000,55
4188,23916452186871,29.401369,0.000000,55
4189,23916481588240,31.039000,0.000000,55
4190,23916512627240,30.058429,0.000000,55
4191,23916542685669,28.222964,0.000000,55
4192,23916570908633,26.785000,0.000000,55
4193,23916597693633,31.714873,0.000000,55
4194,23916629408506,28.002700,0.000000,55
4195,23916657411206,25.772861,0.000000,55
4196,23916683184067,35.363096,0.000000,55
4197,23916718547163,34.055776,0.000000,55
4198,23916752602939,23.660542,0.000000,55
4199,23916776263481,27.062912,0.000000,55
4200,23916803326393,31.005000,0.000000,55
4201,23916834331393,25.796374,0.000000,55
4202,23916860127767,25.907335,0.000000,55
4203,23916886035102,31.189422,0.000000,55
4204,23916917224524,33.409925,0.000000,55
4205,23916950634449,35.888944,0.000000,55
4206,23916986523393,30.639197,0.000000,55
4207,23917017162590,33.018057,0.000000,55
4208,23917050180647,29.838539,0.000000,55
4209,23917080019186,27.912288,0.000000,55
4210,23917107931474,27.933250,0.000000,55
4211,23917135864724,29.163016,0.000000,55
4212,23917165027740,31.383683,0.000000,55
4213,23917196411423,31.757491,0.000000,55
4214,23917228168914,32.944865,0.000000,55
4215,23917261113779,25.385350,0.000000,55
4216,23917286499129,26.108934,0.000000,55
4217,23917312608063,26.405408,0.000000,55
4218,23917339013471,23.763452,0.000000,55
4219,23917362776923,27.375739,0.000000,55
4220,23917390152662,30.528768,0.000000,55
4221,23917420681430,28.112901,0.000000,55
4222,23917448794331,30.213736,0.000000,55
4223,23917479008067,31.167846,0.000000,55
4224,23917510175913,27.370810,0.000000,55
4225,23917537546723,27.977268,0.000000,55
4226,23917565523991,28.239539,0.000000,55
4227,23917593763530,26.260681,0.000000,55
4228,23917620024211,26.870499,0.000000,55
4229,23917646894710,31.715385,0.000000,55
4230,23917678610095,27.841166,0.000000,55
4231,23917706451261,32.212502,0.000000,55
4232,23917738663763,29.175961,0.000000,55
4233,23917767839724,23.135371,0.000000,55
4234,23917790975095,27.577185,0.000000,55
4235,23917818552280,31.487947,0.000000,55
4236,23917850040227,24.364514,0.000000,55
4237,23917874404741,28.404015,0.000000,55
4238,23917902808756,29.109821,0.000000,55
4239,23917931918577,31.577061,0.000000,55
4240,23917963495638,30.177046,0.000000,55
4241,23917993672684,25.816530,0.000000,55
4242,23918019489214,27.092980,0.000000,55
4243,23918046582194,27.292584,0.000000,55
4244,23918073874778,26.440630,0.000000,55
4245,23918100315408,26.318533,0.000000,55
4246,23918126633941,27.888840,0.000000,55
4247,23918154522781,27.867581,0.000000,55
4248,23918182390362,34.000179,0.000000,55
4249,23918216390541,31.027002,0.000000,55
4250,23918247417543,30.585947,0.000000,55
4251,23918278003490,23.739814,0.000000,55
4252,23918301743304,30.486219,0.000000,55
4253,23918332229523,27.159367,0.000000,55
4254,23918359388890,22.969877,0.000000,55
4255,23918382358767,27.770851,0.000000,55
4256,23918410129618,32.217793,0.000000,55
4257,23918442347411,28.377985,0.000000,55
4258,23918470725396,27.585518,0.000000,55
4259,23918498310914,26.123549,0.000000,55
4260,23918524434463,19.958336,0.000000,55
4261,23918544392799,19.238475,0.000000,55
4262,23918563631274,19.146455,0.000000,55
4263,23918582777729,19.250845,0.000000,55
4264,23918602028574,19.096142,0.000000,55
4265,23918621124716,19.160329,0.000000,55
4266,23918640285045,19.178370,0.000000,55
4267,23918659463415,20.827911,0.000000,55
4268,23918680291326,21.063942,0.000000,55
4269,23918701355268,21.189021,0.000000,55
4270,23918722544289,21.029536,0.000000,55
4271,23918743573825,19.276404,0.000000,55
4272,23918762850229,19.389870,0.000000,55
4273,23918782240099,19.099146,0.000000,55
4274,23918801339245,19.176435,0.000000,55
4275,23918820515680,19.326178,0.000000,55
4276,23918839841858,19.384787,0.000000,55
4277,23918859226645,19.167702,0.000000,55
4278,23918878394347,19.179289,0.000000,55
4279,23918897573636,19.635798,0.000000,55
4280,23918917209434,21.379364,0.000000,55
4281,23918938588798,21.268926,0.000000,55
4282,23918959857724,20.948785,0.000000,55
4283,23918980806509,20.037116,0.000000,55
4284,23919000843625,19.527502,0.000000,55
4285,23919020371127,19.809017,0.000000,55
4286,23919040180144,19.125904,0.000000,55
4287,23919059306048,19.585685,0.000000,55
4288,23919078891733,19.617925,0.000000,55
4289,23919098509658,19.290478,0.000000,55
4290,23919117800136,19.483446,0.000000,55
4291,23919137283582,19.452085,0.000000,55
4292,23919156735667,19.903314,0.000000,55
4293,23919176638981,21.015002,0.000000,55
4294,23919197653983,21.793608,0.000000,55
4295,23919219447591,21.383280,0.000000,55
4296,23919240830871,20.295046,0.000000,55
4297,23919261125917,19.053919,0.000000,55
4298,23919280179836,19.244625,0.000000,55
4299,23919299424461,18.928837,0.000000,55
4300,23919318353298,19.006205,0.000000,55
4301,23919337359503,19.225351,0.000000,55
4302,23919356584854,19.161843,0.000000,55
4303,23919375746697,18.922830,0.000000,55
4304,23919394669527,19.462276,0.000000,55
4305,23919414131803,21.833981,0.000000,55
4306,23919435965784,21.633307,0.000000,55
4307,23919457599091,21.605906,0.000000,55
4308,23919479204997,21.072032,0.000000,55
4309,23919500277029,28.097382,0.000000,55
4310,23919528374411,19.769447,0.000000,55
4311,23919548143858,19.844140,0.000000,55
4312,23919567987998,19.254577,0.000000,55
4313,23919587242575,19.499493,0.000000,55
4314,23919606742068,19.550461,0.000000,55
4315,23919626292529,19.601282,0.000000,55
4316,23919645893811,19.306048,0.000000,55
4317,23919665199859,21.684686,0.000000,55
4318,23919686884545,21.281571,0.000000,55
4319,23919708166116,21.262779,0.000000,55
4320,23919729428895,22.247508,0.000000,55
4321,23919751676403,20.753922,0.000000,55
4322,23919772430325,19.118707,0.000000,55
4323,23919791549032,19.265504,0.000000,55
4324,23919810814536,19.161241,0.000000,55
4325,23919829975777,19.181748,0.000000,55
4326,23919849157525,19.159127,0.000000,55
4327,23919868316652,19.377647,0.000000,55
4328,23919887694299,20.255018,0.000000,55
4329,23919907949317,23.849127,0.000000,55
4330,23919931798444,21.265057,0.000000,55
4331,23919953063501,21.522949,0.000000,55
4332,23919974586450,21.125693,0.000000,55
4333,23919995712143,20.052911,0.000000,55
4334,23920015765054,18.990175,0.000000,55
4335,23920034755229,19.120608,0.000000,55
4336,23920053875837,18.765085,0.000000,55
4337,23920072640922,19.129156,0.000000,55
4338,23920091770078,18.922081,0.000000,55
4339,23920110692159,19.062792,0.000000,55
4340,23920129754951,19.457268,0.000000,55
4341,23920149212219,19.660813,0.000000,55
4342,23920168873032,21.178237,0.000000,55
4343,23920190051269,21.110418,0.000000,55
4344,23920211161687,21.127272,0.000000,55
4345,23920232288959,21.380853,0.000000,55
4346,23920253669812,19.410054,0.000000,55
4347,23920273079866,19.116956,0.000000,55
4348,23920292196822,19.234305,0.000000,55
4349,23920311431127,19.074960,0.000000,55
4350,23920330506087,19.130889,0.000000,55
4351,23920349636976,19.093523,0.000000,55
4352,23920368730499,19.028826,0.000000,55
4353,23920387759325,19.594169,0.000000,55
4354,23920407353494,19.834642,0.000000,55
4355,23920427188136,21.441212,0.000000,55
4356,23920448629348,21.133033,0.000000,55
4357,23920469762381,21.819003,0.000000,55
4358,23920491581384,26.716683,0.000000,55
4359,23920518298067,31.332255,0.000000,55
4360,23920549630322,26.992126,0.000000,55
4361,23920576622448,26.075591,0.000000,55
4362,23920602698039,26.013141,0.000000,55
4363,23920628711180,27.509389,0.000000,55
4364,23920656220569,26.943758,0.000000,55
4365,23920683164327,35.483900,0.000000,55
4366,23920718648227,31.009195,0.000000,55
4367,23920749657422,27.189553,0.000000,55
4368,23920776846975,28.444303,0.000000,55
