observation_frame,frame_timestamp,cpu_total_ms,main_work_ms,render_work_ms,present_wait_ms,gpu_ms,gc0_total
0,107040145857955,13.335533,0.901447,0.316095,12.426711,0.000000,185
1,107040159193488,13.699190,4.634915,0.366378,9.057326,0.000000,185
2,107040172892678,13.336202,1.081766,0.267967,12.248394,0.000000,185
3,107040186228880,13.329182,1.698993,0.351384,11.622772,0.000000,185
4,107040199558062,13.334614,2.582531,0.365343,10.747202,0.000000,185
5,107040212892676,13.336672,0.807889,0.275662,12.522665,0.000000,185
6,107040226229348,13.330057,0.951276,0.240625,12.372998,0.000000,185
7,107040239559405,13.332301,0.891299,0.295252,12.435745,0.000000,185
8,107040252891706,13.337014,0.851083,0.258392,12.480005,0.000000,185
9,107040266228720,13.330308,3.610057,0.343378,9.714259,0.000000,185
10,107040279559028,13.335236,1.690078,0.324156,11.639585,0.000000,185
11,107040292894264,13.335656,0.995702,0.350961,12.333986,0.000000,185
12,107040306229920,13.330491,0.803366,0.344373,12.520887,0.000000,185
13,107040319560411,13.332690,0.758875,0.297972,12.569171,0.000000,185
14,107040332893101,13.337750,0.783240,0.352841,12.548748,0.000000,185
15,107040346230851,13.330351,0.826094,0.304771,12.498358,0.000000,185
16,107040359561202,13.332229,0.812007,0.310139,12.515335,0.000000,185
17,107040372893431,13.334036,3.422299,0.256358,9.906475,0.000000,185
18,107040386227467,13.333333,0.653497,0.277601,12.674475,0.000000,185
19,107040399560800,13.334880,1.027554,0.305250,12.301412,0.000000,185
20,107040412895680,13.331886,0.812915,0.258498,12.513311,0.000000,185
21,107040426227566,13.338656,0.759831,0.287873,12.572374,0.000000,185
22,107040439566222,13.330797,0.877135,0.276478,12.446385,0.000000,185
23,107040452897019,13.335395,0.800566,0.279462,12.527178,0.000000,185
24,107040466232414,13.332163,0.821570,0.336156,12.503471,0.000000,185
25,107040479564577,13.328244,3.384584,0.247727,9.937582,0.000000,185
26,107040492892821,13.335261,0.746525,0.272492,12.583349,0.000000,185
27,107040506228082,13.336834,0.913879,0.223971,12.417187,0.000000,185
28,107040519564916,13.330597,0.900879,0.251163,12.423309,0.000000,185
29,107040532895513,13.330485,0.802539,0.257087,12.522324,0.000000,185
30,107040546225998,13.338652,0.683377,0.295613,12.649479,0.000000,185
31,107040559564650,13.329986,0.871069,0.265759,12.452821,0.000000,185
32,107040572894636,13.355282,0.835646,0.632504,12.513579,0.000000,185
33,107040586249918,13.331352,3.783369,0.349998,9.540345,0.000000,185
34,107040599581270,13.333784,0.953791,0.653566,12.372958,0.000000,185
35,107040612915054,13.334957,1.266067,0.340060,12.063023,0.000000,185
36,107040626250011,13.336695,0.860161,0.255820,12.468107,0.000000,185
37,107040639586706,13.326832,1.000869,0.276799,12.320086,0.000000,185
38,107040652913538,13.333544,0.800432,0.578861,12.527719,0.000000,185
39,107040666247082,13.335527,0.669330,0.355108,12.659985,0.000000,185
40,107040679582609,13.333620,1.015775,0.366147,12.311822,0.000000,185
41,107040692916229,13.335699,3.398618,0.569928,9.930182,0.000000,185
42,107040706251928,13.333182,2.041160,0.866607,11.285116,0.000000,185
43,107040719585110,13.331457,1.227421,0.514678,12.097812,0.000000,185
44,107040732916567,13.332139,1.024809,0.555090,12.301540,0.000000,185
45,107040746248706,13.338561,0.873213,0.561238,12.459500,0.000000,185
46,107040759587267,13.330856,1.051307,0.534720,12.271256,0.000000,185
47,107040772918123,13.332922,1.107225,0.463680,12.219882,0.000000,185
48,107040786251045,13.332994,1.280562,0.914155,12.046218,0.000000,185
49,107040799584039,13.332005,3.826150,0.543339,9.499822,0.000000,185
50,107040812916044,13.334710,0.991436,0.780807,12.337211,0.000000,185
51,107040826250754,13.334998,1.894941,1.396626,11.433144,0.000000,185
52,107040839585752,13.333000,1.727986,0.940128,11.597129,0.000000,185
53,107040852918752,13.332560,1.389896,1.102744,11.936011,0.000000,185
54,107040866251312,13.334684,1.233997,0.813014,12.093083,0.000000,185
55,107040879585996,13.334011,1.449775,1.426002,11.877396,0.000000,185
56,107040892920007,13.333062,1.370049,1.158791,11.955842,0.000000,185
57,107040906253069,13.333306,3.829412,0.848695,9.494809,0.000000,185
58,107040919586375,13.332320,1.686338,0.805646,11.637585,0.000000,185
59,107040932918695,13.335285,1.810063,0.694016,11.517976,0.000000,185
60,107040946253980,13.331674,1.669947,1.052552,11.654288,0.000000,185
61,107040959585654,13.334236,1.884009,1.102338,11.442886,0.000000,185
62,107040972919890,13.332323,1.772028,0.970184,11.553879,0.000000,185
63,107040986252213,13.334150,1.002245,1.059581,12.326210,0.000000,185
64,107040999586363,13.331619,1.900464,1.202831,11.425696,0.000000,185
65,107041012917982,13.338523,4.684487,0.778102,8.645111,0.000000,185
66,107041026256505,13.330229,1.179230,0.728088,12.145136,0.000000,185
67,107041039586734,13.333851,2.011150,0.755509,11.315487,0.000000,185
68,107041052920585,13.333222,1.100348,0.890833,12.225780,0.000000,185
69,107041066253807,13.331694,2.559395,0.733049,10.766052,0.000000,185
70,107041079585501,13.335263,1.216619,0.867535,12.112066,0.000000,185
71,107041092920764,13.332609,2.483388,0.873957,10.842477,0.000000,185
72,107041106253373,13.329989,1.990182,0.899047,11.333822,0.000000,185
73,107041119583362,13.334404,3.880644,0.824941,9.448375,0.000000,185
74,107041132917766,13.336767,1.645519,0.909585,11.684545,0.000000,185
75,107041146254533,13.333904,1.496069,0.788909,11.830264,0.000000,185
76,107041159588437,13.332059,1.368931,0.782311,11.955334,0.000000,185
77,107041172920496,13.334907,1.523399,1.168941,11.804084,0.000000,185
78,107041186255403,13.333891,1.243859,1.707208,12.080615,0.000000,185
79,107041199589294,13.330238,1.425958,1.697830,11.896336,0.000000,185
80,107041212919532,13.334212,1.445341,0.819211,11.882634,0.000000,185
81,107041226253744,13.331850,3.959062,0.707070,9.366789,0.000000,185
82,107041239585594,13.334689,1.267017,0.896959,12.061907,0.000000,185
83,107041252920283,13.334572,1.372799,0.768360,11.955173,0.000000,185
84,107041266254855,13.333854,1.089423,0.694986,12.236967,0.000000,185
85,107041279588709,13.332388,1.203748,0.682702,12.121693,0.000000,185
86,107041292921097,13.337498,1.151809,0.749669,12.177910,0.000000,185
87,107041306258595,13.329117,1.256868,0.693627,12.063613,0.000000,185
88,107041319587712,13.334344,1.176592,0.761190,12.151161,0.000000,186
89,107041332922056,13.331906,4.105836,0.587952,9.219725,0.000000,186
90,107041346253962,13.332831,1.065255,0.725656,12.261545,0.000000,186
91,107041359586793,13.333606,3.373106,0.665363,9.953226,0.000000,186
92,107041372920399,13.335251,1.211951,0.614976,12.115959,0.000000,186
93,107041386255650,13.334023,1.111198,0.693954,12.215473,0.000000,186
94,107041399589673,13.333188,1.228685,0.717731,12.097606,0.000000,186
95,107041412922861,13.333653,1.230185,0.707553,12.096793,0.000000,186
96,107041426256514,13.332884,1.052940,0.776172,12.273846,0.000000,186
97,107041439589398,13.329660,5.412291,0.656591,7.912128,0.000000,186
98,107041452919058,13.335005,2.015651,0.642437,11.313743,0.000000,186
99,107041466254063,13.334229,1.169135,0.664045,12.158165,0.000000,186
100,107041479588292,13.332302,1.038323,0.654748,12.286976,0.000000,186
101,107041492920594,13.334915,1.193633,0.600973,12.135090,0.000000,186
102,107041506255509,13.334442,0.963785,0.654093,12.364231,0.000000,186
103,107041519589951,13.332099,1.041891,0.643364,12.283160,0.000000,186
104,107041532922050,13.334891,0.982424,0.790368,12.346559,0.000000,186
105,107041546256941,13.329294,4.789253,0.582159,8.534117,0.000000,186
106,107041559586235,13.334678,1.041367,0.644108,12.287781,0.000000,186
107,107041572920913,13.335219,1.245808,0.567102,12.083937,0.000000,186
108,107041586256132,13.333889,0.943507,0.664553,12.384015,0.000000,186
109,107041599590021,13.333602,1.055154,0.531742,12.272054,0.000000,186
110,107041612923623,13.333646,1.031397,0.520384,12.295535,0.000000,186
111,107041626257269,13.332377,0.995476,0.652819,12.331324,0.000000,186
112,107041639589646,13.333441,1.045672,0.787012,12.281540,0.000000,186
113,107041652923087,13.330800,4.745292,0.649838,8.578899,0.000000,186
114,107041666253887,13.335855,0.898727,0.678182,12.431411,0.000000,186
115,107041679589742,13.347760,1.491501,0.637366,11.844876,0.000000,186
116,107041692937502,13.317753,1.283116,0.616249,12.025090,0.000000,186
117,107041706255255,13.335532,0.953093,0.652941,12.375942,0.000000,186
118,107041719590787,13.330501,1.115723,0.467337,12.209064,0.000000,186
119,107041732921288,13.334959,1.130336,0.474416,12.198841,0.000000,186
120,107041746256247,13.333559,1.063972,0.680113,12.263192,0.000000,186
121,107041759589806,13.330806,3.782117,0.465450,9.542356,0.000000,186
122,107041772920612,13.335645,1.121549,0.597127,12.208527,0.000000,186
123,107041786256257,13.334227,1.182067,0.566108,12.145638,0.000000,186
124,107041799590484,13.334034,1.163439,0.513364,12.164417,0.000000,186
125,107041812924518,13.330308,1.223499,0.438072,12.100485,0.000000,186
126,107041826254826,13.335530,0.984590,0.442954,12.345446,0.000000,186
127,107041839590356,13.333889,1.280374,0.497550,12.047183,0.000000,186
128,107041852924245,13.331647,1.139670,0.460171,12.186122,0.000000,186
129,107041866255892,13.381353,3.506433,0.628981,9.869704,0.000000,186
130,107041879637245,13.335291,1.154951,0.657886,12.173685,0.000000,186
131,107041892972536,13.331698,1.407615,0.622265,11.917509,0.000000,186
132,107041906304234,13.333749,1.057572,0.639104,12.269052,0.000000,186
133,107041919637983,13.335835,1.149745,0.473106,12.178936,0.000000,186
134,107041932973818,13.330540,1.201754,0.472911,12.121216,0.000000,186
135,107041946304358,13.333556,1.063616,0.612816,12.264188,0.000000,186
136,107041959637914,13.335806,1.149051,0.839922,12.180348,0.000000,186
137,107041972973720,13.331786,3.959226,0.636179,9.363388,0.000000,186
138,107041986305506,13.332909,1.006890,0.654662,12.320302,0.000000,186
139,107041999638415,13.335340,1.429289,0.668541,11.898628,0.000000,186
140,107042012973755,13.331620,1.195093,0.728636,12.129606,0.000000,186
141,107042026305375,13.331901,1.004509,0.560761,12.321814,0.000000,186
142,107042039637276,13.335577,1.137196,0.544138,12.192311,0.000000,186
143,107042052972853,13.333903,1.170366,0.448802,12.157517,0.000000,186
144,107042066306756,13.331212,1.009014,0.529318,12.316400,0.000000,186
145,107042079637968,13.336456,3.673834,0.605959,9.656930,0.000000,186
146,107042092974424,13.331309,1.013650,0.616672,12.311732,0.000000,186
147,107042106305733,13.333873,1.138827,0.613156,12.189482,0.000000,186
148,107042119639606,13.333959,1.058733,0.628178,12.269632,0.000000,186
149,107042132973565,13.334659,1.171577,0.458651,12.156757,0.000000,186
150,107042146308224,13.332288,1.053289,0.629192,12.271423,0.000000,186
151,107042159640512,13.332689,1.145850,0.634286,12.179871,0.000000,186
152,107042172973201,13.332663,1.081574,0.774760,12.245225,0.000000,186
153,107042186305864,13.333794,3.970378,0.566630,9.357573,0.000000,186
154,107042199639658,13.335106,1.295972,0.497859,12.033283,0.000000,186
155,107042212974764,13.333162,1.454461,0.454717,11.871911,0.000000,186
156,107042226307926,13.332067,0.963697,0.601166,12.361481,0.000000,186
157,107042239639993,13.333010,1.180085,0.580643,12.147181,0.000000,186
158,107042252973003,13.336388,1.089635,0.631459,12.239275,0.000000,186
159,107042266309391,13.329653,1.065345,0.588338,12.257223,0.000000,186
160,107042279639044,13.333788,1.100433,0.739411,12.227334,0.000000,186
161,107042292972832,13.335367,3.671386,0.506692,9.658302,0.000000,186
162,107042306308199,13.333107,1.064348,0.433302,12.262921,0.000000,186
163,107042319641306,13.332988,1.277428,0.628931,12.050036,0.000000,186
164,107042332974294,13.332802,1.173232,0.691952,12.152861,0.000000,186
165,107042346307096,13.339718,1.148741,0.611890,12.185663,0.000000,186
166,107042359646814,13.332693,1.133428,0.455739,12.192792,0.000000,186
167,107042372979507,13.335723,1.090981,0.612591,12.238223,0.000000,186
168,107042386315230,13.331466,0.986571,0.793847,12.338516,0.000000,186
169,107042399646696,13.332936,4.617582,0.439930,8.710078,0.000000,186
170,107042412979632,13.335962,1.111496,0.624563,12.217521,0.000000,186
171,107042426315594,13.330466,1.213175,0.609491,12.109348,0.000000,186
172,107042439646060,13.333880,1.009003,0.625140,12.318884,0.000000,186
173,107042452979940,13.334747,0.994394,0.633013,12.334555,0.000000,186
174,107042466314687,13.333896,0.956319,0.654858,12.369913,0.000000,186
175,107042479648583,13.332474,1.116982,0.470326,12.210261,0.000000,186
176,107042492981057,13.332531,1.117151,0.719984,12.208572,0.000000,186
177,107042506313588,13.334560,3.427500,0.584747,9.901295,0.000000,186
178,107042519648148,13.333177,1.052503,0.608583,12.274271,0.000000,186
179,107042532981325,13.332122,1.238220,0.624450,12.088219,0.000000,186
180,107042546313447,13.334906,0.915209,0.627110,12.414033,0.000000,186
181,107042559648353,13.333013,1.065239,0.622320,12.261505,0.000000,186
182,107042572981366,13.333507,1.036211,0.445321,12.291650,0.000000,186
183,107042586314873,13.334429,0.913736,0.613300,12.414864,0.000000,187
184,107042599649302,13.331265,1.027408,0.663257,12.297787,0.000000,187
185,107042612980567,13.332782,3.515991,0.946188,9.811133,0.000000,187
186,107042626313349,13.335511,1.557740,0.622708,11.772258,0.000000,187
187,107042639648860,13.333468,1.253805,0.635186,12.073143,0.000000,187
188,107042652982328,13.332382,1.025629,0.562789,12.301070,0.000000,187
189,107042666314710,13.334841,0.912901,0.674092,12.416050,0.000000,187
190,107042679649551,13.332933,1.240384,0.611742,12.085933,0.000000,187
191,107042692982484,13.333026,1.128928,0.662723,12.198435,0.000000,187
192,107042706315510,13.334777,0.932009,0.724847,12.396316,0.000000,187
193,107042719650287,13.332306,3.527821,0.629462,9.798517,0.000000,187
194,107042732982593,13.332321,1.061223,0.625377,12.265635,0.000000,187
195,107042746314914,13.334904,1.177670,0.615379,12.151326,0.000000,187
196,107042759649818,13.335086,1.051550,0.633440,12.276469,0.000000,187
197,107042772984904,13.330930,1.052979,0.706045,12.270806,0.000000,187
198,107042786315834,13.335081,0.916965,0.611711,12.411659,0.000000,187
199,107042799650915,13.333663,1.062462,0.648725,12.264449,0.000000,187
200,107042812984578,13.330735,1.093037,0.705557,12.231611,0.000000,187
201,107042826315313,13.332644,3.475030,0.614334,9.852365,0.000000,187
202,107042839647957,13.334808,1.017233,0.664638,12.312337,0.000000,187
203,107042852982765,13.333777,1.279151,0.526978,12.047899,0.000000,187
204,107042866316542,13.332698,0.977287,0.434367,12.349997,0.000000,187
205,107042879649240,13.334494,1.035634,0.612735,12.293160,0.000000,187
206,107042892983734,13.333723,1.045780,0.545642,12.281936,0.000000,187
207,107042906317457,13.330749,1.000489,0.436274,12.324035,0.000000,187
208,107042919648206,13.336793,1.114781,1.487535,12.215962,0.000000,187
209,107042932984999,13.335704,3.608605,0.479175,9.716963,0.000000,187
210,107042946320703,13.327649,1.062145,0.596425,12.259092,0.000000,187
211,107042959648352,13.336786,1.354560,0.626532,11.975979,0.000000,187
212,107042972985138,13.331427,1.135140,0.467907,12.189476,0.000000,187
213,107042986316565,13.334319,1.051357,0.445078,12.277112,0.000000,187
214,107042999650884,13.332227,1.062763,0.425505,12.262703,0.000000,187
215,107043012983111,13.333764,1.250311,0.600133,12.077038,0.000000,187
216,107043026316875,13.331876,1.069063,0.635106,12.256863,0.000000,187
217,107043039648751,13.335700,3.574892,0.600094,9.754497,0.000000,187
218,107043052984451,13.334678,1.055885,0.617842,12.272333,0.000000,187
219,107043066319129,13.331096,1.345466,0.394393,11.979551,0.000000,187
220,107043079650225,13.334917,1.064065,0.648709,12.264694,0.000000,187
221,107043092985142,13.332711,1.061572,0.638751,12.262008,0.000000,187
222,107043106317853,13.331661,1.094408,0.597720,12.230480,0.000000,187
223,107043119649514,13.333401,1.150630,0.615855,12.176613,0.000000,187
224,107043132982915,13.335980,1.143275,0.625663,12.186340,0.000000,187
225,107043146318895,13.332461,3.426314,0.484797,9.899223,0.000000,187
226,107043159651356,13.331664,1.180256,0.579336,12.144498,0.000000,187
227,107043172983020,13.337230,1.391885,0.655791,11.937957,0.000000,187
228,107043186320250,13.331668,1.132788,0.609795,12.191055,0.000000,187
229,107043199651918,13.331934,1.157948,0.598097,12.167503,0.000000,187
230,107043212983852,13.334913,1.112253,0.596227,12.215121,0.000000,187
231,107043226318765,13.332456,1.059012,0.616050,12.266013,0.000000,187
232,107043239651221,13.333180,1.138788,0.650757,12.187164,0.000000,187
233,107043252984401,13.333304,3.550505,0.613353,9.775405,0.000000,187
234,107043266317705,13.332014,1.042908,0.616923,12.282968,0.000000,187
235,107043279649719,13.335621,1.434144,0.584944,11.894997,0.000000,187
236,107043292985340,13.334819,1.162301,0.508282,12.165546,0.000000,187
237,107043306320159,13.332052,1.076801,0.441689,12.248406,0.000000,187
238,107043319652211,13.331809,1.306701,0.595151,12.018170,0.000000,187
239,107043332984020,13.336353,1.112434,0.616300,12.216903,0.000000,187
240,107043346320373,13.334137,0.946349,0.662467,12.381230,0.000000,187
241,107043359654510,13.333346,3.804431,0.649862,9.520814,0.000000,187
242,107043372987856,13.334767,1.219013,0.586813,12.105955,0.000000,187
243,107043386322623,13.331749,1.205949,0.574755,12.105137,0.000000,187
244,107043399654372,13.332125,1.038682,0.608101,12.286664,0.000000,187
245,107043412986497,13.333976,1.097064,0.589709,12.229829,0.000000,187
246,107043426320473,13.334352,1.069824,0.615617,12.257438,0.000000,187
247,107043439654825,13.333629,1.200230,0.632009,12.125778,0.000000,187
248,107043452988454,13.334234,1.208146,1.542922,12.118423,0.000000,187
249,107043466322688,13.329801,3.876951,0.574978,9.441206,0.000000,187
250,107043479652489,13.335735,1.149862,0.604850,12.179075,0.000000,187
251,107043492988224,13.332111,1.499422,0.498965,11.825097,0.000000,187
252,107043506320335,13.332739,1.042678,0.425047,12.282813,0.000000,187
253,107043519653074,13.332147,1.140381,0.442619,12.184026,0.000000,187
254,107043532985221,13.336045,1.065546,0.444273,12.263264,0.000000,187
255,107043546321266,13.333300,0.974280,0.447011,12.351545,0.000000,187
256,107043559654566,13.329888,1.178869,0.621294,12.144120,0.000000,187
257,107043572984454,13.336470,3.449006,0.554526,9.881636,0.000000,187
258,107043586320924,13.333014,0.902299,0.603074,12.424546,0.000000,187
259,107043599653938,13.334652,1.305363,0.619184,12.022359,0.000000,187
260,107043612988590,13.332066,1.071792,0.588041,12.254157,0.000000,187
261,107043626320656,13.335333,0.908387,0.429350,12.420297,0.000000,187
262,107043639655989,13.333365,1.089436,0.603587,12.236938,0.000000,187
263,107043652989354,13.331908,1.037404,0.590359,12.286952,0.000000,187
264,107043666321262,13.334608,0.928017,0.502522,12.400898,0.000000,187
265,107043679655870,13.334037,3.498821,0.581061,9.828225,0.000000,187
266,107043692989907,13.329816,1.702527,0.571735,11.620411,0.000000,187
267,107043706319723,13.335417,1.366230,0.580924,11.962188,0.000000,187
268,107043719655140,13.333456,1.331605,0.429112,11.993901,0.000000,187
269,107043732988596,13.331652,1.120026,0.430639,12.204304,0.000000,187
270,107043746320248,13.336573,1.030879,0.540033,12.299234,0.000000,187
271,107043759656821,13.333967,1.181856,0.749933,12.144543,0.000000,187
272,107043772990788,13.330438,1.128725,0.594229,12.194164,0.000000,187
273,107043786321226,13.335352,3.725230,0.578174,9.599359,0.000000,187
274,107043799656578,13.330964,1.191234,0.594725,12.132281,0.000000,187
275,107043812987542,13.340129,1.429470,0.593791,11.900240,0.000000,187
276,107043826327671,13.329282,1.103343,0.605335,12.218503,0.000000,187
277,107043839656953,13.331720,1.386425,0.577606,11.937737,0.000000,187
278,107043852988673,13.353477,1.138403,0.604748,12.207585,0.000000,187
279,107043866342150,13.331964,1.101655,0.558503,12.221346,0.000000,187
280,107043879674114,13.333364,1.168027,0.623762,12.158151,0.000000,187
281,107043893007478,13.331616,3.598393,0.632943,9.726171,0.000000,187
282,107043906339094,13.333045,0.947806,0.601778,12.380421,0.000000,187
283,107043919672139,13.334490,2.376896,0.609787,10.949815,0.000000,188
284,107043933006629,13.332956,1.206096,0.592672,12.119795,0.000000,188
285,107043946339585,13.332538,1.073797,0.604076,12.251537,0.000000,188
286,107043959672123,13.336454,1.097371,0.607002,12.232905,0.000000,188
287,107043973008577,13.331801,1.213256,0.599832,12.111084,0.000000,188
288,107043986340378,13.333808,0.921792,0.587200,12.405918,0.000000,188
289,107043999674186,13.334119,3.509142,0.579271,9.818872,0.000000,188
290,107044013008305,13.332901,1.163802,0.559945,12.160713,0.000000,188
291,107044026341206,13.331885,1.395563,0.542346,11.928711,0.000000,188
292,107044039673091,13.334687,1.156428,0.436667,12.170153,0.000000,188
293,107044053007778,13.335082,1.181921,0.414514,12.145968,0.000000,188
294,107044066342860,13.331331,1.074158,0.545478,12.248735,0.000000,188
295,107044079674191,13.334107,1.122050,0.456270,12.204585,0.000000,188
296,107044093008298,13.333870,1.131564,0.393772,12.194296,0.000000,188
297,107044106342168,13.331274,3.764311,0.418925,9.559275,0.000000,188
298,107044119673442,13.334583,1.306184,0.570706,12.020498,0.000000,188
299,107044133008025,13.332001,1.338713,0.457423,11.986032,0.000000,188
300,107044146340026,13.336913,0.869976,0.359687,12.460940,0.000000,188
301,107044159676939,13.333193,1.042783,0.506069,12.283084,0.000000,188
302,107044173010132,13.330825,1.020696,0.448997,12.303483,0.000000,188
303,107044186340957,13.334598,0.914521,0.542724,12.414130,0.000000,188
304,107044199675555,13.331255,1.171297,0.412304,12.153783,0.000000,188
305,107044213006810,13.336802,3.565932,0.586288,9.763896,0.000000,188
306,107044226343612,13.331920,1.054463,0.593497,12.269955,0.000000,188
307,107044239675532,13.332634,1.562179,0.583550,11.765037,0.000000,188
308,107044253008166,13.334588,1.031722,0.561137,12.295804,0.000000,188
309,107044266342754,13.334867,1.036620,0.580543,12.291149,0.000000,188
310,107044279677621,13.331117,1.211924,0.699449,12.111801,0.000000,188
311,107044293008738,13.336203,1.138887,0.560137,12.190298,0.000000,188
312,107044306344941,13.332380,1.053547,0.583243,12.270962,0.000000,188
313,107044319677321,13.331651,3.427247,0.533791,9.897790,0.000000,188
314,107044333008972,13.335029,0.980411,0.564763,12.348828,0.000000,188
315,107044346344001,13.331835,1.216945,0.533367,12.108061,0.000000,188
316,107044359675836,13.330783,1.152647,0.547453,12.171966,0.000000,188
317,107044373006619,13.333616,1.081341,0.686146,12.245767,0.000000,188
318,107044386340235,13.334899,1.053729,0.517589,12.274318,0.000000,188
319,107044399675134,13.331317,1.097883,0.397387,12.227105,0.000000,188
320,107044413006451,13.336616,1.060774,0.418727,12.268839,0.000000,188
321,107044426343067,13.333313,3.693093,0.546475,9.632098,0.000000,188
322,107044439676380,13.332363,1.174233,0.465543,12.149653,0.000000,188
323,107044453008743,13.344630,1.407050,0.393299,11.927623,0.000000,188
324,107044466353373,13.331704,1.243167,0.543347,12.078942,0.000000,188
325,107044479685077,13.331139,1.168755,0.410395,12.154735,0.000000,188
326,107044493016216,13.334193,1.093176,0.534023,12.233755,0.000000,188
327,107044506350409,13.332835,1.022162,0.539405,12.304045,0.000000,188
328,107044519683244,13.331952,1.112959,0.532360,12.212477,0.000000,188
329,107044533015196,13.333027,3.809623,0.538776,9.516689,0.000000,188
330,107044546348223,13.345584,0.965145,0.541208,12.367948,0.000000,188
331,107044559693807,13.320272,1.525403,0.513596,11.785170,0.000000,188
332,107044573014079,13.333896,1.029454,0.560151,12.298696,0.000000,188
333,107044586347975,13.334562,0.968993,0.438706,12.359660,0.000000,188
334,107044599682537,13.336033,1.224587,0.420708,12.104462,0.000000,188
335,107044613018570,13.331249,1.193726,0.552608,12.129732,0.000000,188
336,107044626349819,13.334914,1.010652,0.556524,12.316929,0.000000,188
337,107044639684733,13.330797,3.846928,0.388063,9.476593,0.000000,188
338,107044653015530,13.335061,1.088056,0.540294,12.241102,0.000000,188
339,107044666350591,13.334336,1.309285,0.551110,12.017905,0.000000,188
340,107044679684927,13.435556,1.167481,0.607254,12.259457,0.000000,188
341,107044693120483,13.332220,1.251808,0.530674,12.071907,0.000000,188
342,107044706452703,13.334160,1.033037,0.390329,12.293690,0.000000,188
343,107044719786863,13.330388,1.229618,0.499165,12.093739,0.000000,188
344,107044733117251,13.337135,1.189758,0.540337,12.140483,0.000000,188
345,107044746454386,13.332608,3.785905,0.507042,9.536980,0.000000,188
346,107044759786994,13.330763,1.234137,0.522960,12.088664,0.000000,188
347,107044773117757,13.333115,1.419401,0.513976,11.906404,0.000000,188
348,107044786450872,13.333776,0.997446,0.497591,12.329992,0.000000,188
349,107044799784648,13.332271,1.120552,0.506661,12.205199,0.000000,188
350,107044813116919,13.337236,1.082306,0.461750,12.248065,0.000000,188
351,107044826454155,13.332182,1.031792,0.445853,12.292812,0.000000,188
352,107044839786337,13.332787,1.080401,0.434227,12.245515,0.000000,188
353,107044853119124,13.339029,3.435088,0.435653,9.895848,0.000000,188
354,107044866458153,13.327455,1.004315,0.437125,12.314002,0.000000,188
355,107044879785608,13.334945,1.374339,0.453807,11.953935,0.000000,188
356,107044893120553,13.332591,1.167507,0.412738,12.158739,0.000000,188
357,107044906453144,13.332562,0.992821,0.363213,12.332672,0.000000,188
358,107044919785706,13.335552,1.030023,0.380959,12.298144,0.000000,188
359,107044933121258,13.332741,1.045865,0.490342,12.280244,0.000000,188
360,107044946453999,13.332179,1.028116,0.353186,12.297035,0.000000,188
361,107044959786178,13.335187,3.393005,0.363899,9.934994,0.000000,188
362,107044973121365,13.332197,1.091144,0.448461,12.232955,0.000000,188
363,107044986453562,13.333665,1.337516,0.367339,11.988751,0.000000,188
364,107044999787227,13.333612,1.124382,0.394771,12.202866,0.000000,188
365,107045013120839,13.334787,1.146293,0.364444,12.181671,0.000000,188
366,107045026455626,13.329679,1.093432,0.352601,12.228200,0.000000,188
367,107045039785305,13.335445,1.156368,0.473927,12.172900,0.000000,188
368,107045053120750,13.332259,1.130351,0.503526,12.194803,0.000000,188
369,107045066453009,13.345443,3.649591,0.436919,9.682210,0.000000,188
370,107045079798452,13.329027,1.163353,0.425834,12.155998,0.000000,188
371,107045093127479,13.326987,1.298769,0.474903,12.019678,0.000000,188
372,107045106454466,13.335873,0.903159,0.439725,12.425071,0.000000,188
373,107045119790339,13.341206,1.191358,0.438705,12.136088,0.000000,188
374,107045133131545,13.321990,1.226970,0.469440,12.087808,0.000000,188
375,107045146453535,13.341237,0.899533,0.496905,12.433444,0.000000,188
376,107045159794772,13.328099,1.190311,0.358629,12.129067,0.000000,189
377,107045173122871,13.330830,3.592533,0.360791,9.730863,0.000000,189
378,107045186453701,13.339624,0.989314,0.356820,12.340419,0.000000,189
379,107045199793325,13.332712,2.072577,0.342134,11.249224,0.000000,189
380,107045213126037,13.334438,1.259753,0.457446,12.064527,0.000000,189
381,107045226460475,13.330715,1.026222,0.431568,12.294710,0.000000,189
382,107045239791190,13.328219,1.273110,0.444438,12.047368,0.000000,189
383,107045253119409,13.340700,1.059999,0.439062,12.269534,0.000000,189
384,107045266460109,13.327212,0.961220,0.458846,12.357050,0.000000,189
385,107045279787321,13.333453,3.685116,0.442125,9.640619,0.000000,189
386,107045293120774,13.335908,1.053182,0.328236,12.275620,0.000000,189
387,107045306456682,13.341154,1.441893,0.325991,11.887384,0.000000,189
388,107045319797836,13.322469,1.141973,0.304647,12.173640,0.000000,189
389,107045333120305,13.343966,1.079737,0.394185,12.253225,0.000000,189
390,107045346464271,13.326367,1.257337,0.323169,12.058055,0.000000,189
391,107045359790638,13.331302,1.276545,0.322021,12.046234,0.000000,189
392,107045373121940,13.334665,1.123595,0.323673,12.205058,0.000000,189
393,107045386456605,13.335977,3.696364,0.310842,9.629885,0.000000,189
394,107045399792582,13.338689,1.114945,0.432126,12.212267,0.000000,189
395,107045413131271,13.326145,1.621355,0.439507,11.694639,0.000000,189
396,107045426457416,13.330715,1.265812,0.429163,12.056388,0.000000,189
397,107045439788131,13.336527,1.093701,0.463295,12.235487,0.000000,189
398,107045453124658,13.333382,1.090788,0.372034,12.234385,0.000000,189
399,107045466458040,13.329860,1.182898,0.303452,12.139620,0.000000,189
400,107045479787900,13.338038,1.128553,0.422655,12.201116,0.000000,189
401,107045493125938,13.336687,3.907306,0.415127,9.417717,0.000000,189
402,107045506462625,13.327506,1.113656,0.421176,12.204739,0.000000,189
403,107045519790131,13.334675,1.409315,0.403525,11.916988,0.000000,189
404,107045533124806,13.332608,1.300520,0.504863,12.023950,0.000000,189
405,107045546457414,13.331013,1.232166,0.382453,12.091419,0.000000,189
406,107045559788427,13.339380,1.114937,0.383356,12.216011,0.000000,189
407,107045573127807,13.327622,1.315086,0.389862,12.004676,0.000000,189
408,107045586455429,13.335512,0.982603,0.412192,12.346595,0.000000,189
409,107045599790941,13.338415,3.496285,0.481590,9.830763,0.000000,189
410,107045613129356,13.334707,1.308856,0.709180,12.016368,0.000000,189
411,107045626464063,13.337234,1.130125,0.445795,12.194585,0.000000,189
412,107045639801297,13.326423,1.177554,0.429472,12.140013,0.000000,189
413,107045653127720,13.329945,1.341024,0.389675,11.979678,0.000000,189
414,107045666457665,13.335358,1.124905,0.489678,12.200897,0.000000,189
415,107045679793023,13.332465,1.234770,0.421990,12.086049,0.000000,189
416,107045693125488,13.332382,1.215251,0.778502,12.108510,0.000000,189
417,107045706457870,13.334294,3.379675,0.512879,9.946591,0.000000,189
418,107045719792164,13.331932,1.295322,0.582244,12.029744,0.000000,189
419,107045733124096,13.333615,1.422507,0.432790,11.904163,0.000000,189
420,107045746457711,13.339584,1.067595,0.426591,12.261654,0.000000,189
421,107045759797295,13.327198,1.378142,0.682841,11.940636,0.000000,189
422,107045773124493,13.332633,1.095478,0.302880,12.230205,0.000000,189
423,107045786457126,13.335731,0.995797,0.498624,12.332370,0.000000,189
424,107045799792857,13.329219,1.438006,0.414899,11.884475,0.000000,189
425,107045813122076,13.335490,3.726530,0.718581,9.603456,0.000000,189
426,107045826457566,13.335071,0.951080,0.415362,12.376128,0.000000,189
427,107045839792637,13.332025,1.703753,0.386150,11.621334,0.000000,189
428,107045853124662,13.333374,1.081092,0.388806,12.245812,0.000000,189
429,107045866458036,13.341907,0.996191,0.440262,12.334270,0.000000,189
430,107045879799943,13.332601,1.373606,0.372296,11.947063,0.000000,189
431,107045893132544,13.333113,1.216292,0.339775,12.103907,0.000000,189
432,107045906465657,13.325362,1.144408,0.358398,12.174377,0.000000,189
433,107045919791019,13.336173,3.722760,0.339585,9.606581,0.000000,189
434,107045933127192,13.335447,1.312812,0.350117,12.013236,0.000000,189
435,107045946462639,13.330509,1.337231,0.275993,11.986106,0.000000,189
436,107045959793148,13.336021,1.060744,0.374841,12.267079,0.000000,189
437,107045973129169,13.330811,1.246120,0.272774,12.076290,0.000000,189
438,107045986459980,13.333095,1.064081,0.268304,12.261909,0.000000,189
439,107045999793075,13.336019,1.179338,0.488713,12.148408,0.000000,189
440,107046013129094,13.330473,1.262535,0.276856,12.059607,0.000000,189
441,107046026459567,13.334928,3.337701,0.367418,9.989232,0.000000,189
442,107046039794495,13.333616,1.280922,0.302198,12.045370,0.000000,189
443,107046053128111,13.332458,1.629921,0.278505,11.695612,0.000000,189
444,107046066460569,13.335692,1.206795,0.312364,12.121639,0.000000,189
445,107046079796261,13.332457,1.309347,0.383325,12.015507,0.000000,189
446,107046093128718,13.331678,1.158951,0.327549,12.164186,0.000000,189
447,107046106460396,13.331597,1.202561,0.282099,12.121779,0.000000,189
448,107046119791993,13.336899,1.277409,0.378594,12.052472,0.000000,189
449,107046133128892,13.331583,3.866734,0.291078,9.457188,0.000000,189
450,107046146460475,13.334861,1.149384,0.293127,12.178015,0.000000,189
451,107046159795336,13.333237,1.593803,0.353483,11.731352,0.000000,189
452,107046173128573,13.331819,1.272876,0.269439,12.049221,0.000000,189
453,107046186460392,13.335721,0.924763,0.676506,12.404183,0.000000,189
454,107046199796113,13.332639,1.165693,0.472589,12.161153,0.000000,189
455,107046213128752,13.331515,1.244960,0.338309,12.080105,0.000000,189
456,107046226460267,13.338718,0.929698,0.368034,12.401003,0.000000,189
457,107046239798985,13.330694,3.411743,0.489070,9.911279,0.000000,189
458,107046253129679,13.336770,1.314343,0.438732,12.012037,0.000000,189
459,107046266466449,13.327917,1.411548,0.497011,11.907204,0.000000,189
460,107046279794366,13.332911,0.973255,0.352547,12.353528,0.000000,189
461,107046293127277,13.334983,0.869096,0.468717,12.460276,0.000000,189
462,107046306462260,13.331463,0.998028,0.351403,12.327408,0.000000,189
463,107046319793723,13.335967,0.973120,0.355333,12.354871,0.000000,189
464,107046333129690,13.339628,1.112963,0.374455,12.216444,0.000000,189
465,107046346469318,13.327744,3.721543,0.368852,9.596311,0.000000,189
466,107046359797062,13.335732,1.006124,0.366701,12.320871,0.000000,189
467,107046373132794,13.329841,1.305299,0.354301,12.015337,0.000000,189
468,107046386462635,13.332271,1.151592,0.354221,12.172882,0.000000,189
469,107046399794906,13.342183,1.088770,0.378990,12.244901,0.000000,189
470,107046413137089,13.326613,1.131149,0.300082,12.186560,0.000000,189
471,107046426463702,13.331045,1.001289,0.343414,12.322406,0.000000,189
472,107046439794747,13.343362,0.980973,0.235646,12.351361,0.000000,189
473,107046453138109,13.326438,3.377343,0.509336,9.941508,0.000000,189
474,107046466464547,13.335347,0.822621,0.767187,12.503939,0.000000,189
475,107046479799894,13.329457,1.198796,0.349834,12.123331,0.000000,189
476,107046493129351,13.334105,0.960200,0.424218,12.367636,0.000000,189
477,107046506463456,13.331395,0.934326,0.326777,12.390380,0.000000,189
478,107046519794851,13.334496,0.986370,0.319812,12.342196,0.000000,189
479,107046533129347,13.334938,0.920151,0.389032,12.408438,0.000000,189
480,107046546464285,13.332073,0.948675,0.547682,12.375846,0.000000,190
481,107046559796358,13.334019,3.283629,0.545016,10.045388,0.000000,190
482,107046573130377,13.331590,1.052113,0.701148,12.273781,0.000000,190
483,107046586461967,13.339440,1.356121,0.434895,11.975223,0.000000,190
484,107046599801407,13.332410,1.003995,0.329422,12.319139,0.000000,190
485,107046613133817,13.329136,0.873597,0.399639,12.449061,0.000000,190
486,107046626462953,13.335337,0.832056,0.353418,12.497432,0.000000,190
487,107046639798290,13.330978,0.962356,0.503909,12.362647,0.000000,190
488,107046653129268,13.334804,1.095933,0.338428,12.233213,0.000000,190
489,107046666464072,13.334108,3.245794,0.408348,10.082924,0.000000,190
490,107046679798180,13.331850,1.002010,0.446999,12.323637,0.000000,190
491,107046693130030,13.332432,1.357025,0.329881,11.970330,0.000000,190
492,107046706462462,13.337658,0.740207,0.365971,12.590196,0.000000,190
493,107046719800120,13.331388,1.027853,0.343195,12.295653,0.000000,190
494,107046733131508,13.331244,1.055686,0.768047,12.269001,0.000000,190
495,107046746462752,13.334059,0.822599,0.343543,12.506173,0.000000,190
496,107046759796811,13.333727,0.942373,0.564864,12.385747,0.000000,190
497,107046773130538,13.335330,3.265594,0.550696,10.063676,0.000000,190
498,107046786465868,13.335322,0.986289,0.391250,12.342620,0.000000,190
499,107046799801190,13.330898,1.400312,0.346090,11.923521,0.000000,190
500,107046813132088,13.334720,1.131952,0.288561,12.196014,0.000000,190
501,107046826466808,13.334050,0.964647,0.265587,12.362444,0.000000,190
502,107046839800858,13.340614,1.092088,0.259562,12.237538,0.000000,190
503,107046853141472,13.324338,1.008601,0.264948,12.308315,0.000000,190
504,107046866465810,13.335313,0.864676,0.251702,12.464189,0.000000,190
505,107046879801123,13.332697,3.885699,0.415454,9.439441,0.000000,190
506,107046893133820,13.334492,1.155002,0.369044,12.171528,0.000000,190
507,107046906468312,13.332906,1.308462,0.377168,12.016628,0.000000,190
508,107046919801218,13.331457,1.036295,0.337194,12.285952,0.000000,190
509,107046933132675,13.331974,1.106138,0.342213,12.220391,0.000000,190
510,107046946464649,13.336059,0.900063,0.352215,12.430002,0.000000,190
511,107046959800708,13.334769,1.056702,0.525628,12.270592,0.000000,190
512,107046973135477,13.332458,1.109055,0.265886,12.215718,0.000000,190
513,107046986467935,13.332915,3.609375,0.243926,9.716112,0.000000,190
514,107046999800850,13.332184,1.056578,0.290506,12.267207,0.000000,190
515,107047013133034,13.334239,1.369701,0.627964,11.957777,0.000000,190
516,107047026467273,13.336196,1.023486,0.339582,12.305404,0.000000,190
517,107047039803469,13.331844,1.091086,0.250111,12.231854,0.000000,190
518,107047053135313,13.332767,0.911907,0.262266,12.413928,0.000000,190
519,107047066468080,13.334339,0.968746,0.323954,12.358492,0.000000,190
520,107047079802419,13.336851,1.126427,0.250643,12.202311,0.000000,190
521,107047093139270,13.328870,3.437269,0.317646,9.884644,0.000000,190
522,107047106468140,13.334521,1.050509,0.433688,12.277722,0.000000,190
523,107047119802661,13.332217,1.326798,0.356542,12.000023,0.000000,190
524,107047133134878,13.333468,0.999167,0.415680,12.327995,0.000000,190
525,107047146468346,13.333619,0.945940,0.442444,12.382520,0.000000,190
526,107047159801965,13.334512,1.182116,0.555020,12.145417,0.000000,190
527,107047173136477,13.332347,1.066979,0.358456,12.258036,0.000000,190
528,107047186468824,13.333198,1.065439,0.532197,12.261973,0.000000,190
529,107047199802022,13.335288,3.666021,0.438281,9.662500,0.000000,190
530,107047213137310,13.338233,0.945611,0.517293,12.383254,0.000000,190
531,107047226475543,13.333780,1.268585,0.280682,12.055025,0.000000,190
532,107047239809323,13.328144,1.041366,0.904134,12.279296,0.000000,190
533,107047253137467,13.332565,0.926597,0.958479,12.399792,0.000000,190
534,107047266470032,13.333395,0.895513,0.706683,12.430382,0.000000,190
535,107047279803427,13.333727,1.003984,0.816847,12.321610,0.000000,190
536,107047293137154,13.334262,0.930701,0.683555,12.396770,0.000000,190
537,107047306471416,13.338879,3.429728,0.847177,9.898505,0.000000,190
538,107047319810295,13.326759,0.899815,0.484393,12.417018,0.000000,190
539,107047333137054,13.335067,1.343580,0.355368,11.983120,0.000000,190
540,107047346472121,13.330223,1.025056,0.383298,12.298313,0.000000,190
541,107047359802344,13.332470,1.191160,0.264198,12.135051,0.000000,190
542,107047373134814,13.336744,1.159576,0.362583,12.169842,0.000000,190
543,107047386471558,13.331590,0.985518,0.385634,12.338807,0.000000,190
544,107047399803148,13.333703,1.266789,0.309240,12.060621,0.000000,190
545,107047413136851,13.334831,3.935038,0.397525,9.393038,0.000000,190
546,107047426471682,13.341032,1.003357,0.409291,12.325569,0.000000,190
547,107047439812714,13.325264,1.445680,0.342483,11.871560,0.000000,190
548,107047453137978,13.332758,1.093048,0.354339,12.232790,0.000000,190
549,107047466470736,13.335077,0.944563,0.327962,12.382847,0.000000,190
550,107047479805813,13.330316,1.192840,0.399822,12.130965,0.000000,190
551,107047493136129,13.335288,1.158827,0.289675,12.170631,0.000000,190
552,107047506471417,13.331248,0.963705,0.372968,12.361314,0.000000,190
553,107047519802665,13.335121,3.642081,0.412037,9.686425,0.000000,190
554,107047533137786,13.333676,1.098819,0.366565,12.227957,0.000000,190
555,107047546471462,13.333940,1.252282,0.356341,12.072614,0.000000,190
556,107047559805402,13.331815,1.035510,0.353563,12.289529,0.000000,190
557,107047573137217,13.335172,1.075218,0.384617,12.252638,0.000000,190
558,107047586472389,13.334143,0.929445,0.377107,12.395209,0.000000,190
559,107047599806532,13.331552,1.079396,0.436085,12.244943,0.000000,190
560,107047613138084,13.333213,1.141370,0.336231,12.185665,0.000000,190
561,107047626471297,13.335393,3.268751,0.923482,10.060179,0.000000,190
562,107047639806690,13.332298,1.161242,0.403716,12.163278,0.000000,190
563,107047653138988,13.335183,1.599884,0.349148,11.727978,0.000000,190
564,107047666474171,13.332333,0.959263,0.341892,12.365379,0.000000,190
565,107047679806504,13.333265,1.056104,0.360947,12.269519,0.000000,190
566,107047693139769,13.332992,1.082331,0.385299,12.243234,0.000000,190
567,107047706472761,13.334463,0.983358,0.343555,12.344232,0.000000,190
568,107047719807224,13.334962,1.064369,0.339158,12.262526,0.000000,190
569,107047733142186,13.330842,3.895648,0.381286,9.427597,0.000000,190
570,107047746473028,13.333672,1.003773,0.357839,12.323211,0.000000,190
571,107047759806700,13.337711,1.379992,0.397979,11.949269,0.000000,190
572,107047773144411,13.328216,1.116575,0.335545,12.203523,0.000000,191
573,107047786472627,13.335419,0.929745,0.342328,12.398654,0.000000,191
574,107047799808046,13.332606,1.018970,0.373724,12.305335,0.000000,191
575,107047813140652,13.340951,2.128825,0.352330,11.200197,0.000000,191
576,107047826481603,13.325240,0.843747,0.410162,12.473911,0.000000,191
577,107047839806843,13.336152,3.730484,0.331162,9.597350,0.000000,191
578,107047853142995,13.343454,0.920842,0.411746,12.412208,0.000000,191
579,107047866486449,13.324429,1.309103,0.350249,12.006537,0.000000,191
580,107047879810878,13.332359,0.958701,0.334751,12.365493,0.000000,191
581,107047893143237,13.331344,0.971109,0.375269,12.354019,0.000000,191
582,107047906474581,13.334021,0.799591,0.257645,12.528296,0.000000,191
583,107047919808602,13.331947,1.053947,0.231565,12.272047,0.000000,191
584,107047933140549,13.334846,1.019290,0.228636,12.309067,0.000000,191
585,107047946475395,13.332514,3.583632,0.291259,9.740606,0.000000,191
586,107047959807909,13.332629,1.125526,0.275648,12.199815,0.000000,191
587,107047973140538,13.335611,1.381664,0.262898,11.947527,0.000000,191
588,107047986476149,13.332345,0.894887,0.294404,12.430425,0.000000,191
589,107047999808494,13.333249,0.949626,0.275084,12.377202,0.000000,191
590,107048013141743,13.336590,1.835036,0.360624,11.493791,0.000000,191
591,107048026478333,13.329451,1.032084,0.330489,12.290202,0.000000,191
592,107048039807784,13.335526,1.042797,0.382604,12.286312,0.000000,191
593,107048053143310,13.336602,4.045091,0.385074,9.282162,0.000000,191
594,107048066479912,13.333096,1.115804,0.366938,12.206425,0.000000,191
595,107048079813008,13.332820,1.643013,0.428097,11.680457,0.000000,191
596,107048093145828,13.336492,1.265862,0.382349,12.058246,0.000000,191
597,107048106482320,13.345928,1.140954,0.570016,12.187512,0.000000,191
598,107048119828248,13.320281,1.380121,0.406283,11.926039,0.000000,191
599,107048133148529,13.332633,1.356426,0.368534,11.966189,0.000000,191
600,107048146481162,13.332735,1.230292,0.374017,12.090563,0.000000,191
601,107048159813897,13.334340,3.938259,0.385732,9.384835,0.000000,191
602,107048173148237,13.334175,1.327662,0.508616,11.993902,0.000000,191
603,107048186482412,13.328749,1.671293,0.429747,11.646337,0.000000,191
604,107048199811161,13.336811,1.210207,0.401350,12.116317,0.000000,191
605,107048213147972,13.346970,1.250749,0.358287,12.079162,0.000000,191
606,107048226494942,13.316139,1.335623,0.403042,11.966616,0.000000,191
607,107048239811081,13.336625,1.570033,0.332441,11.755224,0.000000,191
608,107048253147706,13.330566,1.252463,0.341903,12.068810,0.000000,191
609,107048266478272,13.331345,3.228387,0.361750,10.094409,0.000000,191
610,107048279809617,13.335675,0.941051,0.337664,12.387107,0.000000,191
611,107048293145292,13.332832,1.345698,0.363896,11.978592,0.000000,191
612,107048306478124,13.333220,1.045787,0.325192,12.280473,0.000000,191
613,107048319811344,13.330111,0.932076,0.328783,12.391433,0.000000,191
614,107048333141455,13.333342,0.949353,0.476378,12.379174,0.000000,191
615,107048346474797,13.336820,0.775352,0.256217,12.555737,0.000000,191
616,107048359811617,13.333130,0.964963,0.316704,12.361893,0.000000,191
617,107048373144747,13.330410,3.368135,0.308598,9.956938,0.000000,191
618,107048386475157,13.339567,0.809260,0.404163,12.524069,0.000000,191
619,107048399814724,13.333118,1.416267,0.363886,11.908785,0.000000,191
620,107048413147842,13.330146,1.057734,0.374944,12.265038,0.000000,191
621,107048426477988,13.334635,0.876377,0.304800,12.452318,0.000000,191
622,107048439812623,13.333504,1.490927,0.247366,11.835222,0.000000,191
623,107048453146127,13.333109,0.984837,0.262056,12.341021,0.000000,191
624,107048466479236,13.334081,0.912417,0.246272,12.413729,0.000000,191
625,107048479813317,13.332602,4.019728,0.250411,9.304262,0.000000,191
626,107048493145919,13.332769,1.067331,0.228773,12.257883,0.000000,191
627,107048506478688,13.334329,1.191417,0.236804,12.136339,0.000000,191
628,107048519813017,13.332939,0.980879,0.313874,12.345224,0.000000,191
629,107048533145956,13.334146,1.034637,0.340318,12.291540,0.000000,191
630,107048546480102,13.333434,0.937262,0.378621,12.389408,0.000000,191
631,107048559813536,13.334142,1.398277,0.361899,11.927186,0.000000,191
632,107048573147678,13.332257,1.114785,0.324734,12.208244,0.000000,191
633,107048586479935,13.330693,3.666003,0.319926,9.656979,0.000000,191
634,107048599810628,13.339216,0.950703,0.247237,12.380824,0.000000,191
635,107048613149844,13.329997,1.443374,0.243240,11.877428,0.000000,191
636,107048626479841,13.330209,0.989503,0.264700,12.333914,0.000000,191
637,107048639810050,13.338776,1.062591,0.405910,12.268793,0.000000,191
638,107048653148826,13.331080,1.292549,0.233563,12.028932,0.000000,191
639,107048666479906,13.331849,0.943829,0.260688,12.381743,0.000000,191
640,107048679811755,13.340356,1.020199,0.299298,12.311283,0.000000,191
641,107048693152111,13.327687,3.946352,0.282010,9.372036,0.000000,191
642,107048706479798,13.333990,0.916577,0.245226,12.409723,0.000000,191
643,107048719813788,13.335212,1.406004,0.337358,11.921456,0.000000,191
644,107048733149000,13.330269,1.190309,0.389096,12.132724,0.000000,191
645,107048746479269,13.333230,0.988218,0.286934,12.339122,0.000000,191
646,107048759812499,13.335325,1.157750,0.325822,12.170234,0.000000,191
647,107048773147824,13.330063,1.113524,0.299459,12.208811,0.000000,191
648,107048786477887,13.336886,0.874824,0.319422,12.454848,0.000000,191
649,107048799814773,13.332343,3.543791,0.336272,9.780411,0.000000,191
650,107048813147116,13.336447,1.050736,0.327779,12.276566,0.000000,191
651,107048826483563,13.330237,1.371919,0.312073,11.949523,0.000000,191
652,107048839813800,13.335776,0.971203,0.327373,12.357118,0.000000,191
653,107048853149576,13.336194,1.117042,0.387070,12.209330,0.000000,191
654,107048866485770,13.327302,1.089349,0.308055,12.227829,0.000000,191
655,107048879813072,13.333772,1.049323,0.258824,12.277027,0.000000,191
656,107048893146844,13.334059,1.067591,0.312356,12.260667,0.000000,191
657,107048906480903,13.332141,3.589107,0.306548,9.735943,0.000000,191
658,107048919813044,13.336626,0.899358,0.341283,12.430907,0.000000,191
659,107048933149670,13.332009,1.446408,0.342030,11.877940,0.000000,191
660,107048946481679,13.333934,0.945038,0.304629,12.381226,0.000000,191
661,107048959815613,13.341633,1.060698,0.302848,12.269055,0.000000,191
662,107048973157246,13.326189,1.109566,0.340010,12.205795,0.000000,191
663,107048986483435,13.333113,0.954960,0.303134,12.370476,0.000000,191
664,107048999816548,13.340896,1.056339,0.391041,12.273654,0.000000,192
665,107049013157444,13.325608,4.011035,0.374845,9.304346,0.000000,192
666,107049026483052,13.336746,0.994862,0.374185,12.332824,0.000000,192
667,107049039819798,13.326734,2.347184,0.336820,10.971762,0.000000,192
668,107049053146532,13.339906,0.991314,0.363685,12.340729,0.000000,192
669,107049066486438,13.336668,0.899749,0.364692,12.425924,0.000000,192
670,107049079823106,13.328501,1.110175,0.372057,12.210161,0.000000,192
671,107049093151607,13.333918,1.067668,0.363509,12.258097,0.000000,192
672,107049106485525,13.332514,1.068886,0.357488,12.256181,0.000000,192
673,107049119818039,13.330417,3.653335,0.323213,9.669072,0.000000,192
674,107049133148456,13.335546,0.884095,0.418493,12.445873,0.000000,192
675,107049146484002,13.335581,1.116975,0.444860,12.210323,0.000000,192
676,107049159819583,13.331937,1.085597,0.440132,12.238029,0.000000,192
677,107049173151520,13.333062,1.004370,0.430944,12.320755,0.000000,192
678,107049186484582,13.335601,0.838539,0.465782,12.489389,0.000000,192
679,107049199820183,13.329915,0.967448,0.483735,12.354589,0.000000,192
680,107049213150098,13.333064,1.044830,0.477598,12.281799,0.000000,192
681,107049226483162,13.339429,3.896710,0.400702,9.432109,0.000000,192
682,107049239822591,13.329348,1.021974,0.498277,12.299115,0.000000,192
683,107049253151939,13.331195,1.532038,0.666931,11.791643,0.000000,192
684,107049266483134,13.335337,1.291931,0.547787,12.036587,0.000000,192
685,107049279818471,13.335881,1.186249,0.514641,12.140289,0.000000,192
686,107049293154352,13.328453,1.265520,0.494822,12.056027,0.000000,192
687,107049306482805,13.337079,1.029456,0.488367,12.299793,0.000000,192
688,107049319819884,13.332803,1.166674,0.559168,12.158469,0.000000,192
689,107049333152687,13.541863,3.714741,0.531591,9.820453,0.000000,192
690,107049346694550,13.335429,1.124936,0.549284,12.202926,0.000000,192
691,107049360029979,13.346551,1.415388,0.528452,11.917197,0.000000,192
692,107049373376530,13.316719,1.748836,0.695245,11.556490,0.000000,192
693,107049386693249,13.334724,1.237006,0.591964,12.091307,0.000000,192
694,107049400027973,13.333306,1.276823,0.588365,12.049016,0.000000,192
695,107049413361279,13.332484,1.426058,0.605543,11.898753,0.000000,192
696,107049426693763,13.336731,1.231568,0.659934,12.096489,0.000000,192
697,107049440030494,13.330379,4.198689,0.543887,9.123644,0.000000,192
698,107049453360873,13.335349,1.438772,0.638298,11.889141,0.000000,192
699,107049466696222,13.331859,1.504744,0.590206,11.819278,0.000000,192
700,107049480028081,13.424031,1.387296,0.593750,12.029348,0.000000,192
701,107049493452112,13.332936,1.325216,0.918199,11.999534,0.000000,192
702,107049506785048,13.331505,1.441591,0.976266,11.882030,0.000000,192
703,107049520116553,13.334181,1.366316,0.921897,11.961116,0.000000,192
704,107049533450734,13.334113,1.266737,0.739545,12.060319,0.000000,192
705,107049546784847,13.334162,4.084227,0.833606,9.241518,0.000000,192
706,107049560119009,13.334824,1.292027,0.937116,12.034595,0.000000,192
707,107049573453833,13.331436,1.950063,0.758294,11.372914,0.000000,192
708,107049586785269,13.333946,1.355725,0.725250,11.971183,0.000000,192
709,107049600119215,13.337116,1.336377,0.884894,11.992188,0.000000,192
710,107049613456331,13.332500,1.421039,1.015008,11.899189,0.000000,192
711,107049626788831,13.328132,1.280857,0.799550,12.039195,0.000000,192
712,107049640116963,13.339178,1.173115,0.827097,12.159511,0.000000,192
713,107049653456141,13.330367,3.818276,0.783744,9.502571,0.000000,192
714,107049666786508,13.333223,1.386043,0.876427,11.937866,0.000000,192
715,107049680119731,13.332550,1.433232,0.867405,11.893667,0.000000,192
716,107049693452281,13.334036,1.417024,0.800767,11.909725,0.000000,192
717,107049706786317,13.333611,1.301808,0.691022,12.023726,0.000000,192
718,107049720119928,13.334887,1.280133,0.765502,12.046956,0.000000,192
719,107049733454815,13.334863,1.367456,0.738861,11.957972,0.000000,192
720,107049746789678,13.331422,1.327944,0.812071,11.994420,0.000000,192
721,107049760121100,13.328955,4.160409,0.720785,9.162878,0.000000,192
722,107049773450055,13.347394,1.270462,0.769363,12.066427,0.000000,192
723,107049786797449,13.328365,1.558485,0.821621,11.757967,0.000000,192
724,107049800125814,13.335026,1.372716,0.607616,11.948492,0.000000,192
725,107049813460840,13.327738,1.489646,0.829216,11.827586,0.000000,192
726,107049826788578,13.337524,1.091416,0.756526,12.237574,0.000000,192
727,107049840126102,13.329435,1.305324,0.788431,12.015804,0.000000,192
728,107049853455537,13.330075,1.331336,0.787247,11.991244,0.000000,192
729,107049866785612,13.340355,3.618472,0.789901,9.710692,0.000000,192
730,107049880125967,13.331078,1.350540,0.878565,11.970612,0.000000,192
731,107049893457045,13.336076,1.990737,0.592307,11.335936,0.000000,192
732,107049906793121,13.335898,1.126874,0.821046,12.199254,0.000000,192
733,107049920129019,13.330373,1.314600,0.630726,12.006646,0.000000,192
734,107049933459392,13.327145,1.385866,0.865414,11.935268,0.000000,192
735,107049946786537,13.337635,1.264167,0.853187,12.066916,0.000000,192
736,107049960124172,13.331753,1.500854,0.820727,11.822587,0.000000,192
737,107049973455925,13.329819,3.993107,0.692032,9.330940,0.000000,192
738,107049986785744,13.341963,1.481162,0.647892,11.851631,0.000000,192
739,107050000127707,13.327089,1.620221,0.742448,11.698962,0.000000,192
740,107050013454796,13.334640,1.190612,0.915750,12.137907,0.000000,192
741,107050026789436,13.333003,1.275629,0.719948,12.049054,0.000000,192
742,107050040122439,13.339080,1.168183,0.737066,12.162009,0.000000,192
743,107050053461519,13.324930,1.271702,0.797999,12.044667,0.000000,192
744,107050066786449,13.335824,1.056586,0.616092,12.273217,0.000000,192
745,107050080122273,13.331582,3.916692,0.590449,9.408127,0.000000,192
746,107050093453855,13.333527,1.081911,0.812837,12.245631,0.000000,192
747,107050106787382,13.334069,1.409046,0.676794,11.917425,0.000000,192
748,107050120121451,13.335072,1.310960,0.782635,12.017580,0.000000,192
749,107050133456523,13.333394,1.238154,0.788464,12.087135,0.000000,192
750,107050146789917,13.336871,1.231469,0.861536,12.097284,0.000000,192
751,107050160126788,13.331185,1.259461,0.983836,12.062688,0.000000,192
752,107050173457973,13.330102,1.369781,0.850535,11.953134,0.000000,193
753,107050186788075,13.335442,3.703617,0.733028,9.623362,0.000000,193
754,107050200123517,13.335729,1.316400,0.708004,12.013063,0.000000,193
755,107050213459246,13.327345,2.958244,0.808655,10.361069,0.000000,193
756,107050226786591,13.335417,1.460713,0.854988,11.868487,0.000000,193
757,107050240122008,13.332805,1.659760,0.712125,11.665993,0.000000,193
758,107050253454813,13.335074,1.731409,0.722101,11.595843,0.000000,193
759,107050266789887,13.330997,1.713548,0.725971,11.611617,0.000000,193
760,107050280120884,13.336239,1.331115,0.875561,11.999019,0.000000,193
761,107050293457123,13.329771,3.882280,0.620916,9.439721,0.000000,193
762,107050306786894,13.333871,1.075066,0.875512,12.253803,0.000000,193
763,107050320120765,13.336061,1.760168,0.719520,11.568516,0.000000,193
764,107050333456826,13.329957,1.445330,0.755363,11.877698,0.000000,193
765,107050346786783,13.335019,1.131605,0.609788,12.197193,0.000000,193
766,107050360121802,13.335724,1.158299,0.767317,12.171700,0.000000,193
767,107050373457526,13.331567,1.796106,0.648883,11.528617,0.000000,193
768,107050386789093,13.340162,1.111980,0.706882,12.219257,0.000000,193
769,107050400129255,13.328028,3.696851,0.593429,9.622887,0.000000,193
770,107050413457283,13.334650,1.200931,0.810139,12.126995,0.000000,193
771,107050426791933,13.335103,1.582683,0.727773,11.742949,0.000000,193
772,107050440127036,13.328157,1.204827,0.724971,12.115696,0.000000,193
773,107050453455193,13.334923,1.179561,0.870882,12.148408,0.000000,193
774,107050466790116,13.331513,1.030888,0.700367,12.294583,0.000000,193
775,107050480121629,13.335551,1.343184,0.859075,11.985902,0.000000,193
776,107050493457180,13.334849,1.533874,0.831904,11.791872,0.000000,193
777,107050506792029,13.333391,3.942698,0.851811,9.378934,0.000000,193
778,107050520125420,13.330222,1.279161,0.804146,12.045192,0.000000,193
779,107050533455642,13.335352,1.647929,1.214688,11.680972,0.000000,193
780,107050546790994,13.331778,1.266089,0.612321,12.059447,0.000000,193
781,107050560122772,13.332459,1.624450,0.769983,11.701200,0.000000,193
782,107050573455231,13.335108,1.560361,0.801521,11.768547,0.000000,193
783,107050586790339,13.331233,1.161665,0.790378,12.163447,0.000000,193
784,107050600121572,13.333485,1.251456,0.730884,12.077060,0.000000,193
785,107050613455057,13.333285,3.747706,0.829624,9.579266,0.000000,193
786,107050626788342,13.332992,1.024213,0.765288,12.303252,0.000000,193
787,107050640121334,13.332777,1.691882,0.570195,11.635660,0.000000,193
788,107050653454111,14.538742,1.299591,0.714428,13.233318,0.000000,193
789,107050667992853,13.451601,1.470943,0.791985,11.971602,0.000000,193
790,107050681444454,13.336485,1.599462,0.889361,11.726366,0.000000,193
791,107050694780939,13.327500,1.457806,0.770782,11.860436,0.000000,193
792,107050708108439,13.337795,1.408775,0.939640,11.920170,0.000000,193
793,107050721446234,13.325521,4.209823,0.667692,9.107227,0.000000,193
794,107050734771755,13.337582,1.240064,0.747190,12.090492,0.000000,193
795,107050748109337,13.331417,1.843817,0.717339,11.479151,0.000000,193
796,107050761440754,13.335067,1.740055,0.505743,11.586050,0.000000,193
797,107050774775821,13.335347,1.454287,0.526650,11.872561,0.000000,193
798,107050788111168,13.334296,1.380712,0.607914,11.944633,0.000000,193
799,107050801445464,13.329160,1.545337,0.744513,11.776688,0.000000,193
800,107050814774624,13.334031,1.949313,0.683052,11.374418,0.000000,193
801,107050828108655,13.330670,3.771803,0.711935,9.552499,0.000000,193
802,107050841439325,13.339551,1.279583,0.866432,12.052384,0.000000,193
803,107050854778876,13.329011,1.818156,0.734615,11.504703,0.000000,193
804,107050868107887,13.333587,1.570476,0.812114,11.757132,0.000000,193
805,107050881441474,13.334773,1.788703,0.891979,11.538751,0.000000,193
806,107050894776247,13.333098,1.636202,0.905065,11.689262,0.000000,193
807,107050908109345,13.334488,1.417250,0.666970,11.909914,0.000000,193
808,107050921443833,13.333259,1.723778,0.645126,11.602478,0.000000,193
809,107050934777092,13.330980,4.232794,0.734743,9.090053,0.000000,193
810,107050948108072,13.336131,1.648802,0.760577,11.680218,0.000000,193
811,107050961444203,13.333639,2.078860,0.444736,11.245491,0.000000,193
812,107050974777842,13.335239,1.344809,0.594731,11.981915,0.000000,193
813,107050988113081,13.328679,1.359582,0.599786,11.962696,0.000000,193
814,107051001441760,13.341025,1.389463,0.476278,11.942011,0.000000,193
815,107051014782785,13.327920,1.447767,0.539837,11.872154,0.000000,193
816,107051028110705,13.340540,1.248826,0.444703,12.078623,0.000000,193
817,107051041451245,13.323263,3.803556,0.559161,9.512420,0.000000,193
818,107051054774508,13.332137,1.589605,0.524610,11.736634,0.000000,193
819,107051068106645,13.348127,1.179201,0.587820,12.158131,0.000000,193
820,107051081454772,13.322101,1.551966,0.560022,11.757187,0.000000,193
821,107051094776873,13.366784,1.419818,0.699543,11.903347,0.000000,193
822,107051108143657,13.302945,0.916054,0.848475,12.377740,0.000000,193
823,107051121446602,13.328520,1.737742,0.721986,11.584020,0.000000,193
824,107051134775122,13.333306,1.281234,0.572166,12.046163,0.000000,193
825,107051148108428,13.345546,3.489566,0.671353,9.849255,0.000000,193
826,107051161453974,13.331890,1.281812,0.610200,12.044599,0.000000,193
827,107051174785864,13.335433,1.398043,0.586709,11.930078,0.000000,193
828,107051188121297,13.332380,1.062853,0.606164,12.263236,0.000000,193
829,107051201453677,13.332956,1.432083,0.594495,11.893818,0.000000,193
830,107051214786633,13.334154,1.149638,0.726571,12.177357,0.000000,193
831,107051228120787,13.368379,0.939870,0.614630,12.421496,0.000000,193
832,107051241489166,13.443364,1.113797,0.502320,12.322432,0.000000,193
833,107051254932530,13.330229,3.845500,0.617898,9.477711,0.000000,193
834,107051268262759,13.336919,0.871617,0.807819,12.457922,0.000000,193
835,107051281599678,13.332810,1.475088,0.531990,11.851164,0.000000,193
836,107051294932488,13.337161,1.324966,0.615547,12.003726,0.000000,193
837,107051308269649,13.334424,1.302515,0.614965,12.021073,0.000000,193
838,107051321604073,13.329016,1.413021,0.769570,11.908035,0.000000,193
839,107051334933089,13.338163,1.237374,0.552620,12.092704,0.000000,193
840,107051348271252,13.336060,1.253397,0.454985,12.072296,0.000000,193
841,107051361607312,13.322579,3.461655,0.391186,9.851813,0.000000,193
842,107051374929891,13.340940,1.276322,0.462846,12.053515,0.000000,193
843,107051388270831,13.327552,1.192917,0.441057,12.128404,0.000000,193
844,107051401598383,13.333912,1.038938,0.502969,12.288574,0.000000,194
845,107051414932295,13.331401,1.092507,0.424851,12.233185,0.000000,194
846,107051428263696,13.335764,0.799513,0.690948,12.530341,0.000000,194
847,107051441599460,13.337219,1.557419,0.527744,11.770351,0.000000,194
848,107051454936679,13.332952,1.167956,0.559305,12.156812,0.000000,194
849,107051468269631,13.330088,3.632710,0.568504,9.690874,0.000000,194
850,107051481599719,13.335095,1.406594,0.460558,11.919098,0.000000,194
851,107051494934814,13.333263,1.695327,0.520098,11.630623,0.000000,194
852,107051508268077,13.333391,0.914668,0.587455,12.411537,0.000000,194
853,107051521601468,13.331699,1.533704,0.590939,11.790128,0.000000,194
854,107051534933167,13.336309,1.504072,0.496294,11.823938,0.000000,194
855,107051548269476,13.330817,1.178329,0.528262,12.144620,0.000000,194
856,107051561600293,13.331904,1.468480,0.495387,11.856958,0.000000,194
857,107051574932197,13.333033,3.456718,0.417089,9.870318,0.000000,194
858,107051588265230,13.334896,0.906644,0.472024,12.422135,0.000000,194
859,107051601600126,13.329797,1.258819,0.464759,12.065250,0.000000,194
860,107051614929923,13.338092,0.979743,0.493202,12.352368,0.000000,194
861,107051628268015,13.331778,0.979631,0.391313,12.345335,0.000000,194
862,107051641599793,13.330287,2.287653,0.439815,11.036841,0.000000,194
863,107051654930080,13.336470,0.899022,0.463225,12.431586,0.000000,194
864,107051668266550,13.330743,0.924253,0.468465,12.400707,0.000000,194
865,107051681597293,13.336160,3.426554,0.357936,9.903943,0.000000,194
866,107051694933453,13.333436,0.950682,0.466502,12.377457,0.000000,194
867,107051708266889,13.360604,3.000593,0.321428,10.353784,0.000000,194
868,107051721627493,13.343063,0.947548,0.408101,12.387403,0.000000,194
869,107051734970556,13.332605,1.200270,0.519714,12.118384,0.000000,194
870,107051748303161,13.327872,0.945279,0.496895,12.374630,0.000000,194
871,107051761631033,13.333251,1.031813,0.461911,12.293393,0.000000,194
872,107051774964284,13.338798,1.211050,0.486810,12.116764,0.000000,194
873,107051788303082,13.322945,3.872484,0.454871,9.444222,0.000000,194
874,107051801626027,13.335053,0.900432,0.447557,12.429621,0.000000,194
875,107051814961080,13.338996,1.273323,0.395879,12.056096,0.000000,194
876,107051828300076,13.329612,0.974171,0.578083,12.348228,0.000000,194
877,107051841629688,13.332748,1.016977,0.473600,12.309103,0.000000,194
878,107051854962436,13.338024,1.018938,0.440691,12.308803,0.000000,194
879,107051868300460,13.327280,0.931293,0.434899,12.389885,0.000000,194
880,107051881627740,13.333643,0.879642,0.489165,12.448185,0.000000,194
881,107051894961383,13.332524,3.324142,0.415574,10.003184,0.000000,194
882,107051908293907,13.336547,0.703585,0.448923,12.627990,0.000000,194
883,107051921630454,13.333652,1.337844,0.484582,11.989685,0.000000,194
884,107051934964106,13.331248,1.321076,0.445435,12.003742,0.000000,194
885,107051948295354,13.335207,0.779606,0.419117,12.540925,0.000000,194
886,107051961630561,13.334308,0.918793,0.476087,12.409400,0.000000,194
887,107051974964869,13.337011,0.994186,0.430674,12.331319,0.000000,194
888,107051988301880,13.331238,0.826079,0.535691,12.498447,0.000000,194
889,107052001633118,13.327917,3.489618,0.418742,9.832121,0.000000,194
890,107052014961035,13.343299,0.946255,0.468739,12.386205,0.000000,194
891,107052028304334,13.327425,1.313249,0.481657,12.006188,0.000000,194
892,107052041631759,13.332092,1.270653,0.454169,12.054783,0.000000,194
893,107052054963851,13.338033,0.998326,0.492303,12.333737,0.000000,194
894,107052068301884,13.327806,0.937532,0.426821,12.383368,0.000000,194
895,107052081629690,13.333071,1.027940,0.472648,12.298572,0.000000,194
896,107052094962761,13.340818,0.921980,0.448475,12.405719,0.000000,194
897,107052108303579,13.325042,3.355919,0.433442,9.962931,0.000000,194
898,107052121628621,13.335916,0.981070,0.455878,12.349381,0.000000,194
899,107052134964537,13.340810,1.145877,0.440200,12.189312,0.000000,194
900,107052148305347,13.326872,0.958714,0.481774,12.360664,0.000000,194
901,107052161632219,13.331302,0.989115,0.464611,12.334926,0.000000,194
902,107052174963521,13.336956,0.899947,0.435800,12.425854,0.000000,194
903,107052188300477,13.332265,0.825938,0.467027,12.500118,0.000000,194
904,107052201632742,13.334328,1.103357,0.461590,12.224840,0.000000,194
905,107052214967070,13.331648,3.410851,0.338832,9.910466,0.000000,194
906,107052228298718,13.330068,0.814054,0.421779,12.510430,0.000000,194
907,107052241628786,13.333655,1.101731,0.352080,12.226017,0.000000,194
908,107052254962441,13.342800,0.832196,0.439756,12.504230,0.000000,194
909,107052268305241,13.323066,0.807953,0.418266,12.509314,0.000000,194
910,107052281628307,13.335071,0.804801,0.510945,12.524736,0.000000,194
911,107052294963378,13.342319,1.947666,0.448695,11.388215,0.000000,194
912,107052308305697,13.325631,0.827807,0.319949,12.491802,0.000000,194
913,107052321631328,13.333943,3.557123,0.377378,9.771769,0.000000,194
914,107052334965271,13.337184,0.989648,0.430822,12.337281,0.000000,194
915,107052348302455,13.328084,1.006311,0.410324,12.316603,0.000000,194
916,107052361630539,13.335758,1.012355,0.334485,12.317419,0.000000,194
917,107052374966297,13.336142,1.269040,0.428523,12.061405,0.000000,194
918,107052388302439,13.329862,0.791419,0.459126,12.533313,0.000000,194
919,107052401632301,13.334053,1.009368,0.451564,12.319438,0.000000,194
920,107052414966354,13.337292,1.081952,0.421228,12.248884,0.000000,194
921,107052428303646,13.326179,3.286492,0.406783,10.034419,0.000000,194
922,107052441629825,13.336271,0.694434,0.436527,12.636372,0.000000,194
923,107052454966096,13.335355,1.135034,0.372084,12.190030,0.000000,194
924,107052468301451,13.330253,0.755356,0.386328,12.568801,0.000000,194
925,107052481631704,13.333693,0.900579,0.393674,12.426900,0.000000,194
926,107052494965397,13.337346,0.924302,0.312046,12.401001,0.000000,194
927,107052508302743,13.327015,1.553967,0.375029,11.767680,0.000000,194
928,107052521629758,13.336305,0.838804,0.500485,12.491919,0.000000,194
929,107052534966063,13.334130,3.428110,0.372154,9.896225,0.000000,194
930,107052548300193,13.332380,0.641373,0.415232,12.685474,0.000000,194
931,107052561632573,13.332794,1.089762,0.400771,12.236943,0.000000,194
932,107052574965367,13.335001,0.889321,0.431272,12.440235,0.000000,194
933,107052588300368,13.330787,0.704486,0.500527,12.620367,0.000000,194
934,107052601631155,13.335989,0.839548,0.418217,12.488917,0.000000,194
935,107052614967144,13.335939,0.879040,0.330295,12.450933,0.000000,194
936,107052628303083,13.329559,0.845471,0.310170,12.477922,0.000000,195
937,107052641632642,13.333010,4.457188,0.384119,8.870603,0.000000,195
938,107052654965652,13.338024,1.830440,0.365777,11.501809,0.000000,195
939,107052668303676,13.326709,1.609255,0.365745,11.711395,0.000000,195
940,107052681630385,13.335307,0.797516,0.926330,12.532337,0.000000,195
941,107052694965692,13.341743,0.830445,0.343337,12.504600,0.000000,195
942,107052708307435,13.327762,0.885526,0.408206,12.435344,0.000000,195
943,107052721635197,13.330556,0.943086,0.414548,12.380935,0.000000,195
944,107052734965753,13.336983,0.831011,0.326153,12.500250,0.000000,195
945,107052748302736,13.329447,3.400096,0.481700,9.923380,0.000000,195
946,107052761632183,13.336396,2.346688,0.496836,10.983637,0.000000,195
947,107052774968579,13.338735,1.380972,0.396045,11.950069,0.000000,195
948,107052788307314,13.325368,1.021010,0.459504,12.297125,0.000000,195
949,107052801632682,13.334631,0.911878,0.500201,12.416701,0.000000,195
950,107052814967313,13.339119,1.244186,0.478679,12.087165,0.000000,195
951,107052828306432,13.324373,0.916753,0.412633,12.400952,0.000000,195
952,107052841630805,13.334886,0.818941,0.405029,12.510666,0.000000,195
953,107052854965691,13.338660,3.292204,0.402780,10.040477,0.000000,195
954,107052868304351,13.332159,0.804876,0.399133,12.520197,0.000000,195
955,107052881636510,13.331618,1.177181,0.391219,12.149499,0.000000,195
956,107052894968128,13.340542,0.809786,0.359532,12.524986,0.000000,195
957,107052908308670,13.335511,0.746329,0.414352,12.582156,0.000000,195
958,107052921644181,13.331182,0.940247,0.450803,12.384262,0.000000,195
959,107052934975363,13.333634,0.945829,0.442518,12.382014,0.000000,195
960,107052948308997,13.334024,0.790426,0.460907,12.538135,0.000000,195
961,107052961643021,13.329070,3.635114,0.397400,9.687482,0.000000,195
962,107052974972091,13.333429,0.763848,0.426272,12.560472,0.000000,195
963,107052988305520,13.334446,0.895168,0.364426,12.433740,0.000000,195
964,107053001639966,13.332449,0.892945,0.401970,12.432748,0.000000,195
965,107053014972415,13.337707,0.776705,0.480179,12.555110,0.000000,195
966,107053028310122,13.333186,0.831239,0.364952,12.495606,0.000000,195
967,107053041643308,13.348151,1.055223,1.027990,12.277134,0.000000,195
968,107053054991459,13.316880,2.432983,0.501273,10.871065,0.000000,195
969,107053068308339,13.335191,3.263591,0.466012,10.065500,0.000000,195
970,107053081643530,13.330496,0.885465,0.522874,12.438783,0.000000,195
971,107053094974026,13.335441,2.055275,0.512759,11.274013,0.000000,195
972,107053108309467,13.334267,0.852848,0.517595,12.475516,0.000000,195
973,107053121643734,13.330759,0.945942,0.468792,12.378931,0.000000,195
974,107053134974493,13.333426,0.813143,0.651470,12.515045,0.000000,195
975,107053148307919,13.336094,1.863155,0.508947,11.466944,0.000000,195
976,107053161644013,13.330873,1.037657,0.556231,12.287167,0.000000,195
977,107053174974886,13.331970,3.379694,0.463360,9.947671,0.000000,195
978,107053188306856,13.338188,0.708875,0.478166,12.623594,0.000000,195
979,107053201645044,13.330757,1.153825,0.439473,12.170375,0.000000,195
980,107053214975801,13.335509,0.879462,0.498140,12.450134,0.000000,195
981,107053228311310,13.332464,0.828865,0.465218,12.496307,0.000000,195
982,107053241643774,13.331447,0.874433,0.380855,12.450506,0.000000,195
983,107053254975221,13.335071,0.866164,0.340118,12.463817,0.000000,195
984,107053268310292,13.335579,0.804873,0.443338,12.524873,0.000000,195
985,107053281645871,13.331063,4.368269,0.621507,8.956394,0.000000,195
986,107053294976934,13.330873,2.181378,0.434858,11.144303,0.000000,195
987,107053308307807,13.337220,0.952767,0.468582,12.378977,0.000000,195
988,107053321645027,13.333039,0.935499,0.485022,12.390805,0.000000,195
989,107053334978066,13.332399,2.029165,0.440697,11.297149,0.000000,195
990,107053348310465,13.335537,0.766534,0.472227,12.563599,0.000000,195
991,107053361646002,13.331770,1.768992,0.474072,11.556313,0.000000,195
992,107053374977772,13.332266,0.886602,0.510984,12.439663,0.000000,195
993,107053388310038,13.334026,4.440917,0.334320,8.887441,0.000000,195
994,107053401644064,13.335376,0.983714,0.355252,12.344187,0.000000,195
995,107053414979440,13.328729,1.364605,0.439601,11.957693,0.000000,195
996,107053428308169,13.336344,0.852376,0.504477,12.478458,0.000000,195
997,107053441644513,13.334148,1.095440,0.472906,12.230326,0.000000,195
998,107053454978661,13.332844,1.123920,0.461181,12.200336,0.000000,195
999,107053468311505,13.333090,0.911271,0.481916,12.413561,0.000000,195
1000,107053481644595,13.334857,1.149803,0.471812,12.177045,0.000000,195
1001,107053494979452,13.329149,4.083765,0.390462,9.237782,0.000000,195
1002,107053508308601,13.338720,0.747277,0.445032,12.585380,0.000000,195
1003,107053521647321,13.334798,1.318440,0.451523,12.008471,0.000000,195
1004,107053534982119,13.329993,1.057939,0.443556,12.264104,0.000000,195
1005,107053548312112,13.335824,0.881685,0.491976,12.447997,0.000000,195
1006,107053561647936,13.334671,1.052064,0.419533,12.274200,0.000000,195
1007,107053574982607,13.329781,1.038534,0.415782,12.284745,0.000000,195
1008,107053588312388,13.335615,0.838522,0.443932,12.490829,0.000000,195
1009,107053601648003,13.331619,3.938721,0.396596,9.385400,0.000000,195
1010,107053614979622,13.332250,0.871789,0.415419,12.454297,0.000000,195
1011,107053628311872,13.338464,0.974649,0.454615,12.357026,0.000000,195
1012,107053641650336,13.330914,1.042677,1.575082,12.279357,0.000000,195
1013,107053654981250,13.335559,0.918360,0.417957,12.410809,0.000000,195
1014,107053668316809,13.339035,0.853747,0.483450,12.474434,0.000000,195
1015,107053681655844,13.326871,1.021992,0.453650,12.296612,0.000000,195
1016,107053694982715,13.333734,1.010514,0.516730,12.316328,0.000000,195
1017,107053708316449,13.330601,3.970586,0.429550,9.351174,0.000000,195
1018,107053721647050,13.333835,1.022558,0.431747,12.305554,0.000000,195
1019,107053734980885,13.334688,1.273106,0.422001,12.055743,0.000000,195
1020,107053748315573,13.333157,0.921971,0.405062,12.403856,0.000000,195
1021,107053761648730,13.334614,0.981248,0.437390,12.345976,0.000000,195
1022,107053774983344,13.333271,1.007909,0.528690,12.317963,0.000000,195
1023,107053788316615,13.329706,0.810582,0.425858,12.512453,0.000000,195
1024,107053801646321,13.335418,0.829314,0.507443,12.500778,0.000000,196
1025,107053814981739,13.331793,3.401593,0.407947,9.924206,0.000000,196
1026,107053828313532,13.332132,0.734134,0.399762,12.593474,0.000000,196
1027,107053841645664,13.337558,1.116414,0.426578,12.215449,0.000000,196
1028,107053854983222,13.334242,1.692761,0.441120,11.633894,0.000000,196
1029,107053868317464,13.331592,0.836699,0.429488,12.487985,0.000000,196
1030,107053881649056,13.335897,0.838446,0.439512,12.491660,0.000000,196
1031,107053894984953,13.331934,0.895579,0.348814,12.428705,0.000000,196
1032,107053908316887,13.331485,0.850253,0.458506,12.474575,0.000000,196
1033,107053921648372,13.334121,3.413241,0.448543,9.914231,0.000000,196
1034,107053934982493,13.335120,0.926116,0.319825,12.403623,0.000000,196
1035,107053948317613,13.331337,1.049195,0.409605,12.276219,0.000000,196
1036,107053961648950,13.333577,0.837674,0.413837,12.490519,0.000000,196
1037,107053974982527,13.332690,0.862050,0.427186,12.464808,0.000000,196
1038,107053988315217,13.335700,0.732821,0.400811,12.596762,0.000000,196
1039,107054001650917,13.330742,0.870434,0.414544,12.454523,0.000000,196
1040,107054014981659,13.336146,0.790197,0.440600,12.540681,0.000000,196
1041,107054028317805,13.331896,3.378500,0.431595,9.947405,0.000000,196
1042,107054041649701,13.332418,0.979699,0.341285,12.346850,0.000000,196
1043,107054054982119,13.334710,1.137506,0.334746,12.191853,0.000000,196
1044,107054068316829,13.334621,0.836485,0.347826,12.491866,0.000000,196
1045,107054081651450,13.333495,0.946887,0.304271,12.380077,0.000000,196
1046,107054094984945,13.331340,0.892854,0.335117,12.432981,0.000000,196
1047,107054108316285,13.336205,0.785126,0.343923,12.544831,0.000000,196
1048,107054121652490,13.331965,0.930260,0.476150,12.395341,0.000000,196
1049,107054134984455,13.332769,3.822748,0.319686,9.504142,0.000000,196
1050,107054148317224,13.334614,0.790160,0.358953,12.538380,0.000000,196
1051,107054161651838,13.332238,1.221757,0.323231,12.104186,0.000000,196
1052,107054174984076,13.334975,1.074873,0.329660,12.253873,0.000000,196
1053,107054188319051,13.333496,0.796172,0.300214,12.531358,0.000000,196
1054,107054201652547,13.331312,0.916179,0.289719,12.407959,0.000000,196
1055,107054214983859,13.334371,0.831603,0.290016,12.496513,0.000000,196
1056,107054228318230,13.333966,0.777259,0.455379,12.550657,0.000000,196
1057,107054241652196,13.330685,3.443051,0.390516,9.880886,0.000000,196
1058,107054254982881,13.335335,0.811597,0.325385,12.518331,0.000000,196
1059,107054268318216,13.334334,1.042677,0.315677,12.284896,0.000000,196
1060,107054281652550,13.331870,0.874719,0.406619,12.450276,0.000000,196
1061,107054294984420,13.334311,0.834596,0.429637,12.493915,0.000000,196
1062,107054308318731,13.332223,0.804903,0.371293,12.521316,0.000000,196
1063,107054321650954,13.335620,0.827554,0.405129,12.501854,0.000000,196
1064,107054334986574,13.332864,0.864434,0.470754,12.461824,0.000000,196
1065,107054348319438,13.332446,3.293276,0.398561,10.032423,0.000000,196
1066,107054361651884,13.333485,0.864068,0.401645,12.463435,0.000000,196
1067,107054374985369,13.333352,1.071946,0.425293,12.255275,0.000000,196
1068,107054388318721,13.332044,0.811349,0.405889,12.515183,0.000000,196
1069,107054401650765,13.334680,0.829069,0.318399,12.499569,0.000000,196
1070,107054414985445,13.333496,0.864886,0.337054,12.462152,0.000000,196
1071,107054428318941,13.333836,0.776364,0.373030,12.550861,0.000000,196
1072,107054441652777,13.336686,0.982267,0.647760,12.346520,0.000000,196
1073,107054454989463,13.342403,5.202770,0.472890,8.127372,0.000000,196
1074,107054468331866,13.322102,1.034804,0.473369,12.276140,0.000000,196
1075,107054481653968,13.337068,1.232581,0.679774,12.096318,0.000000,196
1076,107054494991036,13.330984,1.489373,0.324711,11.832228,0.000000,196
1077,107054508322020,13.333517,0.881971,0.296511,12.443239,0.000000,196
1078,107054521655537,13.334298,0.951779,0.428635,12.374542,0.000000,196
1079,107054534989835,13.332421,1.209954,0.291773,12.114797,0.000000,196
1080,107054548322256,13.333961,0.913045,0.588486,12.413538,0.000000,196
1081,107054561656217,13.332915,4.234785,0.498089,9.090388,0.000000,196
1082,107054574989132,13.331153,0.976129,0.423603,12.347236,0.000000,196
1083,107054588320285,13.334436,1.025748,0.499051,12.301981,0.000000,196
1084,107054601654721,13.336340,1.038025,0.468501,12.290305,0.000000,196
1085,107054614991061,13.329856,1.018135,0.420946,12.303764,0.000000,196
1086,107054628320917,13.333071,0.817876,0.322216,12.507767,0.000000,196
1087,107054641653988,13.337379,1.174127,0.508230,12.155190,0.000000,196
1088,107054654991367,13.332083,1.198671,0.368556,12.125158,0.000000,196
1089,107054668323450,13.327849,3.591252,0.301357,9.730866,0.000000,196
1090,107054681651299,13.333406,0.856906,0.299132,12.472141,0.000000,196
1091,107054694984705,13.334381,1.098718,0.296227,12.230363,0.000000,196
1092,107054708319086,13.332723,0.790146,0.285677,12.537117,0.000000,196
1093,107054721651809,13.332760,0.836166,0.280515,12.491570,0.000000,196
1094,107054734984569,13.334808,0.829753,0.294594,12.500078,0.000000,196
1095,107054748319377,13.332340,0.848908,0.284650,12.477686,0.000000,196
1096,107054761651717,13.333179,0.822403,0.375738,12.505613,0.000000,196
1097,107054774984896,13.334749,3.423090,0.368380,9.906092,0.000000,196
1098,107054788319645,13.331488,0.760074,0.385448,12.565536,0.000000,196
1099,107054801651133,13.335094,1.015619,0.317108,12.314410,0.000000,196
1100,107054814986227,13.334145,0.873206,0.406903,12.455130,0.000000,196
1101,107054828320372,13.329736,0.829064,0.408275,12.495487,0.000000,196
1102,107054841650108,13.338878,0.766484,0.448439,12.567273,0.000000,196
1103,107054854988986,13.331842,0.956394,0.433766,12.367845,0.000000,196
1104,107054868320828,13.329973,0.870846,0.415529,12.453394,0.000000,196
1105,107054881650801,13.333723,3.243678,0.390391,10.084988,0.000000,196
1106,107054894984524,13.334768,0.771798,0.384860,12.557936,0.000000,196
1107,107054908319292,13.331077,0.956925,0.350671,12.369709,0.000000,196
1108,107054921650369,13.335301,0.764712,0.394442,12.566361,0.000000,196
1109,107054934985670,13.331435,0.780497,0.366033,12.546357,0.000000,196
1110,107054948317105,13.335792,0.625822,0.391190,12.704926,0.000000,196
1111,107054961652897,13.331529,0.781990,0.393391,12.544579,0.000000,196
1112,107054974984426,13.333720,0.767318,0.415694,12.561719,0.000000,196
1113,107054988318146,13.337884,3.075626,0.403934,10.257136,0.000000,196
1114,107055001656030,13.328360,0.873472,0.373717,12.448889,0.000000,196
1115,107055014984390,13.333906,0.994465,0.343618,12.334029,0.000000,196
1116,107055028318296,13.335205,0.661444,0.378889,12.668561,0.000000,196
1117,107055041653501,13.331341,0.807714,0.377231,12.518352,0.000000,196
1118,107055054984842,13.334463,0.733423,0.373471,12.595701,0.000000,197
1119,107055068319305,13.334459,0.663158,0.380427,12.665721,0.000000,197
1120,107055081653764,13.331091,0.773006,0.420693,12.552016,0.000000,197
1121,107055094984855,13.333693,3.958171,0.363381,9.370863,0.000000,197
1122,107055108318548,13.335025,0.663655,0.370357,12.665803,0.000000,197
1123,107055121653573,13.331809,1.023369,0.371158,12.302954,0.000000,197
1124,107055134985382,13.332818,0.713624,0.379366,12.614461,0.000000,197
1125,107055148318200,13.337820,0.620897,0.415842,12.711804,0.000000,197
1126,107055161656020,13.331613,0.925933,0.382132,12.399686,0.000000,197
1127,107055174987633,13.335300,0.876922,0.389554,12.451760,0.000000,197
1128,107055188322933,13.334521,0.843902,0.422603,12.483932,0.000000,197
1129,107055201657454,13.330193,3.519334,0.366607,9.804576,0.000000,197
1130,107055214987647,13.332517,0.814972,0.370602,12.512637,0.000000,197
1131,107055228320164,13.336212,0.937431,0.367438,12.392953,0.000000,197
1132,107055241656376,13.332358,0.869063,0.320712,12.456925,0.000000,197
1133,107055254988734,13.333215,0.830350,0.297712,12.497347,0.000000,197
1134,107055268321949,13.335191,0.735276,0.315827,12.593796,0.000000,197
1135,107055281657140,13.332406,0.920061,0.313683,12.405532,0.000000,197
1136,107055294989546,13.334630,0.866496,1.586407,12.461997,0.000000,197
1137,107055308324176,13.330984,3.307928,0.353255,10.016447,0.000000,197
1138,107055321655160,13.335190,0.850966,0.416699,12.478876,0.000000,197
1139,107055334990350,13.332578,1.143102,0.367046,12.183454,0.000000,197
1140,107055348322928,13.338304,0.756896,0.392837,12.572875,0.000000,197
1141,107055361661232,13.330609,0.934320,0.385587,12.388506,0.000000,197
1142,107055374991841,13.329993,0.866164,0.356728,12.457966,0.000000,197
1143,107055388321834,13.335617,0.727620,0.372100,12.601841,0.000000,197
1144,107055401657451,13.333409,0.851524,0.381686,12.476099,0.000000,197
1145,107055414990860,13.331062,3.256130,0.343041,10.069393,0.000000,197
1146,107055428321922,13.335006,0.705849,0.396893,12.623898,0.000000,197
1147,107055441656928,13.333413,1.171810,0.395808,12.155070,0.000000,197
1148,107055454990341,13.330397,0.867972,0.376955,12.456182,0.000000,197
1149,107055468320738,13.334458,0.702035,0.383432,12.626905,0.000000,197
1150,107055481655196,13.334259,0.812601,0.385803,12.515740,0.000000,197
1151,107055494989455,13.330480,0.790149,0.362554,12.534576,0.000000,197
1152,107055508319935,13.335487,0.627651,0.304321,12.702598,0.000000,197
1153,107055521655422,13.333662,3.211184,0.366693,10.116237,0.000000,197
1154,107055534989084,13.333655,0.774774,0.390449,12.552945,0.000000,197
1155,107055548322739,13.333437,0.933237,0.379779,12.393659,0.000000,197
1156,107055561656176,13.334151,0.781139,0.409525,12.546938,0.000000,197
1157,107055574990327,13.333360,0.839972,0.320401,12.486746,0.000000,197
1158,107055588323687,13.333434,0.797774,0.305304,12.529086,0.000000,197
1159,107055601657121,13.333712,0.882159,0.286516,12.446385,0.000000,197
1160,107055614990833,13.334500,0.842738,0.286940,12.485845,0.000000,197
1161,107055628325333,13.333704,3.196133,0.312163,10.131787,0.000000,197
1162,107055641659037,13.333233,0.891904,0.306346,12.435214,0.000000,197
1163,107055654992270,13.334224,1.094091,0.273848,12.233082,0.000000,197
1164,107055668326494,13.331956,0.794124,0.276770,12.530963,0.000000,197
1165,107055681658450,13.335517,0.840302,0.303084,12.488829,0.000000,197
1166,107055694993967,13.333008,0.898927,0.304068,12.425708,0.000000,197
1167,107055708326975,13.331175,0.794767,0.297045,12.530471,0.000000,197
1168,107055721658150,13.335623,0.868638,0.374157,12.461072,0.000000,197
1169,107055734993773,13.333011,3.349791,0.258679,9.975823,0.000000,197
1170,107055748326784,13.329830,0.796597,0.258053,12.527134,0.000000,197
1171,107055761656614,13.337516,1.080540,0.260194,12.251428,0.000000,197
1172,107055774994130,13.332243,0.906365,0.246968,12.418774,0.000000,197
1173,107055788326373,13.332555,0.792851,0.258881,12.532724,0.000000,197
1174,107055801658928,13.335395,1.039393,0.260017,12.289297,0.000000,197
1175,107055814994323,13.332282,0.891001,0.247400,12.434274,0.000000,197
1176,107055828326605,13.333620,0.811655,0.244594,12.515117,0.000000,197
1177,107055841660225,13.332604,3.270109,0.252272,10.055137,0.000000,197
1178,107055854992829,13.332731,0.902236,0.260176,12.424259,0.000000,197
1179,107055868325560,13.335041,0.990799,0.247056,12.337677,0.000000,197
1180,107055881660601,13.332526,0.852544,0.258523,12.472788,0.000000,197
1181,107055894993127,13.333903,0.873437,0.338743,12.454198,0.000000,197
1182,107055908327030,13.333863,0.763063,0.309718,12.564529,0.000000,197
1183,107055921660893,13.332332,0.906492,0.292653,12.419616,0.000000,197
1184,107055934993225,13.334868,0.873686,0.293443,12.454898,0.000000,197
1185,107055948328093,13.331676,3.301492,0.292205,10.023368,0.000000,197
1186,107055961659769,13.333876,0.924437,0.318014,12.402980,0.000000,197
1187,107055974993645,13.334714,1.153071,0.292485,12.174614,0.000000,197
1188,107055988328359,13.331930,0.834838,0.296320,12.490367,0.000000,197
1189,107056001660289,13.334101,0.915319,0.350133,12.411936,0.000000,197
1190,107056014994390,13.333684,0.884998,0.354993,12.442259,0.000000,197
1191,107056028328074,13.332725,0.793759,0.286685,12.532089,0.000000,197
1192,107056041660799,13.331510,0.900980,0.282176,12.424279,0.000000,197
1193,107056054992309,13.335880,3.266417,0.283346,10.062775,0.000000,197
1194,107056068328189,13.331856,0.780977,0.299825,12.543943,0.000000,197
1195,107056081660045,13.333275,1.091478,0.274740,12.235507,0.000000,197
1196,107056094993320,13.334640,0.846812,0.286483,12.480760,0.000000,197
1197,107056108327960,13.334127,0.782672,0.276022,12.544185,0.000000,197
1198,107056121662087,13.331947,0.923842,0.271880,12.400691,0.000000,197
1199,107056134994034,13.334391,0.851762,0.277901,12.476248,0.000000,197
1200,107056148328425,13.334660,0.794639,0.278477,12.532737,0.000000,197
1201,107056161663085,13.329003,3.292333,0.312623,10.030043,0.000000,197
1202,107056174992088,13.336525,0.798814,0.342415,12.531464,0.000000,197
1203,107056188328613,13.332724,0.999761,0.339246,12.325953,0.000000,197
1204,107056201661337,13.333505,0.849424,0.335230,12.477231,0.000000,197
1205,107056214994842,13.334171,0.834748,0.335283,12.492190,0.000000,197
1206,107056228329013,13.333247,0.778811,0.282798,12.547594,0.000000,197
1207,107056241662260,13.333213,0.918752,0.251563,12.407339,0.000000,197
1208,107056254995473,13.333627,0.862349,0.332670,12.464665,0.000000,197
1209,107056268329100,13.332260,3.182555,0.264807,10.142893,0.000000,197
1210,107056281661360,13.334376,0.840491,0.254141,12.486827,0.000000,197
1211,107056294995736,13.336032,1.076903,0.347232,12.252087,0.000000,197
1212,107056308331768,13.330753,0.910830,0.335010,12.411998,0.000000,197
1213,107056321662521,13.331347,0.862376,0.247200,12.462849,0.000000,197
1214,107056334993868,13.333698,0.751973,0.233907,12.575834,0.000000,197
1215,107056348327566,13.334441,0.713358,0.248189,12.615213,0.000000,197
1216,107056361662007,13.334050,0.860675,0.257042,12.466729,0.000000,197
1217,107056374996057,13.332047,3.248042,0.236979,10.077678,0.000000,197
1218,107056388328104,13.331609,0.731510,0.319302,12.594636,0.000000,197
1219,107056401659713,13.335820,1.010031,0.243543,12.319900,0.000000,197
1220,107056414995533,13.330541,0.807130,0.216814,12.517738,0.000000,197
1221,107056428326074,13.334095,0.683708,0.223604,12.645099,0.000000,197
1222,107056441660169,13.335806,0.756412,0.235358,12.573086,0.000000,197
1223,107056454995975,13.333597,0.870147,0.231439,12.456676,0.000000,197
1224,107056468329572,13.333059,0.782363,0.240224,12.544379,0.000000,198
1225,107056481662631,13.332593,3.303442,0.321771,10.022453,0.000000,198
1226,107056494995224,13.331906,0.821680,0.313286,12.504408,0.000000,198
1227,107056508327130,13.334171,1.405438,0.261489,11.923081,0.000000,198
1228,107056521661301,13.334970,0.746462,0.245068,12.582445,0.000000,198
1229,107056534996271,13.333229,0.811886,0.198132,12.514635,0.000000,198
1230,107056548329500,13.331477,0.691250,0.218992,12.634583,0.000000,198
1231,107056561660977,13.335510,0.735292,0.238847,12.594349,0.000000,198
1232,107056574996487,13.331258,0.801096,0.242657,12.524002,0.000000,198
1233,107056588327745,13.334637,3.084442,0.240488,10.243630,0.000000,198
1234,107056601662382,13.334763,0.815376,0.337102,12.512393,0.000000,198
1235,107056614997145,13.331393,1.054943,0.311747,12.270851,0.000000,198
1236,107056628328538,13.332737,0.667389,0.314583,12.659743,0.000000,198
1237,107056641661275,13.335839,0.734272,0.330981,12.595684,0.000000,198
1238,107056654997114,13.330953,0.789273,0.250401,12.535101,0.000000,198
1239,107056668328067,13.334621,0.672183,0.206043,12.656503,0.000000,198
1240,107056681662688,13.332493,0.759495,0.212137,12.567311,0.000000,198
1241,107056694995181,13.335791,3.182666,0.299529,10.146793,0.000000,198
1242,107056708330972,13.332000,0.750295,0.326367,12.574971,0.000000,198
1243,107056721662972,13.333589,1.074962,0.257167,12.252657,0.000000,198
1244,107056734996561,13.334296,0.803479,0.385995,12.524757,0.000000,198
1245,107056748330857,13.332341,0.772132,0.323349,12.554009,0.000000,198
1246,107056761663198,13.332885,0.825273,0.318398,12.501553,0.000000,198
1247,107056774996083,13.334685,0.774534,0.329457,12.554248,0.000000,198
1248,107056788330768,13.330955,0.744799,0.313406,12.580120,0.000000,198
1249,107056801661723,13.333675,3.163111,0.250078,10.165349,0.000000,198
1250,107056814995398,13.335497,0.791846,0.255719,12.538293,0.000000,198
1251,107056828330895,13.331504,0.969374,0.267930,12.356001,0.000000,198
1252,107056841662399,13.332158,0.839324,0.304491,12.487619,0.000000,198
1253,107056854994557,13.336790,0.756422,0.303570,12.574836,0.000000,198
1254,107056868331347,13.331649,0.735875,0.292241,12.589470,0.000000,198
1255,107056881662996,13.332553,0.762227,0.316439,12.564510,0.000000,198
1256,107056894995549,13.335379,0.743347,0.257094,12.586328,0.000000,198
1257,107056908330928,13.331827,3.148645,0.294841,10.176882,0.000000,198
1258,107056921662755,13.331963,0.749456,0.248732,12.577667,0.000000,198
1259,107056934994718,13.335871,0.944094,0.301462,12.386143,0.000000,198
1260,107056948330589,13.332283,0.709986,0.312749,12.616659,0.000000,198
1261,107056961662872,13.333539,0.784333,0.314535,12.544066,0.000000,198
1262,107056974996411,13.334752,0.795999,0.283513,12.533193,0.000000,198
1263,107056988331163,13.332103,0.738809,0.298681,12.587627,0.000000,198
1264,107057001663266,13.333557,0.777033,0.326856,12.550689,0.000000,198
1265,107057014996823,13.333005,3.168182,0.291439,10.158849,0.000000,198
1266,107057028329828,13.335811,0.667059,0.322034,12.662468,0.000000,198
1267,107057041665639,13.330659,1.081102,0.281336,12.243936,0.000000,198
1268,107057054996298,13.333001,0.784487,0.272979,12.542980,0.000000,198
1269,107057068329299,13.339565,0.675781,0.312304,12.656511,0.000000,198
1270,107057081668864,13.328226,0.919924,0.307075,12.401935,0.000000,198
1271,107057094997090,13.333629,0.781814,0.250134,12.546473,0.000000,198
1272,107057108330719,13.339500,0.693500,0.244140,12.639736,0.000000,198
1273,107057121670219,13.326452,3.237269,0.298133,10.083687,0.000000,198
1274,107057134996671,13.332899,0.810075,0.284226,12.517469,0.000000,198
1275,107057148329570,13.337200,0.917006,0.275636,12.414333,0.000000,198
1276,107057161666770,13.331322,0.878863,0.242058,12.445819,0.000000,198
1277,107057174998092,13.333274,0.830412,0.300329,12.496912,0.000000,198
1278,107057188331366,13.334507,0.717967,0.323533,12.610620,0.000000,198
1279,107057201665873,13.332052,0.842366,0.337927,12.483473,0.000000,198
1280,107057214997925,13.333692,0.785954,0.301469,12.542090,0.000000,198
1281,107057228331617,13.335090,3.104116,0.323343,10.224941,0.000000,198
1282,107057241666707,13.331052,0.831264,0.316577,12.493134,0.000000,198
1283,107057254997759,13.333924,0.972450,0.306789,12.355472,0.000000,198
1284,107057268331683,13.335109,0.706284,0.311506,12.623042,0.000000,198
1285,107057281666792,13.331335,0.832526,0.296269,12.492943,0.000000,198
1286,107057294998127,13.333565,0.733510,0.301153,12.594734,0.000000,198
1287,107057308331692,13.343906,0.697641,0.311015,12.637497,0.000000,198
1288,107057321675598,13.324466,0.934571,0.328922,12.381003,0.000000,198
1289,107057335000064,13.332470,3.311767,0.264669,10.014925,0.000000,198
1290,107057348332534,13.339135,0.774851,0.278344,12.557266,0.000000,198
1291,107057361671669,13.328135,1.257837,0.310032,12.063536,0.000000,198
1292,107057374999804,13.332349,0.804971,0.304669,12.521531,0.000000,198
1293,107057388332153,13.333242,0.711789,0.255967,12.615963,0.000000,198
1294,107057401665395,13.338845,0.808090,0.270869,12.523384,0.000000,198
1295,107057415004240,13.328051,1.013543,0.254781,12.307442,0.000000,198
1296,107057428332291,13.333203,0.726326,0.298933,12.601272,0.000000,198
1297,107057441665494,13.335276,3.247867,0.356506,10.080985,0.000000,198
1298,107057455000770,13.332060,1.077453,0.304967,12.247488,0.000000,198
1299,107057468332830,13.332554,1.002416,0.280935,12.323597,0.000000,198
1300,107057481665384,13.335220,0.798558,0.317892,12.530376,0.000000,198
1301,107057495000604,13.331158,0.841200,0.284082,12.483666,0.000000,198
1302,107057508331762,13.334816,0.695067,0.291053,12.633740,0.000000,198
1303,107057521666578,13.334763,0.833871,0.293170,12.494606,0.000000,198
1304,107057535001341,13.330861,0.964776,0.262895,12.359799,0.000000,198
1305,107057548332202,13.333355,3.103914,0.267437,10.223863,0.000000,198
1306,107057561665557,13.334312,0.803771,0.297095,12.524814,0.000000,198
1307,107057574999869,13.332986,1.053007,0.275524,12.274254,0.000000,198
1308,107057588332855,13.332809,0.684248,0.290385,12.642595,0.000000,198
1309,107057601665664,13.338980,0.820408,0.290783,12.510656,0.000000,198
1310,107057615004644,13.327134,0.998542,0.255660,12.322511,0.000000,198
1311,107057628331778,13.333431,0.653791,0.277249,12.675021,0.000000,198
1312,107057641665209,13.346329,0.801968,0.300161,12.532430,0.000000,198
1313,107057655011538,13.321373,3.341078,0.246830,9.971807,0.000000,198
1314,107057668332911,13.332620,0.664992,0.258576,12.662844,0.000000,198
1315,107057681665531,13.347548,0.977876,0.358264,12.359936,0.000000,198
1316,107057695013079,13.321803,1.070009,0.278670,12.241223,0.000000,198
1317,107057708334882,13.333443,0.738152,0.281432,12.588798,0.000000,198
1318,107057721668325,13.334842,0.895521,0.295374,12.432541,0.000000,198
1319,107057735003167,13.331931,1.162946,0.277394,12.161231,0.000000,198
1320,107057748335098,13.332472,0.744062,0.219926,12.582426,0.000000,199
1321,107057761667570,13.334650,3.223014,0.302767,10.106197,0.000000,199
1322,107057775002220,13.338070,0.862693,0.300433,12.465668,0.000000,199
1323,107057788340290,13.326004,1.652153,0.268480,11.665335,0.000000,199
1324,107057801666294,13.334128,0.781023,0.276825,12.548051,0.000000,199
1325,107057815000422,13.337626,0.774823,0.295962,12.556052,0.000000,199
1326,107057828338048,13.331204,0.875858,0.220773,12.447323,0.000000,199
1327,107057841669252,13.333681,0.836669,0.220898,12.490664,0.000000,199
1328,107057855002933,13.334181,0.855499,0.224161,12.472019,0.000000,199
1329,107057868337114,13.330193,3.203240,0.218717,10.120772,0.000000,199
1330,107057881667307,13.335024,0.808453,0.222865,12.520604,0.000000,199
1331,107057895002331,13.334231,1.072432,0.225854,12.254136,0.000000,199
1332,107057908336562,13.331067,0.767005,0.222967,12.557830,0.000000,199
1333,107057921667629,13.336731,0.826001,0.233592,12.505254,0.000000,199
1334,107057935004360,13.343613,0.920612,0.272744,12.411972,0.000000,199
1335,107057948347973,13.320722,0.869586,0.204391,12.441505,0.000000,199
1336,107057961668695,13.334389,0.809167,0.269248,12.519518,0.000000,199
1337,107057975003084,13.333890,3.256200,0.321606,10.071148,0.000000,199
1338,107057988336974,13.331878,0.882476,0.207901,12.442292,0.000000,199
1339,107058001668852,13.331767,1.047139,0.196920,12.279596,0.000000,199
1340,107058015000619,13.336950,0.769938,0.260387,12.560592,0.000000,199
1341,107058028337569,13.331173,0.864898,0.202463,12.459231,0.000000,199
1342,107058041668742,13.332866,0.855041,0.193993,12.472055,0.000000,199
1343,107058055001608,13.334844,0.779577,0.259839,12.549160,0.000000,199
1344,107058068336452,13.337040,0.739711,0.245392,12.589371,0.000000,199
1345,107058081673492,13.328700,3.420089,0.228276,9.900834,0.000000,199
1346,107058095002192,13.335267,0.818554,0.250046,12.510693,0.000000,199
1347,107058108337459,13.335293,1.089473,0.327128,12.238040,0.000000,199
1348,107058121672752,13.328767,1.139056,0.224671,12.182058,0.000000,199
1349,107058135001519,13.336120,0.849051,0.244091,12.481605,0.000000,199
1350,107058148337639,13.334357,0.838139,0.355345,12.489344,0.000000,199
1351,107058161671996,13.326868,1.032950,0.269459,12.287771,0.000000,199
1352,107058174998864,13.334213,0.764593,0.261982,12.564580,0.000000,199
1353,107058188333077,13.335850,3.087600,0.314012,10.241809,0.000000,199
1354,107058201668927,13.331565,0.931542,0.249019,12.393926,0.000000,199
1355,107058215000492,13.334995,1.010586,0.252545,12.318924,0.000000,199
1356,107058228335487,13.336096,0.741037,0.258589,12.588849,0.000000,199
1357,107058241671583,13.330839,0.974488,0.241764,12.349882,0.000000,199
1358,107058255002422,13.332825,0.807116,0.230639,12.520030,0.000000,199
1359,107058268335247,13.335828,0.709833,0.215604,12.619953,0.000000,199
1360,107058281671075,13.331502,0.869147,0.190819,12.455847,0.000000,199
1361,107058295002577,13.333117,3.213209,0.170417,10.114593,0.000000,199
1362,107058308335694,13.346473,0.663251,0.215036,12.672676,0.000000,199
1363,107058321682167,13.320319,1.303477,0.182861,12.009262,0.000000,199
1364,107058335002486,13.333371,0.788534,0.176068,12.540104,0.000000,199
1365,107058348335857,13.339652,0.691335,0.192051,12.641440,0.000000,199
1366,107058361675509,13.328670,0.946768,0.191051,12.373891,0.000000,199
1367,107058375004179,13.332699,0.887771,0.254340,12.438853,0.000000,199
1368,107058388336878,13.333155,0.964783,0.199076,12.360449,0.000000,199
1369,107058401670033,13.334520,3.252656,0.179299,10.072359,0.000000,199
1370,107058415004553,13.329853,0.772529,0.185358,12.551772,0.000000,199
1371,107058428334406,13.336935,0.865397,0.260838,12.465565,0.000000,199
1372,107058441671341,13.331322,0.826138,0.276513,12.499341,0.000000,199
1373,107058455002663,13.334863,0.920859,0.294260,12.406058,0.000000,199
1374,107058468337526,13.337073,0.793179,0.212802,12.534866,0.000000,199
1375,107058481674599,13.331685,0.928680,0.237114,12.396355,0.000000,199
1376,107058495006284,13.329959,0.995966,0.233281,12.327607,0.000000,199
1377,107058508336243,13.340020,3.149947,0.249793,10.181489,0.000000,199
1378,107058521676263,13.330701,0.965928,0.301144,12.355423,0.000000,199
1379,107058535006964,13.330316,1.172999,0.269037,12.149339,0.000000,199
1380,107058548337280,13.337650,0.703077,0.253349,12.626424,0.000000,199
1381,107058561674930,13.330320,0.889244,0.254376,12.433749,0.000000,199
1382,107058575005250,13.333814,0.859339,0.243098,12.467155,0.000000,199
1383,107058588339064,13.345951,0.828641,0.284352,12.511225,0.000000,199
1384,107058601685015,13.334466,0.816355,0.257741,12.512432,0.000000,199
1385,107058615019481,13.334125,3.273622,0.236511,10.050879,0.000000,199
1386,107058628353606,13.332740,0.741622,0.198329,12.585044,0.000000,199
1387,107058641686346,13.334134,1.175973,0.229262,12.151580,0.000000,199
1388,107058655020480,13.331832,0.910976,0.173829,12.415018,0.000000,199
1389,107058668352312,13.332688,0.700205,0.171813,12.627253,0.000000,199
1390,107058681685000,13.336151,0.783534,0.214883,12.546103,0.000000,199
1391,107058695021151,13.331273,0.937361,0.177966,12.386939,0.000000,199
1392,107058708352424,13.332332,0.683855,0.264753,12.643121,0.000000,199
1393,107058721684756,13.347902,3.249468,0.333097,10.087401,0.000000,199
1394,107058735032658,13.319551,1.028883,0.196671,12.282869,0.000000,199
1395,107058748352209,13.331934,0.933759,0.208951,12.393142,0.000000,199
1396,107058761684143,13.335733,0.782321,0.232538,12.547764,0.000000,199
1397,107058775019876,13.334995,1.165952,0.252719,12.162086,0.000000,199
1398,107058788354871,13.330810,0.825275,0.230099,12.498414,0.000000,199
1399,107058801685681,13.338016,0.752142,0.234936,12.577210,0.000000,199
1400,107058815023697,13.331126,0.945214,0.236725,12.378991,0.000000,199
1401,107058828354823,13.333284,3.206555,0.232374,10.118165,0.000000,199
1402,107058841688107,13.333092,0.907896,0.235784,12.419293,0.000000,199
1403,107058855021199,13.332986,1.178745,0.234108,12.148150,0.000000,199
1404,107058868354185,13.331655,0.788783,0.280985,12.536446,0.000000,199
1405,107058881685840,13.333767,0.949506,0.553193,12.378433,0.000000,199
1406,107058895019607,13.335456,1.061092,0.402819,12.267758,0.000000,199
1407,107058908355063,13.331663,1.407268,0.272732,11.916773,0.000000,199
1408,107058921686726,13.340255,1.169084,0.290117,12.161017,0.000000,199
1409,107058935026981,13.327592,3.951308,0.274366,9.367601,0.000000,199
1410,107058948354573,13.331000,1.128673,0.260368,12.194853,0.000000,199
1411,107058961685573,13.350510,1.353122,0.488192,11.984543,0.000000,199
1412,107058975036083,13.320876,1.242966,0.405093,12.066308,0.000000,199
1413,107058988356959,13.329968,0.992756,0.371153,12.330199,0.000000,199
1414,107059001686927,13.332401,1.009929,0.443943,12.316698,0.000000,199
1415,107059015019328,13.336886,0.924421,0.483992,12.406445,0.000000,199
1416,107059028356214,13.332352,1.068448,0.423905,12.255963,0.000000,199
1417,107059041688566,13.330473,3.402634,0.397384,9.921668,0.000000,199
1418,107059055019039,13.337084,0.880667,0.406349,12.450445,0.000000,199
1419,107059068356123,13.330755,1.388805,0.422695,11.935000,0.000000,199
1420,107059081686878,13.332758,0.916313,0.395537,12.410643,0.000000,199
1421,107059095019636,13.335828,0.922335,0.420235,12.407154,0.000000,200
1422,107059108355464,13.333212,1.039377,0.410846,12.287024,0.000000,200
1423,107059121688676,13.332168,1.131840,0.419613,12.193942,0.000000,200
1424,107059135020844,13.337449,1.178996,0.439175,12.152077,0.000000,200
1425,107059148358293,13.330819,3.402170,0.315586,9.921934,0.000000,200
1426,107059161689112,13.331786,1.238995,0.412398,12.085375,0.000000,200
1427,107059175020898,13.335418,1.501511,0.449613,11.827474,0.000000,200
1428,107059188356316,13.333862,1.037339,0.469951,12.288900,0.000000,200
1429,107059201690178,13.330154,1.092215,0.346790,12.230415,0.000000,200
1430,107059215020332,13.334418,1.178709,0.355515,12.149672,0.000000,200
1431,107059228354750,13.334002,1.030701,0.424491,12.295907,0.000000,200
1432,107059241688752,13.336305,1.088736,0.436905,12.238607,0.000000,200
1433,107059255025057,13.331766,3.760619,0.443559,9.563061,0.000000,200
1434,107059268356823,13.332950,1.093158,0.468187,12.234071,0.000000,200
1435,107059281689773,13.330425,1.453150,0.316040,11.870556,0.000000,200
1436,107059295020198,13.336988,1.120899,0.358454,12.209242,0.000000,200
1437,107059308357186,13.334522,1.496355,0.371880,11.829665,0.000000,200
1438,107059321691708,13.330576,1.320982,0.298699,12.001692,0.000000,200
1439,107059335022284,13.335547,1.365098,0.413787,11.963053,0.000000,200
1440,107059348357831,13.335409,1.154462,0.423678,12.171370,0.000000,200
1441,107059361693240,13.330918,4.406267,0.403624,8.914245,0.000000,200
1442,107059375024158,13.335257,1.398355,0.365294,11.927954,0.000000,200
1443,107059388359415,13.334106,1.433597,0.388783,11.891761,0.000000,200
1444,107059401693521,13.332901,1.188508,0.382451,12.134016,0.000000,200
1445,107059415026422,13.328949,1.202493,0.391608,12.117157,0.000000,200
1446,107059428355371,13.332685,1.015287,0.401258,12.310200,0.000000,200
1447,107059441688056,13.334898,1.194264,0.406821,12.133889,0.000000,200
1448,107059455022954,13.334876,1.100402,0.394732,12.226597,0.000000,200
1449,107059468357830,13.333274,4.038581,0.388857,9.286337,0.000000,200
1450,107059481691104,13.331995,1.167693,0.870932,12.156246,0.000000,200
1451,107059495023099,13.334800,4.941229,0.454620,8.386596,0.000000,200
1452,107059508357899,13.333543,1.125440,0.445817,12.200854,0.000000,200
1453,107059521691442,13.330656,1.173798,0.464375,12.149939,0.000000,200
1454,107059535022098,13.336507,1.101627,0.462697,12.226489,0.000000,200
1455,107059548358605,13.330794,1.124222,0.539935,12.198833,0.000000,200
1456,107059561689399,13.335305,1.406693,0.447365,11.922186,0.000000,200
1457,107059575024704,13.336762,3.497807,0.434747,9.829709,0.000000,200
1458,107059588361466,13.329329,0.923412,0.464394,12.397474,0.000000,200
1459,107059601690795,13.336994,1.449702,0.536158,11.879376,0.000000,200
1460,107059615027789,13.333701,1.331219,0.510702,11.992866,0.000000,200
1461,107059628361490,13.428024,1.212677,0.522357,12.204961,0.000000,200
1462,107059641789514,13.330455,1.347375,0.457795,11.972121,0.000000,200
1463,107059655119969,13.331693,1.288718,0.406845,12.034096,0.000000,200
1464,107059668451662,13.332443,0.971753,0.469153,12.353622,0.000000,200
1465,107059681784105,13.335150,3.823080,0.438735,9.504856,0.000000,200
1466,107059695119255,13.339521,1.099852,0.439953,12.227298,0.000000,200
1467,107059708458776,13.327231,1.155260,0.439513,12.164399,0.000000,200
1468,107059721786007,13.332239,1.053879,0.477037,12.270724,0.000000,200
1469,107059735118246,13.331729,1.084139,0.508722,12.239889,0.000000,200
1470,107059748449975,13.335399,1.044618,0.359307,12.283755,0.000000,200
1471,107059761785374,13.334630,1.111642,0.453776,12.215289,0.000000,200
1472,107059775120004,13.332066,1.168196,0.350408,12.156108,0.000000,200
1473,107059788452070,13.336592,3.442525,0.372774,9.885208,0.000000,200
1474,107059801788662,13.328703,1.154556,0.425485,12.167426,0.000000,200
1475,107059815117365,13.335818,1.282039,0.480586,12.047631,0.000000,200
1476,107059828453183,13.330913,0.878524,0.552248,12.445844,0.000000,200
1477,107059841784096,13.337106,0.999285,0.498027,12.331202,0.000000,200
1478,107059855121202,13.329508,1.033577,0.485626,12.288769,0.000000,200
1479,107059868450710,13.334187,0.867452,0.523528,12.460716,0.000000,200
1480,107059881784897,13.335474,1.071458,0.493836,12.257498,0.000000,200
1481,107059895120371,13.333360,3.495804,0.484379,9.829002,0.000000,200
1482,107059908453731,13.332065,0.832531,0.451919,12.491514,0.000000,200
1483,107059921785796,13.425220,1.218827,0.388423,12.198624,0.000000,200
1484,107059935211016,13.331723,0.945471,0.394282,12.377599,0.000000,200
1485,107059948542739,13.334697,1.023139,0.482088,12.304808,0.000000,200
1486,107059961877436,13.334829,1.205997,0.513615,12.120030,0.000000,200
1487,107059975212265,13.332084,1.270624,0.467252,12.053081,0.000000,200
1488,107059988544349,13.331137,1.096126,0.458738,12.226982,0.000000,201
1489,107060001875486,13.336096,3.688884,0.481955,9.640624,0.000000,201
1490,107060015211582,13.333910,1.051913,0.624934,12.274512,0.000000,201
1491,107060028545492,13.331402,2.544123,0.473036,10.780188,0.000000,201
1492,107060041876894,13.334554,1.248840,0.346693,12.078060,0.000000,201
1493,107060055211448,13.333576,1.206621,0.310714,12.118722,0.000000,201
1494,107060068545024,13.332712,1.074648,0.484285,12.250529,0.000000,201
1495,107060081877736,13.332845,1.108922,0.484902,12.217569,0.000000,201
1496,107060095210581,13.334469,1.127791,0.471153,12.199643,0.000000,201
1497,107060108545050,13.331134,3.848350,0.497180,9.474623,0.000000,201
1498,107060121876184,13.334798,1.230484,0.498286,12.097857,0.000000,201
1499,107060135210982,13.333863,1.455320,0.426025,11.871929,0.000000,201
1500,107060148544845,13.334717,0.980696,0.449831,12.347360,0.000000,201
1501,107060161879562,13.332466,1.034149,0.544652,12.291499,0.000000,201
1502,107060175212028,13.333231,1.190588,0.487832,12.135977,0.000000,201
1503,107060188545259,13.333776,0.971671,0.431622,12.355530,0.000000,201
1504,107060201879035,13.331998,1.114811,0.400085,12.210782,0.000000,201
1505,107060215211033,13.331922,3.537952,0.295871,9.787802,0.000000,201
1506,107060228542955,13.333713,0.913804,0.324721,12.414535,0.000000,201
1507,107060241876668,13.333858,1.622340,0.320692,11.705416,0.000000,201
1508,107060255210526,13.538047,1.163312,0.315592,12.367869,0.000000,201
1509,107060268748573,13.333182,1.026628,0.488278,12.298715,0.000000,201
1510,107060282081755,13.332117,1.414359,0.486967,11.910542,0.000000,201
1511,107060295413872,13.335119,1.065759,0.460021,12.261536,0.000000,201
1512,107060308748991,13.331319,1.238713,0.448601,12.084443,0.000000,201
1513,107060322080310,13.334671,3.956190,0.494229,9.371274,0.000000,201
1514,107060335414981,13.332113,1.130696,0.470115,12.194449,0.000000,201
1515,107060348747094,13.335101,1.293912,0.321755,12.034718,0.000000,201
1516,107060362082195,13.331909,1.386154,0.321788,11.937751,0.000000,201
1517,107060375414104,13.332398,1.152057,0.346111,12.174107,0.000000,201
1518,107060388746502,13.335214,1.041481,0.311184,12.286599,0.000000,201
1519,107060402081716,13.331935,1.180072,0.314253,12.143920,0.000000,201
1520,107060415413651,13.331824,1.061937,0.419533,12.264513,0.000000,201
1521,107060428745475,13.333268,3.283294,0.452567,10.044326,0.000000,201
1522,107060442078743,13.336089,1.044318,0.486973,12.285993,0.000000,201
1523,107060455414832,13.332534,1.281104,0.419909,12.045352,0.000000,201
1524,107060468747366,13.332050,1.022413,0.457231,12.303484,0.000000,201
1525,107060482079416,13.333681,0.991156,0.420233,12.337843,0.000000,201
1526,107060495413097,13.333913,0.949729,0.431016,12.377458,0.000000,201
1527,107060508747010,13.333842,1.188265,0.469069,12.140499,0.000000,201
1528,107060522080852,13.333869,1.002231,0.541860,12.326229,0.000000,201
1529,107060535414721,13.333453,3.869965,0.444271,9.457214,0.000000,201
1530,107060548748174,13.332013,0.971494,0.439273,12.354924,0.000000,201
1531,107060562080187,13.335847,1.198191,0.458510,12.131989,0.000000,201
1532,107060575416034,13.332073,0.974685,0.432569,12.350132,0.000000,201
1533,107060588748107,13.335125,1.087230,0.466297,12.242048,0.000000,201
1534,107060602083232,13.332680,1.205696,0.458744,12.119801,0.000000,201
1535,107060615415912,13.331374,1.010129,0.497961,12.314545,0.000000,201
1536,107060628747286,13.332970,0.946512,0.665014,12.380453,0.000000,201
1537,107060642080256,13.334444,3.386938,0.430745,9.941403,0.000000,201
1538,107060655414700,13.332958,0.982887,0.443077,12.344950,0.000000,201
1539,107060668747658,13.333721,1.198932,0.459972,12.128755,0.000000,201
1540,107060682081379,13.333791,1.106032,0.454101,12.221049,0.000000,201
1541,107060695415170,13.334674,1.069372,0.480635,12.258055,0.000000,201
1542,107060708749844,13.330926,0.941882,0.480877,12.382571,0.000000,201
1543,107060722080770,13.334479,1.063537,0.448919,12.265210,0.000000,201
1544,107060735415249,13.332371,1.015111,0.443157,12.311270,0.000000,201
1545,107060748747620,13.340085,3.249481,0.424158,10.080123,0.000000,201
1546,107060762087705,13.326386,0.976152,0.458428,12.342791,0.000000,201
1547,107060775414091,13.339705,1.256196,0.435192,12.072928,0.000000,202
1548,107060788753796,13.326673,0.870094,0.322566,12.449351,0.000000,202
1549,107060802080469,13.335003,0.898730,0.530889,12.429167,0.000000,202
1550,107060815415472,13.334476,2.092162,0.511293,11.234513,0.000000,202
1551,107060828749948,13.330811,1.056595,0.344476,12.266826,0.000000,202
1552,107060842080759,13.334727,1.049570,0.319341,12.278491,0.000000,202
1553,107060855415486,13.334764,3.632463,0.473965,9.696120,0.000000,202
1554,107060868750250,13.332277,0.982436,0.561925,12.343165,0.000000,202
1555,107060882082527,13.490679,1.536071,0.464567,11.949408,0.000000,202
1556,107060895573206,13.334460,0.897945,0.484335,12.431606,0.000000,202
1557,107060908907666,13.335063,0.899250,0.499663,12.429788,0.000000,202
1558,107060922242729,13.332084,1.076330,0.483655,12.249031,0.000000,202
1559,107060935574813,13.333722,1.023234,0.490185,12.304854,0.000000,202
1560,107060948908535,13.334322,0.939343,0.481781,12.388099,0.000000,202
1561,107060962242857,13.331563,3.547399,0.473191,9.778030,0.000000,202
1562,107060975574420,13.332671,0.991866,0.346987,12.335394,0.000000,202
1563,107060988907091,13.334570,1.218405,0.479554,12.110756,0.000000,202
1564,107061002241661,13.332635,1.059716,0.443316,12.267413,0.000000,202
1565,107061015574296,13.332760,0.968837,0.556299,12.358592,0.000000,202
1566,107061028907056,13.336841,0.779794,0.507398,12.550433,0.000000,202
1567,107061042243897,13.332604,1.071311,0.491371,12.254816,0.000000,202
1568,107061055576501,13.332593,1.173914,0.526766,12.151703,0.000000,202
1569,107061068909094,13.331503,3.468780,0.493421,9.857474,0.000000,202
1570,107061082240597,13.335948,1.014893,0.441713,12.314494,0.000000,202
1571,107061095576545,13.331090,1.204595,0.571096,12.119910,0.000000,202
1572,107061108907635,13.337638,0.805314,0.497308,12.526182,0.000000,202
1573,107061122245273,13.328816,1.002216,0.495461,12.320054,0.000000,202
1574,107061135574089,13.335518,0.905526,0.488269,12.423689,0.000000,202
1575,107061148909607,13.340669,0.978761,0.542654,12.353748,0.000000,202
1576,107061162250276,13.326068,1.298233,0.524258,12.019383,0.000000,202
1577,107061175576344,13.332698,3.978962,0.434317,9.347079,0.000000,202
1578,107061188909042,13.333768,1.041809,0.471454,12.285505,0.000000,202
1579,107061202242810,13.335607,1.593183,0.520026,11.734278,0.000000,202
1580,107061215578417,13.329107,1.152715,0.497784,12.169596,0.000000,202
1581,107061228907524,13.336222,0.935835,0.499757,12.394371,0.000000,202
1582,107061242243746,13.336920,1.218944,0.505490,12.109987,0.000000,202
1583,107061255580666,13.328732,1.178395,0.510090,12.144227,0.000000,202
1584,107061268909398,13.332772,0.861642,0.511889,12.466028,0.000000,202
1585,107061282242170,13.334686,3.556757,0.495140,9.771931,0.000000,202
1586,107061295576856,13.334228,0.900093,0.523424,12.428460,0.000000,202
1587,107061308911084,13.331384,1.337999,0.529451,11.987130,0.000000,202
1588,107061322242468,13.333921,0.898554,0.475764,12.429607,0.000000,202
1589,107061335576389,13.333367,0.964425,0.494188,12.363542,0.000000,202
1590,107061348909756,13.333732,0.908321,0.510075,12.418942,0.000000,202
1591,107061362243488,13.332525,1.740673,0.477659,11.586161,0.000000,202
1592,107061375576013,13.332504,0.879802,0.480886,12.447580,0.000000,202
1593,107061388908517,13.333914,3.450950,0.537400,9.877909,0.000000,202
1594,107061402242431,13.335314,0.850141,0.451810,12.479554,0.000000,202
1595,107061415577745,13.330958,1.174476,0.453203,12.150406,0.000000,202
1596,107061428908703,13.334117,0.840105,0.457256,12.488676,0.000000,202
1597,107061442242820,13.336881,0.915379,0.473179,12.414970,0.000000,202
1598,107061455579701,13.331498,1.229410,0.454071,12.093676,0.000000,202
1599,107061468911199,13.335989,0.907640,0.435340,12.422448,0.000000,202
1600,107061482247188,13.333463,1.067328,0.550534,12.260037,0.000000,202
1601,107061495580651,13.331946,3.475474,0.476262,9.850711,0.000000,202
1602,107061508912597,13.334611,0.760544,1.096484,12.568901,0.000000,202
1603,107061522247208,13.333239,1.328604,0.513343,11.998569,0.000000,202
1604,107061535580447,13.334139,1.083891,0.445985,12.244485,0.000000,202
1605,107061548914586,13.336444,0.990097,0.650313,12.336785,0.000000,202
1606,107061562251030,13.327947,0.982900,0.457419,12.339460,0.000000,202
1607,107061575578977,13.335735,0.927225,0.518858,12.401922,0.000000,202
1608,107061588914712,13.332497,0.973641,0.925969,12.353010,0.000000,202
1609,107061602247209,13.333498,3.741346,0.604367,9.585663,0.000000,202
1610,107061615580707,13.333522,0.855273,0.477085,12.473286,0.000000,202
1611,107061628914229,13.337466,1.087442,0.621845,12.241479,0.000000,202
1612,107061642251695,13.329354,0.959513,0.793937,12.363415,0.000000,202
1613,107061655581049,13.334756,1.100327,0.475490,12.228497,0.000000,203
1614,107061668915805,13.334490,0.980826,0.511773,12.346400,0.000000,203
1615,107061682250295,13.331805,1.091444,0.539268,12.234346,0.000000,203
1616,107061695582100,13.332165,2.613909,0.570346,10.711273,0.000000,203
1617,107061708914265,13.334650,4.096938,0.463203,9.232070,0.000000,203
1618,107061722248915,13.333644,0.894628,1.257876,12.432443,0.000000,203
1619,107061735582559,13.333261,1.204409,0.520990,12.121757,0.000000,203
1620,107061748915820,13.332903,0.930838,0.814397,12.394617,0.000000,203
1621,107061762248723,13.337228,0.893398,0.560506,12.436446,0.000000,203
1622,107061775585951,13.330338,1.286744,0.526405,12.035385,0.000000,203
1623,107061788916289,13.333441,1.044309,0.694206,12.282808,0.000000,203
1624,107061802249730,13.330440,1.104299,0.532980,12.221066,0.000000,203
1625,107061815580170,13.334321,3.569930,0.341172,9.759078,0.000000,203
1626,107061828914491,13.334002,0.844807,0.544664,12.483455,0.000000,203
1627,107061842248493,13.336552,1.366915,0.630534,11.962344,0.000000,203
1628,107061855585045,13.333672,1.034137,0.557044,12.290541,0.000000,203
1629,107061868918717,13.329999,1.028235,0.573955,12.293461,0.000000,203
1630,107061882248716,13.334894,1.150889,0.552665,12.176886,0.000000,203
1631,107061895583610,13.335322,1.108757,0.620112,12.219556,0.000000,203
1632,107061908918932,13.332147,1.067409,0.496137,12.257948,0.000000,203
1633,107061922251079,13.329400,3.674696,0.552990,9.648212,0.000000,203
1634,107061935580479,13.336127,0.818046,0.507485,12.513347,0.000000,203
1635,107061948916606,13.335948,1.374536,0.498561,11.953139,0.000000,203
1636,107061962252554,13.329551,1.023327,0.407447,12.300242,0.000000,203
1637,107061975582105,13.334923,0.934373,0.460948,12.394024,0.000000,203
1638,107061988917028,13.333430,0.996945,1.330744,12.330391,0.000000,203
1639,107062002250458,13.333335,1.210411,0.484316,12.115250,0.000000,203
1640,107062015583793,13.330605,1.052668,0.501598,12.272098,0.000000,203
1641,107062028914398,13.334526,3.359680,0.513477,9.969615,0.000000,203
1642,107062042248924,13.335329,1.001617,0.531580,12.327722,0.000000,203
1643,107062055584253,13.330190,1.363284,0.488441,11.961434,0.000000,203
1644,107062068914443,13.336235,0.806067,0.516009,12.524459,0.000000,203
1645,107062082250678,13.332068,0.996011,0.538777,12.329971,0.000000,203
1646,107062095582746,13.336235,1.038590,0.504846,12.288876,0.000000,203
1647,107062108918981,13.332047,0.991652,0.495068,12.333195,0.000000,203
1648,107062122251028,13.332814,1.100834,0.686441,12.224990,0.000000,203
1649,107062135583842,13.330701,3.457330,0.438318,9.868644,0.000000,203
1650,107062148914543,13.336652,0.765783,0.530309,12.565265,0.000000,203
1651,107062162251195,13.333360,1.274301,0.477428,12.051199,0.000000,203
1652,107062175584555,13.331292,0.891421,0.493240,12.434887,0.000000,203
1653,107062188915847,13.334843,0.868525,0.730403,12.460253,0.000000,203
1654,107062202250690,13.333522,1.006574,0.443317,12.319780,0.000000,203
1655,107062215584212,13.335169,1.091205,0.518504,12.236576,0.000000,203
1656,107062228919381,13.330293,1.148334,0.470989,12.176417,0.000000,203
1657,107062242249674,13.340325,3.498568,0.495399,9.830770,0.000000,203
1658,107062255589999,13.331272,0.828145,0.490317,12.494804,0.000000,203
1659,107062268921271,13.331023,1.197438,0.373128,12.126222,0.000000,203
1660,107062282252294,13.331911,2.610284,0.342074,10.716256,0.000000,203
1661,107062295584205,13.341503,1.266943,0.323895,12.065953,0.000000,203
1662,107062308925708,13.326421,1.173166,0.327373,12.145936,0.000000,203
1663,107062322252129,13.336047,1.238909,0.340160,12.089490,0.000000,203
1664,107062335588176,13.330018,1.322540,0.337133,12.001193,0.000000,203
1665,107062348918194,13.335632,3.931274,0.455134,9.396932,0.000000,203
1666,107062362253826,13.336969,1.234629,0.376608,12.094141,0.000000,203
1667,107062375590795,13.330344,1.638410,0.322508,11.680486,0.000000,203
1668,107062388921139,13.331849,1.091169,0.512150,12.233904,0.000000,203
1669,107062402252988,13.333036,1.246735,0.471370,12.079567,0.000000,203
1670,107062415586024,13.331374,1.251651,0.506662,12.072967,0.000000,203
1671,107062428917398,13.333011,1.058185,0.524711,12.268693,0.000000,203
1672,107062442250409,13.338078,1.124465,0.559251,12.206596,0.000000,203
1673,107062455588487,13.330030,3.506888,0.494260,9.816265,0.000000,203
1674,107062468918517,13.333509,0.913188,0.516927,12.414976,0.000000,203
1675,107062482252026,13.334009,1.327006,0.511468,12.000992,0.000000,203
1676,107062495586035,13.332879,1.056189,0.479036,12.270417,0.000000,203
1677,107062508918914,13.332850,0.908667,0.448699,12.417358,0.000000,203
1678,107062522251764,13.335455,0.916808,0.511167,12.412488,0.000000,203
1679,107062535587219,13.333091,1.101783,0.499864,12.224190,0.000000,203
1680,107062548920310,13.334208,0.997135,0.361954,12.330442,0.000000,203
1681,107062562254518,13.330370,3.530432,0.428279,9.793384,0.000000,203
1682,107062575584888,13.335162,0.893600,0.649109,12.436057,0.000000,203
1683,107062588920050,13.334833,1.329819,0.611174,11.998400,0.000000,204
1684,107062602254883,13.331662,1.063263,0.500530,12.262298,0.000000,204
1685,107062615586545,13.336309,1.006979,0.628290,12.323535,0.000000,204
1686,107062628922854,13.330737,1.796249,0.524680,11.527544,0.000000,204
1687,107062642253591,13.334814,1.194232,0.569636,12.134453,0.000000,204
1688,107062655588405,13.332675,1.119855,0.504568,12.206462,0.000000,204
1689,107062668921080,13.334967,3.452930,0.487347,9.874065,0.000000,204
1690,107062682256047,13.330055,0.925551,0.524588,12.398863,0.000000,204
1691,107062695586102,13.334173,1.172315,0.576134,12.156933,0.000000,204
1692,107062708920275,13.332667,0.909411,0.488132,12.416798,0.000000,204
1693,107062722252942,13.336808,0.881296,0.531356,12.449914,0.000000,204
1694,107062735589750,13.331594,1.076628,0.448226,12.247782,0.000000,204
1695,107062748921344,13.331768,0.878930,0.457983,12.446557,0.000000,204
1696,107062762253112,13.358141,0.893422,0.542779,12.458298,0.000000,204
1697,107062775611253,13.335018,3.477628,0.458823,9.848438,0.000000,204
1698,107062788946271,13.330506,0.954135,0.535805,12.369735,0.000000,204
1699,107062802276777,13.330899,1.414640,0.683251,11.910617,0.000000,204
1700,107062815607676,13.335844,1.044512,0.520702,12.285641,0.000000,204
1701,107062828943520,13.332421,0.877906,0.478769,12.448185,0.000000,204
1702,107062842275941,13.336381,0.947432,0.557941,12.381511,0.000000,204
1703,107062855612322,13.333463,1.061950,0.553618,12.261978,0.000000,204
1704,107062868945785,13.331730,0.996787,0.392733,12.328111,0.000000,204
1705,107062882277515,13.333088,3.530021,0.540922,9.796305,0.000000,204
1706,107062895610603,13.335768,1.033053,0.659279,12.296634,0.000000,204
1707,107062908946371,13.330249,1.241040,0.529247,12.082712,0.000000,204
1708,107062922276620,13.336556,1.061992,0.513625,12.266824,0.000000,204
1709,107062935613176,13.331689,1.220239,0.506830,12.105204,0.000000,204
1710,107062948944865,13.333399,0.946107,0.563990,12.381263,0.000000,204
1711,107062962278264,13.334815,1.060097,0.514732,12.268583,0.000000,204
1712,107062975613079,13.332356,1.190621,0.590809,12.134979,0.000000,204
1713,107062988945435,13.330636,3.458545,0.584451,9.865670,0.000000,204
1714,107063002276071,13.334071,1.885818,0.498742,11.442205,0.000000,204
1715,107063015610142,13.338616,1.232750,0.473718,12.098372,0.000000,204
1716,107063028948758,13.331034,1.129891,0.344172,12.194061,0.000000,204
1717,107063042279792,13.330930,1.280038,0.492175,12.042926,0.000000,204
1718,107063055610722,13.336553,1.052875,0.534659,12.276954,0.000000,204
1719,107063068947275,13.332911,1.138126,0.513227,12.187690,0.000000,204
1720,107063082280186,13.331872,1.158145,0.357347,12.166379,0.000000,204
1721,107063095612058,13.333535,3.491484,0.470337,9.834989,0.000000,204
1722,107063108945593,13.332845,0.887772,0.434162,12.438319,0.000000,204
1723,107063122278438,13.333097,1.337079,0.412589,11.989980,0.000000,204
1724,107063135611535,13.336582,1.001403,0.452323,12.328712,0.000000,204
1725,107063148948117,13.334438,1.075764,0.614299,12.251069,0.000000,204
1726,107063162282555,13.328985,1.353781,0.438803,11.967757,0.000000,204
1727,107063175611540,13.335518,0.993840,0.436128,12.335666,0.000000,204
1728,107063188947058,13.340819,0.960079,0.437970,12.374333,0.000000,205
1729,107063202287877,13.328687,3.430657,0.398304,9.891508,0.000000,205
1730,107063215616564,13.337760,0.760295,0.535836,12.571368,0.000000,205
1731,107063228954324,13.331405,1.244772,0.471536,12.081007,0.000000,205
1732,107063242285729,13.331693,2.917283,0.473245,10.408689,0.000000,205
1733,107063255617422,13.337197,0.887567,0.542275,12.443479,0.000000,205
1734,107063268954619,13.329184,1.264982,0.486558,12.058430,0.000000,205
1735,107063282283803,13.338123,1.002465,0.537814,12.328716,0.000000,205
1736,107063295621926,13.334731,1.046849,0.470227,12.280609,0.000000,205
1737,107063308956657,13.328156,3.388355,0.421297,9.932927,0.000000,205
1738,107063322284813,13.336050,0.897657,0.414232,12.433050,0.000000,205
1739,107063335620863,13.332033,1.368191,0.385857,11.958399,0.000000,205
1740,107063348952896,13.335747,0.925790,0.561555,12.404594,0.000000,205
1741,107063362288643,13.333850,1.229489,0.547766,12.097782,0.000000,205
1742,107063375622493,13.330145,1.232863,0.380738,12.091063,0.000000,205
1743,107063388952638,13.336070,0.901420,0.446371,12.428899,0.000000,205
1744,107063402288708,13.333414,1.157467,0.424058,12.169203,0.000000,205
1745,107063415622122,13.329035,3.552824,0.358392,9.769927,0.000000,205
1746,107063428951157,13.337557,0.809680,0.439501,12.522361,0.000000,205
1747,107063442288714,13.334604,1.516941,0.456355,11.810814,0.000000,205
1748,107063455623318,13.332036,1.256455,0.489397,12.068884,0.000000,205
1749,107063468955354,13.335066,1.093813,0.501824,12.234305,0.000000,205
1750,107063482290420,13.331429,1.339361,0.485493,11.984999,0.000000,205
1751,107063495621849,13.331807,1.108283,0.397403,12.217763,0.000000,205
1752,107063508953656,13.336174,0.875148,0.620356,12.454864,0.000000,205
1753,107063522289830,13.327870,3.687135,0.447278,9.634534,0.000000,205
1754,107063535617700,13.337122,0.855017,0.496508,12.476324,0.000000,205
1755,107063548954822,13.334241,1.093988,0.555841,12.232767,0.000000,205
1756,107063562289063,13.331507,1.139498,0.505964,12.184404,0.000000,205
1757,107063575620570,13.333389,1.008992,0.460933,12.317470,0.000000,205
1758,107063588953959,13.333318,0.838255,0.513994,12.488735,0.000000,205
1759,107063602287277,13.332687,0.896705,0.519283,12.429636,0.000000,205
1760,107063615619964,13.334952,1.262917,0.519377,12.065537,0.000000,205
1761,107063628954916,13.332483,3.349877,0.587618,9.975113,0.000000,205
1762,107063642287399,13.333478,2.143433,0.474574,11.184029,0.000000,205
1763,107063655620877,13.335654,1.135204,0.473461,12.193088,0.000000,205
1764,107063668956531,13.330100,0.856339,0.462833,12.468081,0.000000,205
1765,107063682286631,13.336369,0.839837,0.484922,12.490717,0.000000,205
1766,107063695623000,13.332594,0.943389,0.475580,12.382414,0.000000,205
1767,107063708955594,13.330274,0.860634,0.442344,12.463045,0.000000,205
1768,107063722285868,13.336598,0.835501,0.490833,12.495627,0.000000,205
1769,107063735622466,13.332964,3.582878,0.461550,9.742676,0.000000,205
1770,107063748955430,13.336825,0.862720,0.524980,12.464064,0.000000,205
1771,107063762292255,13.331998,1.317174,0.527682,12.006476,0.000000,205
1772,107063775624253,13.330497,1.048471,0.578229,12.274969,0.000000,205
1773,107063788954750,13.331224,1.320937,0.497440,12.004078,0.000000,205
1774,107063802285974,13.336473,0.876897,0.430765,12.454258,0.000000,205
1775,107063815622447,13.331849,1.397645,0.380571,11.927548,0.000000,205
1776,107063828954296,13.335647,0.792141,0.355419,12.537395,0.000000,205
1777,107063842289943,13.331580,3.699691,0.480839,9.625542,0.000000,205
1778,107063855621523,13.334650,0.895411,0.501316,12.432128,0.000000,205
1779,107063868956173,13.332320,1.155658,0.503259,12.169927,0.000000,205
1780,107063882288493,13.333490,0.951065,0.529428,12.376504,0.000000,205
1781,107063895621983,13.332657,1.059060,0.458676,12.266472,0.000000,205
1782,107063908954640,13.335019,0.877345,0.501430,12.451333,0.000000,205
1783,107063922289659,13.335170,0.966116,0.527216,12.362478,0.000000,205
1784,107063935624829,13.330799,1.358418,0.499825,11.965601,0.000000,205
1785,107063948955628,13.333470,3.309022,0.497303,10.017891,0.000000,205
1786,107063962289098,13.336350,1.033301,0.502345,12.296374,0.000000,205
1787,107063975625448,13.329068,1.423497,0.487833,11.899629,0.000000,206
1788,107063988954516,13.335373,0.785785,0.490202,12.543625,0.000000,206
1789,107064002289889,13.330706,0.906066,0.537928,12.419334,0.000000,206
1790,107064015620595,13.333949,8.150304,1.814571,5.178017,0.000000,206
1791,107064028954544,13.334680,0.967692,0.459986,12.361861,0.000000,206
1792,107064042289224,13.332989,0.933677,0.512144,12.393881,0.000000,206
1793,107064055622213,13.334977,3.541377,0.445011,9.787224,0.000000,206
1794,107064068957190,13.334291,0.858239,0.486315,12.469239,0.000000,206
1795,107064082291481,13.331170,1.170995,0.447302,12.154547,0.000000,206
1796,107064095622651,13.334827,0.882430,0.484303,12.446669,0.000000,206
1797,107064108957478,13.332647,0.862332,0.485357,12.464128,0.000000,206
1798,107064122290125,13.332361,0.941005,0.438497,12.385388,0.000000,206
1799,107064135622486,13.334870,0.871472,0.479287,12.457464,0.000000,206
1800,107064148957356,13.335463,0.853368,0.750338,12.475158,0.000000,206
1801,107064162292819,13.328130,3.602315,0.435918,9.719757,0.000000,206
1802,107064175620949,13.336489,0.842177,0.493515,12.488750,0.000000,206
1803,107064188957438,13.332841,1.128812,0.575161,12.197252,0.000000,206
1804,107064202290279,13.333382,0.921766,0.459726,12.405721,0.000000,206
1805,107064215623661,13.334097,0.951343,0.449177,12.376545,0.000000,206
1806,107064228957758,13.333977,0.847614,0.498604,12.479153,0.000000,206
1807,107064242291735,13.333148,0.941554,0.478790,12.384776,0.000000,206
1808,107064255624883,13.334095,0.937610,0.421521,12.389648,0.000000,206
1809,107064268958978,13.332831,3.602979,0.347064,9.722344,0.000000,206
1810,107064282291809,13.334829,1.154361,0.475772,12.173134,0.000000,206
1811,107064295626638,13.333976,1.433232,0.549421,11.893334,0.000000,206
1812,107064308960614,13.329974,1.115822,0.514837,12.205661,0.000000,206
1813,107064322290588,13.335228,1.044890,0.483184,12.283920,0.000000,206
1814,107064335625816,13.332209,1.155441,0.488297,12.169526,0.000000,206
1815,107064348958025,13.331575,1.019258,0.466374,12.305794,0.000000,206
1816,107064362289600,13.334517,0.978995,0.516928,12.349939,0.000000,206
1817,107064375624117,13.334537,3.726153,0.493996,9.601915,0.000000,206
1818,107064388958654,13.332554,0.861369,0.484246,12.464910,0.000000,206
1819,107064402291208,13.333027,1.124716,0.487764,12.202715,0.000000,206
1820,107064415624235,13.333555,0.885054,0.461052,12.442836,0.000000,206
1821,107064428957790,13.334462,0.786850,0.504704,12.541988,0.000000,206
1822,107064442292252,13.335870,0.988862,0.486138,12.340784,0.000000,206
1823,107064455628122,13.331554,1.096482,0.487900,12.228086,0.000000,206
1824,107064468959676,13.334166,1.004784,0.536581,12.322112,0.000000,206
1825,107064482293842,13.329700,4.145553,0.452633,9.176971,0.000000,206
1826,107064495623542,13.334223,1.035723,0.472200,12.293059,0.000000,206
1827,107064508957765,13.336166,1.191551,0.468806,12.138125,0.000000,206
1828,107064522293931,13.334641,1.299121,0.488463,12.028435,0.000000,206
1829,107064535628572,13.330630,1.151517,0.454242,12.171851,0.000000,206
1830,107064548959202,13.334362,0.914421,0.476011,12.412504,0.000000,206
1831,107064562293564,13.332969,0.987712,0.445701,12.338434,0.000000,206
1832,107064575626533,13.331415,0.906328,0.561520,12.419677,0.000000,206
1833,107064588957948,13.333034,3.436765,0.473218,9.890567,0.000000,206
1834,107064602290982,13.334261,0.795756,0.399806,12.533256,0.000000,206
1835,107064615625243,13.332724,1.158625,0.339875,12.167426,0.000000,206
1836,107064628957967,13.333130,0.818012,0.470396,12.509790,0.000000,206
1837,107064642291097,13.335105,0.816853,0.387442,12.513516,0.000000,206
1838,107064655626202,13.333976,0.978831,0.399777,12.348904,0.000000,206
1839,107064668960178,13.331208,0.931986,0.481968,12.393492,0.000000,206
1840,107064682291386,13.333260,0.877467,0.509031,12.450679,0.000000,207
1841,107064695624646,13.334009,3.425561,0.443801,9.903227,0.000000,207
1842,107064708958655,13.333108,0.770033,0.478330,12.557274,0.000000,207
1843,107064722291763,13.333928,1.052825,0.486413,12.275171,0.000000,207
1844,107064735625691,13.332836,2.128660,0.454925,11.198655,0.000000,207
1845,107064748958527,13.333419,0.803050,0.396788,12.524095,0.000000,207
1846,107064762291946,13.333037,0.791210,0.434599,12.537519,0.000000,207
1847,107064775624983,13.337286,0.964386,0.470492,12.366687,0.000000,207
1848,107064788962269,13.331043,0.988488,0.357520,12.336477,0.000000,207
1849,107064802293312,13.332331,3.584995,0.278888,9.741594,0.000000,207
1850,107064815625643,13.335354,0.980217,0.314914,12.348460,0.000000,207
1851,107064828960997,13.334107,1.302584,0.312230,12.024672,0.000000,207
1852,107064842295104,13.330929,1.132871,0.286277,12.192761,0.000000,207
1853,107064855626033,13.335309,1.053015,0.302653,12.275314,0.000000,207
1854,107064868961342,13.332102,0.970293,0.301654,12.355558,0.000000,207
1855,107064882293444,13.338492,1.009964,0.364646,12.321538,0.000000,207
1856,107064895631936,13.333674,1.216631,0.417464,12.106402,0.000000,207
1857,107064908965610,13.330967,4.009251,0.345060,9.311296,0.000000,207
1858,107064922296577,13.334691,1.138219,0.408386,12.187950,0.000000,207
1859,107064935631268,13.334038,1.479033,0.352931,11.846199,0.000000,207
1860,107064948965306,13.333465,1.166449,0.369984,12.157717,0.000000,207
1861,107064962298771,13.334110,2.845309,2.862452,10.479865,0.000000,207
1862,107064975632881,13.332890,7.990046,0.582587,5.332577,0.000000,207
1863,107064988965771,13.333647,1.313792,0.579312,12.009197,0.000000,207
1864,107065002299418,13.333514,1.267687,0.671181,12.056050,0.000000,208
1865,107065015632932,13.333282,4.561181,0.552608,8.762400,0.000000,208
1866,107065028966214,13.329428,1.271356,0.521909,12.050024,0.000000,208
1867,107065042295642,13.333668,2.287522,0.456483,11.039818,0.000000,208
1868,107065055629310,13.334381,1.106326,0.493355,12.220526,0.000000,208
1869,107065068963691,13.333070,0.980674,0.469839,12.346565,0.000000,208
1870,107065082296761,13.336204,0.940536,0.502275,12.388744,0.000000,208
1871,107065095632965,13.330096,1.062798,0.463292,12.259368,0.000000,208
1872,107065108963061,13.337660,1.070859,0.579644,12.259205,0.000000,208
1873,107065122300721,13.329750,4.198129,0.587449,9.121315,0.000000,208
1874,107065135630471,13.331524,1.339524,0.490868,11.984269,0.000000,208
1875,107065148961995,13.336627,1.344543,0.498033,11.985250,0.000000,208
1876,107065162298622,13.329507,1.162760,0.457304,12.159060,0.000000,208
1877,107065175628129,13.332139,1.038925,0.453238,12.286829,0.000000,208
1878,107065188960268,13.338485,0.947963,0.346710,12.384019,0.000000,208
1879,107065202298753,13.332236,1.097059,0.350943,12.226322,0.000000,208
1880,107065215630989,13.330366,1.160703,0.545022,12.163051,0.000000,208
1881,107065228961355,13.336280,3.686625,0.818867,9.643001,0.000000,208
1882,107065242297635,13.333144,1.218719,0.484045,12.107808,0.000000,208
1883,107065255630779,13.329923,1.484837,0.437138,11.838656,0.000000,208
1884,107065268960702,13.335865,0.923957,0.482904,12.405715,0.000000,208
1885,107065282296567,13.332438,1.061358,0.415504,12.264962,0.000000,208
1886,107065295629005,13.334958,1.016357,0.457681,12.310810,0.000000,208
1887,107065308963963,13.332386,0.984593,0.466820,12.340279,0.000000,208
1888,107065322296349,13.332145,1.053877,0.522344,12.272151,0.000000,208
1889,107065335628494,13.333666,3.893916,0.449255,9.434067,0.000000,208
1890,107065348962160,13.333635,0.932137,0.556007,12.395507,0.000000,208
1891,107065362295795,13.334331,1.503028,0.563113,11.824997,0.000000,208
1892,107065375630126,13.340795,1.153381,0.458028,12.177867,0.000000,208
1893,107065388970921,13.326419,1.179995,0.447798,12.138257,0.000000,208
1894,107065402297340,13.335905,1.064899,0.441037,12.263940,0.000000,208
1895,107065415633245,13.331942,1.189029,0.449262,12.134957,0.000000,208
1896,107065428965187,13.332110,0.963840,0.529076,12.361791,0.000000,208
1897,107065442297297,13.334352,3.552051,0.500547,9.775522,0.000000,208
1898,107065455631649,13.332996,0.926684,0.479933,12.400085,0.000000,208
1899,107065468964645,13.332291,1.134939,0.437331,12.191355,0.000000,208
1900,107065482296936,13.336176,0.878963,0.471465,12.450824,0.000000,208
1901,107065495633112,13.332730,1.031400,0.515242,12.293165,0.000000,208
1902,107065508965842,13.332974,0.855771,0.504641,12.470017,0.000000,208
1903,107065522298816,13.334663,0.973000,0.485008,12.354480,0.000000,208
1904,107065535633479,13.332454,0.988942,0.541170,12.335953,0.000000,208
1905,107065548965933,13.332175,3.622250,0.481686,9.702415,0.000000,208
1906,107065562298108,13.335363,0.880726,0.495626,12.448602,0.000000,208
1907,107065575633471,13.331562,1.211433,0.388042,12.113179,0.000000,208
1908,107065588965033,13.333179,0.881749,0.485651,12.445773,0.000000,208
1909,107065602298212,13.336738,0.954356,0.482227,12.376197,0.000000,208
1910,107065615634950,13.332186,1.053002,0.526071,12.272000,0.000000,208
1911,107065628967136,13.334578,0.904428,0.493612,12.422814,0.000000,208
1912,107065642301714,13.333760,0.985995,0.517748,12.339881,0.000000,208
1913,107065655635474,13.330470,3.591206,0.393895,9.731980,0.000000,208
1914,107065668965944,13.333294,0.963710,0.485984,12.362763,0.000000,208
1915,107065682299238,13.332136,1.195135,0.457618,12.130820,0.000000,208
1916,107065695631374,13.334069,0.843924,0.325913,12.484389,0.000000,208
1917,107065708965443,13.334501,0.882376,0.479306,12.445605,0.000000,209
1918,107065722299944,13.332227,1.070446,0.458465,12.255435,0.000000,209
1919,107065735632171,13.334654,0.945618,0.487645,12.382589,0.000000,209
1920,107065748966825,13.334828,0.890291,0.540622,12.436544,0.000000,209
1921,107065762301653,13.333748,3.506649,0.511664,9.820225,0.000000,209
1922,107065775635401,13.335051,1.153918,0.492916,12.172381,0.000000,209
1923,107065788970452,13.325967,1.329529,0.476310,11.988905,0.000000,209
1924,107065802296419,13.341680,0.831347,0.507008,12.503763,0.000000,209
1925,107065815638099,13.330651,1.103651,0.477873,12.218824,0.000000,209
1926,107065828968750,13.330512,0.886034,0.329031,12.436992,0.000000,209
1927,107065842299262,13.335069,0.871155,0.396909,12.458032,0.000000,209
1928,107065855634331,13.333895,1.010508,0.554904,12.316648,0.000000,209
1929,107065868968226,13.330446,3.499333,0.421636,9.824881,0.000000,209
1930,107065882298672,13.336208,0.853306,0.337976,12.476938,0.000000,209
1931,107065895634880,13.333401,1.309101,0.346601,12.018033,0.000000,209
1932,107065908968281,13.332035,0.931411,0.327861,12.394123,0.000000,209
1933,107065922300316,13.333091,0.999083,0.336482,12.327844,0.000000,209
1934,107065935633407,13.332186,0.992197,0.367936,12.333451,0.000000,209
1935,107065948965593,13.337325,0.832502,0.372088,12.497973,0.000000,209
1936,107065962302918,13.332907,1.056982,0.661942,12.267331,0.000000,209
1937,107065975635825,13.329546,3.550287,0.447734,9.772018,0.000000,209
1938,107065988965371,13.335758,0.820969,0.358804,12.509300,0.000000,209
1939,107066002301129,13.331951,1.261326,0.336960,12.064584,0.000000,209
1940,107066015633080,13.332910,0.968047,0.323460,12.358592,0.000000,209
1941,107066028965990,13.334637,0.848318,0.342889,12.479485,0.000000,209
1942,107066042300627,13.332415,0.935274,0.463399,12.391032,0.000000,209
1943,107066055633042,13.332557,0.940497,0.474596,12.386202,0.000000,209
1944,107066068965599,13.336650,0.926957,0.720359,12.404444,0.000000,209
1945,107066082302249,13.332933,3.410056,0.514226,9.914791,0.000000,209
1946,107066095635182,13.335069,0.964304,0.518995,12.363000,0.000000,209
1947,107066108970251,13.331933,1.279262,0.516103,12.044823,0.000000,209
1948,107066122302184,13.330944,1.003398,0.624511,12.320462,0.000000,209
1949,107066135633128,13.338239,0.925872,0.618436,12.405262,0.000000,209
1950,107066148971367,13.333737,2.571176,0.682136,10.753149,0.000000,209
1951,107066162305104,13.328845,1.100966,0.490104,12.219886,0.000000,209
1952,107066175633949,13.341856,0.883568,0.519178,12.450358,0.000000,210
1953,107066188975805,13.326986,3.621160,0.559420,9.693773,0.000000,210
1954,107066202302791,13.333339,1.103002,0.507417,12.222763,0.000000,210
1955,107066215636130,13.333348,1.756789,0.483860,11.569744,0.000000,210
1956,107066228969478,13.336263,0.871911,0.421112,12.456185,0.000000,210
1957,107066242305741,13.331953,1.102286,0.507297,12.220958,0.000000,210
1958,107066255637694,13.331337,1.150015,0.493569,12.172749,0.000000,210
1959,107066268969031,13.334033,1.413784,0.534661,11.913480,0.000000,210
1960,107066282303064,13.333594,1.207978,0.534889,12.118148,0.000000,210
1961,107066295636658,13.335803,3.870149,0.515130,9.457617,0.000000,210
1962,107066308972461,13.332114,1.036410,0.509261,12.287781,0.000000,210
1963,107066322304575,13.331237,1.188204,0.485114,12.136593,0.000000,210
1964,107066335635812,13.335112,0.886397,0.500040,12.442144,0.000000,210
1965,107066348970924,13.332103,0.881946,0.495499,12.443303,0.000000,210
1966,107066362303027,13.334224,0.933021,0.463533,12.394340,0.000000,210
1967,107066375637251,13.334660,0.937117,0.505961,12.390160,0.000000,210
1968,107066388971911,13.329988,0.883922,0.526041,12.439735,0.000000,210
1969,107066402301899,13.333726,3.378375,0.489919,9.949389,0.000000,210
1970,107066415635625,13.333876,0.914000,0.488828,12.412751,0.000000,210
1971,107066428969501,13.331263,1.084404,0.460624,12.240618,0.000000,210
1972,107066442300764,13.337856,0.823603,0.401870,12.507657,0.000000,210
1973,107066455638620,13.334425,1.053656,0.538149,12.273575,0.000000,210
1974,107066468973045,13.330368,0.966663,0.517535,12.355437,0.000000,210
1975,107066482303413,13.332999,0.920917,0.499611,12.405194,0.000000,210
1976,107066495636412,13.340772,0.956142,0.579145,12.374708,0.000000,210
1977,107066508977184,13.325133,4.308587,0.478294,9.008422,0.000000,210
1978,107066522302317,13.338896,2.551750,0.530655,10.779893,0.000000,210
1979,107066535641213,13.331524,1.422266,0.488006,11.900392,0.000000,210
1980,107066548972737,13.332138,0.989500,0.504877,12.335154,0.000000,210
1981,107066562304875,13.333118,0.981647,0.375736,12.344457,0.000000,210
1982,107066575637993,13.331667,1.315468,0.344023,12.009231,0.000000,210
1983,107066588969660,13.337115,0.890145,0.372802,12.439887,0.000000,210
1984,107066602306775,13.333499,0.991666,0.414238,12.334113,0.000000,210
1985,107066615640274,13.331920,3.392826,0.350987,9.930489,0.000000,210
1986,107066628972194,13.330459,0.945252,0.336139,12.378209,0.000000,210
1987,107066642302653,13.336458,1.154629,0.393777,12.174468,0.000000,210
1988,107066655639111,13.333465,0.968789,0.448270,12.356287,0.000000,210
1989,107066668972576,13.330860,0.966604,0.401384,12.356776,0.000000,210
1990,107066682303436,13.335916,0.864407,0.267567,12.464830,0.000000,210
1991,107066695639352,13.331788,0.919816,0.269695,12.405189,0.000000,210
1992,107066708971140,13.333463,0.797951,0.398602,12.529627,0.000000,210
1993,107066722304603,13.333807,3.288544,0.425760,10.038830,0.000000,210
1994,107066735638410,13.333905,1.027879,0.401277,12.299625,0.000000,210
1995,107066748972315,13.337264,1.297325,0.345790,12.029567,0.000000,210
1996,107066762309579,13.329462,0.918289,0.274482,12.402446,0.000000,210
1997,107066775639041,13.333581,0.910762,0.312719,12.415668,0.000000,210
1998,107066788972622,13.332738,0.944927,0.368896,12.380054,0.000000,210
1999,107066802305360,13.338587,0.986274,0.304361,12.343430,0.000000,210
2000,107066815643947,13.330280,1.271829,0.402378,12.048229,0.000000,210
2001,107066828974227,13.330425,3.290892,0.369151,10.031875,0.000000,210
2002,107066842304652,13.333411,0.875584,0.370685,12.450776,0.000000,210
2003,107066855638063,13.337571,1.135636,0.324524,12.195408,0.000000,210
2004,107066868975634,13.331431,0.939659,0.410899,12.383434,0.000000,210
2005,107066882307065,13.331752,1.096184,0.276039,12.228779,0.000000,210
2006,107066895638817,13.333675,0.828711,0.279421,12.497640,0.000000,210
2007,107066908972492,13.334171,0.839583,0.299129,12.487166,0.000000,210
2008,107066922306663,13.332225,0.863397,0.326923,12.461650,0.000000,211
2009,107066935638888,13.330618,3.335099,0.290500,9.988897,0.000000,211
2010,107066948969506,13.336671,0.704874,0.282456,12.625463,0.000000,211
2011,107066962306177,13.334111,1.137870,0.255332,12.188781,0.000000,211
2012,107066975640288,13.332365,0.853850,0.252721,12.471263,0.000000,211
2013,107066988972653,13.332182,0.732181,0.272152,12.593564,0.000000,211
2014,107067002304835,13.334366,0.822421,0.271820,12.505495,0.000000,211
2015,107067015639201,13.336053,0.907916,0.294237,12.420161,0.000000,211
2016,107067028975254,13.331570,0.942340,0.262010,12.381422,0.000000,211
2017,107067042306824,13.333640,3.727758,0.262504,9.598155,0.000000,211
2018,107067055640464,13.333577,0.923238,0.277400,12.403111,0.000000,211
2019,107067068974041,13.332150,0.982806,0.265477,12.342433,0.000000,211
2020,107067082306191,13.332181,0.739391,0.270124,12.586351,0.000000,211
2021,107067095638372,13.333313,0.722257,0.255309,12.605488,0.000000,211
2022,107067108971685,13.336397,0.650946,0.278468,12.678609,0.000000,211
2023,107067122308082,13.328998,0.868692,0.249347,12.453813,0.000000,211
2024,107067135637080,13.335547,0.706282,0.240855,12.623889,0.000000,211
2025,107067148972627,13.336661,3.156579,0.266833,10.172672,0.000000,211
2026,107067162309288,13.333410,0.970021,0.281969,12.353913,0.000000,211
2027,107067175642698,13.331846,1.269631,0.262538,12.054706,0.000000,211
2028,107067188974544,13.334385,0.866864,0.287345,12.459724,0.000000,211
2029,107067202308929,13.334308,1.016392,0.258734,12.309420,0.000000,211
2030,107067215643237,13.330004,1.016812,0.250497,12.304915,0.000000,211
2031,107067228973241,13.333699,0.797858,0.261585,12.527488,0.000000,211
2032,107067242306940,13.331748,0.978892,0.257968,12.345883,0.000000,211
2033,107067255638688,13.333792,3.546426,0.237159,9.780407,0.000000,211
2034,107067268972480,13.335810,0.781169,0.265713,12.546512,0.000000,211
2035,107067282308290,13.332718,1.170063,0.283669,12.155524,0.000000,211
2036,107067295641008,13.334413,0.766749,0.254865,12.561223,0.000000,211
2037,107067308975421,13.334542,0.731229,0.312340,12.597149,0.000000,211
2038,107067322309963,13.334415,0.895781,0.262568,12.430727,0.000000,211
2039,107067335644378,13.330826,0.954208,0.265361,12.367985,0.000000,211
2040,107067348975204,13.335339,0.749298,0.283029,12.577993,0.000000,211
2041,107067362310543,13.328011,3.318065,0.271851,10.001397,0.000000,211
2042,107067375638554,13.337281,0.737311,0.303193,12.594127,0.000000,211
2043,107067388975835,13.331101,1.155417,0.242863,12.167519,0.000000,211
2044,107067402306936,13.334296,0.771889,0.265490,12.555952,0.000000,211
2045,107067415641232,13.334139,0.777568,0.245265,12.549765,0.000000,211
2046,107067428975371,13.331588,0.682761,0.267153,12.643296,0.000000,211
2047,107067442306959,13.337573,0.753197,0.270993,12.577155,0.000000,211
2048,107067455644532,13.331789,0.828675,0.221127,12.495444,0.000000,211
2049,107067468976321,13.334056,3.130177,0.272186,10.197102,0.000000,211
2050,107067482310377,13.332708,0.860521,0.289141,12.463835,0.000000,211
2051,107067495643085,13.330177,1.025214,0.256024,12.298675,0.000000,211
2052,107067508973262,13.336062,0.697944,0.237935,12.631370,0.000000,211
2053,107067522309324,13.343435,0.862444,0.212663,12.469706,0.000000,211
2054,107067535652759,13.323252,0.925234,0.204284,12.389058,0.000000,211
2055,107067548976011,13.332970,0.737367,0.192355,12.589172,0.000000,211
2056,107067562308981,13.335020,0.775911,0.198357,12.553055,0.000000,211
2057,107067575644001,13.331649,3.207217,0.191909,10.117357,0.000000,211
2058,107067588975650,13.332534,0.698115,0.214952,12.628026,0.000000,211
2059,107067602308184,13.336983,1.029065,0.207406,12.301746,0.000000,211
2060,107067615645167,13.334457,0.899955,0.231093,12.425539,0.000000,211
2061,107067628979624,13.333376,0.883903,0.290665,12.440367,0.000000,211
2062,107067642313000,13.332513,1.103519,0.203206,12.221249,0.000000,211
2063,107067655645513,13.330828,1.084269,0.195103,12.238437,0.000000,211
2064,107067668976341,13.332012,0.795524,0.202214,12.529985,0.000000,211
2065,107067682308353,13.334935,3.343559,0.200015,9.985442,0.000000,211
2066,107067695643288,13.332175,0.823049,0.212614,12.502040,0.000000,211
2067,107067708975463,13.333501,0.935675,0.187547,12.392505,0.000000,211
2068,107067722308964,13.335791,0.786683,0.330627,12.542151,0.000000,211
2069,107067735644755,13.335904,0.942807,0.277982,12.385430,0.000000,211
2070,107067748980659,13.331627,0.970925,0.278291,12.352493,0.000000,211
2071,107067762312286,13.335342,0.885693,0.294775,12.440380,0.000000,211
2072,107067775647628,13.332101,1.229170,0.271892,12.094040,0.000000,212
2073,107067788979729,13.332345,3.621753,0.261962,9.701970,0.000000,212
2074,107067802312074,13.333306,0.954636,0.236890,12.370469,0.000000,212
2075,107067815645380,13.334183,1.773206,0.189882,11.554345,0.000000,212
2076,107067828979563,13.330831,0.794061,0.178002,12.530466,0.000000,212
2077,107067842310394,13.334668,0.763241,0.193168,12.565232,0.000000,212
2078,107067855645062,13.335402,0.910553,0.288830,12.418093,0.000000,212
2079,107067868980464,13.334685,0.994188,0.236761,12.332559,0.000000,212
2080,107067882315149,13.332399,1.046267,0.207477,12.277033,0.000000,212
2081,107067895647548,13.332974,3.375520,0.299015,9.949801,0.000000,212
2082,107067908980522,13.331039,0.824184,0.265212,12.497029,0.000000,212
2083,107067922311561,13.335955,1.041618,0.286022,12.287761,0.000000,212
2084,107067935647516,13.333594,0.939451,0.292198,12.386153,0.000000,212
2085,107067948981110,13.330465,1.040786,0.257135,12.281705,0.000000,212
2086,107067962311575,13.331813,0.785827,0.291500,12.540766,0.000000,212
2087,107067975643388,13.336708,0.779197,0.255251,12.551286,0.000000,212
2088,107067988980096,13.331913,0.823649,0.993018,12.501385,0.000000,212
2089,107068002312009,13.331527,3.724231,0.259550,9.601235,0.000000,212
2090,107068015643536,13.337106,0.832724,0.276173,12.497711,0.000000,212
2091,107068028980642,13.327520,1.165616,0.247391,12.154970,0.000000,212
2092,107068042308162,13.335729,0.818604,0.260396,12.511497,0.000000,212
2093,107068055643891,13.337495,0.716488,0.285492,12.614001,0.000000,212
2094,107068068981386,13.332203,0.823283,0.264783,12.500808,0.000000,212
2095,107068082313589,13.333016,0.815240,0.278645,12.511909,0.000000,212
2096,107068095646605,13.339219,1.008956,0.261905,12.319494,0.000000,212
2097,107068108985824,13.324845,3.666795,0.294923,9.650550,0.000000,212
2098,107068122310669,13.331569,0.887019,0.193587,12.439088,0.000000,212
2099,107068135642238,13.339006,1.116855,0.192870,12.216164,0.000000,212
2100,107068148981244,13.334328,0.857171,0.216540,12.468727,0.000000,212
2101,107068162315572,13.331085,0.997710,0.196707,12.325043,0.000000,212
2102,107068175646657,13.332834,0.981536,0.203904,12.343515,0.000000,212
2103,107068188979491,13.338136,0.861338,0.196651,12.467466,0.000000,212
2104,107068202317627,13.327573,1.147283,0.194965,12.171766,0.000000,212
2105,107068215645200,13.337859,3.646681,0.479226,9.682471,0.000000,212
2106,107068228983059,13.330954,2.901992,0.269977,10.418661,0.000000,212
2107,107068242314013,13.331043,2.041197,0.355374,11.281881,0.000000,212
2108,107068255645056,13.335504,0.975121,0.386907,12.352783,0.000000,212
2109,107068268980560,13.334896,0.953457,0.424354,12.374194,0.000000,212
2110,107068282315456,13.331580,1.262489,0.377720,12.061267,0.000000,212
2111,107068295647036,13.335294,1.074786,0.404709,12.253411,0.000000,212
2112,107068308982330,13.332084,1.077291,0.382394,12.247357,0.000000,212
2113,107068322314414,13.331362,3.630738,0.367501,9.693518,0.000000,212
2114,107068335645776,13.332631,0.942945,0.335333,12.383723,0.000000,212
2115,107068348978407,13.339019,1.125919,0.407106,12.206489,0.000000,213
2116,107068362317426,13.330980,1.031857,0.334592,12.291794,0.000000,213
2117,107068375648406,13.335942,0.812379,0.442645,12.517352,0.000000,213
2118,107068388984348,13.332896,2.231407,0.371232,11.093860,0.000000,213
2119,107068402317244,13.328920,1.076046,0.328294,12.245383,0.000000,213
2120,107068415646164,13.334728,1.035508,0.378899,12.293845,0.000000,213
2121,107068428980892,13.336576,3.173972,0.369577,10.155553,0.000000,213
2122,107068442317468,13.333435,1.065091,0.371308,12.260384,0.000000,213
2123,107068455650903,13.332170,1.322811,0.375570,12.001321,0.000000,213
2124,107068468983073,13.334064,0.935614,0.386650,12.390143,0.000000,213
2125,107068482317137,13.333394,1.037228,0.373279,12.288695,0.000000,213
2126,107068495650531,13.330899,1.053937,0.334729,12.269176,0.000000,213
2127,107068508981430,13.334378,0.862524,0.368591,12.465328,0.000000,213
2128,107068522315808,13.335059,0.856064,0.381770,12.470054,0.000000,213
2129,107068535650867,13.330457,3.750256,0.336632,9.571848,0.000000,213
2130,107068548981324,13.341098,0.896510,0.341555,12.434863,0.000000,213
2131,107068562322422,13.328674,1.302050,0.353390,12.017919,0.000000,213
2132,107068575651096,13.332120,0.925252,0.356739,12.398375,0.000000,213
2133,107068588983216,13.334997,0.948823,0.277433,12.379216,0.000000,213
2134,107068602318213,13.333849,0.896627,0.376252,12.430620,0.000000,213
2135,107068615652062,13.330657,1.013341,0.355197,12.310153,0.000000,213
2136,107068628982719,13.331460,0.976591,0.344657,12.348181,0.000000,213
2137,107068642314179,13.338701,3.806015,0.354667,9.525426,0.000000,213
2138,107068655652880,13.329664,1.066727,0.338188,12.254193,0.000000,213
2139,107068668982544,13.334554,1.124265,0.381158,12.203342,0.000000,213
2140,107068682317098,13.343089,0.819548,0.362618,12.513557,0.000000,213
2141,107068695660187,13.323552,1.210769,0.310716,12.105310,0.000000,213
2142,107068708983739,13.332283,0.858542,0.371591,12.468325,0.000000,213
2143,107068722316022,13.336776,0.816415,0.379000,12.514441,0.000000,213
2144,107068735652798,13.329675,0.872186,0.349199,12.451201,0.000000,213
2145,107068748982473,13.333603,3.073262,0.341549,10.254553,0.000000,213
2146,107068762316076,13.342649,0.769218,0.356380,12.566508,0.000000,213
2147,107068775658725,13.325614,1.095444,0.342104,12.223919,0.000000,213
2148,107068788984339,13.331337,0.782659,0.328517,12.541848,0.000000,213
2149,107068802315676,13.334833,0.762917,0.335238,12.566475,0.000000,213
2150,107068815650509,13.335208,0.823388,0.429510,12.505142,0.000000,213
2151,107068828985717,13.330071,0.884341,0.244774,12.439455,0.000000,213
2152,107068842315788,13.336859,0.754998,0.296573,12.575975,0.000000,213
2153,107068855652647,13.336638,3.391201,0.268657,9.936070,0.000000,213
2154,107068868989285,13.328044,1.119268,0.251336,12.200146,0.000000,213
2155,107068882317329,13.334964,1.292893,0.261580,12.035524,0.000000,213
2156,107068895652293,13.334813,1.018682,0.268793,12.307295,0.000000,213
2157,107068908987106,13.330583,1.074556,0.257687,12.248264,0.000000,213
2158,107068922317689,13.331981,0.979505,0.258412,12.346522,0.000000,213
2159,107068935649670,13.340923,0.983431,0.260136,12.347156,0.000000,213
2160,107068948990593,13.326593,1.021521,0.239122,12.296413,0.000000,213
2161,107068962317186,13.334360,3.620847,0.250247,9.705950,0.000000,213
2162,107068975651546,13.340441,0.981766,0.273999,12.350651,0.000000,213
2163,107068988991987,13.331285,1.187478,0.237699,12.136532,0.000000,213
2164,107069002323272,13.334445,0.895254,0.241827,12.431832,0.000000,213
2165,107069015657717,13.339585,0.904131,0.270252,12.426692,0.000000,213
2166,107069028997302,13.326937,1.153946,0.308397,12.164625,0.000000,213
2167,107069042324239,13.334352,1.024393,0.258947,12.303193,0.000000,213
2168,107069055658591,13.337882,0.961503,0.269237,12.369116,0.000000,213
2169,107069068996473,13.327821,3.270659,0.338361,10.049115,0.000000,213
2170,107069082324294,13.333559,0.782899,0.344062,12.545378,0.000000,214
2171,107069095657853,13.338248,1.004609,0.426009,12.327580,0.000000,214
2172,107069108996101,13.329685,1.372922,0.289358,11.950152,0.000000,214
2173,107069122325786,13.332774,1.643403,0.249406,11.684712,0.000000,214
2174,107069135658560,13.335732,0.919639,0.261224,12.409760,0.000000,214
2175,107069148994292,13.347925,0.926785,0.505281,12.407180,0.000000,214
2176,107069162342217,13.317588,1.044478,0.248153,12.261862,0.000000,214
2177,107069175659805,13.333430,3.228724,0.326132,10.098121,0.000000,214
2178,107069188993235,13.334298,0.917521,0.526455,12.408957,0.000000,214
2179,107069202327533,13.333622,1.284414,0.353452,12.042181,0.000000,214
2180,107069215661155,13.333944,0.907463,0.367716,12.419410,0.000000,214
2181,107069228995099,13.333345,0.763920,0.379034,12.563158,0.000000,214
2182,107069242328444,13.332089,1.077330,0.320143,12.247447,0.000000,214
2183,107069255660533,13.334136,0.813434,0.399402,12.514432,0.000000,214
2184,107069268994669,13.336535,0.858372,0.366270,12.470006,0.000000,214
2185,107069282331204,13.328374,3.375888,0.352164,9.945543,0.000000,214
2186,107069295659578,13.334274,0.796050,0.377870,12.532775,0.000000,214
2187,107069308993852,13.342792,1.045206,0.380045,12.285729,0.000000,214
2188,107069322336644,13.323815,1.048765,0.367559,12.265599,0.000000,214
2189,107069335660459,13.331709,0.787241,0.351077,12.538868,0.000000,214
2190,107069348992168,13.339294,0.661753,0.380873,12.669635,0.000000,214
2191,107069362331462,13.328030,1.022872,0.348201,12.297752,0.000000,214
2192,107069375659492,13.334716,0.793867,0.376358,12.535024,0.000000,214
2193,107069388994208,13.336156,3.269378,0.369027,10.059739,0.000000,214
2194,107069402330364,13.330567,2.070139,0.309323,11.252680,0.000000,214
2195,107069415660931,13.331874,1.098189,0.289328,12.228178,0.000000,214
2196,107069428992805,13.342468,0.805873,0.291412,12.527567,0.000000,214
2197,107069442335273,13.327464,1.066042,0.341038,12.252605,0.000000,214
2198,107069455662737,13.333746,0.944089,0.412563,12.383072,0.000000,214
2199,107069468996483,13.331274,0.913042,0.377025,12.410688,0.000000,214
2200,107069482327757,13.335197,0.825117,0.350140,12.502901,0.000000,214
2201,107069495662954,13.331050,3.295515,0.324743,10.028190,0.000000,214
2202,107069508994004,13.334647,0.721364,0.265764,12.607162,0.000000,214
2203,107069522328651,13.333856,1.054446,0.434800,12.272557,0.000000,214
2204,107069535662507,13.330614,1.036671,0.354721,12.287126,0.000000,214
2205,107069548993121,13.336281,0.689826,0.405597,12.640610,0.000000,214
2206,107069562329402,13.333825,0.857208,0.464800,12.468941,0.000000,214
2207,107069575663227,13.327992,1.104692,0.339983,12.217233,0.000000,214
2208,107069588991219,13.334731,0.672470,0.380781,12.657549,0.000000,215
2209,107069602325950,13.334701,3.290013,0.392965,10.038082,0.000000,215
2210,107069615660651,13.332976,0.931686,0.403699,12.394047,0.000000,215
2211,107069628993627,13.332411,1.560763,0.288082,11.765317,0.000000,215
2212,107069642326038,13.333465,1.000888,0.409672,12.326960,0.000000,215
2213,107069655659503,13.337512,0.880254,0.431271,12.450791,0.000000,215
2214,107069668997015,13.332405,0.852750,0.391896,12.472460,0.000000,215
2215,107069682329420,13.333478,0.885977,0.376144,12.441192,0.000000,215
2216,107069695662898,13.334216,0.827746,0.390998,12.499253,0.000000,215
2217,107069708997114,13.331059,3.186451,0.360250,10.137938,0.000000,215
2218,107069722328173,13.337416,0.799891,0.399345,12.530988,0.000000,215
2219,107069735665589,13.331597,1.188652,0.383051,12.135220,0.000000,215
2220,107069748997186,13.329072,1.024497,0.374759,12.298537,0.000000,215
2221,107069762326258,13.334415,0.971648,0.360971,12.355231,0.000000,215
2222,107069775660673,13.336693,1.068407,0.377979,12.260373,0.000000,215
2223,107069788997366,13.331328,0.963866,0.360565,12.359392,0.000000,215
2224,107069802328694,13.338525,0.885129,0.365777,12.445445,0.000000,215
2225,107069815667219,13.327738,3.303420,0.356495,10.016652,0.000000,215
2226,107069828994957,13.336809,0.724864,0.427529,12.605522,0.000000,215
2227,107069842331766,13.332339,1.248122,0.448852,12.076651,0.000000,215
2228,107069855664105,13.336953,0.990200,0.371098,12.338266,0.000000,215
2229,107069869001058,13.341071,0.922226,0.270649,12.406821,0.000000,215
2230,107069882342129,13.324207,1.205563,0.313193,12.108243,0.000000,215
2231,107069895666336,13.334621,1.143389,0.351681,12.180443,0.000000,215
2232,107069909000957,13.330102,1.021217,0.261895,12.299680,0.000000,215
2233,107069922331059,13.332449,3.781192,0.306286,9.542353,0.000000,215
2234,107069935663508,13.333351,1.084482,0.301557,12.240831,0.000000,215
2235,107069948996859,13.332956,1.302846,0.306886,12.021135,0.000000,215
2236,107069962329815,13.335262,0.983840,0.302702,12.343929,0.000000,215
2237,107069975665077,13.332894,0.969651,0.272572,12.356586,0.000000,215
2238,107069988997971,13.334889,0.880591,0.276906,12.446698,0.000000,215
2239,107070002332860,13.335130,1.024697,0.253547,12.302262,0.000000,215
2240,107070015667990,13.331163,0.902767,0.255071,12.421222,0.000000,215
2241,107070028999153,13.333027,3.189611,0.380273,10.136132,0.000000,215
2242,107070042332180,13.333892,0.960354,0.340219,12.365159,0.000000,215
2243,107070055666072,13.333243,1.122172,0.456664,12.204462,0.000000,215
2244,107070068999315,13.335722,0.889025,0.413228,12.437838,0.000000,215
2245,107070082335037,13.328909,1.007773,0.436543,12.312822,0.000000,215
2246,107070095663946,13.336021,1.017659,0.432119,12.311525,0.000000,215
2247,107070108999967,13.332382,0.915731,0.391617,12.408978,0.000000,215
2248,107070122332349,13.331327,0.952675,0.352659,12.371782,0.000000,215
2249,107070135663676,13.341290,3.201959,0.377528,10.129023,0.000000,215
2250,107070149004966,13.328854,0.868001,0.374613,12.452029,0.000000,215
2251,107070162333820,13.330770,1.246665,0.261757,12.075830,0.000000,215
2252,107070175664590,13.333511,0.933419,0.374577,12.393703,0.000000,215
2253,107070188998101,13.334176,0.826684,0.359198,12.501167,0.000000,215
2254,107070202332277,13.336626,0.970950,0.301883,12.357464,0.000000,215
2255,107070215668903,13.330106,0.985930,0.348340,12.335822,0.000000,216
2256,107070228999009,13.334359,0.932106,0.273106,12.394485,0.000000,216
2257,107070242333368,13.334057,3.410694,0.281187,9.916497,0.000000,216
2258,107070255667425,13.332140,1.056288,0.497737,12.268802,0.000000,216
2259,107070268999565,13.333730,1.143680,0.393294,12.183255,0.000000,216
2260,107070282333295,13.333019,1.077492,0.432117,12.249166,0.000000,216
2261,107070295666314,13.336281,1.052112,0.403049,12.275670,0.000000,216
2262,107070309002595,13.333222,0.949576,0.485465,12.375941,0.000000,216
2263,107070322335817,13.330775,1.129611,0.377219,12.193628,0.000000,216
2264,107070335666592,13.330806,1.031380,0.338621,12.293401,0.000000,216
2265,107070348997398,13.336282,3.120174,0.388808,10.209571,0.000000,216
2266,107070362333680,13.332666,0.969419,0.407254,12.356496,0.000000,216
2267,107070375666346,13.333750,1.318147,0.340088,12.008637,0.000000,216
2268,107070389000096,13.334871,0.790671,0.472649,12.535406,0.000000,216
2269,107070402334967,13.331815,1.033353,0.446444,12.291137,0.000000,216
2270,107070415666782,13.332210,1.010983,0.359198,12.314822,0.000000,216
2271,107070428998992,13.334648,0.718518,0.404460,12.610213,0.000000,216
2272,107070442333640,13.334623,0.965389,0.482695,12.361903,0.000000,216
2273,107070455668263,13.330943,3.464491,0.258320,9.858858,0.000000,216
2274,107070468999206,13.334561,0.728885,0.382004,12.600216,0.000000,216
2275,107070482333767,13.331719,1.187484,1.354128,12.137590,0.000000,216
2276,107070495665486,13.341449,0.790227,0.755055,12.540705,0.000000,216
2277,107070509006935,13.329494,0.883886,0.680884,12.437221,0.000000,216
2278,107070522336429,13.330525,1.009333,0.649768,12.311943,0.000000,216
2279,107070535666954,13.335795,1.973235,0.876738,11.354625,0.000000,216
2280,107070549002749,13.332781,0.862905,0.620123,12.461583,0.000000,216
2281,107070562335530,13.332923,3.484594,0.706942,9.840121,0.000000,216
2282,107070575668453,13.339505,0.904922,0.737339,12.422524,0.000000,216
2283,107070589007958,13.328218,1.237268,0.789890,12.081588,0.000000,216
2284,107070602336176,13.336811,0.975806,0.702348,12.349502,0.000000,216
2285,107070615672987,13.334899,0.958369,0.499899,12.366491,0.000000,217
2286,107070629007886,13.332925,0.804272,0.374281,12.517239,0.000000,217
2287,107070642340811,13.328891,0.917323,0.444329,12.402584,0.000000,217
2288,107070655669702,13.330418,1.658118,0.353478,11.664814,0.000000,217
2289,107070669000120,13.331643,3.156610,0.401267,10.169441,0.000000,217
2290,107070682331763,13.334812,0.852059,0.377038,12.476871,0.000000,217
2291,107070695666575,13.335225,1.190058,0.335510,12.137135,0.000000,217
2292,107070709001800,13.330870,0.731820,0.350598,12.591831,0.000000,217
2293,107070722332670,13.334008,0.877330,0.389916,12.449757,0.000000,217
2294,107070735666678,13.332292,0.807472,0.447420,12.518930,0.000000,217
2295,107070748998970,13.338890,0.855562,0.441772,12.473859,0.000000,217
2296,107070762337860,13.329463,0.928040,0.395956,12.395067,0.000000,217
2297,107070775667323,13.331369,3.344036,0.398959,9.980963,0.000000,217
2298,107070788998692,13.335794,0.774725,0.367902,12.554672,0.000000,217
2299,107070802334486,13.330298,1.083900,0.374391,12.240334,0.000000,217
2300,107070815664784,13.335487,0.811370,0.420185,12.518239,0.000000,217
2301,107070829000271,13.335733,0.870800,0.370474,12.457844,0.000000,217
2302,107070842336004,13.333488,0.966801,0.385578,12.359299,0.000000,217
2303,107070855669492,13.330682,0.861874,0.416203,12.462558,0.000000,217
2304,107070869000174,13.332465,0.761935,0.362680,12.565298,0.000000,217
2305,107070882332639,13.334447,3.195721,0.352081,10.132856,0.000000,217
2306,107070895667086,13.334351,0.826191,0.348440,12.501745,0.000000,217
2307,107070909001437,13.332831,1.053557,0.402696,12.272854,0.000000,217
2308,107070922334268,13.333744,0.980581,0.402641,12.347363,0.000000,217
2309,107070935668012,13.334525,0.902085,0.378927,12.425882,0.000000,217
2310,107070949002537,13.338773,0.869239,0.434074,12.459842,0.000000,217
2311,107070962341310,13.326260,0.901278,0.415937,12.418709,0.000000,217
2312,107070975667570,13.335605,0.951018,0.391092,12.378927,0.000000,217
2313,107070989003175,13.331367,3.331163,0.440598,9.993054,0.000000,217
2314,107071002334542,13.334452,0.980079,0.359395,12.346890,0.000000,217
2315,107071015668994,13.332561,1.121302,0.350878,12.204897,0.000000,217
2316,107071029001555,13.330223,0.761348,0.354174,12.563441,0.000000,217
2317,107071042331778,13.333868,0.756966,0.335770,12.571558,0.000000,217
2318,107071055665646,13.334501,0.798214,0.383326,12.530811,0.000000,217
2319,107071069000147,13.331535,0.792146,0.302982,12.534082,0.000000,217
2320,107071082331682,13.333831,0.855676,0.360334,12.473384,0.000000,217
2321,107071095665513,13.336571,3.177023,0.268967,10.154254,0.000000,217
2322,107071109002084,13.331913,0.741939,0.356387,12.583424,0.000000,217
2323,107071122333997,13.338243,1.204263,0.374937,12.125754,0.000000,217
2324,107071135672240,13.333368,0.807268,0.523173,12.518284,0.000000,217
2325,107071149005608,13.334655,0.925767,0.415411,12.399690,0.000000,217
2326,107071162340263,13.328682,0.987587,0.401886,12.333702,0.000000,217
2327,107071175668945,13.334931,1.102563,0.273315,12.226149,0.000000,217
2328,107071189003876,13.331533,0.844258,0.266093,12.481120,0.000000,217
2329,107071202335409,13.333331,3.267711,0.472674,10.059022,0.000000,217
2330,107071215668740,13.333404,0.887850,0.297991,12.440153,0.000000,217
2331,107071229002144,13.335887,1.217448,0.342389,12.112386,0.000000,217
2332,107071242338031,13.332225,0.967565,0.381809,12.357349,0.000000,217
2333,107071255670256,13.335045,0.929817,0.559492,12.397952,0.000000,217
2334,107071269005301,13.335025,0.855777,0.447311,12.472504,0.000000,217
2335,107071282340326,13.328954,0.993690,0.445163,12.328521,0.000000,217
2336,107071295669280,13.341525,0.975935,0.375328,12.355566,0.000000,218
2337,107071309010805,13.327796,3.296023,0.411359,10.023915,0.000000,218
2338,107071322338601,13.336066,0.923790,0.365750,12.402820,0.000000,218
2339,107071335674667,13.328041,1.789804,0.361450,11.531032,0.000000,218
2340,107071349002708,13.334639,0.811394,0.404352,12.517526,0.000000,218
2341,107071362337347,13.334800,0.882720,0.563255,12.444631,0.000000,218
2342,107071375672147,13.337496,0.890914,0.402930,12.436432,0.000000,218
2343,107071389009643,13.328580,0.869517,0.310527,12.452261,0.000000,218
2344,107071402338223,13.332891,0.884265,0.249629,12.440923,0.000000,218
2345,107071415671114,13.331356,3.374321,0.456446,9.951468,0.000000,218
2346,107071429002470,13.335970,0.855137,0.411003,12.474695,0.000000,218
2347,107071442338440,13.333908,1.156573,0.445532,12.171330,0.000000,218
2348,107071455672348,13.334449,0.953309,0.385409,12.373211,0.000000,218
2349,107071469006797,13.331602,0.920149,0.406542,12.404625,0.000000,218
2350,107071482338399,13.331421,0.952075,0.375440,12.373467,0.000000,218
2351,107071495669820,13.332800,0.908609,0.422654,12.418180,0.000000,218
2352,107071509002620,13.336696,0.824191,0.435094,12.506207,0.000000,218
2353,107071522339316,13.331120,3.397366,0.455158,9.927233,0.000000,218
2354,107071535670436,13.333177,0.878837,0.418735,12.447963,0.000000,218
2355,107071549003613,13.333745,1.169010,0.392560,12.159226,0.000000,218
2356,107071562337358,13.335344,0.869555,0.348086,12.459973,0.000000,218
2357,107071575672702,13.331965,0.897356,0.376378,12.427066,0.000000,218
2358,107071589004667,13.336163,0.868016,0.370371,12.461556,0.000000,218
2359,107071602340830,13.333035,0.906486,0.382521,12.420159,0.000000,218
2360,107071615673865,13.329683,0.940985,0.373111,12.382207,0.000000,218
2361,107071629003548,13.334379,3.287652,0.441208,10.041183,0.000000,218
2362,107071642337927,13.334667,0.845280,0.399682,12.483191,0.000000,218
2363,107071655672594,13.331401,1.107195,0.413474,12.218903,0.000000,218
2364,107071669003995,13.332620,0.817946,0.407076,12.509146,0.000000,218
2365,107071682336615,13.335696,0.876717,0.420146,12.453085,0.000000,218
2366,107071695672311,13.333234,0.880075,0.417794,12.444664,0.000000,218
2367,107071709005545,13.332557,0.914500,0.408365,12.412055,0.000000,218
2368,107071722338102,13.336109,0.933455,0.443733,12.396257,0.000000,218
2369,107071735674211,13.330232,3.609130,0.405676,9.713904,0.000000,218
2370,107071749004443,13.336206,0.780061,0.442710,12.548282,0.000000,218
2371,107071762340649,13.333345,1.158441,0.364003,12.166925,0.000000,218
2372,107071775673994,13.332001,0.868886,0.425779,12.454873,0.000000,218
2373,107071789005995,13.331906,0.847929,0.504306,12.477724,0.000000,219
2374,107071802337901,13.334878,0.902048,0.401947,12.425859,0.000000,219
2375,107071815672779,13.333080,0.881622,0.641562,12.445399,0.000000,219
2376,107071829005859,13.332686,0.928802,0.430932,12.397759,0.000000,219
2377,107071842338545,13.335346,6.013994,0.406268,7.314431,0.000000,219
2378,107071855673891,13.331793,0.982188,0.424207,12.341536,0.000000,219
2379,107071869005684,13.333358,1.071741,0.398038,12.254924,0.000000,219
2380,107071882339042,13.337203,0.872374,0.400138,12.456939,0.000000,219
2381,107071895676245,13.329698,0.893331,0.513211,12.429729,0.000000,219
2382,107071909005943,13.335493,0.894745,0.315254,12.433798,0.000000,219
2383,107071922341436,13.329772,0.969391,0.349787,12.353056,0.000000,219
2384,107071935671208,13.334664,0.831312,0.329336,12.497903,0.000000,219
2385,107071949005872,13.332626,3.196207,0.282162,10.130770,0.000000,219
2386,107071962338498,13.337145,1.054177,0.478919,12.275102,0.000000,219
2387,107071975675643,13.330970,1.234705,0.520549,12.089813,0.000000,219
2388,107071989006613,13.332952,0.826703,0.386328,12.499511,0.000000,219
2389,107072002339565,13.332607,1.002213,0.384059,12.324200,0.000000,219
2390,107072015672172,13.334824,0.913837,0.601436,12.414383,0.000000,219
2391,107072029006996,13.332802,0.905889,0.647168,12.419522,0.000000,219
2392,107072042339798,13.331245,1.008662,0.418594,12.317082,0.000000,219
2393,107072055671043,13.336496,3.306975,0.308255,10.022166,0.000000,219
2394,107072069007539,13.330997,0.942758,0.430415,12.383183,0.000000,219
2395,107072082338536,13.332457,1.117443,0.424051,12.209136,0.000000,219
2396,107072095670993,13.334822,0.889171,0.531215,12.437327,0.000000,219
2397,107072109005815,13.332019,0.745551,0.434797,12.579744,0.000000,219
2398,107072122337834,13.338792,0.784422,0.435356,12.547683,0.000000,219
2399,107072135676626,13.334047,1.178063,0.454637,12.147412,0.000000,219
2400,107072149010673,13.334624,0.982483,0.425152,12.343086,0.000000,219
2401,107072162345297,13.332476,3.517778,0.424808,9.804870,0.000000,219
2402,107072175677773,13.333367,1.003575,0.428211,12.320399,0.000000,219
2403,107072189011140,13.331051,1.254042,0.618092,12.068233,0.000000,219
2404,107072202342191,13.328471,0.910952,0.374809,12.411301,0.000000,219
2405,107072215670662,13.335476,0.857861,0.614854,12.472479,0.000000,219
2406,107072229006138,13.335653,0.726800,0.395755,12.602795,0.000000,219
2407,107072242341791,13.331370,1.021660,0.244256,12.302487,0.000000,219
2408,107072255673161,13.334486,0.895755,0.645165,12.432017,0.000000,219
2409,107072269007647,13.331334,3.219996,0.448791,10.105024,0.000000,219
2410,107072282338981,13.332722,1.014067,0.444320,12.313126,0.000000,219
2411,107072295671703,13.332481,1.240395,0.469266,12.087074,0.000000,219
2412,107072309004184,13.335495,0.780414,0.418167,12.549380,0.000000,220
2413,107072322339679,13.332138,0.863372,0.398885,12.461248,0.000000,220
2414,107072335671817,13.333694,0.854960,0.395924,12.473209,0.000000,220
2415,107072349005511,13.333225,1.530603,0.640686,11.796615,0.000000,220
2416,107072362338736,13.335020,0.782645,0.393381,12.546830,0.000000,220
2417,107072375673756,13.332159,3.542351,0.363296,9.784382,0.000000,220
2418,107072389005915,13.334689,0.764064,0.420219,12.565780,0.000000,220
2419,107072402340604,13.333990,1.341814,0.361987,11.984635,0.000000,220
2420,107072415674594,13.330375,0.987528,0.370063,12.338152,0.000000,220
2421,107072429004969,13.332936,0.699365,0.438076,12.627943,0.000000,220
2422,107072442337905,13.339922,1.462148,0.410362,11.871944,0.000000,220
2423,107072455677827,13.330749,1.647126,0.385193,11.676251,0.000000,220
2424,107072469008576,13.331863,1.296428,0.385244,12.028558,0.000000,220
2425,107072482340439,13.334758,3.937187,0.359700,9.390865,0.000000,220
2426,107072495675197,13.331205,1.043446,0.370215,12.281327,0.000000,220
2427,107072509006402,13.334628,1.209327,0.398240,12.119000,0.000000,220
2428,107072522341030,13.336783,1.055552,0.367909,12.273796,0.000000,220
2429,107072535677813,13.329067,1.240775,0.362599,12.081740,0.000000,220
2430,107072549006880,13.333654,1.087175,0.538717,12.240040,0.000000,220
2431,107072562340534,13.337058,1.018524,0.424075,12.312114,0.000000,220
2432,107072575677592,13.330239,1.392176,0.384469,11.930912,0.000000,220
2433,107072589007831,13.333411,3.900522,0.396644,9.426166,0.000000,220
2434,107072602341242,13.333533,1.081434,0.411216,12.245352,0.000000,220
2435,107072615674775,13.334870,1.498222,0.380944,11.830311,0.000000,220
2436,107072629009645,13.335685,0.974076,0.582000,12.353164,0.000000,220
2437,107072642345330,13.330704,1.123562,0.398364,12.200576,0.000000,220
2438,107072655676034,13.337807,1.068056,0.396036,12.261469,0.000000,220
2439,107072669013841,13.330602,1.070800,0.403158,12.252334,0.000000,220
2440,107072682344443,13.344283,1.103166,0.405315,12.229310,0.000000,220
2441,107072695688726,13.320736,3.935835,0.350025,9.377607,0.000000,220
2442,107072709009462,13.338606,0.941770,0.572915,12.387002,0.000000,220
2443,107072722348068,13.328828,1.416822,0.399747,11.904749,0.000000,220
2444,107072735676896,13.337324,1.195593,0.366208,12.133251,0.000000,220
2445,107072749014220,13.328135,1.161875,0.412129,12.159646,0.000000,220
2446,107072762342355,13.335787,1.470638,0.389117,11.858003,0.000000,220
2447,107072775678142,13.333345,1.379878,0.386060,11.945870,0.000000,220
2448,107072789011487,13.331936,1.190643,0.455569,12.134632,0.000000,220
2449,107072802343423,13.336739,3.610035,0.436977,9.719366,0.000000,220
2450,107072815680162,13.332328,0.937360,0.414455,12.385826,0.000000,220
2451,107072829012490,13.331505,1.151903,0.501305,12.172924,0.000000,220
2452,107072842343995,13.335679,0.901299,0.419751,12.428811,0.000000,220
2453,107072855679674,13.331105,1.070249,0.333362,12.253432,0.000000,220
2454,107072869010779,13.332824,0.870518,0.352893,12.456272,0.000000,220
2455,107072882343603,13.335011,0.860720,0.306630,12.468434,0.000000,220
2456,107072895678614,13.339510,0.938291,0.335226,12.392984,0.000000,220
2457,107072909018124,13.332847,3.410382,0.629904,9.908788,0.000000,220
2458,107072922350971,13.334514,0.974027,0.651514,12.348541,0.000000,220
2459,107072935685485,13.328722,1.404906,0.426083,11.912043,0.000000,220
2460,107072949014207,13.329140,1.038710,0.384596,12.282838,0.000000,220
2461,107072962343347,13.336127,1.016153,0.373076,12.314322,0.000000,221
2462,107072975679474,13.357320,1.073071,0.384136,12.276129,0.000000,221
2463,107072989036794,13.335673,1.289899,0.317884,12.037959,0.000000,221
2464,107073002372467,13.329637,1.748844,0.322719,11.571765,0.000000,221
2465,107073015702104,13.329258,3.963810,0.339700,9.360360,0.000000,221
2466,107073029031362,13.336161,1.242600,0.285429,12.086126,0.000000,221
2467,107073042367523,13.334438,1.558792,0.475920,11.766076,0.000000,221
2468,107073055701961,13.330369,1.216896,0.432282,12.106366,0.000000,221
2469,107073069032330,13.352566,1.072530,0.393210,12.265915,0.000000,221
2470,107073082384896,13.320504,1.342325,0.362405,11.967345,0.000000,221
2471,107073095705400,13.335419,1.088695,0.544092,12.238601,0.000000,221
2472,107073109040819,13.333665,1.223033,0.447337,12.100111,0.000000,221
2473,107073122374484,13.328589,3.938259,0.547925,9.382709,0.000000,221
2474,107073135703073,13.336515,1.142720,0.513140,12.186951,0.000000,221
2475,107073149039588,13.340581,2.619566,0.390326,10.708325,0.000000,221
2476,107073162380169,13.324366,1.230595,0.392994,12.082104,0.000000,221
2477,107073175704535,13.332111,1.125555,0.401340,12.199109,0.000000,221
2478,107073189036646,13.335837,1.057780,0.480720,12.271248,0.000000,221
2479,107073202372483,13.332069,1.188703,0.429695,12.136285,0.000000,221
2480,107073215704552,13.332780,1.228327,0.396254,12.096983,0.000000,221
2481,107073229037332,13.336796,3.779103,0.590771,9.548791,0.000000,221
2482,107073242374128,13.332322,1.301836,0.401837,12.021208,0.000000,221
2483,107073255706450,13.331147,1.648255,0.378679,11.676520,0.000000,221
2484,107073269037597,13.340854,1.063655,0.391593,12.267353,0.000000,221
2485,107073282378451,13.323811,1.254189,0.369022,12.063064,0.000000,221
2486,107073295702262,13.337176,1.093209,0.402588,12.237196,0.000000,221
2487,107073309039438,13.331738,0.999010,0.410523,12.325475,0.000000,221
2488,107073322371176,13.343193,1.069222,0.386999,12.263988,0.000000,221
2489,107073335714369,13.324928,3.999882,0.577332,9.313914,0.000000,221
2490,107073349039297,13.334171,1.020922,0.550686,12.307344,0.000000,221
2491,107073362373468,13.331993,1.673784,0.481455,11.651416,0.000000,221
2492,107073375705461,13.331861,1.211173,0.388917,12.112892,0.000000,222
2493,107073389037322,13.335454,0.996143,0.444337,12.332511,0.000000,222
2494,107073402372776,13.333042,1.213628,0.434065,12.112034,0.000000,222
2495,107073415705818,13.335705,1.100576,0.390844,12.228005,0.000000,222
2496,107073429041523,13.332065,0.981822,0.350451,12.306424,0.000000,222
2497,107073442373588,13.330749,4.335161,0.250754,8.987529,0.000000,222
2498,107073455704337,13.337140,0.912796,0.377031,12.417780,0.000000,222
2499,107073469041477,13.338668,1.375394,0.328684,11.952851,0.000000,222
2500,107073482380145,13.327118,1.327278,0.353206,11.989772,0.000000,222
2501,107073495707263,13.332513,1.828866,0.255461,11.497084,0.000000,222
2502,107073509039776,13.336108,0.987847,0.322172,12.339989,0.000000,222
2503,107073522375884,13.332437,1.286430,0.271437,12.038392,0.000000,222
2504,107073535708321,13.330604,1.101071,0.294956,12.222423,0.000000,222
2505,107073549038925,13.337879,3.470850,0.339990,9.856639,0.000000,222
2506,107073562376804,13.333415,1.048498,0.507510,12.277262,0.000000,222
2507,107073575710219,13.330588,1.476659,0.261150,11.846421,0.000000,222
2508,107073589040807,13.445053,0.808852,0.459118,12.628357,0.000000,222
2509,107073602485860,13.324232,0.997160,1.136465,12.321154,0.000000,222
2510,107073615810092,13.332018,1.025265,0.901073,12.300365,0.000000,222
2511,107073629142110,13.340062,0.878686,0.952116,12.452479,0.000000,222
2512,107073642482172,13.329844,1.169213,0.298038,12.150785,0.000000,222
2513,107073655812016,13.330545,4.135089,0.483893,9.187434,0.000000,222
2514,107073669142561,13.337324,0.955697,0.380212,12.375048,0.000000,222
2515,107073682479885,13.333023,1.569411,0.356223,11.755456,0.000000,222
2516,107073695812908,13.333371,1.278577,0.340269,12.046586,0.000000,222
2517,107073709146279,13.334182,1.001566,0.359220,12.324203,0.000000,222
2518,107073722480461,13.339090,1.179248,0.305101,12.148866,0.000000,222
2519,107073735819551,13.331142,1.184023,0.383321,12.137251,0.000000,222
2520,107073749150693,13.329152,1.251781,0.322209,12.067715,0.000000,222
2521,107073762479845,13.330648,3.842212,0.259148,9.481350,0.000000,222
2522,107073775810493,13.335752,0.865941,0.324316,12.463795,0.000000,222
2523,107073789146245,13.331858,1.305869,0.270880,12.019030,0.000000,222
2524,107073802478103,13.336783,0.900561,0.363187,12.427975,0.000000,222
2525,107073815814886,13.330355,1.181945,0.353443,12.140658,0.000000,222
2526,107073829145241,13.333567,0.998427,0.333995,12.328407,0.000000,222
2527,107073842478808,13.334795,1.099521,0.354530,12.228751,0.000000,222
2528,107073855813603,13.335659,1.116108,0.323586,12.211802,0.000000,222
2529,107073869149262,13.329202,3.839647,0.340990,9.482200,0.000000,222
2530,107073882478464,13.337424,1.008052,0.367968,12.322433,0.000000,222
2531,107073895815888,13.332544,1.734197,0.373414,11.590402,0.000000,222
2532,107073909148432,13.329589,1.164219,0.326224,12.158637,0.000000,222
2533,107073922478021,13.336584,0.916283,0.407349,12.414010,0.000000,222
2534,107073935814605,13.331894,1.143564,0.389647,12.180994,0.000000,222
2535,107073949146499,13.332829,0.984887,0.357318,12.340454,0.000000,222
2536,107073962479328,13.334532,0.970894,0.349722,12.357432,0.000000,222
2537,107073975813860,13.333075,3.853410,0.293787,9.471565,0.000000,222
2538,107073989146935,13.335170,0.942803,0.345182,12.383809,0.000000,222
2539,107074002482105,13.330785,1.485066,0.806574,11.838924,0.000000,222
2540,107074015812890,13.334204,1.159538,0.462347,12.167545,0.000000,222
2541,107074029147094,13.335890,1.042652,0.455869,12.286377,0.000000,222
2542,107074042482984,13.332462,1.146256,0.303667,12.177211,0.000000,222
2543,107074055815446,13.334606,1.082581,0.520311,12.243787,0.000000,222
2544,107074069150052,13.334954,1.171035,0.490231,12.152678,0.000000,222
2545,107074082485006,13.330685,4.327306,0.361324,8.995193,0.000000,222
2546,107074095815691,13.331278,1.370516,0.546799,11.954288,0.000000,222
2547,107074109146969,13.333921,1.889855,0.651070,11.437758,0.000000,222
2548,107074122480890,13.333699,1.454398,0.484889,11.871953,0.000000,222
2549,107074135814589,13.344406,1.389273,0.414395,11.944442,0.000000,222
2550,107074149158995,13.324929,1.268380,0.511912,12.047064,0.000000,222
2551,107074162483924,13.331578,1.356770,0.657094,11.965695,0.000000,222
2552,107074175815502,13.335706,1.300218,0.653764,12.028649,0.000000,222
2553,107074189151208,13.328420,4.027361,0.652105,9.291526,0.000000,222
2554,107074202479628,13.337932,1.282229,0.500133,12.049796,0.000000,222
2555,107074215817560,13.338251,1.547357,0.651084,11.783365,0.000000,222
2556,107074229155811,13.335215,1.524658,0.965708,11.800422,0.000000,222
2557,107074242491026,13.328597,1.546558,0.589850,11.773726,0.000000,222
2558,107074255819623,13.334264,1.250330,1.235316,12.076274,0.000000,222
2559,107074269153887,13.332396,1.693432,0.711729,11.629713,0.000000,222
2560,107074282486283,13.331501,1.333241,0.956047,11.990617,0.000000,222
2561,107074295817784,13.337194,3.679413,0.765080,9.646961,0.000000,222
2562,107074309154978,13.329953,1.463979,0.767097,11.858826,0.000000,222
2563,107074322484931,13.333892,1.488782,0.947982,11.838756,0.000000,222
2564,107074335818823,13.332873,1.314386,0.930500,12.011884,0.000000,222
2565,107074349151696,13.332296,1.314380,0.757899,12.011790,0.000000,222
2566,107074362483992,13.337545,1.193556,1.267215,12.137130,0.000000,222
2567,107074375821537,13.332507,1.659327,1.111484,11.665664,0.000000,222
2568,107074389154044,13.332604,1.437041,0.806248,11.888837,0.000000,223
2569,107074402486648,13.332928,3.806384,0.927729,9.520624,0.000000,223
2570,107074415819576,13.332754,1.374367,0.697926,11.952185,0.000000,223
2571,107074429152330,13.334915,2.265812,0.854694,11.063227,0.000000,223
2572,107074442487245,13.334319,1.452914,1.014750,11.876177,0.000000,223
2573,107074455821564,13.331087,2.070682,1.003384,11.254270,0.000000,223
2574,107074469152651,13.336628,1.275272,0.738747,12.054745,0.000000,223
2575,107074482489279,13.330651,1.656236,1.065710,11.667656,0.000000,223
2576,107074495819930,13.331571,1.594979,1.290065,11.730908,0.000000,223
2577,107074509151501,13.335507,3.878078,1.829276,9.450951,0.000000,223
2578,107074522487008,13.332248,2.075900,0.953302,11.250216,0.000000,223
2579,107074535819256,13.332905,1.728992,1.124902,11.596265,0.000000,223
2580,107074549152161,13.335572,1.565682,1.068104,11.764650,0.000000,223
2581,107074562487733,13.332405,1.776200,1.144597,11.549219,0.000000,223
2582,107074575820138,13.332222,1.494151,1.041216,11.831152,0.000000,223
2583,107074589152360,13.333631,1.622684,1.914888,11.704651,0.000000,223
2584,107074602485991,13.334704,2.380799,1.205266,10.947841,0.000000,223
2585,107074615820695,13.330741,4.171401,0.992625,9.153254,0.000000,223
2586,107074629151436,13.334671,1.053331,0.990157,12.274749,0.000000,223
2587,107074642486107,13.333166,1.866185,0.897767,11.461480,0.000000,223
2588,107074655819273,13.335457,1.848702,1.108434,11.480523,0.000000,223
2589,107074669154730,13.330994,1.207530,1.196827,12.116882,0.000000,223
2590,107074682485724,13.332985,1.495940,1.232158,11.832074,0.000000,223
2591,107074695818709,13.336513,1.259954,1.027377,12.070154,0.000000,223
2592,107074709155222,13.332138,1.075443,0.965768,12.251280,0.000000,223
2593,107074722487360,13.331200,4.116674,0.918926,9.209946,0.000000,223
2594,107074735818560,13.338643,1.574142,0.947532,11.758400,0.000000,223
2595,107074749157203,13.330733,1.664479,0.985243,11.660292,0.000000,223
2596,107074762487936,13.330942,1.532920,1.347960,11.792688,0.000000,223
2597,107074775818878,13.336892,1.362377,0.905503,11.968559,0.000000,223
2598,107074789155770,13.330320,1.239698,1.023626,12.083704,0.000000,223
2599,107074802486090,13.335721,1.296197,0.986950,12.033845,0.000000,223
2600,107074815821811,13.334860,1.108532,0.980074,12.220030,0.000000,223
2601,107074829156671,13.329921,3.988040,1.013720,9.336222,0.000000,223
2602,107074842486592,13.335740,1.681131,0.892360,11.648973,0.000000,223
2603,107074855822332,13.335491,1.934481,1.203140,11.393641,0.000000,223
2604,107074869157823,13.329358,1.042617,0.961774,12.280012,0.000000,223
2605,107074882487181,13.335628,1.157172,0.989209,12.172809,0.000000,223
2606,107074895822809,13.334082,1.219517,1.022599,12.107329,0.000000,223
2607,107074909156891,13.331037,1.049997,0.945288,12.274080,0.000000,223
2608,107074922487928,13.333649,1.041079,0.894700,12.285668,0.000000,223
2609,107074935821577,13.340255,3.927831,1.853862,9.405015,0.000000,223
2610,107074949161832,13.328157,1.201495,0.802604,12.119416,0.000000,223
2611,107074962489989,13.332809,1.653105,0.820927,11.672759,0.000000,223
2612,107074975822798,13.337515,1.245543,0.899146,12.084608,0.000000,223
2613,107074989160313,13.331621,1.204330,0.949680,12.118752,0.000000,223
2614,107075002491934,13.332681,1.365628,0.903842,11.959842,0.000000,223
2615,107075015824615,13.332897,1.253659,0.909568,12.072924,0.000000,223
2616,107075029157512,13.331789,1.118699,1.217967,12.205952,0.000000,223
2617,107075042489301,13.333261,3.690475,0.852438,9.636570,0.000000,223
2618,107075055822562,13.334658,1.177354,0.821075,12.151448,0.000000,223
2619,107075069157220,13.333640,1.512854,0.888893,11.814574,0.000000,223
2620,107075082490860,13.332796,1.459651,1.002724,11.866549,0.000000,223
2621,107075095823656,13.332357,1.343471,1.087215,11.982266,0.000000,223
2622,107075109156013,13.334903,1.112101,0.937149,12.216842,0.000000,223
2623,107075122490916,13.330652,1.280541,1.401717,12.044495,0.000000,223
2624,107075135821568,13.335128,1.180756,0.926082,12.147494,0.000000,223
2625,107075149156696,13.334871,3.454999,0.918514,9.874977,0.000000,223
2626,107075162491567,13.329985,1.570102,0.936280,11.754666,0.000000,223
2627,107075175821552,13.335700,1.439662,0.859670,11.890222,0.000000,223
2628,107075189157252,13.335227,1.047937,0.909458,12.280807,0.000000,223
2629,107075202492479,13.331745,1.192372,0.928377,12.133523,0.000000,223
2630,107075215824224,13.333814,1.209058,1.011348,12.118400,0.000000,223
2631,107075229158038,13.335426,1.147489,0.979298,12.180269,0.000000,223
2632,107075242493464,13.328661,1.258732,0.883669,12.062961,0.000000,223
2633,107075255822125,13.333174,3.683057,0.907997,9.645421,0.000000,223
2634,107075269155299,13.337020,1.319405,0.957148,12.012059,0.000000,223
2635,107075282492319,13.331101,1.557100,0.922252,11.767778,0.000000,223
2636,107075295823420,13.332388,1.075239,0.792590,12.252086,0.000000,223
2637,107075309155808,13.338332,1.062515,0.984176,12.269469,0.000000,223
2638,107075322494140,13.330058,1.448794,1.022015,11.874395,0.000000,223
2639,107075335824198,13.333278,2.250741,0.935092,11.076898,0.000000,223
2640,107075349157476,13.334429,1.025996,1.344957,12.302104,0.000000,223
2641,107075362491905,13.336197,3.820696,1.007646,9.507479,0.000000,223
2642,107075375828102,13.330060,2.015120,0.963216,11.308140,0.000000,223
2643,107075389158162,13.332302,2.469287,1.009969,10.858131,0.000000,223
2644,107075402490464,13.334567,2.274376,0.989103,11.054213,0.000000,223
2645,107075415825031,13.331630,2.318292,0.776133,11.007950,0.000000,223
2646,107075429156661,13.336687,1.050991,0.900943,12.279867,0.000000,223
2647,107075442493348,13.335028,2.278305,0.972562,11.048713,0.000000,223
2648,107075455828376,13.333250,1.246122,1.020452,12.080117,0.000000,224
2649,107075469161626,13.329437,3.742206,0.926001,9.579969,0.000000,224
2650,107075482491063,13.334218,1.084513,1.645466,12.244221,0.000000,224
2651,107075495825281,13.331362,1.950598,0.820737,11.375366,0.000000,224
2652,107075509156643,13.334885,0.954035,0.841410,12.375339,0.000000,224
2653,107075522491528,13.334619,1.109343,1.399129,12.219594,0.000000,224
2654,107075535826147,13.332756,1.200842,0.890576,12.125847,0.000000,224
2655,107075549158903,13.332929,1.112554,0.910450,12.214362,0.000000,224
2656,107075562491832,13.335637,1.188097,0.980236,12.140944,0.000000,224
2657,107075575827469,13.330451,3.744251,0.943054,9.579797,0.000000,224
2658,107075589157920,13.333805,0.941422,0.879482,12.386798,0.000000,224
2659,107075602491725,13.338094,1.375764,0.910690,11.956065,0.000000,224
2660,107075615829819,13.327910,1.202309,0.885921,12.118788,0.000000,224
2661,107075629157729,13.334824,1.410287,0.883088,11.918657,0.000000,224
2662,107075642492553,13.334961,1.215986,0.967994,12.111919,0.000000,224
2663,107075655827514,13.333915,1.603639,1.193784,11.723174,0.000000,224
2664,107075669161429,13.331876,1.095351,0.959853,12.230346,0.000000,224
2665,107075682493305,13.330540,4.188198,0.848267,9.136455,0.000000,224
2666,107075695823845,13.339402,0.993970,1.019432,12.339299,0.000000,224
2667,107075709163247,13.331729,1.474955,0.932639,11.849172,0.000000,224
2668,107075722494976,13.331102,1.248180,0.877050,12.076161,0.000000,224
2669,107075735826078,13.336723,1.173911,0.867238,12.157035,0.000000,224
2670,107075749162801,13.330181,1.164572,0.892745,12.157900,0.000000,224
2671,107075762492982,13.333323,1.362342,0.788890,11.964240,0.000000,224
2672,107075775826305,13.336406,1.179186,1.000926,12.150292,0.000000,224
2673,107075789162711,13.330127,4.952879,2.083118,8.368955,0.000000,224
2674,107075802492838,13.333968,1.441972,0.798394,11.885399,0.000000,224
2675,107075815826806,13.346013,1.489551,0.799246,11.846749,0.000000,224
2676,107075829172819,13.322200,1.227296,1.415639,12.085345,0.000000,224
2677,107075842495019,13.331014,1.188310,0.801886,12.136490,0.000000,224
2678,107075855826033,13.335935,1.061279,0.816956,12.268593,0.000000,224
2679,107075869161968,13.331693,1.042674,0.857918,12.282872,0.000000,224
2680,107075882493661,13.335141,1.127617,0.924403,12.202434,0.000000,224
2681,107075895828802,13.332076,4.748906,0.949816,8.576709,0.000000,224
2682,107075909160878,13.334728,1.241913,0.966274,12.086890,0.000000,224
2683,107075922495606,13.332070,1.279427,0.890919,12.047302,0.000000,224
2684,107075935827676,13.336700,1.039640,0.861934,12.290951,0.000000,224
2685,107075949164376,13.331011,0.992081,0.842419,12.331837,0.000000,224
2686,107075962495387,13.333284,1.039927,0.883099,12.285848,0.000000,224
2687,107075975828671,13.334744,1.062769,1.374461,12.265761,0.000000,224
2688,107075989163415,13.331273,1.002908,1.016709,12.321819,0.000000,224
2689,107076002494688,13.332372,4.040638,0.843546,9.286183,0.000000,224
2690,107076015827060,13.337875,1.150783,0.861433,12.181069,0.000000,224
2691,107076029164935,13.329520,1.421629,0.883866,11.900548,0.000000,224
2692,107076042494455,13.334511,1.141428,0.903338,12.185851,0.000000,224
2693,107076055828966,13.333385,1.039034,0.859919,12.288360,0.000000,224
2694,107076069162351,13.335858,0.945561,0.904553,12.383982,0.000000,224
2695,107076082498209,13.331394,1.156417,0.825101,12.168578,0.000000,224
2696,107076095829603,13.331627,1.102436,0.873887,12.222946,0.000000,224
2697,107076109161230,13.336677,3.560794,0.721777,9.768539,0.000000,224
2698,107076122497907,13.331606,1.343677,0.830536,11.981414,0.000000,224
2699,107076135829513,13.335520,1.314670,0.752319,12.012358,0.000000,224
2700,107076149165033,13.334749,1.009017,0.864538,12.318853,0.000000,224
2701,107076162499782,13.330072,1.112407,0.802667,12.210461,0.000000,224
2702,107076175829854,13.335113,1.061990,0.706710,12.265432,0.000000,224
2703,107076189164967,13.333806,1.019755,0.748291,12.307215,0.000000,224
2704,107076202498773,13.330195,1.201030,0.994343,12.121790,0.000000,224
2705,107076215828968,13.332653,3.836624,0.801680,9.489860,0.000000,224
2706,107076229161621,13.334194,0.965478,0.855922,12.362989,0.000000,224
2707,107076242495815,13.336717,1.320033,0.763698,12.010212,0.000000,224
2708,107076255832532,13.330567,1.098454,0.845623,12.225905,0.000000,224
2709,107076269163099,13.338138,0.961396,0.779333,12.369882,0.000000,224
2710,107076282501237,13.330148,1.115557,0.806445,12.205201,0.000000,224
2711,107076295831385,13.332745,1.049987,0.735847,12.276953,0.000000,224
2712,107076309164130,13.335268,0.986028,0.972321,12.343032,0.000000,224
2713,107076322499398,13.330848,3.898577,0.865545,9.424446,0.000000,224
2714,107076335830246,13.333576,1.126214,0.723835,12.202014,0.000000,224
2715,107076349163822,13.334334,1.252063,0.787771,12.076037,0.000000,224
2716,107076362498156,13.332529,1.087303,0.823522,12.238414,0.000000,224
2717,107076375830685,13.333901,1.037081,0.806172,12.291412,0.000000,224
2718,107076389164586,13.333041,0.971872,0.786712,12.354600,0.000000,224
2719,107076402497627,13.335578,1.112980,0.736999,12.215973,0.000000,224
2720,107076415833205,13.331174,1.089740,0.798459,12.235070,0.000000,224
2721,107076429164379,13.332637,3.587385,0.764002,9.739136,0.000000,224
2722,107076442497016,13.335789,1.074791,0.760981,12.255594,0.000000,224
2723,107076455832805,13.334068,1.369977,0.714480,11.956872,0.000000,224
2724,107076469166873,13.332905,1.006908,0.755259,12.319222,0.000000,224
2725,107076482499778,13.333543,1.056286,0.811203,12.269567,0.000000,224
2726,107076495833321,13.331617,1.107596,0.765546,12.217207,0.000000,224
2727,107076509164938,13.333143,0.960220,0.722485,12.366321,0.000000,224
2728,107076522498081,13.335847,1.075461,0.860630,12.253742,0.000000,225
2729,107076535833928,13.331036,3.643645,0.699613,9.680161,0.000000,225
2730,107076549164964,13.334032,0.953654,0.645441,12.374304,0.000000,225
2731,107076562498996,13.334081,1.886076,0.647150,11.441418,0.000000,225
2732,107076575833077,13.331694,1.106153,0.706829,12.219152,0.000000,225
2733,107076589164771,13.333452,0.946210,0.617782,12.381814,0.000000,225
2734,107076602498223,13.336157,1.081364,1.131808,12.247767,0.000000,225
2735,107076615834380,13.330302,1.069875,0.624422,12.253574,0.000000,225
2736,107076629164682,13.334046,0.981534,0.634956,12.346827,0.000000,225
2737,107076642498728,13.335782,4.038751,0.812600,9.290706,0.000000,225
2738,107076655834510,13.330593,1.127514,0.737926,12.194998,0.000000,225
2739,107076669165103,13.334090,1.140735,1.038311,12.187479,0.000000,225
2740,107076682499193,13.334362,1.103592,0.734195,12.224145,0.000000,225
2741,107076695833555,13.333212,1.131156,0.694633,12.193806,0.000000,225
2742,107076709166767,13.332426,0.904548,0.663019,12.421055,0.000000,225
2743,107076722499193,13.335669,1.068088,0.761329,12.260960,0.000000,225
2744,107076735834862,13.330806,1.049412,0.851605,12.274841,0.000000,225
2745,107076749165668,13.337698,3.481338,0.800507,9.849249,0.000000,225
2746,107076762503366,13.329917,0.984181,0.736979,12.339547,0.000000,225
2747,107076775833283,13.335009,1.418445,0.748420,11.910134,0.000000,225
2748,107076789168292,13.331554,0.963736,0.885170,12.359835,0.000000,225
2749,107076802499846,13.334920,1.054243,0.803806,12.273964,0.000000,225
2750,107076815834766,13.335272,1.150395,0.881929,12.177088,0.000000,225
2751,107076829170038,13.330031,1.359378,0.550116,11.960957,0.000000,225
2752,107076842500069,13.333659,1.503066,0.780096,11.823851,0.000000,225
2753,107076855833728,13.335239,4.146544,1.078462,9.182542,0.000000,225
2754,107076869168967,13.331490,1.681840,0.708119,11.640589,0.000000,225
2755,107076882500457,13.332377,1.791780,0.672859,11.534836,0.000000,225
2756,107076895832834,13.335622,1.185779,0.653220,12.142995,0.000000,225
2757,107076909168456,13.331134,1.334794,0.662850,11.989972,0.000000,225
2758,107076922499590,13.333705,1.167920,0.624959,12.158280,0.000000,225
2759,107076935833295,13.335367,1.246801,0.529383,12.080870,0.000000,225
2760,107076949168662,13.331437,1.108874,0.741742,12.215829,0.000000,225
2761,107076962500099,13.331671,4.774326,0.660254,8.550330,0.000000,225
2762,107076975831770,13.336957,1.298054,0.699030,12.033198,0.000000,225
2763,107076989168727,13.332249,1.233808,1.080968,12.092012,0.000000,225
2764,107077002500976,13.332791,1.021750,0.647966,12.304747,0.000000,225
2765,107077015833767,13.335343,1.107645,0.586809,12.221739,0.000000,225
2766,107077029169110,13.333606,0.990392,0.659367,12.336559,0.000000,225
2767,107077042502716,13.331653,1.061530,0.705712,12.261776,0.000000,225
2768,107077055834369,13.335324,1.139582,0.655497,12.189665,0.000000,225
2769,107077069169693,13.330236,4.519777,0.638585,8.804625,0.000000,225
2770,107077082499929,13.333263,1.119774,0.572396,12.208057,0.000000,225
2771,107077095833192,13.333127,1.213696,0.571247,12.113389,0.000000,225
2772,107077109166319,13.336260,0.872851,0.519662,12.457775,0.000000,225
2773,107077122502579,13.332277,1.042022,0.517893,12.284196,0.000000,225
2774,107077135834856,13.333416,0.986007,0.619090,12.341121,0.000000,225
2775,107077149168272,13.335052,0.893705,0.627820,12.434551,0.000000,225
2776,107077162503324,13.331737,1.029448,0.655027,12.295850,0.000000,225
2777,107077175835061,13.332758,3.603759,0.411946,9.723690,0.000000,225
2778,107077189167819,13.335080,0.846863,0.598919,12.482355,0.000000,225
2779,107077202502899,13.331881,1.235104,0.518923,12.090431,0.000000,225
2780,107077215834780,13.331785,1.002260,0.516165,12.323652,0.000000,225
2781,107077229166565,13.336627,0.823800,0.600061,12.506988,0.000000,225
2782,107077242503192,13.332651,0.940202,0.576362,12.386328,0.000000,225
2783,107077255835843,13.330998,0.982953,0.519277,12.340631,0.000000,225
2784,107077269166841,13.336634,0.832564,0.590113,12.498373,0.000000,225
2785,107077282503475,13.331247,3.599621,1.098185,9.725223,0.000000,225
2786,107077295834722,13.332726,0.960343,0.427591,12.367444,0.000000,225
2787,107077309167448,13.336307,1.087199,0.470167,12.243135,0.000000,225
2788,107077322503755,13.330827,1.073468,0.585346,12.251575,0.000000,225
2789,107077335834582,13.334414,0.873896,0.401050,12.455327,0.000000,225
2790,107077349168996,13.335082,0.859091,0.427873,12.469716,0.000000,225
2791,107077362504078,13.330320,1.171861,0.423495,12.152252,0.000000,225
2792,107077375834398,13.335331,0.921985,0.404565,12.408279,0.000000,225
2793,107077389169729,13.331612,3.440985,0.377614,9.884418,0.000000,225
2794,107077402501341,13.337120,0.956540,0.339873,12.374401,0.000000,225
2795,107077415838461,13.330344,1.362533,0.309063,11.960778,0.000000,225
2796,107077429168805,13.334520,0.824552,0.394587,12.503839,0.000000,225
2797,107077442503325,13.335128,0.912451,0.409208,12.415598,0.000000,225
2798,107077455838453,13.333298,1.031522,0.387645,12.293755,0.000000,225
2799,107077469171751,13.330627,0.863490,0.296353,12.459809,0.000000,225
2800,107077482502378,13.335757,0.855858,0.382550,12.473502,0.000000,225
2801,107077495838135,13.330354,3.369668,0.277265,9.953989,0.000000,225
2802,107077509168489,13.333667,0.773640,0.357868,12.555337,0.000000,225
2803,107077522502156,13.335307,1.090950,0.400834,12.238151,0.000000,225
2804,107077535837463,13.331806,0.920833,0.390145,12.404686,0.000000,225
2805,107077549169269,13.332762,0.805518,0.422760,12.522191,0.000000,225
2806,107077562502031,13.336784,0.924651,0.454969,12.405698,0.000000,225
2807,107077575838815,13.332276,1.093130,0.379438,12.231845,0.000000,225
2808,107077589171091,13.335740,0.850001,0.378826,12.479701,0.000000,226
2809,107077602506831,13.331531,3.433464,0.389798,9.890754,0.000000,226
2810,107077615838362,13.332699,0.946847,0.464290,12.379146,0.000000,226
2811,107077629171061,13.331563,1.847136,0.402126,11.478611,0.000000,226
2812,107077642502624,13.337727,0.971269,0.395418,12.359668,0.000000,226
2813,107077655840351,13.332277,1.102026,0.424153,12.222203,0.000000,226
2814,107077669172628,13.333678,0.942071,0.390871,12.384093,0.000000,226
2815,107077682506306,13.332849,1.106948,0.419230,12.217579,0.000000,226
2816,107077695839155,13.332403,1.096237,0.893070,12.228754,0.000000,226
2817,107077709171558,13.334520,3.727852,0.764141,9.598194,0.000000,226
2818,107077722506078,13.334452,1.216617,0.653484,12.107176,0.000000,226
2819,107077735840530,13.330656,1.507103,0.818427,11.813105,0.000000,226
2820,107077749171186,13.333505,1.009786,0.837422,12.314061,0.000000,226
2821,107077762504691,13.336737,1.061955,0.775060,12.266248,0.000000,226
2822,107077775841428,13.329627,1.216958,0.327213,12.102616,0.000000,226
2823,107077789171055,13.334581,0.981773,0.385305,12.344196,0.000000,226
2824,107077802505636,13.336204,0.952817,0.420585,12.375342,0.000000,226
2825,107077815841840,13.330651,3.477461,0.357971,9.845484,0.000000,226
2826,107077829172491,13.333574,0.858902,0.364988,12.468936,0.000000,226
2827,107077842506065,13.334486,1.168534,0.352169,12.157942,0.000000,226
2828,107077855840551,13.333362,0.942941,0.369151,12.382204,0.000000,226
2829,107077869173913,13.332773,0.831539,0.363930,12.493505,0.000000,226
2830,107077882506686,13.335280,0.944746,0.368926,12.383653,0.000000,226
2831,107077895841966,13.331120,1.003018,0.396588,12.320676,0.000000,226
2832,107077909173086,13.334686,0.831262,0.380737,12.497017,0.000000,226
2833,107077922507772,13.330459,3.335950,0.376309,9.988095,0.000000,226
2834,107077935838231,13.335650,0.878387,0.383363,12.451368,0.000000,226
2835,107077949173881,13.333202,1.203247,0.389349,12.122369,0.000000,226
2836,107077962507083,13.332694,1.080409,0.268780,12.244744,0.000000,226
2837,107077975839777,13.334955,1.001063,0.276504,12.327711,0.000000,226
2838,107077989174732,13.333769,0.880472,0.271444,12.445380,0.000000,226
2839,107078002508501,13.332100,0.965877,0.273040,12.359192,0.000000,226
2840,107078015840601,13.334300,0.925785,0.269409,12.402569,0.000000,226
2841,107078029174901,13.333385,3.411575,0.265957,9.913016,0.000000,226
2842,107078042508286,13.332682,0.981884,0.319430,12.344181,0.000000,226
2843,107078055840968,13.334047,1.274117,0.262239,12.052466,0.000000,226
2844,107078069175015,13.332290,0.937917,0.263991,12.386662,0.000000,226
2845,107078082507305,13.331458,0.918923,0.242785,12.405577,0.000000,226
2846,107078095838763,13.336406,1.025567,0.270133,12.304615,0.000000,226
2847,107078109175169,13.332774,0.931109,0.245347,12.394640,0.000000,226
2848,107078122507943,13.333628,0.928629,0.236829,12.397935,0.000000,226
2849,107078135841571,13.338717,3.291231,0.249150,10.038887,0.000000,226
2850,107078149180288,13.328327,0.927493,0.255862,12.392991,0.000000,226
2851,107078162508615,13.332934,3.121483,0.230484,10.204294,0.000000,226
2852,107078175841549,13.334095,0.921871,0.232748,12.404915,0.000000,226
2853,107078189175644,13.333421,0.818034,0.232692,12.508461,0.000000,226
2854,107078202509065,13.333360,1.006985,0.242739,12.317727,0.000000,226
2855,107078215842425,13.335407,1.050824,0.331986,12.275731,0.000000,226
2856,107078229177832,13.331283,0.889461,0.254239,12.434130,0.000000,226
2857,107078242509115,13.333162,3.354175,0.263757,9.971648,0.000000,226
2858,107078255842277,13.332570,1.067216,0.357561,12.257275,0.000000,226
2859,107078269174847,13.335319,1.145334,0.245076,12.183021,0.000000,226
2860,107078282510166,13.332949,0.963562,0.216464,12.362005,0.000000,226
2861,107078295843115,13.331272,0.971657,0.273186,12.352474,0.000000,226
2862,107078309174387,13.335770,0.792488,0.319381,12.536220,0.000000,226
2863,107078322510157,13.332623,0.988615,0.294253,12.337415,0.000000,226
2864,107078335842780,13.332136,1.052304,0.279449,12.272557,0.000000,226
2865,107078349174916,13.338798,3.598702,0.311062,9.730523,0.000000,226
2866,107078362513714,13.329052,1.232177,0.221011,12.087204,0.000000,226
2867,107078375842766,13.331692,1.156934,0.179643,12.167467,0.000000,226
2868,107078389174458,13.336077,0.991261,0.231523,12.337937,0.000000,226
2869,107078402510535,13.333128,1.135498,0.241027,12.189035,0.000000,226
2870,107078415843663,13.333692,1.060029,0.238833,12.265757,0.000000,226
2871,107078429177355,13.332156,0.924013,0.279219,12.400320,0.000000,226
2872,107078442509511,13.334706,0.957343,0.361113,12.369551,0.000000,226
2873,107078455844217,13.333906,3.268796,0.286153,10.057143,0.000000,226
2874,107078469178123,13.332440,0.993048,0.279856,12.331105,0.000000,226
2875,107078482510563,13.331897,1.074735,0.261998,12.249989,0.000000,226
2876,107078495842460,13.333791,0.816936,0.280229,12.509793,0.000000,226
2877,107078509176251,13.333715,0.738169,0.276842,12.588017,0.000000,226
2878,107078522509966,13.334535,0.816825,0.200313,12.509656,0.000000,226
2879,107078535844501,13.332495,0.935069,0.193181,12.390680,0.000000,226
2880,107078549176996,13.334478,0.865791,0.198727,12.459647,0.000000,226
2881,107078562511474,13.332616,3.740102,0.190961,9.584545,0.000000,226
2882,107078575844090,13.333452,0.972518,0.197470,12.352736,0.000000,226
2883,107078589177542,13.334346,1.146789,0.220554,12.179193,0.000000,226
2884,107078602511888,13.333355,1.144302,0.189246,12.180167,0.000000,226
2885,107078615845243,13.331059,0.971808,0.234532,12.351067,0.000000,226
2886,107078629176302,13.331839,0.666290,0.258967,12.659519,0.000000,226
2887,107078642508141,13.336643,0.778828,0.256989,12.550858,0.000000,226
2888,107078655844784,13.330530,0.817212,0.244860,12.506987,0.000000,227
2889,107078669175314,13.333975,3.063942,0.249146,10.264716,0.000000,227
2890,107078682509289,13.335737,0.774683,0.285009,12.554843,0.000000,227
2891,107078695845026,13.329984,2.040491,0.272025,11.283053,0.000000,227
2892,107078709175010,13.334308,0.771910,0.286829,12.556396,0.000000,227
2893,107078722509318,13.336915,0.783477,0.269511,12.544757,0.000000,227
2894,107078735846233,13.330504,0.925984,0.239664,12.397191,0.000000,227
2895,107078749176737,13.330721,0.767039,0.245673,12.557201,0.000000,227
2896,107078762507458,13.338698,0.855634,0.209326,12.476415,0.000000,227
2897,107078775846156,13.332249,3.650141,0.209923,9.674442,0.000000,227
2898,107078789178405,13.330483,0.807027,0.188043,12.517473,0.000000,227
2899,107078802508888,13.333381,1.147664,0.178933,12.179861,0.000000,227
2900,107078815842269,13.341559,0.826323,0.281519,12.505326,0.000000,227
2901,107078829183828,13.326928,0.939043,0.258920,12.379545,0.000000,227
2902,107078842510756,13.334571,0.740685,0.266256,12.587435,0.000000,227
2903,107078855845327,13.334461,0.944920,0.268069,12.380883,0.000000,227
2904,107078869179788,13.331113,0.854454,0.266976,12.469483,0.000000,227
2905,107078882510901,13.332993,3.604243,0.252957,9.722242,0.000000,227
2906,107078895843894,13.335393,0.746283,0.288710,12.582947,0.000000,227
2907,107078909179287,13.330316,1.105299,0.258497,12.218345,0.000000,227
2908,107078922509603,13.335394,0.875082,0.189406,12.453562,0.000000,227
2909,107078935844997,13.338943,0.836719,0.250373,12.494680,0.000000,227
2910,107078949183940,13.325593,0.766618,0.228215,12.553105,0.000000,227
2911,107078962509533,13.335725,0.712081,0.159951,12.618085,0.000000,227
2912,107078975845258,13.334358,0.822938,0.182027,12.505163,0.000000,227
2913,107078989179616,13.332108,3.121250,0.157053,10.203569,0.000000,227
2914,107079002511724,13.331983,0.772572,0.121388,12.553700,0.000000,227
2915,107079015843707,13.342410,0.975008,0.139127,12.359025,0.000000,227
2916,107079029186117,13.324721,0.788360,0.148263,12.527289,0.000000,227
2917,107079042510838,13.333772,0.746238,0.135184,12.581323,0.000000,227
2918,107079055844610,13.335565,0.760612,0.243950,12.568028,0.000000,227
2919,107079069180175,13.331639,0.887145,0.259247,12.437055,0.000000,227
2920,107079082511814,13.332519,0.756934,0.248460,12.569955,0.000000,227
2921,107079095844333,13.337422,3.168405,0.267339,10.161903,0.000000,227
2922,107079109181755,13.330609,0.879506,0.242404,12.443383,0.000000,227
2923,107079122512364,13.331818,0.996653,0.231297,12.330059,0.000000,227
2924,107079135844182,13.335270,0.718587,0.246562,12.610557,0.000000,227
2925,107079149179452,13.335602,0.701017,0.308840,12.627453,0.000000,227
2926,107079162515054,13.330069,1.048148,0.243657,12.274985,0.000000,227
2927,107079175845123,13.336219,0.768936,0.272556,12.560272,0.000000,227
2928,107079189181342,13.338261,0.898933,0.244808,12.428741,0.000000,227
2929,107079202519603,13.325951,3.316266,0.258237,9.999474,0.000000,227
2930,107079215845554,13.334753,0.741609,0.275265,12.587504,0.000000,227
2931,107079229180307,13.335347,0.927313,0.250269,12.401247,0.000000,227
2932,107079242515654,13.331221,0.928587,0.260488,12.395604,0.000000,227
2933,107079255846875,13.334205,0.746458,0.255740,12.582028,0.000000,227
2934,107079269181080,13.344257,0.699659,0.259477,12.632014,0.000000,227
2935,107079282525337,13.321234,0.959586,0.249542,12.351613,0.000000,227
2936,107079295846571,13.334503,0.721339,0.186903,12.606497,0.000000,227
2937,107079309181074,13.339940,3.286480,0.179496,10.043718,0.000000,227
2938,107079322521014,13.325441,0.933926,0.223965,12.383542,0.000000,227
2939,107079335846455,13.333157,0.955514,0.215275,12.370032,0.000000,227
2940,107079349179612,13.342823,0.613906,0.251247,12.718780,0.000000,227
2941,107079362522435,13.325338,0.974592,0.236918,12.339730,0.000000,227
2942,107079375847773,13.332172,0.746980,0.233021,12.579524,0.000000,227
2943,107079389179945,13.338112,0.636983,0.312315,12.694637,0.000000,227
2944,107079402518057,13.333117,0.956135,0.254193,12.369506,0.000000,227
2945,107079415851174,13.330047,3.237619,0.217881,10.085424,0.000000,227
2946,107079429181221,13.336225,0.661879,0.279540,12.667659,0.000000,227
2947,107079442517446,13.332537,1.510125,0.244942,11.812974,0.000000,227
2948,107079455849983,13.334710,0.962950,0.262848,12.363237,0.000000,227
2949,107079469184693,13.330376,1.160271,0.254596,12.161043,0.000000,227
2950,107079482515069,13.343950,0.886698,0.247800,12.443763,0.000000,227
2951,107079495859019,13.323002,1.074147,0.180560,12.237450,0.000000,227
2952,107079509182021,13.334628,0.680038,0.246455,12.648137,0.000000,227
2953,107079522516649,13.335456,3.207414,0.253992,10.120106,0.000000,227
2954,107079535852105,13.329814,0.910991,0.236902,12.412240,0.000000,227
2955,107079549181919,13.335124,0.875790,0.255851,12.453531,0.000000,227
2956,107079562517043,13.332674,0.795319,0.319790,12.530834,0.000000,227
2957,107079575849717,13.331308,1.138078,0.239706,12.187580,0.000000,227
2958,107079589181025,13.334929,0.792467,0.258973,12.535787,0.000000,227
2959,107079602515954,13.336112,0.985515,0.274289,12.342309,0.000000,227
2960,107079615852066,13.339394,0.972275,0.244616,12.356539,0.000000,227
2961,107079629191460,13.325321,3.569436,0.244788,9.746543,0.000000,227
2962,107079642516781,13.335407,1.053267,0.290479,12.274403,0.000000,227
2963,107079655852188,13.329679,1.178819,0.202881,12.144111,0.000000,227
2964,107079669181867,13.333477,0.750849,0.183766,12.576691,0.000000,227
2965,107079682515344,13.336246,0.835489,0.186752,12.494259,0.000000,227
2966,107079695851590,13.332256,0.882571,0.167554,12.442116,0.000000,227
2967,107079709183846,13.332146,0.716360,0.160614,12.610059,0.000000,227
2968,107079722515992,13.342035,0.742649,0.156965,12.589860,0.000000,227
2969,107079735858027,13.324637,3.249216,0.135604,10.067871,0.000000,227
2970,107079749182664,13.333087,0.618583,0.145830,12.709421,0.000000,227
2971,107079762515751,13.335162,0.932758,0.196821,12.396692,0.000000,227
2972,107079775850913,13.331516,0.988169,0.199519,12.337379,0.000000,227
2973,107079789182429,13.332808,0.624365,0.224411,12.703315,0.000000,227
2974,107079802515237,13.334176,0.676157,0.227156,12.652313,0.000000,227
2975,107079815849413,13.336631,0.769328,0.343758,12.561409,0.000000,227
2976,107079829186044,13.330638,1.102958,0.246499,12.219785,0.000000,228
2977,107079842516682,13.333430,3.584811,0.238734,9.741305,0.000000,228
2978,107079855850112,13.376942,0.845225,0.261226,12.523754,0.000000,228
2979,107079869227054,13.329057,1.839850,0.239011,11.481583,0.000000,228
2980,107079882556111,13.331928,0.683128,0.233096,12.643472,0.000000,228
2981,107079895888039,13.336657,0.686915,0.224749,12.643650,0.000000,228
2982,107079909224696,13.331751,0.717875,0.289910,12.606766,0.000000,228
2983,107079922556447,13.332035,0.923891,0.300360,12.403146,0.000000,228
2984,107079935888482,13.337204,0.833801,0.339806,12.497435,0.000000,228
2985,107079949225686,13.332670,3.329743,0.229820,9.994502,0.000000,228
2986,107079962558356,13.332463,0.870830,0.245030,12.454990,0.000000,228
2987,107079975890819,13.336715,1.054281,0.244650,12.275869,0.000000,228
2988,107079989227534,13.329595,0.863888,0.172212,12.458552,0.000000,228
2989,107080002557129,13.331834,0.728869,0.225779,12.598019,0.000000,228
2990,107080015888963,13.338954,0.715946,0.191143,12.615644,0.000000,228
2991,107080029227917,13.329344,0.873693,0.231829,12.448515,0.000000,228
2992,107080042557261,13.332539,0.777786,0.235468,12.549233,0.000000,228
2993,107080055889800,13.336283,3.123203,0.288868,10.206450,0.000000,228
2994,107080069226083,13.332289,0.877035,0.254714,12.448481,0.000000,228
2995,107080082558372,13.331671,1.046373,0.165387,12.278809,0.000000,228
2996,107080095890043,13.336390,0.726444,0.302138,12.603589,0.000000,228
2997,107080109226433,13.331628,0.838230,0.217764,12.485514,0.000000,228
2998,107080122558061,13.332843,0.725326,0.215161,12.601770,0.000000,228
2999,107080135890904,13.336362,0.728452,0.277778,12.601535,0.000000,228
3000,107080149227266,13.332126,0.862906,0.239122,12.463002,0.000000,228
3001,107080162559392,13.331318,3.154205,0.165058,10.171312,0.000000,228
3002,107080175890710,13.336560,0.725917,0.226335,12.604859,0.000000,228
3003,107080189227270,13.335593,0.870911,0.332964,12.457897,0.000000,228
3004,107080202562863,13.331205,0.942773,0.237969,12.381971,0.000000,228
3005,107080215894068,13.333958,0.772573,0.231830,12.555030,0.000000,228
3006,107080229228026,13.335725,0.622363,0.306688,12.706812,0.000000,228
3007,107080242563751,13.336282,1.012170,0.257212,12.313881,0.000000,228
3008,107080255900033,13.327106,0.921254,0.236203,12.398382,0.000000,228
3009,107080269227139,13.337977,3.501060,0.301625,9.829092,0.000000,228
3010,107080282565116,13.328526,1.046023,0.256079,12.275298,0.000000,228
3011,107080295893642,13.337389,1.144772,0.233127,12.184569,0.000000,228
3012,107080309231031,13.333152,0.801751,0.264547,12.522669,0.000000,228
3013,107080322564183,13.330338,1.075086,0.230505,12.246982,0.000000,228
3014,107080335894521,13.341827,0.884222,0.217124,12.450670,0.000000,228
3015,107080349236348,13.337436,0.653048,0.271236,12.675519,0.000000,228
3016,107080362573784,13.329382,0.879100,0.196700,12.441424,0.000000,228
3017,107080375903166,13.335925,3.137801,0.200666,10.192806,0.000000,228
3018,107080389239091,13.332231,0.639247,0.241500,12.687098,0.000000,228
3019,107080402571322,13.332433,1.105217,0.223454,12.220544,0.000000,228
3020,107080415903755,13.332844,0.793450,0.308823,12.533947,0.000000,228
3021,107080429236599,13.336058,0.814861,0.246490,12.515401,0.000000,228
3022,107080442572657,13.332369,0.924553,0.407988,12.400847,0.000000,228
3023,107080455905026,13.332257,1.050968,0.373439,12.274724,0.000000,228
3024,107080469237283,13.335176,1.017656,0.390367,12.310006,0.000000,228
3025,107080482572459,13.330888,3.840280,0.310585,9.481935,0.000000,228
3026,107080495903347,13.333403,0.944723,0.278745,12.382169,0.000000,228
3027,107080509236750,13.340169,1.125157,0.268060,12.204842,0.000000,228
3028,107080522576919,13.331306,0.914659,0.308604,12.406891,0.000000,228
3029,107080535908225,13.328485,0.913488,0.213905,12.408422,0.000000,228
3030,107080549236710,13.334482,0.719259,0.304371,12.609873,0.000000,228
3031,107080562571192,13.333934,1.010323,0.510212,12.317286,0.000000,228
3032,107080575905126,13.332397,0.836742,0.362602,12.489964,0.000000,228
3033,107080589237523,13.338451,3.163251,0.348910,10.165938,0.000000,228
3034,107080602575974,13.330984,0.895111,0.446501,12.429122,0.000000,228
3035,107080615906958,13.331321,1.162688,0.457546,12.162770,0.000000,228
3036,107080629238279,13.337608,0.855519,0.361628,12.474204,0.000000,228
3037,107080642575887,13.331067,0.859052,0.395561,12.463927,0.000000,228
3038,107080655906954,13.332103,0.820703,0.445010,12.504647,0.000000,228
3039,107080669239057,13.332524,0.870346,0.459440,12.456606,0.000000,228
3040,107080682571581,13.336289,0.925894,0.802518,12.402415,0.000000,228
3041,107080695907870,13.334082,3.730049,0.520573,9.596614,0.000000,228
3042,107080709241952,13.336653,1.114028,0.480384,12.213085,0.000000,228
3043,107080722578605,13.328685,1.456491,0.479342,11.863292,0.000000,228
3044,107080735907290,13.336169,1.012589,0.476767,12.314986,0.000000,228
3045,107080749243459,13.330554,0.992810,0.520978,12.330671,0.000000,228
3046,107080762574013,13.333370,1.189922,0.530129,12.136181,0.000000,228
3047,107080775907383,13.335703,1.141565,0.473319,12.186034,0.000000,228
3048,107080789243086,13.330988,1.152381,0.495208,12.170703,0.000000,228
3049,107080802574074,13.333794,3.780738,0.564718,9.545878,0.000000,228
3050,107080815907868,13.331807,1.248375,0.456995,12.075924,0.000000,228
3051,107080829239675,13.334084,1.477982,0.401908,11.848829,0.000000,228
3052,107080842573759,13.333731,1.301942,0.435669,12.024628,0.000000,228
3053,107080855907490,13.334669,1.250200,0.376945,12.076649,0.000000,228
3054,107080869242159,13.331957,1.080404,0.541285,12.242494,0.000000,228
3055,107080882574116,13.346050,1.329985,0.554516,12.001896,0.000000,228
3056,107080895920166,13.324197,1.174969,0.480403,12.136147,0.000000,228
3057,107080909244363,13.338530,3.756919,0.454888,9.566026,0.000000,228
3058,107080922582893,13.323829,1.227782,0.443758,12.085243,0.000000,228
3059,107080935906722,13.335095,1.511846,0.543973,11.815438,0.000000,228
3060,107080949241817,13.333186,1.094327,0.447525,12.229705,0.000000,228
3061,107080962575003,13.331828,1.504066,0.448416,11.819800,0.000000,228
3062,107080975906831,13.335939,1.180075,0.550860,12.148304,0.000000,228
3063,107080989242770,13.331154,1.118752,0.457178,12.204723,0.000000,229
3064,107081002573924,13.333202,1.192741,0.416250,12.134419,0.000000,229
3065,107081015907126,13.336636,3.700613,0.540699,9.628175,0.000000,229
3066,107081029243762,13.331100,1.010487,0.513437,12.311662,0.000000,229
3067,107081042574862,13.337707,1.488183,0.459198,11.839916,0.000000,229
3068,107081055912569,13.330062,1.022264,0.422433,12.299947,0.000000,229
3069,107081069242631,13.331154,1.028597,0.400957,12.294786,0.000000,229
3070,107081082573785,13.340228,1.071361,0.427762,12.259098,0.000000,229
3071,107081095914013,13.328294,1.226985,0.416505,12.092988,0.000000,229
3072,107081109242307,13.337900,0.989924,0.410379,12.335960,0.000000,229
3073,107081122580207,13.327466,3.490231,0.458577,9.828642,0.000000,229
3074,107081135907673,13.335225,1.031043,0.427131,12.297957,0.000000,229
3075,107081149242898,13.333267,1.206743,0.429609,12.120307,0.000000,229
3076,107081162576165,13.330889,1.184191,0.413596,12.139572,0.000000,229
3077,107081175907054,13.336287,0.859046,0.474646,12.470771,0.000000,229
3078,107081189243341,13.331664,0.834285,0.408951,12.490682,0.000000,229
3079,107081202575005,13.333011,0.871040,0.429996,12.456376,0.000000,229
3080,107081215908016,13.332999,0.914848,0.380639,12.412380,0.000000,229
3081,107081229241015,13.335424,3.124150,0.446830,10.205332,0.000000,229
3082,107081242576439,13.331241,0.955988,0.489363,12.368916,0.000000,229
3083,107081255907680,13.333860,1.428755,0.468910,11.899916,0.000000,229
3084,107081269241540,13.335711,0.924953,0.428901,12.405388,0.000000,229
3085,107081282577251,13.331812,0.940003,0.438789,12.384968,0.000000,229
3086,107081295909063,13.333165,1.067368,0.482919,12.260331,0.000000,229
3087,107081309242228,13.336373,0.900303,0.438381,12.429508,0.000000,229
3088,107081322578601,13.334642,1.002908,0.407489,12.321872,0.000000,229
3089,107081335913243,13.328812,3.313243,0.474119,10.009330,0.000000,229
3090,107081349242055,13.334293,0.844358,0.574125,12.484409,0.000000,229
3091,107081362576348,13.333344,1.209096,0.490754,12.118142,0.000000,229
3092,107081375909692,13.331409,0.957071,0.503245,12.369220,0.000000,229
3093,107081389241101,13.336045,0.911935,0.442306,12.418326,0.000000,229
3094,107081402577146,13.331277,1.029186,0.414854,12.295855,0.000000,229
3095,107081415908423,13.335391,0.829638,0.406014,12.499580,0.000000,229
3096,107081429243814,13.334167,0.911134,0.426462,12.417064,0.000000,229
3097,107081442577981,13.335415,3.346310,0.484043,9.981834,0.000000,229
3098,107081455913396,13.333192,1.088735,0.414327,12.236644,0.000000,229
3099,107081469246588,13.331863,1.072772,0.461587,12.253271,0.000000,229
3100,107081482578451,13.335122,0.996521,0.402339,12.331025,0.000000,229
3101,107081495913573,13.333487,1.071592,0.501133,12.254841,0.000000,229
3102,107081509247060,13.330714,0.873503,0.420848,12.450991,0.000000,229
3103,107081522577774,13.343084,0.892148,0.414115,12.439173,0.000000,229
3104,107081535920858,13.321920,1.035488,0.400953,12.278264,0.000000,229
3105,107081549242778,13.337810,3.313517,0.441656,10.014255,0.000000,229
3106,107081562580588,13.333300,0.955592,0.484034,12.369509,0.000000,229
3107,107081575913888,13.330718,1.466256,0.488593,11.856734,0.000000,229
3108,107081589244606,13.331836,1.085046,0.459377,12.239336,0.000000,229
3109,107081602576442,13.336820,0.998402,0.470596,12.330926,0.000000,229
3110,107081615913262,13.331709,1.106259,0.428781,12.216595,0.000000,229
3111,107081629244971,13.331809,0.951946,0.455227,12.373030,0.000000,229
3112,107081642576780,13.335378,1.077017,0.501337,12.250808,0.000000,229
3113,107081655912158,13.333797,3.504323,0.457058,9.822452,0.000000,229
3114,107081669245955,13.332705,0.802171,0.451382,12.524191,0.000000,229
3115,107081682578660,13.335488,1.375881,0.479895,11.950818,0.000000,229
3116,107081695914148,13.332736,1.180342,0.470035,12.143515,0.000000,229
3117,107081709246884,13.332210,0.937798,0.475301,12.385566,0.000000,229
3118,107081722579094,13.334776,1.132136,0.430190,12.195129,0.000000,229
3119,107081735913870,13.333172,1.096860,0.460272,12.227328,0.000000,229
3120,107081749247042,13.332316,0.994238,0.426267,12.329201,0.000000,229
3121,107081762579358,13.333464,3.672773,0.449950,9.652916,0.000000,229
3122,107081775912822,13.332458,1.083841,0.451794,12.241483,0.000000,229
3123,107081789245280,13.333652,1.283772,0.426262,12.043337,0.000000,229
3124,107081802578932,13.335233,1.082510,0.495257,12.245183,0.000000,229
3125,107081815914165,13.331345,1.100890,0.325024,12.222684,0.000000,229
3126,107081829245510,13.334658,0.967215,0.365806,12.359905,0.000000,229
3127,107081842580168,13.333815,1.097565,0.356988,12.228525,0.000000,229
3128,107081855913983,13.330806,1.098864,0.268142,12.224060,0.000000,229
3129,107081869244789,13.349408,3.593782,0.421110,9.748489,0.000000,229
3130,107081882594197,13.333173,1.070799,0.441188,12.253034,0.000000,229
3131,107081895927370,13.335427,1.399920,0.414804,11.927532,0.000000,229
3132,107081909262797,13.333732,0.972577,0.409665,12.353135,0.000000,229
3133,107081922596529,13.336953,1.079316,0.391196,12.247230,0.000000,229
3134,107081935933482,13.329826,1.100216,0.431109,12.220609,0.000000,229
3135,107081949263308,13.332561,1.029866,0.404136,12.293990,0.000000,229
3136,107081962595869,13.329537,1.071359,0.400927,12.250558,0.000000,229
3137,107081975925406,13.335890,3.604866,0.511886,9.724711,0.000000,229
3138,107081989261296,13.334776,0.989093,0.518620,12.338916,0.000000,229
3139,107082002596072,13.332078,1.238241,0.415211,12.087105,0.000000,229
3140,107082015928150,13.333550,0.908218,0.441873,12.419310,0.000000,229
3141,107082029261700,13.335065,0.884242,0.399082,12.443857,0.000000,229
3142,107082042596765,13.330917,0.911814,0.489996,12.412119,0.000000,229
3143,107082055927682,13.334508,1.081955,0.332979,12.246281,0.000000,229
3144,107082069262190,13.357289,1.106303,0.315016,12.242802,0.000000,230
3145,107082082619479,13.332156,3.799752,0.433100,9.524903,0.000000,230
3146,107082095951635,13.333587,0.981717,0.446203,12.345244,0.000000,230
3147,107082109285222,13.332035,2.021408,0.388243,11.303543,0.000000,230
3148,107082122617257,13.334378,1.055091,0.440069,12.271630,0.000000,230
3149,107082135951635,13.333509,0.989039,0.440756,12.337357,0.000000,230
3150,107082149285144,13.336495,0.896472,0.412203,12.431902,0.000000,230
3151,107082162621639,13.333002,1.049891,0.441365,12.275207,0.000000,230
3152,107082175954641,13.332972,1.062836,0.382025,12.262419,0.000000,230
3153,107082189287613,13.331114,3.820169,0.367378,9.504337,0.000000,230
3154,107082202618727,13.332542,1.085683,0.291696,12.239663,0.000000,230
3155,107082215951269,13.334152,1.356363,0.413908,11.971074,0.000000,230
3156,107082229285421,13.335782,0.864437,0.410418,12.462638,0.000000,230
3157,107082242621203,13.333101,1.046800,0.450338,12.278470,0.000000,230
3158,107082255954304,13.333330,1.530577,0.726524,11.795182,0.000000,230
3159,107082269287634,13.333675,0.933967,0.428563,12.392206,0.000000,230
3160,107082282621309,13.334556,1.115387,0.488401,12.210452,0.000000,230
3161,107082295955865,13.331543,4.023816,0.477728,9.300051,0.000000,230
3162,107082309287408,13.334685,1.058044,0.410264,12.269489,0.000000,230
3163,107082322622093,13.332722,1.311143,0.421354,12.014184,0.000000,230
3164,107082335954815,13.333380,1.203001,0.314018,12.122241,0.000000,230
3165,107082349288195,13.332681,0.871129,0.287248,12.455130,0.000000,230
3166,107082362620876,13.334537,0.967086,0.323869,12.360153,0.000000,230
3167,107082375955413,13.332537,1.006063,0.307778,12.318805,0.000000,230
3168,107082389287950,13.335137,0.933010,0.294652,12.394853,0.000000,230
3169,107082402623087,13.331916,3.872975,0.276505,9.450941,0.000000,230
3170,107082415955003,13.334788,0.951250,0.284279,12.376628,0.000000,230
3171,107082429289791,13.332083,1.205917,0.272170,12.117886,0.000000,230
3172,107082442621874,13.336312,0.947582,0.336800,12.380981,0.000000,230
3173,107082455958186,13.329834,1.120735,0.253068,12.198865,0.000000,230
3174,107082469288020,13.340771,0.819560,0.282455,12.511908,0.000000,230
3175,107082482628791,13.326254,1.853008,0.277779,11.465005,0.000000,230
3176,107082495955045,13.717522,1.250924,0.240583,12.460141,0.000000,230
3177,107082509672567,13.334693,3.575883,0.263179,9.750685,0.000000,230
3178,107082523007260,13.545592,0.882723,0.237408,12.656285,0.000000,230
3179,107082536552852,13.331762,1.279780,0.249573,12.045739,0.000000,230
3180,107082549884614,13.338056,0.775523,0.261403,12.554204,0.000000,230
3181,107082563222670,13.330762,0.956881,0.247197,12.365386,0.000000,230
3182,107082576553432,13.332032,1.197598,0.167510,12.127397,0.000000,230
3183,107082589885464,13.335629,0.762150,0.169774,12.565841,0.000000,230
3184,107082603221093,13.334623,0.889435,0.277894,12.436273,0.000000,230
3185,107082616555716,13.330102,3.787743,0.193077,9.532509,0.000000,230
3186,107082629885818,13.336994,0.784893,0.232128,12.544929,0.000000,230
3187,107082643222812,13.332695,1.341166,0.223429,11.983402,0.000000,230
3188,107082656555507,13.332999,0.984986,0.196683,12.339631,0.000000,230
3189,107082669888506,13.332034,0.860062,0.208566,12.464314,0.000000,230
3190,107082683220540,13.336682,0.952137,0.220644,12.377264,0.000000,230
3191,107082696557222,13.329900,1.448174,0.239418,11.873783,0.000000,230
3192,107082709887122,13.334447,0.884776,0.234195,12.442519,0.000000,230
3193,107082723221569,13.333579,3.735751,0.190575,9.589984,0.000000,230
3194,107082736555148,13.332916,0.894586,0.202977,12.430366,0.000000,230
3195,107082749888064,13.342584,1.191330,0.224007,12.144770,0.000000,230
3196,107082763230648,13.336861,0.953491,0.215964,12.376305,0.000000,230
3197,107082776567509,13.329735,0.951072,0.191224,12.370634,0.000000,230
3198,107082789897244,13.336036,0.803138,0.228800,12.525279,0.000000,230
3199,107082803233280,13.334531,1.006759,0.224450,12.320762,0.000000,230
3200,107082816567811,13.331959,1.052718,0.206882,12.270100,0.000000,230
3201,107082829899770,13.331212,3.637511,0.214646,9.685945,0.000000,230
3202,107082843230982,13.336070,1.016616,0.228942,12.312558,0.000000,230
3203,107082856567052,13.330194,1.319508,0.233647,12.003429,0.000000,230
3204,107082869897246,13.332755,0.799678,0.209479,12.526261,0.000000,230
3205,107082883230001,13.339116,0.921600,0.267714,12.410634,0.000000,230
3206,107082896569117,13.329197,1.048563,0.217898,12.272290,0.000000,230
3207,107082909898314,13.331614,0.851136,0.201554,12.474157,0.000000,230
3208,107082923229928,13.333088,0.908872,0.227470,12.419086,0.000000,230
3209,107082936563016,13.334285,3.624881,0.204726,9.703854,0.000000,230
3210,107082949897301,13.334924,0.766171,0.220911,12.562746,0.000000,230
3211,107082963232225,13.333945,1.205740,0.248419,12.120901,0.000000,230
3212,107082976566170,13.332952,0.993393,0.222046,12.332187,0.000000,230
3213,107082989899122,13.335104,0.772293,0.243293,12.553563,0.000000,230
3214,107083003234226,13.331640,0.929004,0.285950,12.394894,0.000000,230
3215,107083016565866,13.337946,0.964184,0.244308,12.366296,0.000000,230
3216,107083029903812,13.329716,0.871661,0.217762,12.450445,0.000000,230
3217,107083043233528,13.337794,3.694430,0.218773,9.633950,0.000000,230
3218,107083056571322,13.331900,0.987050,0.229894,12.336168,0.000000,230
3219,107083069903222,13.330639,1.178941,0.201702,12.144418,0.000000,230
3220,107083083233861,13.336159,0.992618,0.229817,12.335071,0.000000,230
3221,107083096570020,13.334749,0.973084,0.222625,12.353725,0.000000,230
3222,107083109904769,13.330336,0.933901,0.230161,12.387995,0.000000,230
3223,107083123235105,13.332522,0.927000,0.211245,12.398898,0.000000,230
3224,107083136567627,13.337748,1.005664,0.231062,12.324184,0.000000,230
3225,107083149905375,13.330683,3.725082,0.232461,9.595978,0.000000,230
3226,107083163236058,13.337254,0.971065,0.201330,12.356779,0.000000,230
3227,107083176573312,13.330948,3.303380,0.246893,10.019198,0.000000,230
3228,107083189904260,13.330629,0.855425,0.206556,12.467577,0.000000,230
3229,107083203234889,13.330144,0.921302,0.218019,12.403558,0.000000,230
3230,107083216565033,13.339603,0.799358,0.240907,12.534160,0.000000,230
3231,107083229904636,13.330755,0.851422,0.226533,12.471108,0.000000,230
3232,107083243235391,13.336495,0.938862,0.214816,12.386762,0.000000,230
3233,107083256571886,13.330368,3.982195,0.229389,9.341647,0.000000,230
3234,107083269902254,13.335282,0.878613,0.230937,12.448338,0.000000,230
3235,107083283237536,13.331495,1.266260,0.158342,12.057072,0.000000,230
3236,107083296569031,13.336878,0.865263,0.200453,12.461882,0.000000,230
3237,107083309905909,13.330222,0.868497,0.182184,12.454157,0.000000,230
3238,107083323236131,13.335106,0.933866,0.200721,12.393420,0.000000,230
3239,107083336571237,13.328595,0.929345,0.205559,12.391989,0.000000,230
3240,107083349899832,13.338108,0.859904,0.260002,12.472346,0.000000,231
3241,107083363237940,13.330135,3.865144,0.182579,9.457113,0.000000,231
3242,107083376568075,13.335221,0.886663,0.165552,12.442900,0.000000,231
3243,107083389903296,13.333418,2.019997,0.161678,11.306386,0.000000,231
3244,107083403236714,13.332645,0.975985,0.150231,12.349468,0.000000,231
3245,107083416569359,13.333585,1.002255,0.133509,12.325589,0.000000,231
3246,107083429902944,13.336780,0.743828,0.225426,12.586068,0.000000,231
3247,107083443239724,13.334160,1.010151,0.189398,12.314233,0.000000,231
3248,107083456573884,13.331282,1.115040,0.204256,12.208232,0.000000,231
3249,107083469905166,13.332046,3.727152,0.181822,9.597358,0.000000,231
3250,107083483237212,13.334859,0.892033,0.197185,12.435771,0.000000,231
3251,107083496572071,13.329155,1.277253,0.185420,12.046436,0.000000,231
3252,107083509901226,13.337715,0.686225,0.192298,12.644120,0.000000,231
3253,107083523238941,13.334387,0.916664,0.208060,12.410073,0.000000,231
3254,107083536573328,13.329124,1.025029,0.164738,12.296583,0.000000,231
3255,107083549902452,13.339391,0.752541,0.200250,12.579182,0.000000,231
3256,107083563241843,13.334641,0.987266,0.178745,12.338006,0.000000,231
3257,107083576576484,13.330362,3.874328,0.178088,9.443028,0.000000,231
3258,107083589906846,13.330502,0.979269,0.226441,12.344449,0.000000,231
3259,107083603237348,13.334439,1.332243,0.190963,11.995767,0.000000,231
3260,107083616571787,13.336714,0.958356,0.177221,12.367925,0.000000,231
3261,107083629908501,13.333534,0.746084,0.186377,12.576589,0.000000,231
3262,107083643242035,13.330913,0.835926,0.169680,12.485976,0.000000,231
3263,107083656572948,13.334796,0.971866,0.147042,12.354764,0.000000,231
3264,107083669907744,13.328380,0.906513,0.182172,12.415452,0.000000,231
3265,107083683236124,13.338196,3.767699,0.155301,9.564321,0.000000,231
3266,107083696574320,13.332471,0.950812,0.166040,12.373079,0.000000,231
3267,107083709906791,13.329660,1.089461,0.172407,12.234087,0.000000,231
3268,107083723236451,13.348446,1.029033,0.201953,12.310706,0.000000,231
3269,107083736584897,13.330346,0.984883,0.187105,12.336255,0.000000,231
3270,107083749915243,13.334807,0.910785,0.190436,12.415079,0.000000,231
3271,107083763250050,13.333383,1.002995,0.178173,12.321392,0.000000,231
3272,107083776583433,13.332486,0.934806,0.185999,12.389270,0.000000,231
3273,107083789915919,13.329379,3.775475,0.178706,9.547048,0.000000,231
3274,107083803245298,13.335823,0.912590,0.201091,12.416800,0.000000,231
3275,107083816581121,13.334248,1.235321,0.176703,12.092316,0.000000,231
3276,107083829915369,13.333893,0.866339,0.177543,12.459337,0.000000,231
3277,107083843249262,13.335185,0.973628,0.177289,12.353971,0.000000,231
3278,107083856584447,13.335716,0.949193,0.173090,12.375152,0.000000,231
3279,107083869920163,13.329435,0.962146,0.180071,12.356793,0.000000,231
3280,107083883249598,13.332846,0.819692,0.181875,12.506446,0.000000,231
3281,107083896582444,13.331360,3.528424,0.206695,9.796290,0.000000,231
3282,107083909913804,13.337489,0.671178,0.153112,12.659174,0.000000,231
3283,107083923251293,13.334183,0.995449,0.171022,12.330143,0.000000,231
3284,107083936585476,13.335938,0.855755,0.187109,12.471502,0.000000,231
3285,107083949921414,13.332228,0.709009,0.142823,12.612491,0.000000,231
3286,107083963253642,13.329396,0.725222,0.121468,12.597621,0.000000,231
3287,107083976583038,13.330834,0.857997,0.107508,12.466475,0.000000,231
3288,107083989913872,13.334941,0.898680,0.126860,12.429968,0.000000,231
3289,107084003248813,13.330620,3.331247,0.110183,9.993304,0.000000,231
3290,107084016579433,13.340292,0.703819,0.144452,12.629896,0.000000,231
3291,107084029919725,13.339472,0.969595,0.115212,12.357852,0.000000,231
3292,107084043259197,13.321571,0.771643,0.180460,12.544568,0.000000,231
3293,107084056580768,13.340299,0.796718,0.177807,12.535869,0.000000,231
3294,107084069921067,13.328818,0.828748,0.164665,12.490509,0.000000,231
3295,107084083249885,13.333316,0.820835,0.178993,12.505660,0.000000,231
3296,107084096583201,13.332945,0.871459,0.197429,12.454315,0.000000,231
3297,107084109916146,13.336549,3.521796,0.207232,9.804656,0.000000,231
3298,107084123252695,13.329308,0.919468,0.162532,12.401894,0.000000,231
3299,107084136582003,13.336313,1.226446,0.253251,12.103323,0.000000,231
3300,107084149918316,13.441114,1.733729,0.229613,11.692897,0.000000,231
3301,107084163359430,13.434458,1.701175,0.213034,11.700970,0.000000,231
3302,107084176793888,13.440106,1.789785,0.276995,11.577558,0.000000,231
3303,107084190233994,13.277760,2.232392,0.203328,11.023553,0.000000,231
3304,107084203511754,13.331551,1.126644,0.278124,12.195085,0.000000,231
3305,107084216843305,13.339143,3.976893,0.208644,9.354478,0.000000,231
3306,107084230182448,13.328631,0.867990,0.167856,12.451363,0.000000,231
3307,107084243511079,13.328125,1.280020,0.184680,12.040653,0.000000,231
3308,107084256839204,13.338826,0.864828,0.174189,12.466922,0.000000,231
3309,107084270178030,13.332185,0.912654,0.189866,12.410283,0.000000,231
3310,107084283510215,13.331580,1.075612,0.174100,12.248144,0.000000,231
3311,107084296841795,13.334870,0.966186,0.185761,12.361570,0.000000,231
3312,107084310176665,13.329835,1.019405,0.474233,12.303214,0.000000,231
3313,107084323506500,13.336281,3.487890,0.209380,9.841156,0.000000,231
3314,107084336842781,13.336777,0.946028,0.214571,12.382516,0.000000,231
3315,107084350179558,13.330267,1.236077,0.233446,12.086557,0.000000,231
3316,107084363509825,13.335335,1.096138,0.242550,12.230150,0.000000,231
3317,107084376845160,13.335131,1.087103,0.254067,12.239391,0.000000,231
3318,107084390180291,13.329694,1.044744,0.240669,12.275857,0.000000,231
3319,107084403509985,13.334714,1.257771,0.629031,12.069663,0.000000,231
3320,107084416844699,13.334317,1.356288,0.311368,11.969423,0.000000,231
3321,107084430179016,13.331688,4.067041,0.409745,9.256867,0.000000,231
3322,107084443510704,13.335772,1.025431,0.462029,12.302562,0.000000,231
3323,107084456846476,13.332006,1.634671,0.445589,11.689605,0.000000,231
3324,107084470178482,13.337172,1.072820,0.356210,12.255398,0.000000,231
3325,107084483515654,13.337640,1.155385,0.374153,12.172343,0.000000,231
3326,107084496853294,13.322723,1.258429,0.372908,12.056317,0.000000,231
3327,107084510176017,13.339229,0.887354,0.435006,12.443923,0.000000,231
3328,107084523515246,13.330914,1.137175,0.432316,12.183883,0.000000,231
3329,107084536846160,13.330267,3.974299,0.378675,9.348232,0.000000,231
3330,107084550176427,13.335138,0.919585,0.470528,12.408434,0.000000,231
3331,107084563511565,13.337629,1.457991,0.479946,11.871953,0.000000,231
3332,107084576849194,13.330292,1.154928,0.350682,12.167893,0.000000,231
3333,107084590179486,13.337834,1.036275,0.420066,12.295136,0.000000,231
3334,107084603517320,13.338163,1.216257,0.429766,12.112412,0.000000,231
3335,107084616855483,13.328418,1.010502,0.475538,12.309245,0.000000,231
3336,107084630183901,13.337661,0.837448,0.442753,12.491949,0.000000,232
3337,107084643521562,13.357474,4.215129,0.433980,9.135465,0.000000,232
3338,107084656879036,13.334700,0.854655,0.437859,12.474321,0.000000,232
3339,107084670213736,13.331964,1.565827,0.548314,11.759912,0.000000,232
3340,107084683545700,13.334885,1.026984,0.557523,12.302430,0.000000,232
3341,107084696880585,13.343786,0.977122,0.436416,12.360343,0.000000,232
3342,107084710224371,13.333549,1.077508,0.532638,12.248634,0.000000,232
3343,107084723557920,13.330017,1.164892,0.494616,12.158256,0.000000,232
3344,107084736887937,13.344651,1.019930,0.463163,12.318630,0.000000,232
3345,107084750232588,13.329164,3.328413,0.423001,9.994199,0.000000,232
3346,107084763561752,13.334374,0.816852,0.499963,12.511959,0.000000,232
3347,107084776896126,13.336574,1.289478,0.377812,12.040198,0.000000,232
3348,107084790232700,13.329766,1.278475,0.464241,12.045159,0.000000,232
3349,107084803562466,13.335868,0.976617,0.694218,12.351119,0.000000,232
3350,107084816898334,13.334788,1.103311,0.497167,12.224585,0.000000,232
3351,107084830233122,13.330530,1.036982,0.470278,12.286885,0.000000,232
3352,107084843563652,13.332651,1.037399,0.493253,12.290062,0.000000,232
3353,107084856896303,13.339283,3.543651,0.522536,9.788810,0.000000,232
3354,107084870235586,13.332528,0.944127,0.419380,12.380281,0.000000,232
3355,107084883568114,13.330508,1.420098,0.491655,11.903379,0.000000,232
3356,107084896898622,13.336903,1.013489,0.575828,12.316487,0.000000,232
3357,107084910235525,13.330716,1.142608,0.518202,12.180837,0.000000,232
3358,107084923566241,13.333137,1.425650,0.495314,11.900591,0.000000,232
3359,107084936899378,13.335968,1.101501,0.516945,12.225959,0.000000,232
3360,107084950235346,13.328697,0.871625,0.498035,12.450993,0.000000,232
3361,107084963564043,13.332073,3.434805,0.426166,9.892564,0.000000,232
3362,107084976896116,13.340379,0.876613,0.489145,12.457617,0.000000,232
3363,107084990236495,13.328508,1.340962,0.501208,11.980845,0.000000,232
3364,107085003565003,13.333190,0.954916,0.419463,12.372819,0.000000,232
3365,107085016898193,13.333276,0.786903,0.476826,12.540870,0.000000,232
3366,107085030231469,13.337573,0.736197,0.428901,12.595728,0.000000,232
3367,107085043569042,13.328515,0.927412,0.471331,12.394225,0.000000,232
3368,107085056897557,13.333494,0.821118,0.539800,12.506989,0.000000,232
3369,107085070231051,13.333152,3.175226,0.449500,10.153089,0.000000,232
3370,107085083564203,13.335932,0.835715,0.412461,12.492979,0.000000,232
3371,107085096900135,13.334102,1.285432,0.435192,12.043008,0.000000,232
3372,107085110234237,13.335090,0.830461,0.556226,12.498137,0.000000,232
3373,107085123569327,13.330602,1.070347,0.478385,12.253968,0.000000,232
3374,107085136899929,13.333763,0.981977,0.428739,12.346444,0.000000,232
3375,107085150233692,13.345743,0.935476,0.457099,12.399801,0.000000,232
3376,107085163579435,13.320959,1.145647,0.444141,12.167128,0.000000,232
3377,107085176900394,13.331537,3.445089,0.411931,9.880863,0.000000,232
3378,107085190231931,13.336977,0.688009,0.407381,12.643623,0.000000,232
3379,107085203568908,13.332061,1.266723,0.477001,12.058371,0.000000,232
3380,107085216900969,13.333966,0.866330,0.460940,12.461095,0.000000,232
3381,107085230234935,13.335823,0.863654,0.427683,12.465463,0.000000,232
3382,107085243570758,13.331161,1.063420,0.465733,12.260533,0.000000,232
3383,107085256901919,13.335021,1.106465,0.527725,12.222053,0.000000,232
3384,107085270236940,13.330242,0.913662,0.399523,12.409981,0.000000,232
3385,107085283567182,13.331113,3.345189,0.489809,9.980167,0.000000,232
3386,107085296898295,13.339191,0.954477,0.451907,12.377795,0.000000,232
3387,107085310237486,13.334801,1.301730,0.366350,12.025558,0.000000,232
3388,107085323572287,13.330278,1.228671,0.523031,12.094250,0.000000,232
3389,107085336902565,13.331138,1.167578,0.363504,12.156439,0.000000,232
3390,107085350233703,13.333738,0.786049,0.458783,12.542874,0.000000,232
3391,107085363567441,13.334917,0.943931,0.558548,12.385814,0.000000,232
3392,107085376902358,13.332427,0.954008,0.510812,12.371965,0.000000,232
3393,107085390234785,13.330879,3.318921,0.380692,10.005463,0.000000,232
3394,107085403565664,13.338563,0.711227,0.482163,12.621134,0.000000,232
3395,107085416904227,13.330623,1.273378,0.449876,12.051925,0.000000,232
3396,107085430234850,13.334453,0.828878,0.415769,12.498994,0.000000,232
3397,107085443569303,13.335619,0.968628,0.482407,12.359196,0.000000,232
3398,107085456904922,13.333795,1.087384,0.479429,12.237502,0.000000,232
3399,107085470238717,13.330814,0.975999,0.594998,12.346678,0.000000,232
3400,107085483569531,13.335686,1.114356,0.468704,12.214134,0.000000,232
3401,107085496905217,13.328806,3.503209,0.379596,9.819140,0.000000,232
3402,107085510234023,13.335979,0.651074,0.480885,12.679314,0.000000,232
3403,107085523570002,13.335529,1.324711,0.457761,12.003666,0.000000,232
3404,107085536905531,13.330517,1.038217,0.424470,12.285251,0.000000,232
3405,107085550236048,13.332097,0.770878,0.424160,12.555856,0.000000,232
3406,107085563568145,13.337572,0.923912,0.442587,12.406719,0.000000,232
3407,107085576905717,13.330731,1.024111,0.441101,12.298549,0.000000,232
3408,107085590236448,13.335802,0.796491,0.521567,12.532869,0.000000,232
3409,107085603572250,13.330941,3.750276,0.409338,9.573017,0.000000,232
3410,107085616903191,13.336349,0.982296,0.525782,12.347371,0.000000,232
3411,107085630239540,13.330130,1.357229,0.409593,11.964948,0.000000,232
3412,107085643569670,13.336682,0.937973,0.508950,12.390453,0.000000,232
3413,107085656906352,13.329672,1.099833,0.466639,12.222604,0.000000,232
3414,107085670236024,13.334727,0.875904,0.479214,12.452771,0.000000,232
3415,107085683570751,13.334779,1.052561,0.534980,12.276178,0.000000,232
3416,107085696905530,13.332828,1.076575,0.388837,12.249719,0.000000,232
3417,107085710238358,13.331125,3.502145,0.364896,9.822958,0.000000,232
3418,107085723569483,13.334987,0.932516,0.512398,12.398204,0.000000,232
3419,107085736904470,13.335064,1.377899,0.472564,11.948900,0.000000,232
3420,107085750239534,13.331285,1.054100,0.447921,12.269431,0.000000,232
3421,107085763570819,13.333459,0.969746,0.541146,12.357440,0.000000,232
3422,107085776904278,13.331682,0.915787,0.483883,12.409635,0.000000,232
3423,107085790235960,13.337801,0.838785,0.532259,12.492984,0.000000,232
3424,107085803573761,13.334443,1.268294,0.517520,12.058524,0.000000,233
3425,107085816908204,13.327003,3.431692,0.438614,9.887131,0.000000,233
3426,107085830235207,13.338993,0.726822,0.470571,12.606220,0.000000,233
3427,107085843574200,13.332702,2.359228,0.394924,10.965689,0.000000,233
3428,107085856906902,13.333423,1.095991,0.472322,12.229020,0.000000,233
3429,107085870240325,13.330353,0.957883,0.513764,12.365469,0.000000,233
3430,107085883570678,13.335253,1.125844,0.526858,12.202793,0.000000,233
3431,107085896905931,13.345561,1.113198,1.048572,12.225357,0.000000,233
3432,107085910251492,13.332813,0.862476,0.590115,12.463157,0.000000,233
3433,107085923584305,13.332375,3.447751,0.460950,9.878166,0.000000,233
3434,107085936916680,13.336907,0.929239,0.456649,12.400028,0.000000,233
3435,107085950253587,13.332520,1.319761,0.487807,12.005086,0.000000,233
3436,107085963586107,13.331797,1.160333,0.476257,12.163254,0.000000,233
3437,107085976917904,13.338724,1.364502,0.554734,11.966333,0.000000,233
3438,107085990256628,13.332715,1.076458,0.488414,12.247803,0.000000,233
3439,107086003589343,13.330655,1.153962,0.520300,12.168068,0.000000,233
3440,107086016919998,13.336828,1.422349,0.494042,11.906299,0.000000,233
3441,107086030256826,13.330141,3.771887,0.450818,9.550082,0.000000,233
3442,107086043586967,13.329657,1.008515,0.463379,12.314820,0.000000,233
3443,107086056916624,13.337690,1.131571,0.378964,12.199519,0.000000,233
3444,107086070254314,13.333640,1.042779,0.458746,12.282411,0.000000,233
3445,107086083587954,13.330426,1.022971,0.469821,12.300866,0.000000,233
3446,107086096918380,13.337857,0.973192,0.348695,12.357449,0.000000,233
3447,107086110256237,13.332291,0.920462,0.267988,12.401605,0.000000,233
3448,107086123588528,13.334289,1.041157,0.327057,12.285072,0.000000,233
3449,107086136922817,13.329577,3.891226,0.633721,9.430704,0.000000,233
3450,107086150252394,13.338111,0.891736,0.565630,12.437032,0.000000,233
3451,107086163590505,13.330911,1.525450,0.392464,11.796744,0.000000,233
3452,107086176921416,13.332403,2.463799,0.371697,10.861488,0.000000,233
3453,107086190253819,13.334242,2.009730,0.381280,11.316971,0.000000,233
3454,107086203588061,13.331917,2.265892,0.436664,11.058942,0.000000,233
3455,107086216919978,13.335176,1.025925,0.449570,12.302516,0.000000,233
3456,107086230255154,13.333310,1.732181,0.458616,11.594103,0.000000,233
3457,107086243588464,13.331804,3.771632,0.309311,9.552277,0.000000,233
3458,107086256920268,13.334001,0.820604,0.478961,12.506956,0.000000,233
3459,107086270254269,13.334234,2.167630,0.443638,11.160752,0.000000,233
3460,107086283588503,13.333367,0.993468,0.441265,12.332690,0.000000,233
3461,107086296921870,13.329506,0.951610,0.409002,12.372180,0.000000,233
3462,107086310251376,13.337245,0.820906,0.405860,12.510049,0.000000,233
3463,107086323588621,13.334795,1.033871,0.513602,12.292239,0.000000,233
3464,107086336923416,13.328045,1.437330,0.461545,11.884278,0.000000,233
3465,107086350251461,13.335584,3.451851,0.411550,9.877659,0.000000,233
3466,107086363587045,13.335198,0.902205,0.465593,12.426736,0.000000,233
3467,107086376922243,13.331103,1.586871,0.410153,11.738709,0.000000,233
3468,107086390253346,13.336248,1.628782,0.385464,11.701575,0.000000,233
3469,107086403589594,13.333233,1.064532,0.484011,12.261074,0.000000,233
3470,107086416922827,13.331946,1.131976,0.413240,12.192758,0.000000,233
3471,107086430254773,13.334680,0.806773,0.484068,12.521707,0.000000,233
3472,107086443589453,13.335041,1.637083,0.453547,11.690167,0.000000,233
3473,107086456924494,13.330968,3.547978,0.440271,9.774362,0.000000,233
3474,107086470255462,13.334085,0.772644,0.466878,12.555403,0.000000,233
3475,107086483589547,13.333482,1.212385,0.427272,12.114026,0.000000,233
3476,107086496923029,13.332961,0.882895,0.468403,12.443365,0.000000,233
3477,107086510255990,13.334572,0.836687,0.434473,12.491017,0.000000,233
3478,107086523590562,13.334431,1.041921,0.450908,12.283962,0.000000,233
3479,107086536924993,13.332938,1.058545,0.448534,12.264766,0.000000,233
3480,107086550257931,13.333206,0.939041,0.479940,12.386829,0.000000,233
3481,107086563591137,13.329768,3.701290,0.409814,9.620392,0.000000,233
3482,107086576920905,13.337310,0.957409,0.436879,12.373000,0.000000,233
3483,107086590258215,13.332033,1.266118,0.443261,12.058473,0.000000,233
3484,107086603590248,13.331654,1.749900,0.432468,11.573230,0.000000,233
3485,107086616921902,13.332193,0.869941,0.418335,12.456996,0.000000,233
3486,107086630254095,13.333836,0.727542,0.427834,12.601111,0.000000,233
3487,107086643587931,13.335519,0.869130,0.350688,12.460777,0.000000,233
3488,107086656923450,13.331928,0.973539,0.434832,12.353048,0.000000,233
3489,107086670255378,13.335542,3.746272,0.396546,9.580849,0.000000,233
3490,107086683590920,13.332554,0.991951,0.449421,12.334074,0.000000,233
3491,107086696923474,13.331709,1.330799,0.405941,11.993125,0.000000,233
3492,107086710255183,13.334033,0.816189,0.379375,12.510169,0.000000,233
3493,107086723589216,13.331417,0.889392,0.402550,12.435867,0.000000,233
3494,107086736920633,13.337944,0.896755,0.306980,12.433716,0.000000,233
3495,107086750258577,13.331328,0.843431,0.313817,12.479708,0.000000,233
3496,107086763589905,13.333223,0.967724,0.417512,12.358737,0.000000,233
3497,107086776923128,13.333393,3.848420,0.400010,9.478334,0.000000,233
3498,107086790256521,13.333009,0.825742,1.255742,12.500691,0.000000,233
3499,107086803589530,13.334565,1.203205,0.384590,12.125206,0.000000,233
3500,107086816924095,13.334959,0.842036,0.453198,12.486689,0.000000,233
3501,107086830259054,13.329718,0.918073,0.405501,12.404507,0.000000,233
3502,107086843588772,13.333877,0.909778,0.413671,12.418043,0.000000,233
3503,107086856922649,13.336824,0.869761,0.448771,12.460468,0.000000,233
3504,107086870259473,13.330276,0.777102,0.336727,12.547766,0.000000,233
3505,107086883589749,13.342434,5.211732,0.252763,8.123304,0.000000,233
3506,107086896932183,13.328839,1.496025,0.406676,11.820619,0.000000,233
3507,107086910261022,13.328373,1.249995,0.389785,12.071424,0.000000,233
3508,107086923589395,13.335295,0.936125,0.412147,12.393611,0.000000,233
3509,107086936924690,13.336339,0.980605,0.397568,12.347825,0.000000,233
3510,107086950261029,13.330009,0.903698,0.393423,12.419727,0.000000,234
3511,107086963591038,13.333237,0.981032,0.394601,12.346049,0.000000,234
3512,107086976924275,13.335719,0.824825,0.495909,12.504731,0.000000,234
3513,107086990259994,13.330799,3.401963,0.385929,9.923367,0.000000,234
3514,107087003590793,13.333194,0.960070,0.411130,12.365407,0.000000,234
3515,107087016923987,13.336801,1.231251,0.402892,12.098706,0.000000,234
3516,107087030260788,13.329504,0.895580,0.296364,12.427419,0.000000,234
3517,107087043590292,13.332829,0.968920,0.293462,12.358733,0.000000,234
3518,107087056923121,13.336569,0.895274,0.290510,12.434695,0.000000,234
3519,107087070259690,13.332535,1.047198,0.296831,12.279249,0.000000,234
3520,107087083592225,13.332197,0.988571,0.313861,12.337565,0.000000,234
3521,107087096924422,13.333004,3.493032,0.387797,9.833092,0.000000,234
3522,107087110257426,13.337380,0.751764,0.409952,12.579889,0.000000,234
3523,107087123594806,13.328515,1.262862,0.383513,12.058542,0.000000,234
3524,107087136923321,13.333281,0.855649,0.465234,12.471996,0.000000,234
3525,107087150256602,13.340165,0.749884,0.303025,12.583729,0.000000,234
3526,107087163596767,13.327705,1.049023,0.272546,12.270513,0.000000,234
3527,107087176924472,13.335546,0.918524,0.288171,12.410541,0.000000,234
3528,107087190260018,13.334425,0.873732,0.719926,12.453152,0.000000,234
3529,107087203594443,13.329598,3.686745,0.398154,9.635797,0.000000,234
3530,107087216924041,13.335319,0.898828,0.416928,12.430840,0.000000,234
3531,107087230259360,13.336022,1.115655,0.416886,12.213349,0.000000,234
3532,107087243595382,13.332630,0.986568,0.412225,12.338347,0.000000,234
3533,107087256928012,13.330241,0.974156,0.371274,12.349928,0.000000,234
3534,107087270258253,13.338201,0.795649,0.297606,12.535438,0.000000,234
3535,107087283596454,13.331824,1.043171,0.387105,12.280323,0.000000,234
3536,107087296928278,13.332657,0.988624,0.458385,12.336917,0.000000,234
3537,107087310260935,13.335218,3.543723,0.404406,9.782459,0.000000,234
3538,107087323596153,13.330993,1.033642,0.440884,12.290542,0.000000,234
3539,107087336927146,13.335038,1.260583,0.424195,12.067554,0.000000,234
3540,107087350262184,13.334241,0.790744,0.423286,12.536341,0.000000,234
3541,107087363596425,13.331801,0.981902,0.417192,12.343025,0.000000,234
3542,107087376928226,13.332856,0.978256,0.412425,12.348014,0.000000,234
3543,107087390261082,13.333024,0.835735,0.383767,12.490398,0.000000,234
3544,107087403594106,13.337294,0.945978,0.543016,12.384407,0.000000,234
3545,107087416931400,13.327873,4.066624,0.408515,9.253771,0.000000,234
3546,107087430259273,13.334920,0.802899,0.534366,12.526575,0.000000,234
3547,107087443594193,13.336394,1.248424,0.416921,12.080817,0.000000,234
3548,107087456930587,13.333916,1.028194,0.421877,12.297479,0.000000,234
3549,107087470264503,13.329874,0.909167,0.414183,12.413199,0.000000,234
3550,107087483594377,13.336869,0.959390,0.406820,12.370698,0.000000,234
3551,107087496931246,13.330694,1.001670,0.391210,12.322045,0.000000,234
3552,107087510261940,13.333707,0.846526,0.427170,12.480296,0.000000,234
3553,107087523595647,13.335410,3.839383,0.401673,9.488555,0.000000,234
3554,107087536931057,13.332044,1.065060,0.404986,12.258831,0.000000,234
3555,107087550263101,13.331842,1.220955,0.403394,12.104356,0.000000,234
3556,107087563594943,13.337087,0.933991,0.406444,12.395733,0.000000,234
3557,107087576932030,13.330931,0.963602,0.412195,12.360234,0.000000,234
3558,107087590262961,13.334178,0.829087,0.383440,12.498438,0.000000,234
3559,107087603597139,13.336083,0.965064,0.424888,12.362294,0.000000,234
3560,107087616933222,13.330497,1.021253,0.448928,12.300803,0.000000,234
3561,107087630263719,13.335189,3.694345,0.448683,9.632453,0.000000,234
3562,107087643598908,13.331689,1.147319,0.456647,12.175435,0.000000,234
3563,107087656930597,13.332589,1.330515,0.422748,11.994979,0.000000,234
3564,107087670263186,13.336213,0.876680,0.433851,12.452319,0.000000,234
3565,107087683599399,13.333133,1.025609,0.436035,12.298877,0.000000,234
3566,107087696932532,13.331296,1.099389,0.410998,12.224826,0.000000,234
3567,107087710263828,13.334879,0.879510,0.307280,12.447869,0.000000,234
3568,107087723598707,13.334296,1.034974,0.494478,12.290630,0.000000,234
3569,107087736933003,13.329946,3.910150,0.364995,9.411190,0.000000,234
3570,107087750262949,13.333680,0.860149,0.382790,12.465951,0.000000,234
3571,107087763596629,13.337719,1.230414,0.345546,12.100401,0.000000,234
3572,107087776934348,13.335129,1.071507,0.286389,12.254251,0.000000,234
3573,107087790269477,13.329832,0.897694,0.274915,12.423634,0.000000,234
3574,107087803599309,13.338048,1.059764,0.411494,12.270281,0.000000,234
3575,107087816937357,13.327305,0.995905,0.424126,12.323067,0.000000,234
3576,107087830264662,13.334145,0.846469,0.418963,12.481657,0.000000,234
3577,107087843598807,13.334698,3.728969,0.381438,9.599466,0.000000,234
3578,107087856933505,13.335019,0.961529,0.392368,12.365050,0.000000,234
3579,107087870268524,13.330528,1.188094,0.380779,12.134606,0.000000,234
3580,107087883599052,13.335820,0.924668,0.411806,12.404532,0.000000,234
3581,107087896934872,13.333770,1.094260,0.414374,12.229205,0.000000,234
3582,107087910268642,13.332369,0.985782,0.396601,12.339091,0.000000,234
3583,107087923601011,13.332913,1.038359,0.424784,12.286638,0.000000,234
3584,107087936933924,13.335776,0.934467,0.413648,12.394271,0.000000,234
3585,107087950269700,13.449629,5.466912,0.360557,7.968913,0.000000,234
3586,107087963719329,13.426384,2.101200,0.279377,11.295180,0.000000,234
3587,107087977145713,13.319126,2.857125,0.266622,10.435994,0.000000,234
3588,107087990464839,13.392347,1.517126,0.279445,11.857766,0.000000,234
3589,107088003857186,13.440327,2.303193,0.262505,11.110587,0.000000,234
3590,107088017297513,13.416588,2.044001,0.292261,11.341009,0.000000,234
3591,107088030714101,13.413228,2.372263,0.284414,11.008643,0.000000,234
3592,107088044127329,13.443530,2.170071,0.438577,11.242267,0.000000,234
3593,107088057570859,13.306496,5.523611,0.313587,7.758298,0.000000,235
3594,107088070877355,13.335310,0.742609,0.408827,12.586379,0.000000,235
3595,107088084212665,13.329179,1.315830,0.398414,12.006664,0.000000,235
3596,107088097541844,13.336857,1.707520,0.427654,11.622686,0.000000,235
3597,107088110878701,13.334654,0.939285,0.399978,12.387991,0.000000,235
3598,107088124213355,13.331052,1.056824,0.387674,12.267480,0.000000,235
3599,107088137544407,13.335276,1.103693,0.414494,12.223122,0.000000,235
3600,107088150879683,13.335376,0.924314,0.498178,12.403951,0.000000,235
3601,107088164215059,13.326902,3.941172,0.361712,9.378791,0.000000,235
3602,107088177541961,13.339604,0.895931,0.404124,12.437340,0.000000,235
3603,107088190881565,13.333583,1.248101,0.397835,12.075996,0.000000,235
3604,107088204215148,13.360676,1.013179,0.709253,12.332476,0.000000,235
3605,107088217575824,13.314947,2.079451,0.360182,11.219856,0.000000,235
3606,107088230890771,13.340703,0.752658,0.400992,12.581955,0.000000,235
3607,107088244231474,13.330495,1.066287,0.282673,12.255475,0.000000,235
3608,107088257561969,13.334295,0.952563,0.405264,12.373433,0.000000,235
3609,107088270896264,13.331340,3.649431,0.284584,9.672203,0.000000,235
3610,107088284227604,13.331894,0.922814,0.273029,12.403829,0.000000,235
3611,107088297559498,13.334890,1.226304,0.277060,12.102560,0.000000,235
3612,107088310894388,13.336569,0.926208,0.400557,12.402413,0.000000,235
3613,107088324230957,13.349169,1.013171,0.393968,12.328325,0.000000,235
3614,107088337580126,13.333746,1.001243,0.391507,12.325497,0.000000,235
3615,107088350913872,13.341064,0.898142,0.429672,12.434914,0.000000,235
3616,107088364254936,13.331783,1.068157,0.508885,12.256385,0.000000,235
3617,107088377586719,13.330761,3.669357,0.385194,9.653223,0.000000,235
3618,107088390917480,13.337850,0.733757,0.423678,12.597470,0.000000,235
3619,107088404255330,13.330759,1.326958,0.412000,11.997161,0.000000,235
3620,107088417586089,13.331693,0.971757,0.393027,12.353447,0.000000,235
3621,107088430917782,13.337579,0.804947,0.404420,12.524606,0.000000,235
3622,107088444255361,13.334157,1.027638,0.409269,12.298258,0.000000,235
3623,107088457589518,13.333786,1.037079,0.388909,12.288646,0.000000,235
3624,107088470923304,13.334934,0.912944,0.393971,12.413479,0.000000,235
3625,107088484258238,13.334029,3.740377,0.405496,9.585283,0.000000,235
3626,107088497592267,13.330664,1.077540,0.386545,12.245113,0.000000,235
3627,107088510922931,13.334997,1.154829,0.379913,12.172402,0.000000,235
3628,107088524257928,13.332523,1.302790,0.410763,12.022148,0.000000,235
3629,107088537590451,13.331514,1.058048,0.380949,12.266607,0.000000,235
3630,107088550921965,13.331379,0.832901,0.345463,12.491514,0.000000,235
3631,107088564253344,13.341525,0.822799,0.426446,12.511895,0.000000,235
3632,107088577594869,13.325566,1.064742,0.403403,12.253314,0.000000,235
3633,107088590920435,13.337344,3.316369,0.391587,10.013177,0.000000,235
3634,107088604257779,13.334880,0.984395,0.397100,12.341939,0.000000,235
3635,107088617592659,13.329050,1.364014,0.360530,11.958056,0.000000,235
3636,107088630921709,13.337548,0.798756,0.397122,12.530838,0.000000,235
3637,107088644259257,13.340152,1.001855,0.382066,12.327184,0.000000,235
3638,107088657599409,13.322796,1.107902,0.373572,12.207752,0.000000,235
3639,107088670922205,13.331965,0.758237,0.367823,12.567425,0.000000,235
3640,107088684254170,13.338476,0.794637,0.408311,12.537507,0.000000,235
3641,107088697592646,13.330614,3.792142,0.363042,9.530859,0.000000,235
3642,107088710923260,13.332427,0.820486,0.384015,12.506260,0.000000,235
3643,107088724255687,13.337867,1.228885,0.435721,12.099923,0.000000,235
3644,107088737593554,13.330271,1.092736,0.402272,12.230875,0.000000,235
3645,107088750923825,13.331980,0.765742,0.372795,12.560416,0.000000,235
3646,107088764255805,13.335923,0.872022,0.382432,12.458620,0.000000,235
3647,107088777591728,13.332559,0.928170,0.397707,12.396302,0.000000,235
3648,107088790924287,13.332938,0.847238,0.356382,12.479801,0.000000,235
3649,107088804257225,13.335105,3.449679,0.384134,9.876659,0.000000,235
3650,107088817592330,13.332821,0.970799,0.435339,12.355768,0.000000,235
3651,107088830925151,13.332760,1.291985,0.358092,12.034061,0.000000,235
3652,107088844257911,13.333533,0.899510,0.343496,12.428075,0.000000,235
3653,107088857591444,13.333080,0.954552,0.388107,12.371771,0.000000,235
3654,107088870924524,13.331692,0.828204,0.369131,12.498241,0.000000,235
3655,107088884256216,13.336564,0.823460,0.256503,12.506611,0.000000,235
3656,107088897592780,13.332807,0.963787,0.251244,12.362714,0.000000,235
3657,107088910925587,13.330731,3.568840,0.317879,9.755623,0.000000,235
3658,107088924256318,13.335329,0.892572,0.329307,12.433822,0.000000,235
3659,107088937591647,13.334983,1.242663,0.391600,12.085007,0.000000,235
3660,107088950926630,13.330543,0.810266,0.369318,12.514207,0.000000,235
3661,107088964257173,13.333919,0.807394,0.363414,12.520339,0.000000,235
3662,107088977591092,13.334230,0.915583,0.416724,12.413128,0.000000,235
3663,107088990925322,13.331892,0.907638,0.341889,12.418087,0.000000,235
3664,107089004257214,13.331683,0.848000,0.406068,12.479074,0.000000,235
3665,107089017588897,13.337365,4.225544,0.422954,9.105987,0.000000,235
3666,107089030926262,13.330002,0.984301,0.351501,12.340368,0.000000,235
3667,107089044256264,13.333679,1.242987,0.251258,12.085577,0.000000,235
3668,107089057589943,13.342970,0.819258,0.426901,12.515828,0.000000,235
3669,107089070932913,13.341778,1.294114,0.307160,12.033917,0.000000,235
3670,107089084274691,13.336513,1.065402,0.566755,12.260842,0.000000,235
3671,107089097611204,13.333224,1.311986,0.466210,12.011446,0.000000,235
3672,107089110944428,13.332527,1.081816,0.445460,12.241270,0.000000,235
3673,107089124276955,13.332697,4.080648,0.443464,9.243589,0.000000,235
3674,107089137609652,13.333871,1.167275,0.444439,12.157090,0.000000,235
3675,107089150943523,13.333517,1.364091,0.325323,11.961175,0.000000,235
3676,107089164277040,13.332027,1.089985,0.375122,12.233107,0.000000,235
3677,107089177609067,13.335910,1.065328,0.549658,12.261885,0.000000,235
3678,107089190944977,13.331596,1.189491,0.439435,12.132996,0.000000,235
3679,107089204276573,13.330885,1.252916,0.412340,12.070013,0.000000,235
3680,107089217607458,13.334210,1.000848,0.412393,12.326221,0.000000,235
3681,107089230941668,13.334688,3.605743,0.383458,9.721423,0.000000,235
3682,107089244276356,13.330530,1.001047,0.382134,12.322315,0.000000,235
3683,107089257606886,13.335236,1.236102,0.399874,12.092240,0.000000,235
3684,107089270942122,13.334525,0.860060,0.398356,12.466112,0.000000,235
3685,107089284276647,13.330867,0.894599,0.394646,12.429120,0.000000,235
3686,107089297607514,13.332189,0.839547,0.568337,12.486585,0.000000,235
3687,107089310939703,13.335734,0.791917,0.361282,12.534840,0.000000,235
3688,107089324275437,13.331915,0.928302,0.362537,12.396700,0.000000,236
3689,107089337607352,13.335429,3.331455,0.366848,9.996437,0.000000,236
3690,107089350942781,13.332035,0.789015,0.364389,12.535563,0.000000,236
3691,107089364274816,13.332334,1.107368,0.331715,12.218164,0.000000,236
3692,107089377607150,13.334665,0.805717,0.356796,12.522594,0.000000,236
3693,107089390941815,13.333879,0.793226,0.380344,12.534232,0.000000,236
3694,107089404275694,13.331797,0.978044,0.358091,12.346180,0.000000,236
3695,107089417607491,13.333686,0.931153,0.377795,12.395518,0.000000,236
3696,107089430941177,13.335003,0.850650,0.511937,12.476759,0.000000,236
3697,107089444276180,13.334056,3.815727,0.385536,9.508659,0.000000,236
3698,107089457610236,13.333250,1.144565,0.392821,12.180425,0.000000,236
3699,107089470943486,13.333616,1.200939,0.301490,12.124444,0.000000,236
3700,107089484277102,13.331295,1.054115,0.282528,12.268645,0.000000,236
3701,107089497608397,13.331931,0.959599,0.256667,12.365315,0.000000,236
3702,107089510940328,13.335758,0.840039,0.377810,12.488625,0.000000,236
3703,107089524276086,13.333856,0.989119,0.384369,12.336143,0.000000,236
3704,107089537609942,13.330248,0.975690,0.385538,12.346447,0.000000,236
3705,107089550940190,13.336097,3.227106,0.368709,10.103031,0.000000,236
3706,107089564276287,13.334503,0.940849,0.409087,12.386715,0.000000,236
3707,107089577610790,13.330304,1.098476,0.390261,12.225930,0.000000,236
3708,107089590941094,13.337131,0.801053,0.424868,12.529487,0.000000,236
3709,107089604278225,13.331674,1.178062,0.399430,12.144428,0.000000,236
3710,107089617609899,13.333274,0.938453,0.404063,12.388001,0.000000,236
3711,107089630943173,13.332704,0.878818,0.430048,12.446907,0.000000,236
3712,107089644275877,13.336604,1.036407,0.418008,12.291779,0.000000,236
3713,107089657612481,13.329944,3.796442,0.380621,9.524845,0.000000,236
3714,107089670942425,13.334244,0.851597,0.397459,12.476275,0.000000,236
3715,107089684276669,13.334071,1.256187,0.376538,12.071954,0.000000,236
3716,107089697610740,13.332972,1.027054,0.314471,12.297479,0.000000,236
3717,107089710943712,13.333005,0.900369,0.275896,12.425594,0.000000,236
3718,107089724276717,13.335029,0.850884,0.371778,12.477965,0.000000,236
3719,107089737611746,13.332221,0.878826,0.385052,12.446712,0.000000,236
3720,107089750943967,13.331711,0.823031,0.277683,12.502671,0.000000,236
3721,107089764275678,13.336694,3.241592,0.383613,10.087404,0.000000,236
3722,107089777612372,13.330272,0.858468,0.383934,12.465647,0.000000,236
3723,107089790942644,13.336390,1.011651,0.380960,12.317684,0.000000,236
3724,107089804279034,13.332957,1.012534,0.396673,12.312191,0.000000,236
3725,107089817611991,13.330763,1.027380,0.398380,12.294927,0.000000,236
3726,107089830942754,13.336401,0.936549,0.412893,12.392814,0.000000,236
3727,107089844279155,13.333319,1.028491,0.388164,12.296444,0.000000,236
3728,107089857612474,13.333228,0.997019,0.425191,12.327660,0.000000,236
3729,107089870945702,13.333063,3.430136,0.415218,9.894397,0.000000,236
3730,107089884278765,13.333162,1.043391,0.407165,12.281791,0.000000,236
3731,107089897611927,13.334080,1.289230,0.417995,12.036348,0.000000,236
3732,107089910946007,13.333997,0.899484,0.419112,12.426238,0.000000,236
3733,107089924280004,13.332071,1.026608,0.424002,12.297871,0.000000,236
3734,107089937612075,13.332005,0.999419,0.399393,12.325872,0.000000,236
3735,107089950944080,13.333403,0.881382,0.416594,12.445165,0.000000,236
3736,107089964277483,13.332551,0.974322,0.405478,12.351548,0.000000,236
3737,107089977610034,13.334247,3.649294,0.400284,9.678083,0.000000,236
3738,107089990944281,13.333480,0.879710,0.428206,12.446606,0.000000,236
3739,107090004277761,13.333776,1.289009,0.392763,12.038258,0.000000,236
3740,107090017611537,13.336214,0.949515,0.408129,12.379183,0.000000,236
3741,107090030947751,13.332981,0.923261,0.387409,12.401237,0.000000,236
3742,107090044280732,13.331313,1.014770,0.392456,12.309742,0.000000,236
3743,107090057612045,13.333980,0.980638,0.392138,12.345561,0.000000,236
3744,107090070946025,13.334682,0.872425,0.399135,12.454913,0.000000,236
3745,107090084280707,13.331391,3.531458,0.352823,9.792602,0.000000,236
3746,107090097612098,13.335396,0.942774,0.362627,12.385830,0.000000,236
3747,107090110947494,13.332281,1.107236,0.278370,12.218285,0.000000,236
3748,107090124279775,13.333676,0.974563,0.355932,12.352295,0.000000,236
3749,107090137613451,13.333064,0.974110,0.383960,12.350588,0.000000,236
3750,107090150946515,13.333887,0.870028,0.393870,12.457297,0.000000,236
3751,107090164280402,13.331917,0.842931,0.385789,12.481408,0.000000,236
3752,107090177612319,13.332473,0.766582,0.421413,12.559597,0.000000,236
3753,107090190944792,13.335108,3.193069,0.401927,10.135228,0.000000,236
3754,107090204279900,13.335241,0.869469,0.392629,12.459356,0.000000,236
3755,107090217615141,13.333743,1.314025,0.385053,12.011180,0.000000,236
3756,107090230948884,13.333181,0.906662,0.388961,12.418516,0.000000,236
3757,107090244282065,13.329586,1.043648,0.386868,12.278385,0.000000,236
3758,107090257611651,13.333403,0.879169,0.369421,12.448292,0.000000,236
3759,107090270945054,13.333238,0.709392,0.394247,12.617235,0.000000,236
3760,107090284278292,13.336632,0.877330,0.398428,12.452058,0.000000,236
3761,107090297614924,13.329720,3.657511,0.371572,9.664407,0.000000,236
3762,107090310944644,13.336950,0.803388,0.385615,12.527639,0.000000,236
3763,107090324281594,13.333720,1.104281,0.390953,12.222084,0.000000,236
3764,107090337615314,13.330619,0.955623,0.362420,12.368084,0.000000,236
3765,107090350945933,13.335712,0.807809,0.388502,12.521058,0.000000,236
3766,107090364281645,13.333127,0.987343,0.376885,12.337493,0.000000,236
3767,107090377614772,13.331947,0.921241,0.369432,12.403122,0.000000,236
3768,107090390946719,13.334119,0.765106,0.374259,12.563190,0.000000,236
3769,107090404280838,13.335131,3.661187,0.385514,9.666417,0.000000,236
3770,107090417615969,13.329573,0.986807,0.260185,12.335242,0.000000,236
3771,107090430945542,13.338214,1.080291,0.411557,12.250988,0.000000,236
3772,107090444283756,13.331012,1.001298,0.404722,12.320933,0.000000,236
3773,107090457614768,13.336176,1.027702,0.513602,12.301316,0.000000,236
3774,107090470950944,13.330448,1.176001,0.423920,12.146305,0.000000,236
3775,107090484281392,13.332827,0.991689,0.393626,12.334791,0.000000,236
3776,107090497614219,13.333227,0.968532,0.383789,12.358226,0.000000,237
3777,107090510947446,13.334931,3.608178,0.390779,9.719794,0.000000,237
3778,107090524282377,13.333255,0.978457,0.392844,12.346627,0.000000,237
3779,107090537615632,13.334237,2.011794,0.365631,11.315269,0.000000,237
3780,107090550949869,13.332371,0.880812,0.407635,12.444107,0.000000,237
3781,107090564282240,13.334066,0.998233,0.413328,12.328767,0.000000,237
3782,107090577616306,13.333556,1.059679,0.394896,12.267102,0.000000,237
3783,107090590949862,13.335183,0.893592,0.414645,12.433058,0.000000,237
3784,107090604285045,13.332404,1.058403,0.408806,12.266547,0.000000,237
3785,107090617617449,13.331593,3.639866,0.356471,9.684221,0.000000,237
3786,107090630949042,13.332221,0.811514,0.345330,12.514942,0.000000,237
3787,107090644281263,13.335684,1.274579,0.394793,12.054114,0.000000,237
3788,107090657616947,13.332580,0.996746,0.360539,12.328035,0.000000,237
3789,107090670949527,13.332521,0.844671,0.373855,12.481967,0.000000,237
3790,107090684282048,13.335429,1.016934,0.394919,12.312329,0.000000,237
3791,107090697617477,13.331500,1.206904,0.282022,12.116859,0.000000,237
3792,107090710948977,13.332913,0.791379,0.255079,12.535650,0.000000,237
3793,107090724281890,13.335780,3.605350,0.386618,9.722892,0.000000,237
3794,107090737617670,13.330162,0.962605,0.390412,12.361448,0.000000,237
3795,107090750947832,13.333839,1.120713,0.378857,12.207009,0.000000,237
3796,107090764281671,13.336429,0.898474,0.400906,12.431171,0.000000,237
3797,107090777618100,13.330483,0.992722,0.371686,12.330267,0.000000,237
3798,107090790948583,13.335786,0.846879,0.272629,12.481756,0.000000,237
3799,107090804284369,13.333251,0.995799,0.350243,12.329448,0.000000,237
3800,107090817617620,13.332201,1.231952,0.247262,12.093134,0.000000,237
3801,107090830949821,13.332332,3.387108,0.337127,9.938324,0.000000,237
3802,107090844282153,13.332897,0.765424,0.370528,12.562616,0.000000,237
3803,107090857615050,13.336484,0.992789,0.367854,12.337434,0.000000,237
3804,107090870951534,13.331094,0.838402,0.406815,12.486146,0.000000,237
3805,107090884282628,13.333452,0.869970,0.484900,12.458433,0.000000,237
3806,107090897616080,13.336732,0.930456,0.418386,12.399131,0.000000,237
3807,107090910952812,13.333049,0.921231,0.411824,12.402854,0.000000,237
3808,107090924285861,13.332489,0.995794,0.383416,12.330272,0.000000,237
3809,107090937618350,13.334848,3.771755,0.474727,9.554442,0.000000,237
3810,107090950953198,13.330609,1.155659,0.395109,12.166923,0.000000,237
3811,107090964283807,13.333872,1.263245,0.393267,12.063813,0.000000,237
3812,107090977617679,13.334904,0.964828,0.383515,12.362607,0.000000,237
3813,107090990952583,13.330858,0.897748,0.381426,12.426118,0.000000,237
3814,107091004283441,13.332332,0.935864,0.373948,12.390377,0.000000,237
3815,107091017615773,13.336847,0.873432,0.428367,12.457068,0.000000,237
3816,107091030952620,13.330910,0.766385,0.279852,12.557932,0.000000,237
3817,107091044283530,13.333223,3.217025,0.364048,10.111102,0.000000,237
3818,107091057616753,13.337667,0.784090,0.421708,12.545939,0.000000,237
3819,107091070954420,13.328678,1.172891,0.372962,12.149682,0.000000,237
3820,107091084283098,13.334355,0.760356,0.375289,12.568834,0.000000,237
3821,107091097617453,13.333837,0.722979,0.386121,12.605621,0.000000,237
3822,107091110951290,13.332483,0.900991,0.257732,12.426171,0.000000,237
3823,107091124283773,13.333624,0.764812,0.260778,12.562878,0.000000,237
3824,107091137617397,13.337073,0.850016,0.287155,12.480181,0.000000,237
3825,107091150954470,13.331474,3.701426,0.266325,9.621830,0.000000,237
3826,107091164285944,13.329756,0.942342,0.267244,12.380971,0.000000,237
3827,107091177615700,13.334951,1.176610,0.270065,12.152684,0.000000,237
3828,107091190950651,13.336770,0.838489,0.297067,12.490439,0.000000,237
3829,107091204287421,13.329824,0.970253,0.398042,12.351814,0.000000,237
3830,107091217617245,13.333350,0.900044,0.361004,12.426343,0.000000,237
3831,107091230950595,13.336941,0.798743,0.406797,12.530569,0.000000,237
3832,107091244287536,13.331372,1.057932,0.409195,12.265664,0.000000,237
3833,107091257618908,13.334525,3.765254,0.357686,9.562401,0.000000,237
3834,107091270953433,13.333666,0.921419,0.409573,12.405591,0.000000,237
3835,107091284287099,13.331405,1.490650,0.354453,11.833991,0.000000,237
3836,107091297618504,13.334285,0.857961,0.350455,12.469245,0.000000,237
3837,107091310952789,13.334345,0.749656,0.476871,12.577592,0.000000,237
3838,107091324287134,13.332037,1.068472,0.379410,12.257469,0.000000,237
3839,107091337619171,13.331941,0.782550,0.379954,12.543846,0.000000,237
3840,107091350951112,13.337107,0.785851,0.395478,12.545478,0.000000,237
3841,107091364288219,13.331445,3.732809,0.364552,9.591264,0.000000,237
3842,107091377619664,13.333115,0.939466,0.383558,12.387482,0.000000,237
3843,107091390952779,13.336547,1.117770,0.381797,12.211204,0.000000,237
3844,107091404289326,13.329440,1.087100,0.348566,12.234766,0.000000,237
3845,107091417618766,13.338730,0.953258,0.366817,12.377239,0.000000,237
3846,107091430957496,13.333569,0.877170,0.390098,12.448648,0.000000,237
3847,107091444291065,13.329220,1.175327,0.462339,12.143764,0.000000,237
3848,107091457620285,13.333444,1.132388,0.393830,12.194420,0.000000,237
3849,107091470953729,13.335879,3.226949,0.509339,10.101622,0.000000,237
3850,107091484289608,13.330476,1.013411,0.356527,12.311015,0.000000,237
3851,107091497620084,13.332029,1.109506,0.373005,12.217830,0.000000,237
3852,107091510952113,13.335120,0.805080,0.367398,12.523610,0.000000,237
3853,107091524287233,13.337620,0.915757,0.375421,12.413695,0.000000,237
3854,107091537624853,13.327093,1.064361,0.370051,12.256315,0.000000,237
3855,107091550951946,13.336173,0.790464,0.372031,12.539982,0.000000,237
3856,107091564288119,13.334386,0.964557,0.395058,12.362534,0.000000,237
3857,107091577622505,13.331639,3.565940,0.370350,9.758312,0.000000,237
3858,107091590954144,13.333018,0.676819,0.356502,12.651054,0.000000,237
3859,107091604287162,13.344436,0.996884,0.502826,12.337797,0.000000,237
3860,107091617631598,13.322313,1.016595,0.346537,12.297370,0.000000,237
3861,107091630953911,13.333935,0.832610,0.379011,12.495114,0.000000,237
3862,107091644287846,13.335358,1.014192,0.432872,12.313888,0.000000,237
3863,107091657623204,13.329929,0.998153,0.377151,12.324817,0.000000,237
3864,107091670953133,13.332404,0.662729,0.390688,12.664731,0.000000,238
3865,107091684285537,13.333714,3.196180,0.456999,10.132754,0.000000,238
3866,107091697619251,13.341097,0.956587,0.388870,12.376053,0.000000,238
3867,107091710960348,13.328866,1.866138,0.329513,11.455066,0.000000,238
3868,107091724289214,13.334574,0.949099,0.461298,12.378152,0.000000,238
3869,107091737623788,13.330149,1.036146,0.349578,12.285945,0.000000,238
3870,107091750953937,13.332975,0.821829,0.357904,12.505483,0.000000,238
3871,107091764286912,13.338502,0.908294,0.378495,12.422658,0.000000,238
3872,107091777625414,13.328952,1.102111,0.380365,12.219988,0.000000,238
3873,107091790954366,13.334536,3.121222,0.393361,10.207418,0.000000,238
3874,107091804288902,13.334013,0.775163,0.419351,12.553758,0.000000,238
3875,107091817622915,13.330931,1.374569,0.348673,11.950288,0.000000,238
3876,107091830953846,13.334989,0.790225,0.385383,12.539121,0.000000,238
3877,107091844288835,13.336705,0.951435,0.410141,12.377895,0.000000,238
3878,107091857625540,13.329401,1.207572,0.351357,12.114556,0.000000,238
3879,107091870954941,13.333382,0.701037,0.236614,12.626925,0.000000,238
3880,107091884288323,13.333272,0.747514,0.328243,12.580675,0.000000,238
3881,107091897621595,13.338330,3.203667,0.330850,10.127863,0.000000,238
3882,107091910959925,13.329385,0.861647,0.362443,12.460970,0.000000,238
3883,107091924289310,13.333037,0.998801,0.360863,12.329284,0.000000,238
3884,107091937622347,13.336151,1.028347,0.495761,12.301326,0.000000,238
3885,107091950958498,13.330065,1.002259,0.341166,12.321682,0.000000,238
3886,107091964288563,13.335709,0.763944,0.346087,12.565086,0.000000,238
3887,107091977624272,13.334204,0.892183,0.423080,12.435973,0.000000,238
3888,107091990958476,13.330866,0.990962,0.368967,12.334141,0.000000,238
3889,107092004289342,13.333350,3.569150,0.360050,9.758104,0.000000,238
3890,107092017622692,13.335398,0.920065,0.380636,12.408759,0.000000,238
3891,107092030958090,13.330185,1.369903,0.343699,11.954133,0.000000,238
3892,107092044288275,13.335130,0.859287,0.338883,12.470100,0.000000,238
3893,107092057623405,13.337169,0.904282,0.373059,12.425291,0.000000,238
3894,107092070960574,13.328253,0.987425,0.371382,12.333632,0.000000,238
3895,107092084288827,13.335600,0.936546,0.323604,12.393630,0.000000,238
3896,107092097624427,13.346791,0.902075,0.341998,12.432976,0.000000,238
3897,107092110971218,13.319490,3.662315,0.353841,9.646936,0.000000,238
3898,107092124290708,13.332480,0.934002,0.327042,12.392984,0.000000,238
3899,107092137623188,13.343190,1.212748,0.319822,12.120535,0.000000,238
3900,107092150966378,13.324532,0.900882,0.265409,12.413905,0.000000,238
3901,107092164290910,13.334004,0.896075,0.309606,12.431340,0.000000,238
3902,107092177624914,13.341056,0.924274,0.439518,12.409069,0.000000,238
3903,107092190965970,13.326373,1.040469,0.363815,12.277687,0.000000,238
3904,107092204292343,13.331574,0.996748,0.352380,12.328736,0.000000,238
3905,107092217623917,13.333776,3.559866,0.337928,9.767618,0.000000,238
3906,107092230957693,13.338037,0.827779,0.375071,12.501397,0.000000,238
3907,107092244295730,13.330189,1.446446,0.355129,11.873040,0.000000,238
3908,107092257625919,13.332860,0.931287,0.358248,12.394446,0.000000,238
3909,107092270958779,13.335352,0.818821,0.367911,12.509288,0.000000,238
3910,107092284294131,13.330747,1.224383,0.344176,12.098872,0.000000,238
3911,107092297624878,13.333454,0.892711,0.332454,12.433575,0.000000,238
3912,107092310958332,13.337178,0.795191,0.376039,12.533501,0.000000,238
3913,107092324295510,13.330300,3.761099,0.344771,9.560620,0.000000,238
3914,107092337625810,13.332400,0.928381,0.365726,12.397089,0.000000,238
3915,107092350958210,13.336622,1.113231,0.408631,12.215934,0.000000,238
3916,107092364294832,13.332613,1.064662,0.383278,12.259583,0.000000,238
3917,107092377627445,13.332052,1.009341,0.361022,12.314875,0.000000,238
3918,107092390959497,13.337325,0.807145,0.459032,12.522070,0.000000,238
3919,107092404296822,13.333291,1.130217,0.273707,12.192085,0.000000,238
3920,107092417630113,13.329764,0.981000,0.257739,12.339744,0.000000,238
3921,107092430959877,13.335473,3.579719,0.299095,9.748128,0.000000,238
3922,107092444295350,13.333843,1.113396,0.281574,12.212312,0.000000,238
3923,107092457629193,13.330158,1.285399,0.288193,12.036465,0.000000,238
3924,107092470959351,13.336519,1.008628,0.328881,12.319823,0.000000,238
3925,107092484295870,13.334647,1.177345,0.352983,12.147214,0.000000,238
3926,107092497630517,13.327825,0.953504,0.359545,12.368453,0.000000,238
3927,107092510958342,13.337647,0.810771,0.399775,12.520007,0.000000,238
3928,107092524295989,13.332560,1.095433,0.391253,12.228331,0.000000,238
3929,107092537628549,13.334659,3.657543,0.366971,9.666561,0.000000,238
3930,107092550963208,13.333033,0.853688,0.395281,12.470794,0.000000,238
3931,107092564296241,13.330833,1.385260,0.348096,11.937265,0.000000,238
3932,107092577627074,13.340548,1.137613,0.369326,12.193293,0.000000,238
3933,107092590967622,13.326192,0.880213,0.427121,12.438098,0.000000,238
3934,107092604293814,13.330718,1.036525,0.360342,12.288226,0.000000,238
3935,107092617624532,13.345084,0.818674,0.401358,12.515392,0.000000,238
3936,107092630969616,13.340294,0.900911,0.370998,12.423903,0.000000,238
3937,107092644309910,13.320351,3.285088,0.396804,10.024737,0.000000,238
3938,107092657630261,13.331158,0.955418,0.378529,12.368623,0.000000,238
3939,107092670961419,13.333672,1.010759,0.471242,12.316550,0.000000,238
3940,107092684295091,13.334875,1.079437,0.438289,12.248214,0.000000,238
3941,107092697629966,13.339628,1.182917,0.374722,12.144622,0.000000,238
3942,107092710969594,13.325131,0.964944,0.369483,12.352241,0.000000,238
3943,107092724294725,13.334853,0.960409,0.399321,12.366621,0.000000,238
3944,107092737629578,13.334105,1.105894,0.344870,12.219683,0.000000,238
3945,107092750963683,13.332400,3.664731,0.429213,9.660353,0.000000,238
3946,107092764296083,13.336418,1.162279,0.407522,12.166120,0.000000,238
3947,107092777632501,13.329736,1.432508,0.416755,11.888802,0.000000,238
3948,107092790962237,13.334677,0.991275,0.484213,12.335816,0.000000,238
3949,107092804296914,13.335545,1.194764,0.414295,12.133056,0.000000,238
3950,107092817632459,13.331627,1.145850,0.446620,12.177137,0.000000,238
3951,107092830964086,13.335290,1.012156,0.356028,12.313541,0.000000,238
3952,107092844299376,13.332242,1.160812,0.374996,12.161977,0.000000,239
3953,107092857631618,13.331929,4.010517,0.432625,9.313230,0.000000,239
3954,107092870963547,13.332675,0.869641,0.380071,12.456349,0.000000,239
3955,107092884296222,13.335479,3.897236,0.382352,9.430257,0.000000,239
3956,107092897631701,13.339819,0.974868,0.449879,12.353766,0.000000,239
3957,107092910971520,13.325842,0.925682,0.392993,12.392834,0.000000,239
3958,107092924297362,13.331392,0.910079,0.356735,12.413565,0.000000,239
3959,107092937628754,13.332537,0.841451,0.361625,12.484726,0.000000,239
3960,107092950961291,13.331759,0.686442,0.348156,12.640193,0.000000,239
3961,107092964293050,13.334840,3.205840,0.388292,10.123131,0.000000,239
3962,107092977627890,13.333376,0.833836,0.272357,12.494348,0.000000,239
3963,107092990961266,13.334769,0.972665,0.290221,12.355782,0.000000,239
3964,107093004296035,13.330809,0.878801,0.432008,12.446156,0.000000,239
3965,107093017626844,13.337398,0.851683,0.397972,12.479638,0.000000,239
3966,107093030964242,13.332733,0.812952,0.378478,12.512179,0.000000,239
3967,107093044296975,13.330908,0.829399,0.414995,12.494893,0.000000,239
3968,107093057627883,13.337404,0.811419,0.370042,12.519047,0.000000,239
3969,107093070965287,13.332532,3.246579,0.345635,10.077569,0.000000,239
3970,107093084297819,13.334565,0.924157,0.359342,12.400948,0.000000,239
3971,107093097632384,13.332758,1.117957,0.419063,12.207611,0.000000,239
3972,107093110965142,13.330871,0.831454,0.447859,12.493000,0.000000,239
3973,107093124296013,13.333228,0.851958,0.340325,12.475009,0.000000,239
3974,107093137629241,13.335092,0.832588,0.375552,12.496593,0.000000,239
3975,107093150964333,13.334805,0.774734,0.408362,12.552139,0.000000,239
3976,107093164299138,13.332196,0.895755,0.342612,12.429783,0.000000,239
3977,107093177631334,13.335145,3.203538,0.393526,10.125150,0.000000,239
3978,107093190966479,13.331736,0.764201,0.373145,12.560062,0.000000,239
3979,107093204298215,13.333978,1.131050,0.408783,12.196657,0.000000,239
3980,107093217632193,13.333773,0.824310,0.354279,12.502817,0.000000,239
3981,107093230965966,13.332268,0.774957,0.410610,12.549798,0.000000,239
3982,107093244298234,13.335079,1.145219,0.357161,12.180592,0.000000,239
3983,107093257633313,13.333116,0.954760,0.352744,12.370224,0.000000,239
3984,107093270966429,13.332801,0.870235,0.379554,12.454528,0.000000,239
3985,107093284299230,13.330724,3.869129,0.354908,9.452520,0.000000,239
3986,107093297629954,13.337214,1.279537,0.271061,12.050567,0.000000,239
3987,107093310967168,13.332509,1.319941,0.330192,12.004235,0.000000,239
3988,107093324299677,13.333132,1.240504,0.310858,12.084232,0.000000,239
3989,107093337632809,13.331340,1.039467,0.362128,12.283540,0.000000,239
3990,107093350964149,13.338926,0.927241,0.481345,12.403894,0.000000,239
3991,107093364303075,13.333666,1.593084,0.352711,11.730210,0.000000,239
3992,107093377636741,13.328678,1.319925,0.907525,12.002095,0.000000,239
3993,107093390965419,13.337028,3.570982,0.266083,9.757882,0.000000,239
3994,107093404302447,13.334304,1.028662,0.271673,12.296566,0.000000,239
3995,107093417636751,13.326605,1.434336,0.363447,11.884520,0.000000,239
3996,107093430963356,13.339011,1.022664,0.302742,12.309244,0.000000,239
3997,107093444302367,13.333027,1.076880,0.273020,12.247186,0.000000,239
3998,107093457635394,13.331574,1.073413,0.348041,12.248520,0.000000,239
3999,107093470966968,13.335364,0.960456,0.351347,12.366890,0.000000,239
4000,107093484302332,13.331408,1.071441,0.376048,12.252449,0.000000,239
4001,107093497633740,13.332689,3.709006,0.397588,9.616653,0.000000,239
4002,107093510966429,13.336720,0.919480,0.367653,12.409674,0.000000,239
4003,107093524303149,13.329634,1.465102,0.387650,11.856303,0.000000,239
4004,107093537632783,13.333765,1.064437,0.446031,12.262863,0.000000,239
4005,107093550966548,13.335796,1.054995,0.459376,12.273361,0.000000,239
4006,107093564302344,13.333063,1.118935,0.312871,12.205425,0.000000,239
4007,107093577635407,13.329662,1.036324,0.349858,12.284209,0.000000,239
4008,107093590965069,13.335391,0.998358,0.469815,12.331141,0.000000,239
4009,107093604300460,13.335686,5.238879,0.281282,8.086651,0.000000,239
4010,107093617636146,13.332753,1.077441,0.285895,12.246462,0.000000,239
4011,107093630968899,13.333199,1.231843,0.255772,12.093888,0.000000,239
4012,107093644302098,13.334195,1.249644,0.286027,12.075973,0.000000,239
4013,107093657636293,13.333994,1.077213,0.268177,12.248510,0.000000,239
4014,107093670970287,13.337806,0.942838,0.384090,12.382858,0.000000,239
4015,107093684308093,13.330453,1.066262,0.425919,12.254571,0.000000,239
4016,107093697638546,13.331985,1.082263,0.452066,12.240268,0.000000,239
4017,107093710970531,13.330446,3.864328,0.343228,9.457759,0.000000,239
4018,107093724300977,13.337603,0.925405,0.410414,12.404352,0.000000,239
4019,107093737638580,13.331781,1.334645,0.394984,11.988154,0.000000,239
4020,107093750970361,13.330610,0.983754,0.377188,12.337837,0.000000,239
4021,107093764300971,13.346811,0.961454,0.403434,12.378685,0.000000,239
4022,107093777647782,13.332946,1.172009,0.377832,12.152078,0.000000,239
4023,107093790980728,13.333054,0.931768,0.386896,12.393422,0.000000,239
4024,107093804313782,13.330687,1.040682,0.413531,12.282937,0.000000,239
4025,107093817644469,13.342522,3.889453,0.453337,9.442515,0.000000,239
4026,107093830986991,13.327943,1.039719,0.429588,12.279335,0.000000,239
4027,107093844314934,13.331514,1.220323,0.444128,12.104458,0.000000,239
4028,107093857646448,13.331195,0.993284,0.363509,12.330981,0.000000,239
4029,107093870977643,13.333590,0.809012,0.601385,12.518481,0.000000,239
4030,107093884311233,13.337022,1.104221,0.680346,12.226027,0.000000,239
4031,107093897648255,13.329947,1.150657,0.416182,12.171711,0.000000,239
4032,107093910978202,13.333690,0.877006,0.401178,12.449707,0.000000,240
4033,107093924311892,13.333603,3.941304,0.452737,9.385528,0.000000,240
4034,107093937645495,13.337242,1.016691,0.468328,12.313599,0.000000,240
4035,107093950982737,13.331526,2.194165,0.356143,11.129244,0.000000,240
4036,107093964314263,13.330738,1.069438,0.392459,12.255027,0.000000,240
4037,107093977645001,13.337742,1.147901,0.398066,12.183680,0.000000,240
4038,107093990982743,13.331378,0.932325,0.361094,12.391170,0.000000,240
4039,107094004314121,13.335000,1.230548,0.386670,12.095442,0.000000,240
4040,107094017649121,13.330113,1.341555,0.392859,11.980405,0.000000,240
4041,107094030979234,13.334298,3.700739,0.387229,9.626157,0.000000,240
4042,107094044313532,13.335464,1.236554,0.451495,12.089818,0.000000,240
4043,107094057648996,13.330146,1.817896,0.394961,11.504254,0.000000,240
4044,107094070979142,13.337532,0.985665,0.394297,12.344153,0.000000,240
4045,107094084316674,13.331075,1.260655,0.405775,12.062652,0.000000,240
4046,107094097647749,13.336604,1.140899,0.412279,12.187966,0.000000,240
4047,107094110984353,13.331335,1.027392,0.393698,12.295788,0.000000,240
4048,107094124315688,13.333220,1.094815,0.402121,12.231377,0.000000,240
4049,107094137648908,13.333450,3.544069,0.365832,9.781529,0.000000,240
4050,107094150982358,13.331796,0.962947,0.388914,12.361323,0.000000,240
4051,107094164314154,13.332330,1.390100,0.407230,11.935592,0.000000,240
4052,107094177646484,13.338071,0.967561,0.400648,12.363771,0.000000,240
4053,107094190984555,13.330431,0.979879,0.403011,12.341617,0.000000,240
4054,107094204314986,13.335110,1.065516,0.435674,12.261799,0.000000,240
4055,107094217650096,13.335158,1.035506,0.409912,12.291235,0.000000,240
4056,107094230985254,13.329342,1.009011,0.388838,12.311418,0.000000,240
4057,107094244314596,13.336744,3.723955,0.383184,9.605403,0.000000,240
4058,107094257651340,13.335209,1.072793,0.509078,12.252195,0.000000,240
4059,107094270986549,13.332330,1.513760,0.444380,11.808974,0.000000,240
4060,107094284318879,13.332141,1.267601,0.476160,12.053417,0.000000,240
4061,107094297651020,13.339837,1.123347,0.434718,12.205801,0.000000,240
4062,107094310990857,13.338417,1.066220,0.415598,12.261955,0.000000,240
4063,107094324329274,13.423443,1.281833,0.415488,12.132595,0.000000,240
4064,107094337752717,13.330619,1.130406,0.418118,12.190629,0.000000,240
4065,107094351083336,13.336888,3.626726,0.427366,9.701934,0.000000,240
4066,107094364420224,13.332519,1.129690,0.414374,12.194290,0.000000,240
4067,107094377752743,13.329868,1.453253,0.401299,11.868490,0.000000,240
4068,107094391082611,13.338339,0.952687,0.415479,12.377958,0.000000,240
4069,107094404420950,13.329067,1.101528,0.471645,12.219113,0.000000,240
4070,107094417750017,13.335539,1.129183,0.373699,12.199724,0.000000,240
4071,107094431085556,13.335787,0.908402,0.433089,12.418388,0.000000,240
4072,107094444421343,13.331672,1.120740,0.375341,12.201854,0.000000,240
4073,107094457753015,13.332943,3.900122,0.382094,9.425013,0.000000,240
4074,107094471085958,13.333575,0.964718,0.416474,12.362028,0.000000,240
4075,107094484419533,13.333867,1.492378,0.370320,11.833228,0.000000,240
4076,107094497753400,13.332692,1.106557,0.436290,12.217835,0.000000,240
4077,107094511086092,13.335048,0.959109,0.398300,12.366278,0.000000,240
4078,107094524421140,13.331856,1.054686,0.368634,12.269163,0.000000,240
4079,107094537752996,13.333220,1.051148,0.418140,12.275154,0.000000,240
4080,107094551086216,13.336650,0.941391,0.460675,12.387681,0.000000,240
4081,107094564422866,13.330543,3.914893,0.382889,9.405933,0.000000,240
4082,107094577753409,13.332025,0.994001,0.412072,12.331060,0.000000,240
4083,107094591085434,13.336373,1.210353,0.403291,12.117610,0.000000,240
4084,107094604421807,13.334584,1.048866,0.491128,12.277246,0.000000,240
4085,107094617756391,13.330755,1.279824,0.417228,12.041928,0.000000,240
4086,107094631087146,13.331484,0.881901,0.352769,12.442837,0.000000,240
4087,107094644418630,13.335447,0.984314,0.396626,12.343992,0.000000,240
4088,107094657754077,13.334216,1.048066,0.354482,12.278825,0.000000,240
4089,107094671088293,13.331435,3.829626,0.364599,9.494673,0.000000,240
4090,107094684419728,13.335599,0.987894,0.291539,12.340577,0.000000,240
4091,107094697755327,13.330514,1.363818,0.318266,11.959419,0.000000,240
4092,107094711085841,13.331656,1.102397,0.203678,12.223623,0.000000,240
4093,107094724417497,13.335413,0.972285,0.310696,12.357378,0.000000,240
4094,107094737752910,13.336393,0.948043,0.361533,12.381714,0.000000,240
4095,107094751089303,13.372411,0.936337,0.321571,12.429173,0.000000,240
4096,107094764461714,13.333511,1.020737,0.398747,12.306226,0.000000,241
4097,107094777795225,13.345378,3.825661,0.367521,9.512247,0.000000,241
4098,107094791140603,13.332904,0.921837,0.346272,12.402839,0.000000,241
4099,107094804473507,13.332399,1.353290,0.252424,11.971797,0.000000,241
4100,107094817805906,13.333553,1.951632,0.219745,11.374590,0.000000,241
4101,107094831139459,13.332550,0.907676,0.212381,12.418145,0.000000,241
4102,107094844472009,13.335998,0.987127,0.330545,12.341761,0.000000,241
4103,107094857808007,13.331618,1.051364,0.317664,12.272461,0.000000,241
4104,107094871139625,13.333849,0.759546,0.400897,12.566548,0.000000,241
4105,107094884473474,13.331180,3.913676,0.321864,9.411545,0.000000,241
4106,107094897804654,13.336217,0.855492,0.328023,12.472038,0.000000,241
4107,107094911140871,13.331115,1.175175,0.322358,12.148818,0.000000,241
4108,107094924471986,13.333947,0.971973,0.330248,12.355657,0.000000,241
4109,107094937805933,13.334840,0.875625,0.372475,12.452767,0.000000,241
4110,107094951140773,13.332830,0.892424,0.369446,12.433031,0.000000,241
4111,107094964473603,13.333290,0.997970,0.329248,12.328510,0.000000,241
4112,107094977806893,13.332871,0.994002,0.368887,12.331092,0.000000,241
4113,107094991139764,13.333283,3.787540,0.325937,9.539664,0.000000,241
4114,107095004473047,13.333902,0.927135,0.327742,12.399644,0.000000,241
4115,107095017806949,13.333024,1.191056,0.334541,12.135700,0.000000,241
4116,107095031139973,13.335618,0.799546,0.371996,12.529110,0.000000,241
4117,107095044475591,13.333125,0.980915,0.378776,12.344586,0.000000,241
4118,107095057808716,13.332069,1.343184,0.349953,11.981585,0.000000,241
4119,107095071140785,13.335258,0.852920,0.349951,12.475130,0.000000,241
4120,107095084476043,13.330794,1.017244,0.386505,12.307031,0.000000,241
4121,107095097806837,13.334130,4.016620,0.315959,9.310274,0.000000,241
4122,107095111140967,13.334434,0.832533,0.392512,12.495653,0.000000,241
4123,107095124475401,13.330567,1.339335,0.336658,11.984048,0.000000,241
4124,107095137805968,13.334902,0.870651,0.441627,12.457587,0.000000,241
4125,107095151140870,13.337197,0.843069,0.379991,12.486531,0.000000,241
4126,107095164478067,13.332240,1.084494,0.370346,12.239047,0.000000,241
4127,107095177810307,13.330393,0.988074,0.412517,12.334752,0.000000,241
4128,107095191140700,13.334497,0.943060,0.407813,12.384919,0.000000,241
4129,107095204475197,13.333226,3.857192,0.365395,9.468173,0.000000,241
4130,107095217808423,13.332968,1.033416,0.397615,12.293212,0.000000,241
4131,107095231141391,13.337801,1.341977,0.370370,11.987310,0.000000,241
4132,107095244479192,13.329824,1.058777,0.340484,12.260809,0.000000,241
4133,107095257809016,13.335169,0.884388,0.347104,12.441736,0.000000,241
4134,107095271144185,13.330142,0.768888,0.367265,12.554807,0.000000,241
4135,107095284474327,13.332221,1.005635,0.350061,12.320483,0.000000,241
4136,107095297806548,13.336529,0.955868,0.384325,12.371571,0.000000,241
4137,107095311143077,13.330908,3.680560,0.298784,9.644771,0.000000,241
4138,107095324473985,13.336052,0.851566,0.394422,12.478191,0.000000,241
4139,107095337810037,13.332862,1.279413,0.354572,12.046079,0.000000,241
4140,107095351142899,13.334091,0.878127,0.269970,12.448573,0.000000,241
4141,107095364476990,13.333988,1.043829,0.223567,12.283199,0.000000,241
4142,107095377810978,13.329862,1.082649,0.231673,12.240415,0.000000,241
4143,107095391140840,13.334128,0.785778,0.240530,12.542208,0.000000,241
4144,107095404474968,13.346193,1.061470,0.345836,12.272663,0.000000,241
4145,107095417821161,13.320602,3.751500,0.280215,9.558738,0.000000,241
4146,107095431141763,13.332417,0.632553,0.239730,12.695197,0.000000,241
4147,107095444474180,13.341540,0.994200,0.350112,12.340127,0.000000,241
4148,107095457815720,13.324898,0.958648,0.263383,12.357912,0.000000,241
4149,107095471140618,13.332221,0.668001,0.241417,12.658694,0.000000,241
4150,107095484472839,13.335275,0.857436,0.332222,12.471759,0.000000,241
4151,107095497808114,13.336859,0.828152,0.401529,12.499556,0.000000,241
4152,107095511144973,13.328280,0.673706,0.306674,12.649554,0.000000,241
4153,107095524473253,13.336974,3.212679,0.392895,10.117899,0.000000,241
4154,107095537810227,13.329614,0.792376,0.419207,12.532536,0.000000,241
4155,107095551139841,13.332740,0.900526,0.319773,12.428576,0.000000,241
4156,107095564472581,13.337050,0.719584,0.363876,12.612109,0.000000,241
4157,107095577809631,13.330680,0.879344,0.380288,12.445914,0.000000,241
4158,107095591140311,13.336834,0.547600,0.417088,12.782748,0.000000,241
4159,107095604477145,13.332113,0.736351,0.398946,12.590804,0.000000,241
4160,107095617809258,13.332841,0.872316,0.353047,12.455116,0.000000,241
4161,107095631142099,13.330738,3.257394,0.327239,10.068352,0.000000,241
4162,107095644472837,13.336095,0.478041,0.337590,12.853668,0.000000,241
4163,107095657808932,13.333005,1.080771,0.429539,12.245851,0.000000,242
4164,107095671141937,13.333259,0.652561,0.324067,12.675288,0.000000,242
4165,107095684475196,13.331516,0.786425,0.436870,12.540385,0.000000,242
4166,107095697806712,13.337649,1.638494,0.359898,11.693401,0.000000,242
4167,107095711144361,13.332570,0.740598,0.366266,12.585118,0.000000,242
4168,107095724476931,13.332868,0.766552,0.335211,12.559878,0.000000,242
4169,107095737809799,13.331383,3.431283,0.290672,9.894121,0.000000,242
4170,107095751141182,13.336348,0.557091,0.363023,12.774842,0.000000,242
4171,107095764477530,13.335694,1.244226,0.364724,12.084141,0.000000,242
4172,107095777813224,13.332898,0.999146,0.541504,12.324249,0.000000,242
4173,107095791146122,13.328592,0.878951,0.248402,12.443780,0.000000,242
4174,107095804474714,13.335325,0.753807,0.389935,12.576220,0.000000,242
4175,107095817810039,13.331751,1.013982,0.408093,12.313074,0.000000,242
4176,107095831141790,13.334313,0.796284,0.357542,12.532431,0.000000,242
4177,107095844476103,13.331326,3.351629,0.360515,9.975678,0.000000,242
4178,107095857807429,13.334577,0.644828,0.351419,12.684985,0.000000,242
4179,107095871142006,13.335433,0.975379,0.333685,12.354061,0.000000,242
4180,107095884477439,13.332494,0.891050,0.332389,12.435489,0.000000,242
4181,107095897809933,13.333427,0.868777,0.236368,12.458787,0.000000,242
4182,107095911143360,13.334647,0.722612,0.406023,12.607147,0.000000,242
4183,107095924478007,13.330865,0.987974,0.321557,12.337901,0.000000,242
4184,107095937808872,13.335802,0.728606,0.328885,12.601916,0.000000,242
4185,107095951144674,13.330661,3.223679,0.330013,10.101070,0.000000,242
4186,107095964475335,13.333331,0.738693,0.498090,12.589548,0.000000,242
4187,107095977808666,13.335392,1.166229,1.015480,12.163236,0.000000,242
4188,107095991144058,13.331701,0.680082,0.363762,12.646595,0.000000,242
4189,107096004475759,13.333191,0.964716,0.362280,12.363869,0.000000,242
4190,107096017808950,13.334501,0.999700,0.262357,12.330031,0.000000,242
4191,107096031143451,13.333541,0.670880,0.258480,12.657193,0.000000,242
4192,107096044476992,13.332353,0.909487,0.472687,12.418044,0.000000,242
4193,107096057809345,13.334306,3.284872,0.346031,10.044161,0.000000,242
4194,107096071143651,13.337042,0.701490,0.342718,12.628923,0.000000,242
4195,107096084480693,13.328716,1.152165,0.341187,12.171219,0.000000,242
4196,107096097809409,13.333516,0.795017,0.382045,12.533919,0.000000,242
4197,107096111142925,13.335151,0.836695,0.390298,12.493259,0.000000,242
4198,107096124478076,13.345666,1.140802,0.389560,12.193266,0.000000,242
4199,107096137823742,13.338540,1.371753,0.418046,11.947951,0.000000,242
4200,107096151162282,13.327669,1.144191,0.394227,12.168897,0.000000,242
4201,107096164489951,13.327801,4.265106,0.444741,9.050754,0.000000,242
4202,107096177817752,13.336618,1.216719,0.624204,12.105492,0.000000,242
4203,107096191154370,13.327736,1.388284,0.381652,11.930482,0.000000,242
4204,107096204482106,13.335354,1.095807,0.636011,12.229829,0.000000,242
4205,107096217817460,13.329287,1.120574,0.381153,12.202598,0.000000,242
4206,107096231146747,13.336680,0.863856,0.405797,12.448864,0.000000,242
4207,107096244483427,13.331414,1.147146,0.335233,12.175201,0.000000,242
4208,107096257814841,13.332088,1.013841,0.335774,12.311793,0.000000,242
4209,107096271146929,13.330828,3.294659,0.292313,10.025490,0.000000,242
4210,107096284477757,13.338092,0.836516,0.323644,12.493877,0.000000,242
4211,107096297815849,13.327562,1.149865,0.307989,12.172967,0.000000,242
4212,107096311143411,13.334669,0.777366,0.309030,12.552979,0.000000,242
4213,107096324478080,13.334224,0.815312,0.343845,12.513080,0.000000,242
4214,107096337812304,13.331364,0.791934,0.299707,12.533866,0.000000,242
4215,107096351143668,13.333778,0.620146,0.461821,12.709120,0.000000,242
4216,107096364477446,13.334754,0.831512,0.737780,12.498055,0.000000,242
4217,107096377812200,13.331986,3.375443,0.260294,9.951289,0.000000,242
4218,107096391144186,13.333200,0.630790,0.290355,12.697913,0.000000,242
4219,107096404477386,13.335707,0.999906,0.290410,12.330157,0.000000,242
4220,107096417813093,13.332052,0.769545,0.329701,12.556369,0.000000,242
4221,107096431145145,13.334255,0.665516,0.445371,12.664202,0.000000,242
4222,107096444479400,13.337222,1.018447,0.299127,12.312343,0.000000,242
4223,107096457816622,13.336279,1.191944,0.208563,12.132570,0.000000,242
4224,107096471152901,13.328140,0.984058,0.458093,12.337820,0.000000,242
4225,107096484481041,13.331577,3.622915,0.188021,9.702104,0.000000,242
4226,107096497812618,13.338403,0.891806,0.188893,12.438449,0.000000,242
4227,107096511151021,13.330143,1.129405,0.239893,12.195102,0.000000,242
4228,107096524481164,13.338394,0.857738,0.227931,12.472986,0.000000,242
4229,107096537819558,13.332537,1.027218,0.225309,12.295115,0.000000,242
4230,107096551152095,13.328333,0.804440,0.339375,12.519067,0.000000,242
4231,107096564480428,13.333905,0.831926,0.369125,12.496811,0.000000,242
4232,107096577814333,13.338780,0.854521,0.274850,12.472801,0.000000,242
4233,107096591153113,13.325928,3.147931,0.275934,10.173374,0.000000,242
4234,107096604479041,13.338131,0.829439,0.377241,12.502970,0.000000,242
4235,107096617817172,13.334206,1.304991,0.641898,12.018111,0.000000,242
4236,107096631151378,13.328349,2.102375,0.306416,11.220572,0.000000,242
4237,107096644479727,13.337295,0.786138,0.390171,12.544640,0.000000,242
4238,107096657817022,13.329356,0.935036,0.450733,12.387798,0.000000,242
4239,107096671146378,13.335025,0.835276,0.422209,12.491757,0.000000,242
4240,107096684481403,13.332066,0.891315,0.389430,12.435723,0.000000,243
4241,107096697813469,13.338246,3.663059,0.544312,9.665955,0.000000,243
4242,107096711151715,13.330622,0.645808,0.372478,12.679159,0.000000,243
4243,107096724482337,13.330955,1.996823,0.366774,11.329668,0.000000,243
4244,107096737813292,13.340531,0.888734,0.235894,12.441800,0.000000,243
4245,107096751153823,13.329635,0.747918,0.246472,12.575175,0.000000,243
4246,107096764483458,13.331298,0.936931,0.258582,12.389435,0.000000,243
4247,107096777814756,13.339639,0.827668,0.291948,12.501532,0.000000,243
4248,107096791154395,13.460079,1.099500,0.449936,12.354044,0.000000,243
4249,107096804614474,13.331288,3.974675,0.202806,9.349727,0.000000,243
4250,107096817945762,13.339061,0.906637,0.271765,12.426575,0.000000,243
4251,107096831284823,13.329271,1.465427,0.246302,11.856669,0.000000,243
4252,107096844614094,13.332357,1.045348,0.222466,12.280582,0.000000,243
4253,107096857946451,13.335693,1.009103,0.281874,12.319924,0.000000,243
4254,107096871282144,13.331326,1.009707,0.254537,12.315813,0.000000,243
4255,107096884613470,13.333423,1.055908,0.243366,12.272359,0.000000,243
4256,107096897946893,13.335554,0.992934,0.252967,12.336266,0.000000,243
4257,107096911282447,13.331498,3.715223,0.225279,9.610272,0.000000,243
4258,107096924613945,13.333378,0.765076,0.412558,12.563351,0.000000,243
4259,107096937947323,13.333514,1.138190,0.373658,12.189220,0.000000,243
4260,107096951280837,13.332045,0.686991,0.388182,12.639441,0.000000,243
4261,107096964612882,13.334013,0.772590,0.443243,12.556344,0.000000,243
4262,107096977946895,13.334429,0.761376,0.399141,12.567823,0.000000,243
4263,107096991281324,13.333090,0.787988,0.380419,12.539897,0.000000,243
4264,107097004614414,13.334897,0.828976,0.382739,12.500313,0.000000,243
4265,107097017949311,13.334531,3.905951,0.370211,9.421204,0.000000,243
4266,107097031283842,13.330086,0.801936,0.432805,12.522449,0.000000,243
4267,107097044613928,13.334384,1.258330,0.386545,12.071257,0.000000,243
4268,107097057948312,13.333502,1.245104,0.351198,12.082899,0.000000,243
4269,107097071281814,13.336825,0.882599,0.380690,12.447599,0.000000,243
4270,107097084618639,13.330368,1.180591,0.355269,12.143686,0.000000,243
4271,107097097949007,13.346626,1.133618,0.351255,12.194138,0.000000,243
4272,107097111295633,13.658492,0.895986,0.366346,12.755479,0.000000,243
4273,107097124954125,13.329762,4.069730,0.356627,9.253046,0.000000,243
4274,107097138283887,13.333859,0.882197,0.422763,12.444120,0.000000,243
4275,107097151617746,13.337334,1.214222,0.611810,12.115979,0.000000,243
4276,107097164955080,13.330003,1.136633,0.382556,12.186043,0.000000,243
4277,107097178285083,13.333203,1.107345,0.385939,12.218929,0.000000,243
4278,107097191618286,13.333921,0.968717,0.435681,12.357802,0.000000,243
4279,107097204952207,13.394139,1.253621,0.411688,12.132934,0.000000,243
4280,107097218346346,13.332406,1.234551,0.408983,12.090961,0.000000,243
4281,107097231678752,13.335983,3.771870,0.402380,9.554563,0.000000,243
4282,107097245014735,13.332316,1.112036,0.356251,12.212917,0.000000,243
4283,107097258347051,13.331789,1.578149,0.394672,11.744343,0.000000,243
4284,107097271678840,13.332805,1.022529,0.454149,12.303147,0.000000,243
4285,107097285011645,13.334883,1.296935,0.417163,12.030393,0.000000,243
4286,107097298346528,13.330942,1.200146,0.366479,12.124872,0.000000,243
4287,107097311677470,13.336059,0.885982,0.438360,12.443428,0.000000,243
4288,107097325013529,13.331170,1.111587,0.352804,12.212960,0.000000,243
4289,107097338344699,13.333788,3.761068,0.335873,9.566220,0.000000,243
4290,107097351678487,13.336950,0.780562,0.374981,12.549988,0.000000,243
4291,107097365015437,13.330871,1.462493,0.350447,11.860720,0.000000,243
4292,107097378346308,13.333721,0.925067,0.319458,12.402864,0.000000,243
4293,107097391680029,13.332740,0.864272,0.321643,12.461888,0.000000,244
4294,107097405012769,13.337197,0.929439,0.409494,12.400466,0.000000,244
4295,107097418349966,13.328304,1.148851,0.416451,12.172652,0.000000,244
4296,107097431678270,13.334564,1.422443,0.392391,11.906811,0.000000,244
4297,107097445012834,13.337596,3.464107,0.439263,9.867201,0.000000,244
4298,107097458350430,13.332125,1.065813,0.439464,12.257478,0.000000,244
4299,107097471682555,13.331500,1.412740,0.382442,11.911705,0.000000,244
4300,107097485014055,13.336201,1.088768,0.406100,12.239913,0.000000,244
4301,107097498350256,13.330432,1.137540,0.370733,12.186604,0.000000,244
4302,107097511680688,13.494587,0.954659,0.398223,12.533637,0.000000,244
4303,107097525175275,13.336738,1.271034,0.512140,12.058167,0.000000,244
4304,107097538512013,13.330444,1.349054,0.368136,11.974001,0.000000,244
4305,107097551842457,13.331250,3.786129,0.333590,9.538540,0.000000,244
4306,107097565173707,13.337590,0.798474,0.417763,12.533164,0.000000,244
4307,107097578511297,13.330581,1.420739,0.361164,11.902335,0.000000,244
4308,107097591841878,13.341387,0.870147,0.378762,12.463785,0.000000,244
4309,107097605183265,13.332624,0.936556,0.401835,12.389534,0.000000,244
4310,107097618515889,13.333831,1.051491,0.373640,12.275351,0.000000,244
4311,107097631849720,13.333026,0.873556,0.399619,12.451992,0.000000,244
4312,107097645182746,13.336356,0.972423,0.284601,12.356144,0.000000,244
4313,107097658519102,13.331086,3.940604,0.231829,9.382108,0.000000,244
4314,107097671850188,13.330980,0.889355,0.244738,12.435073,0.000000,244
4315,107097685181168,13.337752,1.266132,0.235325,12.064041,0.000000,244
4316,107097698518920,13.331227,1.016046,0.231116,12.306806,0.000000,244
4317,107097711850147,13.330972,0.762049,0.217876,12.563473,0.000000,244
4318,107097725181119,13.337359,0.765182,0.260068,12.565689,0.000000,244
4319,107097738518478,13.331797,0.888545,0.229948,12.436313,0.000000,244
4320,107097751850275,13.332084,0.776593,0.237035,12.549427,0.000000,244
4321,107097765182359,13.337684,3.352550,0.376967,9.976956,0.000000,244
4322,107097778520043,13.332884,1.108461,0.472912,12.216626,0.000000,244
4323,107097791852927,13.331958,1.379075,0.389545,11.946136,0.000000,244
4324,107097805184885,13.333536,0.999964,0.346606,12.326057,0.000000,244
4325,107097818518421,13.331825,0.985808,0.463214,12.339656,0.000000,244
4326,107097831850246,13.333104,0.882401,0.583278,12.444639,0.000000,244
4327,107097845183350,13.338574,0.887549,0.450547,12.443538,0.000000,244
4328,107097858521924,13.330816,1.282852,0.385619,12.039819,0.000000,244
4329,107097871852740,13.328390,5.095192,0.566267,8.227830,0.000000,244
4330,107097885181130,13.335573,0.915101,0.396342,12.415161,0.000000,244
4331,107097898516703,13.334090,1.279087,0.291382,12.047564,0.000000,244
4332,107097911850793,13.333358,0.840767,0.554329,12.486016,0.000000,244
4333,107097925184151,13.331646,0.933457,0.287741,12.392140,0.000000,245
4334,107097938515797,13.337818,0.776985,0.276119,12.553934,0.000000,245
4335,107097951853615,13.331759,0.935298,0.367901,12.389402,0.000000,245
4336,107097965185374,13.335580,1.594626,0.348643,11.733463,0.000000,245
4337,107097978520954,13.329666,3.384062,0.280768,9.938900,0.000000,245
4338,107097991850620,13.335439,0.756911,0.336931,12.571754,0.000000,245
4339,107098005186059,13.331876,1.150931,0.364054,12.174083,0.000000,245
4340,107098018517935,13.335601,1.136441,0.494276,12.192321,0.000000,245
4341,107098031853536,13.333629,1.010158,0.305455,12.316824,0.000000,245
4342,107098045187165,13.332108,0.996568,0.222388,12.328847,0.000000,245
4343,107098058519273,13.335358,0.941323,0.355739,12.386723,0.000000,245
4344,107098071854631,13.332069,0.916637,0.332618,12.407339,0.000000,245
4345,107098085186700,13.330699,3.361140,0.158192,9.963712,0.000000,245
4346,107098098517399,13.347017,0.853742,0.576537,12.481937,0.000000,245
4347,107098111864416,13.323797,1.427786,0.201640,11.886420,0.000000,245
4348,107098125188213,13.331947,1.023524,0.177087,12.301650,0.000000,245
4349,107098138520160,13.330991,0.941646,0.485116,12.382204,0.000000,245
4350,107098151851151,13.335610,0.930369,0.535031,12.398015,0.000000,245
4351,107098165186761,13.335898,0.966823,0.475210,12.360372,0.000000,245
4352,107098178522659,13.332113,1.037921,0.328331,12.286515,0.000000,245
4353,107098191854772,13.331678,3.483294,0.549002,9.841368,0.000000,245
4354,107098205186450,13.334961,0.887010,0.490931,12.441190,0.000000,245
4355,107098218521411,13.336423,1.172935,0.351803,12.152932,0.000000,245
4356,107098231857834,13.328279,0.856052,0.367658,12.464891,0.000000,245
4357,107098245186113,13.333359,1.054654,0.345344,12.271185,0.000000,245
4358,107098258519472,13.332373,0.996206,0.316637,12.329478,0.000000,245
4359,107098271851845,13.334999,0.855055,0.362315,12.473436,0.000000,245
4360,107098285186844,13.331415,0.950411,0.312825,12.375276,0.000000,245
4361,107098298518259,13.333374,3.251071,0.300779,10.077177,0.000000,245
4362,107098311851633,13.335609,0.683326,0.345251,12.646769,0.000000,245
4363,107098325187242,13.334501,1.174250,0.372783,12.154074,0.000000,245
4364,107098338521743,13.331143,0.946848,0.320340,12.377402,0.000000,245
4365,107098351852886,13.332625,0.768186,0.417857,12.557909,0.000000,245
4366,107098365185511,13.334331,1.671253,0.318807,11.657404,0.000000,245
4367,107098378519842,13.333438,1.736233,0.293411,11.590707,0.000000,245
4368,107098391853280,13.333562,0.736218,0.325679,12.591401,0.000000,245
4369,107098405186842,13.333092,3.401101,0.293858,9.924629,0.000000,245
4370,107098418519934,13.332772,0.753696,0.238131,12.573295,0.000000,245
4371,107098431852706,13.336239,1.652430,0.238305,11.677536,0.000000,245
4372,107098445188945,13.331289,0.943720,0.226581,12.380612,0.000000,245
4373,107098458520234,13.333946,0.827168,0.218733,12.499207,0.000000,245
4374,107098471854180,13.335129,0.801577,0.300972,12.526178,0.000000,245
4375,107098485189309,13.332457,0.948745,0.286914,12.376327,0.000000,245
4376,107098498521766,13.330418,0.942176,0.400602,12.382414,0.000000,245
4377,107098511852184,13.337092,3.351126,0.313917,9.979364,0.000000,245
4378,107098525189276,13.333875,0.917617,0.317476,12.409007,0.000000,245
4379,107098538523151,13.332928,1.215170,0.293659,12.110864,0.000000,245
4380,107098551856079,13.334171,0.781721,0.311173,12.545166,0.000000,245
4381,107098565190250,13.333602,0.863075,0.296085,12.463375,0.000000,245
4382,107098578523852,13.331914,0.848099,0.309047,12.477485,0.000000,245
4383,107098591855766,13.335076,0.777741,0.336361,12.550195,0.000000,245
4384,107098605190842,13.332547,0.906910,0.376238,12.417770,0.000000,245
4385,107098618523389,13.328547,3.495383,0.257077,9.826479,0.000000,245
4386,107098631851936,13.335949,0.613890,0.324395,12.717194,0.000000,245
4387,107098645187885,13.335935,1.227276,0.331624,12.101519,0.000000,245
4388,107098658523820,13.328328,2.008909,0.269010,11.312286,0.000000,245
4389,107098671852148,13.335819,0.666900,0.306152,12.664133,0.000000,245
4390,107098685187967,13.737976,0.914537,0.329376,12.816253,0.000000,245
4391,107098698925943,13.327497,1.236369,0.278692,12.083779,0.000000,245
4392,107098712253440,13.332258,0.631143,0.348846,12.696269,0.000000,245
4393,107098725585698,13.338195,3.510852,0.288562,9.820707,0.000000,245
4394,107098738923893,13.330106,0.782164,0.299323,12.541019,0.000000,245
4395,107098752253999,13.337058,0.953253,0.264857,12.378330,0.000000,245
4396,107098765591057,13.331002,0.874693,0.270986,12.449399,0.000000,245
4397,107098778922059,13.336082,0.799403,0.488503,12.530350,0.000000,245
4398,107098792258141,13.330484,0.772504,0.304581,12.552725,0.000000,245
4399,107098805588625,13.335190,0.806818,0.286326,12.522436,0.000000,245
4400,107098818923815,13.334578,0.813224,0.408657,12.513930,0.000000,245
4401,107098832258393,13.329142,3.535412,0.265215,9.787633,0.000000,245
4402,107098845587535,13.337136,0.717183,0.285678,12.614015,0.000000,245
4403,107098858924671,13.333892,1.127708,0.321191,12.199603,0.000000,245
4404,107098872258563,13.331380,0.875369,0.261762,12.449369,0.000000,245
4405,107098885589943,13.334650,0.928216,0.280470,12.399760,0.000000,245
4406,107098898924593,13.334269,0.883186,0.290811,12.444013,0.000000,245
4407,107098912258862,13.330915,0.775315,0.288733,12.549466,0.000000,245
4408,107098925589777,13.337022,0.819054,0.305559,12.511666,0.000000,245
4409,107098938926799,13.328840,3.339781,0.287779,9.982765,0.000000,245
4410,107098952255639,13.332728,0.732493,0.291120,12.594739,0.000000,245
4411,107098965588367,13.333738,0.971660,0.305908,12.357248,0.000000,245
4412,107098978922105,13.335400,0.789137,0.294844,12.539838,0.000000,245
4413,107098992257505,13.331318,0.723464,0.289939,12.601249,0.000000,245
4414,107099005588823,13.332423,0.720577,0.284463,12.606753,0.000000,245
4415,107099018921246,13.340331,0.701890,0.325131,12.632931,0.000000,245
4416,107099032261577,13.328820,1.289663,0.332029,12.031795,0.000000,245
4417,107099045590397,13.330979,3.423785,0.260712,9.901894,0.000000,245
4418,107099058921376,13.338433,0.768546,0.314411,12.564322,0.000000,245
4419,107099072259809,13.330518,1.043924,0.338233,12.280124,0.000000,246
4420,107099085590327,13.333740,2.021406,0.324513,11.306568,0.000000,246
4421,107099098924067,13.333936,0.935586,0.336806,12.392337,0.000000,246
4422,107099112258003,13.332466,1.460124,0.325525,11.866200,0.000000,246
4423,107099125590469,13.333517,1.634367,0.282277,11.692866,0.000000,246
4424,107099138923986,13.334528,0.744276,0.408939,12.584213,0.000000,246
4425,107099152258514,13.334338,3.617327,0.316397,9.710436,0.000000,246
4426,107099165592852,13.331669,0.890865,0.281728,12.434176,0.000000,246
4427,107099178924521,13.335826,1.030533,0.298650,12.298981,0.000000,246
4428,107099192260347,13.332741,0.758474,0.273174,12.566632,0.000000,246
4429,107099205593088,13.331335,0.824710,0.266968,12.501274,0.000000,246
4430,107099218924423,13.392762,1.596303,0.297261,11.790630,0.000000,246
4431,107099232317185,13.332502,0.790229,0.308692,12.535713,0.000000,246
4432,107099245649687,13.331238,1.915995,0.391273,11.409270,0.000000,246
4433,107099258980925,13.334131,3.399911,0.279500,9.928632,0.000000,246
4434,107099272315056,13.336977,0.817070,1.456533,12.512069,0.000000,246
4435,107099285652033,13.328151,1.227339,0.282670,12.094076,0.000000,246
4436,107099298980184,13.337094,0.750541,0.320760,12.581386,0.000000,246
4437,107099312317278,13.332434,0.789475,0.205101,12.536295,0.000000,246
4438,107099325649712,13.331970,0.856689,0.173596,12.468850,0.000000,246
4439,107099338981682,13.333870,0.775928,0.189084,12.552193,0.000000,246
4440,107099352315552,13.336348,0.906857,0.230745,12.422334,0.000000,246
4441,107099365651900,13.327716,3.418007,0.153034,9.903017,0.000000,246
4442,107099378979616,13.333650,0.686940,0.212878,12.642076,0.000000,246
4443,107099392313266,13.335484,0.890483,0.214036,12.439455,0.000000,246
4444,107099405648750,13.331754,0.798723,0.194388,12.527871,0.000000,246
4445,107099418980504,13.332766,0.711703,0.183066,12.616350,0.000000,246
4446,107099432313270,13.334783,0.614965,0.204419,12.714731,0.000000,246
4447,107099445648053,13.334065,0.759796,0.213118,12.567866,0.000000,246
4448,107099458982118,13.332539,0.785083,0.321066,12.541610,0.000000,246
4449,107099472314657,13.331613,3.343486,0.159119,9.982996,0.000000,246
4450,107099485646270,13.339542,0.689895,0.234509,12.644362,0.000000,246
4451,107099498985812,13.330507,1.122462,0.286735,12.200951,0.000000,246
4452,107099512316319,13.330351,0.740884,0.285410,12.584947,0.000000,246
4453,107099525646670,13.335281,0.728706,0.286440,12.601089,0.000000,246
4454,107099538981951,13.333315,0.779929,0.278779,12.546712,0.000000,246
4455,107099552315266,13.334854,0.614496,0.301585,12.715305,0.000000,246
4456,107099565650120,13.332983,0.825101,0.426463,12.501496,0.000000,246
4457,107099578983103,13.330670,3.412963,0.253452,9.912528,0.000000,246
4458,107099592313773,13.337226,0.586774,0.309418,12.745010,0.000000,246
4459,107099605650999,13.335181,1.321427,0.308967,12.005269,0.000000,246
4460,107099618986180,13.331191,0.997602,0.319060,12.325728,0.000000,246
4461,107099632317371,13.334471,0.870300,1.560240,12.457527,0.000000,246
4462,107099645651842,13.334341,1.014435,0.320516,12.312773,0.000000,246
4463,107099658986183,13.330977,1.624170,0.271039,11.699208,0.000000,246
4464,107099672317160,13.331570,0.670277,0.341324,12.655937,0.000000,246
4465,107099685648730,13.334774,3.371571,0.260677,9.957904,0.000000,246
4466,107099698983504,13.333286,0.790327,0.293559,12.537388,0.000000,246
4467,107099712316790,13.332986,0.908220,0.264574,12.419838,0.000000,246
4468,107099725649776,13.336282,0.725553,0.293353,12.604012,0.000000,246
4469,107099738986058,13.330580,0.810947,0.268457,12.512321,0.000000,246
4470,107099752316638,13.333441,0.671348,0.269020,12.656189,0.000000,246
4471,107099765650079,13.332839,0.749378,0.264888,12.579020,0.000000,246
4472,107099778982918,13.335786,0.723358,0.360900,12.605528,0.000000,246
4473,107099792318704,13.329604,3.337005,0.187484,9.985644,0.000000,246
4474,107099805648308,13.333575,0.675177,0.267596,12.653539,0.000000,247
4475,107099818981883,13.334494,0.918494,0.209595,12.410080,0.000000,247
4476,107099832316377,13.333040,0.669215,0.272989,12.658304,0.000000,247
4477,107099845649417,13.333462,0.755864,0.274864,12.572949,0.000000,247
4478,107099858982879,13.333337,0.746936,0.270780,12.580937,0.000000,247
4479,107099872316216,13.333299,0.678906,0.257162,12.647902,0.000000,247
4480,107099885649515,13.334343,0.698848,0.342859,12.630174,0.000000,247
4481,107099898983858,13.335827,3.264675,0.283897,10.064229,0.000000,247
4482,107099912319685,13.332453,0.711064,0.268547,12.615679,0.000000,247
4483,107099925652138,13.331734,1.016839,0.277965,12.309323,0.000000,247
4484,107099938983872,13.334338,0.732224,0.308187,12.596201,0.000000,247
4485,107099952318210,13.331176,0.680090,0.195851,12.645813,0.000000,247
4486,107099965649386,13.333275,0.697710,0.247639,12.630823,0.000000,247
4487,107099978982661,13.334418,0.662518,0.266103,12.666768,0.000000,247
4488,107099992317079,13.331760,0.651405,0.339087,12.675412,0.000000,247
4489,107100005648839,13.335373,3.232920,0.247424,10.098239,0.000000,247
4490,107100018984212,13.336746,0.689205,0.286034,12.642341,0.000000,247
4491,107100032320958,13.331040,1.001940,0.280013,12.322594,0.000000,247
4492,107100045651998,13.331423,0.765810,0.279790,12.560328,0.000000,247
4493,107100058983421,13.334832,0.689584,0.286038,12.639341,0.000000,247
4494,107100072318253,13.331298,0.668516,0.262609,12.657620,0.000000,247
4495,107100085649551,13.335602,0.721386,0.276452,12.609724,0.000000,247
4496,107100098985153,13.332505,0.689263,0.294250,12.638145,0.000000,247
4497,107100112317658,13.333109,3.124865,0.271116,10.202816,0.000000,247
4498,107100125650767,13.332526,0.755976,0.202731,12.571330,0.000000,247
4499,107100138983293,13.333612,0.911096,0.188552,12.417708,0.000000,247
4500,107100152316905,13.338939,0.640865,0.307994,12.691710,0.000000,247
4501,107100165655844,13.330291,0.860316,0.299895,12.463938,0.000000,247
4502,107100178986135,13.332989,0.840087,0.319058,12.487569,0.000000,247
4503,107100192319124,13.336479,0.660596,0.352193,12.669794,0.000000,247
4504,107100205655603,13.329946,0.909105,0.337015,12.414773,0.000000,247
4505,107100218985549,13.333830,3.169964,0.337829,10.156843,0.000000,247
4506,107100232319379,13.334648,0.647819,0.336300,12.680132,0.000000,247
4507,107100245654027,13.332118,0.997405,0.348466,12.328882,0.000000,247
4508,107100258986145,13.333602,0.780516,0.329106,12.546816,0.000000,247
4509,107100272319747,13.335895,0.858744,0.358919,12.470636,0.000000,247
4510,107100285655642,13.329134,1.093606,0.307471,12.230127,0.000000,247
4511,107100298984776,13.333720,0.873515,0.317947,12.454651,0.000000,247
4512,107100312318496,13.336538,0.741954,0.384633,12.588678,0.000000,247
4513,107100325655034,13.331125,3.797607,0.323886,9.526664,0.000000,247
4514,107100338986159,13.333955,0.888409,0.321338,12.439920,0.000000,247
4515,107100352320114,13.335298,1.077545,0.331378,12.251371,0.000000,247
4516,107100365655412,13.330981,0.974282,0.335690,12.350510,0.000000,247
4517,107100378986393,13.331579,0.864902,0.346102,12.462103,0.000000,247
4518,107100392317972,13.335336,0.756077,0.339957,12.573622,0.000000,247
4519,107100405653308,13.331967,0.901071,0.338887,12.425222,0.000000,247
4520,107100418985275,13.334002,0.870751,0.348730,12.457096,0.000000,247
4521,107100432319277,13.336482,3.271309,0.345504,10.058923,0.000000,247
4522,107100445655759,13.334556,0.885459,0.335446,12.441368,0.000000,247
4523,107100458990315,13.331195,1.054824,0.331204,12.268950,0.000000,247
4524,107100472321510,13.331220,0.720808,0.322683,12.603896,0.000000,247
4525,107100485652730,13.334730,0.722493,0.254355,12.606875,0.000000,247
4526,107100498987460,13.331737,0.773422,0.231739,12.553251,0.000000,247
4527,107100512319197,13.333242,0.696488,0.235338,12.631489,0.000000,247
4528,107100525652439,13.337195,0.733192,0.425043,12.598690,0.000000,247
4529,107100538989634,13.336354,3.758960,0.458760,9.568274,0.000000,247
4530,107100552325988,13.334725,1.177618,0.468050,12.147591,0.000000,247
4531,107100565660713,13.332974,1.457081,0.414016,11.866019,0.000000,247
4532,107100578993687,13.329583,1.334979,0.380991,11.985869,0.000000,247
4533,107100592323270,13.332532,0.829124,0.353752,12.496578,0.000000,247
4534,107100605655802,13.334878,0.812354,0.353542,12.516317,0.000000,247
4535,107100618990680,13.333717,0.850339,0.379074,12.476000,0.000000,247
4536,107100632324397,13.330893,0.800526,0.355180,12.523513,0.000000,247
4537,107100645655290,13.336106,3.183304,0.355757,10.146585,0.000000,247
4538,107100658991396,13.331550,0.847905,0.344735,12.477564,0.000000,247
4539,107100672322946,13.336162,0.925016,0.357491,12.404909,0.000000,247
4540,107100685659108,13.331099,0.849671,0.359370,12.474433,0.000000,247
4541,107100698990207,13.332124,0.814088,0.352199,12.511048,0.000000,247
4542,107100712322331,13.333719,0.680863,0.334576,12.647154,0.000000,247
4543,107100725656050,13.333597,0.770743,0.348346,12.556890,0.000000,247
4544,107100738989647,13.332336,0.789799,0.359696,12.535494,0.000000,247
4545,107100752321983,13.333195,3.133580,0.325574,10.194508,0.000000,247
4546,107100765655178,13.333949,0.740212,0.361257,12.588071,0.000000,247
4547,107100778989127,13.333017,0.992691,0.314889,12.334537,0.000000,247
4548,107100792322144,13.332465,0.662621,0.296164,12.663903,0.000000,247
4549,107100805654609,13.334639,0.760735,0.319072,12.567688,0.000000,247
4550,107100818989248,13.333552,0.768997,0.320341,12.558374,0.000000,247
4551,107100832322800,13.334461,0.679919,0.318220,12.647482,0.000000,247
4552,107100845657261,13.332694,0.758780,0.321254,12.567826,0.000000,247
4553,107100858989955,13.335132,3.136132,0.334785,10.193319,0.000000,247
4554,107100872325087,13.330294,0.775022,0.314058,12.549179,0.000000,247
4555,107100885655381,13.332492,0.988154,0.281541,12.339300,0.000000,247
4556,107100898987873,13.335256,0.691181,0.316904,12.638977,0.000000,247
4557,107100912323129,13.331961,0.702410,0.282107,12.624047,0.000000,248
4558,107100925655090,13.333758,0.773971,0.280458,12.554053,0.000000,248
4559,107100938988848,13.340762,0.706976,0.354924,12.624691,0.000000,248
4560,107100952329610,13.327225,1.651025,0.297602,11.668810,0.000000,248
4561,107100965656835,13.335786,3.254741,0.204064,10.073346,0.000000,248
4562,107100978992621,13.333576,0.912970,0.315149,12.414042,0.000000,248
4563,107100992326197,13.331840,1.061266,0.232604,12.263469,0.000000,248
4564,107101005658037,13.333470,0.811859,0.208598,12.515436,0.000000,248
4565,107101018991507,13.335049,0.834633,0.223264,12.492384,0.000000,248
4566,107101032326556,13.330652,0.777224,0.216077,12.547102,0.000000,248
4567,107101045657208,13.334041,0.786614,0.202819,12.542394,0.000000,248
4568,107101058991249,13.335594,0.817852,0.995134,12.510771,0.000000,248
4569,107101072326843,13.364788,4.086259,0.244360,9.268931,0.000000,248
4570,107101085691631,13.333281,1.586233,0.240215,11.730848,0.000000,248
4571,107101099024912,13.333587,2.204974,0.230756,11.113983,0.000000,248
4572,107101112358499,13.325740,0.964587,0.353651,12.348872,0.000000,248
4573,107101125684239,13.332826,1.083569,0.325451,12.242115,0.000000,248
4574,107101139017065,13.334558,0.867863,0.265014,12.461024,0.000000,248
4575,107101152351623,13.333400,0.825195,0.268078,12.501409,0.000000,248
4576,107101165685023,13.329654,0.911838,0.383416,12.411152,0.000000,248
4577,107101179014677,13.335862,3.194045,0.263884,10.136523,0.000000,248
4578,107101192350539,13.334669,0.716570,0.400134,12.612174,0.000000,248
4579,107101205685208,13.331837,1.147633,0.243137,12.176743,0.000000,248
4580,107101219017045,13.333278,0.816503,0.284577,12.510813,0.000000,248
4581,107101232350323,13.333010,0.866173,0.281536,12.460193,0.000000,248
4582,107101245683333,13.332777,0.952198,0.255996,12.374649,0.000000,248
4583,107101259016110,13.334668,0.891655,0.341778,12.436241,0.000000,248
4584,107101272350778,13.333513,0.819509,0.260268,12.507361,0.000000,248
4585,107101285684291,13.333344,3.272146,0.232456,10.054496,0.000000,248
4586,107101299017635,13.332711,0.807765,0.274275,12.518809,0.000000,248
4587,107101312350346,13.336119,0.975399,0.220699,12.354044,0.000000,248
4588,107101325686465,13.331057,0.883505,0.331727,12.439987,0.000000,248
4589,107101339017522,13.332635,0.818945,0.244785,12.507433,0.000000,248
4590,107101352350157,13.336169,0.705071,0.351416,12.624429,0.000000,248
4591,107101365686326,13.330758,0.911037,0.218188,12.411953,0.000000,248
4592,107101379017084,13.334571,0.820081,0.309401,12.509532,0.000000,248
4593,107101392351655,13.333850,3.248336,0.276611,10.079284,0.000000,248
4594,107101405685505,13.330843,0.939802,0.314265,12.384404,0.000000,248
4595,107101419016348,13.335565,1.107309,0.319485,12.223133,0.000000,248
4596,107101432351913,13.335199,0.790770,0.272111,12.537201,0.000000,248
4597,107101445687112,13.333151,1.000647,0.288005,12.324668,0.000000,248
4598,107101459020263,13.330954,0.886152,0.325091,12.437991,0.000000,248
4599,107101472351217,13.336602,1.046710,0.297853,12.283061,0.000000,248
4600,107101485687819,13.331196,1.090875,0.259071,12.232091,0.000000,248
4601,107101499019015,13.332912,3.317190,0.247716,10.010159,0.000000,248
4602,107101512351927,13.333476,0.765413,0.250952,12.561988,0.000000,248
4603,107101525685403,13.335959,1.199866,0.319205,12.128457,0.000000,248
4604,107101539021362,13.329676,1.077746,0.341961,12.244648,0.000000,248
4605,107101552351038,13.334009,0.711737,0.297068,12.616093,0.000000,248
4606,107101565685047,13.335299,0.926400,0.294939,12.402395,0.000000,248
4607,107101579020346,13.332539,0.928396,0.284966,12.395889,0.000000,248
4608,107101592352885,13.334722,0.739897,0.281947,12.588184,0.000000,248
4609,107101605687607,13.333820,3.560361,0.304414,9.764534,0.000000,248
4610,107101619021427,13.332848,0.911337,0.323001,12.413739,0.000000,248
4611,107101632354275,13.332238,1.059086,0.291429,12.265681,0.000000,248
4612,107101645686513,13.335420,0.844121,0.321196,12.484497,0.000000,248
4613,107101659021933,13.332751,0.949281,0.359533,12.376205,0.000000,248
4614,107101672354684,13.332019,0.829661,0.346123,12.495694,0.000000,248
4615,107101685686703,13.335052,0.964402,0.315183,12.362963,0.000000,248
4616,107101699021755,13.332235,0.977379,0.289556,12.346041,0.000000,249
4617,107101712353990,13.331845,3.241943,0.295697,10.082352,0.000000,249
4618,107101725685835,13.334541,0.832734,0.365931,12.495575,0.000000,249
4619,107101739020376,13.335060,1.074114,0.262512,12.254420,0.000000,249
4620,107101752355436,13.328737,0.830746,0.340564,12.491292,0.000000,249
4621,107101765684173,13.336753,1.249904,0.269912,12.080930,0.000000,249
4622,107101779020926,13.334771,1.203649,0.271120,12.123552,0.000000,249
4623,107101792355697,13.330131,0.811680,0.351946,12.510524,0.000000,249
4624,107101805685828,13.336582,0.999539,0.371660,12.330938,0.000000,249
4625,107101819022410,13.330578,3.595406,0.239241,9.727825,0.000000,249
4626,107101832352988,13.363600,0.767107,0.287684,12.590283,0.000000,249
4627,107101845716588,13.305407,1.687863,0.362227,11.610053,0.000000,249
4628,107101859021995,13.331305,1.288360,0.335804,12.033224,0.000000,249
4629,107101872353300,13.334013,0.681637,0.256593,12.647687,0.000000,249
4630,107101885687313,13.334749,1.121209,0.472136,12.207444,0.000000,249
4631,107101899022062,13.333326,1.039155,0.541839,12.287571,0.000000,249
4632,107101912355388,13.336005,0.824464,0.377254,12.501970,0.000000,249
4633,107101925691393,13.331577,3.587400,0.308095,9.735834,0.000000,249
4634,107101939022970,13.331755,0.998412,0.320514,12.325249,0.000000,249
4635,107101952354725,13.342356,1.110223,0.326941,12.223189,0.000000,249
4636,107101965697081,13.322436,1.008443,0.252462,12.305473,0.000000,249
4637,107101979019517,13.337051,0.793943,0.256384,12.536756,0.000000,249
4638,107101992356568,13.329597,0.796385,0.435514,12.526147,0.000000,249
4639,107102005686165,13.332738,1.280221,0.218897,12.046153,0.000000,249
4640,107102019018903,13.337336,0.787867,0.244302,12.543611,0.000000,249
4641,107102032356239,13.333320,3.234211,0.314961,10.092350,0.000000,249
4642,107102045689559,13.331055,1.093731,0.360165,12.231169,0.000000,249
4643,107102059020614,13.344497,1.071291,0.387072,12.261966,0.000000,249
4644,107102072365111,13.324559,0.754112,0.372345,12.562837,0.000000,249
4645,107102085689670,13.331791,0.883180,0.342477,12.441669,0.000000,249
4646,107102099021461,13.341976,0.801246,0.353506,12.530849,0.000000,249
4647,107102112363437,13.328833,0.806102,0.268557,12.513073,0.000000,249
4648,107102125692270,13.329163,0.995754,0.272388,12.324193,0.000000,249
4649,107102139021433,13.334854,3.215072,0.349041,10.113844,0.000000,249
4650,107102152356287,13.333101,0.749672,0.314929,12.577081,0.000000,249
4651,107102165689388,13.333234,1.219172,0.246789,12.108130,0.000000,249
4652,107102179022622,13.334426,0.878195,0.245853,12.449590,0.000000,249
4653,107102192357048,13.332048,0.844722,0.301447,12.480424,0.000000,249
4654,107102205689096,13.334770,0.908196,0.308999,12.420434,0.000000,249
4655,107102219023866,13.332736,1.042777,0.316486,12.283952,0.000000,249
4656,107102232356602,13.332104,0.796147,0.364808,12.528944,0.000000,249
4657,107102245688706,13.335170,3.326370,0.347370,10.002209,0.000000,249
4658,107102259023876,13.331944,0.843183,0.309436,12.482436,0.000000,249
4659,107102272355820,13.333754,0.998939,0.315120,12.327997,0.000000,249
4660,107102285689574,13.332311,0.795261,0.320650,12.529948,0.000000,249
4661,107102299021885,13.332918,0.823890,0.352098,12.502375,0.000000,249
4662,107102312354803,13.335973,0.693922,0.298913,12.635820,0.000000,249
4663,107102325690776,13.333525,0.895954,0.273368,12.428188,0.000000,249
4664,107102339024301,13.332303,0.985856,0.356934,12.339427,0.000000,249
4665,107102352356604,13.335886,3.096857,0.330563,10.231473,0.000000,249
4666,107102365692490,13.330825,1.065638,0.250398,12.258629,0.000000,249
4667,107102379023315,13.332271,1.294159,0.196292,12.031917,0.000000,249
4668,107102392355586,13.335563,0.704326,0.312336,12.624503,0.000000,250
4669,107102405691149,13.332390,1.044345,0.310653,12.280945,0.000000,250
4670,107102419023539,13.331958,0.994532,0.211928,12.331533,0.000000,250
4671,107102432355497,13.338345,1.599404,0.237157,11.730814,0.000000,250
4672,107102445693842,13.331858,1.055517,0.240035,12.268049,0.000000,250
4673,107102459025700,13.335704,4.690952,0.214397,8.634841,0.000000,250
4674,107102472361404,13.330028,0.874365,0.221008,12.447495,0.000000,250
4675,107102485691432,13.330897,1.111389,0.179850,12.212734,0.000000,250
4676,107102499022329,13.336852,0.904193,0.239619,12.425520,0.000000,250
4677,107102512359181,13.332819,0.872501,0.279130,12.452495,0.000000,250
4678,107102525692000,13.331768,0.919313,0.272702,12.405844,0.000000,250
4679,107102539023768,13.334715,0.767725,0.290438,12.560076,0.000000,250
4680,107102552358483,13.337429,0.765614,0.292730,12.562218,0.000000,250
4681,107102565695912,13.329144,3.372444,0.330430,9.948802,0.000000,250
4682,107102579025056,13.333456,0.991002,0.286306,12.334310,0.000000,250
4683,107102592358512,13.333742,1.082577,0.282767,12.244537,0.000000,250
4684,107102605692254,13.333678,0.992851,0.297521,12.333430,0.000000,250
4685,107102619025932,13.331812,1.082085,0.276864,12.241426,0.000000,250
4686,107102632357744,13.334973,0.819763,0.297112,12.507986,0.000000,250
4687,107102645692717,13.337369,1.520830,0.224654,11.805877,0.000000,250
4688,107102659030086,13.325543,0.893808,0.274488,12.424125,0.000000,250
4689,107102672355629,13.333156,3.150285,0.174726,10.177710,0.000000,250
4690,107102685688785,13.340204,0.738577,0.299772,12.595412,0.000000,250
4691,107102699028989,13.328152,1.334029,0.186135,11.987280,0.000000,250
4692,107102712357141,13.332963,0.730042,0.192828,12.596302,0.000000,250
4693,107102725690104,13.338046,0.790742,0.398805,12.540387,0.000000,250
4694,107102739028150,13.333538,1.131975,0.380793,12.193053,0.000000,250
4695,107102752361688,13.333287,0.969209,0.364721,12.354965,0.000000,250
4696,107102765694975,13.332739,0.926423,0.352681,12.397474,0.000000,250
4697,107102779027714,13.336359,3.349778,0.377912,9.977830,0.000000,250
4698,107102792364073,13.329554,1.026449,0.332753,12.294409,0.000000,250
4699,107102805693627,13.331332,1.054504,0.405620,12.269242,0.000000,250
4700,107102819024959,13.331125,0.868029,0.311715,12.457035,0.000000,250
4701,107102832356084,13.333627,0.623072,0.331226,12.705976,0.000000,250
4702,107102845689711,13.336251,0.765422,0.355434,12.564377,0.000000,250
4703,107102859025962,13.332988,1.078806,0.393340,12.246675,0.000000,250
4704,107102872358950,13.332354,0.765615,0.360272,12.559656,0.000000,250
4705,107102885691304,13.337807,3.160534,0.440611,10.171168,0.000000,250
4706,107102899029111,13.335698,1.032904,0.326521,12.291424,0.000000,250
4707,107102912364809,13.326701,0.916181,0.238081,12.402081,0.000000,250
4708,107102925691510,13.335874,0.745556,0.225714,12.585139,0.000000,250
4709,107102939027384,13.332553,1.002442,0.226622,12.322936,0.000000,250
4710,107102952359937,13.331880,0.947618,0.304321,12.377980,0.000000,250
4711,107102965691817,13.335818,0.840265,0.354725,12.489341,0.000000,250
4712,107102979027635,13.339525,1.189501,0.584001,12.137955,0.000000,250
4713,107102992367160,13.324802,3.355069,0.339842,9.960598,0.000000,250
4714,107103005691962,13.332289,0.772644,0.380945,12.553941,0.000000,250
4715,107103019024251,13.340188,1.007467,0.371731,12.325805,0.000000,250
4716,107103032364439,13.326380,0.984385,0.353228,12.334488,0.000000,250
4717,107103045690819,13.335818,0.755780,0.391146,12.574375,0.000000,250
4718,107103059026637,13.334883,0.808983,0.397112,12.519565,0.000000,250
4719,107103072361520,13.331409,0.922180,0.349905,12.402131,0.000000,250
4720,107103085692929,13.331020,0.978267,0.521949,12.347338,0.000000,250
4721,107103099023949,13.336944,3.198965,0.616415,10.132342,0.000000,250
4722,107103112360893,13.330808,0.815336,0.356962,12.509090,0.000000,250
4723,107103125691701,13.333784,1.043426,0.331418,12.285133,0.000000,250
4724,107103139025485,13.340293,0.799374,0.382765,12.533416,0.000000,251
4725,107103152365778,13.326892,1.011492,0.361432,12.307045,0.000000,251
4726,107103165692670,13.332609,0.811111,0.375620,12.516290,0.000000,251
4727,107103179025279,13.336305,1.697206,0.373145,11.632015,0.000000,251
4728,107103192361584,13.328903,0.869664,0.281963,12.452672,0.000000,251
4729,107103205690487,13.341302,3.347102,0.821035,9.986369,0.000000,251
4730,107103219031789,13.333429,0.929782,0.467508,12.395886,0.000000,251
4731,107103232365218,13.329069,1.587767,0.750339,11.732143,0.000000,251
4732,107103245694287,13.333960,1.004566,0.380243,12.321310,0.000000,251
4733,107103259028247,13.341114,0.958715,0.278874,12.370825,0.000000,251
4734,107103272369361,13.325838,1.061494,0.478475,12.254436,0.000000,251
4735,107103285695199,13.331830,1.088792,0.411836,12.235193,0.000000,251
4736,107103299027029,13.337632,1.057407,0.383729,12.271405,0.000000,251
4737,107103312364661,13.332296,3.733235,0.440141,9.591586,0.000000,251
4738,107103325696957,13.333401,1.014831,0.360408,12.309254,0.000000,251
4739,107103339030358,13.331465,1.049547,0.370091,12.276342,0.000000,251
4740,107103352361823,13.332616,0.681893,0.455920,12.644332,0.000000,251
4741,107103365694439,13.330471,0.972498,0.376382,12.347218,0.000000,251
4742,107103379024910,13.336826,0.708775,0.416390,12.621945,0.000000,251
4743,107103392361736,13.335206,0.833331,0.468090,12.495261,0.000000,251
4744,107103405696942,13.330849,1.019004,0.389486,12.305028,0.000000,251
4745,107103419027791,13.334195,3.232970,0.343272,10.094328,0.000000,251
4746,107103432361986,13.336304,0.785626,0.462015,12.543797,0.000000,251
4747,107103445698290,13.333798,1.226183,0.423796,12.099466,0.000000,251
4748,107103459032088,13.327832,0.972074,0.309061,12.348480,0.000000,251
4749,107103472359920,13.356018,0.763537,0.473190,12.566778,0.000000,251
4750,107103485715938,13.312064,1.196826,0.363943,12.109139,0.000000,251
4751,107103499028002,13.333212,0.869697,0.342460,12.456206,0.000000,251
4752,107103512361214,13.340904,0.857363,0.399114,12.476027,0.000000,251
4753,107103525702118,13.334934,3.460324,0.403706,9.860729,0.000000,251
4754,107103539037052,13.322184,0.864379,1.062065,12.449028,0.000000,251
4755,107103552359236,13.336656,1.538922,0.400215,11.790739,0.000000,252
4756,107103565695892,13.330000,0.835321,0.330767,12.488443,0.000000,252
4757,107103579025892,13.336902,0.770621,0.296498,12.559917,0.000000,252
4758,107103592362794,13.340248,4.701960,0.286347,8.627765,0.000000,252
4759,107103605703042,13.325070,1.092445,0.303883,12.226526,0.000000,252
4760,107103619028112,13.335850,1.497036,0.325540,11.829639,0.000000,252
4761,107103632363962,13.332526,3.350573,0.275921,9.974594,0.000000,252
4762,107103645696488,13.330862,0.992166,0.322639,12.332448,0.000000,252
4763,107103659027350,13.332264,1.131232,0.270903,12.194392,0.000000,252
4764,107103672359614,13.336884,0.632886,0.342059,12.697891,0.000000,252
4765,107103685696498,13.330751,0.886179,0.350854,12.437951,0.000000,252
4766,107103699027249,13.333056,0.810020,0.305495,12.516534,0.000000,252
4767,107103712360305,13.338305,0.679943,0.344945,12.650290,0.000000,252
4768,107103725698610,13.329266,0.876647,0.346464,12.444645,0.000000,252
4769,107103739027876,13.332122,3.252752,0.410083,10.072196,0.000000,252
4770,107103752359998,13.340460,0.729505,0.335211,12.601657,0.000000,252
4771,107103765700458,13.332067,1.056658,0.409818,12.268411,0.000000,252
4772,107103779032525,13.329648,0.907733,0.432347,12.415059,0.000000,252
4773,107103792362173,13.335257,0.854521,0.312903,12.473184,0.000000,252
4774,107103805697430,13.335300,0.819167,0.427362,12.508877,0.000000,252
4775,107103819032730,13.332142,0.992089,0.339077,12.331091,0.000000,252
4776,107103832364872,13.331255,0.815711,0.346727,12.509392,0.000000,252
4777,107103845696127,13.341947,3.296470,0.397125,10.037572,0.000000,252
4778,107103859038074,13.328444,1.064546,0.316459,12.252329,0.000000,252
4779,107103872366518,13.330323,1.129421,0.383337,12.193404,0.000000,252
4780,107103885696841,13.336143,1.029377,0.410754,12.298797,0.000000,252
4781,107103899032984,13.333803,1.101952,0.355273,12.221587,0.000000,252
4782,107103912366787,13.335092,0.944578,0.324655,12.379921,0.000000,252
4783,107103925701879,13.334591,0.864047,0.358809,12.458336,0.000000,252
4784,107103939036470,13.327420,0.900516,0.372059,12.419607,0.000000,252
4785,107103952363890,13.332527,3.542947,0.414819,9.782163,0.000000,252
4786,107103965696417,13.341446,1.034495,0.370799,12.297454,0.000000,252
4787,107103979037863,13.327103,1.517916,0.381619,11.801903,0.000000,252
4788,107103992364966,13.332936,0.902006,0.394832,12.423417,0.000000,252
4789,107104005697902,13.332096,1.090873,0.334725,12.235181,0.000000,252
4790,107104019029998,13.334302,0.959002,0.266072,12.369105,0.000000,252
4791,107104032364300,13.334455,0.751424,0.284564,12.573753,0.000000,252
4792,107104045698755,13.330148,0.781899,0.333348,12.541807,0.000000,252
4793,107104059028903,13.335458,3.233174,0.333677,10.096252,0.000000,252
4794,107104072364361,13.331738,0.815312,0.336953,12.509466,0.000000,252
4795,107104085696099,13.333756,1.075516,0.352225,12.251421,0.000000,252
4796,107104099029855,13.341988,0.884382,0.275139,12.446740,0.000000,252
4797,107104112371843,13.328530,0.993515,0.200595,12.323978,0.000000,252
4798,107104125700373,13.329182,0.966074,0.307899,12.357036,0.000000,253
4799,107104139029555,13.339261,0.798742,0.252114,12.534139,0.000000,253
4800,107104152368816,13.330584,0.880454,0.301091,12.442932,0.000000,253
4801,107104165699400,13.332345,3.423642,0.380380,9.902042,0.000000,253
4802,107104179031745,13.336016,1.052899,0.294805,12.275516,0.000000,253
4803,107104192367761,13.329482,1.253400,0.305560,12.068339,0.000000,253
4804,107104205697243,13.334313,1.071860,0.281657,12.255981,0.000000,253
4805,107104219031556,13.337415,0.951974,0.345327,12.378524,0.000000,253
4806,107104232368971,13.335865,1.000851,0.249041,12.323950,0.000000,253
4807,107104245704836,13.327980,1.069747,0.250654,12.250106,0.000000,253
4808,107104259032816,13.335882,0.899690,0.184394,12.428694,0.000000,253
4809,107104272368698,13.332203,3.692077,0.206121,9.631735,0.000000,253
4810,107104285700901,13.331469,1.002227,0.229716,12.321870,0.000000,253
4811,107104299032370,13.335109,1.159279,0.260174,12.169847,0.000000,253
4812,107104312367479,13.335066,0.825807,0.214856,12.501808,0.000000,253
4813,107104325702545,13.330764,0.907225,0.176303,12.415623,0.000000,253
4814,107104339033309,13.333578,0.869428,0.222276,12.457767,0.000000,253
4815,107104352366887,13.334303,0.798976,0.258853,12.528052,0.000000,253
4816,107104365701190,13.332210,1.014901,0.279361,12.309071,0.000000,253
4817,107104379033400,13.331481,3.706678,0.209429,9.618267,0.000000,253
4818,107104392364881,13.337568,0.857797,0.306083,12.472536,0.000000,253
4819,107104405702449,13.333402,1.392265,0.251813,11.932258,0.000000,253
4820,107104419035851,13.330341,0.961090,0.298054,12.363227,0.000000,253
4821,107104432366192,13.335596,0.821618,0.280697,12.508701,0.000000,253
4822,107104445701788,13.333653,0.929226,0.232516,12.397799,0.000000,253
4823,107104459035441,13.333895,0.958777,0.231822,12.367159,0.000000,253
4824,107104472369336,13.334587,0.935223,0.540970,12.391627,0.000000,253
4825,107104485703923,13.329339,3.655340,0.550625,9.665307,0.000000,253
4826,107104499033262,13.334722,1.224830,0.440304,12.103861,0.000000,253
4827,107104512367984,13.337245,1.393139,0.490954,11.935157,0.000000,253
4828,107104525705229,13.329551,1.087430,0.537786,12.231696,0.000000,253
4829,107104539034780,13.332008,1.156611,0.533453,12.168209,0.000000,253
4830,107104552366788,13.337501,0.954981,0.524012,12.375593,0.000000,253
4831,107104565704289,13.328797,1.085904,0.465738,12.234184,0.000000,253
4832,107104579033086,13.334872,1.116716,0.479141,12.211396,0.000000,253
4833,107104592367958,13.334546,3.696134,0.961328,9.630688,0.000000,253
4834,107104605702504,13.331745,1.354549,0.925537,11.968298,0.000000,253
4835,107104619034249,13.333429,1.647922,0.733392,11.679132,0.000000,253
4836,107104632367678,13.336262,1.256707,0.641535,12.072666,0.000000,253
4837,107104645703940,13.331954,1.228989,0.732718,12.096159,0.000000,253
4838,107104659035894,13.335419,1.207414,0.703218,12.119143,0.000000,253
4839,107104672371313,13.330041,1.082791,0.708992,12.241741,0.000000,253
4840,107104685701354,13.335005,1.297537,0.702001,12.031343,0.000000,253
4841,107104699036359,13.330772,3.990752,0.941912,9.333488,0.000000,253
4842,107104712367131,13.333379,1.160585,1.087621,12.166797,0.000000,253
4843,107104725700510,13.336305,1.516305,0.881375,11.813312,0.000000,253
4844,107104739036815,13.329168,1.168846,0.835740,12.153126,0.000000,253
4845,107104752365983,13.335155,1.126257,0.876319,12.203691,0.000000,253
4846,107104765701138,13.332495,1.273275,0.862049,12.053689,0.000000,253
4847,107104779033633,13.334832,1.139538,0.922385,12.189404,0.000000,253
4848,107104792368465,13.332281,1.051284,0.886047,12.275261,0.000000,253
4849,107104805700746,13.333123,3.584810,1.128375,9.742854,0.000000,253
4850,107104819033869,13.334221,1.141836,0.890109,12.186724,0.000000,253
4851,107104832368090,13.333488,1.607536,0.768186,11.719996,0.000000,253
4852,107104845701578,13.333224,1.301999,1.459898,12.025377,0.000000,253
4853,107104859034802,13.332488,1.188119,0.941262,12.138151,0.000000,253
4854,107104872367290,13.334131,1.121546,0.976884,12.205738,0.000000,253
4855,107104885701421,13.332798,1.119026,0.925852,12.208151,0.000000,253
4856,107104899034219,13.336380,1.179102,0.902480,12.148292,0.000000,253
4857,107104912370599,13.329912,3.419082,0.925525,9.905927,0.000000,253
4858,107104925700511,13.335160,1.191384,1.003556,12.137509,0.000000,253
4859,107104939035671,13.336885,1.385485,1.057646,11.942196,0.000000,253
4860,107104952372556,13.330085,1.305013,0.983665,12.018216,0.000000,253
4861,107104965702641,13.333029,1.400672,0.974914,11.926489,0.000000,253
4862,107104979035670,13.333013,1.270014,0.972185,12.057008,0.000000,253
4863,107104992368683,13.341123,1.110820,1.056374,12.218907,0.000000,253
4864,107105005709806,13.325567,1.178530,0.942991,12.139812,0.000000,253
4865,107105019035373,13.334732,3.547349,0.922487,9.781181,0.000000,253
4866,107105032370105,13.330037,1.130126,1.047556,12.193671,0.000000,253
4867,107105045700142,13.336138,1.443361,1.048421,11.886825,0.000000,253
4868,107105059036280,13.333905,1.157550,0.793474,12.170046,0.000000,253
4869,107105072370185,13.331932,1.170014,0.779816,12.154979,0.000000,253
4870,107105085702117,13.334302,1.237234,0.727083,12.091310,0.000000,253
4871,107105099036419,13.334557,1.286192,0.752403,12.042409,0.000000,253
4872,107105112370976,13.332055,1.162991,0.861816,12.162268,0.000000,253
4873,107105125703031,13.331475,3.505888,0.751363,9.820040,0.000000,253
4874,107105139034506,13.335502,1.110138,0.804901,12.219799,0.000000,253
4875,107105152370008,13.335713,1.445403,0.786558,11.884361,0.000000,253
4876,107105165705721,13.331387,1.178345,0.781480,12.146194,0.000000,253
4877,107105179037108,13.335461,1.249052,0.863053,12.079462,0.000000,253
4878,107105192372569,13.331294,1.151853,0.864524,12.172920,0.000000,253
4879,107105205703863,13.332938,1.183620,0.894978,12.143091,0.000000,253
4880,107105219036801,13.335166,1.225343,0.976787,12.103250,0.000000,253
4881,107105232371967,13.332029,3.924119,0.851791,9.399854,0.000000,253
4882,107105245703996,13.332997,1.201743,0.798633,12.125894,0.000000,253
4883,107105259036993,13.335046,1.503847,0.869337,11.824907,0.000000,253
4884,107105272372039,13.332987,1.098019,0.877487,12.227947,0.000000,253
4885,107105285705026,13.337655,1.556378,0.854661,11.771841,0.000000,253
4886,107105299042681,13.329525,1.765490,1.019076,11.555138,0.000000,253
4887,107105312372206,13.336639,1.285449,1.068463,12.041863,0.000000,254
4888,107105325708845,13.333673,1.528015,1.033510,11.796426,0.000000,254
4889,107105339042518,13.329314,3.642294,0.962496,9.680701,0.000000,254
4890,107105352371832,13.335068,2.335900,0.806164,10.991293,0.000000,254
4891,107105365706900,13.331273,1.662002,1.123233,11.661486,0.000000,254
4892,107105379038173,13.331318,1.421748,1.088646,11.904017,0.000000,254
4893,107105392369491,13.335595,1.043453,0.835355,12.285061,0.000000,254
4894,107105405705086,13.333517,1.210840,1.028665,12.113344,0.000000,254
4895,107105419038603,13.330285,1.338243,0.962282,11.986219,0.000000,254
4896,107105432368888,13.339055,1.787728,0.633207,11.544823,0.000000,254
4897,107105445707943,13.332237,4.354881,0.865648,8.967079,0.000000,254
4898,107105459040180,13.332144,1.788864,0.856801,11.535034,0.000000,254
4899,107105472372324,13.337156,2.026462,0.778624,11.301649,0.000000,254
4900,107105485709480,13.335006,1.511825,1.062928,11.810591,0.000000,254
4901,107105499044486,13.328067,1.880486,0.576382,11.439728,0.000000,254
4902,107105512372553,13.334899,1.692513,0.796498,11.634987,0.000000,254
4903,107105525707452,13.331844,1.685411,0.687906,11.637999,0.000000,254
4904,107105539039296,13.333766,1.478364,0.576607,11.848333,0.000000,254
4905,107105552373062,13.333055,3.898107,0.840760,9.427810,0.000000,254
4906,107105565706117,13.334417,1.468109,0.782087,11.858055,0.000000,254
4907,107105579040534,13.337383,2.058385,0.800654,11.268294,0.000000,254
4908,107105592377917,13.328533,1.270002,0.791892,12.050005,0.000000,254
4909,107105605706450,13.339442,1.437958,0.981995,11.893086,0.000000,254
4910,107105619045892,13.326625,1.923490,0.797465,11.393369,0.000000,254
4911,107105632372517,13.335078,1.215950,0.839834,12.112119,0.000000,254
4912,107105645707595,13.331031,1.589387,0.801237,11.733478,0.000000,254
4913,107105659038626,13.336867,4.227260,0.775702,9.102991,0.000000,254
4914,107105672375493,13.335594,1.833855,1.249673,11.491037,0.000000,254
4915,107105685711087,13.332388,1.778991,0.827466,11.544527,0.000000,254
4916,107105699043475,13.332466,1.424472,0.933286,11.899162,0.000000,254
4917,107105712375941,13.332133,1.536440,0.846771,11.787835,0.000000,254
4918,107105725708074,13.331963,1.457494,0.891968,11.868387,0.000000,254
4919,107105739040037,13.332226,1.192238,1.083047,12.133213,0.000000,254
4920,107105752372263,13.335838,1.138297,0.749419,12.191247,0.000000,254
4921,107105765708101,13.332036,4.136853,0.759012,9.188261,0.000000,254
4922,107105779040137,13.333881,1.423698,0.893516,11.903447,0.000000,254
4923,107105792374018,13.334072,1.742969,0.996935,11.584735,0.000000,254
4924,107105805708090,13.331446,1.459604,0.948712,11.865587,0.000000,254
4925,107105819039536,13.335137,1.648057,0.899676,11.679721,0.000000,254
4926,107105832374673,13.335149,1.419507,0.797533,11.908241,0.000000,254
4927,107105845709822,13.332782,1.261378,0.876549,12.064084,0.000000,254
4928,107105859042604,13.332474,1.470951,0.777595,11.854450,0.000000,254
4929,107105872375078,13.334360,3.521314,0.789709,9.806666,0.000000,254
4930,107105885709438,13.331618,1.141128,0.725585,12.183112,0.000000,254
4931,107105899041056,13.334246,1.473767,0.646894,11.853627,0.000000,254
4932,107105912375302,13.334073,1.251004,0.705518,12.074973,0.000000,254
4933,107105925709375,13.333401,1.434923,0.771634,11.890857,0.000000,254
4934,107105939042776,13.334021,1.530706,0.840394,11.795208,0.000000,254
4935,107105952376797,13.332717,1.256691,0.868732,12.067831,0.000000,254
4936,107105965709514,13.333808,1.366288,0.790734,11.960122,0.000000,254
4937,107105979043322,13.335171,4.018012,0.689337,9.308992,0.000000,254
4938,107105992378493,13.329721,1.260384,0.837765,12.061285,0.000000,254
4939,107106005708214,13.334996,1.612248,0.795614,11.715657,0.000000,254
4940,107106019043210,13.335925,1.546163,0.810056,11.780574,0.000000,254
4941,107106032379135,13.331686,1.379809,0.797389,11.941911,0.000000,254
4942,107106045710821,13.332360,1.521339,0.761304,11.801741,0.000000,254
4943,107106059043181,13.330769,1.410437,1.316635,11.913027,0.000000,254
4944,107106072373950,13.336466,1.096246,0.890385,12.233612,0.000000,254
4945,107106085710416,13.333752,4.204772,0.878235,9.121337,0.000000,254
4946,107106099044168,13.334441,1.367450,0.892741,11.958948,0.000000,254
4947,107106112378609,13.333735,1.589197,0.816158,11.736876,0.000000,254
4948,107106125712344,13.330800,1.477203,0.834748,11.845875,0.000000,254
4949,107106139043144,13.332918,1.389600,0.881946,11.935388,0.000000,254
4950,107106152376062,13.335887,1.434316,0.840869,11.893976,0.000000,254
4951,107106165711949,13.332187,1.435944,0.805879,11.888794,0.000000,254
4952,107106179044136,13.333966,1.472842,0.847453,11.853548,0.000000,254
4953,107106192378102,13.335558,4.188840,0.727418,9.137145,0.000000,254
4954,107106205713660,13.330621,1.409687,0.843499,11.912574,0.000000,254
4955,107106219044281,13.334545,1.661595,0.719898,11.664353,0.000000,254
4956,107106232378826,13.333307,1.359908,0.734039,11.965880,0.000000,254
4957,107106245712133,13.333947,1.478676,0.906346,11.846983,0.000000,254
4958,107106259046080,13.332759,1.271870,0.835824,12.053768,0.000000,254
4959,107106272378839,13.332623,1.308747,0.908969,12.015641,0.000000,254
4960,107106285711462,13.332443,1.349635,0.806374,11.975939,0.000000,254
4961,107106299043905,13.341888,4.141615,0.819910,9.187884,0.000000,254
4962,107106312385793,13.325794,1.249044,0.785140,12.069209,0.000000,254
4963,107106325711587,13.333073,1.796545,0.700739,11.529345,0.000000,254
4964,107106339044660,13.337408,1.397245,0.835216,11.933047,0.000000,254
4965,107106352382068,13.329943,1.262577,0.815930,12.058816,0.000000,254
4966,107106365712011,13.334323,1.415960,0.782625,11.910133,0.000000,254
4967,107106379046334,13.332526,1.397554,0.722026,11.925614,0.000000,254
4968,107106392378860,13.332667,1.280035,0.800491,12.045551,0.000000,254
4969,107106405711527,13.334809,4.121404,0.859634,9.206270,0.000000,254
4970,107106419046336,13.331759,1.314949,0.794423,12.008969,0.000000,254
4971,107106432378095,13.332129,1.508712,0.834116,11.817428,0.000000,254
4972,107106445710224,13.332804,1.102106,0.818313,12.224878,0.000000,254
4973,107106459043028,13.335637,1.088528,0.856281,12.239930,0.000000,254
4974,107106472378665,13.337094,1.057402,0.822908,12.271691,0.000000,254
4975,107106485715759,13.333801,1.537873,0.909796,11.786456,0.000000,254
4976,107106499049560,13.327295,1.323726,1.321031,11.994540,0.000000,254
4977,107106512376855,13.336905,3.592071,0.710816,9.738993,0.000000,254
4978,107106525713760,13.336441,1.514558,0.740999,11.813824,0.000000,254
4979,107106539050201,13.329490,1.626206,0.788238,11.696018,0.000000,254
4980,107106552379691,13.346382,1.175348,0.849767,12.157417,0.000000,254
4981,107106565726073,13.322793,1.500997,0.783158,11.812344,0.000000,254
4982,107106579048866,13.332342,1.329319,0.859630,11.995377,0.000000,254
4983,107106592381208,13.334199,1.434501,0.791649,11.891615,0.000000,254
4984,107106605715407,13.332045,1.236221,0.790671,12.088153,0.000000,255
4985,107106619047452,13.330376,4.246807,0.751266,9.075752,0.000000,255
4986,107106632377828,13.346291,1.122427,0.844728,12.217032,0.000000,255
4987,107106645724119,13.331377,2.485697,0.827045,10.838586,0.000000,255
4988,107106659055496,13.335624,1.359092,0.777146,11.969668,0.000000,255
4989,107106672391120,13.334118,1.230517,0.792173,12.097087,0.000000,255
4990,107106685725238,13.335779,1.282583,0.673700,12.044871,0.000000,255
4991,107106699061017,13.361446,1.433823,0.831728,11.919619,0.000000,255
4992,107106712422463,13.332096,1.503399,0.782806,11.821093,0.000000,255
4993,107106725754559,13.334877,3.980476,0.760615,9.345756,0.000000,255
4994,107106739089436,13.334339,2.304089,0.823659,11.021218,0.000000,255
4995,107106752423775,13.333144,1.653666,0.779826,11.670535,0.000000,255
4996,107106765756919,13.339778,1.304895,0.738403,12.023097,0.000000,255
4997,107106779096697,13.327938,1.486653,0.757167,11.832855,0.000000,255
4998,107106792424635,13.332100,1.537738,0.729257,11.786464,0.000000,255
4999,107106805756735,13.332522,1.395323,0.665510,11.928884,0.000000,255
5000,107106819089257,13.334506,1.461800,0.855021,11.865440,0.000000,255
5001,107106832423763,13.331338,4.194617,0.852070,9.128972,0.000000,255
5002,107106845755101,13.335397,1.069786,0.793234,12.258468,0.000000,255
5003,107106859090498,13.331911,1.657691,0.845760,11.666918,0.000000,255
5004,107106872422409,13.333375,1.713394,0.776711,11.612659,0.000000,255
5005,107106885755784,13.338925,1.188466,0.820316,12.139907,0.000000,255
5006,107106899094709,13.328718,1.472778,0.743008,11.847712,0.000000,255
5007,107106912423427,13.331063,1.424582,0.895997,11.900298,0.000000,255
5008,107106925754490,13.333864,1.130852,0.774585,12.197562,0.000000,255
5009,107106939088354,13.333978,4.062487,0.754734,9.264803,0.000000,255
5010,107106952422332,13.332262,1.219501,0.850509,12.106416,0.000000,255
5011,107106965754594,13.334828,1.459907,0.765796,11.868561,0.000000,255
5012,107106979089422,13.333568,1.251010,0.921366,12.075445,0.000000,255
5013,107106992422990,13.334841,1.235858,0.669338,12.092442,0.000000,255
5014,107107005757831,13.333637,1.155995,0.636672,12.170679,0.000000,255
5015,107107019091468,13.336034,1.311716,0.747697,12.015834,0.000000,255
5016,107107032427502,13.338279,1.466682,0.638565,11.859418,0.000000,255
5017,107107045765781,13.322092,4.116619,0.765087,9.197534,0.000000,255
5018,107107059087873,13.334334,1.286512,0.942026,12.040934,0.000000,255
5019,107107072422207,13.336682,1.605504,0.815520,11.723554,0.000000,255
5020,107107085758889,13.331015,1.310792,0.746827,12.012252,0.000000,255
5021,107107099089904,13.331421,1.595382,0.642644,11.730311,0.000000,255
5022,107107112421325,13.337076,1.421805,0.789245,11.908362,0.000000,255
5023,107107125758401,13.335402,1.189144,0.780127,12.138151,0.000000,255
5024,107107139093803,13.332634,1.589707,0.798362,11.733498,0.000000,255
5025,107107152426437,13.332623,4.203202,0.738574,9.120994,0.000000,255
5026,107107165759060,13.332095,1.518780,0.757971,11.804915,0.000000,255
5027,107107179091155,13.336916,1.678178,0.744466,11.651459,0.000000,255
5028,107107192428071,13.330958,1.645747,0.711522,11.676509,0.000000,255
5029,107107205759029,13.333919,1.179315,0.840384,12.146982,0.000000,255
5030,107107219092948,13.332901,1.281533,0.674367,12.043500,0.000000,255
5031,107107232425849,13.334386,1.426499,0.710481,11.898928,0.000000,255
5032,107107245760235,13.332783,1.226537,0.544076,12.098889,0.000000,255
5033,107107259093018,13.336370,4.297089,0.566994,9.031249,0.000000,255
5034,107107272429388,13.329079,1.468327,0.415023,11.852635,0.000000,255
5035,107107285758467,13.336304,1.738656,0.425022,11.589102,0.000000,255
5036,107107299094771,13.331285,1.397458,0.582983,11.927490,0.000000,255
5037,107107312426056,13.336941,1.439412,0.524459,11.889636,0.000000,255
5038,107107325762997,13.331396,1.493392,0.732060,11.830732,0.000000,255
5039,107107339094393,13.333714,1.165444,0.839721,12.160429,0.000000,255
5040,107107352428107,13.337374,1.301940,0.845510,12.027892,0.000000,255
5041,107107365765481,13.327833,4.061006,0.797758,9.258851,0.000000,255
5042,107107379093314,13.339337,1.299096,0.720444,12.031227,0.000000,255
5043,107107392432651,13.327806,1.768699,0.807685,11.552541,0.000000,255
5044,107107405760457,13.335393,1.337710,1.092481,11.990874,0.000000,255
5045,107107419095850,13.329343,1.521206,0.812784,11.800957,0.000000,255
5046,107107432425193,13.335818,1.443206,0.778188,11.887375,0.000000,255
5047,107107445761011,13.335820,1.405573,0.705158,11.923534,0.000000,255
5048,107107459096831,13.336661,1.500389,0.776855,11.827998,0.000000,255
5049,107107472433492,13.340046,4.262631,0.728069,9.061965,0.000000,255
5050,107107485773538,13.323791,1.211624,0.619680,12.102953,0.000000,255
5051,107107499097329,13.330521,1.801918,0.464162,11.520966,0.000000,255
5052,107107512427850,13.333768,1.458359,0.752879,11.868607,0.000000,255
5053,107107525761618,13.336010,1.138180,0.680582,12.190502,0.000000,255
5054,107107539097628,13.331842,1.336305,0.733975,11.988144,0.000000,255
5055,107107552429470,13.331721,1.466845,0.822584,11.858258,0.000000,255
5056,107107565761191,13.335882,1.167057,0.759076,12.161559,0.000000,255
5057,107107579097073,13.330901,4.036878,0.683911,9.286261,0.000000,255
5058,107107592427974,13.336974,1.451815,0.782892,11.878463,0.000000,255
5059,107107605764948,13.331600,1.536088,0.805364,11.788414,0.000000,255
5060,107107619096548,13.331940,1.552626,0.733147,11.772599,0.000000,255
5061,107107632428488,13.343635,1.603305,0.803890,11.729303,0.000000,255
5062,107107645772123,13.324580,1.478156,0.714254,11.838720,0.000000,255
5063,107107659096703,13.333542,1.499165,0.784857,11.826835,0.000000,255
5064,107107672430245,13.331030,1.533504,0.736141,11.790969,0.000000,255
5065,107107685761275,13.336025,4.036243,0.906674,9.292340,0.000000,255
5066,107107699097300,13.331360,1.614855,0.902628,11.710698,0.000000,255
5067,107107712428660,13.333899,1.819839,0.800041,11.507764,0.000000,255
5068,107107725762559,13.337132,1.318287,0.823226,12.012628,0.000000,255
5069,107107739099691,13.331464,1.605529,0.784139,11.717892,0.000000,256
5070,107107752431155,13.333849,1.292723,0.875099,12.034227,0.000000,256
5071,107107765765004,13.334575,1.392390,0.680407,11.933467,0.000000,256
5072,107107779099579,13.332609,1.518483,0.794401,11.806696,0.000000,256
5073,107107792432188,13.328896,4.936500,1.026838,8.385333,0.000000,256
5074,107107805761084,13.338088,1.046492,0.772137,12.285369,0.000000,256
5075,107107819099172,13.336680,1.748216,0.770330,11.578541,0.000000,256
5076,107107832435852,13.327889,1.532177,0.841191,11.787696,0.000000,256
5077,107107845763741,13.335236,1.448974,0.818648,11.878939,0.000000,256
5078,107107859098977,13.337665,1.558338,0.688268,11.766694,0.000000,256
5079,107107872436642,13.328806,1.476030,0.741899,11.846361,0.000000,256
5080,107107885765448,13.334344,1.421573,0.822819,11.905265,0.000000,256
5081,107107899099792,13.332449,4.201077,0.711501,9.123118,0.000000,256
5082,107107912432241,13.333566,1.367452,0.841092,11.959401,0.000000,256
5083,107107925765807,13.334291,1.622421,0.739313,11.704705,0.000000,256
5084,107107939100098,13.333625,1.504325,0.667328,11.821214,0.000000,256
5085,107107952433723,13.332600,1.473150,0.732538,11.850043,0.000000,256
5086,107107965766323,13.340529,1.286937,0.743040,12.042570,0.000000,256
5087,107107979106852,13.327054,1.668905,0.571511,11.644768,0.000000,256
5088,107107992433906,13.330261,1.383805,0.600558,11.940114,0.000000,256
5089,107108005764167,13.331719,4.178825,0.539321,9.147144,0.000000,256
5090,107108019095886,13.339753,1.084247,0.689323,12.248605,0.000000,256
5091,107108032435639,13.329237,1.816160,1.610946,11.504433,0.000000,256
5092,107108045764876,13.333500,1.149403,1.126796,12.178301,0.000000,256
5093,107108059098376,13.336840,1.145618,1.251142,12.183275,0.000000,256
5094,107108072435216,13.333241,1.175453,1.201336,12.149312,0.000000,256
5095,107108085768457,13.333348,1.141925,1.563666,12.183400,0.000000,256
5096,107108099101805,13.330065,1.964135,0.805918,11.357307,0.000000,256
5097,107108112431870,13.332470,4.112017,0.562622,9.213658,0.000000,256
5098,107108125764340,13.335466,1.138223,0.751483,12.191475,0.000000,256
5099,107108139099806,13.334711,1.492123,1.189600,11.835782,0.000000,256
5100,107108152434517,13.334821,1.522368,0.804530,11.804155,0.000000,256
5101,107108165769338,13.333025,1.391590,0.812835,11.932530,0.000000,256
5102,107108179102363,13.331114,1.352801,0.694447,11.971348,0.000000,256
5103,107108192433477,13.334853,1.246148,0.712147,12.082616,0.000000,256
5104,107108205768330,13.329566,1.606975,0.638759,11.716278,0.000000,256
5105,107108219097896,13.333784,4.147285,0.528875,9.180859,0.000000,256
5106,107108232431680,13.336438,1.271129,0.677587,12.059163,0.000000,256
5107,107108245768118,13.332125,1.431583,0.484591,11.893095,0.000000,256
5108,107108259100243,13.335193,1.145301,0.680806,12.183375,0.000000,256
5109,107108272435436,13.334033,1.246939,0.678254,12.079967,0.000000,256
5110,107108285769469,13.330734,1.402810,0.851584,11.921215,0.000000,256
5111,107108299100203,13.334473,1.810547,0.804196,11.516192,0.000000,256
5112,107108312434676,13.341900,1.295961,0.661563,12.032303,0.000000,256
5113,107108325776576,13.321551,3.504837,0.586415,9.810485,0.000000,256
5114,107108339098127,13.334785,1.467375,1.083009,11.862049,0.000000,256
5115,107108352432912,13.336823,2.012253,1.241855,11.318130,0.000000,256
5116,107108365769735,13.329643,1.375098,1.301449,11.947603,0.000000,256
5117,107108379099378,13.335380,1.463905,1.181730,11.863821,0.000000,256
5118,107108392434758,13.336232,1.285152,0.880065,12.042751,0.000000,256
5119,107108405770990,13.331080,1.411319,0.855175,11.912056,0.000000,256
5120,107108419102070,13.333455,1.310018,0.775780,12.016540,0.000000,256
5121,107108432435525,13.331201,3.655617,0.791875,9.669911,0.000000,256
5122,107108445766726,13.336692,1.477791,0.928788,11.852213,0.000000,256
5123,107108459103418,13.332483,1.622771,0.991190,11.702176,0.000000,256
5124,107108472435901,13.333302,1.101295,1.062863,12.226063,0.000000,256
5125,107108485769203,13.334884,1.015961,0.825960,12.311548,0.000000,256
5126,107108499104087,13.329237,1.500260,1.306428,11.818494,0.000000,256
5127,107108512433324,13.336383,1.437165,0.630934,11.892794,0.000000,256
5128,107108525769707,13.331366,1.156210,1.076627,12.167499,0.000000,256
5129,107108539101073,13.333249,4.072177,0.742024,9.253925,0.000000,256
5130,107108552434322,13.333642,1.448495,0.881471,11.879037,0.000000,256
5131,107108565767964,13.333539,1.665265,0.580728,11.662205,0.000000,256
5132,107108579101503,13.332900,1.170350,0.697441,12.156708,0.000000,256
5133,107108592434403,13.336968,1.253163,0.840888,12.076528,0.000000,256
5134,107108605771371,13.331075,1.313646,0.474414,12.010014,0.000000,256
5135,107108619102446,13.333286,1.245563,0.775266,12.079588,0.000000,256
5136,107108632435732,13.333265,1.286632,0.854697,12.039799,0.000000,256
5137,107108645768997,13.333105,3.815287,0.716481,9.511064,0.000000,256
5138,107108659102102,13.334140,1.214603,0.686604,12.112888,0.000000,256
5139,107108672436242,13.331093,3.534109,0.684183,9.790605,0.000000,256
5140,107108685767335,13.339052,1.083424,0.584961,12.249040,0.000000,256
5141,107108699106387,13.329100,1.410069,0.674444,11.905968,0.000000,256
5142,107108712435487,13.331511,1.264263,0.618218,12.061249,0.000000,256
5143,107108725766998,13.336790,1.186939,0.602252,12.144062,0.000000,256
5144,107108739103788,13.334437,1.263480,0.790489,12.059579,0.000000,256
5145,107108752438225,13.328675,3.811203,0.655089,9.510766,0.000000,256
5146,107108765766900,13.338614,1.663588,0.726308,11.669365,0.000000,256
5147,107108779105514,13.332626,1.572343,0.666364,11.749832,0.000000,256
5148,107108792438140,13.332325,1.200554,0.687531,12.124566,0.000000,256
5149,107108805770465,13.334689,1.104588,0.600142,12.222957,0.000000,256
5150,107108819105154,13.335691,1.306793,0.807902,12.018145,0.000000,256
5151,107108832440845,13.330121,1.535686,0.613667,11.785215,0.000000,256
5152,107108845770966,13.333976,1.104067,0.684532,12.223123,0.000000,256
5153,107108859104942,13.331950,4.549113,0.731288,8.771942,0.000000,256
5154,107108872436892,13.333638,1.332750,0.582587,11.994471,0.000000,256
5155,107108885770530,13.340167,1.530500,0.523000,11.797809,0.000000,256
5156,107108899110697,13.328265,1.508334,0.456932,11.812153,0.000000,256
5157,107108912438962,13.331637,1.252303,0.719526,12.072193,0.000000,257
5158,107108925770599,13.331921,1.184893,0.940327,12.141372,0.000000,257
5159,107108939102520,13.334814,1.284078,0.746101,12.045203,0.000000,257
5160,107108952437334,13.333124,1.268982,0.716285,12.057787,0.000000,257
5161,107108965770458,13.331442,3.712986,0.477305,9.612632,0.000000,257
5162,107108979101900,13.338819,1.069364,0.744032,12.262377,0.000000,257
5163,107108992440719,13.328711,1.680545,0.649231,11.640816,0.000000,257
5164,107109005769430,13.352791,1.210171,0.680025,12.119959,0.000000,257
5165,107109019122221,13.319088,1.147289,0.806442,12.163673,0.000000,257
5166,107109032441309,13.330845,1.313256,0.702144,12.010358,0.000000,257
5167,107109045772154,13.339241,1.105416,0.684942,12.222178,0.000000,257
5168,107109059111395,13.330529,1.253384,0.761335,12.068849,0.000000,257
5169,107109072441924,13.329082,4.163198,0.652853,9.158317,0.000000,257
5170,107109085771006,13.338835,0.960046,0.698273,12.368691,0.000000,257
5171,107109099109841,13.327386,1.636800,0.676389,11.684296,0.000000,257
5172,107109112437227,13.334017,1.149237,0.835396,12.178081,0.000000,257
5173,107109125771244,13.333909,1.109976,0.640944,12.216936,0.000000,257
5174,107109139105153,13.335792,1.321515,0.741956,12.001927,0.000000,257
5175,107109152440945,13.333967,1.261947,0.672273,12.063522,0.000000,257
5176,107109165774912,13.334446,1.196016,0.697304,12.128099,0.000000,257
5177,107109179109358,13.331959,3.629015,0.484863,9.696527,0.000000,257
5178,107109192441317,13.333046,1.317076,0.714787,12.005175,0.000000,257
5179,107109205774363,13.334273,1.458807,0.692782,11.866067,0.000000,257
5180,107109219108636,13.332749,1.241893,0.675400,12.083859,0.000000,257
5181,107109232441385,13.332771,1.406258,0.498185,11.918541,0.000000,257
5182,107109245774156,13.335180,1.276243,0.583297,12.047459,0.000000,257
5183,107109259109336,13.331494,1.264396,0.720207,12.059486,0.000000,257
5184,107109272440830,13.334397,1.381285,0.737084,11.945122,0.000000,257
5185,107109285775227,13.329541,3.745208,0.683674,9.577861,0.000000,257
5186,107109299104768,13.335547,1.038744,0.601105,12.288490,0.000000,257
5187,107109312440315,13.334557,1.730709,0.961493,11.596804,0.000000,257
5188,107109325774872,13.337202,1.149055,1.975892,12.175978,0.000000,257
5189,107109339112074,13.326595,1.215707,0.631697,12.105741,0.000000,257
5190,107109352438669,13.338195,1.115951,0.747979,12.215948,0.000000,257
5191,107109365776864,13.344850,1.185801,0.649155,12.138075,0.000000,257
5192,107109379121714,13.318687,1.219094,0.811406,12.093140,0.000000,257
5193,107109392440401,13.333193,4.274606,0.633002,9.051179,0.000000,257
5194,107109405773594,13.337249,1.108717,0.653497,12.218871,0.000000,257
5195,107109419110843,13.330586,1.330539,0.637169,11.984270,0.000000,257
5196,107109432441429,13.335867,1.157800,0.717122,12.171036,0.000000,257
5197,107109445777296,13.334930,1.254075,0.691067,12.068074,0.000000,257
5198,107109459112226,13.330634,1.197395,0.488336,12.115735,0.000000,257
5199,107109472442860,13.333694,1.240207,0.646447,12.085506,0.000000,257
5200,107109485776554,13.346177,1.134943,0.705417,12.193072,0.000000,257
5201,107109499122731,13.316053,3.819216,0.628886,9.490459,0.000000,257
5202,107109512438784,13.334399,2.274682,0.498504,11.054051,0.000000,257
5203,107109525773183,13.339042,1.429213,0.470559,11.902895,0.000000,257
5204,107109539112225,13.328455,1.155530,0.419497,12.154647,0.000000,257
5205,107109552440680,13.342108,1.157759,0.630811,12.175468,0.000000,257
5206,107109565782788,13.340706,1.101089,0.665542,12.221497,0.000000,257
5207,107109579123494,13.318377,1.166102,0.632873,12.144879,0.000000,257
5208,107109592441871,13.337239,1.187784,0.684032,12.141202,0.000000,257
5209,107109605779110,13.330990,3.586924,0.629602,9.732090,0.000000,257
5210,107109619110100,13.333807,1.143721,0.694001,12.184223,0.000000,257
5211,107109632443907,13.331094,1.505524,1.606629,11.818282,0.000000,257
5212,107109645775001,13.346327,1.082484,0.666646,12.243844,0.000000,257
5213,107109659121328,13.323385,1.206908,0.460466,12.109632,0.000000,257
5214,107109672444713,13.332260,1.198000,1.244661,12.126897,0.000000,257
5215,107109685776973,13.345635,1.168251,0.720481,12.160531,0.000000,257
5216,107109699122608,13.321008,1.233522,0.747279,12.080712,0.000000,257
5217,107109712443616,13.330109,4.401414,0.645048,8.921709,0.000000,257
5218,107109725773725,13.340321,1.344401,0.637487,11.990129,0.000000,257
5219,107109739114046,13.330466,1.482020,0.697276,11.840221,0.000000,257
5220,107109752444512,13.331711,1.346536,0.694160,11.977829,0.000000,257
5221,107109765776223,13.334865,2.391738,0.692058,10.937011,0.000000,257
5222,107109779111088,13.333406,1.218701,0.742421,12.108973,0.000000,257
5223,107109792444494,13.333821,1.267817,0.802209,12.057687,0.000000,257
5224,107109805778315,13.346640,1.145865,0.680251,12.183521,0.000000,257
5225,107109819124955,13.318652,3.748272,0.675942,9.563433,0.000000,257
5226,107109832443607,13.335132,1.179385,0.780721,12.148519,0.000000,257
5227,107109845778739,13.334402,1.496435,0.703049,11.831147,0.000000,257
5228,107109859113141,13.330843,1.221236,0.726196,12.102364,0.000000,257
5229,107109872443984,13.333101,1.216936,0.707233,12.108391,0.000000,257
5230,107109885777085,13.337898,1.099172,0.788573,12.231457,0.000000,257
5231,107109899114983,13.329337,1.256631,0.816959,12.053018,0.000000,257
5232,107109912444320,13.335866,1.293083,0.511372,12.035651,0.000000,257
5233,107109925780186,13.334477,3.731346,0.430474,9.596311,0.000000,257
5234,107109939114663,13.331142,1.089679,0.467068,12.226985,0.000000,257
5235,107109952445805,13.334264,1.405933,0.636065,11.921666,0.000000,257
5236,107109965780069,13.334009,1.107713,0.613003,12.218971,0.000000,257
5237,107109979114078,13.332300,1.124387,0.721096,12.193754,0.000000,257
5238,107109992446378,13.333514,2.632421,0.654044,10.693399,0.000000,257
5239,107110005779892,13.345306,1.127251,1.354941,12.201669,0.000000,257
5240,107110019125198,13.323192,1.113229,0.505134,12.203451,0.000000,257
5241,107110032448390,13.332773,4.263150,0.891578,9.063225,0.000000,257
5242,107110045781163,13.338847,1.024872,0.504387,12.306221,0.000000,257
5243,107110059120010,13.333464,1.624905,0.693591,11.698271,0.000000,257
5244,107110072453474,13.332937,1.557450,0.513035,11.766631,0.000000,257
5245,107110085786411,13.360084,1.305896,0.673444,12.041784,0.000000,257
5246,107110099146495,13.306771,1.577680,0.958421,11.720761,0.000000,257
5247,107110112453266,13.330470,3.099189,0.556144,10.221796,0.000000,257
5248,107110125783736,13.335174,2.636366,0.686531,10.690965,0.000000,258
5249,107110139118910,13.331236,4.619369,0.674171,8.703896,0.000000,258
5250,107110152450146,13.335233,2.803003,0.793470,10.524205,0.000000,258
5251,107110165785379,13.344528,2.711031,0.636940,10.626574,0.000000,258
5252,107110179129907,13.321267,1.385495,0.633270,11.928778,0.000000,258
5253,107110192451174,13.334319,1.194485,0.654443,12.131985,0.000000,258
5254,107110205785493,13.343905,1.920609,0.658698,11.415168,0.000000,258
5255,107110219129398,13.322348,1.772372,0.770540,11.542785,0.000000,258
5256,107110232451746,13.333126,1.923678,0.631458,11.401748,0.000000,258
5257,107110245784872,13.341665,4.153469,0.635047,9.181419,0.000000,258
5258,107110259126537,13.335118,1.096673,0.733084,12.232531,0.000000,258
5259,107110272461655,13.333986,2.241950,0.610376,11.084251,0.000000,258
5260,107110285795641,13.333691,1.101477,0.661509,12.223893,0.000000,258
5261,107110299129332,13.329224,1.185157,0.607451,12.138304,0.000000,258
5262,107110312458556,13.335281,1.119853,0.645314,12.209408,0.000000,258
5263,107110325793837,13.335114,1.022938,0.442998,12.305303,0.000000,258
5264,107110339128951,13.332718,1.203389,0.756007,12.121979,0.000000,258
5265,107110352461669,13.332515,4.131741,0.604101,9.193567,0.000000,258
5266,107110365794184,13.333599,0.949448,0.627679,12.376534,0.000000,258
5267,107110379127783,13.331262,1.392786,0.611448,11.932152,0.000000,258
5268,107110392459045,13.337256,1.086821,0.688715,12.243415,0.000000,258
5269,107110405796301,13.332582,2.489554,0.616110,10.836017,0.000000,258
5270,107110419128883,13.332666,1.153318,0.608030,12.172919,0.000000,258
5271,107110432461549,13.334256,2.464968,0.611265,10.862567,0.000000,258
5272,107110445795805,13.335338,1.129036,0.771379,12.198776,0.000000,258
5273,107110459131143,13.341314,3.883895,0.440783,9.446934,0.000000,258
5274,107110472472457,13.325052,1.196742,0.470374,12.119269,0.000000,258
5275,107110485797509,13.332131,2.525549,0.438446,10.799932,0.000000,258
5276,107110499129640,13.335117,1.088337,0.426502,12.240159,0.000000,258
5277,107110512464757,13.330806,2.511040,0.619757,10.812149,0.000000,258
5278,107110525795563,13.335915,1.079416,0.629151,12.250105,0.000000,258
5279,107110539131478,13.331222,1.042970,0.550880,12.282107,0.000000,258
5280,107110552462700,13.335769,1.056209,0.674513,12.272748,0.000000,258
5281,107110565798469,13.331825,3.706837,0.592012,9.616777,0.000000,258
5282,107110579130294,13.334488,1.144368,0.625250,12.183157,0.000000,258
5283,107110592464782,13.334420,1.489506,0.701341,11.836758,0.000000,258
5284,107110605799202,13.337185,2.064635,0.573212,11.265407,0.000000,258
5285,107110619136387,13.334494,1.114178,0.437269,12.212684,0.000000,258
5286,107110632470881,13.331984,1.149340,0.413460,12.176265,0.000000,258
5287,107110645802865,13.334267,1.013805,0.640718,12.313932,0.000000,258
5288,107110659137132,13.331919,1.091135,0.677604,12.233702,0.000000,258
5289,107110672469051,13.331827,4.649371,0.553346,8.676534,0.000000,258
5290,107110685800878,13.338239,0.918384,0.686957,12.413396,0.000000,258
5291,107110699139117,13.328828,1.516401,0.580419,11.804191,0.000000,258
5292,107110712467945,13.357596,1.130463,0.602450,12.220993,0.000000,258
5293,107110725825541,13.336118,1.042711,0.634556,12.286306,0.000000,258
5294,107110739161659,13.332923,1.203218,0.619682,12.121527,0.000000,258
5295,107110752494582,13.331203,1.217127,0.633995,12.105999,0.000000,258
5296,107110765825785,13.335190,1.079795,0.743652,12.247386,0.000000,258
5297,107110779160975,13.331112,4.012241,0.596039,9.311513,0.000000,258
5298,107110792492087,13.334132,1.119649,0.614288,12.208068,0.000000,258
5299,107110805826219,13.332944,1.334175,0.600954,11.992033,0.000000,258
5300,107110819159163,13.336065,1.112688,0.621664,12.215348,0.000000,258
5301,107110832495228,13.329858,1.195178,0.687821,12.127025,0.000000,258
5302,107110845825086,13.334098,1.033428,0.666123,12.294758,0.000000,258
5303,107110859159184,13.336049,1.157351,0.612054,12.171408,0.000000,258
5304,107110872495233,13.331629,1.214147,0.667035,12.110512,0.000000,258
5305,107110885826862,13.332635,3.566316,0.559582,9.760456,0.000000,258
5306,107110899159497,13.337004,1.080619,0.611220,12.250237,0.000000,258
5307,107110912496501,13.331058,1.445975,0.590050,11.877708,0.000000,258
5308,107110925827559,13.332050,1.020410,0.582153,12.305667,0.000000,258
5309,107110939159609,13.334371,1.231553,0.583622,12.096194,0.000000,258
5310,107110952493980,13.330826,1.146379,0.557258,12.179043,0.000000,258
5311,107110965824806,13.335199,0.991529,0.562857,12.338026,0.000000,258
5312,107110979160005,13.335069,1.098684,0.710150,12.228773,0.000000,258
5313,107110992495074,13.331334,3.839745,0.376787,9.483385,0.000000,258
5314,107111005826408,13.333477,0.938325,0.530508,12.388823,0.000000,258
5315,107111019159885,13.332808,1.389068,0.555249,11.935821,0.000000,258
5316,107111032492693,13.335249,1.081892,0.386977,12.246420,0.000000,258
5317,107111045827942,13.331864,0.988852,0.385464,12.336014,0.000000,258
5318,107111059159806,13.337121,1.074095,0.584316,12.256176,0.000000,258
5319,107111072496927,13.331352,1.202055,0.592350,12.121596,0.000000,258
5320,107111085828279,13.333740,1.095861,0.666278,12.230581,0.000000,258
5321,107111099162019,13.334685,3.696695,0.581715,9.630606,0.000000,258
5322,107111112496704,13.329868,1.073553,0.603781,12.250057,0.000000,258
5323,107111125826572,13.334924,1.233672,0.470022,12.094966,0.000000,258
5324,107111139161496,13.334697,1.174646,0.676715,12.153509,0.000000,258
5325,107111152496193,13.332600,1.261190,0.671311,12.064645,0.000000,258
5326,107111165828793,13.332208,1.027212,0.550809,12.299039,0.000000,258
5327,107111179161001,13.333709,1.093590,0.554425,12.234167,0.000000,258
5328,107111192494710,13.335837,1.225321,0.600336,12.102764,0.000000,258
5329,107111205830547,13.331821,3.799897,0.569594,9.523092,0.000000,258
5330,107111219162368,13.332809,1.122327,0.590294,12.204292,0.000000,258
5331,107111232495177,13.334735,1.406675,0.593405,11.919480,0.000000,258
5332,107111245829912,13.331751,1.027416,0.560562,12.296614,0.000000,258
5333,107111259161663,13.332166,1.114700,0.546438,12.211230,0.000000,258
5334,107111272493829,13.348077,1.074477,0.452404,12.265975,0.000000,258
5335,107111285841906,13.331321,1.048843,0.550565,12.274426,0.000000,258
5336,107111299173227,13.334619,1.100068,0.463674,12.227601,0.000000,258
5337,107111312507846,13.334885,3.556079,0.452105,9.771944,0.000000,258
5338,107111325842731,13.332332,1.147272,0.375826,12.178216,0.000000,258
5339,107111339175063,13.332823,1.450104,0.526748,11.875904,0.000000,258
5340,107111352507886,13.336273,1.162659,0.429034,12.166326,0.000000,258
5341,107111365844159,13.330198,1.102552,0.554338,12.219406,0.000000,259
5342,107111379174357,13.333984,1.263029,0.577926,12.065550,0.000000,259
5343,107111392508341,13.335042,1.097309,0.616340,12.230708,0.000000,259
5344,107111405843383,13.331952,1.039712,0.675432,12.284877,0.000000,259
5345,107111419175335,13.331418,5.307279,0.530064,8.017542,0.000000,259
5346,107111432506753,13.338179,1.029628,0.585133,12.301808,0.000000,259
5347,107111445844932,13.333220,1.416460,0.595781,11.908375,0.000000,259
5348,107111459178152,13.334820,1.173422,0.602490,12.153099,0.000000,259
5349,107111472512972,13.331369,1.306933,0.611959,12.015147,0.000000,259
5350,107111485844341,13.332008,1.080931,0.545832,12.243844,0.000000,259
5351,107111499176349,13.333355,1.111002,0.470917,12.215520,0.000000,259
5352,107111512509704,13.333550,1.123197,0.686648,12.203808,0.000000,259
5353,107111525843254,13.333899,3.372540,0.574049,9.954150,0.000000,259
5354,107111539177153,13.329672,0.987518,0.570110,12.335917,0.000000,259
5355,107111552506825,13.334140,1.215955,0.579038,12.113422,0.000000,259
5356,107111565840965,13.337877,0.953284,0.563275,12.378358,0.000000,259
5357,107111579178842,13.331250,1.129372,0.594903,12.194018,0.000000,259
5358,107111592510092,13.333221,1.081519,0.580022,12.245176,0.000000,259
5359,107111605843313,13.336024,0.966019,0.593880,12.363163,0.000000,259
5360,107111619179337,13.331134,1.169658,0.734223,12.153101,0.000000,259
5361,107111632510471,13.333066,3.540428,0.552175,9.785314,0.000000,259
5362,107111645843537,13.336241,0.895311,0.588731,12.434135,0.000000,259
5363,107111659179778,13.330488,1.361818,0.516750,11.961485,0.000000,259
5364,107111672510266,13.334774,1.111612,0.540311,12.215688,0.000000,259
5365,107111685845040,13.333400,0.937286,0.574776,12.389361,0.000000,259
5366,107111699178440,13.332147,1.169388,0.493635,12.156217,0.000000,259
5367,107111712510587,13.333246,1.232479,0.530538,12.093974,0.000000,259
5368,107111725843833,13.337193,1.033839,1.753793,12.294492,0.000000,259
5369,107111739181026,13.327962,3.424822,0.531910,9.895450,0.000000,259
5370,107111752508988,13.333240,0.916988,0.543730,12.411776,0.000000,259
5371,107111765842228,13.334286,1.070644,0.540043,12.258133,0.000000,259
5372,107111779176514,13.333241,0.957958,0.519604,12.368605,0.000000,259
5373,107111792509755,13.334430,0.917895,0.607610,12.411024,0.000000,259
5374,107111805844185,13.335472,0.908313,0.550634,12.420315,0.000000,259
5375,107111819179657,13.331108,1.139249,0.558087,12.185308,0.000000,259
5376,107111832510765,13.334380,1.098670,0.552598,12.228315,0.000000,259
5377,107111845845145,13.331201,3.401041,0.516262,9.923678,0.000000,259
5378,107111859176346,13.337594,1.071729,0.395054,12.260083,0.000000,259
5379,107111872513940,13.331274,1.445326,0.355373,11.877985,0.000000,259
5380,107111885845214,13.332856,0.964077,0.386683,12.362330,0.000000,259
5381,107111899178070,13.336776,1.023268,0.386965,12.305480,0.000000,259
5382,107111912514846,13.331143,1.144496,0.523156,12.179284,0.000000,259
5383,107111925845989,13.332557,1.047881,0.542454,12.277962,0.000000,259
5384,107111939178546,13.336558,1.099537,0.580124,12.229346,0.000000,259
5385,107111952515104,13.330449,5.356434,0.537221,7.965965,0.000000,259
5386,107111965845553,13.333781,0.985331,0.501135,12.342421,0.000000,259
5387,107111979179334,13.335283,1.480209,0.535909,11.847794,0.000000,259
5388,107111992514617,13.332192,1.174960,0.528628,12.146668,0.000000,259
5389,107112005846809,13.333568,1.000817,0.547420,12.325629,0.000000,259
5390,107112019180377,13.334981,1.128385,0.398597,12.198603,0.000000,259
5391,107112032515358,13.330494,1.182563,0.362545,12.139972,0.000000,259
5392,107112045845852,13.333680,1.014631,0.434260,12.312198,0.000000,259
5393,107112059179532,13.334369,5.172174,0.507793,8.154550,0.000000,259
5394,107112072513901,13.332950,1.134458,0.494051,12.191325,0.000000,259
5395,107112085846851,13.333093,1.301265,0.537424,12.024955,0.000000,259
5396,107112099179944,13.336580,1.172816,0.479080,12.156228,0.000000,259
5397,107112112516524,13.327973,1.174397,0.330747,12.146397,0.000000,259
5398,107112125844497,13.333946,0.848549,0.481896,12.481076,0.000000,259
5399,107112139178443,13.336658,0.954479,0.558455,12.376588,0.000000,259
5400,107112152515101,13.330557,1.147212,0.515936,12.176941,0.000000,259
5401,107112165845658,13.332018,3.288949,0.357064,10.037557,0.000000,259
5402,107112179177676,13.333541,0.892480,0.389996,12.436235,0.000000,259
5403,107112192511217,13.337376,1.272544,0.472258,12.059380,0.000000,259
5404,107112205848593,13.341147,1.076056,0.444861,12.257909,0.000000,259
5405,107112219189740,13.329597,1.123845,0.448257,12.199540,0.000000,259
5406,107112232519337,13.336042,0.942534,0.450707,12.387870,0.000000,259
5407,107112245855379,13.330739,0.880969,0.355414,12.443579,0.000000,259
5408,107112259186118,13.334033,0.929779,0.360236,12.399383,0.000000,259
5409,107112272520151,13.338678,3.386946,0.362327,9.945023,0.000000,259
5410,107112285858829,13.331113,1.000543,0.347171,12.322348,0.000000,259
5411,107112299189942,13.331442,1.431203,0.332817,11.894257,0.000000,259
5412,107112312521384,13.337730,1.075979,0.374191,12.255142,0.000000,259
5413,107112325859114,13.330777,1.050336,0.341534,12.272791,0.000000,259
5414,107112339189891,13.332858,1.092819,0.461028,12.232894,0.000000,259
5415,107112352522749,13.337051,1.128937,0.502313,12.200119,0.000000,259
5416,107112365859800,13.330624,1.026528,0.472443,12.295831,0.000000,259
5417,107112379190424,13.332854,3.785552,0.432347,9.540645,0.000000,259
5418,107112392523278,13.335563,1.064649,0.471075,12.264181,0.000000,259
5419,107112405858841,13.332220,1.354749,0.444834,11.969443,0.000000,259
5420,107112419191061,13.335055,1.097487,0.505954,12.230871,0.000000,259
5421,107112432526116,13.333866,1.204306,0.475646,12.121025,0.000000,259
5422,107112445859982,13.334206,1.056339,0.553756,12.268990,0.000000,259
5423,107112459194188,13.329948,1.337556,0.455573,11.984201,0.000000,259
5424,107112472524136,13.341689,1.125957,0.336603,12.205733,0.000000,259
5425,107112485865825,13.324364,3.940154,0.286871,9.373382,0.000000,259
5426,107112499190189,13.332638,1.077543,0.301694,12.248273,0.000000,259
5427,107112512522827,13.339894,1.277453,0.306503,12.055374,0.000000,259
5428,107112525862721,13.326125,1.074097,0.302209,12.244498,0.000000,259
5429,107112539188846,13.334352,1.042819,0.279051,12.286444,0.000000,259
5430,107112552523198,13.333822,1.211347,0.283151,12.116436,0.000000,259
5431,107112565857020,13.336395,0.948066,0.397985,12.380930,0.000000,259
5432,107112579193415,13.330696,1.218980,0.418892,12.104961,0.000000,259
5433,107112592524111,13.332013,3.518959,0.389978,9.806659,0.000000,260
5434,107112605856124,13.337594,0.900257,0.317882,12.430783,0.000000,260
5435,107112619193718,13.330830,1.626364,0.313420,11.697792,0.000000,260
5436,107112632524548,13.332329,1.775948,0.314839,11.549256,0.000000,260
5437,107112645856877,13.337646,1.029520,0.366463,12.301412,0.000000,260
5438,107112659194523,13.328714,1.392813,0.291246,11.928944,0.000000,260
5439,107112672523237,13.335571,1.215216,0.287592,12.115287,0.000000,260
5440,107112685858808,13.335917,1.006786,0.303763,12.321929,0.000000,260
5441,107112699194725,13.330145,4.269237,0.288626,9.050333,0.000000,260
5442,107112712524870,13.333734,1.109536,0.295538,12.217266,0.000000,260
5443,107112725858604,13.340934,1.299035,0.315348,12.032905,0.000000,260
5444,107112739199538,13.325030,1.346839,0.299204,11.969263,0.000000,260
5445,107112752524568,13.333725,1.031514,0.303979,12.296627,0.000000,260
5446,107112765858293,13.338144,0.977856,0.361396,12.352300,0.000000,260
5447,107112779196437,13.329691,1.408081,0.308947,11.913540,0.000000,260
5448,107112792526128,13.348570,1.094546,0.294596,12.246782,0.000000,260
5449,107112805874698,13.337376,3.656142,0.337011,9.673520,0.000000,260
5450,107112819212074,13.328953,1.170628,0.313234,12.150107,0.000000,260
5451,107112832541027,13.333666,1.447501,0.408387,11.879045,0.000000,260
5452,107112845874693,13.337431,0.979974,0.443997,12.349861,0.000000,260
5453,107112859212124,13.329011,1.193132,0.400634,12.129069,0.000000,260
5454,107112872541135,13.335415,1.107961,0.366192,12.220936,0.000000,260
5455,107112885876550,13.334535,0.913389,0.410632,12.413683,0.000000,260
5456,107112899211085,13.334206,1.125556,0.420223,12.200056,0.000000,260
5457,107112912545291,13.331515,3.621072,0.393231,9.702329,0.000000,260
5458,107112925876806,13.335388,0.916883,0.374941,12.411370,0.000000,260
5459,107112939212194,13.340287,1.414323,0.404992,11.915184,0.000000,260
5460,107112952552481,13.324433,1.188110,0.381612,12.127138,0.000000,260
5461,107112965876914,13.335008,0.939562,0.378120,12.388420,0.000000,260
5462,107112979211922,13.339015,1.153159,0.395482,12.175113,0.000000,260
5463,107112992550937,13.324965,1.223802,0.447398,12.092622,0.000000,260
5464,107113005875902,13.333264,0.835078,0.421749,12.491809,0.000000,260
5465,107113019209166,13.336787,3.377508,0.507515,9.953329,0.000000,260
5466,107113032545953,13.330996,1.376009,0.428339,11.948217,0.000000,260
5467,107113045876949,13.333947,1.299971,0.393853,12.026966,0.000000,260
5468,107113059210896,13.336058,1.143822,0.395507,12.184443,0.000000,260
5469,107113072546954,13.330372,1.134680,0.408530,12.187800,0.000000,260
5470,107113085877326,13.332483,0.955819,0.302450,12.370928,0.000000,260
5471,107113099209809,13.338049,1.076884,0.291528,12.253567,0.000000,260
5472,107113112547858,13.329908,1.240545,0.398273,12.082190,0.000000,260
5473,107113125877766,13.334652,3.419712,0.393126,9.906850,0.000000,260
5474,107113139212418,13.334029,1.090823,0.414428,12.235301,0.000000,260
5475,107113152546447,13.333137,1.706707,0.283566,11.618180,0.000000,260
5476,107113165879584,13.332211,0.989418,0.274327,12.336399,0.000000,260
5477,107113179211795,13.334811,1.065739,0.278555,12.261999,0.000000,260
5478,107113192546606,13.331145,1.139136,0.367101,12.185007,0.000000,260
5479,107113205877751,13.334033,0.934573,0.355484,12.392477,0.000000,260
5480,107113219211784,13.337565,1.046286,0.377068,12.282025,0.000000,260
5481,107113232549349,13.341772,3.963447,0.361257,9.363890,0.000000,260
5482,107113245891121,13.331123,1.132455,0.258397,12.188540,0.000000,260
5483,107113259222244,13.332563,1.333778,0.273704,11.992114,0.000000,260
5484,107113272554807,13.339678,1.035573,0.284116,12.293603,0.000000,260
5485,107113285894485,13.326790,1.147754,1.314583,12.170582,0.000000,260
5486,107113299221275,13.336335,0.976011,0.260771,12.353250,0.000000,260
5487,107113312557610,13.334979,1.039965,0.260877,12.286318,0.000000,260
5488,107113325892589,13.330144,1.064984,0.255883,12.256684,0.000000,260
5489,107113339222733,13.333003,3.737695,0.255222,9.588308,0.000000,260
5490,107113352555736,13.335918,0.961895,0.393455,12.366457,0.000000,260
5491,107113365891654,13.330871,1.519214,0.394464,11.804000,0.000000,260
5492,107113379222525,13.333410,1.030899,0.346261,12.295499,0.000000,260
5493,107113392555935,13.336395,0.996964,0.429619,12.333062,0.000000,260
5494,107113405892330,13.330522,1.318500,0.339416,12.004843,0.000000,260
5495,107113419222852,13.333645,1.006760,0.347066,12.319854,0.000000,260
5496,107113432556497,13.337485,1.001635,0.373081,12.327996,0.000000,260
5497,107113445893982,13.341076,3.759185,0.342914,9.572684,0.000000,260
5498,107113459235058,13.330094,1.322034,0.320885,11.999542,0.000000,260
5499,107113472565152,13.337684,1.280103,0.388377,12.050128,0.000000,260
5500,107113485902836,13.329432,1.138483,0.327965,12.181918,0.000000,260
5501,107113499232268,13.332855,0.981281,0.328601,12.345573,0.000000,260
5502,107113512565123,13.336535,0.975607,0.425774,12.353651,0.000000,260
5503,107113525901658,13.332369,1.032986,0.337058,12.290603,0.000000,260
5504,107113539234027,13.331180,0.997383,0.314793,12.327416,0.000000,260
5505,107113552565207,13.339274,3.668146,0.466149,9.661771,0.000000,260
5506,107113565904481,13.329330,1.172622,0.345140,12.148502,0.000000,260
5507,107113579233811,13.331591,1.271240,0.337729,12.053723,0.000000,260
5508,107113592565402,13.335587,0.987288,0.299305,12.341497,0.000000,260
5509,107113605900989,13.335436,1.018683,0.340941,12.308254,0.000000,260
5510,107113619236425,13.333962,1.228109,0.345540,12.097658,0.000000,260
5511,107113632570387,13.330429,1.222775,0.314307,12.098960,0.000000,260
5512,107113645900816,13.335396,1.126356,0.406772,12.200840,0.000000,260
5513,107113659236212,13.332331,3.560849,0.451648,9.761465,0.000000,260
5514,107113672568543,13.331796,1.215157,0.375089,12.108980,0.000000,260
5515,107113685900339,13.340122,3.174900,0.573439,10.156190,0.000000,260
5516,107113699240461,13.329262,1.622674,0.424935,11.694147,0.000000,260
5517,107113712569723,13.349707,1.275743,0.445803,12.056555,0.000000,260
5518,107113725919430,13.319910,1.352603,0.515767,11.953019,0.000000,260
5519,107113739239340,13.332780,1.491055,0.340377,11.829883,0.000000,260
5520,107113752572120,13.332926,1.308793,0.315982,12.012807,0.000000,260
5521,107113765905046,13.334462,3.964770,0.415287,9.358148,0.000000,260
5522,107113779239508,13.332495,1.483281,0.471393,11.838235,0.000000,260
5523,107113792572003,13.332985,1.848661,0.443691,11.474684,0.000000,260
5524,107113805904988,13.333778,1.105578,0.309141,12.217872,0.000000,260
5525,107113819238766,13.333880,1.282731,0.404536,12.041248,0.000000,260
5526,107113832572646,13.332669,1.411010,0.348325,11.910643,0.000000,260
5527,107113845905315,13.333870,1.060302,0.288047,12.263947,0.000000,260
5528,107113859239185,13.333138,1.150429,0.284928,12.172878,0.000000,260
5529,107113872572323,13.326862,3.988414,0.253989,9.328215,0.000000,260
5530,107113885899185,13.339091,0.901370,0.261834,12.429977,0.000000,260
5531,107113899238276,13.334238,1.390988,0.254725,11.934387,0.000000,260
5532,107113912572514,13.332653,1.108201,0.273785,12.214472,0.000000,260
5533,107113925905167,13.333139,1.001107,0.355422,12.323411,0.000000,260
5534,107113939238306,13.333829,1.294355,0.398407,12.030029,0.000000,260
5535,107113952572135,13.331004,1.106577,0.379117,12.215746,0.000000,260
5536,107113965903139,13.336684,1.025121,0.384995,12.303841,0.000000,261
5537,107113979239823,13.331608,4.003099,0.346967,9.318821,0.000000,261
5538,107113992571431,13.332517,1.130125,0.350538,12.193510,0.000000,261
5539,107114005903948,13.332598,1.988300,0.343343,11.336665,0.000000,261
5540,107114019236546,13.334305,1.197605,0.346266,12.128524,0.000000,261
5541,107114032570851,13.332169,1.058520,0.363505,12.266072,0.000000,261
5542,107114045903020,13.335599,0.910453,0.367037,12.418246,0.000000,261
5543,107114059238619,13.333005,1.015508,0.350739,12.308987,0.000000,261
5544,107114072571624,13.330113,1.074171,0.355308,12.248668,0.000000,261
5545,107114085901737,13.332677,3.166403,0.340347,10.161158,0.000000,261
5546,107114099234414,13.335975,0.776546,0.352132,12.553668,0.000000,261
5547,107114112570389,13.333560,1.265836,0.328200,12.060357,0.000000,261
5548,107114125903949,13.353731,0.863768,0.322861,12.482551,0.000000,261
5549,107114139257680,13.349150,0.959727,0.518525,12.380961,0.000000,261
5550,107114152606830,13.334343,1.413414,0.343672,11.911981,0.000000,261
5551,107114165941173,13.330520,0.951517,0.385548,12.371068,0.000000,261
5552,107114179271693,13.340223,1.028174,0.380313,12.304202,0.000000,261
5553,107114192611916,13.333770,3.687353,0.369075,9.633533,0.000000,261
5554,107114205945686,13.327765,1.039503,0.323419,12.279520,0.000000,261
5555,107114219273451,13.336754,1.169557,0.442739,12.160391,0.000000,261
5556,107114232610205,13.335710,1.106177,0.300730,12.218450,0.000000,261
5557,107114245945915,13.326488,0.770757,0.296142,12.548681,0.000000,261
5558,107114259272403,13.334181,1.095937,0.256261,12.232498,0.000000,261
5559,107114272606584,13.340301,1.082892,0.314715,12.249070,0.000000,261
5560,107114285946885,13.327191,0.802077,0.231188,12.519208,0.000000,261
5561,107114299274076,13.335811,3.298796,0.270316,10.030577,0.000000,261
5562,107114312609887,13.331431,0.934767,0.287161,12.389544,0.000000,261
5563,107114325941318,13.332582,1.025622,0.275690,12.300168,0.000000,261
5564,107114339273900,13.335212,0.886125,0.334492,12.442665,0.000000,261
5565,107114352609112,13.334455,1.171318,0.259956,12.155563,0.000000,261
5566,107114365943567,13.333219,0.800836,0.406288,12.524919,0.000000,261
5567,107114379276786,13.334766,0.983530,0.360532,12.341150,0.000000,261
5568,107114392611552,13.332991,1.157687,0.347541,12.163477,0.000000,261
5569,107114405944543,13.330826,3.482742,0.260898,9.839292,0.000000,261
5570,107114419275369,13.335902,0.869923,0.480284,12.458832,0.000000,261
5571,107114432611271,13.333614,1.548018,0.423168,11.775769,0.000000,261
5572,107114445944885,13.329027,1.007678,0.447003,12.311633,0.000000,261
5573,107114459273912,13.336032,1.090717,0.236990,12.236492,0.000000,261
5574,107114472609944,13.334872,0.934036,0.331197,12.392762,0.000000,261
5575,107114485944816,13.334368,0.820929,0.358406,12.504405,0.000000,261
5576,107114499279184,13.336562,1.046587,0.261965,12.277388,0.000000,261
5577,107114512615746,13.328677,3.502761,0.259136,9.817333,0.000000,261
5578,107114525944423,13.337054,0.874739,0.325724,12.450137,0.000000,261
5579,107114539281477,13.328014,1.343511,0.314884,11.974617,0.000000,261
5580,107114552609491,13.333911,0.862073,0.339470,12.464800,0.000000,261
5581,107114565943402,13.332490,1.042362,0.387066,12.282209,0.000000,261
5582,107114579275892,13.340495,1.122724,0.245511,12.206458,0.000000,261
5583,107114592616387,13.328545,1.074288,0.250104,12.243609,0.000000,261
5584,107114605944932,13.335542,0.871629,0.246211,12.454365,0.000000,261
5585,107114619280474,13.331819,3.507691,0.225229,9.816253,0.000000,261
5586,107114632612293,13.332474,0.904375,0.456017,12.421387,0.000000,261
5587,107114645944767,13.336216,1.182358,0.248062,12.144475,0.000000,261
5588,107114659280983,13.328008,1.063183,0.295373,12.257705,0.000000,261
5589,107114672608991,13.339863,0.836234,0.312216,12.494928,0.000000,261
5590,107114685948854,13.325975,0.968181,0.310144,12.351134,0.000000,261
5591,107114699274829,13.336651,0.806104,0.298451,12.523916,0.000000,261
5592,107114712611480,13.332913,0.988164,0.313139,12.337003,0.000000,261
5593,107114725944393,13.332224,3.383932,0.296293,9.942014,0.000000,261
5594,107114739276617,13.334803,0.855128,0.312538,12.472849,0.000000,261
5595,107114752611420,13.336304,1.399045,0.276510,11.929278,0.000000,261
5596,107114765947724,13.329845,0.955213,0.325786,12.364946,0.000000,261
5597,107114779277569,13.340309,1.006644,0.326151,12.322405,0.000000,261
5598,107114792617878,13.327827,0.990876,0.374994,12.328510,0.000000,261
5599,107114805945705,13.331659,0.947872,0.388176,12.376279,0.000000,261
5600,107114819277364,13.335122,0.989852,0.279556,12.337057,0.000000,261
5601,107114832612486,13.332263,3.419371,0.345389,9.903811,0.000000,261
5602,107114845944749,13.333141,0.932645,0.336176,12.393220,0.000000,261
5603,107114859277890,13.333576,1.317123,0.365733,12.010097,0.000000,261
5604,107114872611466,13.333150,1.055257,0.318744,12.270642,0.000000,261
5605,107114885944616,13.330463,0.943213,0.625610,12.381092,0.000000,261
5606,107114899275079,13.335747,0.933136,0.356368,12.397076,0.000000,261
5607,107114912610826,13.338019,0.948012,0.461401,12.380837,0.000000,261
5608,107114925948845,13.329098,0.926353,0.349777,12.394524,0.000000,261
5609,107114939277943,13.333088,3.384143,0.348992,9.941462,0.000000,261
5610,107114952611031,13.332546,0.972324,0.415500,12.351452,0.000000,261
5611,107114965943577,13.336054,1.080543,0.347896,12.248050,0.000000,261
5612,107114979279631,13.332057,1.141515,0.380207,12.182907,0.000000,261
5613,107114992611688,13.330408,1.008217,0.316073,12.315972,0.000000,261
5614,107115005942096,13.337282,0.940772,0.337483,12.390329,0.000000,261
5615,107115019279378,13.332243,1.080827,0.335780,12.242312,0.000000,261
5616,107115032611621,13.332433,0.972901,0.311770,12.353234,0.000000,261
5617,107115045944054,13.335955,3.289670,0.347651,10.039142,0.000000,261
5618,107115059280009,13.331350,0.964881,0.317079,12.358947,0.000000,261
5619,107115072611359,13.335308,1.298712,0.360180,12.030035,0.000000,261
5620,107115085946667,13.333899,0.863383,0.276104,12.462021,0.000000,261
5621,107115099280566,13.337693,1.026016,0.253084,12.300139,0.000000,261
5622,107115112618259,13.328985,1.141601,0.252386,12.180114,0.000000,261
5623,107115125947244,13.332383,0.901544,0.327308,12.423000,0.000000,261
5624,107115139279627,13.333157,1.098744,0.350026,12.227083,0.000000,261
5625,107115152612784,13.334106,3.516144,0.394519,9.809817,0.000000,261
5626,107115165946890,13.332743,0.907028,0.370828,12.418059,0.000000,261
5627,107115179279633,13.332541,1.456984,0.358243,11.866932,0.000000,261
5628,107115192612174,13.331643,0.940008,0.323177,12.384132,0.000000,261
5629,107115205943817,13.335853,0.767923,0.329530,12.560847,0.000000,261
5630,107115219279670,13.338840,1.144593,0.334597,12.182410,0.000000,262
5631,107115232618510,13.329462,1.161742,0.293737,12.160261,0.000000,262
5632,107115245947972,13.330061,0.857380,0.494248,12.465485,0.000000,262
5633,107115259278033,13.334885,4.156645,0.329377,9.169512,0.000000,262
5634,107115272612918,13.354656,1.036225,0.301709,12.310765,0.000000,262
5635,107115285967574,13.309678,1.150372,0.343788,12.151465,0.000000,262
5636,107115299277252,13.334927,1.073934,0.495474,12.254998,0.000000,262
5637,107115312612179,13.334925,0.943714,0.264906,12.385025,0.000000,262
5638,107115325947104,13.333769,0.956164,0.439695,12.367652,0.000000,262
5639,107115339280873,13.328025,0.912842,0.239490,12.409798,0.000000,262
5640,107115352608898,13.333875,1.071227,0.258324,12.256894,0.000000,262
5641,107115365942773,13.335577,3.457808,0.270538,9.870844,0.000000,262
5642,107115379278350,13.331147,0.983193,0.585080,12.341100,0.000000,262
5643,107115392609497,13.332442,1.078338,0.379490,12.248426,0.000000,262
5644,107115405941939,13.334663,0.751438,0.696453,12.577817,0.000000,262
5645,107115419276602,13.335894,0.827899,0.581616,12.501581,0.000000,262
5646,107115432612496,13.333214,0.949462,0.275172,12.376279,0.000000,262
5647,107115445945710,13.335324,0.873994,0.262589,12.455237,0.000000,262
5648,107115459281034,13.335460,1.092312,0.260880,12.233457,0.000000,262
5649,107115472616494,13.329933,3.672924,0.261343,9.648564,0.000000,262
5650,107115485946427,13.331840,1.057939,0.320126,12.266505,0.000000,262
5651,107115499278267,13.338386,1.400891,0.254004,11.929307,0.000000,262
5652,107115512616653,13.330936,1.290849,0.304124,12.031787,0.000000,262
5653,107115525947589,13.332602,1.147519,0.325265,12.175938,0.000000,262
5654,107115539280191,13.338631,0.984196,0.302941,12.345060,0.000000,262
5655,107115552618822,13.329307,0.972664,0.373320,12.350236,0.000000,262
5656,107115565948129,13.350132,0.960026,0.243171,12.382924,0.000000,262
5657,107115579298261,13.333559,3.497934,0.275982,9.829414,0.000000,262
5658,107115592631820,13.334340,1.041007,0.542499,12.286955,0.000000,262
5659,107115605966160,13.334787,1.293955,0.237069,12.032081,0.000000,262
5660,107115619300947,13.331068,1.074207,0.270180,12.249950,0.000000,262
5661,107115632632015,13.331085,1.028336,0.374243,12.296756,0.000000,262
5662,107115645963100,13.332220,0.862719,0.366513,12.463328,0.000000,262
5663,107115659295320,13.333597,0.900441,0.238619,12.427558,0.000000,262
5664,107115672628917,13.336107,1.004133,0.596902,12.326434,0.000000,262
5665,107115685965024,13.330119,3.488462,0.337913,9.836703,0.000000,262
5666,107115699295143,13.334176,0.814059,0.568163,12.514960,0.000000,262
5667,107115712629319,13.338205,1.261135,0.291293,12.070915,0.000000,262
5668,107115725967524,13.333139,0.947371,0.269293,12.378166,0.000000,262
5669,107115739300663,13.332255,1.018948,0.518752,12.307037,0.000000,262
5670,107115752632918,13.334663,1.072485,0.541278,12.255671,0.000000,262
5671,107115765967581,13.330374,0.924007,0.496179,12.399523,0.000000,262
5672,107115779297955,13.336263,0.981690,0.338768,12.348120,0.000000,262
5673,107115792634218,13.329505,3.434980,0.326990,9.888796,0.000000,262
5674,107115805963723,13.337654,0.920720,0.254162,12.410526,0.000000,262
5675,107115819301377,13.331853,1.229062,0.544090,12.095080,0.000000,262
5676,107115832633230,13.332856,1.037515,0.386643,12.289413,0.000000,262
5677,107115845966086,13.332685,0.786111,0.610931,12.539511,0.000000,262
5678,107115859298771,13.342310,0.947897,0.584213,12.383843,0.000000,262
5679,107115872641081,13.326932,1.056372,0.469844,12.261173,0.000000,262
5680,107115885968013,13.333126,1.056997,0.602335,12.269596,0.000000,262
5681,107115899301139,13.333842,3.982884,0.332171,9.341173,0.000000,262
5682,107115912634981,13.330885,1.091986,0.487555,12.231858,0.000000,262
5683,107115925965866,13.336095,1.243438,0.604821,12.085351,0.000000,262
5684,107115939301961,13.330752,1.084639,0.452433,12.238465,0.000000,262
5685,107115952632713,13.332844,1.073766,0.430503,12.253590,0.000000,262
5686,107115965965557,13.334294,0.794400,0.315600,12.534278,0.000000,262
5687,107115979299851,13.331516,1.084260,0.306002,12.240743,0.000000,262
5688,107115992631367,13.337678,1.140239,0.274510,12.188416,0.000000,262
5689,107116005969045,13.333530,3.682529,0.366580,9.643464,0.000000,262
5690,107116019302575,13.329603,1.190475,0.617855,12.130409,0.000000,262
5691,107116032632178,13.335184,1.237065,0.638302,12.091795,0.000000,262
5692,107116045967362,13.335056,0.931444,0.684136,12.396988,0.000000,262
5693,107116059302418,13.331092,0.959397,0.342556,12.364296,0.000000,262
5694,107116072633510,13.334014,1.129941,0.319733,12.197669,0.000000,262
5695,107116085967524,13.335313,1.335022,0.242143,11.992207,0.000000,262
5696,107116099302837,13.330201,1.329735,0.351269,11.992155,0.000000,262
5697,107116112633038,13.335678,3.488395,0.339637,9.840705,0.000000,262
5698,107116125968716,13.331214,1.208354,0.513555,12.116865,0.000000,262
5699,107116139299930,13.335869,1.298107,0.518050,12.031236,0.000000,262
5700,107116152635799,13.332114,1.200577,0.551833,12.124219,0.000000,262
5701,107116165967913,13.332292,1.049364,0.469867,12.276308,0.000000,262
5702,107116179300205,13.335465,1.000927,0.406985,12.327033,0.000000,262
5703,107116192635670,13.332175,1.088134,0.500327,12.237444,0.000000,262
5704,107116205967845,13.331992,1.152207,0.326542,12.174402,0.000000,262
5705,107116219299837,13.334570,3.588928,0.390416,9.739397,0.000000,262
5706,107116232634407,13.332697,0.989773,0.479407,12.336191,0.000000,262
5707,107116245967104,13.333510,1.312153,0.529054,12.015524,0.000000,262
5708,107116259300614,13.335233,1.066755,0.646597,12.262012,0.000000,262
5709,107116272635847,13.330935,1.069693,0.586859,12.255076,0.000000,262
5710,107116285966782,13.332168,1.375963,0.486911,11.951699,0.000000,262
5711,107116299298950,13.334136,1.325664,0.961147,12.003381,0.000000,262
5712,107116312633086,13.334759,1.044010,0.447127,12.283441,0.000000,262
5713,107116325967845,13.332357,3.657794,0.495498,9.667596,0.000000,262
5714,107116339300202,13.334700,1.009293,0.567430,12.319855,0.000000,262
5715,107116352634902,13.333148,1.311239,0.876495,12.015378,0.000000,262
5716,107116365968050,13.337324,0.899694,0.649055,12.429081,0.000000,262
5717,107116379305374,13.329027,1.213973,0.740006,12.106037,0.000000,262
5718,107116392634401,13.334471,1.266170,1.483479,12.062520,0.000000,262
5719,107116405968872,13.332701,1.490182,0.961632,11.835598,0.000000,262
5720,107116419301573,13.336769,1.166661,0.761246,12.161212,0.000000,263
5721,107116432638342,13.330694,4.250909,0.856932,9.070396,0.000000,263
5722,107116445969036,13.333332,1.093658,0.487844,12.231486,0.000000,263
5723,107116459302368,13.330580,2.575406,0.958087,10.748499,0.000000,263
5724,107116472632948,13.334605,1.197165,0.404293,12.131800,0.000000,263
5725,107116485967553,13.335832,1.085642,0.474330,12.243428,0.000000,263
5726,107116499303385,13.333890,1.499096,0.786807,11.827653,0.000000,263
5727,107116512637275,13.333059,1.423386,0.850117,11.901710,0.000000,263
5728,107116525970334,13.332027,1.242349,0.820420,12.083244,0.000000,263
5729,107116539302361,13.330178,3.837501,0.910137,9.487454,0.000000,263
5730,107116552632539,13.338933,1.128195,0.766632,12.204798,0.000000,263
5731,107116565971472,13.330121,1.300557,0.857219,12.023157,0.000000,263
5732,107116579301593,13.336616,1.534653,0.621662,11.794293,0.000000,263
5733,107116592638209,13.330409,1.657342,0.649432,11.666606,0.000000,263
5734,107116605968618,13.333759,1.460979,0.962361,11.867387,0.000000,263
5735,107116619302377,13.332834,1.297876,0.730569,12.029026,0.000000,263
5736,107116632635211,13.335960,1.436477,0.859361,11.893055,0.000000,263
5737,107116645971171,13.332118,4.143666,1.338195,9.181927,0.000000,263
5738,107116659303289,13.335675,1.250519,0.956296,12.077169,0.000000,263
5739,107116672638964,13.332172,1.811389,1.098130,11.513651,0.000000,263
5740,107116685971136,13.332218,1.392056,0.875338,11.933909,0.000000,263
5741,107116699303354,13.332338,1.510083,0.759325,11.817055,0.000000,263
5742,107116712635692,13.335074,1.494610,0.728245,11.834675,0.000000,263
5743,107116725970766,13.334234,1.313444,0.948693,12.012906,0.000000,263
5744,107116739305000,13.335351,2.039483,0.747471,11.288218,0.000000,263
5745,107116752640351,13.330887,4.532810,0.886595,8.791015,0.000000,263
5746,107116765971238,13.332322,1.528980,0.972688,11.796652,0.000000,263
5747,107116779303560,13.332951,2.141521,1.214353,11.184933,0.000000,263
5748,107116792636511,13.334783,1.220005,0.950331,12.107727,0.000000,263
5749,107116805971294,13.332389,1.700244,0.817794,11.625318,0.000000,263
5750,107116819303683,13.334312,1.159448,0.776540,12.168033,0.000000,263
5751,107116832637995,13.333218,1.174140,1.062008,12.152009,0.000000,263
5752,107116845971213,13.334718,2.138277,0.863158,11.189754,0.000000,263
5753,107116859305931,13.330924,4.090961,0.902884,9.232367,0.000000,263
5754,107116872636855,13.332585,1.331640,0.828298,11.994942,0.000000,263
5755,107116885969440,13.333835,1.343799,0.871190,11.982688,0.000000,263
5756,107116899303275,13.333680,1.235673,1.521884,12.092179,0.000000,263
5757,107116912636955,13.334145,1.114351,0.752973,12.213525,0.000000,263
5758,107116925971100,13.331757,1.362926,1.000683,11.962435,0.000000,263
5759,107116939302857,13.335121,1.429355,0.931966,11.900269,0.000000,263
5760,107116952637978,13.329282,1.308271,0.888360,12.015506,0.000000,263
5761,107116965967260,13.334210,3.644005,0.784923,9.685531,0.000000,263
5762,107116979301470,13.334898,1.063303,0.823946,12.264866,0.000000,263
5763,107116992636368,13.332808,1.520407,0.809903,11.806053,0.000000,263
5764,107117005969176,13.335355,1.273339,0.765832,12.056489,0.000000,263
5765,107117019304531,13.335121,1.312809,0.859604,12.015416,0.000000,263
5766,107117032639652,13.331291,1.368289,0.827744,11.956162,0.000000,263
5767,107117045970943,13.333712,1.208718,0.833260,12.118250,0.000000,263
5768,107117059304655,13.332644,1.250289,0.784657,12.075317,0.000000,263
5769,107117072637299,13.333161,3.648194,0.818434,9.678514,0.000000,263
5770,107117085970460,13.335287,1.163815,0.849393,12.165505,0.000000,263
5771,107117099305747,13.335470,1.589634,0.782234,11.737336,0.000000,263
5772,107117112641217,13.330342,1.358133,0.766571,11.965323,0.000000,263
5773,107117125971559,13.334151,1.235606,0.851347,12.091382,0.000000,263
5774,107117139305710,13.333696,1.370905,0.774689,11.956778,0.000000,263
5775,107117152639406,13.334837,1.314375,0.878338,12.013750,0.000000,263
5776,107117165974243,13.329524,1.150098,0.769645,12.172610,0.000000,263
5777,107117179303767,13.334428,3.736784,0.771225,9.590712,0.000000,263
5778,107117192638195,13.335052,1.144634,0.856490,12.183839,0.000000,263
5779,107117205973247,13.333330,1.406278,0.764096,11.920534,0.000000,263
5780,107117219306577,13.332839,1.218864,0.758687,12.107736,0.000000,263
5781,107117232639416,13.333319,1.110799,0.853427,12.216234,0.000000,263
5782,107117245972735,13.331337,1.147697,0.715717,12.177634,0.000000,263
5783,107117259304072,13.333678,1.177533,0.864846,12.150092,0.000000,263
5784,107117272637750,13.332262,1.214216,0.861556,12.111994,0.000000,263
5785,107117285970012,13.332432,3.811135,0.886903,9.515717,0.000000,263
5786,107117299302444,13.333494,0.998861,0.948364,12.329782,0.000000,263
5787,107117312635938,13.338200,1.596997,0.754625,11.735897,0.000000,263
5788,107117325974138,13.335422,1.022194,0.801624,12.303364,0.000000,263
5789,107117339309560,13.328925,1.265057,0.855624,12.057425,0.000000,263
5790,107117352638485,13.339973,1.105459,0.825876,12.224382,0.000000,263
5791,107117365978458,13.326016,1.033530,0.809363,12.283745,0.000000,263
5792,107117379304474,13.333253,1.108755,0.822154,12.218048,0.000000,263
5793,107117392637727,13.332780,3.795788,0.691371,9.530785,0.000000,263
5794,107117405970507,13.334665,1.073273,0.808433,12.255773,0.000000,263
5795,107117419305172,13.332623,1.351818,0.831954,11.974265,0.000000,263
5796,107117432637795,13.338597,1.088409,0.738406,12.243243,0.000000,263
5797,107117445976392,13.327405,1.259855,0.812358,12.060269,0.000000,263
5798,107117459303797,13.337338,1.072995,0.756850,12.257919,0.000000,263
5799,107117472641135,13.331845,1.197834,1.202253,12.127301,0.000000,263
5800,107117485972980,13.330381,1.022504,0.843759,12.302767,0.000000,263
5801,107117499303361,13.334935,3.853636,0.717624,9.476540,0.000000,263
5802,107117512638296,13.335613,1.075821,0.661860,12.252615,0.000000,263
5803,107117525973909,13.330381,1.366710,0.747385,11.957003,0.000000,263
5804,107117539304290,13.332715,1.087180,0.754678,12.241197,0.000000,263
5805,107117552637005,13.338243,1.262893,0.655581,12.069002,0.000000,263
5806,107117565975248,13.331779,1.129396,0.589997,12.195871,0.000000,263
5807,107117579307027,13.331904,1.171352,0.739096,12.154650,0.000000,263
5808,107117592638931,13.337201,1.013276,0.956671,12.316587,0.000000,263
5809,107117605976132,13.333531,3.736129,0.854470,9.590221,0.000000,264
5810,107117619309663,13.329923,1.255764,0.779207,12.066520,0.000000,264
5811,107117632639586,13.338262,1.460968,0.939368,11.870541,0.000000,264
5812,107117645977848,13.333192,1.238484,0.808317,12.086872,0.000000,264
5813,107117659311040,13.330612,1.494671,0.706955,11.829633,0.000000,264
5814,107117672641652,13.331804,1.507441,0.698060,11.817833,0.000000,264
5815,107117685973456,13.338750,1.035012,0.792423,12.296679,0.000000,264
5816,107117699312206,13.328680,1.595848,0.724364,11.723958,0.000000,264
5817,107117712640886,13.334971,4.240924,0.861064,9.086465,0.000000,264
5818,107117725975857,13.336622,1.433628,0.837086,11.893912,0.000000,264
5819,107117739312479,13.328769,2.069854,0.648709,11.250495,0.000000,264
5820,107117752641248,13.336954,1.196036,0.696434,12.133106,0.000000,264
5821,107117765978202,13.329031,1.322616,0.706040,11.999365,0.000000,264
5822,107117779307233,13.331549,1.137627,0.765612,12.187977,0.000000,264
5823,107117792638782,13.333663,1.198212,0.857426,12.129615,0.000000,264
5824,107117805972445,13.334296,1.048632,0.847780,12.280380,0.000000,264
5825,107117819306741,13.334361,3.734837,0.722191,9.593293,0.000000,264
5826,107117832641102,13.335198,1.132377,0.665158,12.195407,0.000000,264
5827,107117845976300,13.334630,1.364053,0.732497,11.964270,0.000000,264
5828,107117859310930,13.335681,1.403696,0.754607,11.922074,0.000000,264
5829,107117872646611,13.331944,1.172923,0.684289,12.147219,0.000000,264
5830,107117885978555,13.343717,0.940066,0.693645,12.391128,0.000000,264
5831,107117899322272,13.319637,1.408139,0.788631,11.903119,0.000000,264
5832,107117912641909,13.331941,1.309603,0.729700,12.015637,0.000000,264
5833,107117925973850,13.335928,3.731822,0.621001,9.595282,0.000000,264
5834,107117939309778,13.334514,1.111020,0.684442,12.216842,0.000000,264
5835,107117952644292,13.335474,1.573098,0.646983,11.753266,0.000000,264
5836,107117965979766,13.333739,1.376963,0.681193,11.947546,0.000000,264
5837,107117979313505,13.330011,1.418296,0.723129,11.904310,0.000000,264
5838,107117992643516,13.331221,1.661220,0.689320,11.662654,0.000000,264
5839,107118005974737,13.334978,1.494999,0.842806,11.833449,0.000000,264
5840,107118019309715,13.339574,1.729170,0.764358,11.599923,0.000000,264
5841,107118032649289,13.323709,4.431182,0.583615,8.884818,0.000000,264
5842,107118045972998,13.336764,1.001796,0.657699,12.328047,0.000000,264
5843,107118059309762,13.332074,1.467617,0.706156,11.858235,0.000000,264
5844,107118072641836,13.331714,1.123949,0.657206,12.201921,0.000000,264
5845,107118085973550,13.334633,0.972957,0.707267,12.356176,0.000000,264
5846,107118099308183,13.335523,1.160128,0.770538,12.168318,0.000000,264
5847,107118112643706,13.331837,1.103674,0.642447,12.222157,0.000000,264
5848,107118125975543,13.335947,0.984464,0.550532,12.344052,0.000000,264
5849,107118139311490,13.331245,3.862893,0.716890,9.461870,0.000000,264
5850,107118152642735,13.333185,1.263825,0.430668,12.063726,0.000000,264
5851,107118165975920,13.335321,1.522998,0.667877,11.805494,0.000000,264
5852,107118179311241,13.336122,1.301547,0.789929,12.027503,0.000000,264
5853,107118192647363,13.326857,1.302694,0.438230,12.017506,0.000000,264
5854,107118205974220,13.340978,1.491235,0.564103,11.842380,0.000000,264
5855,107118219315198,13.326703,1.199049,0.557844,12.121541,0.000000,264
5856,107118232641901,13.333840,1.145591,0.618529,12.182057,0.000000,264
5857,107118245975741,13.332576,3.557828,0.573672,9.769745,0.000000,264
5858,107118259308317,13.336417,1.177234,0.582593,12.152041,0.000000,264
5859,107118272644734,13.333898,1.347687,0.617553,11.978930,0.000000,264
5860,107118285978632,13.333192,1.044768,0.606781,12.281010,0.000000,264
5861,107118299311824,13.331964,1.185681,0.613268,12.139361,0.000000,264
5862,107118312643788,13.333288,1.173902,0.642716,12.152453,0.000000,264
5863,107118325977076,13.332590,1.250471,0.518162,12.074279,0.000000,264
5864,107118339309666,13.331575,1.134247,0.528872,12.192805,0.000000,264
5865,107118352641241,13.335932,3.514352,0.525331,9.814491,0.000000,264
5866,107118365977173,13.334091,0.894853,0.554919,12.433898,0.000000,264
5867,107118379311264,13.330188,1.333859,0.503483,11.990203,0.000000,264
5868,107118392641452,13.334223,1.021260,0.580533,12.307404,0.000000,264
5869,107118405975675,13.332591,1.001127,0.688152,12.326079,0.000000,264
5870,107118419308266,13.334109,0.916231,0.643797,12.412353,0.000000,264
5871,107118432642375,13.335059,1.063715,0.438214,12.265694,0.000000,264
5872,107118445977434,13.331867,1.066856,0.402299,12.258711,0.000000,264
5873,107118459309301,13.332589,3.409337,0.295274,9.917020,0.000000,264
5874,107118472641890,13.336556,0.863063,0.611868,12.467125,0.000000,264
5875,107118485978446,13.335769,1.256746,0.517172,12.072391,0.000000,264
5876,107118499314215,13.332456,1.056100,0.457829,12.268122,0.000000,264
5877,107118512646671,13.334698,1.084696,0.557675,12.243083,0.000000,264
5878,107118525981369,13.331831,1.019039,0.458823,12.305814,0.000000,264
5879,107118539313200,13.332102,1.082005,0.426314,12.243521,0.000000,264
5880,107118552645302,13.339270,1.607696,0.484269,11.723345,0.000000,264
5881,107118565984572,13.328272,3.806167,0.359425,9.513350,0.000000,264
5882,107118579312844,13.333398,1.103423,0.351451,12.223858,0.000000,264
5883,107118592646242,13.332979,1.571970,0.278898,11.753301,0.000000,264
5884,107118605979221,13.335562,1.130895,0.434136,12.196750,0.000000,264
5885,107118619314783,13.331401,1.295399,0.499931,12.027755,0.000000,264
5886,107118632646184,13.336417,1.194137,0.518994,12.134864,0.000000,264
5887,107118645982601,13.331293,1.066088,0.557997,12.257119,0.000000,264
5888,107118659313894,13.333294,1.067686,0.508173,12.258992,0.000000,264
5889,107118672647188,13.642667,3.601814,0.461759,10.034394,0.000000,264
5890,107118686289855,13.335774,0.682218,0.496694,12.638233,0.000000,264
5891,107118699625629,13.333493,1.570114,0.437997,11.756819,0.000000,264
5892,107118712959122,13.332547,1.093477,0.632852,12.230752,0.000000,264
5893,107118726291669,13.334101,0.936456,0.502899,12.388908,0.000000,264
5894,107118739625770,13.332502,1.151488,0.600899,12.173536,0.000000,264
5895,107118752958272,13.333090,1.133659,0.494933,12.193323,0.000000,264
5896,107118766291362,13.336360,1.042522,0.458100,12.286962,0.000000,264
5897,107118779627722,13.331108,3.949704,0.530687,9.374331,0.000000,264
5898,107118792958830,13.333082,1.088455,0.489231,12.237368,0.000000,264
5899,107118806291912,13.333583,1.380933,0.472318,11.946409,0.000000,264
5900,107118819625495,13.333876,1.157537,0.397242,12.169089,0.000000,264
5901,107118832959371,13.330656,1.227297,0.248040,12.096878,0.000000,264
5902,107118846290027,13.334002,0.988261,0.344526,12.339598,0.000000,264
5903,107118859624029,13.338640,1.131759,0.528611,12.200199,0.000000,264
5904,107118872962669,13.345184,1.147748,0.495932,12.189478,0.000000,264
5905,107118886307853,13.334574,3.438772,0.535840,9.886593,0.000000,265
5906,107118899642427,13.331112,1.301866,0.510312,12.022203,0.000000,265
5907,107118912973539,13.334603,1.591479,0.534217,11.737376,0.000000,265
5908,107118926308142,13.332579,1.893317,0.498181,11.431429,0.000000,265
5909,107118939640721,13.333792,1.449307,0.497648,11.877210,0.000000,265
5910,107118952974513,13.335337,1.055532,0.510038,12.272190,0.000000,265
5911,107118966309850,13.333454,0.921517,0.509439,12.404467,0.000000,265
5912,107118979643304,13.332716,1.344636,0.517758,11.980958,0.000000,265
5913,107118992976020,13.328555,3.990523,0.401188,9.331821,0.000000,265
5914,107119006304575,13.336198,0.684524,0.407935,12.646280,0.000000,265
5915,107119019640773,13.335382,1.135211,0.560508,12.193808,0.000000,265
5916,107119032976155,13.332382,1.104568,0.437708,12.219685,0.000000,265
5917,107119046308537,13.333535,0.854991,0.417721,12.471309,0.000000,265
5918,107119059642072,13.333579,0.901972,0.477576,12.425011,0.000000,265
5919,107119072975651,13.333632,0.946786,0.428502,12.380489,0.000000,265
5920,107119086309283,13.331706,0.826993,0.468860,12.498251,0.000000,265
5921,107119099640989,13.333102,3.603714,0.485106,9.723114,0.000000,265
5922,107119112974091,13.335404,0.997035,0.450209,12.332631,0.000000,265
5923,107119126309495,13.330526,1.157830,0.419804,12.167245,0.000000,265
5924,107119139640021,13.337641,0.862434,0.646218,12.469952,0.000000,265
5925,107119152977662,13.330789,1.173430,0.539170,12.150193,0.000000,265
5926,107119166308451,13.330579,1.068001,0.447549,12.256687,0.000000,265
5927,107119179639030,13.340575,0.912370,0.492312,12.422554,0.000000,265
5928,107119192979605,13.329756,1.121979,0.474960,12.200410,0.000000,265
5929,107119206309361,13.331435,3.278602,0.405865,10.045864,0.000000,265
5930,107119219640796,13.336811,0.923085,0.472718,12.407747,0.000000,265
5931,107119232977607,13.331182,1.385207,0.407879,11.938799,0.000000,265
5932,107119246308789,13.333138,0.815075,0.516959,12.512991,0.000000,265
5933,107119259641927,13.335123,1.138253,0.479068,12.189828,0.000000,265
5934,107119272977050,13.330187,1.127398,0.379279,12.194843,0.000000,265
5935,107119286307237,13.335567,0.731117,0.441763,12.599012,0.000000,265
5936,107119299642804,13.334495,0.999996,0.406850,12.328841,0.000000,265
5937,107119312977299,13.331976,3.415382,0.470545,9.910457,0.000000,265
5938,107119326309275,13.335781,1.002172,0.309862,12.327530,0.000000,265
5939,107119339645056,13.333544,1.507459,0.492955,11.818576,0.000000,265
5940,107119352978600,13.330916,1.318169,0.500069,12.005229,0.000000,265
5941,107119366309516,13.332145,0.947997,0.474271,12.375896,0.000000,265
5942,107119379641661,13.338475,1.041654,0.375055,12.289502,0.000000,265
5943,107119392980136,13.334158,1.145961,0.419174,12.177542,0.000000,265
5944,107119406314294,13.333948,2.019865,0.502749,11.304283,0.000000,265
5945,107119419648242,13.329917,3.781100,0.474782,9.541753,0.000000,265
5946,107119432978159,13.333454,1.081581,0.467867,12.244726,0.000000,265
5947,107119446311613,13.333276,1.220929,0.453430,12.105325,0.000000,265
5948,107119459644889,13.333683,0.971796,0.423672,12.354028,0.000000,265
5949,107119472978572,13.333130,0.905678,0.449312,12.419790,0.000000,265
5950,107119486311702,13.334786,0.819149,0.488121,12.508069,0.000000,265
5951,107119499646488,13.329217,0.997587,0.526243,12.324722,0.000000,265
5952,107119512975705,13.335129,0.949097,0.412204,12.379925,0.000000,265
5953,107119526310834,13.329418,3.260511,0.450563,10.062724,0.000000,265
5954,107119539640252,13.335126,0.753655,0.463218,12.576631,0.000000,265
5955,107119552975378,13.337885,1.261796,0.474128,12.070430,0.000000,265
5956,107119566313263,13.331186,0.966785,0.555236,12.356246,0.000000,265
5957,107119579644449,13.331694,1.074800,0.411222,12.251084,0.000000,265
5958,107119592976143,13.343441,0.984533,0.423180,12.348513,0.000000,265
5959,107119606319584,13.323450,0.895412,0.489993,12.420563,0.000000,265
5960,107119619643034,13.331658,0.955195,0.412357,12.368919,0.000000,265
5961,107119632974692,13.337499,3.550360,0.450942,9.780839,0.000000,265
5962,107119646312191,13.336877,0.862622,0.390091,12.464665,0.000000,265
5963,107119659649068,13.328264,1.192594,0.379281,12.126751,0.000000,265
5964,107119672977332,13.333552,1.022423,0.503420,12.304615,0.000000,265
5965,107119686310884,13.334637,0.916729,0.481065,12.411865,0.000000,265
5966,107119699645521,13.330082,1.267083,0.433120,12.056678,0.000000,265
5967,107119712975603,13.332582,1.057394,0.359394,12.270636,0.000000,265
5968,107119726308185,13.335726,0.811850,0.438624,12.519465,0.000000,265
5969,107119739643911,13.330291,3.548944,0.368946,9.776626,0.000000,265
5970,107119752974202,13.335047,0.960579,0.474164,12.369865,0.000000,265
5971,107119766309249,13.335477,1.007695,0.381346,12.322141,0.000000,265
5972,107119779644726,13.333645,0.959436,0.484632,12.368744,0.000000,265
5973,107119792978371,13.330464,1.146369,0.314847,12.178479,0.000000,265
5974,107119806308835,13.337379,0.733114,0.425286,12.599336,0.000000,265
5975,107119819646214,13.330655,0.923874,0.410086,12.400631,0.000000,265
5976,107119832976869,13.335325,1.006208,0.337016,12.323696,0.000000,265
5977,107119846312194,13.334050,3.721307,0.286095,9.605875,0.000000,265
5978,107119859646244,13.332791,0.876940,0.303146,12.450807,0.000000,265
5979,107119872979035,13.332808,1.139593,0.299609,12.188400,0.000000,265
5980,107119886311843,13.334232,0.775811,0.388166,12.552527,0.000000,265
5981,107119899646075,13.333437,1.012049,0.411612,12.314795,0.000000,265
5982,107119912979512,13.332903,0.993757,0.400821,12.334050,0.000000,265
5983,107119926312415,13.333683,0.789152,0.374011,12.538878,0.000000,265
5984,107119939646098,13.334837,0.888723,0.339938,12.440169,0.000000,265
5985,107119952980935,13.328745,3.470238,0.244582,9.852408,0.000000,265
5986,107119966309680,13.335678,0.663911,0.302811,12.666463,0.000000,265
5987,107119979645358,13.334725,1.173718,0.301419,12.155033,0.000000,265
5988,107119992980083,13.333806,0.935918,0.438106,12.390940,0.000000,265
5989,107120006313889,13.331481,0.834553,0.397104,12.490918,0.000000,265
5990,107120019645370,13.335728,0.917053,0.440832,12.413198,0.000000,265
5991,107120032981098,13.332288,0.919601,0.363155,12.406134,0.000000,265
5992,107120046313386,13.332687,0.795733,0.303135,12.531187,0.000000,265
5993,107120059646073,13.332440,3.570732,0.367861,9.756118,0.000000,265
5994,107120072978513,13.331166,0.810626,0.367354,12.514445,0.000000,265
5995,107120086309679,13.333166,0.993770,0.422006,12.335284,0.000000,265
5996,107120099642845,13.335729,0.814534,0.457776,12.515413,0.000000,265
5997,107120112978574,13.332749,0.836130,0.422957,12.490949,0.000000,265
5998,107120126311323,13.333592,0.708788,0.440785,12.619979,0.000000,265
5999,107120139644915,13.333070,0.804683,0.644362,12.522478,0.000000,265
6000,107120152977985,13.334919,0.918167,0.482522,12.410740,0.000000,265
6001,107120166312904,13.330026,3.437436,0.339784,9.887113,0.000000,265
6002,107120179642930,13.337220,0.703399,0.486474,12.628744,0.000000,265
6003,107120192980150,13.332207,1.068106,0.431516,12.258933,0.000000,265
6004,107120206312357,13.333479,0.803388,0.463397,12.525160,0.000000,265
6005,107120219645836,13.335036,0.832678,0.494622,12.497073,0.000000,265
6006,107120232980872,13.332323,0.890456,0.485291,12.436550,0.000000,265
6007,107120246313195,13.332581,0.750282,0.476552,12.577249,0.000000,265
6008,107120259645776,13.336138,0.856424,0.362811,12.474033,0.000000,265
6009,107120272981914,13.327675,3.454892,0.419775,9.867165,0.000000,265
6010,107120286309589,13.338469,0.687930,0.460636,12.645439,0.000000,265
6011,107120299648058,13.332024,1.178649,0.330325,12.147358,0.000000,265
6012,107120312980082,13.334847,0.987319,0.348943,12.341842,0.000000,266
6013,107120326314929,13.330902,0.901439,0.464465,12.423381,0.000000,266
6014,107120339645831,13.333737,0.891036,1.105381,12.436529,0.000000,266
6015,107120352979568,13.336905,2.035891,0.364344,11.293612,0.000000,266
6016,107120366316473,13.330873,0.981869,0.480365,12.342809,0.000000,266
6017,107120379647346,13.330583,3.576396,0.465140,9.747709,0.000000,266
6018,107120392977929,13.339043,0.773626,0.574055,12.559481,0.000000,266
6019,107120406316972,13.330247,1.795909,0.456363,11.527996,0.000000,266
6020,107120419647219,13.333784,0.998888,0.492615,12.328414,0.000000,266
6021,107120432981003,13.334803,1.032346,0.487653,12.294851,0.000000,266
6022,107120446315806,13.331733,0.969841,0.344022,12.353912,0.000000,266
6023,107120459647539,13.333082,1.080541,0.351432,12.245050,0.000000,266
6024,107120472980621,13.333148,1.023846,0.601324,12.302445,0.000000,266
6025,107120486313769,13.331362,3.648844,0.295881,9.676646,0.000000,266
6026,107120499645131,13.334074,0.861278,0.466350,12.467869,0.000000,266
6027,107120512979205,13.335454,1.247118,0.449284,12.082719,0.000000,266
6028,107120526314659,13.332986,0.909662,0.453769,12.416459,0.000000,266
6029,107120539647645,13.332982,0.973536,0.493035,12.353527,0.000000,266
6030,107120552980627,13.336401,0.955833,0.426556,12.374914,0.000000,266
6031,107120566317028,13.331252,0.848856,0.511599,12.475936,0.000000,266
6032,107120579648280,13.334282,1.005454,0.537395,12.322406,0.000000,266
6033,107120592982562,13.330376,3.540400,1.465816,9.784057,0.000000,266
6034,107120606312938,13.337333,0.803248,0.467889,12.528463,0.000000,266
6035,107120619650271,13.332313,1.390404,0.478643,11.935243,0.000000,266
6036,107120632982584,13.334021,1.002990,0.473663,12.324284,0.000000,266
6037,107120646316605,13.335596,0.939901,0.478766,12.388330,0.000000,266
6038,107120659652201,13.330419,1.082302,0.408850,12.241402,0.000000,266
6039,107120672982620,13.333752,0.859299,0.484822,12.468347,0.000000,266
6040,107120686316372,13.334497,0.846051,0.502404,12.482540,0.000000,266
6041,107120699650869,13.330267,3.950728,0.437893,9.372656,0.000000,266
6042,107120712981136,13.334289,2.048940,0.440837,11.279666,0.000000,266
6043,107120726315425,13.335126,2.300537,0.442690,11.028670,0.000000,266
6044,107120739650551,13.332156,1.042975,0.454020,12.281540,0.000000,266
6045,107120752982707,13.332001,0.946859,0.438554,12.379560,0.000000,266
6046,107120766314708,13.334835,0.821191,0.321342,12.507189,0.000000,266
6047,107120779649543,13.332675,1.885297,0.467723,11.439458,0.000000,266
6048,107120792982218,13.335328,0.911461,0.453007,12.418090,0.000000,266
6049,107120806317546,13.333318,3.507193,0.450223,9.819339,0.000000,266
6050,107120819650864,13.331965,1.885368,0.455598,11.440829,0.000000,266
6051,107120832982829,13.334068,1.156990,0.440841,12.171452,0.000000,266
6052,107120846316897,13.334679,0.775120,0.453722,12.553746,0.000000,266
6053,107120859651576,13.331818,2.086590,0.465439,11.238996,0.000000,266
6054,107120872983394,13.332944,1.977183,0.429016,11.350675,0.000000,266
6055,107120886316338,13.335028,1.469078,0.446728,11.860598,0.000000,266
6056,107120899651366,13.333897,0.899216,0.471051,12.428732,0.000000,266
6057,107120912985263,13.329244,3.984978,0.370444,9.337974,0.000000,266
6058,107120926314507,13.337214,0.789939,0.517465,12.541756,0.000000,266
6059,107120939651721,13.332856,3.089122,1.060158,10.237774,0.000000,266
6060,107120952984577,13.333461,0.982814,0.290399,12.344786,0.000000,266
6061,107120966318038,13.334069,0.949800,0.295581,12.377897,0.000000,266
6062,107120979652107,13.334799,0.915783,0.319577,12.412991,0.000000,266
6063,107120992986906,13.329689,1.869128,0.285266,11.454051,0.000000,266
6064,107121006316595,13.335288,0.780504,0.473157,12.549617,0.000000,266
6065,107121019651883,13.334287,3.890149,0.337799,9.438093,0.000000,266
6066,107121032986170,13.332338,1.019605,0.318460,12.306476,0.000000,266
6067,107121046318508,13.333320,2.014881,0.315409,11.312435,0.000000,266
6068,107121059651828,13.336048,0.991013,0.374743,12.338557,0.000000,266
6069,107121072987876,13.330497,0.999902,0.314007,12.323816,0.000000,266
6070,107121086318373,13.334368,0.822981,0.285839,12.506059,0.000000,266
6071,107121099652741,13.335012,0.867558,0.301384,12.460072,0.000000,266
6072,107121112987753,13.331247,0.977254,0.361055,12.347721,0.000000,266
6073,107121126319000,13.330388,4.535761,0.286281,8.788403,0.000000,266
6074,107121139649388,13.338384,0.752638,0.334285,12.580295,0.000000,266
6075,107121152987772,13.332369,1.498231,0.320846,11.826460,0.000000,266
6076,107121166320141,13.333136,0.920637,0.324117,12.405797,0.000000,266
6077,107121179653277,13.335102,1.031966,0.303802,12.296848,0.000000,266
6078,107121192988379,13.330925,1.095101,0.288570,12.228434,0.000000,266
6079,107121206319304,13.332039,0.902484,0.289682,12.423755,0.000000,266
6080,107121219651343,13.332930,1.000972,0.357188,12.325695,0.000000,266
6081,107121232984273,13.333965,3.567991,0.303955,9.760321,0.000000,266
6082,107121246318238,13.335355,0.801843,0.299320,12.528155,0.000000,266
6083,107121259653593,13.334585,1.327753,0.424635,12.000075,0.000000,266
6084,107121272988178,13.331787,0.926036,0.326410,12.398516,0.000000,266
6085,107121286319965,13.333057,0.785260,0.324374,12.541558,0.000000,266
6086,107121299653022,13.333675,0.864813,0.311499,12.463480,0.000000,266
6087,107121312986697,13.334687,0.871704,0.338053,12.457206,0.000000,266
6088,107121326321384,13.331128,0.867267,0.319886,12.457827,0.000000,266
6089,107121339652512,13.332161,3.637154,0.263534,9.689464,0.000000,266
6090,107121352984673,13.336790,0.821944,0.288392,12.509056,0.000000,266
6091,107121366321463,13.331787,1.047845,0.316637,12.278222,0.000000,266
6092,107121379653250,13.333086,0.893800,0.285272,12.433855,0.000000,266
6093,107121392986336,13.335539,0.957891,0.296257,12.371475,0.000000,266
6094,107121406321875,13.331017,1.098789,0.283175,12.225674,0.000000,266
6095,107121419652892,13.333358,0.840554,0.277310,12.487791,0.000000,266
6096,107121432986250,13.336586,0.816865,0.437438,12.513833,0.000000,266
6097,107121446322836,13.331003,3.571463,0.259699,9.753246,0.000000,266
6098,107121459653839,13.335246,0.958592,0.294553,12.370129,0.000000,266
6099,107121472989085,13.334869,1.327280,0.291284,11.999946,0.000000,266
6100,107121486323954,13.330274,0.915202,0.256765,12.407516,0.000000,266
6101,107121499654228,13.332989,0.968343,0.254332,12.357640,0.000000,266
6102,107121512987217,13.336117,0.956397,0.280668,12.372803,0.000000,266
6103,107121526323334,13.330384,1.036499,0.264327,12.287200,0.000000,266
6104,107121539653718,13.332974,0.950395,0.420564,12.376642,0.000000,266
6105,107121552986692,13.334793,3.533606,0.281142,9.794196,0.000000,266
6106,107121566321485,13.333755,0.860987,0.287872,12.465658,0.000000,266
6107,107121579655240,13.331565,1.282552,0.277982,12.042998,0.000000,266
6108,107121592986805,13.336295,1.008826,0.413982,12.320995,0.000000,266
6109,107121606323100,13.330337,0.910364,0.407172,12.413620,0.000000,266
6110,107121619653437,13.332648,0.949789,0.397387,12.377637,0.000000,266
6111,107121632986085,13.334410,0.798916,0.424644,12.529364,0.000000,266
6112,107121646320495,13.333810,0.679131,0.488435,12.649682,0.000000,266
6113,107121659654305,13.333017,3.385104,0.393343,9.942401,0.000000,266
6114,107121672987322,13.333728,0.889790,0.382442,12.437813,0.000000,266
6115,107121686321050,13.335194,1.116477,0.408856,12.212539,0.000000,266
6116,107121699656244,13.332889,0.984421,0.402869,12.342405,0.000000,266
6117,107121712989133,13.337055,0.948513,0.451166,12.380857,0.000000,267
6118,107121726326188,13.333317,1.042086,0.490865,12.282490,0.000000,267
6119,107121739659505,13.332711,1.103507,0.463540,12.219791,0.000000,267
6120,107121752992216,13.332185,1.002923,0.452704,12.320755,0.000000,267
6121,107121766324401,13.334330,3.507660,0.479766,9.819177,0.000000,267
6122,107121779658731,13.332602,1.168533,0.481644,12.156553,0.000000,267
6123,107121792991333,13.333588,1.262259,0.394172,12.064522,0.000000,267
6124,107121806324921,13.330390,0.793870,0.382734,12.531253,0.000000,267
6125,107121819655311,13.334464,0.818202,0.295407,12.510510,0.000000,267
6126,107121832989775,13.334831,0.846822,0.288867,12.482364,0.000000,267
6127,107121846324606,13.331282,0.807307,0.261643,12.517872,0.000000,267
6128,107121859655888,13.333365,0.822351,0.275484,12.505512,0.000000,267
6129,107121872989253,13.335659,3.449324,0.388182,9.880754,0.000000,267
6130,107121886324912,13.331873,0.766552,0.404353,12.559172,0.000000,267
6131,107121899656785,13.332982,1.043546,0.409871,12.284205,0.000000,267
6132,107121912989767,13.335293,0.907828,0.406826,12.421543,0.000000,267
6133,107121926325060,13.331125,0.887246,0.405830,12.436103,0.000000,267
6134,107121939656185,13.332999,0.817926,0.398776,12.510141,0.000000,267
6135,107121952989184,13.334932,0.786538,0.419779,12.542444,0.000000,267
6136,107121966324116,13.335524,0.760543,0.432827,12.568748,0.000000,267
6137,107121979659640,13.330322,3.533062,0.351388,9.790869,0.000000,267
6138,107121992989962,13.334108,0.855360,0.328357,12.473472,0.000000,267
6139,107122006324070,13.335119,1.052967,0.328334,12.275826,0.000000,267
6140,107122019659189,13.332626,0.926410,0.343127,12.399592,0.000000,267
6141,107122032991815,13.332955,1.010323,0.362803,12.316132,0.000000,267
6142,107122046324770,13.335024,0.780822,0.278888,12.547713,0.000000,267
6143,107122059659794,13.331306,0.970535,0.282231,12.353830,0.000000,267
6144,107122072991100,13.331672,0.834171,0.289822,12.492512,0.000000,267
6145,107122086322772,13.336651,3.318007,0.293705,10.012164,0.000000,267
6146,107122099659423,13.330688,0.889383,0.287110,12.434875,0.000000,267
6147,107122112990111,13.333219,1.061312,0.296177,12.266266,0.000000,267
6148,107122126323330,13.336079,0.713124,0.287260,12.617091,0.000000,267
6149,107122139659409,13.330452,0.872892,0.550651,12.451400,0.000000,267
6150,107122152989861,13.333679,0.832034,0.400306,12.496352,0.000000,267
6151,107122166323540,13.333925,0.749036,0.409997,12.578304,0.000000,267
6152,107122179657465,13.332018,0.825002,1.465126,12.500701,0.000000,267
6153,107122192989483,13.334736,3.191291,0.327714,10.138175,0.000000,267
6154,107122206324219,13.334907,0.766622,0.331232,12.563039,0.000000,267
6155,107122219659126,13.331878,1.127069,0.319791,12.198781,0.000000,267
6156,107122232991004,13.332996,0.791523,0.330942,12.536048,0.000000,267
6157,107122246324000,13.336362,0.759960,0.325953,12.570639,0.000000,267
6158,107122259660362,13.332084,0.977436,0.328808,12.347033,0.000000,267
6159,107122272992446,13.332615,0.932635,0.332653,12.393225,0.000000,267
6160,107122286325061,13.335136,0.819422,0.298781,12.508147,0.000000,267
6161,107122299660197,13.332070,3.504656,0.274388,9.819549,0.000000,267
6162,107122312992267,13.332992,0.921593,0.373446,12.404578,0.000000,267
6163,107122326325259,13.334630,1.123736,0.384836,12.204259,0.000000,267
6164,107122339659889,13.334963,0.856003,0.404262,12.471731,0.000000,267
6165,107122352994852,13.330952,0.885999,0.417824,12.438673,0.000000,267
6166,107122366325804,13.332743,0.820122,0.403452,12.507383,0.000000,267
6167,107122379658547,13.336990,0.932777,0.493290,12.397054,0.000000,267
6168,107122392995537,13.330322,1.129091,0.391677,12.192814,0.000000,267
6169,107122406325859,13.336585,3.254731,0.296430,10.075195,0.000000,267
6170,107122419662444,13.331618,0.854881,0.289815,12.470314,0.000000,267
6171,107122432994062,13.333607,1.104050,0.284090,12.223108,0.000000,267
6172,107122446327669,13.338883,0.785249,0.289666,12.544425,0.000000,267
6173,107122459666552,13.327492,0.957141,0.286411,12.362854,0.000000,267
6174,107122472994044,13.335115,0.849843,0.283984,12.478908,0.000000,267
6175,107122486329159,13.331787,0.794717,0.388759,12.530338,0.000000,267
6176,107122499660946,13.333064,0.856950,0.402021,12.469688,0.000000,267
6177,107122512994010,13.334182,3.457669,0.418618,9.869638,0.000000,267
6178,107122526328192,13.333662,0.853158,0.420344,12.473434,0.000000,267
6179,107122539661854,13.333586,1.233128,0.423344,12.092111,0.000000,267
6180,107122552995440,13.333517,0.979974,0.415371,12.345986,0.000000,267
6181,107122566328957,13.329299,0.886758,0.367589,12.435311,0.000000,267
6182,107122579658256,13.337299,0.932234,0.361225,12.398743,0.000000,267
6183,107122592995555,13.331013,0.974522,0.362358,12.349328,0.000000,267
6184,107122606326568,13.332004,0.883942,0.395621,12.442277,0.000000,267
6185,107122619658572,13.336323,3.296151,0.372485,10.032859,0.000000,267
6186,107122632994895,13.336537,0.850028,0.391102,12.479806,0.000000,267
6187,107122646331432,13.331454,1.167388,0.387740,12.155781,0.000000,267
6188,107122659662886,13.333854,0.853991,0.413563,12.472730,0.000000,267
6189,107122672996740,13.332349,0.867380,0.279538,12.457824,0.000000,267
6190,107122686329089,13.334423,0.777247,0.411022,12.550003,0.000000,267
6191,107122699663512,13.333237,0.931213,0.312984,12.394598,0.000000,267
6192,107122712996749,13.332957,0.900272,0.281616,12.425897,0.000000,267
6193,107122726329706,13.333175,3.480745,0.282890,9.845595,0.000000,267
6194,107122739662881,13.332194,1.038906,0.294389,12.285562,0.000000,267
6195,107122752995075,13.333563,1.122201,0.278157,12.204278,0.000000,267
6196,107122766328638,13.334970,0.768371,0.275276,12.560225,0.000000,267
6197,107122779663608,13.332609,0.909478,0.276193,12.415642,0.000000,267
6198,107122792996217,13.333826,0.846701,0.377936,12.480480,0.000000,267
6199,107122806330043,13.334006,0.765102,0.395200,12.561900,0.000000,267
6200,107122819664049,13.332434,0.890669,0.375468,12.434752,0.000000,267
6201,107122832996483,13.333178,3.270450,0.415274,10.055475,0.000000,267
6202,107122846329661,13.333726,0.785622,0.389420,12.541329,0.000000,267
6203,107122859663387,13.333684,1.161550,0.379670,12.164121,0.000000,267
6204,107122872997071,13.332964,0.884452,0.375612,12.441264,0.000000,267
6205,107122886330035,13.334220,0.775109,0.392744,12.552125,0.000000,267
6206,107122899664255,13.331509,0.937346,0.362788,12.387469,0.000000,267
6207,107122912995764,13.334411,0.824277,0.384105,12.503429,0.000000,267
6208,107122926330175,13.334582,0.772696,0.381710,12.555178,0.000000,267
6209,107122939664757,13.330714,3.281357,0.341179,10.042418,0.000000,267
6210,107122952995471,13.335827,0.825448,0.361243,12.504568,0.000000,267
6211,107122966331298,13.339359,1.172661,0.346522,12.155590,0.000000,267
6212,107122979670657,13.324984,1.088560,0.331479,12.227200,0.000000,267
6213,107122992995641,13.335072,0.956895,0.355748,12.370296,0.000000,267
6214,107123006330713,13.335828,0.878257,0.378787,12.449026,0.000000,267
6215,107123019666541,13.331020,1.105983,0.238256,12.216191,0.000000,268
6216,107123032997561,13.332583,0.957415,0.240568,12.368406,0.000000,268
6217,107123046330144,13.334756,3.372058,0.437235,9.954748,0.000000,268
6218,107123059664900,13.332968,2.037175,0.342703,11.286374,0.000000,268
6219,107123072997868,13.334062,1.267302,0.346941,12.059907,0.000000,268
6220,107123086331930,13.333406,0.932522,0.350699,12.392625,0.000000,268
6221,107123099665336,13.334368,1.017161,0.378604,12.308749,0.000000,268
6222,107123112999704,13.333755,1.089577,0.324486,12.235238,0.000000,268
6223,107123126333459,13.331562,0.906522,0.327162,12.416317,0.000000,268
6224,107123139665021,13.335939,0.979892,0.366392,12.347941,0.000000,268
6225,107123153000960,13.331695,3.547692,0.397747,9.775929,0.000000,268
6226,107123166332655,13.373217,0.826146,0.591031,12.528462,0.000000,268
6227,107123179705872,13.311042,3.822654,0.364465,9.471607,0.000000,268
6228,107123193016914,13.333412,0.930126,0.320315,12.396208,0.000000,268
6229,107123206350326,13.331746,0.767469,0.253969,12.557495,0.000000,268
6230,107123219682072,13.335130,0.865741,0.263042,12.462574,0.000000,268
6231,107123233017202,13.332616,0.952170,0.259540,12.373361,0.000000,268
6232,107123246349818,13.332728,0.773759,0.257915,12.552019,0.000000,268
6233,107123259682546,13.335795,3.343794,0.263790,9.983786,0.000000,268
6234,107123273018341,13.331239,1.025023,0.242484,12.298022,0.000000,268
6235,107123286349580,13.334488,1.183184,0.230713,12.143326,0.000000,268
6236,107123299684068,13.331697,1.027220,0.238545,12.296391,0.000000,268
6237,107123313015765,13.331687,0.964980,0.222923,12.359032,0.000000,268
6238,107123326347452,13.336798,0.841646,0.237239,12.487735,0.000000,268
6239,107123339684250,13.334765,0.880948,0.242497,12.445684,0.000000,268
6240,107123353019015,13.329936,1.076732,0.229367,12.246046,0.000000,268
6241,107123366348951,13.333223,3.284957,0.296479,10.041584,0.000000,268
6242,107123379682174,13.336394,1.059279,0.362009,12.268275,0.000000,268
6243,107123393018568,13.330385,1.382520,0.332333,11.939983,0.000000,268
6244,107123406348953,13.333993,0.847201,0.345612,12.479813,0.000000,268
6245,107123419682946,13.335274,0.982259,0.391799,12.344785,0.000000,268
6246,107123433018220,13.329873,1.036050,0.235793,12.285752,0.000000,268
6247,107123446348093,13.333361,0.843913,0.235024,12.482294,0.000000,268
6248,107123459681454,13.336230,0.945205,0.259644,12.383654,0.000000,268
6249,107123473017684,13.332243,3.466909,0.231164,9.857584,0.000000,268
6250,107123486349927,13.330959,0.951768,0.228588,12.373254,0.000000,268
6251,107123499680886,13.337443,1.127964,0.241627,12.203761,0.000000,268
6252,107123513018329,13.330720,0.934799,0.246130,12.388698,0.000000,268
6253,107123526349049,13.333877,0.821686,0.233975,12.506577,0.000000,268
6254,107123539682926,13.332775,0.975534,0.241548,12.350292,0.000000,268
6255,107123553015701,13.333153,0.949770,0.335026,12.375635,0.000000,268
6256,107123566348854,13.334086,0.840888,0.314766,12.487194,0.000000,268
6257,107123579682940,13.333386,3.720272,0.317358,9.607023,0.000000,268
6258,107123593016326,13.336063,0.859157,0.327696,12.471006,0.000000,268
6259,107123606352389,13.332209,1.080445,0.334399,12.245139,0.000000,268
6260,107123619684598,13.333505,0.910093,0.315086,12.417426,0.000000,268
6261,107123633018103,13.332645,0.972335,0.306883,12.353261,0.000000,268
6262,107123646350748,13.332513,0.894028,0.277733,12.432012,0.000000,268
6263,107123659683261,13.337138,0.974303,0.316014,12.356180,0.000000,268
6264,107123673020399,13.330789,0.855851,0.368543,12.467744,0.000000,268
6265,107123686351188,13.340733,3.326012,0.286353,10.004902,0.000000,268
6266,107123699691921,13.324957,1.032367,0.297747,12.286535,0.000000,268
6267,107123713016878,13.335514,1.063204,0.327216,12.266336,0.000000,268
6268,107123726352392,13.334326,0.782583,0.347526,12.543950,0.000000,268
6269,107123739686718,13.330276,0.915493,0.316435,12.409049,0.000000,268
6270,107123753016994,13.346725,0.872284,0.412597,12.464209,0.000000,268
6271,107123766363719,13.321638,0.890926,0.309029,12.420732,0.000000,268
6272,107123779685357,13.331842,0.922977,0.346434,12.402312,0.000000,268
6273,107123793017199,13.342032,3.392124,0.380889,9.940991,0.000000,268
6274,107123806359231,13.325677,0.843096,0.339271,12.473311,0.000000,268
6275,107123819684908,13.332812,1.107409,0.326654,12.219663,0.000000,268
6276,107123833017720,13.335116,0.847335,0.294935,12.482215,0.000000,268
6277,107123846352836,13.332534,0.766099,0.316862,12.558421,0.000000,268
6278,107123859685370,13.332925,0.886042,0.313756,12.441541,0.000000,268
6279,107123873018295,13.335107,0.873393,0.344038,12.455292,0.000000,268
6280,107123886353402,13.331641,0.805587,0.331691,12.520239,0.000000,268
6281,107123899685043,13.334180,3.394098,0.339426,9.932998,0.000000,268
6282,107123913019223,13.338686,0.922809,0.353499,12.406833,0.000000,268
6283,107123926357909,13.328336,1.264456,0.325198,12.055399,0.000000,268
6284,107123939686245,13.332434,0.979247,0.341310,12.346994,0.000000,268
6285,107123953018679,13.338813,0.954229,0.328009,12.376501,0.000000,268
6286,107123966357492,13.330172,0.982224,0.345018,12.339640,0.000000,268
6287,107123979687664,13.332678,1.016881,0.315059,12.308114,0.000000,268
6288,107123993020342,13.333618,0.923941,0.331349,12.401159,0.000000,268
6289,107124006353960,13.331702,3.672766,0.311173,9.650976,0.000000,268
6290,107124019685662,13.335232,1.015669,0.348828,12.312593,0.000000,268
6291,107124033020894,13.329051,1.286774,0.310655,12.035575,0.000000,268
6292,107124046349945,13.340306,0.794553,0.306941,12.536607,0.000000,268
6293,107124059690251,13.331742,1.123327,0.352266,12.200165,0.000000,268
6294,107124073021993,13.331300,0.961485,0.303464,12.362191,0.000000,268
6295,107124086353293,13.344882,0.875041,0.311675,12.460414,0.000000,268
6296,107124099698175,13.324362,1.009250,0.320429,12.307105,0.000000,268
6297,107124113022537,13.330623,3.264196,0.295175,10.060285,0.000000,268
6298,107124126353160,13.340425,0.903227,0.318736,12.429750,0.000000,268
6299,107124139693585,13.329275,1.890594,0.396622,11.430306,0.000000,268
6300,107124153022860,13.333474,1.174103,0.357546,12.151675,0.000000,268
6301,107124166356334,13.333344,0.921148,0.348897,12.405092,0.000000,268
6302,107124179689678,13.334304,1.049905,0.350222,12.276810,0.000000,268
6303,107124193023982,13.332346,1.044242,0.326427,12.280325,0.000000,268
6304,107124206356328,13.341057,0.907550,0.329094,12.421705,0.000000,268
6305,107124219697385,13.325915,3.426184,0.367972,9.887752,0.000000,268
6306,107124233023300,13.332134,0.966207,0.232235,12.359239,0.000000,268
6307,107124246355434,13.338355,1.169035,0.243562,12.160910,0.000000,268
6308,107124259693789,13.329648,1.142852,0.251557,12.177694,0.000000,268
6309,107124273023437,13.331296,1.017092,0.248662,12.307562,0.000000,268
6310,107124286354733,13.337199,0.847778,0.241243,12.481461,0.000000,268
6311,107124299691932,13.330291,1.101033,0.232862,12.220919,0.000000,268
6312,107124313022223,13.332529,1.096120,0.329346,12.229208,0.000000,268
6313,107124326354752,13.337160,3.269723,0.408454,10.059771,0.000000,268
6314,107124339691912,13.330822,0.969127,0.265903,12.354867,0.000000,268
6315,107124353022734,13.334655,1.078430,0.261002,12.250252,0.000000,268
6316,107124366357389,13.332760,0.864646,0.252199,12.461854,0.000000,268
6317,107124379690149,13.336490,0.957840,0.353321,12.371674,0.000000,268
6318,107124393026639,13.332113,1.039264,0.337020,12.284597,0.000000,268
6319,107124406358752,13.330915,0.833636,0.307985,12.490932,0.000000,268
6320,107124419689667,13.342869,0.808124,0.308842,12.526116,0.000000,269
6321,107124433032536,13.325802,3.293461,0.319635,10.024712,0.000000,269
6322,107124446358338,13.335896,0.832474,0.351172,12.495237,0.000000,269
6323,107124459694234,13.334873,1.290280,0.360499,12.035824,0.000000,269
6324,107124473029107,13.330756,1.125983,0.371411,12.196412,0.000000,269
6325,107124486359863,13.330317,0.920629,0.331182,12.402044,0.000000,269
6326,107124499690180,13.335118,0.950096,0.242980,12.378282,0.000000,269
6327,107124513025298,13.333219,1.103103,0.257815,12.222325,0.000000,269
6328,107124526358517,13.333014,0.826387,0.357049,12.498914,0.000000,269
6329,107124539691531,13.334825,3.303737,0.319423,10.023073,0.000000,269
6330,107124553026356,13.332596,1.002826,0.330725,12.322528,0.000000,269
6331,107124566358952,13.333534,1.038318,0.312768,12.288611,0.000000,269
6332,107124579692486,13.345456,0.812202,0.322538,12.522589,0.000000,269
6333,107124593037942,13.321391,0.975569,0.241317,12.334699,0.000000,269
6334,107124606359333,13.333101,0.879225,0.240944,12.447775,0.000000,269
6335,107124619692434,13.335854,0.959383,0.239616,12.366932,0.000000,269
6336,107124633028288,13.335016,1.137865,0.241549,12.188124,0.000000,269
6337,107124646363304,13.331530,3.648572,0.210670,9.674539,0.000000,269
6338,107124659694834,13.346643,0.928225,0.234689,12.406561,0.000000,269
6339,107124673041477,13.320509,1.471428,0.303325,11.838003,0.000000,269
6340,107124686361986,13.336245,0.789603,0.307363,12.539597,0.000000,269
6341,107124699698231,13.331939,0.897633,0.303929,12.427968,0.000000,269
6342,107124713030170,13.334394,0.900461,0.312805,12.427237,0.000000,269
6343,107124726364564,13.330452,1.033111,0.279495,12.291616,0.000000,269
6344,107124739695016,13.332144,0.951017,0.297286,12.375178,0.000000,269
6345,107124753027160,13.337534,3.585170,0.344641,9.745579,0.000000,269
6346,107124766364694,13.331358,0.993609,0.304924,12.330433,0.000000,269
6347,107124779696052,13.334823,1.220289,0.263767,12.107797,0.000000,269
6348,107124793030875,13.334076,0.948105,0.321422,12.376824,0.000000,269
6349,107124806364951,13.331932,1.073144,0.285132,12.250759,0.000000,269
6350,107124819696883,13.331823,0.936587,0.286626,12.389528,0.000000,269
6351,107124833028706,13.338498,0.885291,0.332745,12.445621,0.000000,269
6352,107124846367204,13.330503,1.033595,0.305536,12.289062,0.000000,269
6353,107124859697707,13.333828,3.702434,0.251083,9.624470,0.000000,269
6354,107124873031535,13.334230,0.920444,0.307003,12.407044,0.000000,269
6355,107124886365765,13.334747,1.424607,0.313836,11.900206,0.000000,269
6356,107124899700512,13.331226,1.115172,0.215946,12.207381,0.000000,269
6357,107124913031738,13.330519,1.131808,0.283122,12.192910,0.000000,269
6358,107124926362257,13.335093,0.929859,0.211164,12.399107,0.000000,269
6359,107124939697350,13.333405,0.872289,0.194203,12.455894,0.000000,269
6360,107124953030755,13.334191,1.001458,0.301536,12.325276,0.000000,269
6361,107124966364946,13.334464,3.564836,0.281792,9.762679,0.000000,269
6362,107124979699410,13.332567,0.786910,0.294145,12.539465,0.000000,269
6363,107124993031977,13.338115,1.022837,0.310327,12.308134,0.000000,269
6364,107125006370092,13.327632,0.987115,0.290945,12.333410,0.000000,269
6365,107125019697724,13.334368,0.938592,0.233964,12.390365,0.000000,269
6366,107125033032092,13.333630,0.843382,0.276518,12.482682,0.000000,269
6367,107125046365722,13.334438,0.687940,0.300211,12.639976,0.000000,269
6368,107125059700160,13.331900,1.035331,0.288391,12.290583,0.000000,269
6369,107125073032060,13.333783,3.264607,0.205997,10.062855,0.000000,269
6370,107125086365843,13.335223,0.699632,0.239444,12.629044,0.000000,269
6371,107125099701066,13.332434,1.324649,0.288689,12.001227,0.000000,269
6372,107125113033500,13.332131,1.234525,0.273884,12.091362,0.000000,269
6373,107125126365631,13.334222,0.790698,0.352003,12.536830,0.000000,269
6374,107125139699853,13.339822,1.063752,0.213742,12.269193,0.000000,269
6375,107125153039675,13.337246,0.983527,0.225410,12.346740,0.000000,269
6376,107125166376921,13.332167,0.894771,0.217634,12.429590,0.000000,269
6377,107125179709088,13.331237,3.689879,0.187403,9.633541,0.000000,269
6378,107125193040325,13.334948,0.839750,0.203216,12.488522,0.000000,269
6379,107125206375273,13.336494,0.922912,0.259065,12.407269,0.000000,269
6380,107125219711767,13.330304,0.965096,0.256943,12.358507,0.000000,269
6381,107125233042071,13.334654,0.880825,0.247073,12.447462,0.000000,269
6382,107125246376725,13.334021,0.803462,0.259061,12.523513,0.000000,269
6383,107125259710746,13.360274,1.039508,0.238277,12.313541,0.000000,269
6384,107125273071020,13.333277,0.911258,0.244925,12.415411,0.000000,269
6385,107125286404297,13.333490,3.635669,0.255685,9.690561,0.000000,269
6386,107125299737787,13.332987,1.110134,0.261152,12.215699,0.000000,269
6387,107125313070774,13.337299,1.246828,0.227194,12.080287,0.000000,269
6388,107125326408073,13.330566,0.857413,0.292525,12.464075,0.000000,269
6389,107125339738639,13.332160,1.060776,0.255799,12.264650,0.000000,269
6390,107125353070799,13.331994,0.939739,0.240027,12.386068,0.000000,269
6391,107125366402793,13.336497,0.804785,0.279509,12.524507,0.000000,269
6392,107125379739290,13.331108,1.200870,0.246326,12.122164,0.000000,269
6393,107125393070398,13.333034,3.687222,0.229944,9.639548,0.000000,269
6394,107125406403432,13.333169,0.802208,0.230448,12.524359,0.000000,269
6395,107125419736601,13.335221,1.246276,0.277189,12.082266,0.000000,269
6396,107125433071822,13.340856,1.095492,0.253249,12.233499,0.000000,269
6397,107125446412678,13.326991,0.831386,0.240846,12.486478,0.000000,269
6398,107125459739669,13.333579,1.020160,0.248299,12.305485,0.000000,269
6399,107125473073248,13.332794,1.249513,0.232762,12.076264,0.000000,269
6400,107125486406042,13.332135,0.806339,0.234092,12.519314,0.000000,269
6401,107125499738177,13.332491,3.418928,0.196232,9.906823,0.000000,269
6402,107125513070668,13.332378,1.023619,0.170237,12.303309,0.000000,269
6403,107125526403046,13.332780,1.063084,0.164340,12.264162,0.000000,269
6404,107125539735826,13.335792,0.836380,0.230832,12.493056,0.000000,269
6405,107125553071618,13.333515,1.006278,0.194456,12.320948,0.000000,269
6406,107125566405133,13.335032,0.775449,0.196571,12.552114,0.000000,269
6407,107125579740165,13.333548,0.879677,0.263866,12.447486,0.000000,269
6408,107125593073713,13.331668,0.964209,0.195345,12.360611,0.000000,269
6409,107125606405381,13.335451,3.499336,0.245746,9.828047,0.000000,269
6410,107125619740832,13.336762,0.912813,0.382995,12.412007,0.000000,269
6411,107125633077594,13.335752,1.588312,0.262832,11.734052,0.000000,269
6412,107125646413346,13.327225,0.872757,0.264728,12.446038,0.000000,269
6413,107125659740571,13.334217,1.009619,0.299879,12.316983,0.000000,269
6414,107125673074788,13.330998,1.050704,0.252635,12.272521,0.000000,269
6415,107125686405786,13.340764,0.956002,0.257162,12.374793,0.000000,269
6416,107125699746550,13.329661,1.035940,0.199613,12.285401,0.000000,270
6417,107125713076211,13.332605,3.686938,0.184903,9.637123,0.000000,270
6418,107125726408816,13.332932,0.879905,0.197288,12.444763,0.000000,270
6419,107125739741748,13.340306,1.845380,0.192130,11.484830,0.000000,270
6420,107125753082054,13.326065,1.073793,0.195882,12.243495,0.000000,270
6421,107125766408119,13.330977,0.860143,0.215576,12.462952,0.000000,270
6422,107125779739096,13.336570,1.046432,0.182947,12.282227,0.000000,270
6423,107125793075666,13.331885,1.029068,0.198357,12.294790,0.000000,270
6424,107125806407551,13.337311,0.850424,0.185312,12.476163,0.000000,270
6425,107125819744862,13.328678,3.741359,0.238979,9.579294,0.000000,270
6426,107125833073540,13.335666,0.939825,0.213527,12.389693,0.000000,270
6427,107125846409206,13.334312,1.096883,0.169133,12.229124,0.000000,270
6428,107125859743518,13.330342,0.835672,0.171539,12.486510,0.000000,270
6429,107125873073860,13.335052,0.859858,0.199814,12.469625,0.000000,270
6430,107125886408912,13.332962,0.797235,0.159466,12.528669,0.000000,270
6431,107125899741874,13.334217,0.923219,0.165303,12.403909,0.000000,270
6432,107125913076091,13.333716,0.909159,0.175265,12.417109,0.000000,270
6433,107125926409807,13.331773,3.559305,0.169163,9.764088,0.000000,270
6434,107125939741580,13.332089,1.083063,0.172297,12.242666,0.000000,270
6435,107125953073669,13.336601,1.181756,0.279992,12.147102,0.000000,270
6436,107125966410270,13.338421,0.950812,0.217930,12.376829,0.000000,270
6437,107125979748691,13.327563,0.924822,0.226839,12.394406,0.000000,270
6438,107125993076254,13.333991,0.964070,0.249474,12.363473,0.000000,270
6439,107126006410245,13.334800,0.915113,0.204082,12.412260,0.000000,270
6440,107126019745045,13.334552,0.964306,0.215269,12.362019,0.000000,270
6441,107126033079597,13.329952,3.349866,0.231242,9.973528,0.000000,270
6442,107126046409549,13.336358,0.845166,0.289917,12.481545,0.000000,270
6443,107126059745907,13.329729,1.430030,0.560651,11.892398,0.000000,270
6444,107126073075636,13.333383,1.283529,0.439676,12.042970,0.000000,270
6445,107126086409019,13.334854,1.097039,0.418673,12.231526,0.000000,270
6446,107126099743873,13.330666,1.173720,0.381099,12.149698,0.000000,270
6447,107126113074539,13.334109,1.141405,0.449764,12.185953,0.000000,270
6448,107126126408648,13.336578,1.101095,0.381552,12.228482,0.000000,270
6449,107126139745226,13.341945,3.870200,0.279290,9.456978,0.000000,270
6450,107126153087171,13.334295,1.226277,0.353724,12.095969,0.000000,270
6451,107126166421466,13.320536,1.489258,0.272290,11.822199,0.000000,270
6452,107126179742002,13.336584,1.192474,0.566425,12.135670,0.000000,270
6453,107126193078586,13.330468,1.185352,0.496689,12.137134,0.000000,270
6454,107126206409054,13.335492,1.024832,0.440878,12.304541,0.000000,270
6455,107126219744546,13.337104,1.185666,0.394864,12.141714,0.000000,270
6456,107126233081650,13.333725,1.270750,0.433969,12.051656,0.000000,270
6457,107126246415375,13.329631,3.632955,0.491092,9.690306,0.000000,270
6458,107126259745006,13.336402,1.202271,0.422584,12.124019,0.000000,270
6459,107126273081408,13.331454,1.512563,0.426313,11.811423,0.000000,270
6460,107126286412862,13.335745,1.209483,0.497204,12.116626,0.000000,270
6461,107126299748607,13.332942,1.339579,0.428831,11.983897,0.000000,270
6462,107126313081549,13.331624,1.226038,0.433216,12.099351,0.000000,270
6463,107126326413173,13.334350,1.129009,0.493357,12.197468,0.000000,270
6464,107126339747523,13.334140,1.288769,0.437361,12.035719,0.000000,270
6465,107126353081663,13.334020,3.552343,0.392305,9.772573,0.000000,270
6466,107126366415683,13.332985,1.015769,0.482186,12.309235,0.000000,270
6467,107126379748668,13.330620,1.658205,0.459167,11.664619,0.000000,270
6468,107126393079288,13.335498,1.212293,0.493373,12.115919,0.000000,270
6469,107126406414786,13.335039,1.237141,0.427201,12.089664,0.000000,270
6470,107126419749825,13.332167,1.235812,0.451156,12.088159,0.000000,270
6471,107126433081992,13.333707,1.393996,0.491541,11.931444,0.000000,270
6472,107126446415699,13.333660,1.160090,0.440453,12.162991,0.000000,270
6473,107126459749359,13.333940,4.056070,0.447929,9.267730,0.000000,270
6474,107126473083299,13.332132,1.217931,0.425630,12.105679,0.000000,270
6475,107126486415431,13.333302,1.469175,0.445737,11.855441,0.000000,270
6476,107126499748733,13.332555,1.190835,0.427604,12.133727,0.000000,270
6477,107126513081288,13.333820,1.461772,0.404184,11.864719,0.000000,270
6478,107126526415108,13.336020,1.091371,0.502742,12.235713,0.000000,270
6479,107126539751128,13.332452,1.499833,0.395224,11.823982,0.000000,270
6480,107126553083580,13.334948,1.244286,0.397162,12.081801,0.000000,270
6481,107126566418528,13.331198,3.802271,0.448320,9.518379,0.000000,270
6482,107126579749726,13.335544,1.214279,0.415504,12.112069,0.000000,270
6483,107126593085270,13.331384,1.622049,0.405751,11.699843,0.000000,270
6484,107126606416654,13.331671,1.081227,0.432133,12.242036,0.000000,270
6485,107126619748325,13.334686,1.239345,0.307455,12.088206,0.000000,270
6486,107126633083011,13.332345,1.137903,0.262432,12.187366,0.000000,270
6487,107126646415356,13.331428,1.029482,0.376164,12.294393,0.000000,270
6488,107126659746784,13.336830,1.217581,0.492095,12.112381,0.000000,270
6489,107126673083614,13.333143,4.977682,0.341737,8.346500,0.000000,270
6490,107126686416757,13.331759,1.106272,0.394212,12.217166,0.000000,270
6491,107126699748516,13.334430,1.636216,0.326697,11.690448,0.000000,270
6492,107126713082946,13.333188,1.217146,0.525129,12.107584,0.000000,270
6493,107126726416134,13.334369,1.106314,0.438093,12.219290,0.000000,270
6494,107126739750503,13.333385,1.277097,0.486598,12.048161,0.000000,270
6495,107126753083888,13.333641,1.286415,0.496217,12.039430,0.000000,270
6496,107126766417529,13.334238,1.166440,0.451206,12.158373,0.000000,270
6497,107126779751767,13.332415,3.806254,0.491754,9.518317,0.000000,270
6498,107126793084182,13.333245,1.236890,0.477009,12.088256,0.000000,270
6499,107126806417427,13.332690,1.428613,0.471965,11.896469,0.000000,270
6500,107126819750117,13.332641,1.268753,0.480995,12.055775,0.000000,271
6501,107126833082758,13.335643,1.190847,0.474050,12.137243,0.000000,271
6502,107126846418401,13.332790,1.121367,0.528833,12.203414,0.000000,271
6503,107126859751191,13.331462,2.310112,0.343845,11.013080,0.000000,271
6504,107126873082653,13.332211,1.124079,0.413176,12.199833,0.000000,271
6505,107126886414864,13.333938,3.610499,0.701266,9.717016,0.000000,271
6506,107126899748802,13.334176,1.099391,0.343272,12.227944,0.000000,271
6507,107126913082978,13.334549,1.559960,0.332173,11.767802,0.000000,271
6508,107126926417527,13.333218,1.081671,0.317757,12.243264,0.000000,271
6509,107126939750745,13.341274,1.175776,0.341034,12.152794,0.000000,271
6510,107126953092019,13.323268,1.230962,0.464718,12.083351,0.000000,271
6511,107126966415287,13.337208,1.140228,0.519567,12.189961,0.000000,271
6512,107126979752495,13.331458,1.476509,0.445592,11.846213,0.000000,271
6513,107126993083953,13.334218,3.791051,0.438232,9.534993,0.000000,271
6514,107127006418171,13.334307,1.026649,0.387496,12.298784,0.000000,271
6515,107127019752478,13.334286,1.574831,0.475769,11.750732,0.000000,271
6516,107127033086764,13.332653,1.313346,0.341175,11.994703,0.000000,271
6517,107127046419417,13.332862,1.044103,0.477330,12.280383,0.000000,271
6518,107127059752279,13.333137,1.205658,0.566377,12.120182,0.000000,271
6519,107127073085416,13.335628,1.293125,0.479379,12.034226,0.000000,271
6520,107127086421044,13.330701,1.107531,0.351433,12.214449,0.000000,271
6521,107127099751745,13.335104,4.017977,0.434635,9.309017,0.000000,271
6522,107127113086849,13.331844,1.157660,0.491671,12.166450,0.000000,271
6523,107127126418693,13.335213,1.483497,0.481581,11.843268,0.000000,271
6524,107127139753906,13.330382,1.240920,0.411350,12.080466,0.000000,271
6525,107127153084288,13.336180,1.308911,0.459334,12.020106,0.000000,271
6526,107127166420468,13.330379,1.063442,0.471021,12.258776,0.000000,271
6527,107127179750847,13.337910,1.379300,0.458071,11.951148,0.000000,271
6528,107127193088757,13.333437,1.075812,0.562200,12.250094,0.000000,271
6529,107127206422194,13.333892,3.871289,0.491040,9.454243,0.000000,271
6530,107127219756086,13.333597,1.184977,0.484087,12.139131,0.000000,271
6531,107127233089683,13.334521,1.572714,0.467235,11.755053,0.000000,271
6532,107127246424204,13.335325,1.066026,0.357227,12.261231,0.000000,271
6533,107127259759529,13.331046,1.239607,0.341322,12.082882,0.000000,271
6534,107127273090575,13.331261,1.198072,0.323814,12.125329,0.000000,271
6535,107127286421836,13.335095,0.944862,0.323671,12.383274,0.000000,271
6536,107127299756931,13.334695,1.149279,0.314918,12.177621,0.000000,271
6537,107127313091626,13.339316,3.922902,0.298756,9.404763,0.000000,271
6538,107127326430942,13.327500,1.029830,0.386407,12.288618,0.000000,271
6539,107127339758442,13.333582,1.550037,0.326176,11.776375,0.000000,271
6540,107127353092024,13.332932,1.205712,0.296657,12.119360,0.000000,271
6541,107127366424956,13.334796,0.987756,0.305160,12.339636,0.000000,271
6542,107127379759752,13.329769,1.159940,0.488014,12.162501,0.000000,271
6543,107127393089521,13.337121,1.131427,0.520619,12.198744,0.000000,271
6544,107127406426642,13.332986,1.173694,0.559665,12.150326,0.000000,271
6545,107127419759628,13.330582,4.011105,0.531911,9.312560,0.000000,271
6546,107127433090210,13.334409,1.087147,0.512649,12.241050,0.000000,271
6547,107127446424619,13.336832,1.390289,0.487878,11.936155,0.000000,271
6548,107127459761451,13.330301,1.239677,0.477515,12.081815,0.000000,271
6549,107127473091752,13.333733,1.512549,0.517026,11.814182,0.000000,271
6550,107127486425485,13.334599,1.022398,0.544417,12.304482,0.000000,271
6551,107127499760084,13.330969,1.188839,0.506388,12.134765,0.000000,271
6552,107127513091053,13.335058,1.102329,0.445359,12.226421,0.000000,271
6553,107127526426111,13.332132,3.711164,0.410931,9.613287,0.000000,271
6554,107127539758243,13.334760,1.094875,0.517830,12.232353,0.000000,271
6555,107127553093003,13.332979,2.127115,0.455675,11.197909,0.000000,271
6556,107127566425982,13.332290,1.110941,0.475830,12.213918,0.000000,271
6557,107127579758272,13.331704,1.120705,0.401442,12.203696,0.000000,271
6558,107127593089976,13.336229,1.258000,0.310789,12.071815,0.000000,271
6559,107127606426205,13.331457,0.995803,0.338897,12.328300,0.000000,271
6560,107127619757662,13.335199,1.193017,0.507677,12.134947,0.000000,271
6561,107127633092861,13.334313,4.006694,0.513924,9.320807,0.000000,271
6562,107127646427174,13.332755,1.166825,0.485691,12.159588,0.000000,271
6563,107127659759929,13.336305,1.512589,0.469756,11.816067,0.000000,271
6564,107127673096234,13.330588,1.155660,0.435121,12.165964,0.000000,271
6565,107127686426822,13.334785,1.026060,0.450225,12.302124,0.000000,271
6566,107127699761607,13.332883,1.128591,0.321702,12.197445,0.000000,271
6567,107127713094490,13.332704,1.212597,0.301623,12.112286,0.000000,271
6568,107127726427194,13.334090,1.060407,0.691414,12.266731,0.000000,271
6569,107127739761284,13.331606,3.508917,0.333966,9.814870,0.000000,271
6570,107127753092890,13.335810,1.363989,0.321791,11.964091,0.000000,271
6571,107127766428700,13.331409,1.352223,0.307423,11.972255,0.000000,271
6572,107127779760109,13.336346,1.142987,0.393311,12.185941,0.000000,271
6573,107127793096455,13.329684,1.311793,0.469958,12.009290,0.000000,271
6574,107127806426139,13.340428,1.013979,0.505516,12.317875,0.000000,271
6575,107127819766567,13.327239,1.156010,0.472711,12.164516,0.000000,271
6576,107127833093806,13.331995,1.147175,0.459452,12.178762,0.000000,272
6577,107127846425801,13.335960,3.797497,0.481184,9.531161,0.000000,272
6578,107127859761761,13.335630,1.147124,0.501768,12.180410,0.000000,272
6579,107127873097391,13.328931,2.354335,0.488673,10.967737,0.000000,272
6580,107127886426322,13.337345,0.964445,0.481041,12.364923,0.000000,272
6581,107127899763667,13.330427,1.225647,0.466830,12.097428,0.000000,272
6582,107127913094094,13.336105,1.146079,0.463202,12.182992,0.000000,272
6583,107127926430199,13.338986,1.033610,0.469495,12.293653,0.000000,272
6584,107127939769185,13.412812,1.265416,0.483868,12.138167,0.000000,272
6585,107127953181997,13.332960,3.842275,0.433356,9.482392,0.000000,272
6586,107127966514957,13.332835,1.003441,0.488003,12.320846,0.000000,272
6587,107127979847792,13.334111,1.398781,0.456035,11.927807,0.000000,272
6588,107127993181903,13.331441,0.930438,0.433192,12.393806,0.000000,272
6589,107128006513344,13.334443,0.824720,0.415089,12.502692,0.000000,272
6590,107128019847787,13.332128,0.997670,0.445620,12.327967,0.000000,272
6591,107128033179915,13.334074,1.024734,0.401324,12.302318,0.000000,272
6592,107128046513989,13.335276,0.924389,0.491933,12.403930,0.000000,272
6593,107128059849265,13.333076,3.762457,0.485999,9.561293,0.000000,272
6594,107128073182341,13.336673,2.627071,0.371193,10.701253,0.000000,272
6595,107128086519014,13.331800,1.190935,0.332608,12.134188,0.000000,272
6596,107128099850814,13.343174,0.983192,0.528477,12.353053,0.000000,272
6597,107128113193988,13.322892,1.052505,0.492722,12.262675,0.000000,272
6598,107128126516880,13.334460,0.910144,0.459678,12.418188,0.000000,272
6599,107128139851340,13.334879,1.001948,0.647919,12.326487,0.000000,272
6600,107128153186219,13.331057,1.340399,0.467625,11.983676,0.000000,272
6601,107128166517276,13.332753,3.429613,0.535875,9.897063,0.000000,272
6602,107128179850029,13.337225,0.983329,0.571070,12.347361,0.000000,272
6603,107128193187254,13.329561,1.339883,0.548777,11.982636,0.000000,272
6604,107128206516815,13.334041,0.882482,0.491185,12.445649,0.000000,272
6605,107128219850856,13.336407,1.269317,0.401029,12.058866,0.000000,272
6606,107128233187263,13.330500,1.128615,0.368869,12.193906,0.000000,272
6607,107128246517763,13.334592,0.891861,0.526088,12.437044,0.000000,272
6608,107128259852355,13.334554,0.972471,0.450752,12.354724,0.000000,272
6609,107128273186909,13.330553,3.545337,0.329903,9.779359,0.000000,272
6610,107128286517462,13.332774,0.870235,0.510135,12.457692,0.000000,272
6611,107128299850236,13.334455,1.312179,0.533561,12.016916,0.000000,272
6612,107128313184691,13.334903,1.147071,0.491679,12.180961,0.000000,272
6613,107128326519594,13.331687,1.097577,0.375257,12.226715,0.000000,272
6614,107128339851281,13.337131,1.142942,0.505225,12.185269,0.000000,272
6615,107128353188412,13.329522,1.177049,0.462793,12.143630,0.000000,272
6616,107128366517934,13.332480,0.947572,0.493264,12.378057,0.000000,272
6617,107128379850414,13.336777,3.679624,0.359080,9.649145,0.000000,272
6618,107128393187191,13.331878,1.188851,0.483431,12.136136,0.000000,272
6619,107128406519069,13.332316,1.136894,0.521724,12.188881,0.000000,273
6620,107128419851385,13.334805,1.106263,0.509729,12.221462,0.000000,273
6621,107128433186190,13.334619,0.969266,0.519906,12.358707,0.000000,273
6622,107128446520809,13.330999,1.938171,0.526751,11.386736,0.000000,273
6623,107128459851808,13.346157,1.194196,0.523525,12.138588,0.000000,273
6624,107128473197965,13.380609,1.350645,0.619586,12.021604,0.000000,273
6625,107128486578574,13.328367,3.953604,0.411724,9.367325,0.000000,273
6626,107128499906941,13.338352,0.767146,0.508463,12.565895,0.000000,273
6627,107128513245293,13.332504,1.270758,0.485485,12.053657,0.000000,273
6628,107128526577797,13.332139,0.959100,0.521495,12.366268,0.000000,273
6629,107128539909936,13.330802,1.312641,0.461695,12.012831,0.000000,273
6630,107128553240738,13.337942,0.833975,0.501758,12.497795,0.000000,273
6631,107128566578680,13.331425,0.934234,0.510854,12.388627,0.000000,273
6632,107128579910105,13.332523,0.998486,0.497304,12.328379,0.000000,273
6633,107128593242628,13.334278,3.681154,0.458775,9.646969,0.000000,273
6634,107128606576906,13.332667,0.890615,0.506526,12.436376,0.000000,273
6635,107128619909573,13.336204,1.615966,0.428538,11.713307,0.000000,273
6636,107128633245777,13.334741,1.224753,0.358763,12.102207,0.000000,273
6637,107128646580518,13.328298,1.105963,0.339961,12.215176,0.000000,273
6638,107128659908816,13.335292,1.091210,0.505184,12.238264,0.000000,273
6639,107128673244108,13.333725,1.100373,0.474828,12.227060,0.000000,273
6640,107128686577833,13.331980,1.021214,0.543442,12.305171,0.000000,273
6641,107128699909813,13.333846,3.639291,0.495716,9.687555,0.000000,273
6642,107128713243659,13.337636,1.023066,0.376704,12.305687,0.000000,273
6643,107128726581295,13.332330,1.328447,0.524758,11.996186,0.000000,273
6644,107128739913625,13.329731,1.098882,0.405941,12.225569,0.000000,273
6645,107128753243356,13.339681,0.914273,0.450068,12.417803,0.000000,273
6646,107128766583037,13.329576,1.197587,0.496784,12.122672,0.000000,273
6647,107128779912613,13.335962,1.151183,0.488089,12.174498,0.000000,273
6648,107128793248575,13.330436,1.132345,0.558152,12.191368,0.000000,273
6649,107128806579011,13.330591,3.803618,0.504566,9.520255,0.000000,273
6650,107128819909602,13.339364,1.613642,0.458593,11.717400,0.000000,273
6651,107128833248966,13.330045,1.600445,0.417534,11.722760,0.000000,273
6652,107128846579011,13.338700,1.128926,0.479708,12.200490,0.000000,273
6653,107128859917711,13.328305,1.329043,0.470412,11.989666,0.000000,273
6654,107128873246016,13.331221,1.109752,0.493405,12.215640,0.000000,273
6655,107128886577237,13.337389,0.987798,0.520690,12.342025,0.000000,273
6656,107128899914626,13.329120,1.260466,0.564310,12.060017,0.000000,273
6657,107128913243746,13.333781,3.590642,0.501581,9.737872,0.000000,273
6658,107128926577527,13.338451,0.814602,0.390587,12.515833,0.000000,273
6659,107128939915978,13.329168,1.313722,0.481234,12.007856,0.000000,273
6660,107128953245146,13.336223,1.298836,0.447732,12.029258,0.000000,273
6661,107128966581369,13.332925,1.223592,0.564467,12.101619,0.000000,273
6662,107128979914294,13.334679,1.070355,0.575177,12.256429,0.000000,273
6663,107128993248973,13.329679,1.075657,0.495344,12.247707,0.000000,273
6664,107129006578652,13.335285,0.968888,0.501849,12.359571,0.000000,273
6665,107129019913937,13.335723,4.025507,0.490521,9.299997,0.000000,273
6666,107129033249660,13.328825,1.008618,0.532499,12.315302,0.000000,273
6667,107129046578485,13.335920,1.362919,0.612377,11.966597,0.000000,273
6668,107129059914405,13.333037,1.541924,0.532134,11.782275,0.000000,273
6669,107129073247442,13.332106,1.179340,0.483230,12.146233,0.000000,273
6670,107129086579548,13.337559,1.253412,0.520116,12.076437,0.000000,273
6671,107129099917107,13.328985,1.199731,0.582651,12.120946,0.000000,273
6672,107129113246092,13.335969,1.102893,0.395681,12.225282,0.000000,273
6673,107129126582061,13.334036,3.494831,0.428742,9.829411,0.000000,273
6674,107129139916097,13.332081,0.896668,0.575907,12.428341,0.000000,273
6675,107129153248178,13.334478,1.456350,0.564262,11.870743,0.000000,273
6676,107129166582656,13.331268,1.167095,0.552578,12.156844,0.000000,273
6677,107129179913924,13.337957,1.365923,0.494253,11.964185,0.000000,273
6678,107129193251881,13.326834,1.312898,0.483041,12.004928,0.000000,274
6679,107129206578715,13.337431,0.972823,0.500651,12.357296,0.000000,274
6680,107129219916146,13.339327,1.329362,0.577065,12.001820,0.000000,274
6681,107129233255473,13.324826,4.093432,0.449622,9.222085,0.000000,274
6682,107129246580299,13.334573,1.015851,0.455843,12.312004,0.000000,274
6683,107129259914872,13.335754,1.677105,0.504932,11.651404,0.000000,274
6684,107129273250626,13.330737,1.290184,0.518959,12.031534,0.000000,274
6685,107129286581363,13.335220,1.161115,0.547797,12.166222,0.000000,274
6686,107129299916583,13.333806,1.281706,0.491911,12.044144,0.000000,274
6687,107129313250389,13.330002,1.117590,0.519386,12.205570,0.000000,274
6688,107129326580391,13.333279,1.070116,0.482042,12.257136,0.000000,274
6689,107129339913670,13.332158,3.512538,0.574251,9.813459,0.000000,274
6690,107129353245828,13.335493,1.073930,0.600384,12.255537,0.000000,274
6691,107129366581321,13.330971,1.683234,0.360777,11.640717,0.000000,274
6692,107129379912292,13.422933,1.172394,0.582653,12.244681,0.000000,274
6693,107129393335225,13.333968,1.266764,0.396748,12.060355,0.000000,274
6694,107129406669193,13.331849,0.981919,0.479916,12.343336,0.000000,274
6695,107129420001042,13.333864,0.910544,0.531542,12.416793,0.000000,274
6696,107129433334906,13.333767,1.051393,0.544888,12.275443,0.000000,274
6697,107129446668673,13.333054,3.410531,0.508875,9.916015,0.000000,274
6698,107129460001727,13.335577,1.020600,0.586856,12.308955,0.000000,274
6699,107129473337304,13.332236,1.439961,0.567800,11.884663,0.000000,274
6700,107129486669540,13.332885,0.991603,0.518145,12.334591,0.000000,274
6701,107129500002425,13.337016,1.161393,0.549349,12.167458,0.000000,274
6702,107129513339441,13.332630,1.165259,0.528412,12.157661,0.000000,274
6703,107129526672071,13.329253,1.132984,0.376392,12.187534,0.000000,274
6704,107129540001324,13.336287,1.233442,0.445764,12.095896,0.000000,274
6705,107129553337611,13.331741,4.084729,0.341231,9.238945,0.000000,274
6706,107129566669352,13.332186,1.251441,0.382361,12.073221,0.000000,274
6707,107129580001538,13.332992,1.798973,0.462589,11.525582,0.000000,274
6708,107129593334530,13.338502,1.168293,0.646790,12.163238,0.000000,274
6709,107129606673032,13.332610,1.472262,0.544072,11.850460,0.000000,274
6710,107129620005642,13.333527,1.461226,0.479072,11.857664,0.000000,274
6711,107129633339169,13.334837,1.238693,0.536466,12.085045,0.000000,274
6712,107129646674006,13.327783,1.227407,0.504914,12.092781,0.000000,274
6713,107129660001789,13.332630,4.011082,0.382521,9.315205,0.000000,274
6714,107129673334419,13.336320,1.030296,0.341901,12.299535,0.000000,274
6715,107129686670739,13.331563,1.409538,0.360484,11.914966,0.000000,274
6716,107129700002302,13.334719,1.228391,0.393902,12.099295,0.000000,274
6717,107129713337021,13.339841,1.282446,0.338714,12.050664,0.000000,274
6718,107129726676862,13.327449,1.147563,0.433315,12.171894,0.000000,274
6719,107129740004311,13.332022,1.268223,0.398122,12.057902,0.000000,274
6720,107129753336333,13.338610,1.328714,0.366651,12.001402,0.000000,274
6721,107129766674943,13.327280,3.976070,0.322281,9.344101,0.000000,274
6722,107129780002223,13.333636,1.142758,0.397676,12.185143,0.000000,274
6723,107129793335859,13.334563,1.491389,0.507506,11.837575,0.000000,274
6724,107129806670422,13.331158,0.888533,0.502925,12.437001,0.000000,274
6725,107129820001580,13.333998,1.077094,0.444089,12.251999,0.000000,274
6726,107129833335578,13.336861,0.990324,0.505783,12.339553,0.000000,274
6727,107129846672439,13.332134,1.030115,0.582782,12.294534,0.000000,274
6728,107129860004573,13.415322,1.221008,0.552846,12.188434,0.000000,274
6729,107129873419895,13.332763,3.474492,0.457755,9.852966,0.000000,274
6730,107129886752658,13.334184,0.927941,0.601267,12.400940,0.000000,274
6731,107129900086842,13.331871,1.595705,0.462920,11.730998,0.000000,274
6732,107129913418713,13.336318,1.035998,0.515338,12.294915,0.000000,275
6733,107129926755031,13.333385,1.218566,0.481484,12.107742,0.000000,275
6734,107129940088416,13.331965,1.158577,0.368626,12.167707,0.000000,275
6735,107129953420381,13.333603,1.040182,0.346023,12.287545,0.000000,275
6736,107129966753984,13.335448,1.000780,0.393957,12.327960,0.000000,275
6737,107129980089432,13.329074,3.993160,0.442374,9.328923,0.000000,275
6738,107129993418506,13.335866,0.973303,0.388731,12.357533,0.000000,275
6739,107130006754372,13.337134,1.443548,0.579251,11.886048,0.000000,275
6740,107130020091506,13.330595,1.298319,0.549179,12.022167,0.000000,275
6741,107130033422101,13.332990,1.262585,0.458746,12.064327,0.000000,275
6742,107130046755091,13.335650,1.008198,0.506736,12.319528,0.000000,275
6743,107130060090741,13.332564,1.136164,0.466830,12.189302,0.000000,275
6744,107130073423305,13.332199,1.013789,0.494445,12.311167,0.000000,275
6745,107130086755504,13.335961,3.310149,0.535430,10.018441,0.000000,275
6746,107130100091465,13.328409,1.179182,0.445594,12.142723,0.000000,275
6747,107130113419874,13.333621,1.486254,0.544032,11.841734,0.000000,275
6748,107130126753495,13.337889,1.029098,0.510867,12.301687,0.000000,275
6749,107130140091384,13.329475,1.316693,0.555220,12.006379,0.000000,275
6750,107130153420859,13.335258,1.194990,0.512277,12.134966,0.000000,275
6751,107130166756117,13.336328,1.075741,0.552053,12.252539,0.000000,275
6752,107130180092445,13.329294,1.262087,0.486485,12.060619,0.000000,275
6753,107130193421739,13.333794,3.414202,0.523806,9.912423,0.000000,275
6754,107130206755533,13.332592,0.892836,0.542111,12.434303,0.000000,275
6755,107130220088125,13.334976,1.291327,0.496509,12.038346,0.000000,275
6756,107130233423101,13.331713,1.171029,0.526163,12.155397,0.000000,275
6757,107130246754814,13.333294,1.141114,0.494660,12.186869,0.000000,275
6758,107130260088108,13.335020,1.848154,0.481769,11.481021,0.000000,275
6759,107130273423128,13.331816,1.080593,0.527563,12.244740,0.000000,275
6760,107130286754944,13.332952,1.037968,0.490863,12.289348,0.000000,275
6761,107130300087896,13.333324,4.359905,0.412962,8.967514,0.000000,275
6762,107130313421220,13.336259,0.929304,0.535881,12.400974,0.000000,275
6763,107130326757479,13.331499,1.506457,0.440850,11.819138,0.000000,275
6764,107130340088978,13.333962,0.997754,0.514575,12.330258,0.000000,275
6765,107130353422940,13.332852,1.021692,0.497224,12.305326,0.000000,276
6766,107130366755792,13.333759,0.835639,0.427458,12.492134,0.000000,276
6767,107130380089551,13.335852,1.100530,0.451570,12.228975,0.000000,276
6768,107130393425403,13.332168,2.211389,1.438357,11.113622,0.000000,276
6769,107130406757571,13.334414,3.494444,0.915582,9.831442,0.000000,276
6770,107130420091985,13.335963,1.238334,0.927095,12.088378,0.000000,276
6771,107130433427948,13.332396,1.787455,0.826827,11.535606,0.000000,276
6772,107130446760344,13.332879,1.203692,0.343082,12.119738,0.000000,276
6773,107130460093223,13.333453,1.164471,0.427036,12.161855,0.000000,276
6774,107130473426676,13.332387,1.374549,0.527812,11.950416,0.000000,276
6775,107130486759063,13.334320,1.236658,0.530077,12.089128,0.000000,276
6776,107130500093383,13.332725,1.418224,0.588800,11.907066,0.000000,276
6777,107130513426108,13.331095,5.217913,0.519540,8.105142,0.000000,276
6778,107130526757203,13.332987,0.991261,0.577317,12.336187,0.000000,276
6779,107130540090190,13.344680,1.773779,0.531677,11.560083,0.000000,276
6780,107130553434870,13.325078,1.323948,0.573764,11.989452,0.000000,276
6781,107130566759948,13.330957,1.222497,0.492762,12.100645,0.000000,276
6782,107130580090905,13.336246,1.234988,0.563130,12.094336,0.000000,276
6783,107130593427151,13.333121,1.257522,0.508020,12.067067,0.000000,276
6784,107130606760272,13.330197,1.065458,0.543142,12.257497,0.000000,276
6785,107130620090469,13.333251,3.968385,0.463691,9.359154,0.000000,276
6786,107130633423720,13.336505,0.964520,0.572744,12.365609,0.000000,276
6787,107130646760225,13.330992,1.522630,0.514521,11.802133,0.000000,276
6788,107130660091217,13.335701,1.102573,0.636832,12.226502,0.000000,276
6789,107130673426918,13.333829,1.114187,0.487785,12.212201,0.000000,276
6790,107130686760747,13.331176,1.073345,0.360038,12.251541,0.000000,276
6791,107130700091923,13.335546,1.032974,0.460875,12.295433,0.000000,276
6792,107130713427469,13.333479,1.099247,0.537008,12.227536,0.000000,276
6793,107130726760948,13.328894,3.584347,1.354910,9.738104,0.000000,276
6794,107130740089842,13.339079,0.967736,0.416288,12.365625,0.000000,276
6795,107130753428921,13.332120,1.261799,0.479445,12.063757,0.000000,276
6796,107130766761041,13.347032,1.040642,0.476458,12.298895,0.000000,276
6797,107130780108073,13.332822,1.032408,0.562567,12.292937,0.000000,276
6798,107130793440895,13.333609,2.238806,0.358612,11.087793,0.000000,276
6799,107130806774504,13.334259,1.058340,0.485566,12.267327,0.000000,276
6800,107130820108763,13.332618,1.130190,0.546421,12.194680,0.000000,277
6801,107130833441381,13.330243,3.635617,0.519694,9.687401,0.000000,277
6802,107130846771624,13.333820,0.813937,0.509207,12.514417,0.000000,277
6803,107130860105444,13.332053,1.764775,0.459126,11.561229,0.000000,277
6804,107130873437497,13.334123,0.886401,0.477146,12.442199,0.000000,277
6805,107130886771620,13.333432,0.837730,0.454659,12.489283,0.000000,277
6806,107130900105052,13.334010,0.889411,0.455434,12.438543,0.000000,277
6807,107130913439062,13.332343,0.850182,0.699265,12.476675,0.000000,277
6808,107130926771405,13.334114,2.453488,0.528853,10.874117,0.000000,277
6809,107130940105519,13.332447,5.292880,0.431959,8.033754,0.000000,277
6810,107130953437966,13.336903,1.524989,0.487708,11.806095,0.000000,277
6811,107130966774869,13.332206,1.205048,0.485793,12.119574,0.000000,277
6812,107130980107075,13.331933,0.977719,0.465686,12.347702,0.000000,277
6813,107130993439008,13.335333,0.893807,0.389125,12.435883,0.000000,277
6814,107131006774341,13.334637,0.893892,0.347920,12.434686,0.000000,277
6815,107131020108978,13.331730,1.122713,0.335433,12.202271,0.000000,277
6816,107131033440708,13.336287,1.090836,0.538745,12.237602,0.000000,277
6817,107131046776995,13.386338,4.534416,0.489237,8.843544,0.000000,277
6818,107131060163333,13.321931,1.044088,0.785962,12.272827,0.000000,277
6819,107131073485264,13.337457,1.239249,0.511377,12.092449,0.000000,277
6820,107131086822721,13.332893,1.098539,0.593823,12.225772,0.000000,277
6821,107131100155614,13.331844,1.056746,0.493592,12.267666,0.000000,277
6822,107131113487458,13.334060,0.955403,0.498978,12.372732,0.000000,277
6823,107131126821518,13.332958,0.859888,0.500085,12.466648,0.000000,277
6824,107131140154476,13.335055,0.915895,0.743767,12.411831,0.000000,277
6825,107131153489531,13.331484,4.078380,0.447134,9.244507,0.000000,277
6826,107131166821015,13.336261,0.931103,0.538688,12.398738,0.000000,277
6827,107131180157276,13.333386,1.574819,0.541953,11.750333,0.000000,277
6828,107131193490662,13.332850,1.234481,0.488976,12.090979,0.000000,277
6829,107131206823512,13.331635,1.111305,0.531706,12.213935,0.000000,277
6830,107131220155147,13.333890,1.237693,0.583782,12.089025,0.000000,277
6831,107131233489037,13.333264,1.230995,0.493883,12.095455,0.000000,277
6832,107131246822301,13.336088,1.013175,0.529369,12.315903,0.000000,277
6833,107131260158389,13.327605,3.577217,0.433522,9.744414,0.000000,277
6834,107131273485994,13.333862,0.803610,0.860347,12.525432,0.000000,277
6835,107131286819856,13.333729,0.970760,0.481209,12.357654,0.000000,277
6836,107131300153585,13.333371,0.831477,0.439816,12.495930,0.000000,277
6837,107131313486956,13.335072,0.991058,1.726600,12.338029,0.000000,277
6838,107131326822028,13.335703,0.904397,0.451310,12.424076,0.000000,277
6839,107131340157731,13.333883,1.098285,0.474333,12.228038,0.000000,277
6840,107131353491614,13.330803,1.114166,0.569473,12.210369,0.000000,277
6841,107131366822417,13.334681,3.933972,0.461501,9.394431,0.000000,277
6842,107131380157098,13.344844,1.059505,1.695502,12.272496,0.000000,277
6843,107131393501942,13.321115,1.440332,0.452318,11.872580,0.000000,277
6844,107131406823057,13.333807,0.977146,0.401469,12.349927,0.000000,277
6845,107131420156864,13.333939,1.066166,0.466980,12.261243,0.000000,277
6846,107131433490803,13.331780,1.025844,0.463078,12.299335,0.000000,277
6847,107131446822583,13.334099,0.893791,0.468142,12.433751,0.000000,277
6848,107131460156682,13.335641,1.039127,0.450188,12.288968,0.000000,277
6849,107131473492323,13.328479,4.120412,0.310302,9.200426,0.000000,277
6850,107131486820802,13.335555,0.897251,0.319023,12.433275,0.000000,277
6851,107131500156357,13.335222,1.480518,0.330806,11.847420,0.000000,277
6852,107131513491579,13.331920,1.235722,0.305194,12.089005,0.000000,277
6853,107131526823499,13.331754,0.870647,0.306411,12.454659,0.000000,277
6854,107131540155253,13.335181,0.903316,0.310600,12.426980,0.000000,277
6855,107131553490434,13.332386,0.901439,0.326340,12.425086,0.000000,277
6856,107131566822820,13.331928,0.818143,0.347131,12.508328,0.000000,278
6857,107131580154748,13.335422,3.426001,0.325029,9.903418,0.000000,278
6858,107131593490170,13.332979,1.137942,0.454295,12.189266,0.000000,278
6859,107131606823149,13.333393,1.977112,0.439940,11.349799,0.000000,278
6860,107131620156542,13.332805,1.072249,0.439875,12.254605,0.000000,278
6861,107131633489347,13.335671,0.994779,0.457682,12.333935,0.000000,278
6862,107131646825018,13.329989,0.907723,0.442406,12.416311,0.000000,278
6863,107131660155007,13.336172,0.832009,0.463926,12.498488,0.000000,278
6864,107131673491179,13.335062,0.875208,0.550877,12.453999,0.000000,278
6865,107131686826241,13.331176,3.300323,0.481722,10.024404,0.000000,278
6866,107131700157417,13.331365,0.827628,0.358644,12.498938,0.000000,278
6867,107131713488782,13.337834,1.224073,0.342108,12.107999,0.000000,278
6868,107131726826616,13.331646,1.019461,0.325840,12.303153,0.000000,278
6869,107131740158262,13.332377,1.108553,0.312908,12.217215,0.000000,278
6870,107131753490639,13.335772,1.027828,0.338303,12.300321,0.000000,278
6871,107131766826411,13.331286,1.063800,0.319469,12.259904,0.000000,278
6872,107131780157697,13.332090,1.133271,0.397300,12.193588,0.000000,278
6873,107131793489787,13.335720,3.934378,0.299216,9.395450,0.000000,278
6874,107131806825507,13.331880,0.893938,0.304348,12.431777,0.000000,278
6875,107131820157387,13.334829,1.105980,0.445907,12.222937,0.000000,278
6876,107131833492216,13.332341,0.833606,0.459574,12.492610,0.000000,278
6877,107131846824557,13.331199,0.802414,0.439872,12.523475,0.000000,278
6878,107131860155756,13.333674,0.796606,0.429412,12.532606,0.000000,278
6879,107131873489430,13.335135,0.791019,0.460754,12.539143,0.000000,278
6880,107131886824565,13.332444,0.806942,0.527333,12.519920,0.000000,278
6881,107131900157009,13.334305,3.307464,0.471004,10.021236,0.000000,278
6882,107131913491314,13.334382,0.813822,0.396668,12.515408,0.000000,278
6883,107131926825696,13.331252,1.101020,0.418214,12.224986,0.000000,278
6884,107131940156948,13.335746,0.851379,0.349232,12.479346,0.000000,278
6885,107131953492694,13.332253,0.901766,0.431712,12.424747,0.000000,278
6886,107131966824947,13.335602,0.799035,0.348630,12.531394,0.000000,278
6887,107131980160549,13.330115,0.918604,0.418869,12.405666,0.000000,278
6888,107131993490664,13.333311,0.952697,0.649924,12.375684,0.000000,279
6889,107132006823975,13.335390,4.163317,0.419899,9.166479,0.000000,279
6890,107132020159365,13.335096,0.925012,0.363120,12.404085,0.000000,279
6891,107132033494461,13.332435,1.757643,0.358528,11.569421,0.000000,279
6892,107132046826896,13.335497,0.807632,0.347174,12.521547,0.000000,279
6893,107132060162393,13.329740,0.912331,0.398034,12.411086,0.000000,279
6894,107132073492133,13.332625,0.903576,0.363809,12.424076,0.000000,279
6895,107132086824758,13.337638,0.752275,0.352947,12.580443,0.000000,279
6896,107132100162396,13.329065,1.027173,0.341620,12.296008,0.000000,279
6897,107132113491461,13.333978,3.307958,0.400563,10.021021,0.000000,279
6898,107132126825439,13.337862,0.809761,0.344374,12.521690,0.000000,279
6899,107132140163301,13.331188,1.204032,0.483756,12.120103,0.000000,279
6900,107132153494489,13.332439,1.055861,0.308154,12.269278,0.000000,279
6901,107132166826928,13.335830,0.812665,0.419428,12.515422,0.000000,279
6902,107132180162758,13.330977,0.945441,0.377180,12.378970,0.000000,279
6903,107132193493735,13.334048,0.873386,0.390869,12.455119,0.000000,279
6904,107132206827783,13.335726,0.828189,0.360414,12.501240,0.000000,279
6905,107132220163509,13.333178,3.483517,0.467738,9.841960,0.000000,279
6906,107132233496687,13.331444,2.730763,0.391354,10.593970,0.000000,279
6907,107132246828131,13.335158,1.043362,0.387964,12.286568,0.000000,279
6908,107132260163289,13.331045,1.028070,0.401416,12.296232,0.000000,279
6909,107132273494334,13.332936,0.877331,0.385407,12.450245,0.000000,279
6910,107132286827270,13.335122,0.807853,0.319200,12.521835,0.000000,279
6911,107132300162392,13.333711,0.927105,0.320824,12.399395,0.000000,279
6912,107132313496103,13.331360,0.993358,0.487172,12.332144,0.000000,279
6913,107132326827463,13.334072,3.258442,0.354546,10.069814,0.000000,279
6914,107132340161535,13.333482,0.906682,0.483404,12.420810,0.000000,279
6915,107132353495017,13.332513,1.176733,0.327415,12.149320,0.000000,279
6916,107132366827530,13.331475,0.819904,0.328331,12.506596,0.000000,279
6917,107132380159005,13.336621,0.852265,0.330850,12.478953,0.000000,279
6918,107132393495626,13.332198,0.943950,0.458855,12.381794,0.000000,279
6919,107132406827824,13.330993,0.814034,0.351331,12.510816,0.000000,279
6920,107132420158817,13.336511,0.818613,0.422002,12.512780,0.000000,280
6921,107132433495328,13.333325,3.569647,0.391764,9.757297,0.000000,280
6922,107132446828653,13.331838,0.864038,0.407436,12.461469,0.000000,280
6923,107132460160491,13.335851,1.938200,0.330021,11.391859,0.000000,280
6924,107132473496342,13.332298,1.030906,0.382273,12.295028,0.000000,280
6925,107132486828640,13.332207,0.949163,1.478570,12.377696,0.000000,280
6926,107132500160847,13.337003,0.963808,1.334551,12.367291,0.000000,280
6927,107132513497850,13.334851,1.032259,0.522216,12.294717,0.000000,280
6928,107132526832701,13.332308,1.051543,0.651143,12.271715,0.000000,280
6929,107132540165009,13.333110,5.237730,0.658457,8.086764,0.000000,280
6930,107132553498119,13.335186,1.420957,0.549587,11.905470,0.000000,280
6931,107132566833305,14.574350,1.484451,0.486111,13.081411,0.000000,280
6932,107132581407655,13.330556,1.069595,0.437926,12.254078,0.000000,280
6933,107132594738211,13.333171,1.020222,0.383178,12.307477,0.000000,280
6934,107132608071382,13.332148,0.909413,0.446439,12.418177,0.000000,280
6935,107132621403530,13.334878,0.896820,0.376985,12.433443,0.000000,280
6936,107132634738408,13.336028,0.969988,0.537654,12.360256,0.000000,280
6937,107132648074436,13.329681,3.978449,0.408711,9.344555,0.000000,280
6938,107132661404117,13.332640,0.928617,0.457502,12.398965,0.000000,280
6939,107132674736757,13.336929,1.111588,0.451139,12.219547,0.000000,280
6940,107132688073686,13.331296,1.091527,0.404435,12.232947,0.000000,280
6941,107132701404982,13.333438,0.940475,0.303572,12.387461,0.000000,280
6942,107132714738420,13.333972,0.876925,0.310298,12.451756,0.000000,280
6943,107132728072392,13.334459,0.850054,0.325260,12.478160,0.000000,280
6944,107132741406851,13.331628,0.938696,0.525939,12.387489,0.000000,280
6945,107132754738479,13.335409,3.606457,0.324811,9.723574,0.000000,280
6946,107132768073888,13.335130,0.885591,0.472727,12.443830,0.000000,280
6947,107132781409018,13.331590,1.255676,0.422251,12.068955,0.000000,280
6948,107132794740608,13.334080,0.935527,0.458350,12.391975,0.000000,280
6949,107132808074688,13.332585,0.878499,0.459027,12.448039,0.000000,280
6950,107132821407273,13.333635,0.959989,0.376071,12.367496,0.000000,280
6951,107132834740908,13.332883,0.931997,0.396161,12.395125,0.000000,280
6952,107132848073791,13.331577,0.978644,0.534193,12.346887,0.000000,280
6953,107132861405368,13.332301,3.505337,0.431275,9.822137,0.000000,280
6954,107132874737669,13.338381,0.850539,0.346901,12.482351,0.000000,280
6955,107132888076050,13.332316,1.146354,0.325977,12.179115,0.000000,280
6956,107132901408366,13.332986,0.990785,0.344232,12.335884,0.000000,280
6957,107132914741352,13.333483,0.941800,0.324954,12.385227,0.000000,280
6958,107132928074835,13.333637,0.913025,0.463275,12.413852,0.000000,280
6959,107132941408472,13.332527,0.957147,0.431872,12.368845,0.000000,280
6960,107132954740999,13.335824,0.905023,0.525078,12.423962,0.000000,280
6961,107132968076823,13.329965,3.432188,0.466752,9.892153,0.000000,280
6962,107132981406788,13.334917,0.893394,0.500759,12.436397,0.000000,280
6963,107132994741705,13.333159,1.153810,0.374491,12.174299,0.000000,280
6964,107133008074864,13.335894,0.935528,0.397594,12.394011,0.000000,280
6965,107133021410758,13.332302,1.078952,0.386225,12.246895,0.000000,280
6966,107133034743060,13.332531,1.020606,0.458645,12.305952,0.000000,280
6967,107133048075591,13.334589,0.812268,0.470603,12.516899,0.000000,280
6968,107133061410180,13.334128,1.023718,0.564569,12.302426,0.000000,280
6969,107133074744308,13.327275,3.670583,0.402214,9.650983,0.000000,280
6970,107133088071583,13.338134,0.808270,0.466550,12.524913,0.000000,280
6971,107133101409717,13.333099,1.203635,0.469251,12.122441,0.000000,280
6972,107133114742816,13.333015,0.943205,0.457363,12.383431,0.000000,280
6973,107133128075831,13.334664,0.831009,0.479283,12.497225,0.000000,280
6974,107133141410495,13.332783,0.953752,0.482738,12.371905,0.000000,280
6975,107133154743278,13.331520,0.953660,0.469689,12.371089,0.000000,280
6976,107133168074798,13.334646,0.851199,0.544920,12.476567,0.000000,281
6977,107133181409444,13.329992,3.626865,0.442624,9.697587,0.000000,281
6978,107133194739436,13.334326,0.813169,0.519839,12.516295,0.000000,281
6979,107133208073762,13.335911,1.536916,0.477588,11.793057,0.000000,281
6980,107133221409673,13.333549,0.925508,0.498292,12.401562,0.000000,281
6981,107133234743222,13.333557,1.074684,0.337814,12.252320,0.000000,281
6982,107133248076779,13.332823,1.145191,0.529367,12.181277,0.000000,281
6983,107133261409602,13.335005,2.324630,0.499062,11.003044,0.000000,281
6984,107133274744607,13.331096,1.156822,0.507769,12.167099,0.000000,281
6985,107133288075703,13.334638,3.673050,0.327287,9.654953,0.000000,281
6986,107133301410341,13.334133,0.979049,0.471319,12.348416,0.000000,281
6987,107133314744474,13.333380,1.196946,0.305933,12.129666,0.000000,281
6988,107133328077854,13.331915,0.804112,0.321690,12.521775,0.000000,281
6989,107133341409769,13.334412,1.082147,0.358908,12.246163,0.000000,281
6990,107133354744181,13.333617,1.187604,0.335504,12.139160,0.000000,281
6991,107133368077798,13.329534,1.006332,0.316422,12.317552,0.000000,281
6992,107133381407332,13.335956,0.990630,0.523954,12.340091,0.000000,281
6993,107133394743288,13.331796,3.617317,0.474541,9.708165,0.000000,281
6994,107133408075084,13.332041,0.804826,0.449418,12.522280,0.000000,281
6995,107133421407125,13.335518,1.089705,0.357504,12.241059,0.000000,281
6996,107133434742643,13.335231,0.943308,0.365911,12.385433,0.000000,281
6997,107133448077874,13.332121,0.895128,0.493600,12.430366,0.000000,281
6998,107133461409995,13.333635,0.933916,0.502735,12.392898,0.000000,281
6999,107133474743630,13.333090,0.904712,0.475481,12.422505,0.000000,281
7000,107133488076720,13.333122,0.883061,0.479695,12.444090,0.000000,281
7001,107133501409842,13.333165,3.340579,0.463334,9.986624,0.000000,281
7002,107133514743007,13.336936,1.114993,0.460881,12.215061,0.000000,281
7003,107133528079943,13.331259,1.385356,0.442605,11.938571,0.000000,281
7004,107133541411202,13.336854,1.117035,0.468573,12.211808,0.000000,281
7005,107133554748056,13.331018,1.038520,0.472621,12.284116,0.000000,281
7006,107133568079074,13.332058,0.890000,0.431694,12.436086,0.000000,281
7007,107133581411132,13.334915,0.964361,0.333940,12.364416,0.000000,281
7008,107133594746047,13.333170,0.984181,0.396474,12.342156,0.000000,281
7009,107133608079217,13.332082,3.492759,0.321706,9.833142,0.000000,281
7010,107133621411299,13.334721,0.954499,0.468847,12.373510,0.000000,281
7011,107133634746020,13.332941,1.256156,0.487847,12.069989,0.000000,281
7012,107133648078961,13.334017,0.932566,0.481822,12.395609,0.000000,281
7013,107133661412978,13.330834,1.040742,0.456282,12.283444,0.000000,282
7014,107133674743812,13.335763,0.927207,0.522675,12.402752,0.000000,282
7015,107133688079575,13.333247,0.986118,0.512601,12.340318,0.000000,282
7016,107133701412822,13.333454,1.657519,0.582934,11.669490,0.000000,282
7017,107133714746276,13.329279,3.631371,0.534143,9.691995,0.000000,282
7018,107133728075555,13.337926,1.026812,0.485848,12.304685,0.000000,282
7019,107133741413481,13.329872,1.355737,0.460793,11.967713,0.000000,282
7020,107133754743353,13.336861,0.856891,0.496831,12.474498,0.000000,282
7021,107133768080214,13.328922,0.913655,0.359377,12.408278,0.000000,282
7022,107133781409136,13.333984,0.860279,0.334004,12.469048,0.000000,282
7023,107133794743120,13.333009,0.863832,0.345292,12.463484,0.000000,282
7024,107133808076129,13.334173,0.824884,0.402067,12.503846,0.000000,282
7025,107133821410302,13.331670,3.487999,0.314638,9.838724,0.000000,282
7026,107133834741972,13.335368,0.858720,0.539216,12.471006,0.000000,282
7027,107133848077340,13.336558,1.213663,0.481357,12.115651,0.000000,282
7028,107133861413898,13.332121,1.071397,0.486795,12.252562,0.000000,282
7029,107133874746019,13.334644,1.055737,0.494375,12.271870,0.000000,282
7030,107133888080663,13.333410,0.849815,0.475268,12.476832,0.000000,282
7031,107133901414073,13.331015,1.246699,0.476664,12.077640,0.000000,282
7032,107133914745088,13.336488,0.887002,0.520218,12.443303,0.000000,282
7033,107133928081576,13.333552,3.408373,0.478212,9.918200,0.000000,282
7034,107133941415128,13.330932,0.931722,0.473219,12.393595,0.000000,282
7035,107133954746060,13.334981,1.119415,0.484072,12.209773,0.000000,282
7036,107133968081041,13.334641,0.880314,0.463277,12.447915,0.000000,282
7037,107133981415682,13.330385,1.047934,0.460459,12.275498,0.000000,282
7038,107133994746067,13.332722,0.914664,0.414368,12.412619,0.000000,282
7039,107134008078789,13.336593,0.766658,0.482260,12.563815,0.000000,282
7040,107134021415382,13.329925,0.961815,0.482731,12.361827,0.000000,282
7041,107134034745307,13.332986,3.310595,0.429934,10.017185,0.000000,282
7042,107134048078293,13.336885,0.753212,0.468374,12.578508,0.000000,282
7043,107134061415178,13.331822,1.278378,0.461221,12.046721,0.000000,282
7044,107134074747000,13.334865,0.906539,0.499217,12.421701,0.000000,282
7045,107134088081865,13.331353,0.839167,0.345465,12.486540,0.000000,282
7046,107134101413218,13.332182,0.930937,0.317638,12.395267,0.000000,282
7047,107134114745400,13.333501,0.888226,0.305257,12.439738,0.000000,282
7048,107134128078901,13.334069,0.799435,0.449538,12.529048,0.000000,282
7049,107134141412970,13.344417,3.445134,0.613478,9.887511,0.000000,282
7050,107134154757387,13.322293,1.186862,0.483540,12.128514,0.000000,282
7051,107134168079680,13.334467,1.107859,0.478805,12.220589,0.000000,282
7052,107134181414147,13.331750,0.928948,0.472729,12.396210,0.000000,282
7053,107134194745897,13.333443,0.860311,0.499054,12.467012,0.000000,282
7054,107134208079340,13.336768,0.758373,0.504325,12.572829,0.000000,282
7055,107134221416108,13.331403,1.042648,0.340263,12.281651,0.000000,282
7056,107134234747511,13.330520,0.899226,0.552256,12.426027,0.000000,282
7057,107134248078031,13.333824,4.375444,0.483932,8.953349,0.000000,282
7058,107134261411855,13.335948,1.021222,0.379338,12.308990,0.000000,282
7059,107134274747803,13.333280,1.358310,0.466696,11.968704,0.000000,282
7060,107134288081083,13.334187,0.883852,0.499966,12.443636,0.000000,282
7061,107134301415270,13.334502,1.159658,0.492728,12.167781,0.000000,282
7062,107134314749772,13.331010,1.163456,0.437948,12.160662,0.000000,282
7063,107134328080782,13.332310,0.885929,0.435459,12.439702,0.000000,282
7064,107134341413092,13.335082,0.917260,0.579287,12.412525,0.000000,282
7065,107134354748174,13.330761,3.496932,0.482477,9.827375,0.000000,282
7066,107134368078935,13.334521,0.786925,0.485214,12.542590,0.000000,282
7067,107134381413456,13.337852,1.354339,0.509601,11.977614,0.000000,282
7068,107134394751308,13.331332,1.144502,0.341697,12.179082,0.000000,282
7069,107134408082640,13.334212,1.037995,0.345588,12.288637,0.000000,282
7070,107134421416852,13.333308,1.159493,0.334442,12.166261,0.000000,282
7071,107134434750160,13.445583,1.124773,0.346943,12.312601,0.000000,282
7072,107134448195743,13.332789,1.146456,0.527659,12.178307,0.000000,283
7073,107134461528532,13.329257,4.592585,0.489006,8.729869,0.000000,283
7074,107134474857789,13.338567,1.126350,0.571696,12.204975,0.000000,283
7075,107134488196356,13.330265,2.175649,0.465726,11.146502,0.000000,283
7076,107134501526621,13.333542,1.261104,0.483794,12.065514,0.000000,283
7077,107134514860163,13.334660,1.110720,0.509322,12.216347,0.000000,283
7078,107134528194823,13.332259,1.043077,0.498902,12.281996,0.000000,283
7079,107134541527082,13.333153,1.243145,0.484325,12.081969,0.000000,283
7080,107134554860235,13.334829,1.133144,0.634629,12.194685,0.000000,283
7081,107134568195064,13.330707,4.852367,0.458496,8.471606,0.000000,283
7082,107134581525771,13.335981,0.952008,0.493581,12.377368,0.000000,283
7083,107134594861752,13.333656,1.215265,0.502180,12.111577,0.000000,283
7084,107134608195408,13.331723,1.109561,0.495679,12.215061,0.000000,283
7085,107134621527131,13.334486,1.275987,0.498384,12.051462,0.000000,283
7086,107134634861617,13.334652,1.226804,0.383293,12.099809,0.000000,283
7087,107134648196269,13.332240,1.059302,0.300585,12.265024,0.000000,283
7088,107134661528509,13.333922,0.943638,0.362397,12.383863,0.000000,283
7089,107134674862431,13.333427,3.645311,0.318961,9.681163,0.000000,283
7090,107134688195858,13.332043,1.044522,0.302676,12.280065,0.000000,283
7091,107134701527901,13.332788,1.404252,0.468149,11.921524,0.000000,283
7092,107134714860689,13.333381,0.949690,0.491630,12.376509,0.000000,283
7093,107134728194070,13.336110,0.823332,0.465084,12.505421,0.000000,283
7094,107134741530180,13.331562,1.099731,0.479020,12.225189,0.000000,283
7095,107134754861742,13.334264,2.094299,0.427364,11.233376,0.000000,283
7096,107134768196006,13.331525,0.874548,0.339747,12.450589,0.000000,283
7097,107134781527531,13.333562,3.384583,0.335087,9.943128,0.000000,283
7098,107134794861093,13.332265,0.929531,0.335745,12.396443,0.000000,283
7099,107134808193358,13.334782,1.084526,0.341185,12.243797,0.000000,283
7100,107134821528140,13.335599,1.128296,0.352090,12.200028,0.000000,283
7101,107134834863739,13.332728,1.238860,0.348413,12.085796,0.000000,283
7102,107134848196467,13.333887,1.060322,0.352397,12.265266,0.000000,283
7103,107134861530354,13.332305,1.147705,0.411210,12.177112,0.000000,283
7104,107134874862659,13.333337,1.085194,0.420717,12.241216,0.000000,283
7105,107134888195996,13.333512,3.397569,0.499699,9.929324,0.000000,283
7106,107134901529508,13.331047,0.971957,0.500602,12.352916,0.000000,283
7107,107134914860555,13.335937,1.109263,0.481816,12.220860,0.000000,283
7108,107134928196492,13.333264,0.847939,0.462472,12.478460,0.000000,283
7109,107134941529756,13.331561,0.951404,0.330899,12.372904,0.000000,284
7110,107134954861317,13.335698,0.879376,0.480188,12.449450,0.000000,284
7111,107134968197015,13.333715,0.876303,0.517557,12.449207,0.000000,284
7112,107134981530730,13.328584,1.519659,0.512707,11.803304,0.000000,284
7113,107134994859314,13.338018,3.432118,0.532195,9.900242,0.000000,284
7114,107135008197332,13.333954,1.043788,0.494220,12.282788,0.000000,284
7115,107135021531286,13.330360,1.324624,0.460080,11.998538,0.000000,284
7116,107135034861646,13.337325,0.922482,0.491352,12.408605,0.000000,284
7117,107135048198971,13.331651,0.989231,0.464820,12.335172,0.000000,284
7118,107135061530622,13.333079,0.935621,0.457262,12.391580,0.000000,284
7119,107135074863701,13.334368,0.934193,0.487824,12.393651,0.000000,284
7120,107135088198069,13.334028,0.906347,0.367373,12.420101,0.000000,284
7121,107135101532097,13.330433,3.665131,0.348836,9.658305,0.000000,284
7122,107135114862530,13.333981,1.150959,0.361024,12.176395,0.000000,284
7123,107135128196511,13.334695,1.385709,0.493678,11.942702,0.000000,284
7124,107135141531206,13.334923,1.149098,0.560304,12.176917,0.000000,284
7125,107135154866129,13.333214,1.209553,0.465761,12.115098,0.000000,284
7126,107135168199343,13.332319,1.103937,0.494277,12.219871,0.000000,284
7127,107135181531662,13.334540,1.127056,0.492520,12.198543,0.000000,284
7128,107135194866202,13.332481,1.165764,0.482551,12.158144,0.000000,284
7129,107135208198683,13.338951,3.668331,0.468859,9.659247,0.000000,284
7130,107135221537634,13.328739,1.236811,0.468632,12.082342,0.000000,284
7131,107135234866373,13.329341,1.274106,0.477881,12.046930,0.000000,284
7132,107135248195714,13.333506,0.850991,0.505849,12.476671,0.000000,284
7133,107135261529220,13.332821,0.916191,0.487623,12.410600,0.000000,284
7134,107135274862041,13.333263,0.897578,0.480749,12.429786,0.000000,284
7135,107135288195304,13.334238,0.818896,0.476405,12.509148,0.000000,284
7136,107135301529542,13.335343,0.912518,0.521590,12.417201,0.000000,284
7137,107135314864885,13.332987,3.352099,0.488936,9.974912,0.000000,284
7138,107135328197872,13.335013,0.787456,0.477618,12.541541,0.000000,284
7139,107135341532885,13.330268,1.152040,0.449721,12.171057,0.000000,284
7140,107135354863153,13.334838,0.901478,0.330844,12.426067,0.000000,284
7141,107135368197991,13.334063,0.929453,0.324131,12.399100,0.000000,284
7142,107135381532054,13.334866,0.950205,0.361389,12.377976,0.000000,284
7143,107135394866920,13.329848,0.972886,0.312265,12.349767,0.000000,284
7144,107135408196768,13.333503,0.865763,0.404302,12.462390,0.000000,284
7145,107135421530271,13.335250,3.306091,0.412496,10.023135,0.000000,284
7146,107135434865521,13.331687,0.945299,0.416257,12.379725,0.000000,284
7147,107135448197208,13.334081,1.091297,0.414386,12.236934,0.000000,284
7148,107135461531289,13.332830,0.917558,0.542826,12.408357,0.000000,284
7149,107135474864119,13.332475,0.862518,0.407533,12.463321,0.000000,284
7150,107135488196594,13.333875,0.755130,0.403528,12.573573,0.000000,284
7151,107135501530469,13.336327,1.016000,0.451639,12.314097,0.000000,284
7152,107135514866796,13.329974,1.121359,0.343271,12.200982,0.000000,284
7153,107135528196770,13.361459,3.701172,0.407555,9.654131,0.000000,284
7154,107135541558229,13.334921,1.060737,0.404994,12.266907,0.000000,284
7155,107135554893150,13.331048,1.403883,0.406662,11.919337,0.000000,284
7156,107135568224198,13.333813,0.938300,0.396973,12.388451,0.000000,284
7157,107135581558011,13.334942,1.123535,0.403501,12.204614,0.000000,284
7158,107135594892953,13.330430,1.048667,0.416774,12.274789,0.000000,284
7159,107135608223383,13.334973,1.035707,0.336748,12.293413,0.000000,284
7160,107135621558356,13.334783,1.055313,0.360524,12.272610,0.000000,284
7161,107135634893139,13.331652,3.809492,0.411205,9.515733,0.000000,284
7162,107135648224791,13.335022,0.840295,0.474744,12.487603,0.000000,284
7163,107135661559813,13.335021,1.113589,0.498424,12.215275,0.000000,284
7164,107135674894834,13.332114,0.972546,0.488782,12.352638,0.000000,284
7165,107135688226948,13.332267,0.875946,0.453238,12.451102,0.000000,284
7166,107135701559215,13.334395,0.893260,0.473110,12.435614,0.000000,284
7167,107135714893610,13.335609,0.892327,0.498380,12.437222,0.000000,284
7168,107135728229219,13.329641,0.974353,0.489821,12.349562,0.000000,285
7169,107135741558860,13.333545,3.741510,0.466630,9.586204,0.000000,285
7170,107135754892405,13.336557,1.058397,0.526861,12.270512,0.000000,285
7171,107135768228962,13.330329,2.280408,0.461293,11.041275,0.000000,285
7172,107135781559291,13.333318,1.057167,0.471381,12.269360,0.000000,285
7173,107135794892609,13.335288,1.014030,0.489447,12.314556,0.000000,285
7174,107135808227897,13.333452,0.907149,0.477072,12.418683,0.000000,285
7175,107135821561349,13.332810,0.929113,0.515510,12.398026,0.000000,285
7176,107135834894159,13.335156,0.947141,0.443307,12.382110,0.000000,285
7177,107135848229315,13.331550,3.473495,0.398949,9.851519,0.000000,285
7178,107135861560865,13.333960,0.997166,0.396336,12.331107,0.000000,285
7179,107135874894825,13.336513,1.223955,0.402505,12.106070,0.000000,285
7180,107135888231338,13.330723,0.923534,0.317737,12.400639,0.000000,285
7181,107135901562061,13.333167,0.908717,0.458282,12.418784,0.000000,285
7182,107135914895228,13.336297,0.938658,0.484480,12.391266,0.000000,285
7183,107135928231525,13.330533,0.915443,0.469003,12.408094,0.000000,285
7184,107135941562058,13.332037,0.921540,0.393357,12.404864,0.000000,285
7185,107135954894095,13.336138,3.305346,0.341471,10.024454,0.000000,285
7186,107135968230233,13.331269,0.910710,0.330163,12.414709,0.000000,285
7187,107135981561502,13.334215,1.167473,0.463316,12.161065,0.000000,285
7188,107135994895717,13.335967,0.983479,0.421009,12.345622,0.000000,285
7189,107136008231684,13.330474,0.944397,0.318494,12.379339,0.000000,285
7190,107136021562158,13.333609,0.951100,0.316428,12.376678,0.000000,285
7191,107136034895767,13.333127,0.908936,0.486974,12.418164,0.000000,285
7192,107136048228894,13.335145,0.846151,0.497221,12.482631,0.000000,285
7193,107136061564039,13.331743,3.341590,0.472829,9.983044,0.000000,285
7194,107136074895782,13.332875,0.894300,0.470124,12.432783,0.000000,285
7195,107136088228657,13.334969,1.070645,0.482087,12.258395,0.000000,285
7196,107136101563626,13.332864,0.977557,0.365968,12.348606,0.000000,285
7197,107136114896490,13.335003,1.023847,0.341641,12.304507,0.000000,285
7198,107136128231493,13.343916,1.017224,0.456744,12.315205,0.000000,285
7199,107136141575409,13.321952,2.057440,0.531449,11.255460,0.000000,285
7200,107136154897361,13.332933,0.965764,0.471349,12.360674,0.000000,285
7201,107136168230294,13.343604,3.263017,0.532966,10.069258,0.000000,285
7202,107136181573898,13.322282,0.990432,0.355354,12.323631,0.000000,285
7203,107136194896180,13.333802,1.378803,0.349035,11.948059,0.000000,285
7204,107136208229982,13.335490,0.901793,0.355371,12.425350,0.000000,285
7205,107136221565472,13.330975,1.266290,0.422280,12.057818,0.000000,285
7206,107136234896447,13.333395,1.232609,0.429893,12.094761,0.000000,285
7207,107136248229842,13.335267,0.901483,0.393096,12.427073,0.000000,285
7208,107136261565109,13.331747,1.261209,0.389154,12.063988,0.000000,286
7209,107136274896856,13.333190,3.696676,0.452950,9.630952,0.000000,286
7210,107136288230046,13.336293,0.938487,0.352884,12.391019,0.000000,286
7211,107136301566339,13.330419,2.323024,0.421694,11.000241,0.000000,286
7212,107136314896758,13.334517,1.153037,0.384708,12.174629,0.000000,286
7213,107136328231275,13.333636,0.880067,0.487836,12.447153,0.000000,286
7214,107136341564911,13.332713,1.222258,0.361255,12.103270,0.000000,286
7215,107136354897624,13.333098,1.114489,0.363536,12.212439,0.000000,286
7216,107136368230722,13.343134,0.938766,0.447172,12.394623,0.000000,286
7217,107136381573856,13.323124,3.748112,0.545123,9.568450,0.000000,286
7218,107136394896980,13.332990,0.913410,0.449345,12.413777,0.000000,286
7219,107136408229970,13.336113,1.061799,0.441003,12.268640,0.000000,286
7220,107136421566083,13.331441,1.295360,0.330235,12.029100,0.000000,286
7221,107136434897524,13.333328,1.003894,0.362084,12.323165,0.000000,286
7222,107136448230852,13.335612,0.854666,0.411303,12.474717,0.000000,286
7223,107136461566464,13.336782,1.064471,0.370995,12.263699,0.000000,286
7224,107136474903246,13.327476,1.001995,0.391086,12.317953,0.000000,286
7225,107136488230722,13.334600,3.266151,0.494499,10.062705,0.000000,286
7226,107136501565322,13.332928,0.961918,0.488541,12.364406,0.000000,286
7227,107136514898250,13.333807,1.252279,0.477202,12.074515,0.000000,286
7228,107136528232057,13.334893,0.895969,0.660774,12.431753,0.000000,286
7229,107136541566950,13.336259,1.183595,0.735839,12.142763,0.000000,286
7230,107136554903209,13.338396,1.661793,0.710212,11.661732,0.000000,286
7231,107136568241605,13.328028,1.716773,0.648544,11.599701,0.000000,286
7232,107136581569633,13.333350,1.649720,1.729870,11.669892,0.000000,286
7233,107136594902983,13.333888,5.255342,0.671050,8.063368,0.000000,286
7234,107136608236871,13.332252,2.082121,0.683260,11.237710,0.000000,286
7235,107136621569123,13.333658,2.072317,0.648967,11.250004,0.000000,286
7236,107136634902781,13.331781,1.378099,0.613600,11.943387,0.000000,286
7237,107136648234562,13.332834,1.199023,0.573665,12.126284,0.000000,286
7238,107136661567396,13.335968,1.294254,0.699897,12.033202,0.000000,286
7239,107136674903364,13.332720,1.706086,0.566144,11.615140,0.000000,286
7240,107136688236084,13.334895,1.255330,0.672274,12.069011,0.000000,286
7241,107136701570979,13.333343,4.768602,2.117129,8.555090,0.000000,286
7242,107136714904322,13.336201,2.192503,0.636873,11.132016,0.000000,286
7243,107136728240523,13.328075,2.216261,0.543972,11.099305,0.000000,286
7244,107136741568598,13.333212,1.253427,0.584950,12.071338,0.000000,286
7245,107136754901810,13.331600,1.545636,0.582579,11.777299,0.000000,286
7246,107136768233410,13.335263,1.378648,0.532276,11.947349,0.000000,286
7247,107136781568673,13.338578,1.345047,0.599545,11.981564,0.000000,286
7248,107136794907251,13.326641,1.647338,0.583088,11.667908,0.000000,286
7249,107136808233892,13.335384,3.960365,0.614601,9.365719,0.000000,286
7250,107136821569276,13.331302,1.517930,0.480920,11.804478,0.000000,286
7251,107136834900578,13.331531,1.570725,0.495722,11.754179,0.000000,286
7252,107136848232109,13.335156,1.043850,0.512459,12.283278,0.000000,286
7253,107136861567265,13.338142,1.170445,0.455954,12.160537,0.000000,286
7254,107136874905407,13.329535,1.147736,0.390258,12.174798,0.000000,286
7255,107136888234942,13.329257,1.028884,0.437928,12.293091,0.000000,286
7256,107136901564199,13.333229,1.020865,0.465851,12.306806,0.000000,286
7257,107136914897428,13.340119,3.385742,0.449364,9.946617,0.000000,286
7258,107136928237547,13.329231,0.885856,0.354662,12.437142,0.000000,286
7259,107136941566778,13.332657,1.257691,0.318587,12.069254,0.000000,286
7260,107136954899435,13.335321,1.036979,0.471069,12.291551,0.000000,286
7261,107136968234756,13.333193,1.030911,0.458564,12.295193,0.000000,287
7262,107136981567949,13.332183,1.043486,0.433376,12.282647,0.000000,287
7263,107136994900132,13.336442,1.109980,0.458811,12.219066,0.000000,287
7264,107137008236574,13.333011,0.913059,0.479070,12.412859,0.000000,287
7265,107137021569585,13.331442,3.336438,0.428309,9.988845,0.000000,287
7266,107137034901027,13.336319,1.057045,0.430523,12.272424,0.000000,287
7267,107137048237346,13.329298,1.382036,0.423117,11.940507,0.000000,287
7268,107137061566644,13.334131,0.897018,0.345627,12.431357,0.000000,287
7269,107137074900775,13.335164,0.958432,0.478979,12.369995,0.000000,287
7270,107137088235939,13.331036,0.866192,0.471823,12.458411,0.000000,287
7271,107137101566975,13.334040,0.955081,0.325537,12.373498,0.000000,287
7272,107137114901015,13.333996,0.881555,0.347656,12.446177,0.000000,287
7273,107137128235011,13.334031,3.225419,0.483597,10.102917,0.000000,287
7274,107137141569042,13.334465,1.490598,0.353462,11.836273,0.000000,287
7275,107137154903507,13.333076,1.577910,0.476351,11.748547,0.000000,287
7276,107137168236583,13.334094,0.880055,0.420672,12.447318,0.000000,287
7277,107137181570677,13.330721,1.094132,0.314693,12.230140,0.000000,287
7278,107137194901398,13.334358,0.896166,0.319906,12.432756,0.000000,287
7279,107137208235756,13.337873,0.844600,0.348106,12.485122,0.000000,287
7280,107137221573629,13.328950,1.062072,0.340505,12.259835,0.000000,287
7281,107137234902579,13.332149,3.378484,0.309984,9.947912,0.000000,287
7282,107137248234728,13.335130,0.833049,0.473913,12.496173,0.000000,287
7283,107137261569858,13.503716,2.658436,0.458711,10.778159,0.000000,287
7284,107137275073574,13.375015,2.095684,0.466436,11.247456,0.000000,287
7285,107137288448589,13.441879,1.765563,0.564399,11.642613,0.000000,287
7286,107137301890468,13.431031,2.325406,0.452038,11.072791,0.000000,287
7287,107137315321499,13.372322,2.423161,0.446227,10.919570,0.000000,287
7288,107137328693821,13.426280,1.965418,0.474771,11.434298,0.000000,287
7289,107137342120101,13.414057,6.451928,0.524668,6.929653,0.000000,287
7290,107137355534158,13.452566,2.053361,0.462169,11.367409,0.000000,287
7291,107137368986724,13.317461,2.659004,0.504911,10.632095,0.000000,287
7292,107137382304185,13.459371,2.060730,0.393357,11.378110,0.000000,287
7293,107137395763556,13.309988,2.168872,0.476288,11.117792,0.000000,287
7294,107137409073544,13.337827,0.889394,0.487126,12.440535,0.000000,287
7295,107137422411371,13.329842,1.137917,0.353115,12.184056,0.000000,287
7296,107137435741213,13.330960,0.926501,0.369486,12.398854,0.000000,287
7297,107137449072173,13.335357,3.277494,0.544957,10.051950,0.000000,287
7298,107137462407530,13.333757,1.120265,0.467651,12.206511,0.000000,287
7299,107137475741287,13.331978,1.470736,0.331067,11.854744,0.000000,288
7300,107137489073265,13.338173,1.034322,0.452418,12.295100,0.000000,288
7301,107137502411438,13.330194,1.096175,0.502144,12.225196,0.000000,288
7302,107137515741632,13.336937,1.269464,0.522712,12.057272,0.000000,288
7303,107137529078569,13.327773,3.667215,0.486790,9.650883,0.000000,288
7304,107137542406342,13.337032,1.091828,0.496006,12.237668,0.000000,288
7305,107137555743374,13.334295,3.866016,0.512111,9.459358,0.000000,288
7306,107137569077669,13.326765,1.081423,0.483283,12.238621,0.000000,288
7307,107137582404434,13.337647,1.266553,0.591691,12.064864,0.000000,288
7308,107137595742081,13.331401,1.117386,0.473445,12.207531,0.000000,288
7309,107137609073482,13.341489,0.790069,0.447493,12.541834,0.000000,288
7310,107137622414971,13.326757,0.910123,0.537546,12.409070,0.000000,288
7311,107137635741728,13.335869,1.108330,0.480654,12.219952,0.000000,288
7312,107137649077597,13.328966,0.951114,0.491970,12.371740,0.000000,288
7313,107137662406563,13.335601,3.336627,0.497383,9.992602,0.000000,288
7314,107137675742164,13.334697,1.051881,0.499956,12.273719,0.000000,288
7315,107137689076861,13.333129,1.139139,0.487745,12.186135,0.000000,288
7316,107137702409990,13.342544,1.116789,0.588293,12.215454,0.000000,288
7317,107137715752534,13.324056,1.218978,0.472247,12.097447,0.000000,288
7318,107137729076590,13.331394,0.879344,0.438312,12.445790,0.000000,288
7319,107137742407984,13.336654,0.946309,0.489126,12.383279,0.000000,288
7320,107137755744638,13.338842,1.114049,0.529982,12.214396,0.000000,288
7321,107137769083480,13.325822,3.316073,0.433355,10.000210,0.000000,288
7322,107137782409302,13.332576,0.934122,0.443979,12.391808,0.000000,288
7323,107137795741878,13.336625,1.174240,0.682281,12.155424,0.000000,288
7324,107137809078503,13.340623,1.273949,0.306800,12.055899,0.000000,288
7325,107137822419126,13.333831,1.528657,0.269265,11.791916,0.000000,288
7326,107137835752957,13.326634,1.095698,0.297589,12.219850,0.000000,288
7327,107137849079591,13.332700,1.135153,0.499054,12.187942,0.000000,288
7328,107137862412291,13.331335,1.805466,0.383980,11.517024,0.000000,288
7329,107137875743626,13.334263,3.452945,0.353637,9.873150,0.000000,288
7330,107137889077889,13.331880,0.967768,0.334684,12.357723,0.000000,288
7331,107137902409769,13.331675,1.171781,0.327104,12.154378,0.000000,288
7332,107137915741444,13.336641,0.946149,0.350298,12.383516,0.000000,288
7333,107137929078085,13.336987,0.927320,0.334519,12.400594,0.000000,288
7334,107137942415072,13.330702,0.982566,0.333798,12.339345,0.000000,288
7335,107137955745774,13.332565,0.990254,0.402437,12.336009,0.000000,288
7336,107137969078339,13.331557,0.840469,0.340572,12.484825,0.000000,288
7337,107137982409896,13.336770,4.445909,0.339814,8.881640,0.000000,288
7338,107137995746666,13.331347,0.966122,0.282695,12.357637,0.000000,288
7339,107138009078013,13.331434,1.189324,0.265607,12.135006,0.000000,288
7340,107138022409447,13.333754,0.946024,0.245536,12.380661,0.000000,288
7341,107138035743201,13.335341,0.967186,0.401723,12.360282,0.000000,288
7342,107138049078542,13.332292,1.005245,0.384003,12.318255,0.000000,288
7343,107138062410834,13.340359,1.030024,0.336578,12.299186,0.000000,288
7344,107138075751193,13.326749,0.882355,0.360944,12.435290,0.000000,288
7345,107138089077942,13.332447,3.245659,0.305519,10.079250,0.000000,288
7346,107138102410389,13.333568,0.929528,0.382325,12.397136,0.000000,288
7347,107138115743957,13.332254,1.360835,0.433987,11.963791,0.000000,288
7348,107138129076211,13.335594,0.969746,0.284094,12.360232,0.000000,288
7349,107138142411805,13.333830,0.854554,0.287848,12.472070,0.000000,288
7350,107138155745635,13.332272,1.088317,0.258569,12.235771,0.000000,288
7351,107138169077907,13.332522,0.760424,0.255319,12.565742,0.000000,288
7352,107138182410429,13.331820,0.813939,0.265533,12.511510,0.000000,288
7353,107138195742249,13.332716,3.258935,0.306183,10.068203,0.000000,288
7354,107138209074965,13.335670,0.731591,0.268517,12.597677,0.000000,288
7355,107138222410635,13.333982,1.246289,0.265347,12.080084,0.000000,288
7356,107138235744617,13.330970,0.806806,0.241751,12.517629,0.000000,288
7357,107138249075587,13.333395,0.698536,0.305064,12.628750,0.000000,289
7358,107138262408982,13.337689,0.897212,0.259235,12.434017,0.000000,289
7359,107138275746671,13.331166,0.809087,0.260972,12.514624,0.000000,289
7360,107138289077837,13.334937,0.697622,0.201868,12.631575,0.000000,289
7361,107138302412774,13.333480,3.231226,0.305905,10.094493,0.000000,289
7362,107138315746254,13.330707,1.023582,1.222631,12.300871,0.000000,289
7363,107138329076961,13.335992,0.992751,0.512410,12.337075,0.000000,289
7364,107138342412953,13.333281,1.021427,0.621590,12.303388,0.000000,289
7365,107138355746234,13.334235,1.004088,0.521632,12.321888,0.000000,289
7366,107138369080469,13.334499,0.927132,0.809767,12.397875,0.000000,289
7367,107138382414968,13.333425,0.966237,0.550617,12.357228,0.000000,289
7368,107138395748393,13.330152,1.028208,0.591444,12.293519,0.000000,289
7369,107138409078545,13.333511,3.215632,0.561056,10.109610,0.000000,289
7370,107138422412056,13.332016,0.827993,0.496030,12.494507,0.000000,289
7371,107138435744072,13.333970,1.066666,0.631908,12.258525,0.000000,289
7372,107138449078042,13.333227,0.817513,0.496660,12.507723,0.000000,289
7373,107138462411269,13.333029,0.853206,0.498657,12.471871,0.000000,289
7374,107138475744298,13.335677,0.906719,0.609013,12.420743,0.000000,289
7375,107138489079975,13.332315,0.902625,1.120516,12.421733,0.000000,289
7376,107138502412290,13.331407,0.909083,0.675472,12.414495,0.000000,289
7377,107138515743697,13.334511,3.295023,0.505733,10.032763,0.000000,289
7378,107138529078208,13.332028,0.839465,0.470595,12.484109,0.000000,289
7379,107138542410236,13.333301,1.080686,0.232567,12.244918,0.000000,289
7380,107138555743537,13.334925,0.871723,0.215560,12.456631,0.000000,289
7381,107138569078462,13.332733,0.799200,0.268940,12.527113,0.000000,289
7382,107138582411195,13.334143,0.986867,0.251867,12.340879,0.000000,289
7383,107138595745338,13.333067,0.831397,0.301200,12.495235,0.000000,289
7384,107138609078405,13.331402,0.797719,0.236129,12.526337,0.000000,289
7385,107138622409807,13.333237,3.106512,0.223340,10.221585,0.000000,289
7386,107138635743044,13.337409,0.791323,0.207526,12.538702,0.000000,289
7387,107138649080453,13.333024,1.124353,0.193704,12.200194,0.000000,289
7388,107138662413477,13.331054,1.014058,0.204507,12.311306,0.000000,289
7389,107138675744531,13.334298,0.810508,0.209617,12.517367,0.000000,289
7390,107138689078829,13.333548,0.844467,0.277638,12.482833,0.000000,289
7391,107138702412377,13.334749,0.919636,0.234881,12.409224,0.000000,289
7392,107138715747126,13.369220,0.818562,0.240832,12.507614,0.000000,289
7393,107138729116346,13.298012,3.273393,0.241890,10.017810,0.000000,289
7394,107138742414358,13.332897,0.965883,0.257484,12.360201,0.000000,289
7395,107138755747255,13.333421,1.210622,0.268712,12.115551,0.000000,289
7396,107138769080676,13.333694,0.936596,0.267310,12.390778,0.000000,289
7397,107138782414370,13.332825,0.869713,0.273976,12.456239,0.000000,289
7398,107138795747195,13.333732,0.919082,0.193521,12.406665,0.000000,289
7399,107138809080927,13.335592,0.796126,0.195658,12.532562,0.000000,289
7400,107138822416519,13.333256,0.949077,0.231115,12.376091,0.000000,289
7401,107138835749775,13.332097,3.464121,0.295612,9.860116,0.000000,289
7402,107138849081872,13.335365,0.823119,0.322488,12.504176,0.000000,289
7403,107138862417237,13.329984,1.278768,0.181832,12.042689,0.000000,289
7404,107138875747221,13.336856,0.780518,0.195215,12.548464,0.000000,289
7405,107138889084077,13.333567,0.910901,0.171031,12.413408,0.000000,289
7406,107138902417644,13.329551,1.020672,0.205356,12.301071,0.000000,289
7407,107138915747195,13.335198,0.916148,0.236873,12.412119,0.000000,289
7408,107138929082393,13.334141,0.826491,0.268111,12.499978,0.000000,289
7409,107138942416534,13.332330,3.355032,0.218648,9.968944,0.000000,289
7410,107138955748864,13.329946,0.871479,0.256223,12.451429,0.000000,289
7411,107138969078810,13.334540,0.976392,0.256574,12.351000,0.000000,289
7412,107138982413350,13.333020,0.961573,0.232076,12.363899,0.000000,289
7413,107138995746370,13.332188,0.775057,0.239928,12.551441,0.000000,289
7414,107139009078558,13.336257,0.641503,0.237666,12.686978,0.000000,289
7415,107139022414815,13.330231,0.858609,0.245232,12.465229,0.000000,289
7416,107139035745046,13.336244,0.803260,0.212337,12.527381,0.000000,289
7417,107139049081290,13.333886,3.239229,0.241262,10.087848,0.000000,289
7418,107139062415176,13.332232,0.830624,0.230046,12.494868,0.000000,289
7419,107139075747408,13.335136,1.078304,0.165724,12.250232,0.000000,289
7420,107139089082544,13.335571,0.812790,0.202383,12.514843,0.000000,289
7421,107139102418115,13.330774,0.852576,0.244516,12.469944,0.000000,289
7422,107139115748889,13.333997,1.053557,0.270917,12.273191,0.000000,289
7423,107139129082886,13.333505,0.807654,0.304147,12.519025,0.000000,289
7424,107139142416391,13.334666,0.974496,0.252712,12.353243,0.000000,289
7425,107139155751057,13.331048,3.436793,0.226102,9.886415,0.000000,289
7426,107139169082105,13.345750,0.729760,0.357769,12.604107,0.000000,289
7427,107139182427855,13.325272,1.339529,0.329728,11.977603,0.000000,289
7428,107139195753127,13.339287,1.898138,0.354564,11.428935,0.000000,289
7429,107139209092414,13.328158,1.650141,0.313258,11.661257,0.000000,289
7430,107139222420572,13.331177,1.314337,0.282683,12.007331,0.000000,289
7431,107139235751749,13.331160,1.160816,0.319438,12.160730,0.000000,289
7432,107139249082909,13.334364,1.011155,0.252758,12.316257,0.000000,289
7433,107139262417273,13.335034,3.899379,0.299743,9.427246,0.000000,289
7434,107139275752307,13.330743,1.107616,0.279413,12.215176,0.000000,289
7435,107139289083050,13.332884,1.294483,0.267310,12.031478,0.000000,289
7436,107139302415934,13.336118,1.473596,0.269383,11.853890,0.000000,289
7437,107139315752052,13.337560,1.459979,0.193790,11.867646,0.000000,289
7438,107139329089612,13.329410,0.878054,0.213207,12.442105,0.000000,289
7439,107139342419022,13.333685,1.460165,0.255416,11.865590,0.000000,290
7440,107139355752707,13.332236,1.613641,0.213356,11.710179,0.000000,290
7441,107139369084943,13.332302,3.581898,0.263538,9.742961,0.000000,290
7442,107139382417245,13.334342,2.025823,0.276408,11.299274,0.000000,290
7443,107139395751587,13.333891,2.278624,0.227545,11.045247,0.000000,290
7444,107139409085478,13.333262,1.158632,0.280038,12.166781,0.000000,290
7445,107139422418740,13.331870,1.503899,0.311169,11.821065,0.000000,290
7446,107139435750610,13.333615,1.634729,0.395951,11.692081,0.000000,290
7447,107139449084225,13.335958,0.821963,0.274090,12.507389,0.000000,290
7448,107139462420183,13.332088,0.888901,0.318065,12.433820,0.000000,290
7449,107139475752271,13.337608,3.628185,0.347686,9.702461,0.000000,290
7450,107139489089879,13.327183,0.900953,0.275553,12.418081,0.000000,290
7451,107139502417062,13.334143,1.287279,0.238926,12.040895,0.000000,290
7452,107139515751205,13.331677,1.353981,0.289763,11.970799,0.000000,290
7453,107139529082882,13.340485,1.723471,0.161411,11.608743,0.000000,290
7454,107139542423367,13.330138,1.429925,0.200713,11.890549,0.000000,290
7455,107139555753505,13.332419,1.161204,0.268177,12.162669,0.000000,290
7456,107139569085924,13.337490,1.082999,0.171249,12.245716,0.000000,290
7457,107139582423414,13.328772,3.794455,0.258170,9.526536,0.000000,290
7458,107139595752186,13.334085,0.857920,0.337810,12.469058,0.000000,290
7459,107139609086271,13.331410,1.091863,0.330641,12.231805,0.000000,290
7460,107139622417681,13.336139,0.942012,0.306194,12.386830,0.000000,290
7461,107139635753820,13.332132,0.865812,0.295441,12.459211,0.000000,290
7462,107139649085952,13.331997,0.780283,0.259265,12.544965,0.000000,290
7463,107139662417949,13.334827,0.823765,0.284779,12.504187,0.000000,290
7464,107139675752776,13.337477,0.932488,0.255276,12.392923,0.000000,290
7465,107139689090253,13.328455,3.080836,0.269141,10.240608,0.000000,290
7466,107139702418708,13.334956,0.782623,0.345958,12.544618,0.000000,290
7467,107139715753664,13.339922,1.221879,0.288542,12.104850,0.000000,290
7468,107139729093586,13.324743,0.749136,0.220020,12.567627,0.000000,290
7469,107139742418329,13.335602,0.834051,0.242021,12.494452,0.000000,290
7470,107139755753931,13.330190,0.839334,0.257079,12.484022,0.000000,290
7471,107139769084121,13.335809,0.740392,0.223136,12.588651,0.000000,290
7472,107139782419930,13.332030,0.889392,0.337935,12.436832,0.000000,290
7473,107139795751960,13.332400,3.399818,0.293219,9.926602,0.000000,290
7474,107139809084360,13.333340,0.740963,0.264959,12.587127,0.000000,290
7475,107139822417700,13.333694,1.078007,0.264902,12.250369,0.000000,290
7476,107139835751394,13.333805,0.813884,0.269324,12.513541,0.000000,290
7477,107139849085199,13.333935,0.766106,0.244844,12.562162,0.000000,290
7478,107139862419134,13.332478,0.901651,0.296452,12.425012,0.000000,290
7479,107139875751612,13.334742,0.840023,0.260419,12.489029,0.000000,291
7480,107139889086354,13.333880,0.810697,0.311930,12.516203,0.000000,291
7481,107139902420234,13.331552,3.292124,1.348706,10.033343,0.000000,291
7482,107139915751786,13.333886,2.944638,0.334708,10.383269,0.000000,291
7483,107139929085672,13.340389,1.152106,0.325452,12.177334,0.000000,291
7484,107139942426061,13.330642,0.854496,0.284265,12.467838,0.000000,291
7485,107139955756703,13.328734,0.824513,0.303030,12.496867,0.000000,291
7486,107139969085437,13.335093,0.739861,0.321857,12.587081,0.000000,291
7487,107139982420530,13.332872,0.978760,0.325487,12.346444,0.000000,291
7488,107139995753402,13.338522,1.105068,0.337028,12.227599,0.000000,291
7489,107140009091924,13.333685,3.787879,0.296061,9.537077,0.000000,291
7490,107140022425609,13.332943,1.054841,0.350033,12.271151,0.000000,291
7491,107140035758552,13.335026,1.453121,0.313795,11.873408,0.000000,291
7492,107140049093578,13.333548,0.960814,0.282608,12.365540,0.000000,291
7493,107140062427126,13.331402,1.012579,0.268568,12.312924,0.000000,291
7494,107140075758528,13.334557,0.920802,0.327203,12.407206,0.000000,291
7495,107140089093085,13.332872,0.960389,0.303349,12.365561,0.000000,291
7496,107140102425957,13.334480,0.950219,0.289876,12.377349,0.000000,291
7497,107140115760437,13.333300,3.697569,0.309924,9.627957,0.000000,291
7498,107140129093737,13.333033,0.947677,0.379153,12.377780,0.000000,291
7499,107140142426770,13.335671,1.567627,0.355298,11.760169,0.000000,291
7500,107140155762441,13.331304,1.120865,0.241086,12.203038,0.000000,291
7501,107140169093745,13.333464,0.975276,0.199353,12.350993,0.000000,291
7502,107140182427209,13.331330,1.013041,0.305438,12.312278,0.000000,291
7503,107140195758539,13.335981,1.125298,0.298022,12.203726,0.000000,291
7504,107140209094520,13.333177,0.883123,0.369458,12.441861,0.000000,291
7505,107140222427697,13.331780,3.973989,0.315978,9.349494,0.000000,291
7506,107140235759477,13.331410,0.982379,0.339557,12.343410,0.000000,291
7507,107140249090887,13.335955,1.164848,0.302136,12.164968,0.000000,291
7508,107140262426842,13.334571,0.919546,0.316846,12.407685,0.000000,291
7509,107140275761413,13.337123,0.805389,0.334577,12.522337,0.000000,291
7510,107140289098536,13.328945,0.788629,0.330857,12.533399,0.000000,291
7511,107140302427481,13.333255,0.884663,0.336786,12.442078,0.000000,291
7512,107140315760736,13.334183,0.885131,0.298100,12.442695,0.000000,291
7513,107140329094919,13.336040,3.200142,0.333546,10.129191,0.000000,291
7514,107140342430959,13.331672,1.064746,0.334554,12.257838,0.000000,291
7515,107140355762631,13.332024,1.438494,0.295920,11.886913,0.000000,291
7516,107140369094655,13.331728,0.717527,0.277218,12.609092,0.000000,291
7517,107140382426383,13.337697,0.779289,0.346796,12.552287,0.000000,291
7518,107140395764080,13.329351,0.853550,0.285600,12.469849,0.000000,291
7519,107140409093431,13.333460,0.649519,0.322683,12.678767,0.000000,291
7520,107140422426891,13.334472,0.794416,0.294432,12.533547,0.000000,291
7521,107140435761363,13.332197,3.156134,0.268325,10.170129,0.000000,291
7522,107140449093560,13.336347,0.648609,0.385194,12.682436,0.000000,291
7523,107140462429907,13.333149,1.733226,0.404428,11.592896,0.000000,291
7524,107140475763056,13.330406,0.973352,0.328256,12.349860,0.000000,291
7525,107140489093462,13.333508,0.681689,0.314376,12.646690,0.000000,292
7526,107140502426970,13.334144,0.750312,0.304739,12.577637,0.000000,292
7527,107140515761114,13.332360,0.755870,0.371737,12.570449,0.000000,292
7528,107140529093474,13.333231,1.326301,0.346284,12.002119,0.000000,292
7529,107140542426705,13.336262,3.388925,0.341985,9.941261,0.000000,292
7530,107140555762967,13.334677,0.790910,0.389038,12.536933,0.000000,292
7531,107140569097644,13.331295,1.022702,0.246049,12.302194,0.000000,292
7532,107140582428939,13.334639,0.924130,0.293383,12.404337,0.000000,292
7533,107140595763578,13.335229,0.810515,0.278615,12.517622,0.000000,292
7534,107140609098807,13.332470,0.716982,0.307305,12.607666,0.000000,292
7535,107140622431277,13.331425,0.830933,0.315896,12.494208,0.000000,292
7536,107140635762702,13.334299,0.757395,0.261824,12.569349,0.000000,292
7537,107140649097001,13.331035,3.249957,0.295460,10.075517,0.000000,292
7538,107140662428036,13.334589,0.760520,0.368227,12.568011,0.000000,292
7539,107140675762625,13.332206,1.141890,0.274638,12.184748,0.000000,292
7540,107140689094831,13.332960,0.707654,0.267991,12.620603,0.000000,292
7541,107140702427791,13.334502,0.796951,0.281121,12.531187,0.000000,292
7542,107140715762293,13.332965,0.730167,0.271175,12.597535,0.000000,292
7543,107140729095258,13.332158,0.643650,0.290425,12.682760,0.000000,292
7544,107140742427416,13.334230,0.719388,0.324615,12.609326,0.000000,292
7545,107140755761646,13.334185,3.295155,0.322172,10.032832,0.000000,292
7546,107140769095831,13.332696,0.691632,0.320270,12.636318,0.000000,292
7547,107140782428527,13.332299,1.065430,0.322871,12.261645,0.000000,292
7548,107140795760826,13.388452,0.777433,0.348466,12.605631,0.000000,292
7549,107140809149278,13.331395,0.765972,0.331431,12.559431,0.000000,292
7550,107140822480673,13.335364,0.834963,0.345277,12.494975,0.000000,292
7551,107140835816037,13.333612,0.799102,0.293336,12.528959,0.000000,292
7552,107140849149649,13.333699,0.771397,0.294009,12.556503,0.000000,292
7553,107140862483348,13.332684,3.280699,0.310777,10.046255,0.000000,292
7554,107140875816032,13.332062,0.778751,0.302704,12.547860,0.000000,292
7555,107140889148094,13.334051,0.935402,0.343090,12.393480,0.000000,292
7556,107140902482145,13.332593,0.896252,0.294132,12.431077,0.000000,292
7557,107140915814738,13.333268,0.739440,0.298444,12.588844,0.000000,292
7558,107140929148006,13.334536,0.762507,0.248841,12.565737,0.000000,292
7559,107140942482542,13.332320,0.839688,0.291301,12.487027,0.000000,292
7560,107140955814862,13.331798,0.834593,0.300714,12.491969,0.000000,292
7561,107140969146660,13.335294,3.167435,0.310338,10.163053,0.000000,292
7562,107140982481954,13.335122,0.871082,0.282439,12.458931,0.000000,292
7563,107140995817076,13.330144,1.173569,0.282343,12.150858,0.000000,292
7564,107141009147220,13.338589,0.686777,0.310575,12.644784,0.000000,292
7565,107141022485809,13.329404,1.022947,0.300135,12.300464,0.000000,292
7566,107141035815213,13.334561,0.774132,0.226105,12.555313,0.000000,292
7567,107141049149774,13.334142,0.705052,0.290974,12.623968,0.000000,292
7568,107141062483916,13.331093,0.799828,0.295832,12.524899,0.000000,292
7569,107141075815009,13.331962,3.326462,0.282666,9.999785,0.000000,292
7570,107141089146971,13.337348,0.564319,0.349153,12.767495,0.000000,292
7571,107141102484319,13.330953,1.229910,0.262740,12.095290,0.000000,292
7572,107141115815272,13.334274,0.898046,0.277009,12.430028,0.000000,292
7573,107141129149546,13.333567,0.728979,0.311999,12.598798,0.000000,292
7574,107141142483113,13.333535,0.813649,0.316537,12.514500,0.000000,292
7575,107141155816648,13.334242,0.806098,0.304178,12.521332,0.000000,292
7576,107141169150890,13.335050,0.725637,0.272174,12.601793,0.000000,292
7577,107141182485940,13.329820,3.315407,0.234562,10.008486,0.000000,293
7578,107141195815760,13.334602,0.743566,0.257655,12.585448,0.000000,293
7579,107141209150362,13.334819,1.218639,0.310154,12.109027,0.000000,293
7580,107141222485181,13.332567,1.507301,1.360473,11.817821,0.000000,293
7581,107141235817748,13.330524,3.948746,0.291500,9.377129,0.000000,293
7582,107141249148272,13.337263,0.807930,0.369649,12.523889,0.000000,293
7583,107141262485535,13.336617,1.054565,0.338427,12.273574,0.000000,293
7584,107141275822152,13.328802,1.083231,0.324968,12.239662,0.000000,293
7585,107141289150954,13.335177,3.581628,0.282787,9.745874,0.000000,293
7586,107141302486131,13.332774,0.827569,0.300246,12.498656,0.000000,293
7587,107141315818905,13.334047,1.112452,0.296753,12.213735,0.000000,293
7588,107141329152952,13.330676,0.820755,0.288659,12.504493,0.000000,293
7589,107141342483628,13.335858,0.782441,0.293806,12.546540,0.000000,293
7590,107141355819486,13.331434,0.834779,0.277530,12.490141,0.000000,293
7591,107141369150920,13.333366,0.729250,0.292261,12.598401,0.000000,293
7592,107141382484286,13.332519,0.824642,0.313276,12.503107,0.000000,293
7593,107141395816805,13.331883,3.357560,0.242807,9.969340,0.000000,293
7594,107141409148688,13.335514,0.593075,0.297667,12.737764,0.000000,293
7595,107141422484202,13.333721,1.091000,0.316556,12.236738,0.000000,293
7596,107141435817923,13.332447,0.877475,0.275703,12.449674,0.000000,293
7597,107141449150370,13.334317,0.699515,0.329224,12.629556,0.000000,293
7598,107141462484687,13.336784,0.874760,0.334906,12.455339,0.000000,293
7599,107141475821471,13.331187,0.935160,0.310599,12.386878,0.000000,293
7600,107141489152658,13.334122,0.764564,0.334172,12.563463,0.000000,293
7601,107141502486780,13.330075,3.351453,0.289166,9.972828,0.000000,293
7602,107141515816855,13.336938,0.751020,0.351414,12.580439,0.000000,293
7603,107141529153793,13.330444,1.140226,0.316510,12.183724,0.000000,293
7604,107141542484237,13.336518,0.972806,0.283172,12.357290,0.000000,293
7605,107141555820755,13.330660,1.000852,0.310649,12.323771,0.000000,293
7606,107141569151415,13.337406,0.765763,0.384484,12.564487,0.000000,293
7607,107141582488821,13.330934,1.049419,0.295025,12.273829,0.000000,293
7608,107141595819755,13.332418,0.928808,0.299648,12.398335,0.000000,293
7609,107141609152173,13.330848,3.207625,0.279160,10.117865,0.000000,293
7610,107141622483021,13.336755,0.769023,0.286460,12.561820,0.000000,293
7611,107141635819776,13.332788,1.148572,0.631941,12.177463,0.000000,294
7612,107141649152564,13.335543,0.891528,0.486571,12.436402,0.000000,294
7613,107141662488107,13.330414,1.082250,0.356312,12.242976,0.000000,294
7614,107141675818521,13.333012,1.900497,0.303306,11.427724,0.000000,294
7615,107141689151533,13.334261,0.729804,0.237329,12.598479,0.000000,294
7616,107141702485794,13.331878,0.908280,0.219976,12.418539,0.000000,294
7617,107141715817672,13.335726,3.441354,0.255391,9.887082,0.000000,294
7618,107141729153398,13.329574,0.725620,0.303504,12.598779,0.000000,294
7619,107141742482972,13.334320,1.149306,0.284904,12.179990,0.000000,294
7620,107141755817292,13.335071,0.907065,0.333042,12.422898,0.000000,294
7621,107141769152363,13.331919,0.681971,0.305025,12.644792,0.000000,294
7622,107141782484282,13.336438,0.866834,0.303834,12.463971,0.000000,294
7623,107141795820720,13.334952,0.865724,0.409700,12.460821,0.000000,294
7624,107141809155672,13.329602,0.859837,0.249257,12.463861,0.000000,294
7625,107141822485274,13.334958,3.321679,0.282511,10.006674,0.000000,294
7626,107141835820232,13.331870,0.808302,0.346076,12.517821,0.000000,294
7627,107141849152102,13.332872,0.985808,0.330442,12.340740,0.000000,294
7628,107141862484974,13.333257,0.827645,0.324926,12.500975,0.000000,294
7629,107141875818231,13.335044,0.733524,0.331946,12.595914,0.000000,294
7630,107141889153275,13.330584,0.701330,0.316802,12.624188,0.000000,294
7631,107141902483859,13.334450,0.810294,0.300256,12.519364,0.000000,294
7632,107141915818309,13.336674,0.724390,0.375682,12.604895,0.000000,294
7633,107141929154983,13.330459,3.217456,0.318110,10.106573,0.000000,294
7634,107141942485442,13.333516,0.804572,0.429872,12.523958,0.000000,294
7635,107141955818958,13.333932,1.112333,0.362696,12.215962,0.000000,294
7636,107141969152890,13.333645,0.727721,0.368731,12.600871,0.000000,294
7637,107141982486535,13.332386,0.882549,0.346902,12.443173,0.000000,294
7638,107141995818921,13.333483,0.761948,0.341083,12.566961,0.000000,294
7639,107142009152404,13.335918,0.618512,0.397783,12.711611,0.000000,294
7640,107142022488322,13.330890,0.839307,0.339991,12.486124,0.000000,294
7641,107142035819212,13.332526,3.281642,0.317479,10.046140,0.000000,294
7642,107142049151738,13.337669,0.639636,0.390940,12.693393,0.000000,294
7643,107142062489407,13.331329,1.298506,0.298603,12.026752,0.000000,294
7644,107142075820736,13.333833,0.925103,0.336845,12.403664,0.000000,294
7645,107142089154569,13.334161,0.851552,0.412619,12.476815,0.000000,294
7646,107142102488730,13.332651,0.957296,0.316942,12.369050,0.000000,294
7647,107142115821381,13.334031,0.778067,0.308132,12.549851,0.000000,294
7648,107142129155412,13.334997,0.797601,0.324132,12.531051,0.000000,294
7649,107142142490409,13.331789,3.864356,0.276362,9.461489,0.000000,294
7650,107142155822198,13.334042,0.998709,0.337167,12.328829,0.000000,294
7651,107142169156240,13.333989,1.325401,0.337966,12.001882,0.000000,294
7652,107142182490229,13.331454,1.117358,0.306406,12.206754,0.000000,294
7653,107142195821683,13.335448,1.024461,0.389124,12.304230,0.000000,294
7654,107142209157131,13.333949,0.995133,0.387711,12.331576,0.000000,294
7655,107142222491080,13.331009,1.231452,0.324045,12.092737,0.000000,294
7656,107142235822089,13.334465,1.058690,0.350907,12.269267,0.000000,294
7657,107142249156554,13.333554,3.718372,0.314265,9.607976,0.000000,294
7658,107142262490108,13.335729,1.016544,0.299953,12.311988,0.000000,294
7659,107142275825837,13.330798,1.449946,0.306846,11.873226,0.000000,294
7660,107142289156635,13.333800,0.959025,0.316201,12.368001,0.000000,294
7661,107142302490435,13.339116,1.071513,0.300334,12.257949,0.000000,294
7662,107142315829551,13.330868,1.138047,0.315914,12.183368,0.000000,294
7663,107142329160419,13.329265,0.930655,0.383420,12.391788,0.000000,294
7664,107142342489684,13.334663,1.226363,0.331915,12.101504,0.000000,294
7665,107142355824347,13.331682,4.029868,0.213217,9.294723,0.000000,294
7666,107142369156029,13.333046,0.863404,0.236042,12.464117,0.000000,294
7667,107142382489075,13.336857,1.441439,0.248322,11.887733,0.000000,294
7668,107142395825932,13.330023,1.316415,0.299086,12.005406,0.000000,294
7669,107142409155955,13.333396,1.143647,0.211078,12.184403,0.000000,294
7670,107142422489351,13.337219,1.013282,0.289722,12.316962,0.000000,294
7671,107142435826570,13.330481,1.072537,0.195243,12.251203,0.000000,294
7672,107142449157051,13.332670,0.726685,0.273396,12.600541,0.000000,294
7673,107142462489721,13.333324,3.472640,0.257735,9.854680,0.000000,295
7674,107142475823045,13.335416,0.835493,0.292654,12.494370,0.000000,295
7675,107142489158461,13.333141,1.225523,0.307731,12.101782,0.000000,295
7676,107142502491602,13.333248,1.256013,0.317461,12.070946,0.000000,295
7677,107142515824850,13.334586,1.383139,0.316291,11.945119,0.000000,295
7678,107142529159436,13.332737,1.123380,0.313049,12.201547,0.000000,295
7679,107142542492173,13.334447,1.320401,0.199968,12.006763,0.000000,295
7680,107142555826620,13.331472,0.905308,0.201665,12.419595,0.000000,295
7681,107142569158092,13.330412,3.213673,0.192870,10.111506,0.000000,295
7682,107142582488504,13.341431,0.787122,0.202408,12.547866,0.000000,295
7683,107142595829935,13.336189,1.182219,0.233091,12.143276,0.000000,295
7684,107142609166124,13.325270,1.035626,0.206423,12.281031,0.000000,295
7685,107142622491394,13.335648,1.011728,0.261933,12.317281,0.000000,295
7686,107142635827042,13.343484,1.133403,0.286715,12.198162,0.000000,295
7687,107142649170526,13.322279,1.067524,0.253870,12.244589,0.000000,295
7688,107142662492805,13.334492,1.266415,0.247966,12.061675,0.000000,295
7689,107142675827297,13.330233,4.034496,0.237040,9.288886,0.000000,295
7690,107142689157530,13.336319,0.900269,0.327385,12.430242,0.000000,295
7691,107142702493849,13.331003,1.778475,0.232916,11.545807,0.000000,295
7692,107142715824852,13.336057,1.011366,0.232152,12.318345,0.000000,295
7693,107142729160909,13.333600,0.959804,0.197612,12.366725,0.000000,295
7694,107142742494509,13.333508,0.932418,0.190039,12.393521,0.000000,295
7695,107142755828017,13.334908,0.865933,0.265450,12.462098,0.000000,295
7696,107142769162925,13.330490,0.910553,0.229280,12.413228,0.000000,295
7697,107142782493415,13.334532,3.334446,0.229282,9.994001,0.000000,295
7698,107142795827947,13.332834,0.937068,0.234253,12.388415,0.000000,295
7699,107142809160781,13.334432,1.241810,0.244859,12.084261,0.000000,295
7700,107142822495213,13.332603,1.103045,0.228430,12.221857,0.000000,295
7701,107142835827816,13.332932,0.984588,0.220909,12.340760,0.000000,295
7702,107142849160748,13.335438,0.887364,0.252366,12.441176,0.000000,295
7703,107142862496186,13.333146,1.149806,0.230535,12.175137,0.000000,295
7704,107142875829332,13.332737,1.104017,0.224598,12.221350,0.000000,295
7705,107142889162069,13.333544,3.517994,0.224088,9.808238,0.000000,295
7706,107142902495613,13.335067,1.014813,0.231443,12.312271,0.000000,295
7707,107142915830680,13.331680,1.335916,0.221967,11.988514,0.000000,295
7708,107142929162360,13.335209,0.923677,0.218049,12.403892,0.000000,295
7709,107142942497569,13.328873,1.032595,0.195443,12.288999,0.000000,295
7710,107142955826442,13.334206,0.971474,0.204121,12.356665,0.000000,295
7711,107142969160648,13.336423,0.881175,0.222992,12.446869,0.000000,295
7712,107142982497071,13.330948,1.002484,0.235536,12.320562,0.000000,295
7713,107142995828019,13.332783,3.782381,0.212866,9.543578,0.000000,295
7714,107143009160802,13.342192,0.874848,0.246093,12.457566,0.000000,295
7715,107143022502994,13.324387,1.502535,0.223118,11.811815,0.000000,295
7716,107143035827381,13.339289,1.107224,0.263849,12.224440,0.000000,295
7717,107143049166670,13.332107,1.054268,0.260767,12.267709,0.000000,295
7718,107143062498777,13.330707,1.177313,0.260825,12.144860,0.000000,295
7719,107143075829484,13.333940,1.100933,0.279522,12.226076,0.000000,295
7720,107143089163424,13.335593,1.075341,0.267113,12.251782,0.000000,295
7721,107143102499017,13.330369,3.914673,0.259236,9.407415,0.000000,295
7722,107143115829386,13.334061,1.073834,0.248900,12.253501,0.000000,295
7723,107143129163447,13.333430,1.314454,0.249175,12.011089,0.000000,295
7724,107143142496877,13.334968,1.171970,0.236677,12.154776,0.000000,295
7725,107143155831845,13.332233,1.022479,0.244376,12.301392,0.000000,295
7726,107143169164078,13.333711,0.941579,0.236081,12.384750,0.000000,295
7727,107143182497789,13.333255,1.061765,0.245452,12.263392,0.000000,295
7728,107143195831044,13.332524,0.898981,0.466912,12.426136,0.000000,295
7729,107143209163568,13.330977,3.612132,0.208816,9.712435,0.000000,295
7730,107143222494545,13.338342,0.887796,0.288444,12.444752,0.000000,295
7731,107143235832887,13.331541,1.965620,0.283006,11.357993,0.000000,295
7732,107143249164428,13.334659,0.938098,0.236829,12.388777,0.000000,295
7733,107143262499087,13.334282,1.056155,0.238947,12.269239,0.000000,296
7734,107143275833369,13.330007,1.018527,0.214408,12.303709,0.000000,296
7735,107143289163376,13.334811,0.890619,0.257568,12.436089,0.000000,296
7736,107143302498187,13.334832,0.936623,0.280440,12.390571,0.000000,296
7737,107143315833019,13.327622,3.467964,0.180262,9.852639,0.000000,296
7738,107143329160641,13.337350,0.707364,0.222251,12.624729,0.000000,296
7739,107143342497991,13.334973,1.225299,0.270691,12.102319,0.000000,296
7740,107143355832964,13.330249,1.155437,0.212744,12.167139,0.000000,296
7741,107143369163213,13.336522,0.882560,0.222310,12.447121,0.000000,296
7742,107143382499735,13.333794,0.960909,0.314775,12.365560,0.000000,296
7743,107143395833529,13.329524,1.014950,0.208504,12.307713,0.000000,296
7744,107143409163053,13.333311,0.852179,0.300320,12.475729,0.000000,296
7745,107143422496364,13.335643,4.044908,0.216716,9.283900,0.000000,296
7746,107143435832007,13.333857,0.964669,0.190062,12.362230,0.000000,296
7747,107143449165864,13.332849,1.211761,0.232065,12.113497,0.000000,296
7748,107143462498713,13.331931,0.988614,0.220753,12.335991,0.000000,296
7749,107143475830644,13.334997,0.996922,0.234235,12.331458,0.000000,296
7750,107143489165641,13.331538,0.941379,0.234908,12.383504,0.000000,296
7751,107143502497179,13.336645,0.993592,0.276236,12.336161,0.000000,296
7752,107143515833824,13.331266,1.152586,0.236628,12.171359,0.000000,296
7753,107143529165090,13.330650,3.707599,0.235371,9.617658,0.000000,296
7754,107143542495740,13.335684,0.890802,0.231274,12.439483,0.000000,296
7755,107143555831424,13.335991,1.183199,0.261366,12.146039,0.000000,296
7756,107143569167415,13.331145,1.033234,0.214998,12.290896,0.000000,296
7757,107143582498560,13.333391,0.937690,0.244138,12.388235,0.000000,296
7758,107143595831951,13.332995,0.873871,0.235263,12.453207,0.000000,296
7759,107143609164946,13.333736,0.869878,0.228865,12.457131,0.000000,296
7760,107143622498682,13.333513,0.901942,0.245199,12.425617,0.000000,296
7761,107143635832195,13.332834,3.596084,0.223916,9.730934,0.000000,296
7762,107143649165029,13.333606,0.868506,0.226195,12.458630,0.000000,296
7763,107143662498635,13.332466,1.346896,0.215823,11.979784,0.000000,296
7764,107143675831101,13.337634,0.982082,0.252829,12.348584,0.000000,296
7765,107143689168735,13.330265,1.066073,0.234824,12.256100,0.000000,296
7766,107143702499000,13.330647,1.153701,0.217448,12.171064,0.000000,296
7767,107143715829647,13.337923,0.936806,0.255110,12.394873,0.000000,296
7768,107143729167570,13.331007,0.933863,0.258832,12.390186,0.000000,296
7769,107143742498577,13.331086,3.703961,0.219912,9.621154,0.000000,296
7770,107143755829663,13.338881,0.906145,0.233977,12.426367,0.000000,296
7771,107143769168544,13.330630,1.221353,0.218421,12.101538,0.000000,296
7772,107143782499174,13.333637,0.987061,0.215139,12.339944,0.000000,296
7773,107143795832811,13.335995,0.932818,0.234374,12.396002,0.000000,296
7774,107143809168806,13.330581,0.946317,0.212014,12.377984,0.000000,296
7775,107143822499387,13.332307,0.972337,0.200856,12.353684,0.000000,296
7776,107143835831694,13.335191,0.909473,0.232039,12.419720,0.000000,296
7777,107143849166885,13.333477,3.798512,0.219616,9.528090,0.000000,296
7778,107143862500362,13.333260,0.959082,0.225794,12.368054,0.000000,296
7779,107143875833622,13.353918,1.255115,0.226035,12.091816,0.000000,296
7780,107143889187540,13.343350,0.953680,0.218295,12.382279,0.000000,296
7781,107143902530890,13.331329,0.986574,0.215856,12.337021,0.000000,296
7782,107143915862219,13.334110,0.926827,0.234817,12.400059,0.000000,296
7783,107143929196329,13.334808,0.866711,0.225473,12.460110,0.000000,296
7784,107143942531137,13.331825,0.977193,0.253100,12.347695,0.000000,296
7785,107143955862962,13.332609,3.842113,0.225785,9.484450,0.000000,296
7786,107143969195571,13.335497,0.875496,0.241236,12.453309,0.000000,296
7787,107143982531068,13.332798,1.291644,0.219743,12.033769,0.000000,296
7788,107143995863866,13.331386,0.975316,0.218541,12.350551,0.000000,296
7789,107144009195252,13.337686,0.830506,0.256554,12.499590,0.000000,296
7790,107144022532938,13.328703,1.045433,0.223956,12.274777,0.000000,296
7791,107144035861641,13.334453,1.047769,0.217730,12.280384,0.000000,297
7792,107144049196094,13.335102,0.819688,0.251946,12.508470,0.000000,297
7793,107144062531196,13.329596,3.868909,0.187687,9.454004,0.000000,297
7794,107144075860792,13.336261,0.868488,0.201488,12.462456,0.000000,297
7795,107144089197053,13.333849,1.144833,0.206369,12.182230,0.000000,297
7796,107144102530902,13.334711,0.927457,0.188283,12.400605,0.000000,297
7797,107144115865613,13.330048,0.847882,0.198031,12.476823,0.000000,297
7798,107144129195661,13.333902,0.682956,0.211890,12.645734,0.000000,297
7799,107144142529563,13.336483,0.782258,0.238283,12.547906,0.000000,297
7800,107144155866046,13.330686,0.857095,0.229217,12.467309,0.000000,297
7801,107144169196732,13.336980,3.173571,0.250241,10.156172,0.000000,297
7802,107144182533712,13.330990,1.000490,0.283367,12.322834,0.000000,297
7803,107144195864702,13.332905,1.281297,0.244711,12.046771,0.000000,297
7804,107144209197607,13.337117,0.874855,0.324418,12.455596,0.000000,297
7805,107144222534724,13.332811,1.121304,0.234493,12.204988,0.000000,297
7806,107144235867535,13.341262,1.084963,0.260638,12.238867,0.000000,297
7807,107144249208797,13.323809,0.769682,0.254308,12.547451,0.000000,297
7808,107144262532606,13.331407,0.855465,0.230453,12.469364,0.000000,297
7809,107144275864013,13.332301,3.324640,0.190437,10.002799,0.000000,297
7810,107144289196314,13.336399,0.573955,0.292708,12.756744,0.000000,297
7811,107144302532713,13.333533,1.073597,0.251567,12.253681,0.000000,297
7812,107144315866246,13.333488,1.036078,0.241327,12.291867,0.000000,297
7813,107144329199734,13.333625,0.848009,0.234859,12.479131,0.000000,297
7814,107144342533359,13.335370,0.904675,0.278253,12.423767,0.000000,297
7815,107144355868729,13.329741,0.924561,0.284634,12.399068,0.000000,297
7816,107144369198470,13.332693,0.838702,0.282895,12.489502,0.000000,297
7817,107144382531163,13.336237,3.475789,0.362419,9.854812,0.000000,297
7818,107144395867400,13.332081,1.118722,0.319361,12.206891,0.000000,297
7819,107144409199481,13.333589,1.167073,0.319265,12.161101,0.000000,297
7820,107144422533070,13.336230,0.864923,0.369892,12.465093,0.000000,297
7821,107144435869300,13.331494,1.060369,0.334134,12.264327,0.000000,297
7822,107144449200794,13.332065,0.751117,0.218942,12.575192,0.000000,297
7823,107144462532859,13.333881,0.796117,0.303188,12.532380,0.000000,297
7824,107144475866740,13.334630,0.962856,0.245863,12.364566,0.000000,297
7825,107144489201370,13.330983,3.383752,0.236553,9.941182,0.000000,297
7826,107144502532353,13.338468,0.922768,0.297643,12.409304,0.000000,297
7827,107144515870821,13.329065,1.255242,0.386358,12.065719,0.000000,297
7828,107144529199886,13.332651,1.010521,0.215077,12.316924,0.000000,297
7829,107144542532537,13.420651,0.880663,0.347108,12.532693,0.000000,297
7830,107144555953188,13.330809,1.262353,0.226639,12.060335,0.000000,297
7831,107144569283997,13.333405,0.858159,0.247054,12.469236,0.000000,297
7832,107144582617402,13.334369,0.963083,0.250009,12.365116,0.000000,297
7833,107144595951771,13.331551,3.498208,0.398167,9.826374,0.000000,297
7834,107144609283322,13.332251,0.831348,0.389304,12.495619,0.000000,297
7835,107144622615573,13.334410,1.060416,0.318140,12.268522,0.000000,297
7836,107144635949983,13.334282,0.950230,0.410283,12.377415,0.000000,297
7837,107144649284265,13.331383,0.699435,0.256204,12.626139,0.000000,297
7838,107144662615648,13.336388,1.042456,0.424954,12.289322,0.000000,297
7839,107144675952036,13.334274,0.831808,0.474036,12.495845,0.000000,297
7840,107144689286310,13.330870,0.825915,0.257252,12.499923,0.000000,297
7841,107144702617180,13.332051,3.455120,0.466468,9.872068,0.000000,297
7842,107144715949231,13.338447,0.779386,0.324566,12.553455,0.000000,297
7843,107144729287678,13.329398,1.220063,0.310939,12.101709,0.000000,297
7844,107144742617076,13.333840,0.893874,0.293022,12.432804,0.000000,297
7845,107144755950916,13.333748,0.715426,0.327290,12.612496,0.000000,297
7846,107144769284664,13.330756,0.661903,0.297212,12.663126,0.000000,297
7847,107144782615420,13.334075,0.668070,0.300017,12.661351,0.000000,297
7848,107144795949495,13.337187,0.751361,0.331753,12.580432,0.000000,298
7849,107144809286682,13.329315,3.592817,0.283609,9.729911,0.000000,298
7850,107144822615997,13.336275,0.784678,0.327606,12.545868,0.000000,298
7851,107144835952272,13.334709,1.110062,0.336088,12.217454,0.000000,298
7852,107144849286981,13.330705,0.772396,0.413658,12.552261,0.000000,298
7853,107144862617686,13.334215,0.724073,0.395824,12.603705,0.000000,298
7854,107144875951901,13.334802,0.715896,0.318459,12.612661,0.000000,298
7855,107144889286703,13.331438,0.672110,0.326093,12.652690,0.000000,298
7856,107144902618141,13.334369,0.763093,0.351916,12.565946,0.000000,298
7857,107144915952510,13.332381,3.908942,0.299047,9.416243,0.000000,298
7858,107144929284891,13.334473,0.820448,0.300392,12.508888,0.000000,298
7859,107144942619364,13.331852,0.951543,0.291475,12.374846,0.000000,298
7860,107144955951216,13.335399,0.730439,0.306548,12.598654,0.000000,298
7861,107144969286615,13.331805,0.671085,0.409796,12.654178,0.000000,298
7862,107144982618420,13.332704,0.721703,0.297344,12.606168,0.000000,298
7863,107144995951124,13.335380,0.777993,0.303493,12.551738,0.000000,298
7864,107145009286504,13.335560,0.801108,0.322990,12.527571,0.000000,298
7865,107145022622064,13.328765,3.775523,0.284306,9.546732,0.000000,298
7866,107145035950829,13.335791,0.758971,0.291062,12.571801,0.000000,298
7867,107145049286620,13.335692,0.938993,0.319192,12.391072,0.000000,298
7868,107145062622312,13.331150,0.827241,0.312633,12.498166,0.000000,298
7869,107145075953462,13.333046,0.930227,0.312870,12.397295,0.000000,298
7870,107145089286508,13.334417,0.824504,0.435042,12.504306,0.000000,298
7871,107145102620925,13.332493,0.930260,0.325012,12.395195,0.000000,298
7872,107145115953418,13.332956,0.992130,0.343257,12.334501,0.000000,298
7873,107145129286374,13.333720,3.642823,0.426997,9.684292,0.000000,298
7874,107145142620094,13.334157,0.911623,0.344391,12.416068,0.000000,298
7875,107145155954251,13.332570,1.244742,0.322228,12.080413,0.000000,298
7876,107145169286821,13.333586,0.906286,0.316825,12.420452,0.000000,298
7877,107145182620407,13.332919,0.929427,0.322731,12.396764,0.000000,298
7878,107145195953326,13.334008,0.737851,0.327576,12.590464,0.000000,298
7879,107145209287334,13.336187,0.766851,0.317694,12.562895,0.000000,298
7880,107145222623521,13.329958,0.902079,0.335175,12.420816,0.000000,298
7881,107145235953479,13.332760,3.741213,0.279506,9.586399,0.000000,298
7882,107145249286239,13.336776,0.731861,0.315790,12.599045,0.000000,298
7883,107145262623015,13.330785,1.262449,0.347150,12.061336,0.000000,298
7884,107145275953800,13.331767,0.904559,1.303459,12.421026,0.000000,298
7885,107145289285567,13.336124,0.713395,0.329043,12.616825,0.000000,298
7886,107145302621691,13.332345,0.891498,0.304555,12.433909,0.000000,298
7887,107145315954036,13.333681,0.842877,0.315696,12.484160,0.000000,298
7888,107145329287717,13.332906,0.761113,0.334340,12.565819,0.000000,298
7889,107145342620623,13.335691,3.672964,0.323085,9.655837,0.000000,298
7890,107145355956314,13.332412,0.722728,0.318203,12.602958,0.000000,298
7891,107145369288726,13.332026,0.883774,0.301472,12.442975,0.000000,298
7892,107145382620752,13.336315,0.716019,0.322797,12.614060,0.000000,298
7893,107145395957067,13.329702,0.766466,0.305761,12.557103,0.000000,298
7894,107145409286769,13.333588,0.606908,0.297827,12.722486,0.000000,298
7895,107145422620357,13.337261,0.678113,0.320291,12.653720,0.000000,298
7896,107145435957618,13.329797,0.853544,0.390362,12.469314,0.000000,298
7897,107145449287415,13.335901,3.804165,0.326572,9.526026,0.000000,298
7898,107145462623316,13.335149,0.826909,0.332818,12.502759,0.000000,298
7899,107145475958465,13.331410,1.304319,0.323615,12.019452,0.000000,298
7900,107145489289875,13.334053,0.840148,0.311013,12.487208,0.000000,298
7901,107145502623928,13.334968,0.912488,0.316578,12.415150,0.000000,298
7902,107145515958896,13.331158,0.854981,0.314663,12.469028,0.000000,298
7903,107145529290054,13.332078,0.689397,0.297612,12.636977,0.000000,298
7904,107145542622132,13.335703,0.702573,0.392284,12.626739,0.000000,298
7905,107145555957835,13.331154,3.410304,0.245302,9.914984,0.000000,298
7906,107145569288989,13.333780,0.604660,0.264989,12.723743,0.000000,298
7907,107145582622769,13.334546,0.941133,0.256918,12.387581,0.000000,299
7908,107145595957315,13.332206,0.800436,0.243479,12.525830,0.000000,299
7909,107145609289521,13.333027,0.635961,0.289609,12.691804,0.000000,299
7910,107145622622548,13.336569,1.545455,0.267486,11.784970,0.000000,299
7911,107145635959117,13.331704,0.917885,0.272647,12.406472,0.000000,299
7912,107145649290821,13.332318,0.849062,0.282550,12.476260,0.000000,299
7913,107145662623139,13.333153,3.245707,0.285969,10.082165,0.000000,299
7914,107145675956292,13.336305,0.891340,0.278337,12.439335,0.000000,299
7915,107145689292597,13.331969,1.169870,0.261631,12.154932,0.000000,299
7916,107145702624566,13.333342,0.894364,0.239671,12.433176,0.000000,299
7917,107145715957908,13.335393,0.765509,0.311761,12.564031,0.000000,299
7918,107145729293301,13.330803,0.773904,0.298960,12.550197,0.000000,299
7919,107145742624104,13.333462,0.795577,0.284709,12.532454,0.000000,299
7920,107145755957566,13.336111,0.756642,0.288428,12.573640,0.000000,299
7921,107145769293677,13.330655,3.192121,0.243019,10.132122,0.000000,299
7922,107145782624332,13.333675,0.764585,0.263896,12.563711,0.000000,299
7923,107145795958007,13.336448,1.255715,0.330000,12.073942,0.000000,299
7924,107145809294455,13.330142,1.006728,0.272490,12.316603,0.000000,299
7925,107145822624597,13.333741,0.964739,0.274889,12.362286,0.000000,299
7926,107145835958338,13.335171,0.936602,0.279956,12.391260,0.000000,299
7927,107145849293509,13.332206,0.910077,0.280232,12.415128,0.000000,299
7928,107145862625715,13.332801,0.966632,0.287543,12.360072,0.000000,299
7929,107145875958516,13.335395,3.505591,0.264782,9.823928,0.000000,299
7930,107145889293911,13.331330,0.774723,0.274296,12.550543,0.000000,299
7931,107145902625241,13.332738,1.036745,0.260645,12.291132,0.000000,299
7932,107145915957979,13.336960,0.782774,0.287030,12.548009,0.000000,299
7933,107145929294939,13.330064,0.884370,0.338269,12.439400,0.000000,299
7934,107145942625003,13.335106,0.907963,0.264096,12.421217,0.000000,299
7935,107145955960109,13.334437,0.934601,0.298172,12.392362,0.000000,299
7936,107145969294546,13.331252,0.904100,0.297329,12.420199,0.000000,299
7937,107145982625798,13.332732,3.232016,0.263699,10.094771,0.000000,299
7938,107145995958530,13.336303,0.818213,0.273872,12.511773,0.000000,299
7939,107146009294833,13.331337,1.209780,0.279158,12.114315,0.000000,299
7940,107146022626170,13.334126,0.878679,0.257571,12.448497,0.000000,299
7941,107146035960296,13.332803,0.899917,0.273367,12.427587,0.000000,299
7942,107146049293099,13.334910,0.817329,0.266497,12.510950,0.000000,299
7943,107146062628009,13.332239,0.912948,0.261004,12.412188,0.000000,299
7944,107146075960248,13.334481,0.756305,0.316215,12.571726,0.000000,299
7945,107146089294729,13.335928,3.178432,0.302145,10.150772,0.000000,299
7946,107146102630657,13.329630,0.871540,0.319197,12.452029,0.000000,299
7947,107146115960287,13.334584,1.032424,0.322594,12.296445,0.000000,299
7948,107146129294871,13.334785,0.785729,0.328148,12.542531,0.000000,299
7949,107146142629656,13.336173,0.837872,0.342726,12.490617,0.000000,299
7950,107146155965829,13.328606,0.897516,0.332306,12.423642,0.000000,299
7951,107146169294435,13.334320,0.873319,0.313107,12.455013,0.000000,299
7952,107146182628755,13.332536,0.991584,0.346478,12.334288,0.000000,299
7953,107146195961291,13.331862,3.852214,0.310393,9.473532,0.000000,299
7954,107146209293153,13.336434,0.838867,0.326932,12.491213,0.000000,299
7955,107146222629587,13.331644,1.326144,0.310272,11.998145,0.000000,299
7956,107146235961231,13.332143,0.813982,0.286486,12.511814,0.000000,299
7957,107146249293374,13.333389,0.622295,0.293100,12.705649,0.000000,299
7958,107146262626763,13.331435,0.745433,0.278956,12.580700,0.000000,299
7959,107146275958198,13.339934,0.688876,0.275230,12.645141,0.000000,299
7960,107146289298132,13.332495,0.864926,0.261314,12.459703,0.000000,299
7961,107146302630627,13.329424,3.743957,0.209735,9.579699,0.000000,299
7962,107146315960051,13.334556,0.764366,0.188507,12.564761,0.000000,299
7963,107146329294607,13.333576,0.903054,0.186772,12.425386,0.000000,299
7964,107146342628183,13.331022,0.784043,0.258572,12.541121,0.000000,299
7965,107146355959205,13.335349,0.704525,0.309006,12.625355,0.000000,299
7966,107146369294554,13.331900,0.656040,0.266083,12.669701,0.000000,299
7967,107146382626454,13.336490,0.733204,0.319914,12.597121,0.000000,299
7968,107146395962944,13.331826,0.835636,0.296993,12.488441,0.000000,299
7969,107146409294770,13.335382,3.118894,0.315364,10.210841,0.000000,299
7970,107146422630152,13.332781,0.835157,0.243432,12.491715,0.000000,299
7971,107146435962933,13.334441,1.167481,0.232125,12.160593,0.000000,300
7972,107146449297374,13.334377,0.929699,0.224475,12.396520,0.000000,300
7973,107146462631751,13.332928,1.028886,0.233552,12.295138,0.000000,300
7974,107146475964679,13.331866,0.880904,0.235178,12.443575,0.000000,300
7975,107146489296545,13.331598,0.771292,0.236855,12.553251,0.000000,300
7976,107146502628143,13.332899,0.801585,0.247293,12.525235,0.000000,300
7977,107146515961042,13.337264,3.332948,0.233398,9.997989,0.000000,300
7978,107146529298306,13.332612,0.862749,0.227863,12.462500,0.000000,300
7979,107146542630918,13.331989,1.207921,0.224757,12.115141,0.000000,300
7980,107146555962907,13.335519,0.794506,0.232337,12.535236,0.000000,300
7981,107146569298426,13.328894,0.751770,0.211903,12.570811,0.000000,300
7982,107146582627320,13.335206,0.709863,0.222017,12.620177,0.000000,300
7983,107146595962526,13.334826,0.772767,0.238416,12.556319,0.000000,300
7984,107146609297352,13.330151,0.878406,0.245783,12.443828,0.000000,300
7985,107146622627503,13.336570,3.629990,0.238633,9.700571,0.000000,300
7986,107146635964073,13.334318,0.963726,0.240129,12.362774,0.000000,300
7987,107146649298391,13.331803,1.225279,0.221236,12.098575,0.000000,300
7988,107146662630194,13.336029,0.876831,0.191962,12.451280,0.000000,300
7989,107146675966223,13.332616,0.853442,0.243925,12.472179,0.000000,300
7990,107146689298839,13.330693,0.775641,0.182478,12.548669,0.000000,300
7991,107146702629532,13.336479,0.796718,0.186535,12.534132,0.000000,300
7992,107146715966011,13.332354,0.827107,0.217399,12.499227,0.000000,300
7993,107146729298365,13.333029,3.173917,0.165281,10.153115,0.000000,300
7994,107146742631394,13.335137,0.828158,0.190940,12.500241,0.000000,300
7995,107146755966531,13.333643,1.212106,0.224813,12.114334,0.000000,300
7996,107146769300174,13.332308,0.799038,0.195123,12.525883,0.000000,300
7997,107146782632482,13.333525,0.844334,0.200009,12.482459,0.000000,300
7998,107146795966007,13.335976,0.888420,0.198343,12.439390,0.000000,300
7999,107146809301983,13.331787,0.789985,0.206959,12.533845,0.000000,300
8000,107146822633770,13.332407,0.904251,0.218095,12.421066,0.000000,300
8001,107146835966177,13.332533,3.270815,0.195103,10.054961,0.000000,300
8002,107146849298710,13.334840,0.782268,0.207342,12.545903,0.000000,300
8003,107146862633550,13.333344,1.116744,0.196653,12.208748,0.000000,300
8004,107146875966894,13.333723,0.908896,0.195553,12.417413,0.000000,300
8005,107146889300617,13.332367,0.799416,0.193483,12.525610,0.000000,300
8006,107146902632984,13.333065,0.847769,0.172173,12.478595,0.000000,300
8007,107146915966049,13.335705,0.827659,0.227159,12.500764,0.000000,300
8008,107146929301754,13.332230,0.809202,0.215403,12.515658,0.000000,300
8009,107146942633984,13.332549,3.267159,0.187004,10.058731,0.000000,300
8010,107146955966533,13.334617,0.813020,0.208319,12.515563,0.000000,300
8011,107146969301150,13.331679,1.048453,0.276060,12.276075,0.000000,300
8012,107146982632829,13.328561,1.005857,0.179994,12.316681,0.000000,300
8013,107146995961390,13.338346,0.603981,0.224005,12.728181,0.000000,300
8014,107147009299736,13.331829,0.736184,0.214297,12.585198,0.000000,300
8015,107147022631565,13.329179,0.909843,0.280457,12.413834,0.000000,300
8016,107147035960744,13.338810,0.837707,0.347828,12.496302,0.000000,300
8017,107147049299554,13.331574,3.096298,0.298744,10.229711,0.000000,300
8018,107147062631128,13.330528,0.802973,0.293862,12.522166,0.000000,300
8019,107147075961656,13.338320,0.924186,0.310143,12.408481,0.000000,300
8020,107147089299976,13.334325,0.751046,0.313196,12.576543,0.000000,300
8021,107147102634301,13.332933,0.830069,0.237402,12.495630,0.000000,300
8022,107147115967234,13.332737,0.838089,0.256821,12.488429,0.000000,300
8023,107147129299971,13.333956,0.762132,0.387426,12.564539,0.000000,300
8024,107147142633927,13.334623,0.844474,0.439195,12.483645,0.000000,300
8025,107147155968550,13.333211,3.287120,0.403085,10.038924,0.000000,300
8026,107147169301761,13.333067,0.975608,0.238272,12.350753,0.000000,300
8027,107147182634828,13.332734,1.104725,0.248580,12.220780,0.000000,300
8028,107147195967562,13.332807,0.847108,0.289128,12.478895,0.000000,300
8029,107147209300369,13.332609,0.772274,0.349123,12.554003,0.000000,300
8030,107147222632978,13.334091,0.835606,0.312915,12.492728,0.000000,301
8031,107147235967069,13.333438,0.892399,0.252440,12.434091,0.000000,301
8032,107147249300507,13.333300,0.968097,0.272488,12.358136,0.000000,301
8033,107147262633807,13.331889,4.317457,0.232880,9.008290,0.000000,301
8034,107147275965696,13.333415,0.808479,0.310803,12.519134,0.000000,301
8035,107147289299111,13.335597,0.884595,0.310545,12.445571,0.000000,301
8036,107147302634708,13.333706,0.987522,0.447874,12.339499,0.000000,301
8037,107147315968414,13.330025,0.831452,0.351141,12.492425,0.000000,301
8038,107147329298439,13.337373,0.675006,0.277065,12.656220,0.000000,301
8039,107147342635812,13.332104,0.839146,0.241212,12.486512,0.000000,301
8040,107147355967916,13.330600,0.941741,0.397922,12.383451,0.000000,301
8041,107147369298516,13.337101,3.137220,0.288877,10.194557,0.000000,301
8042,107147382635617,13.332832,0.862482,0.338037,12.463202,0.000000,301
8043,107147395968449,13.331721,1.128649,0.343002,12.196459,0.000000,301
8044,107147409300170,13.332136,0.731590,0.296914,12.595413,0.000000,301
8045,107147422632306,13.335882,0.764774,0.235120,12.565728,0.000000,301
8046,107147435968188,13.330127,0.812700,0.215226,12.512296,0.000000,301
8047,107147449298315,13.336839,0.621070,0.240601,12.709592,0.000000,301
8048,107147462635154,13.333086,0.825721,0.404152,12.500695,0.000000,301
8049,107147475968240,13.332551,3.399029,0.350077,9.927446,0.000000,301
8050,107147489300791,13.332857,0.717247,0.293100,12.609859,0.000000,301
8051,107147502633648,13.334359,1.082694,0.246485,12.245771,0.000000,301
8052,107147515968007,13.332029,0.820896,0.304752,12.505136,0.000000,301
8053,107147529300036,13.332466,0.656485,0.311589,12.670571,0.000000,301
8054,107147542632502,13.334730,0.701795,0.236437,12.627418,0.000000,301
8055,107147555967232,13.332736,0.768632,0.290488,12.557528,0.000000,301
8056,107147569299968,13.333881,0.598583,0.238249,12.729554,0.000000,301
8057,107147582633849,13.339997,3.247922,0.299878,10.084091,0.000000,301
8058,107147595973846,13.327279,0.981189,0.223407,12.334508,0.000000,301
8059,107147609301125,13.332093,0.932035,0.209160,12.394619,0.000000,301
8060,107147622633218,13.338576,0.873199,0.255075,12.458723,0.000000,301
8061,107147635971794,13.333454,1.050614,0.264767,12.261721,0.000000,301
8062,107147649305248,13.333396,1.002523,0.236852,12.321714,0.000000,301
8063,107147662638644,13.335554,1.100662,0.283829,12.225706,0.000000,301
8064,107147675974198,13.331495,1.146681,0.234493,12.169565,0.000000,301
8065,107147689305693,13.333179,3.659957,0.266328,9.664398,0.000000,301
8066,107147702638872,13.335013,1.140957,0.261329,12.183976,0.000000,301
8067,107147715973885,13.331130,1.437004,0.233038,11.881746,0.000000,301
8068,107147729305015,13.330777,0.866041,0.189313,12.457508,0.000000,301
8069,107147742635792,13.332561,0.837731,0.178934,12.489203,0.000000,301
8070,107147755968353,13.335097,0.847129,0.191844,12.482190,0.000000,301
8071,107147769303450,13.333835,0.814107,0.230650,12.513429,0.000000,301
8072,107147782637285,13.332098,0.885817,0.295837,12.440337,0.000000,301
8073,107147795969383,13.333896,3.237458,0.371948,10.090442,0.000000,301
8074,107147809303279,13.331240,0.909450,0.306451,12.415761,0.000000,301
8075,107147822634519,13.332526,1.209176,0.285048,12.118512,0.000000,301
8076,107147835967045,13.336297,0.766218,0.320672,12.564018,0.000000,301
8077,107147849303342,13.331485,0.783206,0.300856,12.542712,0.000000,301
8078,107147862634827,13.335789,0.750507,0.300519,12.579288,0.000000,301
8079,107147875970616,13.333284,0.779116,0.404672,12.547340,0.000000,301
8080,107147889303900,13.332670,0.820730,0.327597,12.504991,0.000000,301
8081,107147902636570,13.331997,3.232663,0.320135,10.093097,0.000000,301
8082,107147915968567,13.340828,0.865319,0.328622,12.467387,0.000000,301
8083,107147929309395,13.328357,1.257174,0.342170,12.061901,0.000000,301
8084,107147942637752,13.332386,0.947275,0.292207,12.377429,0.000000,301
8085,107147955970138,13.335530,0.787184,0.318942,12.540784,0.000000,301
8086,107147969305668,13.331790,0.759749,0.308498,12.563668,0.000000,301
8087,107147982637458,13.332442,0.812977,0.301516,12.513896,0.000000,301
8088,107147995969900,13.335784,0.783726,0.318029,12.545603,0.000000,302
8089,107148009305684,13.332168,3.172085,0.310111,10.153193,0.000000,302
8090,107148022637852,13.334001,0.860845,0.326805,12.467480,0.000000,302
8091,107148035971853,13.337570,1.587157,0.342075,11.742247,0.000000,302
8092,107148049309423,13.325537,0.797984,0.294614,12.521233,0.000000,302
8093,107148062634960,13.333934,0.793202,0.285111,12.535779,0.000000,302
8094,107148075968894,13.336996,0.783155,0.270148,12.546514,0.000000,302
8095,107148089305890,13.329608,0.778291,0.209068,12.544461,0.000000,302
8096,107148102635498,13.334753,0.746711,0.237926,12.582383,0.000000,302
8097,107148115970251,13.331658,3.371135,0.200151,9.954094,0.000000,302
8098,107148129301909,13.334260,0.628126,0.269146,12.701178,0.000000,302
8099,107148142636169,13.336913,1.091935,0.290221,12.239204,0.000000,302
8100,107148155973082,13.330779,0.920517,0.758751,12.396312,0.000000,302
8101,107148169303861,13.337772,0.737706,0.679329,12.593785,0.000000,302
8102,107148182641633,13.329386,1.000585,0.861998,12.320687,0.000000,302
8103,107148195971019,13.332858,0.789307,0.605100,12.536552,0.000000,302
8104,107148209303877,13.333251,0.669847,0.487822,12.656498,0.000000,302
8105,107148222637128,13.337682,3.393876,1.080677,9.936612,0.000000,302
8106,107148235974810,13.331886,1.098843,0.502817,12.222550,0.000000,302
8107,107148249306696,13.334278,1.007153,0.619201,12.320114,0.000000,302
8108,107148262640974,13.333189,0.911963,0.786186,12.413380,0.000000,302
8109,107148275974163,13.332756,0.840985,0.483499,12.481445,0.000000,302
8110,107148289306919,13.336747,0.734407,0.223351,12.594201,0.000000,302
8111,107148302643666,13.329981,0.913795,0.266743,12.408119,0.000000,302
8112,107148315973647,13.331259,0.940604,0.264643,12.380422,0.000000,302
8113,107148329304906,13.344249,3.222549,0.268078,10.111863,0.000000,302
8114,107148342649155,13.329722,0.952569,0.302312,12.364435,0.000000,302
8115,107148355978877,13.327951,1.233257,0.273703,12.087083,0.000000,302
8116,107148369306828,13.333955,0.834171,0.342107,12.493301,0.000000,302
8117,107148382640783,13.332936,1.123514,0.278704,12.202867,0.000000,302
8118,107148395973719,13.333374,0.934124,0.273454,12.387449,0.000000,302
8119,107148409307093,13.338659,0.781071,0.280315,12.549103,0.000000,302
8120,107148422645752,13.326111,0.966188,0.355795,12.352453,0.000000,302
8121,107148435971863,13.334373,3.297674,0.305033,10.031182,0.000000,302
8122,107148449306236,13.343948,0.742471,0.378018,12.591885,0.000000,302
8123,107148462650184,13.322451,1.314550,0.428356,11.999072,0.000000,302
8124,107148475972635,13.334331,1.202202,0.250055,12.122040,0.000000,302
8125,107148489306966,13.331117,0.859743,0.213307,12.465363,0.000000,302
8126,107148502638083,13.340367,0.919803,0.247365,12.409781,0.000000,302
8127,107148515978450,13.327893,1.217157,0.301868,12.102974,0.000000,302
8128,107148529306343,13.332803,0.806455,0.294127,12.520971,0.000000,302
8129,107148542639146,13.339440,3.218982,0.396237,10.110564,0.000000,302
8130,107148555978586,13.329479,0.945834,0.306384,12.377277,0.000000,302
8131,107148569308065,13.332166,1.032781,0.280913,12.292416,0.000000,302
8132,107148582640231,13.337315,0.783548,0.314536,12.545588,0.000000,302
8133,107148595977546,13.329811,0.918270,0.297241,12.405386,0.000000,302
8134,107148609307357,13.332823,0.739680,0.283740,12.587338,0.000000,302
8135,107148622640180,13.337500,0.795808,0.406592,12.532869,0.000000,302
8136,107148635977680,13.331119,1.158769,0.330043,12.164673,0.000000,302
8137,107148649308799,13.331295,3.719830,0.288418,9.605217,0.000000,302
8138,107148662640094,13.337954,0.861230,0.423778,12.467882,0.000000,302
8139,107148675978048,13.331627,1.427049,0.325946,11.896297,0.000000,302
8140,107148689309675,13.329788,0.954712,0.317570,12.367083,0.000000,302
8141,107148702639463,13.338671,1.026945,0.378884,12.301113,0.000000,302
8142,107148715978134,13.329561,1.099982,0.405674,12.222550,0.000000,303
8143,107148729307695,13.332316,1.066216,0.303348,12.259526,0.000000,303
8144,107148742640011,13.339575,0.908322,0.314212,12.421536,0.000000,303
8145,107148755979586,13.327209,3.747112,0.284342,9.573826,0.000000,303
8146,107148769306795,13.335961,0.741763,0.333343,12.588563,0.000000,303
8147,107148782642756,13.334803,1.076841,0.304731,12.248632,0.000000,303
8148,107148795977559,13.337450,0.842079,0.325970,12.487001,0.000000,303
8149,107148809315009,13.327338,1.020218,0.310018,12.297816,0.000000,303
8150,107148822642347,13.335234,0.881456,0.308855,12.445330,0.000000,303
8151,107148835977581,13.332684,0.838477,0.368819,12.487652,0.000000,303
8152,107148849310265,13.333728,0.991962,0.304520,12.334103,0.000000,303
8153,107148862643993,13.329384,3.344235,0.265226,9.977879,0.000000,303
8154,107148875973377,13.339707,0.814719,0.284092,12.515068,0.000000,303
8155,107148889313084,13.331054,1.212886,0.253854,12.110398,0.000000,303
8156,107148902644138,13.332852,0.990156,0.236806,12.332819,0.000000,303
8157,107148915976990,13.335620,0.958465,0.319394,12.367980,0.000000,303
8158,107148929312610,13.331422,0.998149,0.342245,12.324863,0.000000,303
8159,107148942644032,13.336007,0.911975,0.303260,12.413649,0.000000,303
8160,107148955980039,13.331472,0.817699,0.262895,12.507369,0.000000,303
8161,107148969311511,13.333645,3.439396,0.273452,9.886739,0.000000,303
8162,107148982645156,13.336665,1.024187,0.242867,12.297922,0.000000,303
8163,107148995981821,13.328594,1.167318,0.329957,12.155013,0.000000,303
8164,107149009310415,13.334848,1.083201,0.304891,12.243928,0.000000,303
8165,107149022645263,13.335344,1.044479,0.255699,12.278512,0.000000,303
8166,107149035980607,13.331577,0.927020,0.431809,12.397304,0.000000,303
8167,107149049312184,13.332713,1.026632,0.919263,12.297711,0.000000,303
8168,107149062644897,13.335223,0.867982,0.430405,12.460343,0.000000,303
8169,107149075980120,13.332504,3.277824,0.325336,10.047782,0.000000,303
8170,107149089312624,13.330550,0.881143,0.311060,12.442316,0.000000,303
8171,107149102643174,13.340434,1.054311,0.595254,12.279458,0.000000,303
8172,107149115983608,13.328521,0.880599,0.389165,12.440493,0.000000,303
8173,107149129312129,13.334226,0.780521,0.281344,12.545504,0.000000,303
8174,107149142646355,13.336095,1.062896,0.641992,12.266204,0.000000,303
8175,107149155982450,13.326859,0.889544,0.212380,12.430388,0.000000,303
8176,107149169309309,13.340965,0.836082,0.244530,12.499600,0.000000,303
8177,107149182650274,13.338857,3.358600,0.322402,9.972193,0.000000,303
8178,107149195989131,13.322084,0.912405,0.316246,12.403153,0.000000,303
8179,107149209311215,13.334965,1.036887,0.395272,12.291692,0.000000,303
8180,107149222646180,13.337855,1.214425,0.359651,12.115298,0.000000,303
8181,107149235984035,13.326723,0.903167,0.233284,12.415882,0.000000,303
8182,107149249310758,13.344471,0.891327,0.343923,12.442006,0.000000,303
8183,107149262655229,13.345530,1.209737,0.284167,12.123389,0.000000,303
8184,107149276000759,13.309481,0.952601,0.255542,12.349999,0.000000,303
8185,107149289310240,13.345043,3.267848,0.288827,10.067390,0.000000,303
8186,107149302655283,13.328229,1.089859,0.340901,12.227748,0.000000,303
8187,107149315983512,13.327572,1.623255,0.282208,11.697072,0.000000,303
8188,107149329311084,13.337258,0.825589,0.250819,12.504109,0.000000,303
8189,107149342648342,13.334327,0.987058,0.238151,12.340001,0.000000,303
8190,107149355982669,13.327573,0.872328,0.228969,12.448895,0.000000,303
8191,107149369310242,13.334605,0.736727,0.230118,12.591198,0.000000,303
8192,107149382644847,13.335320,0.882934,0.232907,12.445855,0.000000,304
8193,107149395980167,13.331171,3.285355,0.227680,10.039645,0.000000,304
8194,107149409311338,13.334136,0.714583,0.353010,12.613177,0.000000,304
8195,107149422645474,13.335478,1.378706,0.254792,11.949442,0.000000,304
8196,107149435980952,13.331077,1.928037,0.328108,11.396582,0.000000,304
8197,107149449312029,13.337032,0.835692,0.393142,12.493329,0.000000,304
8198,107149462649061,13.332184,1.017959,0.298688,12.306911,0.000000,304
8199,107149475981245,13.332341,0.960606,0.328881,12.365834,0.000000,304
8200,107149489313586,13.332580,0.964710,0.306072,12.359770,0.000000,304
8201,107149502646166,13.343447,3.412257,0.346808,9.921541,0.000000,304
8202,107149515989613,13.323058,1.216737,0.325474,12.097699,0.000000,304
8203,107149529312671,13.335281,1.201038,0.227421,12.123745,0.000000,304
8204,107149542647952,13.336362,1.133968,0.258817,12.194493,0.000000,304
8205,107149555984314,13.329534,1.303368,0.338466,12.017676,0.000000,304
8206,107149569313848,13.331215,0.888451,0.294923,12.435289,0.000000,304
8207,107149582645063,13.342210,0.831417,0.335516,12.503318,0.000000,304
8208,107149595987273,13.325338,1.055822,0.311383,12.261339,0.000000,304
8209,107149609312611,13.341352,3.580185,0.314043,9.747016,0.000000,304
8210,107149622653963,13.328507,0.944005,0.320416,12.373776,0.000000,304
8211,107149635982470,13.333020,1.492009,0.483697,11.830899,0.000000,304
8212,107149649315490,13.328800,0.959390,0.287316,12.361040,0.000000,304
8213,107149662644290,13.340198,0.823453,0.355119,12.510482,0.000000,304
8214,107149675984488,13.339205,0.946614,0.332989,12.379064,0.000000,304
8215,107149689323693,13.323557,0.925795,0.219092,12.391274,0.000000,304
8216,107149702647250,13.334491,0.783997,0.235005,12.544651,0.000000,305
8217,107149715981741,13.331969,3.415364,0.247603,9.910620,0.000000,305
8218,107149729313710,13.335252,1.038653,0.213049,12.290590,0.000000,305
8219,107149742648962,13.332745,2.109037,0.225425,11.217447,0.000000,305
8220,107149755981707,13.340622,1.111183,0.159034,12.217725,0.000000,305
8221,107149769322329,13.327351,0.862143,0.189747,12.456925,0.000000,305
8222,107149782649680,13.336332,0.951577,0.222690,12.377905,0.000000,305
8223,107149795986012,13.329577,0.956693,0.248961,12.365970,0.000000,305
8224,107149809315589,13.337660,0.864271,0.211543,12.465852,0.000000,305
8225,107149822653249,13.328951,3.660337,0.183776,9.663178,0.000000,305
8226,107149835982200,13.340014,1.042682,0.290502,12.289735,0.000000,305
8227,107149849322214,13.332739,1.388613,0.186982,11.936319,0.000000,305
8228,107149862654953,13.328868,1.099174,0.267594,12.223244,0.000000,305
8229,107149875983821,13.336794,1.125375,0.239484,12.205154,0.000000,305
8230,107149889320615,13.330685,1.007654,0.293785,12.315719,0.000000,305
8231,107149902651300,13.342491,1.188463,0.233649,12.143155,0.000000,305
8232,107149915993791,13.325722,1.084176,0.230169,12.234099,0.000000,305
8233,107149929319513,13.331404,3.793889,0.203183,9.530749,0.000000,305
8234,107149942650917,13.343726,1.198410,0.217355,12.137308,0.000000,305
8235,107149955994643,13.326740,1.402457,0.262820,11.915665,0.000000,305
8236,107149969321383,13.332320,0.983808,0.215444,12.337029,0.000000,305
8237,107149982653703,13.334644,1.126897,0.315464,12.200113,0.000000,305
8238,107149995988347,13.329493,1.627861,0.298396,11.693853,0.000000,305
8239,107150009317840,13.334563,0.902345,0.305775,12.424678,0.000000,305
8240,107150022652403,13.333190,1.125821,0.260914,12.199888,0.000000,305
8241,107150035985593,13.332605,3.516241,0.338866,9.810096,0.000000,305
8242,107150049318198,13.333395,0.754597,0.327860,12.572936,0.000000,305
8243,107150062651593,13.332199,1.115488,0.309742,12.211066,0.000000,305
8244,107150075983792,13.341325,0.828132,0.310095,12.505172,0.000000,305
8245,107150089325117,13.326744,0.849231,0.351140,12.469662,0.000000,305
8246,107150102651861,13.333543,1.027332,0.344298,12.300733,0.000000,305
8247,107150115985404,13.335899,1.170122,0.338172,12.158401,0.000000,305
8248,107150129321303,13.334382,1.035089,0.330851,12.290835,0.000000,305
8249,107150142655685,13.352694,3.514362,0.334691,9.826660,0.000000,305
8250,107150156008379,13.313827,1.061654,0.308305,12.243389,0.000000,305
8251,107150169322206,13.330623,1.298567,0.348254,12.024539,0.000000,305
8252,107150182652829,13.331100,1.132371,0.306208,12.192157,0.000000,305
8253,107150195983929,13.341097,1.093590,0.365368,12.238168,0.000000,305
8254,107150209325026,13.330397,0.967946,0.301897,12.354709,0.000000,305
8255,107150222655423,13.331397,1.041482,0.365606,12.282493,0.000000,305
8256,107150235986820,13.332118,1.046321,0.237927,12.278561,0.000000,305
8257,107150249318938,13.334338,3.132477,0.238724,10.196144,0.000000,305
8258,107150262653276,13.331640,0.936967,0.265643,12.389273,0.000000,305
8259,107150275984916,13.333363,1.254326,0.287142,12.074283,0.000000,305
8260,107150289318279,13.335778,0.849320,0.235471,12.480731,0.000000,305
8261,107150302654057,13.333445,0.865005,0.238726,12.461216,0.000000,305
8262,107150315987502,13.332934,1.090868,0.216642,12.235910,0.000000,305
8263,107150329320436,13.335909,0.885324,0.240198,12.443630,0.000000,305
8264,107150342656345,13.331452,1.162603,0.232654,12.161581,0.000000,305
8265,107150355987797,13.332751,3.458706,0.182449,9.867593,0.000000,305
8266,107150369320548,13.335866,0.838996,0.216437,12.490232,0.000000,305
8267,107150382656414,13.330584,1.243862,0.205223,12.080157,0.000000,305
8268,107150395986998,13.333929,0.844721,0.239150,12.483212,0.000000,305
8269,107150409320927,13.331843,0.863297,0.238469,12.462646,0.000000,305
8270,107150422652770,13.336157,1.292349,0.277299,12.036808,0.000000,305
8271,107150435988927,13.331825,1.155793,0.249376,12.169097,0.000000,305
8272,107150449320752,13.332757,0.923219,0.357071,12.402744,0.000000,305
8273,107150462653509,13.333280,4.084818,0.264589,9.241353,0.000000,305
8274,107150475986789,13.333708,1.112289,0.245008,12.213914,0.000000,305
8275,107150489320497,13.332888,1.182008,0.233636,12.144005,0.000000,305
8276,107150502653385,13.333982,1.010372,0.259903,12.316503,0.000000,305
8277,107150515987367,13.333059,1.036952,0.264636,12.288863,0.000000,305
8278,107150529320426,13.333619,0.871292,0.258928,12.454507,0.000000,305
8279,107150542654045,13.334675,0.962559,0.248242,12.365495,0.000000,306
8280,107150555988720,13.334314,1.092978,0.221622,12.233518,0.000000,306
8281,107150569323034,13.332448,3.560734,0.266381,9.764545,0.000000,306
8282,107150582655482,13.335722,1.890924,0.225085,11.437927,0.000000,306
8283,107150595991204,13.334021,1.656528,0.271224,11.668664,0.000000,306
8284,107150609325225,13.330808,1.047156,0.310609,12.276576,0.000000,306
8285,107150622656033,13.332868,0.880769,0.328712,12.445635,0.000000,306
8286,107150635988901,13.332711,0.927698,0.345724,12.399670,0.000000,306
8287,107150649321612,13.332334,0.768093,0.377293,12.558546,0.000000,306
8288,107150662653946,13.336293,1.077167,0.430143,12.253439,0.000000,306
8289,107150675990239,13.328326,4.034686,0.309720,9.288516,0.000000,306
8290,107150689318565,13.338061,0.729875,0.312107,12.603146,0.000000,306
8291,107150702656626,13.330021,1.290822,0.275133,12.029274,0.000000,306
8292,107150715986647,13.336849,0.832512,0.344494,12.496115,0.000000,306
8293,107150729323496,13.331098,0.938194,0.332093,12.385090,0.000000,306
8294,107150742654594,13.336357,0.868846,0.345131,12.461088,0.000000,306
8295,107150755990951,13.331388,0.877712,0.335356,12.446562,0.000000,306
8296,107150769322339,13.333702,0.886357,0.373673,12.441188,0.000000,306
8297,107150782656041,13.333222,4.041877,0.345523,9.284251,0.000000,306
8298,107150795989263,13.337871,1.096896,0.319313,12.230499,0.000000,306
8299,107150809327134,13.328862,1.299112,0.344618,12.021203,0.000000,306
8300,107150822655996,13.336771,1.096256,0.293090,12.233635,0.000000,306
8301,107150835992767,13.331347,1.151084,0.223951,12.173011,0.000000,306
8302,107150849324114,13.331378,0.908688,0.306032,12.416153,0.000000,306
8303,107150862655492,13.336443,0.968150,0.273772,12.361045,0.000000,306
8304,107150875991935,13.332787,1.168651,0.302500,12.157338,0.000000,306
8305,107150889324722,13.333733,3.750839,0.322577,9.574636,0.000000,306
8306,107150902658455,13.330974,1.357996,0.329282,11.966073,0.000000,306
8307,107150915989429,13.333143,1.445385,0.358691,11.881485,0.000000,306
8308,107150929322572,13.333162,0.932042,0.342372,12.393353,0.000000,306
8309,107150942655734,13.335221,1.008028,0.330356,12.319238,0.000000,306
8310,107150955990955,13.334357,1.032344,0.433030,12.293283,0.000000,306
8311,107150969325312,13.329784,0.850691,0.488103,12.471935,0.000000,306
8312,107150982655096,13.335614,0.958953,0.316262,12.370185,0.000000,306
8313,107150995990710,13.333048,3.840873,0.565451,9.485510,0.000000,306
8314,107151009323758,13.334687,0.877677,0.572625,12.449136,0.000000,306
8315,107151022658445,13.333326,1.507835,0.331333,11.816500,0.000000,306
8316,107151035991771,13.331582,1.238271,0.528748,12.085188,0.000000,306
8317,107151049323353,13.335297,1.101081,0.536696,12.226309,0.000000,306
8318,107151062658650,13.334594,1.321301,0.335841,12.005856,0.000000,306
8319,107151075993244,13.351460,1.191260,0.414795,12.152942,0.000000,306
8320,107151089344704,13.334142,1.036791,0.382277,12.288574,0.000000,306
8321,107151102678846,13.331096,3.557069,0.320825,9.764447,0.000000,306
8322,107151116009942,13.332985,0.853132,0.448740,12.473280,0.000000,306
8323,107151129342927,13.333115,1.045271,0.501050,12.281294,0.000000,306
8324,107151142676042,13.335755,0.963711,0.548109,12.365825,0.000000,306
8325,107151156011797,13.333730,1.076960,0.455916,12.249314,0.000000,306
8326,107151169345527,13.330051,1.029995,0.490260,12.293291,0.000000,306
8327,107151182675578,13.334300,0.870442,0.507227,12.457565,0.000000,306
8328,107151196009878,13.331961,0.930122,0.361907,12.396001,0.000000,306
8329,107151209341839,13.333086,3.388279,0.304109,9.939590,0.000000,306
8330,107151222674925,13.335285,0.780887,0.402858,12.549237,0.000000,306
8331,107151236010210,13.490964,1.392123,0.353279,12.092085,0.000000,306
8332,107151249501174,13.335032,1.083923,0.500756,12.243556,0.000000,306
8333,107151262836206,13.329086,1.159653,0.532449,12.161555,0.000000,306
8334,107151276165292,13.335983,1.051155,0.266572,12.278438,0.000000,306
8335,107151289501275,13.330989,1.075660,0.331561,12.248339,0.000000,306
8336,107151302832264,13.335119,1.076236,0.375256,12.253298,0.000000,306
8337,107151316167383,13.331056,3.889675,0.363583,9.435226,0.000000,306
8338,107151329498439,13.336381,0.741040,0.453182,12.589557,0.000000,306
8339,107151342834820,13.333155,1.191969,0.366641,12.133129,0.000000,307
8340,107151356167975,13.334829,0.932990,0.282887,12.395284,0.000000,307
8341,107151369502804,13.332612,0.864463,0.422898,12.461186,0.000000,307
8342,107151382835416,13.332562,0.950299,0.277118,12.375131,0.000000,307
8343,107151396167978,13.331859,1.019193,0.243523,12.304958,0.000000,307
8344,107151409499837,13.331149,1.027137,0.371416,12.297769,0.000000,307
8345,107151422830986,13.335039,3.525502,0.479426,9.804438,0.000000,307
8346,107151436166025,13.335483,0.839928,0.395565,12.490144,0.000000,307
8347,107151449501508,13.334701,1.186055,0.596725,12.141611,0.000000,307
8348,107151462836209,13.329814,0.956655,0.388626,12.365258,0.000000,307
8349,107151476166023,13.332806,0.938784,0.499253,12.388326,0.000000,307
8350,107151489498829,13.336250,0.736246,0.465011,12.593555,0.000000,307
8351,107151502835079,13.333844,1.062871,0.377257,12.264466,0.000000,307
8352,107151516168923,13.331223,1.095549,0.425891,12.229957,0.000000,307
8353,107151529500146,13.335053,3.512647,0.394272,9.815871,0.000000,307
8354,107151542835199,13.334642,1.173025,0.546065,12.154209,0.000000,307
8355,107151556169841,13.332218,1.242747,0.278856,12.082194,0.000000,307
8356,107151569502059,13.333705,0.793546,0.277087,12.533246,0.000000,307
8357,107151582835764,13.330772,0.863456,0.317985,12.461370,0.000000,307
8358,107151596166536,13.333955,0.759228,0.299329,12.569408,0.000000,307
8359,107151609500491,13.331397,0.767206,0.462219,12.558203,0.000000,307
8360,107151622831888,13.334614,0.764470,0.371591,12.564807,0.000000,307
8361,107151636166502,13.336321,3.379082,0.347366,9.951726,0.000000,307
8362,107151649502823,13.332837,0.814564,0.307706,12.510989,0.000000,307
8363,107151662835660,13.331531,1.059737,0.345718,12.266528,0.000000,307
8364,107151676167191,13.336244,0.773590,0.387164,12.557439,0.000000,307
8365,107151689503435,13.330911,0.887395,0.405071,12.437640,0.000000,307
8366,107151702834346,13.331992,0.876099,0.541374,12.450473,0.000000,307
8367,107151716166338,13.337665,0.763139,0.277372,12.569123,0.000000,307
8368,107151729504003,13.335088,0.840714,0.227202,12.486436,0.000000,307
8369,107151742839091,13.331586,3.659480,0.240177,9.666286,0.000000,307
8370,107151756170677,13.332381,1.102565,0.314589,12.222218,0.000000,307
8371,107151769503058,13.332489,1.226420,0.328522,12.099916,0.000000,307
8372,107151782835547,13.332094,1.108809,0.316542,12.217978,0.000000,307
8373,107151796167641,13.336240,0.926577,0.359632,12.403682,0.000000,307
8374,107151809503881,13.329603,0.846085,0.234304,12.478006,0.000000,307
8375,107151822833484,13.334977,0.778910,0.575983,12.551068,0.000000,307
8376,107151836168461,13.335710,0.859312,0.288570,12.469704,0.000000,307
8377,107151849504171,13.328570,3.314105,0.209800,10.008222,0.000000,307
8378,107151862832741,13.335024,0.771088,0.244355,12.559356,0.000000,307
8379,107151876167765,13.333585,1.031236,0.222954,12.296465,0.000000,307
8380,107151889501350,13.332450,0.711677,0.205822,12.615199,0.000000,307
8381,107151902833800,13.333961,0.777089,0.203884,12.552143,0.000000,307
8382,107151916167761,13.332084,0.743455,0.211699,12.584159,0.000000,307
8383,107151929499845,13.339156,0.623425,0.233721,12.710315,0.000000,307
8384,107151942839001,13.329317,0.883098,0.228768,12.439840,0.000000,307
8385,107151956168318,13.331744,3.353593,0.212681,9.973519,0.000000,307
8386,107151969500062,13.335710,0.665707,0.224926,12.664913,0.000000,307
8387,107151982835772,13.332873,1.082047,0.258518,12.245332,0.000000,307
8388,107151996168645,13.334887,0.847741,0.321514,12.481423,0.000000,307
8389,107152009503532,13.331429,0.762800,0.347991,12.562186,0.000000,307
8390,107152022834961,13.334927,0.872610,0.346254,12.456612,0.000000,307
8391,107152036169888,13.331828,0.824824,0.328131,12.501051,0.000000,307
8392,107152049501716,13.334837,0.692330,0.322802,12.637701,0.000000,307
8393,107152062836553,13.330477,3.466860,0.315712,9.858017,0.000000,307
8394,107152076167030,13.336235,0.713035,0.348940,12.618484,0.000000,307
8395,107152089503265,13.333626,0.951343,0.327077,12.376571,0.000000,307
8396,107152102836891,13.330976,0.878407,0.327351,12.447567,0.000000,308
8397,107152116167867,13.334550,0.835295,0.302244,12.494040,0.000000,308
8398,107152129502417,13.334459,0.655888,0.328309,12.672715,0.000000,308
8399,107152142836876,13.336293,0.804665,0.314398,12.524934,0.000000,308
8400,107152156173169,13.328567,0.882359,0.338730,12.439712,0.000000,308
8401,107152169501736,13.332912,3.251231,0.306026,10.075988,0.000000,308
8402,107152182834648,13.335571,0.849870,0.350239,12.480457,0.000000,308
8403,107152196170219,13.331747,1.058876,0.279559,12.267626,0.000000,308
8404,107152209501966,13.336867,0.629372,0.331345,12.701827,0.000000,308
8405,107152222838833,13.330878,0.918273,0.304200,12.406726,0.000000,308
8406,107152236169711,13.334711,0.858736,0.306255,12.469542,0.000000,308
8407,107152249504422,13.332713,0.742861,0.324029,12.583481,0.000000,308
8408,107152262837135,13.332336,0.811527,0.382954,12.514852,0.000000,308
8409,107152276169471,13.332383,3.419964,0.321604,9.906409,0.000000,308
8410,107152289501854,13.333352,0.559030,0.345955,12.769667,0.000000,308
8411,107152302835206,13.334460,0.950554,0.348277,12.378925,0.000000,308
8412,107152316169666,13.331743,0.775359,0.315161,12.550678,0.000000,308
8413,107152329501409,13.334134,0.614869,0.338029,12.714323,0.000000,308
8414,107152342835543,13.336527,0.740696,0.339889,12.589703,0.000000,308
8415,107152356172070,13.332861,0.784720,0.311190,12.541874,0.000000,308
8416,107152369504931,13.333564,0.700470,0.360313,12.625365,0.000000,308
8417,107152382838495,13.331483,3.419818,0.327894,9.905496,0.000000,308
8418,107152396169978,13.333862,0.717723,0.325689,12.610645,0.000000,308
8419,107152409503840,13.337492,1.086366,0.338700,12.241909,0.000000,308
8420,107152422841332,13.338479,1.016834,0.357310,12.309476,0.000000,308
8421,107152436179811,13.324504,0.874950,0.334115,12.440691,0.000000,308
8422,107152449504315,13.331542,0.676732,0.323716,12.649830,0.000000,308
8423,107152462835857,13.342680,0.879148,0.325911,12.455085,0.000000,308
8424,107152476178537,13.329044,0.968567,0.312725,12.351473,0.000000,308
8425,107152489507581,13.329046,3.268431,0.308628,10.054706,0.000000,308
8426,107152502836627,13.337304,0.773448,0.350490,12.557864,0.000000,308
8427,107152516173931,13.336467,1.119740,0.310574,12.205028,0.000000,308
8428,107152529510398,13.327070,0.735963,0.305194,12.583464,0.000000,308
8429,107152542837468,13.337725,0.817361,0.312307,12.513952,0.000000,308
8430,107152556175193,13.328570,0.875127,0.298757,12.447115,0.000000,308
8431,107152569503763,13.334968,0.627337,0.299235,12.702042,0.000000,308
8432,107152582838731,13.331535,0.748858,0.308950,12.577406,0.000000,308
8433,107152596170266,13.333124,3.336985,0.318361,9.990827,0.000000,308
8434,107152609503390,13.333450,0.614536,0.313975,12.714495,0.000000,308
8435,107152622836840,13.332672,0.963785,0.312417,12.364404,0.000000,308
8436,107152636169512,13.337479,0.667580,0.327378,12.664107,0.000000,308
8437,107152649506991,13.329198,0.877139,0.304021,12.445801,0.000000,308
8438,107152662836189,13.335691,0.666523,0.316545,12.663434,0.000000,308
8439,107152676171880,13.334097,0.756079,0.356853,12.571808,0.000000,308
8440,107152689505977,13.333895,0.906551,0.374770,12.420886,0.000000,308
8441,107152702839872,13.333854,3.357320,0.384721,9.968497,0.000000,308
8442,107152716173726,13.336560,0.739860,0.390907,12.590121,0.000000,308
8443,107152729510286,13.331940,1.288615,0.302548,12.034752,0.000000,308
8444,107152742842226,13.329954,0.889098,0.281982,12.435790,0.000000,308
8445,107152756172180,13.338984,0.704648,0.355495,12.628222,0.000000,308
8446,107152769511164,13.335332,0.793513,0.311449,12.529906,0.000000,308
8447,107152782846496,13.326011,0.730789,0.310349,12.588952,0.000000,308
8448,107152796172507,13.337113,0.734939,0.382771,12.596447,0.000000,308
8449,107152809509620,13.329129,3.469124,0.313084,9.852923,0.000000,308
8450,107152822838749,13.333106,0.785380,0.334913,12.543251,0.000000,308
8451,107152836171855,13.339161,0.984711,0.344528,12.346283,0.000000,309
8452,107152849511016,13.329291,0.803362,0.305932,12.518847,0.000000,309
8453,107152862840307,13.336897,0.788600,0.335923,12.542687,0.000000,309
8454,107152876177204,13.332553,1.497874,0.341931,11.827355,0.000000,309
8455,107152889509757,13.330763,0.879196,0.329607,12.445201,0.000000,309
8456,107152902840520,13.333744,0.808832,0.362455,12.517551,0.000000,309
8457,107152916174264,13.333842,3.321334,0.327760,10.006030,0.000000,309
8458,107152929508106,13.333242,0.814438,0.321537,12.512563,0.000000,309
8459,107152942841348,13.332926,1.100103,0.373006,12.225840,0.000000,309
8460,107152956174274,13.331712,0.881234,0.309221,12.444843,0.000000,309
8461,107152969505986,13.335466,0.672971,0.399320,12.656801,0.000000,309
8462,107152982841452,13.330336,0.947102,0.276215,12.377292,0.000000,309
8463,107152996171788,13.334089,0.648345,0.299700,12.681711,0.000000,309
8464,107153009505877,13.335721,0.583961,0.345647,12.746599,0.000000,309
8465,107153022841598,13.331761,3.310314,0.324843,10.014229,0.000000,309
8466,107153036173359,13.333829,0.889869,0.314459,12.438860,0.000000,309
8467,107153049507188,13.341325,1.236208,0.404459,12.096404,0.000000,309
8468,107153062848513,13.329867,1.034400,0.347897,12.285936,0.000000,309
8469,107153076178380,13.329265,0.763548,0.366411,12.560017,0.000000,309
8470,107153089507645,13.343273,0.709516,0.344745,12.623737,0.000000,309
8471,107153102850918,13.322698,0.962622,0.337907,12.351682,0.000000,309
8472,107153116173616,13.333226,0.879948,0.351836,12.448672,0.000000,309
8473,107153129506842,13.333619,3.237925,0.341466,10.090854,0.000000,309
8474,107153142840461,13.337298,0.856217,0.337929,12.475459,0.000000,309
8475,107153156177759,13.332244,1.169019,0.348445,12.155291,0.000000,309
8476,107153169510003,13.334882,0.711449,0.343921,12.614025,0.000000,309
8477,107153182844885,13.328086,0.871379,0.371260,12.450749,0.000000,309
8478,107153196172971,13.334697,0.807833,0.368992,12.522098,0.000000,309
8479,107153209507668,13.332822,0.736609,0.390583,12.590402,0.000000,309
8480,107153222840490,13.335489,0.821994,0.327321,12.502557,0.000000,309
8481,107153236175979,13.329850,3.234269,0.285448,10.090269,0.000000,309
8482,107153249505829,13.338003,0.498714,0.418102,12.834280,0.000000,309
8483,107153262843832,13.330273,1.221451,0.353243,12.102556,0.000000,309
8484,107153276174105,13.332781,0.889994,0.304022,12.437704,0.000000,309
8485,107153289506886,13.335491,0.657783,0.340396,12.673169,0.000000,309
8486,107153302842377,13.335604,1.004234,0.371039,12.325541,0.000000,309
8487,107153316177981,13.330554,1.124242,0.244137,12.199755,0.000000,309
8488,107153329508535,13.334260,0.877956,0.358121,12.450756,0.000000,309
8489,107153342842795,13.336766,4.181704,0.334723,9.147817,0.000000,309
8490,107153356179561,13.331474,1.108881,0.338342,12.213931,0.000000,309
8491,107153369511035,13.329740,3.076014,0.314825,10.247744,0.000000,309
8492,107153382840775,13.334407,0.736726,0.425100,12.592684,0.000000,309
8493,107153396175182,13.334452,0.951316,0.291113,12.376898,0.000000,309
8494,107153409509634,13.332211,0.804936,0.289947,12.521450,0.000000,309
8495,107153422841845,13.344312,0.999476,0.304362,12.334732,0.000000,309
8496,107153436186157,13.327724,1.106309,0.356315,12.210722,0.000000,309
8497,107153449513881,13.331005,3.877126,0.313554,9.445437,0.000000,309
8498,107153462844886,13.337257,1.050739,0.359448,12.277441,0.000000,309
8499,107153476182143,13.332595,1.457898,0.326823,11.864836,0.000000,309
8500,107153489514738,13.341198,1.056393,0.356842,12.268867,0.000000,309
8501,107153502855936,13.326899,1.163365,0.348146,12.153049,0.000000,309
8502,107153516182835,13.326552,1.284868,0.309444,12.032814,0.000000,309
8503,107153529509387,13.336692,0.923513,0.318385,12.406259,0.000000,309
8504,107153542846079,13.332929,0.973108,0.333488,12.352690,0.000000,309
8505,107153556179008,13.330552,3.290382,0.346483,10.033665,0.000000,309
8506,107153569509560,13.333420,0.640272,0.374126,12.688329,0.000000,309
8507,107153582842980,13.335057,1.016289,0.363149,12.313210,0.000000,309
8508,107153596178037,13.333843,0.860155,0.313632,12.466947,0.000000,309
8509,107153609511880,13.330537,0.728499,0.322137,12.596164,0.000000,309
8510,107153622842417,13.336008,0.740983,0.327181,12.589235,0.000000,309
8511,107153636178425,13.331950,0.768927,0.320149,12.556952,0.000000,309
8512,107153649510375,13.334793,0.677711,0.331760,12.651411,0.000000,309
8513,107153662845168,13.330267,3.313081,0.257066,10.011865,0.000000,310
8514,107153676175435,13.339684,0.618481,0.317363,12.715931,0.000000,310
8515,107153689515119,13.332316,1.149382,0.333118,12.174973,0.000000,310
8516,107153702847435,13.328073,1.377569,0.296829,11.945126,0.000000,310
8517,107153716175508,13.336425,0.731732,0.319270,12.599595,0.000000,310
8518,107153729511933,13.331684,0.767126,0.305605,12.559072,0.000000,310
8519,107153742843617,13.333509,0.737896,0.297284,12.590611,0.000000,310
8520,107153756177126,13.335321,0.682639,0.342491,12.646087,0.000000,310
8521,107153769512447,13.331139,3.218852,0.268057,10.105431,0.000000,310
8522,107153782843586,13.333269,0.689086,0.285127,12.639710,0.000000,310
8523,107153796176855,13.334695,0.937576,0.378123,12.391608,0.000000,310
8524,107153809511550,13.332301,0.758227,1.430714,12.567495,0.000000,310
8525,107153822843851,13.333440,0.684735,0.303847,12.643836,0.000000,310
8526,107153836177291,13.333581,0.667004,0.316446,12.661302,0.000000,310
8527,107153849510872,13.333596,0.632836,0.308095,12.694607,0.000000,310
8528,107153862844468,13.333985,0.797995,0.351776,12.530172,0.000000,310
8529,107153876178453,13.332778,3.357183,0.283427,9.970209,0.000000,310
8530,107153889511231,13.345885,0.638940,0.449849,12.692263,0.000000,310
8531,107153902857116,13.319732,1.275592,0.308967,12.037764,0.000000,310
8532,107153916176848,13.335283,0.650907,0.317461,12.678879,0.000000,310
8533,107153929512131,13.331995,0.708820,0.315775,12.617654,0.000000,310
8534,107153942844126,13.333738,0.734935,0.299671,12.593650,0.000000,310
8535,107153956177864,13.333614,0.689902,0.292868,12.638412,0.000000,310
8536,107153969511478,13.333232,0.635244,0.376489,12.691579,0.000000,310
8537,107153982844710,13.332138,3.363565,0.281261,9.963199,0.000000,310
8538,107153996176848,13.334964,0.555748,0.317177,12.775276,0.000000,310
8539,107154009511812,13.335864,0.920580,0.335322,12.409044,0.000000,310
8540,107154022847676,13.334262,1.026658,0.337000,12.299356,0.000000,310
8541,107154036181938,13.330227,1.032562,0.280125,12.291741,0.000000,310
8542,107154049512165,13.337685,0.889780,0.368558,12.440821,0.000000,310
8543,107154062849850,13.329309,1.059578,0.387238,12.262843,0.000000,310
8544,107154076179159,13.332061,0.993820,0.363757,12.333576,0.000000,310
8545,107154089511220,13.336619,3.597053,0.338167,9.734096,0.000000,310
8546,107154102847839,13.334841,0.916518,0.308511,12.411392,0.000000,310
8547,107154116182680,13.332030,1.204870,0.323790,12.121204,0.000000,310
8548,107154129514710,13.334798,0.958761,0.343279,12.369373,0.000000,310
8549,107154142849508,13.335200,1.164263,0.307848,12.163070,0.000000,310
8550,107154156184708,13.331289,1.133154,0.289092,12.190068,0.000000,310
8551,107154169515997,13.335448,0.969688,0.358136,12.358349,0.000000,310
8552,107154182851445,13.333043,1.098896,0.377544,12.225871,0.000000,310
8553,107154196184488,13.327784,3.950578,0.348114,9.370424,0.000000,310
8554,107154209512272,13.337654,1.463037,0.410897,11.869011,0.000000,310
8555,107154222849926,13.334425,1.472953,0.345249,11.854013,0.000000,310
8556,107154236184351,13.330558,1.021902,0.372485,12.301392,0.000000,310
8557,107154249514909,13.336162,1.017391,0.344020,12.311347,0.000000,310
8558,107154262851071,13.332333,1.043279,0.373406,12.281994,0.000000,310
8559,107154276183404,13.333369,1.128539,0.367444,12.197629,0.000000,310
8560,107154289516773,13.331994,1.027650,0.351578,12.297645,0.000000,310
8561,107154302848767,13.333219,3.427928,0.322898,9.899134,0.000000,310
8562,107154316181986,13.332801,0.877861,0.331065,12.449806,0.000000,310
8563,107154329514787,13.333846,1.123575,0.312116,12.204361,0.000000,310
8564,107154342848633,13.336333,0.852278,0.356490,12.477906,0.000000,310
8565,107154356184966,13.330594,0.998206,0.321901,12.324695,0.000000,310
8566,107154369515560,13.333986,0.844421,0.328637,12.483442,0.000000,310
8567,107154382849546,13.337175,0.911541,0.350996,12.418111,0.000000,310
8568,107154396186721,13.330388,1.298500,0.417642,12.023806,0.000000,310
8569,107154409517109,13.331449,3.989747,0.307320,9.335512,0.000000,310
8570,107154422848558,13.337637,0.888987,0.335467,12.440612,0.000000,310
8571,107154436186195,13.332043,1.129588,0.334711,12.195744,0.000000,310
8572,107154449518238,13.334805,0.878053,0.345747,12.449825,0.000000,310
8573,107154462853043,13.332384,1.025984,0.340462,12.297890,0.000000,310
8574,107154476185427,13.334700,1.016286,0.338282,12.309479,0.000000,310
8575,107154489520127,13.330690,0.903246,0.327102,12.418952,0.000000,310
8576,107154502850817,13.334492,0.779057,0.464057,12.549366,0.000000,311
8577,107154516185309,13.329166,3.488705,0.316910,9.833714,0.000000,311
8578,107154529514475,13.337175,0.794161,0.362718,12.536890,0.000000,311
8579,107154542851650,13.333009,1.972717,0.329612,11.352642,0.000000,311
8580,107154556184659,13.332327,0.967053,0.323914,12.357209,0.000000,311
8581,107154569516986,13.332789,0.746678,0.318416,12.578982,0.000000,311
8582,107154582849775,13.332242,0.768193,0.322570,12.558639,0.000000,311
8583,107154596182017,13.334209,0.832604,0.313703,12.495228,0.000000,311
8584,107154609516226,13.331835,0.684388,0.392813,12.641624,0.000000,311
8585,107154622848061,13.335237,3.319795,0.306747,10.009281,0.000000,311
8586,107154636183298,13.335143,0.724983,0.326596,12.604214,0.000000,311
8587,107154649518441,13.329599,1.006384,0.283354,12.318531,0.000000,311
8588,107154662848040,13.334375,0.710057,0.324466,12.619488,0.000000,311
8589,107154676182415,13.334251,0.717896,0.326303,12.611227,0.000000,311
8590,107154689516666,13.332771,0.774483,0.317996,12.552363,0.000000,311
8591,107154702849437,13.335549,0.774574,0.379656,12.555180,0.000000,311
8592,107154716184986,13.331478,0.901538,0.332740,12.423534,0.000000,311
8593,107154729516464,13.333248,3.135739,0.296942,10.191581,0.000000,311
8594,107154742849712,13.335027,0.730857,0.333257,12.597219,0.000000,311
8595,107154756184739,13.331758,1.103592,0.352163,12.221483,0.000000,311
8596,107154769516497,13.335705,0.748223,0.384389,12.580086,0.000000,311
8597,107154782852202,13.335031,0.839131,0.403163,12.488273,0.000000,311
8598,107154796187233,13.334663,0.958884,0.385784,12.365597,0.000000,311
8599,107154809521896,13.329781,0.789805,0.380188,12.532883,0.000000,311
8600,107154822851677,13.338607,0.901952,0.473732,12.428715,0.000000,311
8601,107154836190284,13.326001,3.990962,0.313223,9.328510,0.000000,311
8602,107154849516285,13.338973,0.947577,0.327710,12.384473,0.000000,311
8603,107154862855258,13.337638,1.480918,0.403543,11.847028,0.000000,311
8604,107154876192896,13.330744,1.203047,0.431216,12.117562,0.000000,311
8605,107154889523640,13.332955,1.267546,0.407399,12.055219,0.000000,311
8606,107154902856595,13.333650,1.292899,0.348301,12.030528,0.000000,311
8607,107154916190245,13.330476,1.044609,0.334891,12.278824,0.000000,311
8608,107154929520721,13.332723,0.940021,0.376038,12.385864,0.000000,311
8609,107154942853444,13.329729,3.867515,0.332109,9.455988,0.000000,311
8610,107154956183173,13.336270,0.887356,0.289903,12.443116,0.000000,311
8611,107154969519443,13.336212,1.213280,0.240741,12.116311,0.000000,311
8612,107154982855655,13.330927,1.014714,0.255318,12.309134,0.000000,311
8613,107154996186582,13.334107,1.018689,0.229074,12.309104,0.000000,311
8614,107155009520689,13.333479,0.979425,0.296882,12.346836,0.000000,311
8615,107155022854168,13.333578,1.075727,0.247857,12.250028,0.000000,311
8616,107155036187746,13.333551,1.029924,0.249888,12.296331,0.000000,311
8617,107155049521297,13.332915,3.676745,0.249134,9.648986,0.000000,311
8618,107155062854212,13.332069,1.024300,0.196743,12.300832,0.000000,311
8619,107155076186281,13.337103,1.255290,0.213637,12.075030,0.000000,311
8620,107155089523384,13.331566,0.841303,0.208462,12.482255,0.000000,311
8621,107155102854950,13.332000,0.964549,0.232970,12.360893,0.000000,311
8622,107155116186950,13.333061,0.825238,0.179287,12.500974,0.000000,311
8623,107155129520011,13.333091,0.668157,0.201115,12.658361,0.000000,311
8624,107155142853102,13.335591,0.778384,0.241270,12.550421,0.000000,311
8625,107155156188693,13.330127,3.301007,0.356484,10.021103,0.000000,311
8626,107155169518820,13.333266,1.294194,0.410606,12.033658,0.000000,311
8627,107155182852086,13.336884,1.065082,0.330572,12.265467,0.000000,311
8628,107155196188970,13.331830,0.888605,0.335664,12.437064,0.000000,311
8629,107155209520800,13.332777,0.731404,0.321255,12.594990,0.000000,311
8630,107155222853577,13.334245,0.743288,0.329741,12.584670,0.000000,311
8631,107155236187822,13.331151,0.741970,0.189622,12.582775,0.000000,311
8632,107155249518973,13.335319,0.631007,0.310553,12.698252,0.000000,312
8633,107155262854292,13.436272,3.820204,0.291294,9.602698,0.000000,312
8634,107155276290564,13.400795,1.928185,0.305376,11.443026,0.000000,312
8635,107155289691359,13.408844,5.053464,0.285017,8.329327,0.000000,312
8636,107155303100203,13.459618,1.932990,0.266053,11.494416,0.000000,312
8637,107155316559821,13.309690,2.392690,0.209248,10.892381,0.000000,312
8638,107155329869511,13.334145,0.919879,0.215785,12.407104,0.000000,312
8639,107155343203656,13.330998,1.000984,0.226770,12.322883,0.000000,312
8640,107155356534654,13.332792,0.912819,0.214297,12.412868,0.000000,312
8641,107155369867446,13.333258,3.185840,0.179178,10.140719,0.000000,312
8642,107155383200704,13.337154,0.901843,0.242468,12.428434,0.000000,312
8643,107155396537858,13.328248,1.366813,0.187104,11.955037,0.000000,312
8644,107155409866106,13.333833,0.752112,0.186275,12.576357,0.000000,312
8645,107155423199939,13.335120,0.846400,0.208880,12.482674,0.000000,312
8646,107155436535059,13.332372,1.018728,0.194528,12.307106,0.000000,312
8647,107155449867431,13.334729,0.740185,0.237535,12.588641,0.000000,312
8648,107155463202160,13.331757,0.906006,0.226856,12.418793,0.000000,312
8649,107155476533917,13.331431,3.230810,0.140400,10.095076,0.000000,312
8650,107155489865348,13.335189,0.532309,0.239315,12.797645,0.000000,312
8651,107155503200537,13.336225,1.253950,0.254322,12.076210,0.000000,312
8652,107155516536762,13.329046,1.204576,0.197003,12.117963,0.000000,312
8653,107155529865808,13.333777,0.695500,0.309666,12.633836,0.000000,312
8654,107155543199585,13.333635,0.717994,0.306000,12.609933,0.000000,312
8655,107155556533220,13.333380,0.718991,0.302319,12.609645,0.000000,312
8656,107155569866600,13.334853,0.725965,0.326012,12.604440,0.000000,312
8657,107155583201453,13.333929,3.702657,0.306404,9.625712,0.000000,312
8658,107155596535382,13.333972,0.906168,0.287454,12.421113,0.000000,312
8659,107155609869354,13.331607,1.138484,0.295172,12.187225,0.000000,312
8660,107155623200961,13.333644,0.860602,0.316019,12.467297,0.000000,312
8661,107155636534605,13.333177,0.915405,0.290586,12.412727,0.000000,312
8662,107155649867782,13.334640,0.762097,0.326534,12.566804,0.000000,312
8663,107155663202422,13.332837,0.881700,0.321381,12.446330,0.000000,312
8664,107155676535259,13.335980,0.892063,0.346871,12.436559,0.000000,312
8665,107155689871239,13.330212,3.791209,0.275635,9.532565,0.000000,312
8666,107155703201451,13.333036,0.826253,0.305721,12.501491,0.000000,312
8667,107155716534487,13.334061,0.982992,0.304947,12.345424,0.000000,312
8668,107155729868548,13.332206,0.672975,0.287490,12.654058,0.000000,312
8669,107155743200754,13.334623,0.681037,0.331752,12.648133,0.000000,312
8670,107155756535377,13.336058,0.877101,0.336174,12.453578,0.000000,312
8671,107155769871435,13.332977,0.905967,0.322362,12.419721,0.000000,312
8672,107155783204412,13.331673,1.047794,0.372299,12.277214,0.000000,312
8673,107155796536085,13.334304,3.526832,1.551391,9.800931,0.000000,312
8674,107155809870389,13.333131,0.753675,0.311398,12.572675,0.000000,312
8675,107155823203520,13.333076,1.192826,0.298221,12.134443,0.000000,312
8676,107155836536596,13.334188,0.836714,0.347754,12.491367,0.000000,312
8677,107155849870784,13.333602,0.800579,0.338661,12.526628,0.000000,312
8678,107155863204386,13.332805,0.919395,0.312318,12.407357,0.000000,312
8679,107155876537191,13.336287,0.949531,0.345125,12.378929,0.000000,312
8680,107155889873478,13.331481,0.929168,0.335123,12.395193,0.000000,312
8681,107155903204959,13.328525,3.520350,0.205919,9.803115,0.000000,312
8682,107155916533484,13.336361,0.607762,0.238722,12.723238,0.000000,312
8683,107155929869845,13.335169,1.012912,0.314197,12.317110,0.000000,312
8684,107155943205014,13.330821,0.828548,0.279665,12.496978,0.000000,312
8685,107155956535835,13.334490,0.716239,0.326068,12.613115,0.000000,312
8686,107155969870325,13.334028,0.808650,0.357914,12.519483,0.000000,312
8687,107155983204353,13.333546,0.907166,0.296622,12.419337,0.000000,312
8688,107155996537899,13.332985,2.318759,0.248589,11.008135,0.000000,312
8689,107156009870884,13.334845,3.768306,0.289499,9.559508,0.000000,312
8690,107156023205729,13.332422,2.237959,0.223618,11.088124,0.000000,312
8691,107156036538151,13.332780,1.275031,0.218849,12.051542,0.000000,312
8692,107156049870931,13.336683,0.848945,0.327706,12.481583,0.000000,312
8693,107156063207614,13.330639,1.056663,0.319840,12.266831,0.000000,313
8694,107156076538253,13.333052,0.934478,0.311596,12.392221,0.000000,313
8695,107156089871305,13.336851,0.864689,0.375181,12.464789,0.000000,313
8696,107156103208156,13.329419,2.308831,0.316533,11.013237,0.000000,313
8697,107156116537575,13.330895,3.576410,0.250589,9.749808,0.000000,313
8698,107156129868470,13.338940,0.654117,0.292921,12.679870,0.000000,313
8699,107156143207410,13.332237,1.061581,0.288765,12.263775,0.000000,313
8700,107156156539647,13.332707,0.943415,0.271461,12.383461,0.000000,313
8701,107156169872354,13.333954,0.748289,0.268825,12.579236,0.000000,313
8702,107156183206308,13.330447,0.830535,0.278459,12.494242,0.000000,313
8703,107156196536755,13.334933,0.729169,0.239958,12.600556,0.000000,313
8704,107156209871688,13.333104,0.698849,0.244241,12.628555,0.000000,313
8705,107156223204792,13.331498,3.359660,0.216762,9.967097,0.000000,313
8706,107156236536290,13.336806,0.764331,0.233375,12.567998,0.000000,313
8707,107156249873096,13.335432,1.106739,0.312669,12.221552,0.000000,313
8708,107156263208528,13.330868,0.995038,0.289546,12.328929,0.000000,313
8709,107156276539396,13.333702,0.794697,1.294548,12.533210,0.000000,313
8710,107156289873098,13.335034,0.701671,0.361616,12.628086,0.000000,313
8711,107156303208132,13.336657,0.973618,0.353067,12.355381,0.000000,313
8712,107156316544789,13.332386,1.659314,0.338811,11.662312,0.000000,313
8713,107156329877175,13.328181,3.903460,0.268977,9.417997,0.000000,313
8714,107156343205356,13.333930,0.882207,0.321430,12.446224,0.000000,313
8715,107156356539286,13.333325,1.151871,0.315623,12.175954,0.000000,313
8716,107156369872611,13.332247,0.691751,0.306746,12.635421,0.000000,313
8717,107156383204858,13.336527,0.711832,0.315079,12.619605,0.000000,313
8718,107156396541385,13.330024,0.780330,0.295253,12.544615,0.000000,313
8719,107156409871409,13.335277,0.617114,0.225067,12.712467,0.000000,313
8720,107156423206686,13.334206,0.739198,0.849221,12.589217,0.000000,313
8721,107156436540892,13.330697,3.478337,0.787087,9.846568,0.000000,313
8722,107156449871589,13.335936,0.625967,0.393026,12.703885,0.000000,313
8723,107156463207525,13.336031,1.188918,0.334772,12.139014,0.000000,313
8724,107156476543556,13.330788,0.937747,0.315643,12.386623,0.000000,313
8725,107156489874344,13.333515,0.730241,0.293504,12.596619,0.000000,313
8726,107156503207859,13.334200,0.886484,0.225689,12.442100,0.000000,313
8727,107156516542059,13.330842,0.956123,0.207478,12.368910,0.000000,313
8728,107156529872901,13.333065,0.708368,0.269523,12.620039,0.000000,313
8729,107156543205966,13.333949,3.329419,0.211816,9.999598,0.000000,313
8730,107156556539915,13.332595,0.746937,0.205455,12.580585,0.000000,313
8731,107156569872510,13.333468,0.890113,0.207111,12.437761,0.000000,313
8732,107156583205978,13.333872,0.703794,0.196083,12.624654,0.000000,313
8733,107156596539850,13.333230,0.727736,0.296662,12.600321,0.000000,313
8734,107156609873080,13.335303,0.775005,0.299927,12.554849,0.000000,313
8735,107156623208383,13.335956,0.841626,0.304599,12.487390,0.000000,313
8736,107156636544339,13.331536,0.994627,0.351239,12.329916,0.000000,313
8737,107156649875875,13.330232,3.815248,0.279192,9.509552,0.000000,313
8738,107156663206107,13.336412,0.724924,0.279676,12.606513,0.000000,313
8739,107156676542519,13.330734,1.111085,0.242748,12.214104,0.000000,313
8740,107156689873253,13.334198,0.676738,0.249683,12.652961,0.000000,313
8741,107156703207451,13.333356,0.775014,0.356220,12.552962,0.000000,313
8742,107156716540807,13.333587,0.719804,0.230332,12.608734,0.000000,313
8743,107156729874394,13.333045,0.692898,0.184617,12.634784,0.000000,313
8744,107156743207439,13.332651,0.671475,0.215820,12.656647,0.000000,313
8745,107156756540090,13.334225,3.276266,0.203199,10.053159,0.000000,313
8746,107156769874315,13.332670,0.644649,0.183179,12.683332,0.000000,313
8747,107156783206985,13.334085,0.943404,0.177613,12.385465,0.000000,313
8748,107156796541070,13.334291,0.682669,0.198756,12.646236,0.000000,313
8749,107156809875361,13.331360,0.675955,0.169106,12.649770,0.000000,313
8750,107156823206721,13.334437,0.725501,0.205610,12.604354,0.000000,313
8751,107156836541158,13.335641,0.879492,0.300330,12.450149,0.000000,313
8752,107156849876799,13.332069,0.766723,0.348057,12.558578,0.000000,313
8753,107156863208868,13.331846,3.347679,0.264816,9.979642,0.000000,314
8754,107156876540714,13.335197,0.691084,0.294086,12.639211,0.000000,314
8755,107156889875911,13.333766,0.932832,0.341330,12.394936,0.000000,314
8756,107156903209677,13.332012,1.754424,0.283813,11.572322,0.000000,314
8757,107156916541689,13.336150,0.890601,0.294726,12.439779,0.000000,314
8758,107156929877839,13.331389,0.777715,0.336162,12.547086,0.000000,314
8759,107156943209228,13.332279,0.784946,0.227504,12.541597,0.000000,314
8760,107156956541507,13.338014,0.852688,0.310135,12.478755,0.000000,314
8761,107156969879521,13.329034,3.525250,0.228630,9.797138,0.000000,314
8762,107156983208555,13.333434,0.860351,0.220888,12.467935,0.000000,314
8763,107156996541989,13.335000,1.012549,0.222068,12.317164,0.000000,314
8764,107157009876989,13.333064,0.821662,0.217137,12.506185,0.000000,314
8765,107157023210053,13.334228,0.857338,0.215837,12.471081,0.000000,314
8766,107157036544281,13.332009,0.932402,0.217705,12.394050,0.000000,314
8767,107157049876290,13.336609,0.814559,0.218924,12.515717,0.000000,314
8768,107157063212899,13.330404,0.919993,0.238188,12.403308,0.000000,314
8769,107157076543303,13.332703,3.281658,0.157263,10.045393,0.000000,314
8770,107157089876006,13.335238,0.661767,0.208230,12.667775,0.000000,314
8771,107157103211244,13.333023,1.163207,0.203247,12.163317,0.000000,314
8772,107157116544267,13.331379,0.824306,0.281727,12.501334,0.000000,314
8773,107157129875646,13.334267,0.640144,0.240044,12.688919,0.000000,314
8774,107157143209913,13.331711,0.755460,0.372126,12.571242,0.000000,314
8775,107157156541624,13.334563,0.735142,0.216986,12.594332,0.000000,314
8776,107157169876187,13.337121,0.758637,0.370490,12.572107,0.000000,314
8777,107157183213308,13.329532,3.447824,0.304805,9.875052,0.000000,314
8778,107157196542840,13.334576,0.770808,0.313049,12.558041,0.000000,314
8779,107157209877416,13.335747,0.920537,0.323905,12.409959,0.000000,314
8780,107157223213163,13.330477,0.816250,0.291274,12.508854,0.000000,314
8781,107157236543640,13.334399,0.718406,0.317291,12.611090,0.000000,314
8782,107157249878039,13.334387,0.692568,0.336597,12.636044,0.000000,314
8783,107157263212426,13.332870,0.837357,0.317340,12.489085,0.000000,314
8784,107157276545296,13.332749,0.754340,0.346618,12.572842,0.000000,314
8785,107157289878045,13.335306,3.135535,0.327554,10.193909,0.000000,314
8786,107157303213351,13.331598,0.839460,0.326698,12.485693,0.000000,314
8787,107157316544949,13.333017,1.196997,0.304397,12.131208,0.000000,314
8788,107157329877966,13.336381,0.843540,0.337510,12.485695,0.000000,314
8789,107157343214347,13.332054,0.978033,0.306056,12.346177,0.000000,314
8790,107157356546401,13.333950,0.853477,0.335218,12.473890,0.000000,314
8791,107157369880351,13.330641,0.724826,0.241303,12.600785,0.000000,314
8792,107157383210992,13.336033,0.759671,0.217693,12.570839,0.000000,314
8793,107157396547025,13.331270,3.247808,0.165288,10.077488,0.000000,314
8794,107157409878295,13.334454,0.667878,0.190117,12.661185,0.000000,314
8795,107157423212749,13.334492,1.017283,0.183653,12.311933,0.000000,314
8796,107157436547241,13.332066,0.820587,0.179399,12.505678,0.000000,314
8797,107157449879307,13.336173,0.757329,0.195814,12.571783,0.000000,314
8798,107157463215480,13.332113,0.839082,0.179682,12.486566,0.000000,314
8799,107157476547593,13.330957,0.824567,0.181587,12.499941,0.000000,314
8800,107157489878550,13.333259,0.701243,0.197041,12.626779,0.000000,314
8801,107157503211809,13.336078,3.218652,0.176945,10.111255,0.000000,314
8802,107157516547887,13.331679,0.814219,0.183710,12.510863,0.000000,314
8803,107157529879566,13.334159,0.920403,0.184885,12.408516,0.000000,314
8804,107157543213725,13.334114,0.796670,0.179697,12.531598,0.000000,314
8805,107157556547839,13.330969,0.833679,0.270736,12.490934,0.000000,314
8806,107157569878808,13.333799,0.692897,0.311576,12.635523,0.000000,314
8807,107157583212607,13.335460,0.747396,0.317608,12.582398,0.000000,314
8808,107157596548067,13.331550,0.834298,0.330996,12.490452,0.000000,314
8809,107157609879617,13.333283,3.101478,0.308102,10.226776,0.000000,314
8810,107157623212900,13.335699,0.721439,0.284612,12.607990,0.000000,314
8811,107157636548599,13.334948,1.111423,0.532203,12.216597,0.000000,314
8812,107157649883547,13.329232,0.821401,0.297724,12.501752,0.000000,314
8813,107157663212779,13.335678,0.770336,0.211786,12.559308,0.000000,314
8814,107157676548457,13.330654,0.826517,0.162808,12.498685,0.000000,315
8815,107157689879111,13.336109,0.643054,0.194974,12.687145,0.000000,315
8816,107157703215220,13.331034,0.826663,0.239177,12.498182,0.000000,315
8817,107157716546254,13.334261,4.243623,0.184223,9.084864,0.000000,315
8818,107157729880515,13.335657,0.732214,0.217501,12.596561,0.000000,315
8819,107157743216172,13.330590,1.053279,0.199860,12.270647,0.000000,315
8820,107157756546762,13.337217,0.751913,0.185172,12.579189,0.000000,315
8821,107157769883979,13.329111,0.796127,0.190979,12.525903,0.000000,315
8822,107157783213090,13.334212,0.731301,0.163358,12.597797,0.000000,315
8823,107157796547302,13.335924,0.736280,0.305223,12.593297,0.000000,315
8824,107157809883226,13.330624,0.779716,0.293297,12.544118,0.000000,315
8825,107157823213850,13.332373,3.280208,0.240822,10.046625,0.000000,315
8826,107157836546223,13.334649,0.749732,0.263959,12.579299,0.000000,315
8827,107157849880872,13.333805,1.010355,0.325369,12.317163,0.000000,315
8828,107157863214677,13.332369,0.819188,0.295903,12.507893,0.000000,315
8829,107157876547046,13.332692,0.768707,0.316038,12.558554,0.000000,315
8830,107157889879738,13.333601,0.632494,0.328959,12.695052,0.000000,315
8831,107157903213339,13.331877,0.721181,0.301425,12.605047,0.000000,315
8832,107157916545216,13.337039,0.677790,0.364976,12.653675,0.000000,315
8833,107157929882255,13.332773,3.177534,0.276959,10.148590,0.000000,315
8834,107157943215028,13.330155,0.814561,0.202482,12.510705,0.000000,315
8835,107157956545183,13.335361,1.001800,0.188324,12.327911,0.000000,315
8836,107157969880544,13.334304,0.667402,0.214452,12.661585,0.000000,315
8837,107157983214848,13.332669,0.771721,0.200118,12.555071,0.000000,315
8838,107157996547517,13.333101,0.720128,0.181328,12.607017,0.000000,315
8839,107158009880618,13.335392,0.674853,0.233434,12.654853,0.000000,315
8840,107158023216010,13.331676,0.810203,0.218946,12.515144,0.000000,315
8841,107158036547686,13.333850,3.183647,0.215343,10.144919,0.000000,315
8842,107158049881536,13.334649,0.677759,0.246818,12.650451,0.000000,315
8843,107158063216185,13.330841,1.095224,0.219181,12.229343,0.000000,315
8844,107158076547026,13.333521,0.743138,0.205073,12.585713,0.000000,315
8845,107158089880547,13.334656,0.654258,0.231003,12.675292,0.000000,315
8846,107158103215203,13.335404,0.894966,0.226197,12.433557,0.000000,315
8847,107158116550607,13.332441,0.969531,0.208953,12.356445,0.000000,315
8848,107158129883048,13.335346,0.844226,0.237323,12.485091,0.000000,315
8849,107158143218394,13.333073,3.393772,0.242217,9.932305,0.000000,315
8850,107158156551467,13.330924,0.963738,0.225131,12.360407,0.000000,315
8851,107158169882391,13.336361,1.169959,0.229125,12.159587,0.000000,315
8852,107158183218752,13.330861,1.004876,0.217060,12.318438,0.000000,315
8853,107158196549613,13.333459,0.794683,0.213018,12.532648,0.000000,315
8854,107158209883072,13.334910,0.696379,0.226590,12.632003,0.000000,315
8855,107158223217982,13.334024,0.944535,0.235506,12.382127,0.000000,315
8856,107158236552006,13.354335,1.004555,0.280947,12.334687,0.000000,315
8857,107158249906341,13.311661,7.717061,0.253487,5.575614,0.000000,315
8858,107158263218002,13.331647,0.703153,0.297733,12.623125,0.000000,315
8859,107158276549649,13.332014,0.998590,0.280238,12.327921,0.000000,315
8860,107158289881663,13.335306,0.636871,0.285532,12.693754,0.000000,315
8861,107158303216969,13.335553,0.794009,0.284590,12.535493,0.000000,315
8862,107158316552522,13.329773,0.833518,0.302014,12.490117,0.000000,315
8863,107158329882295,13.337095,0.678030,0.242541,12.653079,0.000000,315
8864,107158343219390,13.333017,1.035730,0.229271,12.289823,0.000000,315
8865,107158356552407,13.332313,3.699485,0.219436,9.626968,0.000000,315
8866,107158369884720,13.334104,0.874178,0.224875,12.453170,0.000000,315
8867,107158383218824,13.337824,3.160974,0.237975,10.167935,0.000000,315
8868,107158396556648,13.329320,1.181862,0.223740,12.140329,0.000000,315
8869,107158409885968,13.335513,0.928206,0.233662,12.399290,0.000000,315
8870,107158423221481,13.331648,1.053569,0.227930,12.270201,0.000000,315
8871,107158436553129,13.334473,0.868927,0.194145,12.458885,0.000000,315
8872,107158449887602,13.338384,0.807391,0.229337,12.518426,0.000000,315
8873,107158463225986,13.327649,3.290850,0.179793,10.028869,0.000000,315
8874,107158476553635,13.334266,0.833643,0.198214,12.493560,0.000000,316
8875,107158489887901,13.332781,1.076469,0.194130,12.248571,0.000000,316
8876,107158503220682,13.333854,0.858306,0.228951,12.468666,0.000000,316
8877,107158516554536,13.332591,0.921345,0.192503,12.403376,0.000000,316
8878,107158529887127,13.333670,0.790885,0.189268,12.536039,0.000000,316
8879,107158543220797,13.338039,0.858189,0.306453,12.468391,0.000000,316
8880,107158556558836,13.327698,0.846037,0.399100,12.474701,0.000000,316
8881,107158569886534,13.476578,5.942031,0.391823,7.520685,0.000000,316
8882,107158583363112,13.424140,2.217127,0.327773,11.174350,0.000000,316
8883,107158596787252,13.317089,2.354824,0.324430,10.932300,0.000000,316
8884,107158610104341,13.322028,1.068875,0.311938,12.245367,0.000000,316
8885,107158623426369,13.336648,0.927058,0.310394,12.403015,0.000000,316
8886,107158636763017,13.332073,0.957434,0.316296,12.367243,0.000000,316
8887,107158650095090,13.334267,0.758660,0.315719,12.569007,0.000000,316
8888,107158663429357,13.333142,0.831612,0.318938,12.495518,0.000000,316
8889,107158676762499,13.334495,3.238500,0.235583,10.089543,0.000000,316
8890,107158690096994,13.331435,0.807363,0.220014,12.517115,0.000000,316
8891,107158703428429,13.335104,1.079969,0.236267,12.248920,0.000000,316
8892,107158716763533,13.334377,0.916196,0.249695,12.410642,0.000000,316
8893,107158730097910,13.332323,0.985570,0.217761,12.338970,0.000000,316
8894,107158743430233,13.333686,0.965140,0.231105,12.361527,0.000000,316
8895,107158756763919,13.332541,0.835831,0.229767,12.488960,0.000000,316
8896,107158770096460,13.333660,0.761750,0.238174,12.565646,0.000000,316
8897,107158783430120,13.331216,3.269870,0.218153,10.055110,0.000000,316
8898,107158796761336,13.334537,0.769482,0.231263,12.559065,0.000000,316
8899,107158810095873,13.335000,1.005793,0.229731,12.322418,0.000000,316
8900,107158823430873,13.331313,0.858873,0.227781,12.465294,0.000000,316
8901,107158836762186,13.334979,0.762323,0.334673,12.566113,0.000000,316
8902,107158850097165,13.332476,0.773545,0.324555,12.551952,0.000000,316
8903,107158863429641,13.333989,0.819046,0.334517,12.508336,0.000000,316
8904,107158876763630,13.332943,0.830271,0.347781,12.496049,0.000000,316
8905,107158890096573,13.330700,3.182655,0.407848,10.142407,0.000000,316
8906,107158903427273,13.335119,0.911473,0.318386,12.416790,0.000000,316
8907,107158916762392,13.332607,1.021117,0.322186,12.305667,0.000000,316
8908,107158930094999,13.333431,0.695237,0.329406,12.631996,0.000000,316
8909,107158943428430,13.332972,0.784544,0.294417,12.542777,0.000000,316
8910,107158956761402,13.333124,0.732342,0.329444,12.595150,0.000000,316
8911,107158970094526,13.344488,0.771987,0.230513,12.562928,0.000000,316
8912,107158983439014,13.325065,0.905372,0.236049,12.412124,0.000000,316
8913,107158996764079,13.346473,3.235158,0.266434,10.099699,0.000000,316
8914,107159010110552,13.323692,0.911864,0.317617,12.401561,0.000000,316
8915,107159023434244,13.327947,1.282699,0.301146,12.037466,0.000000,316
8916,107159036762191,13.333551,0.753109,0.327430,12.574933,0.000000,316
8917,107159050095742,13.337147,0.838022,0.331032,12.492040,0.000000,316
8918,107159063432889,13.330615,1.049615,0.290694,12.273450,0.000000,316
8919,107159076763504,13.335861,0.841059,0.334193,12.488052,0.000000,316
8920,107159090099365,13.332720,0.766194,0.324199,12.559899,0.000000,316
8921,107159103432085,13.332459,3.398832,0.332575,9.925874,0.000000,316
8922,107159116764544,13.332487,1.022066,0.321063,12.303263,0.000000,316
8923,107159130097031,13.334135,1.214785,0.340357,12.111977,0.000000,316
8924,107159143431166,13.338350,0.972574,0.384784,12.356789,0.000000,316
8925,107159156769516,13.331493,1.118924,0.330704,12.202800,0.000000,316
8926,107159170101009,13.335449,0.953648,0.321791,12.373170,0.000000,316
8927,107159183436458,13.330544,1.070814,0.318096,12.251534,0.000000,316
8928,107159196767002,13.332820,1.021260,0.236339,12.302702,0.000000,317
8929,107159210099822,13.331966,3.607351,0.320034,9.718120,0.000000,317
8930,107159223431788,13.334431,0.935777,0.376701,12.390815,0.000000,317
8931,107159236766219,13.332689,2.025636,0.323806,11.300251,0.000000,317
8932,107159250098908,13.333772,0.740421,0.355053,12.586657,0.000000,317
8933,107159263432680,13.335198,0.966677,0.334882,12.361206,0.000000,317
8934,107159276767878,13.331270,1.028737,0.333594,12.294513,0.000000,317
8935,107159290099148,13.335795,0.874647,0.314888,12.453976,0.000000,317
8936,107159303434943,13.333354,1.039901,0.350807,12.285226,0.000000,317
8937,107159316768297,13.329543,3.766388,0.304511,9.556072,0.000000,317
8938,107159330097840,13.335157,0.832123,0.317613,12.496689,0.000000,317
8939,107159343432997,13.334669,1.328342,0.293536,11.998946,0.000000,317
8940,107159356767666,13.333595,0.924523,0.325425,12.402070,0.000000,317
8941,107159370101261,13.332299,0.709331,0.323357,12.616823,0.000000,317
8942,107159383433560,13.336252,0.886770,0.370618,12.442554,0.000000,317
8943,107159396769812,13.329689,0.968125,0.314575,12.354378,0.000000,317
8944,107159410099501,13.332011,0.728616,0.316151,12.597475,0.000000,317
8945,107159423431512,13.335839,3.295744,0.358042,10.034724,0.000000,317
8946,107159436767351,13.330513,0.854271,0.316624,12.469811,0.000000,317
8947,107159450097864,13.333781,0.972015,0.307386,12.355728,0.000000,317
8948,107159463431645,13.333709,0.806246,0.328113,12.521562,0.000000,317
8949,107159476765354,13.332898,0.799088,0.324858,12.528529,0.000000,317
8950,107159490098252,13.332465,0.690393,0.314883,12.636221,0.000000,317
8951,107159503430717,13.335188,0.692581,0.331469,12.636523,0.000000,317
8952,107159516765905,13.332271,0.819173,0.304250,12.506350,0.000000,317
8953,107159530098176,13.332339,3.068066,0.303392,10.258999,0.000000,317
8954,107159543430515,13.335321,0.683523,0.346694,12.645714,0.000000,317
8955,107159556765836,13.333999,0.999789,0.347582,12.327496,0.000000,317
8956,107159570099835,13.331864,0.716092,0.306381,12.609670,0.000000,317
8957,107159583431699,13.333692,0.782388,0.311473,12.545919,0.000000,317
8958,107159596765391,13.333156,0.756175,0.484887,12.570272,0.000000,317
8959,107159610098547,13.332501,0.677355,0.348661,12.649163,0.000000,317
8960,107159623431048,13.334417,0.804203,0.428781,12.524571,0.000000,317
8961,107159636765465,13.333075,3.167859,0.426429,10.159277,0.000000,317
8962,107159650098540,13.333343,0.770343,0.489772,12.557433,0.000000,317
8963,107159663431883,13.333635,0.979282,0.315421,12.349021,0.000000,317
8964,107159676765518,13.331411,0.760670,0.502637,12.565113,0.000000,317
8965,107159690096929,13.335664,0.599237,0.316915,12.731590,0.000000,317
8966,107159703432593,13.334765,0.779599,0.314253,12.548845,0.000000,317
8967,107159716767358,13.332166,0.769001,0.326785,12.557093,0.000000,317
8968,107159730099524,13.333394,0.635922,0.527985,12.692102,0.000000,317
8969,107159743432918,13.332575,3.212803,0.326733,10.113879,0.000000,317
8970,107159756765493,13.332638,0.824663,0.538321,12.502856,0.000000,317
8971,107159770098131,13.334725,0.911214,0.332439,12.418462,0.000000,317
8972,107159783432856,13.332068,0.893596,0.478710,12.433245,0.000000,317
8973,107159796764924,13.336311,0.959274,0.568010,12.369501,0.000000,317
8974,107159810101235,13.330185,0.845483,0.318328,12.477775,0.000000,317
8975,107159823431420,13.332768,0.947271,0.283988,12.380673,0.000000,317
8976,107159836764188,13.337297,0.806214,0.495213,12.525601,0.000000,317
8977,107159850101485,13.331711,3.163127,0.313385,10.162217,0.000000,317
8978,107159863433196,13.333992,1.027617,0.304262,12.301188,0.000000,317
8979,107159876767188,13.334923,1.011666,0.497532,12.315634,0.000000,317
8980,107159890102111,13.330056,0.801981,0.304468,12.521285,0.000000,317
8981,107159903432167,13.332877,0.800231,0.312970,12.527598,0.000000,317
8982,107159916765044,13.336857,0.761885,0.440455,12.568161,0.000000,317
8983,107159930101901,13.329942,0.922045,0.321093,12.400216,0.000000,317
8984,107159943431843,13.332848,0.718027,0.318922,12.608966,0.000000,317
8985,107159956764691,13.337748,3.157446,0.476118,10.174572,0.000000,317
8986,107159970102439,13.329499,0.928405,0.350612,12.395152,0.000000,317
8987,107159983431938,13.333952,0.948973,0.322326,12.380571,0.000000,317
8988,107159996765890,13.333846,0.707307,0.313843,12.621492,0.000000,317
8989,107160010099736,13.333838,0.636442,0.320611,12.691970,0.000000,317
8990,107160023433574,13.332364,0.802231,0.281487,12.524620,0.000000,317
8991,107160036765938,13.334464,0.687332,0.391469,12.641098,0.000000,318
8992,107160050100402,13.332287,0.808757,0.215033,12.518213,0.000000,318
8993,107160063432689,13.333137,3.107991,0.288906,10.219937,0.000000,318
8994,107160076765826,13.338400,0.685580,0.327512,12.646702,0.000000,318
8995,107160090104226,13.329058,1.069655,0.295901,12.252778,0.000000,318
8996,107160103433284,13.332856,0.694797,0.291405,12.633286,0.000000,318
8997,107160116766140,13.334913,0.649949,0.308402,12.679863,0.000000,318
8998,107160130101053,13.333716,0.626201,0.324348,12.701685,0.000000,318
8999,107160143434769,13.332458,0.740836,0.329542,12.585167,0.000000,318
9000,107160156767227,13.332280,0.725898,0.304773,12.601519,0.000000,318
9001,107160170099507,13.334488,3.002877,0.396137,10.326588,0.000000,318
9002,107160183433995,13.334304,0.876364,0.323662,12.452222,0.000000,318
9003,107160196768299,13.336693,0.933266,0.235626,12.396212,0.000000,318
9004,107160210104992,13.332944,0.740473,0.201810,12.586050,0.000000,318
9005,107160223437936,13.332223,0.955968,0.216674,12.369702,0.000000,318
9006,107160236770159,13.332524,0.840039,0.210186,12.486929,0.000000,318
9007,107160250102683,13.335601,0.786486,0.224990,12.541692,0.000000,318
9008,107160263438284,13.328713,0.884181,0.228341,12.437673,0.000000,318
9009,107160276766997,13.334246,3.241932,0.209274,10.087771,0.000000,318
9010,107160290101243,13.334109,0.618189,0.250191,12.711255,0.000000,318
9011,107160303435352,13.336204,1.123352,0.212663,12.203530,0.000000,318
9012,107160316771556,13.336214,0.678780,0.169048,12.648417,0.000000,318
9013,107160330107770,13.329568,0.768065,0.181645,12.553439,0.000000,318
9014,107160343437338,13.331352,0.877922,0.160772,12.446491,0.000000,318
9015,107160356768690,13.334526,0.751768,0.168844,12.577239,0.000000,318
9016,107160370103216,13.338506,0.685598,0.202715,12.645463,0.000000,318
9017,107160383441722,13.328213,3.270382,0.158941,10.050755,0.000000,318
9018,107160396769935,13.332891,0.744075,0.174784,12.583683,0.000000,318
9019,107160410102826,13.335382,0.915143,0.238935,12.414168,0.000000,318
9020,107160423438208,13.329457,0.957691,0.214081,12.366326,0.000000,318
9021,107160436767665,13.338298,0.702747,0.258390,12.627102,0.000000,318
9022,107160450105963,13.333384,0.800652,0.318491,12.526699,0.000000,318
9023,107160463439347,13.329054,0.970283,0.245980,12.353289,0.000000,318
9024,107160476768401,13.339643,0.768580,0.262660,12.561800,0.000000,318
9025,107160490108044,13.332404,3.264823,0.251742,10.059082,0.000000,318
9026,107160503440448,13.330727,0.842327,0.320216,12.481318,0.000000,318
9027,107160516771175,13.334113,1.324877,0.223866,12.003115,0.000000,318
9028,107160530105288,13.333418,0.929063,0.206481,12.398395,0.000000,318
9029,107160543438706,13.334894,1.053738,0.222389,12.274257,0.000000,318
9030,107160556773600,13.330231,1.075111,0.262582,12.248668,0.000000,318
9031,107160570103831,13.333824,1.012223,0.269880,12.315966,0.000000,318
9032,107160583437655,13.335841,1.151811,0.232832,12.177002,0.000000,318
9033,107160596773496,13.331787,3.781344,0.252622,9.542570,0.000000,318
9034,107160610105283,13.334880,0.970799,0.213264,12.356744,0.000000,318
9035,107160623440163,13.333809,1.379389,0.283714,11.947741,0.000000,318
9036,107160636773972,13.335132,1.096798,0.208087,12.230150,0.000000,318
9037,107160650109104,13.328996,0.878616,0.282367,12.443254,0.000000,318
9038,107160663438100,13.334835,1.148182,0.245554,12.179906,0.000000,318
9039,107160676772935,13.331446,1.091968,0.207788,12.232186,0.000000,318
9040,107160690104381,13.338472,0.848918,0.211305,12.481412,0.000000,318
9041,107160703442853,13.329087,3.541655,0.217488,9.780143,0.000000,318
9042,107160716771940,13.334472,0.854003,0.215974,12.472188,0.000000,318
9043,107160730106412,13.330103,0.978687,0.208342,12.345714,0.000000,318
9044,107160743436515,13.336870,0.806533,0.273502,12.525049,0.000000,318
9045,107160756773385,13.341043,0.919889,0.216122,12.409618,0.000000,319
9046,107160770114428,13.330057,0.830763,0.206440,12.488756,0.000000,319
9047,107160783444485,13.332692,0.827383,0.267545,12.497830,0.000000,319
9048,107160796777177,13.336799,2.212483,0.221818,11.116496,0.000000,319
9049,107160810113976,13.327455,3.138709,0.205029,10.178735,0.000000,319
9050,107160823441431,13.330497,0.932706,0.277785,12.390851,0.000000,319
9051,107160836771928,13.334254,1.203938,0.320934,12.122951,0.000000,319
9052,107160850106182,13.331250,0.803509,0.280645,12.522273,0.000000,319
9053,107160863437432,13.335632,0.874111,0.282860,12.455051,0.000000,319
9054,107160876773064,13.331050,0.900628,0.320914,12.424215,0.000000,319
9055,107160890104114,13.333692,0.679217,0.315151,12.648797,0.000000,319
9056,107160903437806,13.335257,0.815340,0.324590,12.514479,0.000000,319
9057,107160916773063,13.332148,3.297319,0.359497,10.028848,0.000000,319
9058,107160930105211,13.332296,0.706883,0.299978,12.618761,0.000000,319
9059,107160943437507,13.336534,1.083329,0.276619,12.245696,0.000000,319
9060,107160956774041,13.333641,0.711616,0.324171,12.616302,0.000000,319
9061,107160970107682,13.332523,0.847409,0.373225,12.477611,0.000000,319
9062,107160983440205,13.341036,1.015687,0.324718,12.314766,0.000000,319
9063,107160996781241,13.328587,1.180821,0.337897,12.138413,0.000000,319
9064,107161010109828,13.331772,1.006890,0.325785,12.316286,0.000000,319
9065,107161023441600,13.331565,3.714037,0.359569,9.610996,0.000000,319
9066,107161036773165,13.336112,1.044871,0.319770,12.284340,0.000000,319
9067,107161050109277,13.331390,1.382587,0.295294,11.941989,0.000000,319
9068,107161063440667,13.331643,0.933697,0.287849,12.392458,0.000000,319
9069,107161076772310,13.337106,0.903580,0.362979,12.426989,0.000000,319
9070,107161090109416,13.334289,1.080688,0.337780,12.243482,0.000000,319
9071,107161103443705,13.330666,1.129368,0.316488,12.193940,0.000000,319
9072,107161116774371,13.334676,0.984448,0.320430,12.343203,0.000000,319
9073,107161130109047,13.330775,3.678525,0.285929,9.645410,0.000000,319
9074,107161143439822,13.337178,0.911231,0.526650,12.419636,0.000000,319
9075,107161156777000,13.330174,1.367288,0.290444,11.955579,0.000000,319
9076,107161170107174,13.335568,0.665677,0.370117,12.664132,0.000000,319
9077,107161183442742,13.333695,1.109956,0.489273,12.217199,0.000000,319
9078,107161196776437,13.336111,1.170193,0.381254,12.156105,0.000000,319
9079,107161210112548,13.329756,0.904173,0.325640,12.418741,0.000000,319
9080,107161223442304,13.334984,0.844363,0.324157,12.482045,0.000000,319
9081,107161236777288,13.330162,3.308570,0.311338,10.015104,0.000000,319
9082,107161250107450,13.341174,0.730575,0.440588,12.602154,0.000000,319
9083,107161263448624,13.325935,1.247246,0.341663,12.070824,0.000000,319
9084,107161276774559,13.335490,0.856828,0.317237,12.472131,0.000000,319
9085,107161290110049,13.333634,0.668188,0.303429,12.658996,0.000000,319
9086,107161303443683,13.335239,0.892885,0.307921,12.433004,0.000000,319
9087,107161316778922,13.339256,0.806449,0.328020,12.522124,0.000000,319
9088,107161330118178,13.327262,0.937019,0.336346,12.381093,0.000000,319
9089,107161343445440,13.334124,3.423054,0.426606,9.901292,0.000000,319
9090,107161356779564,13.328376,0.851566,0.413312,12.470503,0.000000,319
9091,107161370107940,13.335764,1.009958,0.408799,12.319608,0.000000,319
9092,107161383443704,13.332904,0.827937,0.410353,12.496535,0.000000,319
9093,107161396776608,13.330419,0.913593,0.408529,12.412000,0.000000,319
9094,107161410107027,13.336413,0.734551,0.438721,12.595622,0.000000,319
9095,107161423443440,13.333825,0.890778,0.353093,12.435844,0.000000,319
9096,107161436777265,13.330906,0.864261,0.329972,12.461067,0.000000,319
9097,107161450108171,13.336280,3.225098,0.342802,10.104969,0.000000,319
9098,107161463444451,13.331659,0.858796,0.412642,12.467222,0.000000,319
9099,107161476776110,13.332365,1.203010,0.345909,12.123246,0.000000,319
9100,107161490108475,13.336773,0.702030,0.351839,12.628429,0.000000,319
9101,107161503445248,13.330514,0.895426,0.416179,12.429034,0.000000,319
9102,107161516775762,13.334445,0.978996,0.400741,12.349826,0.000000,319
9103,107161530110207,13.335195,0.807888,0.321962,12.520613,0.000000,319
