frame,elapsed_ms
0,16.681384
1,16.705929
2,16.559286
3,16.814365
4,16.617199
5,16.701512
6,16.600805
7,16.731231
8,16.532968
9,17.022087
10,16.438688
11,16.631398
12,16.647857
13,16.695619
14,16.583140
15,16.793335
16,16.600405
17,16.799885
18,16.565109
19,16.635459
20,16.589701
21,16.793744
22,16.639320
23,16.696804
24,16.611186
25,16.756080
26,16.515879
27,16.763283
28,16.644727
29,16.685264
30,16.643800
31,16.647844
32,16.600747
33,16.936057
34,16.546696
35,16.684711
36,16.631312
37,16.629702
38,16.603846
39,16.772366
40,16.637153
41,16.655885
42,16.692131
43,16.622132
44,16.582217
45,16.831550
46,16.726883
47,16.585358
48,16.657278
49,16.758304
50,16.466238
51,16.745659
52,16.645117
53,16.755272
54,16.569133
55,16.665449
56,16.603296
57,16.844329
58,16.711882
59,16.549415
60,16.665575
61,16.659708
62,16.561149
63,16.733205
64,16.660554
65,16.822917
66,16.552533
67,16.622967
68,16.637691
69,16.744546
70,16.647465
71,16.672145
72,16.671094
73,16.748112
74,16.554448
75,16.811350
76,16.675764
77,16.641317
78,16.612235
79,16.700463
80,16.503848
81,16.840801
82,16.556478
83,16.659208
84,16.657782
85,16.672147
86,16.602963
87,16.753057
88,16.715387
89,16.778140
90,16.583866
91,16.607216
92,16.573909
93,16.822762
94,16.649908
95,16.648317
96,16.662685
97,16.641190
98,16.571155
99,16.850729
100,16.671150
101,16.561763
102,16.739356
103,16.652229
104,16.531084
105,16.814781
106,16.749234
107,16.522997
108,16.717785
109,16.672005
110,16.558244
111,16.695678
112,16.666775
113,17.434169
114,16.132352
115,16.451389
116,16.580441
117,16.849765
118,16.724771
119,16.586226
120,22.468946
121,10.859648
122,16.651907
123,16.608984
124,16.682656
125,16.820220
126,16.668202
127,16.685307
128,16.446350
129,16.824854
130,16.627030
131,16.624247
132,16.751651
133,16.586698
134,16.682062
135,16.653697
136,16.665811
137,16.742164
138,16.645992
139,16.669910
140,16.546944
141,16.744697
142,16.758619
143,16.567909
144,16.673301
145,16.681544
146,17.259595
147,16.089022
148,16.639109
149,16.676321
150,16.644789
151,16.639551
152,16.600160
153,17.194970
154,16.616827
155,16.510858
156,16.663348
157,16.646382
158,16.688930
159,16.653495
160,16.637559
161,16.726170
162,16.757143
163,16.541019
164,16.578198
165,16.773713
166,16.705571
167,21.124873
168,12.168071
169,16.732695
170,16.529702
171,16.769096
172,16.619813
173,16.662051
174,16.698769
175,16.627306
176,16.608917
177,16.756746
178,16.710523
179,16.614894
180,16.663427
181,16.647239
182,16.718022
183,16.648309
184,16.662993
185,16.715608
186,17.630214
187,15.713528
188,16.589472
189,16.770176
190,16.667561
191,16.664630
192,16.636961
193,16.784749
194,16.465807
195,16.801231
196,16.620667
197,16.699150
198,16.719505
199,16.592287
200,16.531294
201,16.843470
202,16.714428
203,16.636418
204,16.641366
205,16.674316
206,16.535066
207,16.752743
208,16.606433
209,16.714063
210,16.674010
211,16.651652
212,16.581712
213,16.744596
214,16.719402
215,16.716273
216,16.528564
217,16.662464
218,16.608546
219,16.819767
220,16.751851
221,16.574854
222,16.622963
223,16.678412
224,16.555811
225,16.745095
226,16.692548
227,16.640036
228,16.667874
229,16.652718
230,16.633689
231,16.734301
232,16.644290
233,16.657059
234,16.737042
235,16.722896
236,16.464574
237,16.824849
238,16.620998
239,16.634544
240,16.644811
241,16.663727
242,16.676637
243,16.731805
244,16.630385
245,16.659385
246,16.689998
247,16.646721
248,16.618800
249,16.777504
250,16.719657
251,16.647062
252,16.635642
253,16.615143
254,16.585582
255,16.752386
256,16.648139
257,16.645152
258,16.707607
259,16.648126
260,16.583863
261,16.805400
262,16.597958
263,16.668625
264,16.714600
265,16.666708
266,16.584513
267,17.083587
268,16.338266
269,16.661450
270,16.729052
271,16.732108
272,16.462857
273,16.794658
274,16.638313
275,16.692861
276,16.593588
277,16.674607
278,16.581309
279,16.783462
280,16.629442
281,16.664756
282,16.693731
283,16.746968
284,16.479264
285,16.747549
286,16.697698
287,16.677415
288,16.660423
289,16.784397
290,16.445127
291,16.988707
292,16.572042
293,16.631203
294,16.814920
295,16.702208
296,16.274051
297,16.781921
298,16.808807
299,16.678210
300,16.634232
301,16.831168
302,16.305940
303,17.057953
304,16.309550
305,16.691219
306,16.706066
307,16.707530
308,16.534847
309,16.970903
310,16.543188
311,16.789909
312,16.462549
313,16.640243
314,16.714899
315,17.497898
316,16.859737
317,17.177990
318,15.662246
319,16.727510
320,16.339529
321,18.391157
322,15.977766
323,16.070323
324,16.521441
325,16.595619
326,16.356340
327,16.925089
328,16.480503
329,16.665053
330,16.690969
331,16.607870
332,16.583595
333,16.797275
334,16.652748
335,16.721317
336,16.611680
337,16.662955
338,16.574484
339,16.876751
340,16.585984
341,16.678158
342,16.612544
343,16.703549
344,16.518729
345,16.743859
346,16.660670
347,16.710493
348,16.697861
349,16.618867
350,16.565525
351,16.767268
352,16.674806
353,16.664591
354,16.682996
355,16.698436
356,16.532464
357,16.722459
358,16.663690
359,16.741581
360,16.593363
361,16.708541
362,16.596247
363,16.799655
364,16.631537
365,16.623954
366,16.700602
367,16.705836
368,16.527143
369,16.836489
370,16.570159
371,16.704305
372,16.600413
373,16.649615
374,16.596325
375,16.787849
376,16.617940
377,16.674909
378,16.700690
379,16.825015
380,16.431528
381,16.757002
382,17.141495
383,16.319024
384,16.662452
385,16.599157
386,16.567722
387,16.788281
388,16.779749
389,16.518430
390,16.646452
391,16.699867
392,16.533408
393,16.774799
394,16.689593
395,16.629162
396,16.836476
397,16.471034
398,16.586245
399,16.822401
400,16.614777
401,16.703835
402,16.689620
403,16.649376
404,16.523879
405,16.834956
406,16.667557
407,16.555750
408,16.704511
409,16.604006
410,16.593452
411,16.822058
412,16.590534
413,16.659396
414,16.659405
415,16.709092
416,16.630822
417,16.753089
418,16.668401
419,16.644889
420,16.890265
421,16.414094
422,16.602451
423,16.770177
424,16.631528
425,16.726228
426,16.766288
427,16.555908
428,16.558297
429,16.921148
430,16.568248
431,16.612424
432,16.752437
433,16.572970
434,16.565810
435,16.837980
436,16.649865
437,16.619250
438,16.644754
439,16.713363
440,16.609483
441,16.694090
442,16.679789
443,16.671288
444,16.650679
445,16.658578
446,16.538037
447,16.829274
448,16.662622
449,16.637119
450,16.654437
451,16.761618
452,16.500667
453,16.776310
454,16.686723
455,16.636219
456,16.659370
457,16.618274
458,16.579518
459,16.811331
460,16.697760
461,16.562278
462,16.668212
463,16.709943
464,16.632288
465,16.689367
466,16.689979
467,16.678315
468,16.662409
469,16.649565
470,16.581137
471,16.788932
472,16.613214
473,16.669845
474,16.669048
475,16.725019
476,16.625335
477,16.723359
478,16.622349
479,16.759927
480,16.604388
481,16.678112
482,16.524035
483,16.879990
484,16.633003
485,16.583132
486,16.695271
487,17.219179
488,16.223306
489,16.785577
490,16.609461
491,16.626213
492,16.755550
493,16.603617
494,16.591885
495,16.769647
496,16.783395
497,16.630776
498,16.668825
499,16.638269
500,16.649233
501,19.969457
502,13.311379
503,16.726748
504,16.636726
505,16.729547
506,16.518288
507,19.791822
508,13.644059
509,17.163038
510,16.172743
511,16.639210
512,16.619565
513,16.733993
514,19.244461
515,14.075929
516,16.851713
517,16.489368
518,16.584361
519,16.756070
520,19.872878
521,13.458642
522,16.654635
523,16.840858
524,16.590854
525,16.722579
526,19.301107
527,14.038125
528,16.836883
529,16.492453
530,16.592729
531,16.763790
532,19.602909
533,13.714322
534,16.666468
535,16.710402
536,16.574374
537,16.738462
538,19.215488
539,14.110987
540,16.696805
541,16.632015
542,16.600397
543,16.770348
544,19.509824
545,13.790303
546,16.644261
547,16.717051
548,16.643085
549,16.711575
550,19.217493
551,14.091440
552,16.691602
553,16.637176
554,16.598645
555,16.771342
556,20.215285
557,13.101373
558,16.644559
559,16.657719
560,16.638447
561,16.714701
562,19.230015
563,14.155292
564,16.679026
565,16.720560
566,16.478164
567,17.030769
568,18.993172
569,14.309427
570,16.453089
571,16.666453
572,16.574932
573,16.775975
574,19.215968
575,14.117580
576,16.662869
577,16.649855
578,16.574057
579,16.761567
580,16.680311
581,19.101207
582,14.207514
583,16.635591
584,16.614623
585,16.758525
586,16.797210
587,19.115781
588,14.068734
589,16.647864
590,16.589139
591,16.760993
592,16.758615
593,16.657443
594,19.158511
595,14.270583
596,16.412374
597,16.738823
598,16.809355
599,16.594477
600,19.145398
601,14.252515
602,16.462186
603,17.055294
604,16.372274
605,16.700765
606,19.094350
607,14.350478
608,16.444356
609,16.773183
610,16.596179
611,16.682235
612,19.201282
613,14.121827
614,16.577753
615,16.757366
616,16.706667
617,16.722733
618,19.061328
619,14.156541
620,16.789385
621,16.600694
622,16.607187
623,16.678950
624,19.795084
625,13.541845
626,16.587286
627,16.754750
628,16.693418
629,16.669674
630,19.138574
631,14.154400
632,16.604642
633,16.792857
634,16.657329
635,16.598956
636,19.243132
637,14.156852
638,16.546552
639,16.814588
640,16.668714
641,16.648934
642,19.234128
643,14.115069
644,16.598387
645,16.737155
646,16.609484
647,16.659130
648,19.163143
649,14.193254
650,16.538803
651,16.804483
652,16.654526
653,16.754402
654,19.025118
655,14.175526
656,16.616845
657,16.765115
658,16.646490
659,16.710904
660,19.919552
661,13.429125
662,16.533818
663,16.718340
664,16.795950
665,16.536022
666,19.203970
667,14.117037
668,16.610398
669,16.791744
670,16.620026
671,16.668168
672,19.179581
673,14.252825
674,16.485604
675,16.768693
676,16.698410
677,16.645068
678,19.122714
679,14.189606
680,16.602032
681,16.905447
682,16.470519
683,16.695853
684,19.532645
685,13.855918
686,16.531250
687,16.778007
688,16.714510
689,16.668748
690,19.450428
691,13.840473
692,16.574385
693,16.933720
694,16.475631
695,16.678769
696,19.632934
697,13.783812
698,16.455410
699,16.757801
700,17.003372
701,16.475027
702,19.346912
703,13.843261
704,16.590457
705,16.786977
706,16.644201
707,16.642833
708,19.153631
709,14.181079
710,16.568734
711,16.738205
712,16.661398
713,16.690943
714,19.133234
715,14.250731
716,16.558292
717,16.786842
718,16.629395
719,16.640772
720,19.131829
721,14.205927
722,16.581503
723,16.750984
724,16.647237
725,16.693569
726,19.110286
727,14.198947
728,16.589858
729,16.793728
730,16.621422
731,16.685230
732,19.652763
733,13.665249
734,16.605552
735,16.741790
736,16.653672
737,16.688297
738,19.138646
739,14.191762
740,16.582232
741,16.774982
742,16.633040
743,16.657908
744,19.155574
745,14.237222
746,16.588009
747,16.719374
748,16.650105
749,16.885908
750,19.149877
751,14.182841
752,16.635971
753,16.724652
754,16.629402
755,16.741635
756,19.123979
757,14.131660
758,16.586813
759,16.730333
760,16.674462
761,16.688122
762,19.119486
763,14.184211
764,16.585564
765,16.804714
766,19.873910
767,17.020639
768,19.194030
769,14.077584
770,16.723037
771,16.558510
772,16.799933
773,16.605615
774,19.147482
775,14.208213
776,16.627089
777,16.606074
778,16.749977
779,16.730162
780,19.135929
781,14.137957
782,16.623166
783,16.627299
784,16.786013
785,16.674588
786,19.672211
787,13.605198
788,16.668472
789,16.589601
790,16.733985
791,16.661793
792,19.217786
793,14.160556
794,16.694818
795,16.553732
796,16.783781
797,16.581677
798,19.208111
799,14.179744
800,16.705108
801,16.523543
802,16.782133
803,16.603947
804,19.322349
805,14.022677
806,16.646159
807,16.607456
808,16.769408
809,16.723536
810,19.644150
811,13.602003
812,16.696049
813,16.573317
814,16.736446
815,16.624995
816,19.223077
817,14.124977
818,16.664508
819,16.608778
820,16.754228
821,16.696626
822,19.084626
823,14.197038
824,16.680590
825,16.624857
826,16.708173
827,16.712280
828,19.185468
829,14.275472
830,16.543378
831,16.530227
832,16.818248
833,16.659262
834,19.134914
835,14.116521
836,16.780501
837,16.504127
838,17.434994
839,15.964108
840,19.245068
841,14.225090
842,16.557934
843,16.579848
844,16.763451
845,16.655086
846,19.437574
847,13.889088
848,16.677279
849,16.603084
850,16.776054
851,17.356113
852,18.749625
853,13.852775
854,16.644095
855,16.649712
856,16.686989
857,16.649339
858,19.149647
859,14.182698
860,16.786156
861,16.527588
862,16.710006
863,16.659507
864,20.048965
865,13.480967
866,16.467334
867,16.583460
868,16.789822
869,16.627975
870,19.558434
871,13.771540
872,16.699507
873,16.585728
874,16.739681
875,16.642447
876,19.568542
877,13.855608
878,16.589025
879,16.585688
880,16.781682
881,16.923418
882,19.279325
883,13.905978
884,16.593943
885,16.541207
886,16.793296
887,16.698502
888,19.520678
889,13.821787
890,16.567698
891,16.575548
892,16.767006
893,16.655033
894,19.519553
895,13.800657
896,16.672284
897,16.599695
898,16.744491
899,16.650843
900,19.489159
901,13.875666
902,16.655950
903,16.772353
904,16.553028
905,16.747209
906,19.486473
907,13.880135
908,16.635059
909,16.518599
910,16.710116
911,16.648036
912,19.552726
913,13.805181
914,16.659842
915,16.591397
916,16.776829
917,16.626012
918,19.143934
919,14.175241
920,16.689562
921,16.597912
922,16.772577
923,16.638921
924,19.192082
925,14.289320
926,16.550911
927,16.584742
928,16.719412
929,16.676755
930,19.147405
931,14.262011
932,16.605720
933,16.608566
934,16.744076
935,16.625646
936,19.150104
937,14.209549
938,16.616813
939,16.602315
940,16.764279
941,16.695951
942,19.090779
943,14.175293
944,16.667862
945,16.606572
946,16.725084
947,16.660829
948,19.183178
949,14.245119
950,16.669861
951,16.503742
952,16.778598
953,16.662416
954,19.119221
955,14.168980
956,16.669948
957,16.613190
958,16.816076
959,16.576930
960,19.272990
961,14.136288
962,16.611055
963,16.584874
964,16.743237
965,16.670446
966,19.436012
967,14.132846
968,16.625696
969,16.402760
970,16.741210
971,16.671973
972,19.131347
973,14.186868
974,16.674147
975,16.895712
976,16.499325
977,16.816026
978,19.703064
979,13.523475
980,16.606422
981,16.605477
982,16.734634
983,16.663214
984,19.191296
985,14.188326
986,16.757014
987,16.488686
988,16.750494
989,16.680166
990,19.466054
991,13.850237
992,16.655493
993,16.579315
994,16.794741
995,16.603104
996,19.519824
997,13.892298
998,16.645855
999,16.541850
1000,16.766143
1001,16.750366
1002,19.395052
1003,13.854679
1004,16.739545
1005,16.514358
1006,16.771610
1007,16.659904
1008,20.094901
1009,13.199444
1010,16.662349
1011,16.585335
1012,16.790058
1013,16.610043
1014,19.190434
1015,14.172575
1016,16.667759
1017,16.600427
1018,16.715222
1019,16.647577
1020,19.247885
1021,14.136293
1022,16.638642
1023,16.581374
1024,16.766530
1025,16.683375
1026,19.594333
1027,13.712728
1028,16.774052
1029,16.529050
1030,16.881555
1031,16.502409
1032,19.876421
1033,13.420863
1034,16.675554
1035,16.590195
1036,16.739336
1037,16.718312
1038,19.195632
1039,14.091820
1040,16.691591
1041,16.565573
1042,16.788031
1043,16.617491
1044,19.161227
1045,14.170133
1046,16.685683
1047,16.576070
1048,16.738957
1049,16.681068
1050,19.197419
1051,14.118587
1052,16.695147
1053,16.580690
1054,16.796730
1055,16.639582
1056,19.746738
1057,13.576773
1058,16.664663
1059,16.560105
1060,16.731154
1061,16.724194
1062,19.265716
1063,14.022316
1064,16.647611
1065,16.620170
1066,16.788141
1067,16.601899
1068,19.134774
1069,14.199874
1070,16.682707
1071,16.594422
1072,16.723022
1073,16.718890
1074,19.108756
1075,14.187890
1076,16.669705
1077,16.579184
1078,16.953855
1079,16.603682
1080,20.249962
1081,12.997549
1082,16.690488
1083,16.517462
1084,16.792894
1085,16.664089
1086,19.120274
1087,14.189448
1088,16.623670
1089,16.612626
1090,16.750223
1091,16.697381
1092,19.110598
1093,14.172983
1094,16.686794
1095,16.592275
1096,16.715162
1097,16.662018
1098,19.167949
1099,14.187005
1100,16.647382
1101,16.598089
1102,16.823241
1103,16.675291
1104,19.112018
1105,14.196401
1106,16.652432
1107,16.551289
1108,16.741718
1109,16.663036
1110,19.234514
1111,14.175857
1112,16.638423
1113,16.548803
1114,16.742844
1115,16.646257
1116,19.129015
1117,14.198060
1118,16.680216
1119,16.632351
1120,16.691255
1121,16.673138
1122,19.168634
1123,14.164356
1124,16.657610
1125,16.601409
1126,16.764768
1127,16.640958
1128,19.146409
1129,14.194986
1130,16.734883
1131,16.535380
1132,16.725107
1133,16.673785
1134,19.262894
1135,14.066219
1136,16.665464
1137,16.611540
1138,16.833965
1139,16.598257
1140,19.450543
1141,13.899343
1142,16.754211
1143,17.147876
1144,16.203089
1145,16.624103
1146,19.277752
1147,14.053456
1148,16.689950
1149,16.641194
1150,16.592648
1151,16.717058
1152,19.143876
1153,14.197108
1154,16.676159
1155,16.780406
1156,16.509280
1157,16.707641
1158,19.906917
1159,13.450615
1160,16.640944
1161,16.671808
1162,16.640849
1163,16.967013
1164,19.192137
1165,13.868238
1166,16.689054
1167,16.658509
1168,16.585884
1169,16.740082
1170,19.160059
1171,14.182665
1172,16.655296
1173,16.669724
1174,16.595645
1175,16.772948
1176,19.340921
1177,13.931251
1178,16.662755
1179,16.749498
1180,16.541448
1181,16.827632
1182,19.379926
1183,13.885844
1184,16.640558
1185,16.669319
1186,16.593443
1187,16.818982
1188,19.163932
1189,14.088588
1190,16.647394
1191,16.768518
1192,16.497982
1193,16.745865
1194,19.551261
1195,13.816044
1196,16.651366
1197,16.650736
1198,16.598281
1199,16.725154
1200,19.148070
1201,14.194422
1202,16.670061
1203,16.718819
1204,16.532716
1205,16.791249
1206,19.192945
1207,14.174768
1208,16.642913
1209,16.684504
1210,16.520650
1211,16.835758
1212,19.797980
1213,13.476252
1214,16.771172
1215,16.570662
1216,16.559333
1217,16.763632
1218,19.169903
1219,14.132232
1220,16.639032
1221,16.668003
1222,16.602741
1223,16.770555
1224,19.115246
1225,14.189358
1226,16.667268
1227,16.694191
1228,16.575004
1229,16.741274
1230,19.541137
1231,13.925190
1232,16.546915
1233,16.661343
1234,16.590392
1235,16.775115
1236,19.469343
1237,13.852491
1238,16.800590
1239,16.786363
1240,16.362008
1241,16.739148
1242,19.158399
1243,14.128042
1244,16.659389
1245,16.661193
1246,16.598717
1247,16.756728
1248,19.114906
1249,14.195508
1250,16.661994
1251,16.675304
1252,16.633271
1253,16.698920
1254,19.160495
1255,14.181507
1256,16.816416
1257,16.572856
1258,16.537384
1259,16.751311
1260,19.129938
1261,14.207812
1262,16.709176
1263,16.616392
1264,16.640152
1265,16.690999
1266,19.207040
1267,14.147946
1268,16.639348
1269,16.688849
1270,16.591329
1271,16.737537
1272,19.164767
1273,14.169606
1274,16.657462
1275,16.683165
1276,16.593462
1277,16.736551
1278,19.155347
1279,14.166180
1280,16.799518
1281,16.557587
1282,16.645687
1283,16.736270
1284,19.424384
1285,13.869365
1286,16.656643
1287,16.705277
1288,16.563402
1289,16.832140
1290,19.119683
1291,14.154173
1292,16.623762
1293,16.656226
1294,16.596816
1295,16.803179
1296,19.127166
1297,14.137026
1298,16.661717
1299,16.691937
1300,16.620022
1301,16.852861
1302,19.133516
1303,14.063881
1304,16.760001
1305,16.579021
1306,16.608710
1307,16.799199
1308,19.058813
1309,14.210122
1310,16.658632
1311,16.662182
1312,16.651118
1313,16.706943
1314,19.169717
1315,14.180776
1316,16.681896
1317,16.635626
1318,16.585820
1319,16.830923
1320,19.456410
1321,13.810083
1322,16.671110
1323,16.658327
1324,16.586988
1325,16.753933
1326,19.494639
1327,13.828140
1328,16.673746
1329,16.685982
1330,16.554654
1331,16.812824
1332,20.202287
1333,13.072989
1334,16.663237
1335,16.659159
1336,16.640480
1337,16.698184
1338,19.474566
1339,13.953582
1340,16.585684
1341,16.657719
1342,16.582127
1343,16.814878
1344,19.446703
1345,13.821468
1346,16.658008
1347,16.677364
1348,16.597294
1349,16.734276
1350,19.258580
1351,14.222746
1352,16.567437
1353,16.621689
1354,16.573539
1355,16.772335
1356,19.478046
1357,13.970059
1358,16.616308
1359,16.683232
1360,16.499131
1361,16.747499
1362,19.338053
1363,13.975515
1364,16.714519
1365,16.713036
1366,16.506742
1367,16.748823
1368,20.042789
1369,13.291697
1370,16.656850
1371,16.665708
1372,16.601882
1373,16.767694
1374,19.442322
1375,13.843420
1376,16.717492
1377,16.628822
1378,16.589022
1379,16.744746
1380,19.573538
1381,13.868480
1382,16.587975
1383,16.675833
1384,16.538304
1385,16.787932
1386,19.133979
1387,14.163881
1388,16.697766
1389,16.633046
1390,16.617874
1391,16.774110
1392,19.628243
1393,13.715164
1394,16.571534
1395,16.668848
1396,16.632332
1397,16.733543
1398,19.118480
1399,14.188714
1400,16.692382
1401,16.666268
1402,16.589770
1403,16.760039
1404,19.493138
1405,13.830693
1406,16.643073
1407,16.704222
1408,16.676101
1409,16.725110
1410,19.186025
1411,14.044637
1412,16.671404
1413,16.713518
1414,16.538391
1415,16.818739
1416,19.459082
1417,13.817091
1418,16.662650
1419,16.718851
1420,16.551408
1421,16.763279
1422,19.477596
1423,13.835801
1424,16.653909
1425,16.656769
1426,16.573673
1427,16.760009
1428,19.599691
1429,13.747308
1430,16.664565
1431,16.766755
1432,16.510964
1433,16.820985
1434,19.392090
1435,13.835878
1436,16.743506
1437,16.599521
1438,16.577039
1439,16.760794
1440,19.254396
1441,14.071057
1442,16.682695
1443,16.649684
1444,16.596119
1445,16.751445
1446,19.512912
1447,13.863396
1448,16.668271
1449,16.656522
1450,16.530037
1451,16.729316
1452,19.503186
1453,13.878131
1454,16.639653
1455,16.678347
1456,16.603967
1457,16.821726
1458,19.121063
1459,14.149134
1460,16.681526
1461,16.671427
1462,16.513288
1463,16.785203
1464,19.204400
1465,14.265450
1466,16.496230
1467,16.694531
1468,16.610323
1469,16.712545
1470,19.442124
1471,13.924092
1472,16.698627
1473,16.738653
1474,16.446394
1475,16.746623
1476,19.664128
1477,13.806415
1478,16.527486
1479,16.662307
1480,16.587442
1481,16.746307
1482,19.128068
1483,14.271138
1484,16.607536
1485,16.775445
1486,16.479421
1487,16.781306
1488,20.602364
1489,12.753304
1490,16.598306
1491,16.693564
1492,16.568079
1493,16.760422
1494,19.108114
1495,14.193983
1496,16.688229
1497,16.791870
1498,16.463759
1499,16.753429
1500,19.489360
1501,13.970706
1502,16.535145
1503,16.672042
1504,16.587162
1505,16.785787
1506,19.122657
1507,14.150114
1508,16.685399
1509,16.795373
1510,16.468819
1511,16.814247
1512,19.560774
1513,13.711033
1514,16.645414
1515,16.667881
1516,16.585747
1517,16.902827
1518,19.345717
1519,13.867520
1520,16.664831
1521,16.696764
1522,16.550450
1523,16.755622
1524,19.295242
1525,14.077058
1526,16.645297
1527,16.633654
1528,16.607601
1529,16.878921
1530,19.416698
1531,13.803456
1532,16.670252
1533,16.714611
1534,16.530193
1535,16.816204
1536,19.111053
1537,14.187348
1538,16.618202
1539,16.664822
1540,16.597940
1541,16.773195
1542,19.437344
1543,13.870784
1544,16.669351
1545,16.673749
1546,16.587250
1547,16.748491
1548,19.452448
1549,13.885005
1550,16.652574
1551,16.641402
1552,16.588220
1553,16.796530
1554,19.668707
1555,13.631821
1556,16.712829
1557,16.633340
1558,16.589494
1559,16.738965
1560,19.503871
1561,13.862018
1562,16.724136
1563,16.572305
1564,16.592359
1565,16.783209
1566,19.582745
1567,13.720664
1568,16.638571
1569,16.806786
1570,16.456559
1571,16.753619
1572,19.167653
1573,14.199284
1574,16.654063
1575,16.622585
1576,16.593131
1577,16.785282
1578,19.421827
1579,13.969318
1580,16.582339
1581,16.663210
1582,16.600649
1583,16.934683
1584,19.281526
1585,13.874045
1586,16.683598
1587,16.646397
1588,16.651217
1589,16.722194
1590,21.046206
1591,12.250587
1592,16.682934
1593,16.866057
1594,16.378970
1595,16.752365
1596,19.508400
1597,13.828919
1598,16.658385
1599,16.682476
1600,16.554290
1601,16.769218
1602,19.108291
1603,14.208714
1604,16.647396
1605,16.686146
1606,16.626621
1607,16.713453
1608,19.505843
1609,13.835178
1610,16.672501
1611,16.672328
1612,16.579509
1613,16.771312
1614,20.196120
1615,13.122135
1616,16.762395
1617,16.669523
1618,16.476308
1619,16.740499
1620,19.402889
1621,13.950617
1622,16.691544
1623,16.630358
1624,16.569664
1625,16.837173
1626,19.521079
1627,13.796298
1628,16.652022
1629,16.691514
1630,16.580453
1631,16.731578
1632,19.484864
1633,13.871581
1634,16.699248
1635,16.631250
1636,16.587695
1637,16.774456
1638,19.630785
1639,13.681206
1640,16.667872
1641,16.800241
1642,16.474317
1643,16.734705
1644,19.217417
1645,14.127050
1646,16.636928
1647,16.743170
1648,16.509885
1649,16.831056
1650,19.124687
1651,14.187042
1652,16.605889
1653,16.726687
1654,16.522823
1655,16.858171
1656,19.282389
1657,13.919012
1658,16.668660
1659,16.677552
1660,16.586104
1661,16.770917
1662,20.135328
1663,13.180120
1664,16.667284
1665,16.682052
1666,16.560324
1667,16.744832
1668,19.163665
1669,14.195766
1670,16.747711
1671,16.599928
1672,16.553998
1673,16.780947
1674,19.518273
1675,13.780205
1676,16.669608
1677,16.661469
1678,16.601924
1679,16.746213
1680,19.128884
1681,14.210523
1682,16.691691
1683,16.644149
1684,16.573768
1685,16.747703
1686,19.520333
1687,13.813885
1688,17.092207
1689,16.302351
1690,16.518353
1691,16.727445
1692,19.262495
1693,14.077740
1694,16.696219
1695,16.773145
1696,16.467470
1697,16.758456
1698,19.551404
1699,13.769305
1700,16.760556
1701,16.636530
1702,16.544942
1703,16.800478
1704,19.422549
1705,13.958326
1706,16.543240
1707,16.754776
1708,16.494323
1709,16.760206
1710,19.293302
1711,14.015949
1712,16.660890
1713,16.669585
1714,16.603853
1715,16.767354
1716,19.577621
1717,13.724523
1718,16.675951
1719,16.683906
1720,16.551182
1721,16.770382
1722,19.637453
1723,13.710132
1724,16.653920
1725,16.680718
1726,16.574651
1727,16.742091
1728,19.142503
1729,14.174107
1730,16.698556
1731,16.644325
1732,16.595821
1733,16.740780
1734,19.529433
1735,13.801458
1736,16.653650
1737,16.682168
1738,16.594513
1739,16.820023
1740,19.174996
1741,14.079439
1742,16.669314
1743,16.643977
1744,16.597630
1745,16.808314
1746,19.577561
1747,13.759734
1748,16.755817
1749,16.600893
1750,16.510619
1751,16.766596
1752,19.366644
1753,13.989151
1754,16.653246
1755,16.646583
1756,16.575875
1757,16.747414
1758,19.604507
1759,13.758613
1760,16.623219
1761,16.676156
1762,16.588108
1763,16.838733
1764,19.403577
1765,13.857014
1766,16.692759
1767,16.814541
1768,16.425004
1769,16.752728
1770,19.677697
1771,13.671950
1772,16.641251
1773,16.687517
1774,16.592815
1775,16.727334
1776,19.241909
1777,14.059296
1778,16.689764
1779,16.656228
1780,16.577964
1781,16.757244
1782,19.541605
1783,13.844811
1784,16.607865
1785,16.729068
1786,16.524727
1787,16.806913
1788,19.426265
1789,13.878389
1790,16.719336
1791,16.665573
1792,16.495221
1793,16.771561
1794,19.623873
1795,13.830093
1796,16.582786
1797,16.586384
1798,16.617593
1799,16.750254
1800,19.159207
1801,14.228011
1802,16.721068
1803,16.612881
1804,16.564283
1805,16.776508
1806,20.322782
1807,13.006660
1808,16.663361
1809,16.639803
1810,16.538503
1811,16.748116
1812,16.686217
1813,19.119407
1814,14.223128
1815,16.767296
1816,16.453947
1817,16.760966
1818,16.710282
1819,19.589138
1820,13.695836
1821,16.666822
1822,16.586564
1823,16.730860
1824,16.666012
1825,19.130532
1826,14.328732
1827,16.588330
1828,16.555774
1829,16.745407
1830,16.675223
1831,19.654206
1832,13.707523
1833,16.620526
1834,16.592336
1835,16.787635
1836,16.698617
1837,16.662340
1838,19.071569
1839,14.203151
1840,16.567644
1841,16.830175
1842,16.590516
1843,16.688084
1844,19.099052
1845,14.220665
1846,16.580073
1847,16.788878
1848,16.602174
1849,16.664837
1850,19.175901
1851,14.236906
1852,16.534443
1853,16.747382
1854,16.766692
1855,16.604966
1856,19.396563
1857,13.916187
1858,16.564911
1859,16.922950
1860,16.502083
1861,16.657766
1862,19.712052
1863,13.619756
1864,16.681437
1865,16.631117
1866,16.670166
1867,16.695559
1868,19.119064
1869,14.226580
1870,16.561650
1871,16.758648
1872,16.647915
1873,16.673464
1874,19.182628
1875,14.154778
1876,16.589195
1877,16.748094
1878,16.674860
1879,16.716893
1880,19.051343
1881,14.195926
1882,16.601331
1883,16.806677
1884,16.610042
1885,16.712180
1886,19.109605
1887,14.258390
1888,16.520573
1889,16.745662
1890,16.644915
1891,16.688705
1892,19.727791
1893,13.621603
1894,16.562606
1895,16.729893
1896,16.679319
1897,16.664668
1898,19.137883
1899,14.290806
1900,16.501114
1901,16.757592
1902,16.672985
1903,16.656584
1904,19.463264
1905,13.843542
1906,16.590061
1907,16.786136
1908,16.621003
1909,16.647430
1910,19.135298
1911,14.269137
1912,16.558449
1913,16.750938
1914,16.666488
1915,16.663651
1916,19.216032
1917,14.113362
1918,16.587954
1919,16.828804
1920,16.606119
1921,16.698121
1922,19.721788
1923,13.695216
1924,16.460877
1925,16.793386
1926,16.786577
1927,16.581367
1928,19.291328
1929,14.119103
1930,16.420203
1931,16.781291
1932,16.646517
1933,16.761997
1934,19.056028
1935,14.160056
1936,16.606697
1937,16.752059
1938,16.657093
1939,16.680295
1940,19.471859
1941,13.854229
1942,16.583319
1943,16.893545
1944,16.596493
1945,16.616949
1946,19.114900
1947,14.214965
1948,16.571325
1949,16.751547
1950,16.648822
1951,16.650099
1952,19.825084
1953,13.522701
1954,16.582669
1955,16.753842
1956,16.748707
1957,16.565683
1958,19.201569
1959,14.167566
1960,16.567358
1961,16.736518
1962,16.661563
1963,16.707130
1964,19.215933
1965,14.099689
1966,16.594530
1967,16.760448
1968,16.708282
1969,16.586891
1970,19.133090
1971,14.234691
1972,16.665199
1973,16.666374
1974,16.642205
1975,16.651881
1976,19.259142
1977,14.071443
1978,16.599873
1979,16.788946
1980,16.748080
1981,16.569547
1982,19.968211
1983,13.353362
1984,16.588858
1985,16.739979
1986,16.651942
1987,16.679823
1988,19.206407
1989,14.142583
1990,16.569414
1991,16.769278
1992,16.685333
1993,16.618893
1994,19.131737
1995,14.207526
1996,16.639717
1997,16.773348
1998,16.603666
1999,16.658523
2000,19.184701
2001,14.127434
2002,16.599083
2003,16.731902
2004,16.730185
2005,16.605456
2006,19.231094
2007,14.121076
2008,16.678361
2009,16.691651
2010,16.622763
2011,16.659663
2012,19.530542
2013,13.965519
2014,16.460844
2015,16.746843
2016,16.779041
2017,16.672234
2018,19.182768
2019,14.073928
2020,16.529277
2021,16.806079
2022,16.632783
2023,16.684687
2024,19.212698
2025,14.120909
2026,16.527670
2027,16.805831
2028,16.689625
2029,16.630184
2030,19.121428
2031,14.213100
2032,16.559276
2033,16.736119
2034,16.638982
2035,16.661313
2036,19.165425
2037,14.172099
2038,16.608174
2039,16.734797
2040,16.674962
2041,16.673921
2042,19.502714
2043,14.189838
2044,16.253982
2045,16.752081
2046,16.648705
2047,16.672575
2048,19.548090
2049,13.826680
2050,17.005677
2051,16.306596
2052,16.769312
2053,16.568279
2054,19.190664
2055,14.089000
2056,16.623726
2057,16.714791
2058,16.668516
2059,16.653202
2060,19.222117
2061,14.324015
2062,16.398228
2063,16.740616
2064,16.800872
2065,16.627273
2066,19.105533
2067,14.190322
2068,16.557107
2069,16.837974
2070,16.637887
2071,16.575003
2072,19.945304
2073,13.495241
2074,16.493401
2075,16.756754
2076,16.731508
2077,16.609971
2078,19.299197
2079,14.011379
2080,16.605090
2081,16.807868
2082,16.655423
2083,16.579358
2084,19.258301
2085,14.452255
2086,16.238429
2087,16.805722
2088,16.752057
2089,16.535435
2090,19.463365
2091,13.912852
2092,16.531986
2093,16.809091
2094,16.626215
2095,16.668461
2096,19.294747
2097,14.005301
2098,16.574506
2099,16.762890
2100,16.662415
2101,16.746001
2102,19.050183
2103,14.211074
2104,16.595846
2105,16.740849
2106,16.650874
2107,16.646171
2108,19.833847
2109,13.642637
2110,16.492613
2111,16.736862
2112,16.653345
2113,16.770445
2114,19.023572
2115,14.189130
2116,16.646795
2117,16.878688
2118,16.533116
2119,16.665960
2120,19.390860
2121,14.202469
2122,16.300512
2123,16.750865
2124,16.674594
2125,16.745836
2126,19.386398
2127,13.878914
2128,16.653442
2129,16.726951
2130,16.621141
2131,16.667758
2132,19.654844
2133,13.942988
2134,16.305073
2135,16.789507
2136,16.756831
2137,16.726322
2138,20.312866
2139,12.864274
2140,16.564619
2141,16.990304
2142,16.479699
2143,16.702073
2144,19.586369
2145,13.796540
2146,16.450850
2147,16.913398
2148,16.517912
2149,16.681379
2150,19.203100
2151,14.077103
2152,16.609081
2153,16.743336
2154,16.655210
2155,16.725469
2156,19.180387
2157,14.113621
2158,16.589415
2159,16.742888
2160,16.666509
2161,16.736659
2162,19.078792
2163,14.182156
2164,16.592663
2165,16.757548
2166,16.653326
2167,16.637849
2168,19.185443
2169,14.218504
2170,16.542287
2171,16.773336
2172,16.627881
2173,16.709074
2174,20.185422
2175,13.159207
2176,16.574404
2177,16.701481
2178,16.675804
2179,16.647892
2180,19.170175
2181,14.173340
2182,16.589739
2183,16.742922
2184,16.656315
2185,16.697895
2186,19.146192
2187,14.169683
2188,16.594707
2189,16.773519
2190,16.702962
2191,16.609449
2192,19.138817
2193,14.227181
2194,16.552357
2195,16.744247
2196,16.668172
2197,16.732769
2198,19.692818
2199,13.597407
2200,16.568508
2201,16.772968
2202,16.630142
2203,16.648301
2204,19.186457
2205,14.234854
2206,16.552957
2207,16.705189
2208,16.660877
2209,16.722613
2210,19.142003
2211,14.288737
2212,16.462620
2213,16.833911
2214,16.667327
2215,16.581406
2216,19.168758
2217,14.231110
2218,16.506400
2219,16.756668
2220,16.655949
2221,16.821370
2222,19.549410
2223,13.626432
2224,16.585036
2225,16.749206
2226,16.658421
2227,16.652476
2228,19.200190
2229,14.155523
2230,16.586675
2231,16.736229
2232,16.651311
2233,16.713015
2234,19.104300
2235,14.229968
2236,16.581619
2237,16.817286
2238,16.589926
2239,16.631360
2240,19.149077
2241,14.211807
2242,16.618201
2243,16.724430
2244,16.657448
2245,16.709883
2246,19.155448
2247,14.797480
2248,15.948187
2249,16.733439
2250,16.730873
2251,16.574490
2252,19.168021
2253,14.461244
2254,16.693737
2255,16.637795
2256,16.706784
2257,16.685771
2258,19.159223
2259,14.087532
2260,16.609410
2261,16.739548
2262,16.779746
2263,16.543248
2264,19.923209
2265,13.408749
2266,16.649953
2267,16.695805
2268,16.667050
2269,16.848611
2270,19.102493
2271,14.154404
2272,16.549229
2273,16.780840
2274,16.598995
2275,16.635183
2276,19.345583
2277,14.001111
2278,16.606109
2279,16.768635
2280,16.678649
2281,16.754474
2282,19.401437
2283,13.797065
2284,16.574140
2285,16.753148
2286,16.733748
2287,16.589972
2288,19.261282
2289,14.154943
2290,16.575143
2291,16.662519
2292,16.754362
2293,16.738486
2294,19.797905
2295,13.406872
2296,16.569524
2297,16.784354
2298,16.687493
2299,16.611987
2300,19.785818
2301,13.567528
2302,16.574909
2303,16.792976
2304,16.661829
2305,16.761501
2306,19.388886
2307,13.863298
2308,16.521856
2309,16.845631
2310,16.654796
2311,16.566099
2312,19.138873
2313,14.204899
2314,16.589735
2315,16.717623
2316,16.692335
2317,16.697729
2318,19.119179
2319,14.181047
2320,16.577949
2321,16.812033
2322,16.639730
2323,16.676810
2324,19.619412
2325,13.742380
2326,16.525212
2327,16.751245
2328,16.645290
2329,16.708860
2330,19.990498
2331,13.409814
2332,16.532990
2333,16.841450
2334,16.620769
2335,16.571049
2336,19.133757
2337,14.246781
2338,16.554075
2339,16.737712
2340,16.664538
2341,16.683853
2342,19.161654
2343,14.156486
2344,16.588842
2345,16.724225
2346,16.683643
2347,16.742459
2348,19.131329
2349,14.134845
2350,16.587448
2351,16.754345
2352,16.715012
2353,16.629500
2354,19.272629
2355,14.208481
2356,16.409850
2357,16.731506
2358,16.783589
2359,16.577360
2360,19.980446
2361,13.630877
2362,16.584361
2363,16.725452
2364,16.689533
2365,17.431639
2366,19.191817
2367,14.162910
2368,16.568542
2369,16.750502
2370,16.725437
2371,16.635888
2372,19.425900
2373,14.013488
2374,16.488500
2375,16.728640
2376,16.651683
2377,16.684127
2378,20.325231
2379,12.997500
2380,16.647342
2381,16.691746
2382,16.768217
2383,16.535608
2384,19.859468
2385,13.482334
2386,16.630871
2387,16.696085
2388,16.719666
2389,16.672030
2390,19.475436
2391,13.875518
2392,16.529298
2393,16.797318
2394,16.698076
2395,16.638034
2396,19.115444
2397,14.178335
2398,16.637454
2399,16.669549
2400,16.682003
2401,16.663725
2402,19.482227
2403,13.852737
2404,16.583796
2405,16.763174
2406,16.779892
2407,16.556347
2408,19.706405
2409,13.601817
2410,16.612524
2411,16.823526
2412,16.629833
2413,16.724297
2414,19.403159
2415,13.814478
2416,16.585306
2417,16.762988
2418,16.677322
2419,16.620491
2420,19.158212
2421,14.169600
2422,16.620964
2423,16.730278
2424,16.737226
2425,16.598318
2426,19.632460
2427,13.819523
2428,16.486144
2429,16.763584
2430,16.690373
2431,16.695206
2432,19.196210
2433,14.037475
2434,16.627386
2435,16.759877
2436,16.621372
2437,16.678212
2438,19.477022
2439,13.853227
2440,16.585855
2441,16.767779
2442,16.746854
2443,16.585623
2444,19.546650
2445,13.795428
2446,16.563542
2447,16.832416
2448,16.584152
2449,16.732019
2450,19.151257
2451,14.102363
2452,16.586340
2453,16.737933
2454,16.686210
2455,16.670699
2456,19.237469
2457,14.072669
2458,16.741638
2459,16.722092
2460,16.548165
2461,16.690380
2462,20.403400
2463,12.944906
2464,16.547943
2465,16.735528
2466,16.844344
2467,16.517187
2468,19.361073
2469,14.009487
2470,16.560481
2471,16.877983
2472,16.525297
2473,16.660668
2474,19.336662
2475,13.992622
2476,16.587106
2477,16.726927
2478,16.711839
2479,16.645433
2480,19.133182
2481,14.225258
2482,16.574874
2483,16.785994
2484,16.648053
2485,16.661211
2486,19.229306
2487,14.141527
2488,16.544150
2489,16.798388
2490,16.602330
2491,16.713136
2492,19.608460
2493,13.690589
2494,16.613354
2495,16.726273
2496,16.642660
2497,16.674598
2498,19.267867
2499,14.185771
2500,16.487416
2501,16.736865
2502,16.901558
2503,16.593237
2504,19.415046
2505,13.843450
2506,16.541539
2507,16.722255
2508,16.659694
2509,16.653184
2510,19.582186
2511,13.764287
2512,16.606779
2513,16.750175
2514,16.673817
2515,16.643347
2516,19.470913
2517,13.953618
2518,16.491850
2519,16.783689
2520,16.631836
2521,16.653667
2522,20.100618
2523,13.245443
2524,16.625152
2525,16.820518
2526,16.588660
2527,16.746370
2528,19.343358
2529,13.891603
2530,16.587836
2531,16.744980
2532,16.651836
2533,16.671412
2534,19.482497
2535,13.876906
2536,16.566056
2537,16.738673
2538,16.683905
2539,16.781227
2540,19.316786
2541,13.885694
2542,16.783751
2543,16.898125
2544,16.514753
2545,16.699810
2546,19.203822
2547,14.145152
2548,16.551487
2549,16.742541
2550,16.690205
2551,16.630373
2552,19.703479
2553,13.618620
2554,16.607067
2555,16.878942
2556,16.549452
2557,16.642011
2558,19.479747
2559,13.833207
2560,16.590134
2561,16.965477
2562,16.534879
2563,16.613470
2564,19.495056
2565,13.801735
2566,16.601428
2567,17.049283
2568,16.424433
2569,16.625880
2570,19.169631
2571,14.272524
2572,16.477211
2573,16.893785
2574,16.563990
2575,16.701377
2576,19.507599
2577,13.814458
2578,16.523736
2579,16.760893
2580,16.659059
2581,16.658532
2582,19.201431
2583,14.107541
2584,16.609210
2585,16.768141
2586,16.629271
2587,16.664943
2588,19.186557
2589,14.176679
2590,16.565238
2591,16.804228
2592,16.611703
2593,16.638611
2594,19.134300
2595,14.226147
2596,16.637994
2597,16.692085
2598,16.779773
2599,16.538559
2600,19.262589
2601,14.201447
2602,16.470413
2603,16.977415
2604,16.436093
2605,16.640852
2606,19.154976
2607,14.248520
2608,16.547105
2609,16.751303
2610,16.665657
2611,16.694620
2612,19.362858
2613,13.927855
2614,16.589490
2615,17.005846
2616,16.414100
2617,16.706940
2618,19.148690
2619,14.131424
2620,16.595796
2621,16.740465
2622,16.670966
2623,16.692249
2624,19.138458
2625,14.181442
2626,16.597189
2627,16.780365
2628,16.739238
2629,16.561770
2630,19.526545
2631,13.825080
2632,16.573561
2633,16.748448
2634,16.654281
2635,16.717010
2636,19.086616
2637,14.172161
2638,16.597827
2639,16.777970
2640,16.642506
2641,16.665006
2642,19.149463
2643,14.189476
2644,16.584275
2645,16.735582
2646,16.654490
2647,16.681134
2648,19.851428
2649,13.511174
2650,16.567747
2651,16.755581
2652,16.712078
2653,16.649920
2654,16.606499
2655,19.205054
2656,14.142761
2657,16.713961
2658,16.674990
2659,16.625314
2660,16.651486
2661,19.129907
2662,14.134586
2663,16.788568
2664,16.646952
2665,16.709447
2666,16.584232
2667,19.184363
2668,14.094745
2669,16.749510
2670,16.646111
2671,16.729190
2672,16.755810
2673,18.985714
2674,14.129375
2675,16.859916
2676,16.630145
2677,16.583329
2678,16.680071
2679,19.796055
2680,13.459995
2681,16.753804
2682,16.655853
2683,16.654390
2684,16.661236
2685,19.135414
2686,14.132794
2687,16.743732
2688,16.664774
2689,16.660117
2690,16.660264
2691,19.206788
2692,14.129979
2693,16.683464
2694,16.654275
2695,17.230895
2696,16.182102
2697,19.047434
2698,14.134328
2699,16.771825
2700,16.684562
2701,16.678856
2702,16.594438
2703,19.182065
2704,14.113137
2705,16.778364
2706,16.667903
2707,16.811885
2708,16.516514
2709,19.349204
2710,13.863022
2711,16.781486
2712,16.665541
2713,16.609208
2714,16.657529
2715,19.924185
2716,13.351445
2717,16.754528
2718,16.635157
2719,16.667199
2720,16.816750
2721,19.015379
2722,14.197973
2723,16.677032
2724,16.740152
2725,16.612025
2726,16.658100
2727,19.790228
2728,13.451032
2729,16.815403
2730,16.578533
2731,17.339087
2732,16.071819
2733,19.215510
2734,13.984091
2735,16.753952
2736,16.706544
2737,16.637736
2738,16.635347
2739,19.242182
2740,14.002671
2741,16.735311
2742,16.666319
2743,16.656340
2744,16.774600
2745,19.047492
2746,14.119932
2747,16.810855
2748,16.621725
2749,16.712212
2750,16.654991
2751,19.140308
2752,14.076009
2753,16.815294
2754,16.661558
2755,16.651981
2756,16.709556
2757,19.053434
2758,14.091632
2759,16.736652
2760,16.675630
2761,16.671218
2762,16.649283
2763,19.151283
2764,14.125024
2765,16.742695
2766,16.684355
2767,16.645568
2768,16.693374
2769,19.214090
2770,14.024344
2771,16.766359
2772,16.676021
2773,16.659527
2774,16.622075
2775,19.148213
2776,14.123997
2777,16.734247
2778,16.650236
2779,16.738293
2780,16.694539
2781,19.125157
2782,14.046358
2783,16.820926
2784,16.662643
2785,16.594564
2786,16.650464
2787,19.153022
2788,14.122145
2789,16.836837
2790,16.561736
2791,16.697796
2792,16.730000
2793,19.113199
2794,14.055996
2795,16.746378
2796,16.667020
2797,16.691849
2798,16.620212
2799,20.649922
2800,12.736917
2801,16.699364
2802,16.609043
2803,16.652633
2804,16.744283
2805,19.447313
2806,13.756850
2807,16.966008
2808,16.448899
2809,16.651319
2810,16.671205
2811,19.251458
2812,14.012302
2813,16.833278
2814,16.543338
2815,16.674106
2816,16.703198
2817,19.114357
2818,14.120083
2819,16.764856
2820,16.669177
2821,16.758758
2822,16.577043
2823,20.010432
2824,13.247894
2825,16.765659
2826,16.642889
2827,16.702385
2828,16.631595
2829,19.658869
2830,13.600319
2831,16.750341
2832,16.733036
2833,16.572121
2834,16.684002
2835,19.488383
2836,13.786106
2837,16.769023
2838,16.633891
2839,16.654633
2840,16.750934
2841,19.404738
2842,13.773770
2843,16.729593
2844,16.821977
2845,16.605842
2846,16.632731
2847,20.569485
2848,12.657673
2849,16.770455
2850,16.622624
2851,16.667108
2852,16.665517
2853,19.554804
2854,13.684946
2855,16.856417
2856,16.726691
2857,16.504816
2858,16.662370
2859,19.279602
2860,13.968220
2861,16.836054
2862,16.643599
2863,16.581113
2864,16.686356
2865,19.519510
2866,13.726721
2867,16.766466
2868,16.765030
2869,16.567826
2870,16.646881
2871,19.532140
2872,13.730007
2873,16.777296
2874,16.627758
2875,16.669650
2876,16.766138
2877,19.470111
2878,13.693974
2879,16.742709
2880,17.390163
2881,16.637285
2882,16.718775
2883,21.516855
2884,11.624106
2885,16.584632
2886,16.626326
2887,16.684686
2888,16.601586
2889,19.472018
2890,13.788310
2891,16.692656
2892,16.671430
2893,16.793409
2894,16.540713
2895,20.156262
2896,13.074284
2897,16.957115
2898,16.469429
2899,16.647622
2900,16.677523
2901,19.532297
2902,13.712721
2903,16.732340
2904,16.672151
2905,16.740627
2906,16.720552
2907,19.141647
2908,14.003407
2909,16.826822
2910,16.589336
2911,16.718352
2912,17.418205
2913,19.298937
2914,13.948391
2915,16.790585
2916,16.718790
2917,16.646053
2918,16.575263
2919,19.845289
2920,13.431620
2921,16.820199
2922,16.652383
2923,16.579099
2924,16.783604
2925,19.634466
2926,13.549419
2927,16.741286
2928,16.669882
2929,16.699147
2930,16.639231
2931,19.459189
2932,13.785673
2933,16.817255
2934,16.578694
2935,16.656115
2936,16.705136
2937,19.472456
2938,13.763865
2939,16.759579
2940,16.674214
2941,16.709856
2942,16.632569
2943,19.150777
2944,14.092837
2945,16.780123
2946,16.648129
2947,16.671245
2948,16.637546
2949,19.558392
2950,13.685493
2951,16.754656
2952,16.799020
2953,16.630220
2954,16.597294
2955,16.659732
2956,19.133130
2957,14.156521
2958,16.725312
2959,16.596170
2960,17.521722
2961,16.738473
2962,19.366593
2963,13.814759
2964,16.755584
2965,16.688317
2966,16.665522
2967,16.665719
2968,19.216234
2969,14.012187
2970,16.750871
2971,16.654758
2972,16.678328
2973,16.687698
2974,19.466020
2975,13.758774
2976,16.775257
2977,16.628203
2978,16.671169
2979,16.661976
2980,19.143204
2981,14.119441
2982,16.746687
2983,16.635999
2984,16.692796
2985,16.693997
2986,19.112084
2987,14.116779
2988,16.734673
2989,16.683078
2990,16.657287
2991,16.649026
2992,19.377188
2993,14.106825
2994,16.782430
2995,16.677714
2996,16.604825
2997,16.705597
2998,19.694077
2999,13.541210
3000,16.733398
3001,16.699132
3002,16.666357
3003,16.640516
3004,19.143891
3005,14.127151
3006,16.753846
3007,16.615173
3008,16.677370
3009,16.723913
3010,19.096439
3011,14.116379
3012,16.776472
3013,16.677873
3014,16.634753
3015,16.677561
3016,19.147223
3017,14.097732
3018,16.750842
3019,16.655727
3020,16.745594
3021,16.627588
3022,19.087738
3023,14.121001
3024,16.774604
3025,16.643563
3026,16.682195
3027,16.709578
3028,19.189215
3029,14.023593
3030,16.784409
3031,16.586640
3032,16.672447
3033,16.697687
3034,19.205359
3035,14.043225
3036,16.783678
3037,16.628902
3038,16.708492
3039,16.605428
3040,19.134638
3041,14.136407
3042,16.763622
3043,16.651467
3044,16.667812
3045,16.707535
3046,19.076561
3047,14.136092
3048,16.763014
3049,16.669049
3050,16.714530
3051,16.631441
3052,19.199340
3053,14.008341
3054,16.789415
3055,16.620288
3056,16.654620
3057,16.702253
3058,19.176335
3059,14.066493
3060,16.767705
3061,16.709811
3062,16.616619
3063,16.726985
3064,19.129404
3065,14.053412
3066,16.989919
3067,16.470288
3068,16.624311
3069,16.792277
3070,19.558793
3071,13.579922
3072,16.758873
3073,16.659375
3074,16.692687
3075,16.613903
3076,20.059939
3077,13.255300
3078,16.710525
3079,16.627228
3080,16.665255
3081,16.732508
3082,19.159780
3083,14.044809
3084,16.737130
3085,16.670700
3086,16.729467
3087,16.619900
3088,20.540553
3089,12.745119
3090,16.751904
3091,16.742920
3092,16.550298
3093,16.738594
3094,19.255153
3095,13.980416
3096,16.782654
3097,16.632275
3098,16.692296
3099,16.685885
3100,19.127843
3101,14.024290
3102,16.818817
3103,16.759968
3104,16.556724
3105,16.759643
3106,19.481279
3107,13.630071
3108,16.829624
3109,16.651812
3110,16.607373
3111,16.673397
3112,19.161582
3113,14.081709
3114,16.753251
3115,16.651442
3116,16.758443
3117,16.617970
3118,20.216874
3119,12.993805
3120,16.749086
3121,16.809051
3122,16.537267
3123,16.656038
3124,19.171599
3125,14.130097
3126,16.726094
3127,16.645146
3128,16.731373
3129,16.620145
3130,19.155154
3131,14.076178
3132,16.746621
3133,16.681680
3134,16.688547
3135,16.634495
3136,19.461353
3137,13.821630
3138,16.758802
3139,16.701447
3140,16.620269
3141,16.802332
3142,19.431501
3143,13.677965
3144,16.740665
3145,17.076037
3146,17.021947
3147,16.300460
3148,20.505672
3149,12.745517
3150,16.821214
3151,16.663783
3152,16.655939
3153,16.780468
3154,19.446356
3155,13.632346
3156,16.754708
3157,16.672852
3158,16.684749
3159,16.689456
3160,19.417095
3161,13.786570
3162,16.769570
3163,16.688676
3164,16.608628
3165,16.703801
3166,19.180199
3167,14.038209
3168,16.739444
3169,16.652939
3170,16.732511
3171,16.718095
3172,19.223883
3173,13.945613
3174,16.817138
3175,16.669679
3176,16.581591
3177,16.675700
3178,20.129098
3179,13.125577
3180,16.747554
3181,16.684852
3182,16.700619
3183,16.618826
3184,19.446530
3185,13.810116
3186,16.743334
3187,16.662819
3188,16.656478
3189,16.689302
3190,19.516501
3191,13.720944
3192,16.743521
3193,16.680778
3194,16.741974
3195,16.649684
3196,19.396451
3197,13.784922
3198,16.771706
3199,16.654725
3200,16.668488
3201,16.661971
3202,19.573330
3203,13.765257
3204,16.665021
3205,16.653980
3206,16.695810
3207,16.659233
3208,19.953619
3209,13.288285
3210,16.775697
3211,16.632102
3212,16.675503
3213,16.656275
3214,19.493297
3215,13.759480
3216,16.753996
3217,16.648226
3218,16.781569
3219,16.576307
3220,19.583919
3221,13.728730
3222,16.738466
3223,16.584486
3224,16.755301
3225,16.667465
3226,19.471105
3227,13.717038
3228,16.746858
3229,16.750262
3230,16.605744
3231,16.740114
3232,19.118651
3233,14.029773
3234,16.817568
3235,16.630213
3236,16.649403
3237,16.632099
3238,21.637393
3239,11.796616
3240,16.665729
3241,16.687276
3242,16.708322
3243,16.632040
3244,19.441619
3245,13.792814
3246,16.779341
3247,16.673396
3248,16.609802
3249,16.705637
3250,19.138265
3251,14.139929
3252,16.705816
3253,16.658715
3254,16.777635
3255,16.568037
3256,19.450166
3257,13.796097
3258,16.757342
3259,16.644138
3260,16.661097
3261,16.668680
3262,19.586501
3263,13.754201
3264,16.685597
3265,16.653386
3266,16.688915
3267,16.675951
3268,19.543932
3269,13.696051
3270,16.805919
3271,16.617684
3272,16.729842
3273,16.574544
3274,20.514254
3275,12.806001
3276,16.821184
3277,16.666436
3278,16.694359
3279,16.579944
3280,19.445425
3281,13.733983
3282,16.772496
3283,16.715089
3284,16.581237
3285,16.685803
3286,19.553030
3287,13.733141
3288,16.718311
3289,16.778214
3290,16.623062
3291,16.666486
3292,19.601465
3293,13.577404
3294,16.767077
3295,16.699175
3296,16.692504
3297,16.593387
3298,19.511126
3299,13.799545
3300,16.693946
3301,16.654401
3302,16.686512
3303,16.682280
3304,19.637605
3305,13.575905
3306,16.760037
3307,16.907543
3308,16.445225
3309,16.671752
3310,19.767264
3311,13.491399
3312,16.729013
3313,16.663146
3314,16.707443
3315,16.704968
3316,19.411271
3317,13.796791
3318,16.737855
3319,16.664142
3320,16.634202
3321,16.682727
3322,19.139999
3323,14.115718
3324,16.758974
3325,16.664637
3326,16.688672
3327,16.793829
3328,19.076886
3329,14.031116
3330,16.786762
3331,16.669545
3332,16.672237
3333,16.654391
3334,19.587587
3335,13.619089
3336,16.812191
3337,16.635142
3338,16.647087
3339,16.656721
3340,19.476451
3341,13.773660
3342,16.908562
3343,16.514682
3344,16.646887
3345,16.751577
3346,19.507116
3347,13.684059
3348,16.745481
3349,16.664273
3350,16.660383
3351,16.696724
3352,19.457134
3353,13.866333
3354,16.753364
3355,16.627807
3356,16.732742
3357,16.730819
3358,19.394622
3359,13.664447
3360,16.767841
3361,16.658502
3362,16.741245
3363,16.605744
3364,20.091278
3365,13.142862
3366,16.766211
3367,16.746385
3368,16.566384
3369,16.696277
3370,19.634030
3371,13.614796
3372,16.828454
3373,16.561324
3374,16.671450
3375,16.929415
3376,19.399910
3377,13.802622
3378,16.721852
3379,16.609681
3380,16.663918
3381,16.667165
3382,19.257631
3383,13.990774
3384,16.772040
3385,16.663770
3386,16.673912
3387,16.663048
3388,19.302470
3389,13.929211
3390,16.750438
3391,16.656635
3392,16.676031
3393,16.661629
3394,19.279513
3395,13.980043
3396,16.860683
3397,16.593436
3398,16.676568
3399,16.703807
3400,19.426334
3401,13.807107
3402,16.742936
3403,16.608789
3404,16.763150
3405,16.560644
3406,19.262978
3407,13.999000
3408,16.907322
3409,16.498779
3410,16.658726
3411,16.679470
3412,19.628732
3413,13.618350
3414,16.810135
3415,16.698370
3416,16.690439
3417,16.550270
3418,19.588290
3419,13.709667
3420,16.755218
3421,16.641683
3422,16.632789
3423,16.848103
3424,19.385157
3425,13.703639
3426,16.819935
3427,16.699245
3428,16.732706
3429,16.506690
3430,19.194471
3431,14.034954
3432,16.769823
3433,16.645539
3434,16.643117
3435,16.733763
3436,19.443370
3437,13.763724
3438,16.766002
3439,16.637841
3440,16.678563
3441,16.656810
3442,19.397133
3443,13.874958
3444,16.866429
3445,16.537507
3446,16.657794
3447,16.748454
3448,19.106396
3449,14.078416
3450,16.770199
3451,16.784646
3452,16.567874
3453,16.633585
3454,19.451931
3455,13.790679
3456,16.743873
3457,16.651942
3458,16.661911
3459,16.668147
3460,19.527150
3461,13.742751
3462,16.772571
3463,16.704287
3464,16.673636
3465,16.583161
3466,19.304670
3467,14.036309
3468,16.683096
3469,16.647273
3470,16.659492
3471,16.691143
3472,20.366726
3473,12.882252
3474,16.831941
3475,16.598131
3476,16.651707
3477,16.681720
3478,19.224811
3479,14.127997
3480,16.793636
3481,16.628199
3482,16.606537
3483,16.694365
3484,19.336304
3485,13.840046
3486,16.781261
3487,16.637811
3488,16.781126
3489,16.589843
3490,19.115510
3491,14.081644
3492,16.794178
3493,16.685619
3494,16.660663
3495,16.629683
3496,19.929864
3497,13.301896
3498,16.747424
3499,16.666452
3500,16.714546
3501,16.680904
3502,19.168445
3503,14.034323
3504,16.742668
3505,16.660493
3506,16.683684
3507,16.840415
3508,19.592115
3509,13.484796
3510,16.800710
3511,16.686481
3512,16.641434
3513,16.591399
3514,19.134708
3515,14.138739
3516,16.785949
3517,16.672264
3518,16.593688
3519,16.662703
3520,19.527543
3521,13.761448
3522,16.853356
3523,16.539594
3524,16.734091
3525,16.616529
3526,19.167231
3527,14.074522
3528,17.600559
3529,17.039736
3530,15.650026
3531,16.779508
3532,19.269535
3533,13.789868
3534,16.873829
3535,16.559223
3536,16.669381
3537,16.644383
3538,19.131391
3539,14.118016
3540,16.793988
3541,16.645549
3542,16.636857
3543,16.714194
3544,19.165590
3545,14.075961
3546,16.735838
3547,16.647272
3548,16.739183
3549,16.639015
3550,20.299682
3551,12.912854
3552,16.784371
3553,16.646296
3554,16.654532
3555,16.672219
3556,19.164640
3557,14.095742
3558,16.716634
3559,16.684254
3560,17.144434
3561,16.473302
3562,18.931229
3563,14.105594
3564,16.786004
3565,16.669885
3566,16.827481
3567,16.500546
3568,19.558355
3569,13.661065
3570,16.891967
3571,16.579809
3572,16.745219
3573,17.172753
3574,18.491298
3575,14.106937
3576,17.314899
3577,16.118095
3578,16.661106
3579,16.729753
3580,19.903536
3581,13.269086
3582,16.809316
3583,16.622486
3584,16.676385
3585,16.641957
3586,19.643450
3587,13.612210
3588,17.190327
3589,16.252517
3590,16.626528
3591,16.677123
3592,19.319340
3593,14.055082
3594,16.633149
3595,16.660499
3596,16.735863
3597,16.610874
3598,19.141881
3599,14.106911
3600,16.934901
3601,16.590355
3602,16.527412
3603,16.666110
3604,19.240178
3605,14.158641
3606,16.635286
3607,16.669155
3608,16.665186
3609,16.738352
3610,19.103867
3611,14.059589
3612,16.851776
3613,16.620633
3614,16.679931
3615,16.666470
3616,19.072743
3617,14.147381
3618,16.716032
3619,16.642142
3620,16.811103
3621,16.686930
3622,19.051113
3623,14.053038
3624,16.764635
3625,16.636062
3626,16.662563
3627,16.689770
3628,19.607640
3629,13.674672
3630,16.709267
3631,16.668691
3632,16.743193
3633,16.659605
3634,19.751507
3635,13.445729
3636,16.912810
3637,16.574707
3638,16.633907
3639,16.661835
3640,19.739096
3641,13.495749
3642,16.726221
3643,16.654160
3644,16.702285
3645,16.730299
3646,19.058376
3647,14.106990
3648,16.907156
3649,16.609692
3650,16.550542
3651,16.706493
3652,19.082559
3653,14.128511
3654,16.828537
3655,16.662718
3656,16.747339
3657,16.649111
3658,19.071676
3659,14.052457
3660,16.804813
3661,16.713141
3662,16.554165
3663,16.779655
3664,19.587510
3665,13.565403
3666,16.831027
3667,16.618392
3668,16.688765
3669,16.713230
3670,19.012063
3671,14.137879
3672,16.842102
3673,16.716114
3674,16.535402
3675,16.790597
3676,19.202450
3677,13.896785
3678,16.826581
3679,16.583451
3680,16.705257
3681,16.807080
3682,18.999286
3683,14.083535
3684,16.740880
3685,16.699428
3686,16.729698
3687,16.564794
3688,19.153555
3689,14.123180
3690,16.774302
3691,16.662941
3692,16.644577
3693,16.693666
3694,19.160517
3695,14.070666
3696,16.730793
3697,16.715058
3698,16.629861
3699,16.673255
3700,19.762958
3701,13.492369
3702,16.764843
3703,16.639534
3704,16.650361
3705,16.706186
3706,19.102236
3707,14.111673
3708,16.752977
3709,16.734260
3710,16.595118
3711,16.651866
3712,19.184113
3713,14.101726
3714,16.761075
3715,16.695447
3716,16.700784
3717,17.008093
3718,18.735060
3719,14.090490
3720,16.874147
3721,16.607979
3722,16.641206
3723,16.632581
3724,19.259970
3725,13.977622
3726,16.792548
3727,16.697546
3728,16.670254
3729,16.637094
3730,20.473346
3731,12.977359
3732,16.537684
3733,16.699835
3734,16.670940
3735,16.596692
3736,19.128264
3737,14.141072
3738,16.718073
3739,16.667070
3740,16.674049
3741,16.694897
3742,19.106838
3743,14.114472
3744,16.762949
3745,16.676668
3746,16.959609
3747,16.433746
3748,19.141170
3749,14.110119
3750,16.690947
3751,16.644468
3752,16.665672
3753,16.683936
3754,19.181282
3755,14.051798
3756,16.743749
3757,18.147775
3758,15.250993
3759,16.591948
3760,20.570284
3761,12.703627
3762,16.797192
3763,16.662815
3764,16.627554
3765,16.670890
3766,19.186115
3767,14.053428
3768,16.739317
3769,16.679583
3770,16.748199
3771,16.572464
3772,19.112122
3773,14.171622
3774,16.760176
3775,16.609665
3776,16.665286
3777,16.704411
3778,19.118637
3779,14.132077
3780,16.740244
3781,16.661616
3782,16.675586
3783,16.676613
3784,19.916012
3785,13.327080
3786,16.840136
3787,16.585016
3788,16.653541
3789,16.687780
3790,19.680732
3791,13.543329
3792,16.765558
3793,16.646348
3794,16.704734
3795,16.643617
3796,19.105505
3797,14.158438
3798,16.830861
3799,16.544352
3800,16.668689
3801,16.718113
3802,19.111634
3803,14.092163
3804,16.752612
3805,16.706899
3806,16.652990
3807,16.640111
3808,19.138067
3809,14.142618
3810,16.904449
3811,16.494886
3812,16.678299
3813,16.675419
3814,19.152828
3815,14.065217
3816,16.749651
3817,16.655949
3818,16.699235
3819,16.630737
3820,19.527937
3821,13.751035
3822,16.818663
3823,16.620288
3824,16.689367
3825,16.652969
3826,19.156882
3827,14.048766
3828,16.825102
3829,16.658533
3830,16.821534
3831,16.446274
3832,19.985714
3833,13.269438
3834,16.819657
3835,16.972955
3836,16.334581
3837,16.656672
3838,19.195502
3839,14.077314
3840,16.725146
3841,16.689583
3842,16.685884
3843,16.731232
3844,19.418889
3845,13.747683
3846,16.964998
3847,16.495573
3848,16.683030
3849,16.707050
3850,19.477221
3851,13.666006
3852,16.749874
3853,16.664109
3854,16.683151
3855,16.646275
3856,19.099216
3857,14.143496
3858,16.797465
3859,16.631787
3860,16.713756
3861,16.620066
3862,19.549122
3863,13.709631
3864,16.731549
3865,16.680654
3866,16.693470
3867,16.813070
3868,19.014842
3869,14.077133
3870,16.759175
3871,16.622719
3872,16.662611
3873,16.672540
3874,19.216671
3875,14.046399
3876,16.735590
3877,16.674279
3878,16.678884
3879,16.649822
3880,19.116166
3881,14.139186
3882,17.026675
3883,16.490237
3884,16.551233
3885,16.654576
3886,19.222227
3887,14.047836
3888,16.744624
3889,16.676566
3890,16.812292
3891,16.561255
3892,19.086716
3893,14.115504
3894,16.770949
3895,16.639413
3896,16.665446
3897,17.120326
3898,19.113739
3899,13.702598
3900,16.871422
3901,16.594081
3902,16.732215
3903,16.622310
3904,19.633113
3905,13.570433
3906,16.750904
3907,16.780781
3908,16.518401
3909,16.745623
3910,19.208103
3911,13.976675
3912,16.750204
3913,16.704773
3914,16.649826
3915,16.733958
3916,19.035004
3917,14.109574
3918,16.779496
3919,16.710649
3920,16.599315
3921,16.653480
3922,19.188084
3923,14.070375
3924,16.744055
3925,16.653792
3926,16.714687
3927,16.875843
3928,18.906307
3929,14.113562
3930,16.945299
3931,16.516058
3932,16.631001
3933,16.683606
3934,19.296990
3935,13.954876
3936,16.783545
3937,16.636784
3938,16.686772
3939,16.712232
3940,19.459954
3941,13.713836
3942,16.900455
3943,16.833796
3944,16.361207
3945,16.651304
3946,19.659877
3947,13.631624
3948,16.728859
3949,16.656932
3950,16.823040
3951,16.606083
3952,19.025897
3953,14.113330
3954,16.797532
3955,16.599421
3956,16.659797
3957,16.677799
3958,19.240695
3959,14.117527
3960,16.696964
3961,16.655422
3962,16.704875
3963,16.626123
3964,19.139887
3965,14.097824
3966,16.761926
3967,16.725782
3968,16.654365
3969,16.623419
3970,19.122095
3971,14.122009
3972,16.731751
3973,16.707007
3974,16.769465
3975,16.660242
3976,19.034700
3977,14.117584
3978,16.752550
3979,16.736307
3980,16.556216
3981,16.683358
3982,19.725885
3983,13.514475
3984,16.762547
3985,16.688769
3986,16.695333
3987,16.669003
3988,19.189999
3989,13.993842
3990,16.752465
3991,16.778500
3992,16.545049
3993,16.649865
3994,19.174841
3995,14.129599
3996,16.725183
3997,16.640218
3998,16.676991
3999,16.716376
4000,19.068844
4001,14.156774
4002,16.827532
4003,16.639598
4004,16.616620
4005,16.656042
4006,19.208177
4007,14.082828
4008,16.711618
4009,16.651656
4010,16.670303
4011,16.734759
4012,19.117616
4013,14.074518
4014,16.799306
4015,16.661132
4016,16.618926
4017,16.672726
4018,19.686749
4019,13.591683
4020,16.734160
4021,16.659945
4022,16.661626
4023,16.704644
4024,19.103462
4025,14.116671
4026,16.737414
4027,16.691887
4028,16.714676
4029,16.589971
4030,19.152126
4031,14.132884
4032,16.707784
4033,16.767214
4034,16.541965
4035,16.715661
4036,19.089058
4037,14.145611
4038,16.733203
4039,16.683695
4040,16.631155
4041,16.667345
4042,19.148688
4043,14.161640
4044,16.720162
4045,16.679132
4046,16.672156
4047,16.676164
4048,19.133934
4049,14.111153
4050,16.778238
4051,16.696638
4052,16.648280
4053,16.655542
4054,19.866359
4055,13.393664
4056,16.854566
4057,16.514874
4058,16.661925
4059,16.721244
4060,19.209730
4061,13.988075
4062,16.752318
4063,16.663998
4064,16.666852
4065,16.643141
4066,20.062151
4067,13.222961
4068,16.982062
4069,16.422568
4070,16.703004
4071,16.970880
4072,19.544421
4073,13.458767
4074,16.754124
4075,16.711692
4076,16.641824
4077,16.630773
4078,19.404752
4079,13.817410
4080,16.765563
4081,16.673782
4082,16.699857
4083,16.588096
4084,20.077609
4085,13.152953
4086,16.738542
4087,16.662831
4088,16.787640
4089,16.600661
4090,19.093068
4091,14.112154
4092,16.759004
4093,16.673915
4094,16.657760
4095,16.730923
4096,19.399749
4097,13.802798
4098,16.889284
4099,16.743893
4100,16.478587
4101,16.624724
4102,20.049203
4103,13.256964
4104,16.823486
4105,16.507853
4106,16.725009
4107,16.697692
4108,20.161014
4109,13.026002
4110,16.731315
4111,16.694491
4112,16.622919
4113,16.648997
4114,19.128353
4115,14.162699
4116,16.745033
4117,16.658807
4118,16.681205
4119,16.649853
4120,19.167474
4121,14.220186
4122,16.645708
4123,16.648844
4124,16.797245
4125,16.549693
4126,19.922027
4127,13.347738
4128,16.792012
4129,16.659805
4130,16.634952
4131,16.682528
4132,19.517101
4133,13.716682
4134,16.741544
4135,16.721778
4136,16.618269
4137,16.708199
4138,19.646739
4139,13.532606
4140,16.923181
4141,16.562471
4142,16.567159
4143,16.662075
4144,19.738593
4145,13.564035
4146,16.857438
4147,16.706921
4148,16.542438
4149,16.678840
4150,19.549765
4151,13.665660
4152,16.784519
4153,16.629868
4154,16.663358
4155,16.715753
4156,19.080624
4157,14.104118
4158,16.740766
4159,16.630268
4160,16.702577
4161,16.658405
4162,19.110979
4163,14.164830
4164,16.810730
4165,16.693862
4166,16.661841
4167,16.667409
4168,19.520013
4169,13.704848
4170,16.727377
4171,16.639353
4172,16.735271
4173,16.658827
4174,19.938662
4175,13.261375
4176,16.832495
4177,16.605201
4178,16.690191
4179,16.673493
4180,19.572692
4181,13.623329
4182,16.792224
4183,16.651915
4184,16.710597
4185,16.581597
4186,19.150990
4187,14.102501
4188,16.780605
4189,16.778961
4190,16.530193
4191,16.633304
4192,19.173639
4193,14.098868
4194,16.725139
4195,16.655797
4196,16.677503
4197,16.677498
4198,19.136116
4199,14.136064
4200,16.758053
4201,16.825225
4202,16.584867
4203,16.611431
4204,19.785003
4205,13.479820
4206,16.763636
4207,16.667760
4208,16.813320
4209,16.543087
4210,19.050860
4211,14.107315
4212,16.796833
4213,16.631733
4214,16.651868
4215,16.677950
4216,19.221433
4217,14.040329
4218,16.836562
4219,16.591206
4220,16.662210
4221,16.654087
4222,19.103244
4223,14.134686
4224,16.761235
4225,16.612795
4226,16.691674
4227,16.712185
4228,19.158339
4229,14.075146
4230,16.752152
4231,16.664160
4232,16.661681
4233,16.897986
4234,18.919332
4235,14.075128
4236,16.849791
4237,16.594241
4238,16.681112
4239,16.633479
4240,19.841663
4241,13.436753
4242,16.764987
4243,16.577346
4244,16.763496
4245,16.827709
4246,18.980266
4247,14.078557
4248,16.801964
4249,16.788527
4250,16.535511
4251,16.625927
4252,19.283720
4253,13.998155
4254,16.737870
4255,16.661297
4256,16.744032
4257,16.592139
4258,19.554749
4259,13.713727
4260,16.804167
4261,16.617571
4262,16.660088
4263,16.718110
4264,19.542188
4265,13.760953
4266,16.634362
4267,16.656343
4268,16.661873
4269,16.703846
4270,19.061455
4271,14.132497
4272,16.786689
4273,16.682676
4274,16.611332
4275,16.691498
4276,19.890383
4277,13.425117
4278,16.674017
4279,16.647518
4280,16.724913
4281,16.892954
4282,18.885650
4283,14.084212
4284,16.812044
4285,16.603833
4286,16.674135
4287,16.660355
4288,20.115900
4289,13.664675
4290,16.716486
4291,16.673958
4292,16.752062
4293,16.600268
4294,19.430815
4295,13.791125
4296,16.786521
4297,16.731211
4298,16.546329
4299,16.651301
4300,19.738326
4301,13.653478
4302,16.651053
4303,16.660385
4304,16.689304
4305,16.648461
4306,19.091846
4307,14.127147
4308,16.792735
4309,16.904288
4310,16.431448
4311,16.643655
4312,20.271565
4313,12.985212
4314,16.739439
4315,16.655723
4316,16.727375
4317,16.665791
4318,19.053712
4319,14.115344
4320,16.741846
4321,16.812779
4322,16.534900
4323,16.663344
4324,19.507532
4325,13.771952
4326,16.741197
4327,16.800734
4328,16.525245
4329,16.810024
4330,19.537571
4331,13.641688
4332,16.735816
4333,16.690714
4334,16.629000
4335,16.669122
4336,20.038611
4337,13.171421
4338,16.742077
4339,16.674997
4340,16.657389
4341,16.710387
4342,19.100712
4343,14.115910
4344,16.765566
4345,16.679088
4346,16.858895
4347,16.524804
4348,19.139826
4349,14.058283
4350,16.740703
4351,16.655438
4352,16.694866
4353,16.767445
4354,18.999773
4355,14.102379
4356,16.759301
4357,16.739356
4358,16.648558
4359,16.630362
4360,19.100056
4361,14.119364
4362,16.774464
4363,16.664365
4364,16.676506
4365,16.687625
4366,19.183887
4367,14.019803
4368,16.780371
4369,16.663465
4370,16.617780
4371,16.655584
4372,19.161428
4373,14.124920
4374,16.734447
4375,16.678366
4376,16.671653
4377,16.722508
4378,19.094035
4379,14.103951
4380,16.728754
4381,16.719946
4382,16.710453
4383,16.590639
4384,20.463182
4385,12.812173
4386,16.964087
4387,16.414161
4388,16.668378
4389,16.716793
4390,19.683841
4391,13.616613
4392,16.677998
4393,16.722375
4394,16.608750
4395,16.682844
4396,19.785206
4397,13.500577
4398,16.699610
4399,16.656437
4400,16.658844
4401,16.719229
4402,19.484029
4403,13.772195
4404,17.807480
4405,15.600078
4406,16.661081
4407,16.680589
4408,20.059407
4409,13.189343
4410,16.786794
4411,16.602353
4412,16.675333
4413,16.753540
4414,19.055006
4415,14.116197
4416,16.790669
4417,16.629555
4418,16.713608
4419,16.684860
4420,19.923608
4421,13.258164
4422,16.880006
4423,16.516359
4424,16.741497
4425,16.602679
4426,19.219889
4427,14.054403
4428,16.733492
4429,16.664950
4430,16.679048
4431,16.629477
4432,19.960067
4433,13.367391
4434,16.778582
4435,16.571134
4436,16.660522
4437,16.745944
4438,19.493268
4439,13.739147
4440,16.776080
4441,16.742965
4442,16.814183
4443,16.417151
4444,19.496837
4445,13.738327
4446,16.968088
4447,16.453010
4448,16.656708
4449,16.738157
4450,19.444084
4451,13.759915
4452,16.729525
4453,16.741260
4454,16.739715
4455,16.560443
4456,19.386220
4457,13.845194
4458,16.792200
4459,16.618502
4460,16.638592
4461,16.739752
4462,19.679128
4463,13.525917
4464,16.808111
4465,16.722295
4466,16.600012
4467,16.618273
4468,19.883662
4469,13.407425
4470,16.765360
4471,16.796713
4472,16.484055
4473,16.670053
4474,19.533583
4475,13.715620
4476,16.731834
4477,16.702838
4478,16.811930
4479,16.500977
4480,19.219876
4481,14.007321
4482,16.748021
4483,16.672966
4484,16.665663
4485,16.711261
4486,20.172574
4487,13.043264
4488,16.799815
4489,16.760393
4490,16.647647
4491,16.607572
4492,19.544275
4493,13.668822
4494,16.776914
4495,16.659349
4496,16.647877
4497,16.701158
4498,19.147333
4499,14.021484
4500,16.722299
4501,16.710890
4502,16.626773
4503,16.649641
4504,19.134791
4505,14.158766
4506,16.738305
4507,16.668357
4508,16.639287
4509,16.787368
4510,19.612111
4511,13.559507
4512,16.802549
4513,16.704274
4514,16.773426
4515,16.477888
4516,19.195786
4517,14.091850
4518,16.732796
4519,16.656466
4520,16.668210
4521,16.765165
4522,19.571394
4523,13.572850
4524,16.752360
4525,16.744528
4526,16.708100
4527,16.601572
4528,19.895306
4529,13.319367
4530,16.787783
4531,16.677045
4532,16.683630
4533,16.613319
4534,19.492891
4535,13.708584
4536,16.913397
4537,16.784060
4538,16.806727
4539,16.417991
4540,19.638267
4541,13.498854
4542,17.021138
4543,16.530694
4544,16.743053
4545,16.423415
4546,19.610666
4547,13.648342
4548,16.825708
4549,16.800407
4550,16.614775
4551,16.626462
4552,20.335540
4553,12.833848
4554,16.865791
4555,16.607769
4556,16.588284
4557,16.968389
4558,19.383362
4559,13.778671
4560,16.723372
4561,16.691316
4562,16.668031
4563,16.734547
4564,19.427181
4565,13.780549
4566,16.759362
4567,16.653806
4568,16.645726
4569,16.720059
4570,19.463322
4571,13.766570
4572,16.730669
4573,16.664420
4574,16.689869
4575,16.649946
4576,19.933010
4577,13.304044
4578,16.785483
4579,16.639411
4580,16.646079
4581,16.671347
4582,19.585376
4583,13.681843
4584,16.749712
4585,16.653627
4586,16.703505
4587,16.760254
4588,20.476502
4589,12.645578
4590,16.834759
4591,16.589941
4592,16.650763
4593,16.678735
4594,19.567509
4595,13.674862
4596,16.757496
4597,16.674526
4598,16.686876
4599,16.644991
4600,19.531861
4601,13.700128
4602,16.803325
4603,16.680227
4604,16.647806
4605,16.639429
4606,19.338965
4607,13.892513
4608,16.799878
4609,16.613686
4610,16.898531
4611,16.450008
4612,19.184688
4613,14.038744
4614,16.954841
4615,16.500057
4616,16.777500
4617,16.605610
4618,19.129174
4619,14.032302
4620,16.764624
4621,16.789170
4622,16.538481
4623,16.686647
4624,20.169654
4625,13.063122
4626,16.840755
4627,16.599880
4628,16.644052
4629,16.710453
4630,19.522866
4631,13.792174
4632,16.644000
4633,16.642130
4634,16.958734
4635,16.465623
4636,19.406085
4637,13.791038
4638,16.747637
4639,16.632284
4640,16.644208
4641,16.702879
4642,19.283036
4643,14.078409
4644,16.905550
4645,16.540875
4646,16.576647
4647,16.651803
4648,19.158673
4649,14.068706
4650,16.814571
4651,16.668374
4652,16.618434
4653,16.726555
4654,19.431467
4655,13.775130
4656,16.742487
4657,16.639186
4658,16.824535
4659,16.537973
4660,19.495836
4661,13.729593
4662,16.815523
4663,16.635122
4664,16.664237
4665,16.646934
4666,19.472042
4667,13.862494
4668,16.813969
4669,16.574997
4670,16.824472
4671,16.443816
4672,19.431356
4673,13.794422
4674,16.886731
4675,16.609971
4676,16.590653
4677,16.676909
4678,19.498794
4679,13.726979
4680,17.139639
4681,16.398900
4682,16.623586
4683,17.030997
4684,19.127059
4685,13.684758
4686,17.215763
4687,17.043483
4688,15.851184
4689,17.020602
4690,19.378805
4691,13.544633
4692,16.722155
4693,16.699168
4694,16.641645
4695,16.828789
4696,19.370462
4697,13.719605
4698,16.769711
4699,16.761842
4700,16.556887
4701,16.651300
4702,19.507575
4703,13.751535
4704,16.824704
4705,16.607794
4706,16.664245
4707,16.706041
4708,19.536575
4709,13.633164
4710,16.652526
4711,16.679227
4712,16.650127
4713,16.705693
4714,16.625604
4715,16.691055
4716,16.628695
4717,16.672427
4718,16.677090
4719,16.674848
4720,16.660054
4721,16.664849
4722,16.665402
4723,16.677788
4724,16.663116
4725,16.656017
4726,16.673157
4727,16.665843
4728,16.643705
4729,16.663985
4730,16.669318
4731,16.697061
4732,16.663377
4733,16.662341
4734,17.051733
4735,16.684156
4736,16.629479
4737,16.678197
4738,16.684122
4739,16.678064
4740,16.652865
4741,16.680299
4742,16.647434
4743,16.665352
4744,16.658581
4745,16.656992
4746,16.667533
4747,16.674040
4748,16.651163
4749,16.689717
4750,16.668569
4751,16.662407
4752,16.675759
4753,16.668638
4754,16.658640
4755,16.673935
4756,16.658082
4757,16.665576
4758,16.655414
4759,16.690918
4760,16.665848
4761,16.663728
4762,16.680288
4763,16.652000
4764,16.678684
4765,16.652346
4766,16.676230
4767,16.676797
4768,16.671424
4769,16.652994
4770,16.661911
4771,16.683829
4772,16.656626
4773,16.667650
4774,16.658170
4775,16.671472
4776,16.680732
4777,16.653382
4778,16.650894
4779,16.671264
4780,16.655369
4781,16.655928
4782,16.666859
4783,16.712158
4784,16.626409
4785,16.663120
4786,16.694012
4787,16.679734
4788,16.865707
4789,16.508872
4790,16.741104
4791,16.682536
4792,16.701278
4793,16.583294
4794,20.008565
4795,13.279801
4796,16.714392
4797,16.695030
4798,16.630590
4799,16.685483
4800,19.126351
4801,14.146582
4802,16.740134
4803,16.704284
4804,16.643894
4805,16.642259
4806,19.244317
4807,14.055513
4808,16.718576
4809,16.641013
4810,16.652274
4811,16.740102
4812,19.442452
4813,13.776814
4814,16.764860
4815,16.737872
4816,16.718464
4817,16.547451
4818,19.770046
4819,13.493295
4820,16.740576
4821,16.612718
4822,16.720223
4823,16.666564
4824,19.691264
4825,13.542069
4826,16.740736
4827,16.683745
4828,16.709833
4829,16.615589
4830,20.130061
4831,13.141094
4832,16.741428
4833,16.650212
4834,16.677396
4835,16.758953
4836,19.363554
4837,13.804121
4838,16.721191
4839,16.716317
4840,16.794646
4841,16.483239
4842,20.029506
4843,13.249072
4844,16.850697
4845,16.515974
4846,16.662780
4847,16.672219
4848,19.161637
4849,14.135588
4850,16.717708
4851,16.769022
4852,16.634432
4853,16.700611
4854,19.647084
4855,13.528493
4856,16.774029
4857,16.608352
4858,16.715429
4859,16.724999
4860,19.368639
4861,13.796982
4862,16.787255
4863,16.765112
4864,16.568100
4865,16.649064
4866,19.540784
4867,13.696609
4868,16.768568
4869,16.676885
4870,16.639707
4871,16.672769
4872,19.429334
4873,13.824014
4874,16.742143
4875,16.791079
4876,16.568599
4877,16.688518
4878,20.014095
4879,13.196104
4880,16.808216
4881,16.612020
4882,16.667890
4883,16.698122
4884,19.601669
4885,13.633684
4886,16.766143
4887,16.699955
4888,16.628814
4889,16.814278
4890,20.513145
4891,12.570122
4892,16.755823
4893,16.647750
4894,16.650091
4895,16.680862
4896,19.552651
4897,13.725104
4898,16.766615
4899,16.700024
4900,16.889653
4901,16.397717
4902,19.502167
4903,13.726283
4904,16.839324
4905,16.611961
4906,16.767853
4907,16.538816
4908,19.517124
4909,13.729688
4910,16.743923
4911,16.653041
4912,16.774261
4913,16.579468
4914,19.564651
4915,13.684430
4916,16.748426
4917,16.647743
4918,16.651322
4919,16.771900
4920,19.148668
4921,14.092897
4922,16.691188
4923,16.654011
4924,16.677645
4925,16.649583
4926,19.152922
4927,14.095451
4928,16.783172
4929,16.680031
4930,16.630780
4931,16.640773
4932,19.171435
4933,14.087495
4934,16.752778
4935,16.695594
4936,16.690886
4937,16.831360
4938,18.948871
4939,14.095487
4940,16.837507
4941,16.609318
4942,16.625532
4943,16.668646
4944,19.228805
4945,14.038429
4946,16.761649
4947,16.669116
4948,16.669187
4949,16.817491
4950,18.978205
4951,14.108594
4952,16.798017
4953,16.709835
4954,16.556855
4955,16.687202
4956,19.511816
4957,13.808950
4958,16.672238
4959,16.740471
4960,16.815286
4961,16.635475
4962,19.526614
4963,13.543653
4964,16.784860
4965,16.648262
4966,16.646648
4967,16.651703
4968,19.491541
4969,13.788323
4970,16.755319
4971,16.681081
4972,16.659101
4973,16.829769
4974,19.374105
4975,13.698391
4976,16.744050
4977,16.908338
4978,16.472081
4979,16.633629
4980,19.215609
4981,14.056791
4982,16.775932
4983,16.710589
4984,16.552923
4985,16.800712
4986,19.396647
4987,13.710362
4988,17.266926
4989,16.723789
4990,16.618650
4991,16.637457
4992,19.699142
4993,13.554378
4994,16.766484
4995,16.688595
4996,16.671127
4997,16.922092
4998,18.894473
4999,14.016002
5000,16.808187
5001,16.743731
5002,16.534127
5003,16.644485
5004,19.160753
5005,14.172331
5006,16.727820
5007,16.659736
5008,16.679909
5009,16.643766
5010,19.149529
5011,14.089090
5012,16.747365
5013,16.662823
5014,16.629457
5015,16.685271
5016,19.145883
5017,14.139956
5018,16.737868
5019,16.643391
5020,16.663445
5021,16.722220
5022,19.116127
5023,14.106426
5024,16.740297
5025,16.685018
5026,16.621917
5027,16.660685
5028,19.158243
5029,14.129454
5030,16.750209
5031,16.664842
5032,16.676740
5033,16.692767
5034,19.628973
5035,13.588522
5036,16.740158
5037,16.701291
5038,16.626477
5039,16.669631
5040,19.218048
5041,14.056020
5042,16.812860
5043,16.617385
5044,16.686693
5045,16.700687
5046,19.081952
5047,14.087213
5048,16.792330
5049,16.734544
5050,16.545532
5051,16.702231
5052,19.115567
5053,14.116093
5054,16.724659
5055,16.681994
5056,16.656749
5057,16.724245
5058,19.092633
5059,14.103476
5060,16.805730
5061,16.732886
5062,16.546011
5063,16.717567
5064,19.101792
5065,14.109709
5066,16.831924
5067,16.594116
5068,16.661957
5069,16.677179
5070,19.862993
5071,13.371090
5072,16.733430
5073,16.700022
5074,16.633926
5075,16.649554
5076,19.143147
5077,14.138746
5078,16.805206
5079,16.594620
5080,16.659937
5081,16.757274
5082,19.107542
5083,14.069317
5084,16.820982
5085,16.610238
5086,16.671335
5087,16.622309
5088,19.163274
5089,14.134921
5090,16.790872
5091,16.646213
5092,16.668871
5093,16.699512
5094,19.042200
5095,14.139724
5096,16.743276
5097,16.702524
5098,16.622117
5099,16.665899
5100,19.150134
5101,14.179885
5102,16.698860
5103,16.633285
5104,16.659991
5105,16.719652
5106,19.585919
5107,13.636174
5108,16.723552
5109,16.747212
5110,16.704079
5111,16.544715
5112,19.132875
5113,14.172043
5114,16.732661
5115,16.649159
5116,16.636335
5117,16.708954
5118,19.160044
5119,14.079976
5120,16.729635
5121,16.731585
5122,16.654303
5123,16.613601
5124,19.143834
5125,14.132168
5126,16.816756
5127,16.612441
5128,16.656188
5129,16.712576
5130,19.100011
5131,14.105033
5132,16.765417
5133,16.725072
5134,16.628281
5135,16.608350
5136,19.155310
5137,14.126646
5138,16.872147
5139,16.510140
5140,16.645038
5141,16.727464
5142,19.658345
5143,13.579183
5144,16.717963
5145,16.721248
5146,16.626315
5147,16.662513
5148,19.127119
5149,14.151143
5150,16.855691
5151,16.539843
5152,16.647108
5153,16.699376
5154,19.257655
5155,13.993881
5156,16.736873
5157,16.674153
5158,16.691151
5159,16.621841
5160,19.139737
5161,14.147707
5162,16.745739
5163,16.933497
5164,16.660744
5165,16.711620
5166,19.132026
5167,13.809063
5168,16.881493
5169,16.893743
5170,16.625755
5171,16.572393
5172,18.903375
5173,14.136155
5174,16.766874
5175,16.676396
5176,16.613281
5177,16.711474
5178,19.673698
5179,13.549412
5180,16.730571
5181,16.668668
5182,16.680586
5183,16.645034
5184,19.133700
5185,14.143080
5186,16.755646
5187,16.766697
5188,16.544643
5189,16.732764
5190,19.095431
5191,14.107553
5192,16.727839
5193,16.692301
5194,16.652858
5195,16.665011
5196,19.134726
5197,14.114853
5198,16.752831
5199,16.650722
5200,16.654926
5201,16.690655
5202,19.155633
5203,14.107151
5204,16.724964
5205,16.658902
5206,16.678352
5207,16.682960
5208,19.114468
5209,14.123798
5210,16.783706
5211,16.761827
5212,16.573522
5213,16.689110
5214,19.659730
5215,13.589960
5216,16.711285
5217,16.710460
5218,16.621983
5219,16.623895
5220,19.134017
5221,14.145387
5222,16.851832
5223,16.609962
5224,16.663913
5225,16.677044
5226,19.178807
5227,14.022462
5228,16.805732
5229,16.687765
5230,16.593650
5231,16.654597
5232,19.117708
5233,14.142712
5234,16.745284
5235,16.666615
5236,16.642868
5237,16.682671
5238,19.143673
5239,14.116379
5240,16.725514
5241,16.680060
5242,16.680391
5243,16.662007
5244,19.129577
5245,14.132427
5246,16.746805
5247,16.795026
5248,16.521836
5249,16.690098
5250,20.358409
5251,12.920634
5252,16.731653
5253,16.676571
5254,16.630672
5255,16.737319
5256,19.033576
5257,14.158331
5258,16.807965
5259,16.751730
5260,16.522415
5261,16.646762
5262,19.196319
5263,14.117685
5264,17.251634
5265,16.258436
5266,16.719095
5267,16.787389
5268,19.251911
5269,14.004359
5270,16.470236
5271,16.737094
5272,16.650439
5273,16.662209
5274,19.653667
5275,13.685392
5276,16.589602
5277,16.750983
5278,16.691721
5279,16.673884
5280,19.521319
5281,13.752650
5282,16.626405
5283,16.743693
5284,16.587220
5285,16.694578
5286,19.175838
5287,14.270347
5288,16.487945
5289,16.796472
5290,16.658932
5291,16.684270
5292,19.702652
5293,13.609118
5294,16.567609
5295,16.929683
5296,16.481217
5297,16.672747
5298,19.453383
5299,13.909907
5300,16.550084
5301,16.744882
5302,16.707372
5303,16.637502
5304,19.513492
5305,13.806345
5306,16.607477
5307,17.021989
5308,16.439265
5309,16.671770
5310,19.487051
5311,13.894400
5312,16.468468
5313,16.821105
5314,16.614319
5315,16.779498
5316,19.315111
5317,13.917982
5318,16.624074
5319,16.819121
5320,16.528068
5321,16.665590
5322,19.648909
5323,14.019203
5324,16.256051
5325,16.820446
5326,16.646165
5327,16.727139
5328,19.414459
5329,13.774302
5330,16.615344
5331,16.974886
5332,16.449103
5333,16.640913
5334,19.427538
5335,13.960293
5336,16.551868
5337,16.752995
5338,16.648767
5339,16.703371
5340,19.462878
5341,13.835561
5342,16.583244
5343,16.885430
5344,16.522823
5345,16.660010
5346,19.522200
5347,13.915614
5348,16.489873
5349,16.771462
5350,16.707855
5351,16.661984
5352,19.413870
5353,13.875617
5354,16.587072
5355,16.881541
5356,16.531149
5357,16.691019
5358,19.141682
5359,14.167536
5360,16.586170
5361,16.736353
5362,16.658396
5363,16.692493
5364,19.926457
5365,13.380756
5366,16.938752
5367,16.948594
5368,16.548131
5369,16.592408
5370,19.341554
5371,14.156537
5372,16.404400
5373,16.806506
5374,16.739801
5375,16.764749
5376,19.355309
5377,13.737851
5378,16.583382
5379,16.891501
5380,16.532697
5381,16.649320
5382,19.510773
5383,13.847167
5384,16.573941
5385,16.740545
5386,16.675318
5387,16.672073
5388,19.523883
5389,13.795656
5390,16.585579
5391,16.820374
5392,16.610637
5393,16.656387
5394,19.920997
5395,13.425877
5396,16.593020
5397,16.737119
5398,16.679070
5399,16.657356
5400,19.221863
5401,14.110688
5402,16.977753
5403,16.907772
5404,16.501858
5405,16.656263
5406,19.221960
5407,14.195113
5408,16.514535
5409,16.809753
5410,16.644375
5411,16.694144
5412,19.430820
5413,13.833648
5414,16.583783
5415,16.836915
5416,16.577737
5417,16.706134
5418,19.511823
5419,13.771509
5420,16.585707
5421,16.750009
5422,16.649773
5423,16.688672
5424,19.456202
5425,13.875491
5426,16.601603
5427,16.732034
5428,16.645430
5429,16.684265
5430,20.315792
5431,13.063416
5432,16.543221
5433,16.753044
5434,16.668036
5435,16.697708
5436,19.270427
5437,14.024985
5438,16.601583
5439,16.779220
5440,16.632377
5441,16.645185
5442,19.203416
5443,14.177823
5444,16.594055
5445,16.736978
5446,16.683952
5447,17.062405
5448,19.168151
5449,13.779799
5450,16.524020
5451,16.907978
5452,16.519602
5453,16.816760
5454,19.336317
5455,13.874511
5456,16.570646
5457,16.747776
5458,16.787793
5459,16.606725
5460,19.395989
5461,13.876645
5462,16.581842
5463,16.887725
5464,16.676874
5465,16.515190
5466,19.477981
5467,13.920992
5468,16.510573
5469,16.788890
5470,16.629106
5471,16.728862
5472,19.213019
5473,14.062408
5474,16.575197
5475,16.795298
5476,16.670340
5477,16.610248
5478,19.902997
5479,13.433834
5480,16.583222
5481,16.730777
5482,16.667176
5483,16.747928
5484,19.192991
5485,14.095135
5486,16.604840
5487,16.786235
5488,16.657386
5489,16.638987
5490,19.517190
5491,13.986999
5492,16.460737
5493,16.732173
5494,16.597812
5495,16.733556
5496,20.303890
5497,13.017336
5498,16.577765
5499,16.887976
5500,16.528302
5501,16.656266
5502,20.092251
5503,13.315083
5504,16.533010
5505,16.719233
5506,16.656145
5507,16.710035
5508,19.627144
5509,13.673435
5510,16.595142
5511,16.805442
5512,16.603176
5513,16.615473
5514,19.184933
5515,14.179855
5516,16.620902
5517,16.745467
5518,16.763290
5519,16.692673
5520,19.387806
5521,13.819075
5522,16.571854
5523,16.771532
5524,16.677951
5525,16.630087
5526,19.170463
5527,14.164340
5528,16.606703
5529,16.749185
5530,16.763096
5531,16.555193
5532,20.174239
5533,13.147814
5534,16.576988
5535,16.777550
5536,16.810225
5537,16.520033
5538,19.424570
5539,13.895690
5540,16.608296
5541,16.741208
5542,16.661613
5543,16.665996
5544,19.542855
5545,13.783532
5546,16.594997
5547,16.749902
5548,16.677595
5549,16.657776
5550,19.139009
5551,14.146801
5552,16.631907
5553,16.754306
5554,16.654891
5555,16.659489
5556,19.609725
5557,13.765616
5558,16.529500
5559,16.790463
5560,16.698487
5561,16.646624
5562,19.110552
5563,14.199480
5564,16.581878
5565,16.732518
5566,16.662543
5567,16.702932
5568,19.166923
5569,14.127884
5570,16.598255
5571,16.728292
5572,16.708904
5573,16.642728
5574,19.139580
5575,14.203009
5576,16.603339
5577,16.732818
5578,16.652418
5579,16.688377
5580,19.170186
5581,14.157465
5582,16.582692
5583,16.753484
5584,16.698482
5585,16.618344
5586,21.233223
5587,12.319929
5588,16.580654
5589,17.000915
5590,16.477047
5591,16.689984
5592,21.505500
5593,12.057655
5594,16.293677
5595,16.924970
5596,17.036871
5597,16.718599
5598,23.596153
5599,10.959190
5600,14.933559
5601,17.205551
5602,17.025306
5603,15.894099
5604,21.692790
5605,12.022429
5606,15.950023
5607,16.933266
5608,16.791589
5609,16.673622
5610,18.972983
5611,14.342943
5612,16.346265
5613,16.845433
5614,16.828553
5615,16.614719
5616,19.616124
5617,13.711500
5618,16.307249
5619,16.909093
5620,16.872519
5621,16.512463
5622,19.418153
5623,13.797280
5624,16.519190
5625,16.798072
5626,16.632013
5627,16.645412
5628,19.219718
5629,14.072873
5630,16.590304
5631,16.752643
5632,16.728529
5633,16.665757
5634,19.705931
5635,13.582981
5636,16.625768
5637,16.743756
5638,16.636974
5639,16.664568
5640,19.715056
5641,13.725647
5642,16.466731
5643,16.758761
5644,16.714943
5645,16.687847
5646,19.338969
5647,13.960883
5648,16.594864
5649,16.842624
5650,16.596963
5651,16.643104
5652,19.661765
5653,13.740831
5654,16.475978
5655,16.878382
5656,16.592673
5657,16.644679
5658,19.221104
5659,14.043460
5660,16.658987
5661,16.807206
5662,16.575860
5663,16.706021
5664,19.659724
5665,13.679580
5666,16.551335
5667,16.824386
5668,16.647513
5669,16.643103
5670,19.459263
5671,13.861029
5672,16.606403
5673,16.827506
5674,16.653751
5675,16.545779
5676,19.475739
5677,13.919305
5678,16.516581
5679,16.931971
5680,16.638876
5681,16.738197
5682,19.381966
5683,13.790129
5684,16.518649
5685,16.911042
5686,16.569510
5687,16.681798
5688,19.259764
5689,14.040980
5690,16.525959
5691,16.747972
5692,16.664642
5693,16.745624
5694,19.076242
5695,14.232599
5696,16.539975
5697,16.852949
5698,16.543216
5699,16.704446
5700,23.019974
5701,10.371398
5702,16.499685
5703,16.787981
5704,16.613741
5705,17.378430
5706,19.598584
5707,13.293477
5708,16.430587
5709,16.831082
5710,16.599955
5711,16.682362
5712,16.703602
5713,19.683119
5714,13.546835
5715,16.714409
5716,16.690496
5717,16.681148
5718,16.663771
5719,19.457137
5720,13.781712
5721,16.816612
5722,16.633770
5723,16.592968
5724,16.707626
5725,19.177837
5726,14.068713
5727,16.762727
5728,16.734987
5729,16.634549
5730,16.621365
5731,19.472519
5732,13.783621
5733,16.897547
5734,16.537017
5735,16.658205
5736,16.644443
5737,19.475594
5738,13.785171
5739,16.750070
5740,16.668132
5741,16.678783
5742,16.982221
5743,21.607750
5744,11.455277
5745,17.648153
5746,16.066878
5747,16.469468
5748,16.661104
5749,20.056071
5750,13.195644
5751,16.755825
5752,16.657513
5753,16.728822
5754,16.720679
5755,19.325228
5756,13.816631
5757,16.813497
5758,16.644765
5759,16.657204
5760,16.718683
5761,19.685472
5762,13.485142
5763,16.798955
5764,16.641784
5765,16.690169
5766,16.639719
5767,19.126782
5768,14.083648
5769,16.841520
5770,16.566410
5771,16.749175
5772,16.580192
5773,19.602972
5774,13.673632
5775,16.731522
5776,16.663513
5777,16.689278
5778,16.690260
5779,19.156354
5780,14.064704
5781,16.758131
5782,16.672573
5783,16.651379
5784,16.686821
5785,19.609747
5786,13.642126
5787,16.746422
5788,16.654731
5789,16.728214
5790,16.633048
5791,19.519960
5792,13.741534
5793,16.785632
5794,16.617989
5795,16.653842
5796,16.783835
5797,19.473041
5798,13.696497
5799,16.744225
5800,16.661578
5801,16.720106
5802,16.599795
5803,19.219849
5804,14.035593
5805,16.804259
5806,16.789273
5807,16.511610
5808,16.647343
5809,19.498274
5810,13.794435
5811,16.719972
5812,16.657686
5813,16.662225
5814,16.779660
5815,19.373775
5816,13.765088
5817,16.804876
5818,16.617709
5819,16.700278
5820,16.623017
5821,19.590536
5822,13.700841
5823,16.722860
5824,16.644394
5825,16.781067
5826,16.713802
5827,19.413594
5828,13.684375
5829,16.832405
5830,16.617353
5831,16.627788
5832,16.663943
5833,19.278252
5834,13.988474
5835,16.763108
5836,16.731533
5837,16.714279
5838,16.624711
5839,19.358605
5840,13.812532
5841,16.787401
5842,16.783958
5843,16.550268
5844,16.637864
5845,19.651104
5846,13.610430
5847,16.732259
5848,16.687731
5849,16.672781
5850,16.670609
5851,20.196122
5852,13.034539
5853,16.801712
5854,16.748858
5855,16.503832
5856,16.672850
5857,19.522777
5858,13.781113
5859,16.723114
5860,16.683846
5861,16.691416
5862,16.775657
5863,19.338031
5864,13.746730
5865,16.818448
5866,16.811124
5867,16.455216
5868,16.733655
5869,19.386795
5870,13.834444
5871,16.712619
5872,16.709712
5873,16.643129
5874,16.659672
5875,19.519237
5876,13.720565
5877,16.768047
5878,16.813313
5879,16.503112
5880,16.662711
5881,19.276983
5882,13.977262
5883,16.735808
5884,16.818740
5885,17.283394
5886,15.985115
5887,19.306864
5888,13.868529
5889,16.859252
5890,16.751442
5891,16.443501
5892,16.747802
5893,19.696707
5894,13.529228
5895,16.786231
5896,16.630281
5897,16.683174
5898,16.619716
5899,19.111596
5900,14.126740
5901,17.365367
5902,16.062005
5903,16.646184
5904,16.676791
5905,19.644888
5906,13.630830
5907,16.758741
5908,16.650133
5909,16.655786
5910,16.695080
5911,19.106107
5912,14.113577
5913,16.735407
5914,16.726808
5915,16.685642
5916,16.661646
5917,19.845388
5918,13.392456
5919,16.695999
5920,16.677674
5921,16.663568
5922,16.760555
5923,19.438373
5924,13.723302
5925,16.758908
5926,16.765444
5927,16.568887
5928,16.658602
5929,19.688442
5930,13.567069
5931,16.759873
5932,16.663280
5933,16.649672
5934,16.683521
5935,19.085599
5936,14.144998
5937,16.763024
5938,16.704855
5939,16.642259
5940,16.652132
5941,19.263529
5942,14.001970
5943,16.766159
5944,16.661548
5945,16.665120
5946,16.662363
5947,19.116457
5948,14.121674
5949,16.745259
5950,16.678593
5951,16.623099
5952,16.670665
5953,20.214742
5954,13.084190
5955,16.742099
5956,16.664517
5957,16.731743
5958,16.593560
5959,19.444745
5960,13.813943
5961,16.818108
5962,16.674791
5963,16.752531
5964,16.477125
5965,20.220228
5966,13.063813
5967,16.765276
5968,16.658454
5969,16.653285
5970,16.733665
5971,19.403238
5972,13.793597
5973,16.745468
5974,16.716522
5975,16.781019
5976,16.543163
5977,20.117555
5978,13.071501
5979,16.795901
5980,16.600920
5981,16.657120
5982,16.715562
5983,19.193261
5984,14.040287
5985,16.765027
5986,16.718570
5987,17.474621
5988,15.941686
5989,20.363645
5990,12.789581
5991,16.947586
5992,16.430579
5993,16.669988
5994,16.779954
5995,19.418297
5996,13.709288
5997,16.800611
5998,16.676067
5999,16.666607
6000,16.607562
6001,19.236210
6002,14.003946
6003,16.884716
6004,16.517549
6005,16.683363
6006,16.703449
6007,19.212592
6008,14.018476
6009,16.747217
6010,16.745246
6011,16.766923
6012,16.529892
6013,19.979825
6014,13.571391
6015,16.746234
6016,16.645697
6017,16.670874
6018,16.717567
6019,20.056565
6020,13.149059
6021,16.748626
6022,16.713984
6023,16.649363
6024,16.640640
6025,20.090511
6026,13.278700
6027,16.759213
6028,16.644040
6029,16.672504
6030,16.654067
6031,19.104652
6032,14.120151
6033,16.780549
6034,16.623653
6035,16.824685
6036,16.592332
6037,19.924504
6038,13.274982
6039,16.809476
6040,16.609894
6041,16.680371
6042,16.706237
6043,19.525431
6044,13.688704
6045,16.861757
6046,16.569510
6047,16.707754
6048,17.167165
6049,19.582276
6050,13.121223
6051,16.767125
6052,16.643493
6053,16.674634
6054,16.796590
6055,20.032427
6056,13.090879
6057,16.760193
6058,16.713936
6059,16.602442
6060,16.766144
6061,19.070265
6062,14.112195
6063,16.736093
6064,16.661716
6065,16.665032
6066,16.706861
6067,19.321065
6068,13.860354
6069,16.821846
6070,16.664490
6071,16.736594
6072,16.548943
6073,19.144994
6074,14.111206
6075,16.781780
6076,16.726208
6077,16.649780
6078,17.111301
6079,18.817464
6080,13.906598
6081,16.843998
6082,16.610051
6083,16.774247
6084,16.659775
6085,19.023010
6086,14.117322
6087,16.813251
6088,16.708427
6089,16.551420
6090,16.664735
6091,19.460762
6092,13.800452
6093,16.746600
6094,16.636200
6095,16.677511
6096,16.665776
6097,19.518272
6098,13.719855
6099,16.929610
6100,16.532221
6101,16.614970
6102,16.658869
6103,19.288735
6104,13.975428
6105,16.784027
6106,16.593503
6107,16.724228
6108,16.713765
6109,19.267130
6110,13.927366
6111,16.801862
6112,16.875181
6113,16.448014
6114,16.656025
6115,19.448243
6116,13.771067
6117,16.822111
6118,16.580861
6119,16.688064
6120,16.680668
6121,19.704720
6122,13.513424
6123,16.782979
6124,16.619290
6125,16.718552
6126,16.608307
6127,19.230263
6128,14.034480
6129,16.768223
6130,16.639470
6131,16.738406
6132,16.618821
6133,19.108131
6134,14.126358
6135,16.759151
6136,16.713166
6137,16.597195
6138,16.652911
6139,19.685785
6140,13.619530
6141,16.745130
6142,16.636551
6143,16.748827
6144,16.696947
6145,19.014967
6146,14.142803
6147,16.949953
6148,16.459788
6149,16.685360
6150,16.634141
6151,19.589616
6152,13.673732
6153,16.762682
6154,16.634019
6155,16.706162
6156,16.614932
6157,19.606073
6158,13.670605
6159,16.918418
6160,16.529013
6161,16.621743
6162,16.658243
6163,19.229102
6164,14.104296
6165,16.679013
6166,16.689104
6167,16.752575
6168,16.632633
6169,19.054556
6170,14.135171
6171,16.852912
6172,16.548204
6173,16.723689
6174,16.603977
6175,19.293629
6176,14.042381
6177,16.730416
6178,16.673230
6179,16.709279
6180,16.654312
6181,19.467067
6182,13.712622
6183,16.797636
6184,16.800112
6185,16.465123
6186,16.668312
6187,19.243552
6188,14.173036
6189,16.652813
6190,16.639543
6191,16.678917
6192,16.696148
6193,19.066582
6194,14.100773
6195,17.288455
6196,16.338651
6197,16.468618
6198,16.687796
6199,19.104031
6200,14.119552
6201,16.744568
6202,16.643839
6203,16.690702
6204,16.716993
6205,19.226132
6206,13.994689
6207,16.822814
6208,16.614855
6209,16.686897
6210,16.609979
6211,19.189527
6212,14.099844
6213,16.717069
6214,16.645837
6215,16.704709
6216,16.859824
6217,18.914430
6218,14.133565
6219,16.792308
6220,16.761634
6221,16.587912
6222,16.599166
6223,20.496837
6224,12.767070
6225,16.778165
6226,16.655699
6227,16.664707
6228,16.704500
6229,19.502515
6230,13.703979
6231,16.758184
6232,16.650908
6233,16.641670
6234,16.650738
6235,19.542141
6236,13.765965
6237,16.755891
6238,16.652114
6239,16.694785
6240,16.746015
6241,19.098898
6242,14.042045
6243,16.730331
6244,16.783866
6245,16.600352
6246,16.665380
6247,19.969093
6248,13.244779
6249,16.834290
6250,16.613113
6251,16.799057
6252,16.557140
6253,19.121222
6254,14.060899
6255,16.850804
6256,16.629840
6257,16.671477
6258,16.712719
6259,19.833069
6260,13.352159
6261,16.835447
6262,16.609024
6263,16.596834
6264,16.748634
6265,19.392844
6266,13.798898
6267,16.767884
6268,16.694946
6269,16.751739
6270,16.517859
6271,20.144098
6272,13.119062
6273,16.843047
6274,16.566411
6275,16.729252
6276,16.657123
6277,19.521104
6278,13.675132
6279,16.756283
6280,16.668408
6281,16.638696
6282,16.690494
6283,19.161155
6284,14.080502
6285,16.729801
6286,16.657329
6287,16.677143
6288,16.707557
6289,19.720686
6290,13.522108
6291,16.755393
6292,16.750585
6293,16.629282
6294,16.730203
6295,19.436044
6296,13.697545
6297,16.868806
6298,16.596323
6299,16.598240
6300,16.737740
6301,19.244221
6302,13.955007
6303,16.748934
6304,16.840496
6305,16.604970
6306,16.713146
6307,19.509389
6308,13.590683
6309,16.884194
6310,16.553552
6311,16.634402
6312,16.850263
6313,19.038012
6314,14.027516
6315,16.756445
6316,16.690637
6317,16.700546
6318,16.618344
6319,19.159093
6320,14.095960
6321,16.781293
6322,16.603059
6323,16.683505
6324,16.742606
6325,20.177120
6326,13.013685
6327,16.757340
6328,16.700244
6329,16.703683
6330,16.651816
6331,19.419933
6332,13.795563
6333,16.750312
6334,16.631788
6335,16.658854
6336,16.751751
6337,19.457536
6338,13.707105
6339,16.765902
6340,16.763356
6341,16.578883
6342,16.654655
6343,19.518044
6344,13.730595
6345,16.810515
6346,16.553886
6347,16.677636
6348,16.746161
6349,19.566643
6350,13.643204
6351,16.754371
6352,16.682519
6353,16.666014
6354,16.615697
6355,19.118022
6356,14.153905
6357,16.903775
6358,16.533965
6359,16.651755
6360,16.706868
6361,19.693584
6362,13.522297
6363,16.724579
6364,16.716930
6365,16.659418
6366,16.624298
6367,19.179889
6368,14.103546
6369,16.760447
6370,16.627060
6371,16.653982
6372,16.740694
6373,19.546258
6374,13.674773
6375,16.761208
6376,16.653667
6377,16.700576
6378,16.648313
6379,19.518222
6380,13.723304
6381,16.787729
6382,16.615811
6383,16.638791
6384,16.716664
6385,19.521801
6386,13.725721
6387,16.752008
6388,16.670900
6389,16.662701
6390,16.600160
6391,19.129098
6392,14.148619
6393,16.748766
6394,16.656145
6395,16.650733
6396,16.657943
6397,19.162933
6398,14.133654
6399,16.769767
6400,16.646012
6401,16.758627
6402,16.592692
6403,20.000212
6404,13.252910
6405,16.773521
6406,16.655334
6407,16.639506
6408,16.662405
6409,19.126040
6410,14.122997
6411,16.748719
6412,16.685290
6413,16.708917
6414,16.635701
6415,19.161540
6416,14.539407
6417,16.269284
6418,16.728519
6419,16.602197
6420,16.667142
6421,19.604683
6422,13.657136
6423,16.754493
6424,16.661032
6425,16.692286
6426,16.620102
6427,19.601158
6428,13.662866
6429,16.804506
6430,16.604620
6431,16.656368
6432,16.668806
6433,19.241340
6434,14.096161
6435,16.703991
6436,16.653489
6437,16.691686
6438,16.621836
6439,19.142064
6440,14.108872
6441,16.851202
6442,16.660895
6443,16.646074
6444,16.600135
6445,19.278683
6446,13.976110
6447,16.812917
6448,16.655771
6449,16.696218
6450,16.819767
6451,19.388956
6452,13.648423
6453,16.910683
6454,16.552522
6455,16.715909
6456,16.685174
6457,19.403172
6458,13.726201
6459,16.874435
6460,16.602320
6461,16.763634
6462,16.786448
6463,18.907732
6464,14.046501
6465,16.775595
6466,16.787724
6467,16.513625
6468,16.676550
6469,16.695303
6470,19.455201
6471,13.867582
6472,16.661158
6473,16.651670
6474,16.786634
6475,16.569740
6476,16.579275
6477,19.725025
6478,13.758157
6479,16.592431
6480,16.670998
6481,16.717780
6482,16.570026
6483,16.719604
6484,19.173483
6485,14.128221
6486,16.663451
6487,16.653250
6488,16.593597
6489,16.803673
6490,19.164737
6491,14.116074
6492,16.674987
6493,16.689364
6494,16.581199
6495,16.743948
6496,19.875589
6497,13.457129
6498,16.664366
6499,16.637607
6500,16.598920
6501,16.787395
6502,16.670105
6503,19.073442
6504,14.202773
6505,16.728029
6506,16.588284
6507,16.789527
6508,16.691534
6509,16.689229
6510,19.475056
6511,13.808503
6512,16.518452
6513,16.775274
6514,16.650833
6515,16.654024
6516,16.666809
6517,19.169278
6518,14.110308
6519,16.795068
6520,16.661799
6521,16.628493
6522,16.742635
6523,19.008270
6524,14.127764
6525,16.838995
6526,16.730746
6527,16.535125
6528,16.702331
6529,19.742334
6530,13.499373
6531,16.711842
6532,16.635279
6533,16.671854
6534,16.703030
6535,16.609863
6536,19.654639
6537,13.718388
6538,16.671383
6539,16.621069
6540,16.697020
6541,16.656825
6542,16.592212
6543,19.211774
6544,14.186156
6545,16.686618
6546,16.682308
6547,16.633235
6548,16.592115
6549,19.264209
6550,14.170484
6551,16.672770
6552,16.662640
6553,16.666439
6554,16.611437
6555,19.171364
6556,14.202929
6557,16.662569
6558,16.764739
6559,16.601803
6560,16.581410
6561,16.755884
6562,19.471573
6563,13.846569
6564,16.672937
6565,16.660283
6566,16.627624
6567,16.837624
6568,16.589014
6569,20.235210
6570,13.053806
6571,16.754271
6572,16.509123
6573,16.752092
6574,16.637016
6575,16.635231
6576,19.562575
6577,13.796301
6578,16.638423
6579,16.719421
6580,16.663460
6581,16.664785
6582,19.335099
6583,13.984546
6584,16.609400
6585,16.795728
6586,16.622485
6587,16.629197
6588,19.129606
6589,14.185931
6590,16.619778
6591,16.724894
6592,16.662499
6593,16.654263
6594,16.849188
6595,19.188796
6596,13.914829
6597,16.801191
6598,16.716822
6599,16.622923
6600,16.682333
6601,16.657442
6602,19.086871
6603,14.283471
6604,16.638535
6605,16.665270
6606,16.699826
6607,16.668057
6608,16.495841
6609,20.049363
6610,13.449399
6611,16.620837
6612,16.662920
6613,16.608390
6614,16.597570
6615,19.220337
6616,14.174369
6617,16.655251
6618,16.715883
6619,16.677431
6620,16.563333
6621,19.499168
6622,13.910003
6623,17.086794
6624,16.242967
6625,16.673685
6626,16.610917
6627,19.613852
6628,13.810528
6629,16.635890
6630,16.732221
6631,16.891560
6632,16.300479
6633,19.928835
6634,13.471338
6635,16.682617
6636,16.637072
6637,16.657492
6638,16.675573
6639,16.731909
6640,20.302528
6641,13.073751
6642,16.651911
6643,16.661151
6644,16.520632
6645,16.732383
6646,19.378068
6647,14.127033
6648,17.121908
6649,16.067417
6650,16.610387
6651,16.787233
6652,19.427716
6653,13.897805
6654,16.654320
6655,16.621247
6656,16.584115
6657,16.729788
6658,16.726737
6659,19.596268
6660,13.744205
6661,16.620459
6662,16.588099
6663,16.762624
6664,16.609044
6665,16.675626
6666,19.255909
6667,14.177689
6668,16.495934
6669,16.755749
6670,16.793925
6671,16.585546
6672,16.609291
6673,19.119265
6674,14.162847
6675,16.721819
6676,16.640498
6677,16.689114
6678,16.689788
6679,19.817414
6680,13.410597
6681,16.736966
6682,16.665498
6683,16.693667
6684,16.658556
6685,19.133162
6686,14.127529
6687,16.772909
6688,16.606819
6689,16.671276
6690,16.707076
6691,16.677735
6692,19.030652
6693,14.270260
6694,16.660793
6695,16.714956
6696,16.829646
6697,16.438200
6698,16.593518
6699,19.303868
6700,14.120904
6701,16.655601
6702,16.675143
6703,16.688900
6704,16.565468
6705,19.225617
6706,14.189180
6707,16.696652
6708,16.626154
6709,16.661030
6710,16.608483
6711,20.350953
6712,13.234347
6713,16.623639
6714,16.525460
6715,16.671216
6716,16.582204
6717,16.755313
6718,19.121100
6719,15.018667
6720,16.227159
6721,16.943036
6722,16.146574
6723,17.800977
6724,20.698885
6725,11.553403
6726,16.621837
6727,16.705872
6728,16.547470
6729,16.765054
6730,19.169559
6731,14.160702
6732,16.646453
6733,16.676905
6734,16.577820
6735,17.020428
6736,16.438200
6737,19.449976
6738,13.837739
6739,16.718624
6740,16.616140
6741,16.679057
6742,16.647650
6743,19.565114
6744,13.776848
6745,16.667216
6746,16.590145
6747,16.775123
6748,16.708690
6749,16.607053
6750,20.253715
6751,13.097964
6752,16.563222
6753,16.751992
6754,16.657031
6755,16.702001
6756,16.714563
6757,19.058389
6758,14.090904
6759,16.909899
6760,16.481779
6761,16.655087
6762,16.677642
6763,19.694060
6764,13.597684
6765,16.791356
6766,16.616234
6767,16.739003
6768,16.595624
6769,19.154365
6770,14.101989
6771,16.804221
6772,16.657623
6773,16.623958
6774,16.682835
6775,19.572517
6776,13.688436
6777,16.748232
6778,16.659293
6779,16.736665
6780,16.608602
6781,16.642028
6782,19.733573
6783,13.617598
6784,16.663178
6785,16.642744
6786,16.642407
6787,16.712936
6788,16.571297
6789,19.222366
6790,14.198724
6791,16.689023
6792,16.806059
6793,16.541273
6794,16.549405
6795,19.293604
6796,14.216408
6797,16.590867
6798,16.617642
6799,16.673570
6800,16.594828
6801,19.237012
6802,14.181611
6803,16.704115
6804,16.631454
6805,16.648930
6806,16.615780
6807,19.771190
6808,13.720219
6809,16.617213
6810,16.754572
6811,16.738442
6812,16.457866
6813,16.837020
6814,19.507805
6815,13.787939
6816,16.565818
6817,16.656693
6818,16.589565
6819,16.804232
6820,20.049696
6821,13.216993
6822,16.649085
6823,16.709322
6824,16.575105
6825,16.732225
6826,19.850403
6827,13.482009
6828,16.724102
6829,16.628214
6830,16.593749
6831,16.869554
6832,19.132963
6833,14.128380
6834,16.640913
6835,16.698751
6836,16.533293
6837,16.822073
6838,16.669849
6839,19.744737
6840,13.585655
6841,16.604758
6842,16.555893
6843,17.010294
6844,16.715706
6845,19.030611
6846,14.186451
6847,16.688518
6848,16.679077
6849,16.686153
6850,16.725016
6851,19.577774
6852,13.726466
6853,16.612146
6854,16.591040
6855,16.791032
6856,16.737372
6857,18.990330
6858,14.184713
6859,16.804449
6860,16.586919
6861,16.733158
6862,16.671001
6863,19.206266
6864,14.246578
6865,16.657738
6866,16.521452
6867,16.736901
6868,16.707511
6869,19.504185
6870,14.589037
6871,15.894650
6872,16.603603
6873,16.711767
6874,16.646013
6875,19.212094
6876,14.168693
6877,16.592357
6878,16.611379
6879,16.971000
6880,16.823613
6881,19.359601
6882,13.791335
6883,16.653076
6884,16.619111
6885,16.693036
6886,16.649248
6887,16.695030
6888,19.690314
6889,13.662464
6890,16.607175
6891,16.760380
6892,16.843152
6893,16.474391
6894,16.669478
6895,19.201580
6896,14.087353
6897,16.720508
6898,16.652254
6899,16.689497
6900,16.776744
6901,16.562440
6902,19.026974
6903,14.698411
6904,16.776408
6905,16.567372
6906,16.654618
6907,17.484072
6908,18.580149
6909,14.065961
6910,16.549829
6911,16.669315
6912,16.720731
6913,16.609719
6914,19.938802
6915,14.119332
6916,16.568812
6917,16.577855
6918,16.677775
6919,16.715071
6920,19.304965
6921,13.912582
6922,16.744660
6923,16.888595
6924,16.789288
6925,16.553060
6926,19.585566
6927,13.697244
6928,16.794817
6929,16.636014
6930,16.656297
6931,16.688955
6932,19.642700
6933,13.572785
6934,17.390788
6935,16.037029
6936,16.689755
6937,16.634094
6938,19.967431
6939,13.304948
6940,16.797660
6941,16.626359
6942,16.765029
6943,16.527026
6944,19.393034
6945,13.868676
6946,16.736495
6947,16.678146
6948,16.691519
6949,16.644246
6950,16.664490
6951,19.186052
6952,14.131016
6953,16.649093
6954,16.661649
6955,16.684686
6956,16.816163
6957,19.824465
6958,13.359280
6959,16.658647
6960,16.710693
6961,16.842390
6962,16.488177
6963,19.384581
6964,14.117427
6965,16.532727
6966,16.838081
6967,16.479964
6968,16.700042
6969,16.543170
6970,19.952911
6971,13.437284
6972,16.726387
6973,16.751287
6974,16.750682
6975,16.763742
6976,19.323744
6977,14.232188
6978,16.573789
6979,17.188626
6980,16.691126
6981,16.388585
6982,19.346814
6983,14.125649
6984,16.679704
6985,16.632405
6986,16.690044
6987,16.932353
6988,19.657827
6989,13.733568
6990,16.651088
6991,16.662076
6992,16.807678
6993,16.459995
6994,19.890951
6995,13.526906
6996,16.676660
6997,16.650610
6998,16.663655
6999,16.595594
7000,19.693605
7001,13.743649
7002,16.641715
7003,16.670408
7004,16.817913
7005,16.448797
7006,19.906541
7007,13.675137
7008,16.715730
7009,16.647626
7010,16.661729
7011,16.603645
7012,19.607645
7013,13.795919
7014,16.654206
7015,16.660131
7016,16.761804
7017,16.493424
7018,19.931710
7019,13.495801
7020,16.797623
7021,16.539275
7022,16.663231
7023,16.588008
7024,20.540756
7025,12.890608
7026,16.661136
7027,16.672743
7028,16.676226
7029,16.577345
7030,16.742600
7031,19.619885
7032,13.773610
7033,16.614330
7034,16.655674
7035,16.559092
7036,16.761038
7037,16.645476
7038,19.123956
7039,14.337434
7040,16.638793
7041,16.503211
7042,16.772265
7043,16.648751
7044,19.582578
7045,13.764224
7046,16.675265
7047,16.588114
7048,16.869882
7049,16.557057
7050,19.197917
7051,14.090879
7052,16.735414
7053,16.552048
7054,16.742124
7055,16.670320
7056,16.643906
7057,19.122032
7058,14.205217
7059,16.586586
7060,16.851282
7061,16.787460
7062,16.495950
7063,19.827247
7064,13.574280
7065,16.523129
7066,17.120524
7067,16.241343
7068,16.641479
7069,19.225289
7070,14.185614
7071,16.540598
7072,16.832329
7073,16.649560
7074,16.672828
7075,16.637967
7076,19.514658
7077,13.698552
7078,16.802857
7079,16.608742
7080,16.699600
7081,16.744315
7082,16.521828
7083,19.153960
7084,14.274061
7085,16.577884
7086,16.659075
7087,16.691445
7088,16.713856
7089,16.673099
7090,19.445735
7091,13.852277
7092,16.747905
7093,16.793936
7094,16.521529
7095,16.581682
7096,20.233470
7097,13.247328
7098,16.600583
7099,16.654279
7100,16.752866
7101,16.510484
7102,19.323929
7103,14.070372
7104,16.721726
7105,16.645658
7106,16.618415
7107,16.621342
7108,16.924097
7109,19.474261
7110,13.799410
7111,16.599024
7112,16.651795
7113,16.635597
7114,16.671344
7115,16.664859
7116,19.292425
7117,14.041819
7118,16.636605
7119,16.600841
7120,16.786357
7121,16.678262
7122,19.132949
7123,14.136408
7124,16.744253
7125,16.534757
7126,16.755241
7127,16.688670
7128,19.601775
7129,13.886231
7130,16.533785
7131,16.528709
7132,16.776790
7133,16.815588
7134,16.505841
7135,19.831923
7136,14.078245
7137,16.093917
7138,16.660514
7139,16.655013
7140,16.811033
7141,16.583458
7142,19.085890
7143,14.099568
7144,16.747457
7145,16.750458
7146,16.595500
7147,16.654631
7148,16.750017
7149,19.437373
7150,13.824738
7151,16.724054
7152,16.677196
7153,16.663989
7154,16.670975
7155,19.183698
7156,14.050973
7157,16.663747
7158,16.690970
7159,16.714419
7160,16.711987
7161,19.398504
7162,13.903112
7163,16.667353
7164,16.585450
7165,16.758525
7166,16.576729
7167,16.591763
7168,19.231672
7169,14.271083
7170,16.575530
7171,16.654536
7172,16.691763
7173,16.601333
7174,16.725748
7175,20.004211
7176,13.332767
7177,16.742754
7178,16.581247
7179,16.590669
7180,16.763272
7181,19.546612
7182,13.775466
7183,16.661779
7184,16.724959
7185,16.605911
7186,16.653844
7187,19.488378
7188,13.895161
7189,16.666565
7190,16.657252
7191,16.579371
7192,16.809279
7193,19.571651
7194,13.706195
7195,16.638627
7196,16.986751
7197,16.316214
7198,16.724578
7199,16.643883
7200,19.227927
7201,14.102445
7202,16.643446
7203,16.613584
7204,16.778066
7205,16.697875
7206,16.627696
7207,20.536905
7208,12.822449
7209,16.571232
7210,16.722413
7211,16.665527
7212,16.665491
7213,16.720748
7214,19.116718
7215,14.077885
7216,16.776723
7217,16.693169
7218,16.645708
7219,16.662267
7220,19.343829
7221,13.901421
7222,16.816342
7223,16.605770
7224,16.668608
7225,16.672686
7226,19.152959
7227,14.065778
7228,16.854064
7229,16.631813
7230,16.628279
7231,16.607174
7232,16.706808
7233,19.195794
7234,14.226606
7235,16.589629
7236,16.668778
7237,16.676397
7238,16.646497
7239,19.057763
7240,14.251438
7241,16.791934
7242,16.577341
7243,16.680877
7244,16.704457
7245,19.610696
7246,13.634350
7247,16.652832
7248,16.740949
7249,16.682357
7250,16.585370
7251,16.611522
7252,19.497692
7253,14.015876
7254,16.737863
7255,16.511531
7256,16.680081
7257,16.563417
7258,19.193525
7259,14.318251
7260,16.597389
7261,16.721165
7262,16.599657
7263,16.554156
7264,19.311783
7265,14.153252
7266,16.709956
7267,16.563683
7268,16.696078
7269,16.580848
7270,19.346954
7271,14.061506
7272,16.646137
7273,16.730052
7274,16.701227
7275,16.516403
7276,16.792309
7277,20.149630
7278,13.311446
7279,16.484760
7280,16.671210
7281,16.593307
7282,16.936641
7283,16.481807
7284,19.179619
7285,14.149385
7286,16.709245
7287,16.548453
7288,16.733571
7289,16.715744
7290,19.505804
7291,13.800511
7292,16.689349
7293,16.563284
7294,16.708050
7295,16.672617
7296,19.141046
7297,14.262097
7298,16.634382
7299,16.582356
7300,16.746270
7301,16.701174
7302,16.639516
7303,19.427573
7304,13.872497
7305,16.611063
7306,16.813897
7307,16.561992
7308,16.660930
7309,16.701189
7310,19.200190
7311,14.036509
7312,16.755955
7313,16.677866
7314,16.780861
7315,16.526556
7316,16.727798
7317,19.849828
7318,13.471337
7319,16.621046
7320,16.654557
7321,16.746273
7322,16.727709
7323,18.931112
7324,14.260855
7325,16.987862
7326,16.838343
7327,16.303873
7328,16.575867
7329,19.069528
7330,14.344889
7331,16.620660
7332,16.584386
7333,16.799458
7334,16.594531
7335,16.549977
7336,19.237107
7337,14.255562
7338,16.843816
7339,16.463946
7340,16.667703
7341,17.292608
7342,15.983789
7343,19.124521
7344,14.208802
7345,17.035599
7346,16.658068
7347,16.573578
7348,16.731514
7349,19.719671
7350,13.711547
7351,16.545196
7352,16.664827
7353,16.637620
7354,16.754117
7355,16.631493
7356,19.988001
7357,13.439661
7358,16.689933
7359,16.489420
7360,16.719518
7361,16.727002
7362,19.253814
7363,14.047617
7364,16.662213
7365,16.590780
7366,16.773169
7367,16.646538
7368,19.434243
7369,13.895761
7370,16.799987
7371,16.450019
7372,16.800114
7373,16.603598
7374,16.737646
7375,19.411660
7376,13.899897
7377,16.554308
7378,16.734675
7379,16.655607
7380,16.661649
7381,16.669030
7382,19.484640
7383,13.781919
7384,16.871246
7385,16.592717
7386,16.733859
7387,16.602729
7388,16.651180
7389,19.640109
7390,13.648156
7391,16.703774
7392,16.655139
7393,16.699200
7394,16.725951
7395,18.970799
7396,14.285412
7397,16.722674
7398,16.611913
7399,16.625974
7400,16.660321
7401,19.427276
7402,13.937020
7403,16.655153
7404,16.665347
7405,16.661322
7406,16.687221
7407,16.610668
7408,19.168054
7409,14.208260
7410,16.739219
7411,16.731053
7412,16.556258
7413,16.580323
7414,19.361045
7415,14.069573
7416,16.757231
7417,16.553828
7418,16.685224
7419,16.637072
7420,19.123582
7421,14.184942
7422,16.679329
7423,16.736390
7424,16.588315
7425,16.591083
7426,16.832116
7427,19.440924
7428,13.854548
7429,16.631783
7430,16.811276
7431,16.476420
7432,16.717537
7433,16.647754
7434,19.285455
7435,14.092164
7436,16.639584
7437,16.590621
7438,16.818785
7439,16.610262
7440,16.664546
7441,20.079672
7442,13.276322
7443,16.547702
7444,16.754257
7445,16.655484
7446,16.745450
7447,19.568090
7448,13.726413
7449,16.567379
7450,16.802364
7451,16.663758
7452,16.602672
7453,19.159379
7454,14.188830
7455,16.622195
7456,16.721492
7457,16.689914
7458,16.708921
7459,16.614212
7460,20.189410
7461,13.028586
7462,16.810299
7463,16.660353
7464,16.613225
7465,16.657262
7466,16.782395
7467,19.336843
7468,13.938816
7469,16.655729
7470,16.678786
7471,16.810408
7472,16.476697
7473,16.568555
7474,19.815079
7475,13.744452
7476,16.667078
7477,16.622822
7478,16.563353
7479,16.593411
7480,16.774058
7481,19.124832
7482,14.194428
7483,16.669957
7484,16.657860
7485,16.583935
7486,16.751315
7487,19.666082
7488,13.657140
7489,16.632880
7490,16.687552
7491,16.679712
7492,16.651120
7493,19.159590
7494,14.207646
7495,16.699993
7496,16.617364
7497,16.598062
7498,16.768709
7499,16.714253
7500,19.061124
7501,14.169262
7502,16.698840
7503,16.630998
7504,16.708069
7505,16.659018
7506,20.093885
7507,13.678215
7508,16.736613
7509,16.560925
7510,16.714588
7511,16.668873
7512,16.585048
7513,19.170505
7514,14.207266
7515,16.599182
7516,16.897329
7517,16.550402
7518,16.722612
7519,16.576419
7520,19.089376
7521,14.128347
7522,16.801102
7523,16.801793
7524,16.498214
7525,16.673973
7526,19.508538
7527,13.746643
7528,16.722923
7529,16.665596
7530,16.725195
7531,16.640251
7532,19.574560
7533,13.648335
7534,16.808262
7535,16.706867
7536,16.570088
7537,16.673137
7538,16.631381
7539,19.278598
7540,14.108685
7541,16.651968
7542,16.665592
7543,16.705707
7544,16.671844
7545,16.533226
7546,19.239544
7547,14.184653
7548,16.660771
7549,16.824568
7550,17.144545
7551,16.290075
7552,19.734213
7553,13.944170
7554,16.369445
7555,16.700590
7556,16.678360
7557,16.542807
7558,21.094275
7559,12.451259
7560,16.664260
7561,16.670968
7562,16.637039
7563,16.611400
7564,16.717251
7565,19.120747
7566,14.274811
7567,16.684307
7568,16.607092
7569,16.562223
7570,16.735207
7571,19.212163
7572,14.140846
7573,16.649101
7574,16.681774
7575,16.629012
7576,16.708234
7577,16.638196
7578,19.145625
7579,14.240309
7580,16.632379
7581,16.596126
7582,16.774737
7583,16.677577
7584,16.773034
7585,19.047338
7586,14.155923
7587,16.592528
7588,16.920430
7589,16.539150
7590,16.651703
7591,16.662440
7592,19.109705
7593,14.092837
7594,16.749338
7595,16.681472
7596,16.644854
7597,16.671865
7598,19.637603
7599,13.653949
7600,16.708158
7601,16.652965
7602,16.675160
7603,16.681294
7604,19.170011
7605,14.077634
7606,16.745629
7607,16.678002
7608,16.707515
7609,16.605599
7610,16.680796
7611,19.128356
7612,14.235578
7613,16.636486
7614,16.667839
7615,16.664356
7616,16.651256
7617,16.593517
7618,19.238097
7619,14.584233
7620,16.435294
7621,16.503833
7622,16.812165
7623,16.442648
7624,16.756035
7625,19.120358
7626,14.197609
7627,16.666218
7628,16.688741
7629,16.565378
7630,16.859347
7631,19.701639
7632,13.637638
7633,16.603397
7634,16.709106
7635,16.509433
7636,16.824018
7637,19.604841
7638,13.724529
7639,16.667710
7640,16.740371
7641,16.481900
7642,16.777575
7643,16.666614
7644,19.599281
7645,13.717958
7646,16.702232
7647,16.534555
7648,16.765426
7649,16.613159
7650,16.658320
7651,19.598593
7652,13.737158
7653,16.576227
7654,16.733153
7655,16.726738
7656,16.612950
7657,16.683810
7658,19.576409
7659,13.671692
7660,16.798445
7661,16.608617
7662,16.661645
7663,16.699684
7664,19.572689
7665,13.656423
7666,16.772974
7667,16.682703
7668,16.631250
7669,16.662817
7670,19.527439
7671,13.721443
7672,16.885243
7673,16.513362
7674,16.649795
7675,16.713281
7676,16.783206
7677,19.372742
7678,13.807573
7679,16.703521
7680,16.776819
7681,16.547899
7682,16.659641
7683,16.612387
7684,19.583201
7685,13.811778
7686,16.652570
7687,16.712890
7688,16.647269
7689,16.559563
7690,16.735622
7691,19.229897
7692,14.166007
7693,16.650842
7694,16.623227
7695,16.605688
7696,16.725885
7697,19.124322
7698,14.192343
7699,16.677303
7700,16.692946
7701,16.569677
7702,16.728230
7703,19.272553
7704,14.148121
7705,16.594626
7706,16.672851
7707,16.601595
7708,16.775224
7709,16.636391
7710,20.145248
7711,13.276574
7712,16.710126
7713,16.435942
7714,16.835928
7715,17.269521
7716,19.129479
7717,13.711702
7718,16.618779
7719,16.668044
7720,16.614270
7721,16.776300
7722,19.494782
7723,13.870490
7724,16.750848
7725,16.505271
7726,16.583822
7727,17.160017
7728,19.451644
7729,13.749238
7730,16.643296
7731,16.671810
7732,16.569902
7733,16.716772
7734,16.639487
7735,19.148601
7736,14.309139
7737,16.586343
7738,16.593204
7739,16.811149
7740,16.803303
7741,19.335694
7742,13.804234
7743,16.650596
7744,16.615299
7745,16.739948
7746,16.648990
7747,19.758682
7748,13.605162
7749,16.606570
7750,16.611140
7751,16.734942
7752,16.697334
7753,19.507945
7754,13.821826
7755,16.673809
7756,16.602749
7757,16.723829
7758,16.642900
7759,16.685230
7760,19.150543
7761,14.138708
7762,16.622977
7763,16.749060
7764,16.698097
7765,16.656616
7766,16.643068
7767,19.494028
7768,13.777725
7769,16.758862
7770,16.666238
7771,16.736156
7772,16.600874
7773,16.690235
7774,19.027599
7775,14.219533
7776,16.711664
7777,16.673320
7778,16.659364
7779,16.673089
7780,19.424683
7781,13.914059
7782,16.637675
7783,16.673455
7784,16.683961
7785,16.799914
7786,19.100145
7787,14.109868
7788,16.711252
7789,16.629117
7790,16.649256
7791,16.655736
7792,19.187392
7793,14.176776
7794,16.647832
7795,16.677667
7796,16.837629
7797,16.567806
7798,16.514108
7799,20.168037
7800,13.279417
7801,16.811825
7802,16.461354
7803,16.700258
7804,16.600164
7805,16.816989
7806,19.026355
7807,14.216623
7808,16.716120
7809,16.615146
7810,16.598108
7811,16.739065
7812,16.674045
7813,19.317801
7814,14.011080
7815,16.650642
7816,16.620798
7817,16.880144
7818,16.501627
7819,16.661819
7820,20.187885
7821,13.197730
7822,16.558170
7823,16.773652
7824,16.652860
7825,16.727230
7826,19.060920
7827,14.215819
7828,16.587665
7829,16.741086
7830,16.658295
7831,16.668977
7832,19.301154
7833,14.092539
7834,16.508480
7835,16.801170
7836,16.679428
7837,16.719277
7838,16.533349
7839,19.937532
7840,13.430387
7841,16.941568
7842,16.367633
7843,16.752400
7844,16.688095
7845,16.634440
7846,18.996151
7847,14.282561
7848,16.705082
7849,16.770750
7850,16.483559
7851,16.662815
7852,19.315149
7853,14.260177
7854,16.441518
7855,16.699682
7856,16.637888
7857,16.735512
7858,19.035786
7859,14.223188
7860,16.704540
7861,16.669086
7862,16.622756
7863,16.674265
7864,16.621173
7865,19.644385
7866,13.772139
7867,16.661608
7868,16.670959
7869,16.674978
7870,16.551326
7871,16.766221
7872,19.275640
7873,14.127633
7874,16.567871
7875,16.678928
7876,16.605557
7877,16.849678
7878,16.522026
7879,19.145340
7880,14.186178
7881,16.746417
7882,16.545814
7883,16.750038
7884,17.390520
7885,18.526872
7886,14.075185
7887,16.661047
7888,16.625261
7889,16.761805
7890,16.767594
7891,20.442508
7892,12.775635
7893,16.679660
7894,16.557968
7895,16.730260
7896,16.638369
7897,16.768080
7898,19.426131
7899,13.897104
7900,16.510989
7901,16.852311
7902,16.637249
7903,16.642275
7904,16.589402
7905,19.224098
7906,14.067210
7907,16.744180
7908,16.649854
7909,16.710548
7910,16.621524
7911,16.689522
7912,19.107632
7913,14.237916
7914,16.626771
7915,16.698074
7916,16.642187
7917,16.687532
7918,16.595506
7919,19.948794
7920,14.369997
7921,15.769893
7922,16.632232
7923,16.659842
7924,17.459001
7925,15.925156
7926,19.094362
7927,14.225705
7928,16.649113
7929,16.699159
7930,16.566760
7931,16.753606
7932,16.639111
7933,19.634629
7934,13.705499
7935,16.655838
7936,16.594376
7937,16.771282
7938,16.644533
7939,16.646016
7940,19.210448
7941,14.156669
7942,16.606409
7943,16.713107
7944,16.676205
7945,16.714738
7946,19.585266
7947,13.739096
7948,16.570837
7949,16.820904
7950,16.625456
7951,16.652251
7952,19.573117
7953,13.811612
7954,16.510653
7955,16.815278
7956,16.569916
7957,16.864637
7958,16.478702
7959,19.526198
7960,13.736738
7961,16.992850
7962,16.436407
7963,16.660434
7964,16.653986
7965,16.706157
7966,19.961170
7967,13.326688
7968,16.653452
7969,16.693746
7970,16.645531
7971,16.651158
7972,16.614626
7973,19.295774
7974,14.115703
7975,16.677443
7976,16.650144
7977,16.748748
7978,16.555676
7979,19.185148
7980,14.180734
7981,16.724058
7982,16.610174
7983,16.630703
7984,16.609051
7985,19.388572
7986,14.023981
7987,16.657301
7988,16.718611
7989,16.746918
7990,16.473217
7991,16.727339
7992,19.145893
7993,14.218236
7994,16.651158
7995,16.659023
7996,16.593611
7997,16.786449
7998,16.734668
7999,19.023100
8000,14.190211
8001,16.680587
8002,16.671031
8003,16.658320
8004,16.657406
8005,19.997514
8006,13.347032
8007,16.652227
8008,16.603166
8009,16.749296
8010,16.664020
8011,19.134427
8012,14.187381
8013,16.683172
8014,16.632863
8015,16.672474
8016,16.682622
8017,16.753104
8018,19.056651
8019,14.196466
8020,16.588755
8021,16.746952
8022,16.647405
8023,16.662929
8024,16.667733
8025,19.264281
8026,14.095660
8027,16.700519
8028,16.709014
8029,16.628651
8030,16.609365
8031,19.128036
8032,14.133862
8033,16.804575
8034,16.602087
8035,16.665493
8036,16.680380
8037,19.904957
8038,13.345773
8039,16.734797
8040,16.676785
8041,16.702888
8042,16.638764
8043,16.636085
8044,19.102662
8045,14.240805
8046,16.826525
8047,16.497258
8048,16.679755
8049,16.692057
8050,16.716614
8051,19.053773
8052,14.186763
8053,16.675776
8054,16.805766
8055,16.538110
8056,16.599707
8057,19.237215
8058,14.187279
8059,16.641216
8060,16.654381
8061,16.664796
8062,16.631068
8063,19.218543
8064,14.162940
8065,16.675743
8066,16.729893
8067,16.600176
8068,16.597254
8069,16.799012
8070,19.110980
8071,14.164103
8072,16.697396
8073,16.746541
8074,16.485882
8075,16.721520
8076,16.659461
8077,19.879808
8078,13.480084
8079,16.652691
8080,16.576126
8081,16.769609
8082,16.670314
8083,19.128968
8084,14.173517
8085,16.701818
8086,16.601051
8087,16.733299
8088,16.642628
8089,19.211882
8090,14.197002
8091,17.141582
8092,16.028177
8093,16.752467
8094,16.708959
8095,16.630984
8096,19.462985
8097,13.881344
8098,16.600258
8099,16.846431
8100,16.560065
8101,16.661578
8102,16.709244
8103,19.452094
8104,13.743080
8105,16.724606
8106,16.775487
8107,16.567138
8108,17.602251
8109,15.750563
8110,19.426113
8111,13.916635
8112,16.654904
8113,16.661457
8114,16.692825
8115,16.646579
8116,19.082783
8117,14.267821
8118,16.684172
8119,16.622627
8120,16.666229
8121,16.670169
8122,16.606820
8123,19.591231
8124,13.854540
8125,16.704173
8126,16.660454
8127,16.816987
8128,16.378125
8129,16.829690
8130,19.494765
8131,13.897420
8132,16.559620
8133,16.674498
8134,16.543627
8135,16.793130
8136,16.730493
8137,20.234512
8138,13.036704
8139,16.725467
8140,16.460926
8141,16.818939
8142,16.686624
8143,19.444806
8144,13.800693
8145,16.665889
8146,16.593680
8147,16.767968
8148,16.624845
8149,19.367217
8150,14.028644
8151,16.634416
8152,16.570974
8153,16.747791
8154,16.689033
8155,16.656391
8156,19.218408
8157,14.086915
8158,16.609786
8159,16.739160
8160,16.680911
8161,16.653771
8162,20.082454
8163,14.221774
8164,43.442711
8165,1.921326
8166,16.831138
8167,16.635027
8168,16.680644
8169,16.636412
8170,16.687960
8171,16.664447
8172,16.556131
8173,16.764111
8174,16.759100
8175,16.630468
8176,16.646112
8177,16.681021
8178,16.535323
8179,16.813309
8180,16.640323
8181,16.608583
8182,16.771602
8183,16.733230
8184,16.414023
8185,16.813989
8186,16.776265
8187,16.531457
8188,16.654453
8189,16.637798
8190,16.599360
8191,16.869238
8192,16.551164
8193,16.647735
8194,16.691258
8195,16.775264
8196,16.457613
8197,16.758652
8198,16.700023
8199,16.653375
8200,16.615260
8201,16.664816
8202,16.608953
8203,16.770607
8204,16.637636
8205,16.672951
8206,16.672704
8207,16.679378
8208,16.555018
8209,16.746067
8210,16.742621
8211,16.665070
8212,16.673931
8213,16.636353
8214,16.551957
8215,16.865251
8216,16.628459
8217,16.628823
8218,16.644115
8219,16.825521
8220,16.403900
8221,16.751336
8222,16.668447
8223,17.913123
8224,15.408705
8225,16.660041
8226,16.601611
8227,16.814136
8228,16.601427
8229,16.652068
8230,16.755029
8231,17.183821
8232,16.007494
8233,16.740663
8234,16.685144
8235,16.698307
8236,16.982150
8237,16.423683
8238,16.474039
8239,16.758946
8240,16.648120
8241,16.727319
8242,16.867605
8243,16.569553
8244,16.557556
8245,16.754115
8246,16.678192
8247,16.718596
8248,16.630655
8249,16.654580
8250,16.574635
