frame,elapsed_ms
0,13.341269
1,13.232318
2,13.435642
3,13.321573
4,13.258676
5,13.418163
6,13.322818
7,13.262641
8,13.442265
9,13.320439
10,13.236590
11,13.420121
12,13.330529
13,13.247399
14,13.522298
15,13.245714
16,13.227780
17,13.437934
18,13.301166
19,13.271281
20,13.419681
21,13.314468
22,13.262743
23,13.403700
24,13.351433
25,13.243657
26,13.405851
27,13.334706
28,13.240690
29,13.421706
30,13.360107
31,13.234308
32,13.427661
33,13.316643
34,13.247667
35,13.442485
36,13.336380
37,13.224288
38,13.566828
39,13.217130
40,13.221310
41,13.475732
42,13.332917
43,13.185249
44,13.431581
45,13.334446
46,13.234028
47,13.419207
48,13.323811
49,13.260696
50,13.437011
51,13.331829
52,13.222697
53,13.484659
54,13.276751
55,13.236921
56,13.441858
57,13.354599
58,13.218649
59,13.427012
60,13.345927
61,13.225696
62,13.412147
63,13.778430
64,13.173767
65,13.209351
66,13.313824
67,13.245008
68,13.444310
69,13.297012
70,13.256203
71,13.424785
72,13.348142
73,13.255007
74,13.409052
75,13.344645
76,13.229320
77,13.427508
78,13.319156
79,13.257022
80,13.403281
81,13.330212
82,13.250035
83,13.445890
84,13.311596
85,13.259605
86,13.408708
87,13.323551
88,13.252928
89,13.428611
90,13.316405
91,13.264992
92,13.418962
93,13.317626
94,13.260993
95,13.442008
96,13.304708
97,13.265643
98,13.427833
99,13.315744
100,13.243203
101,13.402902
102,13.360433
103,13.253078
104,13.415351
105,13.372178
106,13.190415
107,13.483612
108,13.257805
109,13.269780
110,13.416420
111,13.322656
112,13.247862
113,13.426435
114,13.322888
115,13.284727
116,13.418130
117,13.434914
118,13.117810
119,13.454502
120,13.322966
121,13.235095
122,13.553477
123,13.305305
124,13.137002
125,13.581389
126,13.232746
127,13.191703
128,13.476975
129,13.247261
130,13.270773
131,13.475443
132,13.266509
133,13.303029
134,13.412747
135,13.290740
136,13.249240
137,13.431236
138,13.324674
139,13.742497
140,12.951768
141,13.301023
142,13.255311
143,13.404318
144,13.388975
145,13.223983
146,13.387903
147,13.413058
148,15.333836
149,11.316218
150,13.395381
151,13.191927
152,13.414362
153,13.367058
154,13.198477
155,13.415022
156,13.389974
157,13.206175
158,13.443845
159,13.415976
160,13.143683
161,13.515326
162,13.230508
163,13.266890
164,14.100693
165,13.366824
166,12.740654
167,13.521955
168,13.226958
169,13.312771
170,13.438984
171,13.253583
172,13.299671
173,13.428016
174,13.275853
175,13.239100
176,13.434150
177,13.279697
178,13.330698
179,13.370830
180,13.714657
181,12.880769
182,13.440142
183,13.319290
184,13.248416
185,13.419322
186,13.419739
187,13.151447
188,13.552391
189,13.501756
190,13.075671
191,13.308834
192,13.313560
193,13.239860
194,13.463220
195,13.343810
196,13.185221
197,13.576540
198,13.325698
199,13.120316
200,13.481784
201,13.366778
202,13.135893
203,13.625148
204,13.185358
205,13.185749
206,13.433063
207,17.410679
208,12.657733
209,13.443740
210,13.323179
211,13.244104
212,13.481952
213,13.271225
214,13.242263
215,13.437762
216,13.333295
217,13.235049
218,13.405717
219,13.365953
220,13.238112
221,13.416107
222,13.341780
223,13.235560
224,13.400785
225,13.359562
226,13.236167
227,13.406072
228,13.366188
229,13.224388
230,13.419801
231,14.011414
232,12.613951
233,13.425364
234,13.330234
235,13.259906
236,13.448814
237,13.293733
238,13.255733
239,13.393327
240,13.325105
241,13.264427
242,13.392375
243,13.347034
244,13.258137
245,13.416725
246,13.333921
247,13.284994
248,13.360316
249,13.322547
250,13.276429
251,13.442628
252,13.312142
253,13.254407
254,13.435252
255,13.319064
256,13.291212
257,13.392586
258,13.308883
259,13.237114
260,13.415267
261,13.319391
262,13.256390
263,13.532459
264,13.258971
265,13.233135
266,13.430340
267,13.335473
268,13.219840
269,13.474983
270,13.313305
271,13.199235
272,13.477405
273,13.318903
274,13.216896
275,13.446444
276,13.389517
277,13.175266
278,13.427600
279,13.353042
280,13.212169
281,13.434584
282,13.392225
283,13.190085
284,13.529765
285,13.247069
286,13.221094
287,13.460749
288,13.343916
289,13.203802
290,13.447746
291,13.348747
292,13.225121
293,13.396867
294,13.353218
295,13.206858
296,13.498220
297,13.339402
298,13.165825
299,13.414223
300,13.382412
301,13.217164
302,13.446461
303,13.329539
304,13.240155
305,13.425523
306,13.336111
307,13.232318
308,13.430699
309,13.336720
310,13.233723
311,13.411727
312,13.342212
313,13.248500
314,13.414782
315,13.333160
316,13.257916
317,13.431531
318,13.347051
319,13.204802
320,13.459228
321,13.289447
322,13.245237
323,13.418901
324,13.334369
325,13.261815
326,13.392681
327,13.328041
328,13.269040
329,13.431811
330,13.336933
331,13.215572
332,13.452278
333,13.286880
334,13.264416
335,13.433703
336,13.339693
337,13.226855
338,13.438100
339,13.352288
340,13.234871
341,13.460910
342,13.331680
343,13.217177
344,13.473760
345,13.388547
346,13.126451
347,13.483997
348,13.329410
349,13.197375
350,13.451171
351,13.301025
352,13.219089
353,13.440408
354,13.315598
355,13.240707
356,13.438222
357,13.323018
358,13.269770
359,13.396341
360,13.321524
361,13.240765
362,13.435183
363,13.316416
364,13.246683
365,13.472755
366,13.356417
367,13.197480
368,13.456671
369,13.449925
370,13.080963
371,13.410677
372,13.370352
373,13.226369
374,13.410833
375,13.336566
376,13.245937
377,13.528772
378,13.329095
379,13.162542
380,13.424365
381,13.341949
382,13.237086
383,13.430845
384,13.338906
385,13.223918
386,13.486501
387,13.313480
388,13.194106
389,13.466069
390,13.363582
391,13.183301
392,13.420362
393,13.324621
394,13.250415
395,13.481391
396,13.256608
397,13.252026
398,13.422350
399,13.336688
400,13.243187
401,13.445206
402,13.303479
403,13.244894
404,13.409475
405,13.363049
406,13.229313
407,13.472020
408,13.286968
409,13.245766
410,13.411005
411,13.369572
412,13.216654
413,13.406672
414,13.396211
415,13.206146
416,13.515454
417,13.289420
418,13.213651
419,13.507151
420,13.275368
421,13.222636
422,13.478166
423,13.282076
424,13.253962
425,13.468950
426,13.261939
427,13.227024
428,13.434089
429,13.429101
430,13.137421
431,13.527182
432,13.254815
433,13.327017
434,13.343722
435,13.353428
436,13.233378
437,13.474260
438,13.236802
439,13.242851
440,13.406185
441,13.344031
442,13.239719
443,13.453044
444,13.373534
445,13.174392
446,13.470867
447,13.354116
448,13.189556
449,13.516574
450,13.290161
451,13.180992
452,13.503414
453,13.286841
454,13.268282
455,13.412191
456,13.387552
457,13.148806
458,13.459516
459,13.367713
460,13.209793
461,13.452004
462,13.278739
463,13.233952
464,13.437374
465,13.402121
466,13.162087
467,13.535877
468,13.265492
469,13.210722
470,13.471218
471,13.379900
472,13.167078
473,13.417450
474,13.417587
475,13.197149
476,13.473451
477,13.275854
478,13.246399
479,13.350735
480,13.454206
481,13.170210
482,13.479162
483,13.322016
484,13.208437
485,13.418530
486,13.309604
487,13.258277
488,13.459837
489,13.319224
490,13.218593
491,13.434494
492,13.290988
493,13.245945
494,13.455513
495,13.304287
496,13.236714
497,13.522451
498,13.321587
499,13.147171
500,13.477113
501,13.339578
502,13.231223
503,13.387452
504,13.344068
505,13.217789
506,13.431447
507,13.397023
508,13.187981
509,13.419092
510,13.341408
511,13.235477
512,13.425497
513,13.320081
514,13.247956
515,13.483154
516,13.303252
517,13.268165
518,13.461124
519,13.283876
520,13.253934
521,13.387626
522,13.350377
523,13.240948
524,13.491068
525,13.271987
526,13.248077
527,13.465070
528,13.291682
529,13.202856
530,13.471879
531,13.337215
532,13.197532
533,13.511713
534,13.340438
535,13.174460
536,13.476225
537,13.351508
538,13.219932
539,13.479324
540,13.316265
541,13.139649
542,13.439336
543,13.393066
544,13.208249
545,13.450994
546,13.293220
547,13.245925
548,13.423074
549,13.329570
550,13.235684
551,13.458802
552,13.380254
553,13.212714
554,13.402339
555,13.370382
556,13.170856
557,13.420104
558,13.345038
559,13.222181
560,13.420058
561,13.459716
562,13.162008
563,13.407307
564,13.580717
565,12.991344
566,13.411810
567,13.340922
568,13.259239
569,13.400037
570,13.362359
571,13.219301
572,13.506321
573,13.305941
574,13.172264
575,13.487966
576,13.603257
577,12.926158
578,13.747840
579,13.135981
580,13.157781
581,13.410520
582,13.420580
583,13.155677
584,13.429837
585,13.331117
586,13.206521
587,13.447965
588,13.416705
589,13.177724
590,13.417248
591,13.340268
592,13.219022
593,13.420480
594,13.384178
595,13.184481
596,13.436702
597,13.368097
598,13.257136
599,14.032942
600,12.707743
601,13.198863
602,13.565483
603,13.341873
604,13.105610
605,13.432025
606,13.469140
607,13.100900
608,13.454302
609,13.375179
610,13.228712
611,13.376928
612,13.539169
613,13.079054
614,13.446623
615,13.416351
616,13.131777
617,13.531740
618,13.189274
619,13.248440
620,13.528938
621,13.221887
622,13.240078
623,13.431909
624,17.167553
625,9.430201
626,13.411881
627,13.362146
628,13.218857
629,13.460934
630,13.331243
631,13.208265
632,16.248661
633,10.525552
634,13.222807
635,13.432719
636,13.316961
637,13.249347
638,13.452520
639,13.337975
640,15.919214
641,10.704340
642,13.351766
643,13.248120
644,13.396952
645,13.364077
646,13.226507
647,13.452378
648,16.164059
649,10.369626
650,13.482878
651,13.364203
652,13.171763
653,13.401766
654,13.409380
655,13.165438
656,16.140083
657,10.694985
658,13.175654
659,13.461283
660,13.393336
661,13.129259
662,13.424428
663,13.363052
664,15.825439
665,10.796713
666,13.382671
667,13.210633
668,13.435687
669,13.334724
670,13.230895
671,13.639515
672,16.094122
673,10.268423
674,13.438295
675,13.342488
676,13.249243
677,13.436204
678,13.315907
679,13.254099
680,16.343646
681,10.423140
682,13.221174
683,13.396884
684,13.353960
685,13.227564
686,13.404087
687,13.340355
688,15.647908
689,11.005423
690,13.340847
691,13.277309
692,13.389106
693,13.358833
694,13.259446
695,13.403091
696,15.705667
697,10.913811
698,13.365798
699,13.309319
700,13.272698
701,13.428701
702,13.329334
703,13.274991
704,15.850639
705,10.860658
706,13.268735
707,13.765021
708,13.289369
709,12.929788
710,13.735740
711,13.463528
712,15.273697
713,10.951773
714,13.436221
715,13.160432
716,13.429248
717,13.827706
718,12.719216
719,13.463298
720,15.740559
721,10.810520
722,13.475924
723,13.501076
724,13.019385
725,13.448462
726,13.360293
727,13.226986
728,16.251198
729,10.521763
730,13.236849
731,13.545665
732,13.541371
733,12.909477
734,13.518395
735,13.265889
736,16.332075
737,10.312365
738,13.461613
739,13.100065
740,13.512351
741,13.382652
742,13.245666
743,13.430654
744,16.213591
745,10.323677
746,13.717251
747,13.050822
748,13.272690
749,13.425120
750,13.318224
751,13.191098
752,16.464498
753,10.397710
754,13.204631
755,13.424949
756,13.343914
757,13.186882
758,13.526398
759,13.330997
760,16.011407
761,10.551243
762,13.390235
763,13.218826
764,13.406426
765,13.431905
766,13.192841
767,13.617628
768,15.956713
769,10.461881
770,13.587292
771,13.203511
772,13.221529
773,13.402082
774,13.295299
775,13.273982
776,16.154986
777,10.678100
778,13.201241
779,13.448464
780,13.320921
781,13.200391
782,13.653535
783,13.135032
784,16.021197
785,10.669578
786,13.375777
787,13.149612
788,13.641494
789,13.163874
790,13.217362
791,13.435109
792,16.230980
793,10.314926
794,13.481625
795,13.297768
796,13.262055
797,13.424770
798,13.284368
799,13.285161
800,16.305966
801,10.405215
802,13.266368
803,13.599703
804,13.161026
805,13.219406
806,13.484704
807,13.347546
808,15.802307
809,10.849019
810,13.262541
811,13.232358
812,13.437099
813,13.391320
814,13.188249
815,13.497028
816,15.720340
817,10.777567
818,13.479254
819,13.424955
820,13.121296
821,13.445113
822,13.369193
823,13.254315
824,16.197518
825,10.505153
826,13.217462
827,13.554024
828,13.272217
829,13.215561
830,13.452225
831,13.315920
832,15.911707
833,10.847548
834,13.432069
835,13.025736
836,13.464826
837,13.305596
838,13.260987
839,13.452254
840,16.466826
841,10.033356
842,13.485869
843,13.338220
844,13.217806
845,13.386842
846,13.388691
847,13.237236
848,16.063398
849,10.668318
850,13.245956
851,13.407747
852,13.413925
853,13.214162
854,13.468925
855,13.261694
856,15.623129
857,11.039193
858,13.356406
859,13.164481
860,13.463098
861,13.348430
862,13.282651
863,13.429388
864,15.725501
865,11.581254
866,13.465212
867,13.262833
868,13.240806
869,13.423052
870,13.362971
871,13.211861
872,15.814460
873,10.940869
874,13.295394
875,13.450057
876,13.320606
877,13.198377
878,13.504996
879,13.465121
880,15.716098
881,10.839688
882,13.280915
883,13.197285
884,13.483230
885,13.359239
886,13.160898
887,13.443153
888,16.118447
889,10.449747
890,13.429386
891,13.405507
892,13.160401
893,13.456091
894,13.325137
895,13.218749
896,16.198808
897,10.614650
898,13.188015
899,13.510112
900,13.342922
901,13.211495
902,13.467785
903,13.336051
904,16.002901
905,10.616424
906,13.322004
907,13.225806
908,13.483554
909,13.305247
910,13.209873
911,13.464455
912,15.701649
913,10.808044
914,13.437894
915,13.334749
916,13.252262
917,13.432576
918,13.325903
919,13.266210
920,15.893421
921,10.822936
922,13.275107
923,13.425750
924,13.366371
925,13.188760
926,13.454860
927,13.298739
928,16.028425
929,10.713940
930,13.318330
931,13.209622
932,13.464537
933,13.316496
934,13.216652
935,13.426785
936,16.147347
937,10.538301
938,13.365829
939,13.350160
940,13.196523
941,13.413026
942,13.370546
943,13.187395
944,15.907684
945,10.806104
946,13.321191
947,13.534532
948,13.193402
949,13.272683
950,13.416361
951,13.527567
952,15.563791
953,10.931045
954,13.325825
955,13.235196
956,16.471872
957,14.051741
958,13.338315
959,13.274023
960,16.285635
961,10.419223
962,13.269709
963,13.476207
964,13.254970
965,13.259988
966,13.479435
967,13.438210
968,15.784301
969,10.799488
970,13.256694
971,13.261215
972,13.538045
973,13.246335
974,13.189054
975,13.570503
976,15.870194
977,10.561038
978,13.521026
979,13.333187
980,13.142761
981,13.458385
982,13.349927
983,13.221895
984,15.793301
985,10.935350
986,13.231799
987,13.431908
988,13.352704
989,13.220517
990,13.538022
991,13.284395
992,15.941844
993,10.880538
994,13.146355
995,13.244280
996,13.421386
997,13.346813
998,13.211585
999,13.438370
1000,15.827784
1001,10.742316
1002,13.516975
1003,13.253514
1004,13.215564
1005,13.433203
1006,13.345054
1007,13.213472
1008,16.219540
1009,10.566596
1010,13.208847
1011,13.442868
1012,13.316119
1013,13.243372
1014,13.429891
1015,13.327595
1016,16.079273
1017,10.584746
1018,13.320000
1019,13.271432
1020,13.480933
1021,13.278895
1022,13.241748
1023,13.485234
1024,16.003231
1025,10.479195
1026,13.522295
1027,13.259156
1028,13.245992
1029,13.435818
1030,13.433715
1031,13.136356
1032,16.229086
1033,10.606362
1034,13.169194
1035,13.438490
1036,13.364352
1037,13.231595
1038,13.419992
1039,13.384092
1040,15.894023
1041,10.923566
1042,13.310442
1043,13.059666
1044,13.541324
1045,13.420251
1046,13.964336
1047,12.542542
1048,16.078634
1049,10.450289
1050,13.641831
1051,13.141581
1052,13.207534
1053,13.443255
1054,13.343426
1055,13.583807
1056,15.649414
1057,10.767242
1058,13.247909
1059,13.415267
1060,13.334865
1061,13.323474
1062,13.340335
1063,13.313608
1064,15.689277
1065,11.107169
1066,13.217818
1067,13.316167
1068,13.420267
1069,13.274617
1070,13.222517
1071,13.493041
1072,15.689580
1073,10.854037
1074,13.504055
1075,13.287683
1076,13.174503
1077,13.426997
1078,13.411446
1079,13.322557
1080,15.646056
1081,10.943359
1082,13.249981
1083,13.445904
1084,13.324151
1085,13.241590
1086,13.437439
1087,13.531711
1088,15.419370
1089,11.008972
1090,13.348118
1091,13.237704
1092,13.711105
1093,13.093386
1094,13.210393
1095,13.420494
1096,15.828561
1097,10.749337
1098,13.560370
1099,14.322496
1100,12.463777
1101,14.117344
1102,13.321991
1103,12.515891
1104,16.474290
1105,10.573028
1106,12.933268
1107,13.673276
1108,13.121102
1109,13.223054
1110,13.419986
1111,13.352412
1112,15.658748
1113,11.000873
1114,13.310079
1115,13.257784
1116,13.544015
1117,13.367560
1118,13.091038
1119,13.474925
1120,15.966486
1121,10.555423
1122,13.440058
1123,13.377347
1124,13.227772
1125,13.410191
1126,13.331488
1127,13.523749
1128,16.058039
1129,10.410609
1130,13.244210
1131,13.453268
1132,13.278176
1133,13.243188
1134,13.449729
1135,13.302411
1136,15.634610
1137,11.020848
1138,13.391456
1139,13.257411
1140,13.416588
1141,13.304823
1142,13.250467
1143,13.494815
1144,15.983642
1145,10.480779
1146,13.463867
1147,13.415764
1148,13.169597
1149,13.424583
1150,13.393800
1151,13.176924
1152,16.249955
1153,10.512439
1154,13.249633
1155,13.455674
1156,13.309476
1157,13.195564
1158,13.532699
1159,13.242160
1160,15.924221
1161,10.741137
1162,13.348135
1163,13.209471
1164,13.413903
1165,13.327104
1166,13.274989
1167,13.422383
1168,16.127113
1169,10.458735
1170,13.419337
1171,13.397315
1172,13.181075
1173,13.420571
1174,13.315746
1175,13.266727
1176,15.814633
1177,10.906969
1178,13.275356
1179,13.428056
1180,13.331155
1181,13.229978
1182,13.518485
1183,13.221768
1184,15.938976
1185,10.807272
1186,13.233617
1187,13.250905
1188,13.431499
1189,13.325864
1190,13.255890
1191,13.646963
1192,15.788565
1193,10.541903
1194,13.480431
1195,13.367516
1196,13.179099
1197,13.535198
1198,13.234251
1199,13.241183
1200,15.862034
1201,10.880520
1202,13.254377
1203,13.478525
1204,13.343257
1205,13.212339
1206,13.435291
1207,13.291573
1208,15.946738
1209,10.732699
1210,13.327876
1211,13.240802
1212,13.454613
1213,13.288335
1214,13.248311
1215,13.482968
1216,15.671713
1217,10.845333
1218,13.437089
1219,13.345367
1220,13.251543
1221,13.432554
1222,13.300142
1223,13.251280
1224,16.671832
1225,10.078963
1226,13.243158
1227,13.871652
1228,13.193255
1229,13.266690
1230,13.416688
1231,13.545347
1232,15.425926
1233,11.024521
1234,13.353750
1235,13.224036
1236,13.421343
1237,13.340511
1238,13.235638
1239,13.431134
1240,16.104258
1241,10.455435
1242,13.747882
1243,13.009310
1244,13.262150
1245,13.518659
1246,13.336911
1247,13.240126
1248,16.056973
1249,10.612848
1250,13.235741
1251,13.431355
1252,13.336909
1253,13.232706
1254,13.392686
1255,13.370286
1256,16.092154
1257,10.549123
1258,13.358206
1259,13.246130
1260,13.390044
1261,13.373750
1262,13.218476
1263,13.496682
1264,16.083997
1265,10.412251
1266,13.428045
1267,13.342381
1268,13.263387
1269,13.428685
1270,13.330403
1271,13.218223
1272,15.928977
1273,10.818079
1274,13.245062
1275,13.437021
1276,13.349775
1277,13.218700
1278,13.498239
1279,13.268639
1280,15.806178
1281,10.844028
1282,13.364936
1283,13.219750
1284,13.424113
1285,13.333494
1286,13.253336
1287,13.507908
1288,15.833852
1289,10.642332
1290,13.434837
1291,13.370775
1292,13.204024
1293,13.415634
1294,13.353167
1295,13.236671
1296,16.014181
1297,10.791099
1298,13.189424
1299,13.420746
1300,13.340944
1301,13.235146
1302,13.408754
1303,13.368551
1304,15.889841
1305,10.728541
1306,13.496986
1307,13.113501
1308,13.459350
1309,13.302132
1310,13.309353
1311,13.353786
1312,16.064927
1313,10.493383
1314,13.463468
1315,13.329582
1316,13.226916
1317,13.416532
1318,13.356148
1319,13.319403
1320,15.865837
1321,10.802320
1322,13.247746
1323,13.412337
1324,13.343411
1325,13.250305
1326,13.397508
1327,13.367572
1328,15.843653
1329,10.773535
1330,13.410733
1331,13.187565
1332,13.443286
1333,13.340646
1334,13.220056
1335,13.448427
1336,15.850795
1337,10.706796
1338,13.430204
1339,13.344710
1340,13.223478
1341,13.533280
1342,13.231730
1343,13.238574
1344,16.147277
1345,10.601077
1346,13.251871
1347,13.429166
1348,13.322435
1349,13.249686
1350,13.524406
1351,13.243914
1352,15.915499
1353,10.743124
1354,13.330174
1355,13.239320
1356,13.416388
1357,13.366317
1358,13.225632
1359,13.432050
1360,15.685506
1361,10.874165
1362,13.442789
1363,13.318791
1364,13.239083
1365,13.513085
1366,13.259278
1367,13.234823
1368,16.146249
1369,10.619641
1370,13.222449
1371,13.458332
1372,13.312765
1373,13.291835
1374,13.374850
1375,13.418838
1376,15.847555
1377,10.762039
1378,13.348648
1379,13.184008
1380,13.494069
1381,13.300851
1382,13.302449
1383,13.421596
1384,15.966134
1385,10.519319
1386,13.429828
1387,13.341785
1388,13.244685
1389,13.424815
1390,13.336060
1391,13.230469
1392,15.795310
1393,10.949219
1394,13.254244
1395,13.486072
1396,13.358641
1397,13.165362
1398,13.407622
1399,13.425985
1400,15.646878
1401,10.926974
1402,13.432350
1403,13.154217
1404,13.392358
1405,13.440405
1406,14.965101
1407,13.445768
1408,16.794608
1409,9.821405
1410,13.415852
1411,13.335884
1412,13.172438
1413,13.682332
1414,13.330847
1415,13.033907
1416,16.529601
1417,10.311277
1418,13.094783
1419,13.432992
1420,13.309303
1421,13.245193
1422,13.440734
1423,13.304836
1424,15.646617
1425,11.015056
1426,13.389448
1427,13.205298
1428,13.449683
1429,13.330119
1430,13.228705
1431,13.450219
1432,16.066749
1433,10.479054
1434,13.675707
1435,13.306220
1436,13.323782
1437,13.339134
1438,13.464549
1439,13.106933
1440,15.948786
1441,10.832630
1442,13.208902
1443,13.430235
1444,13.338067
1445,13.307848
1446,13.357367
1447,13.357586
1448,15.945047
1449,10.687944
1450,13.363858
1451,13.232220
1452,13.417156
1453,13.374581
1454,13.195308
1455,13.414112
1456,16.160989
1457,10.429959
1458,13.431264
1459,13.348254
1460,13.224688
1461,13.423526
1462,13.353222
1463,13.214723
1464,16.126051
1465,10.634079
1466,13.260120
1467,13.517754
1468,13.246078
1469,13.224517
1470,13.414093
1471,13.338961
1472,15.727169
1473,10.935841
1474,13.345508
1475,13.240036
1476,13.512592
1477,13.250100
1478,13.229240
1479,13.416465
1480,15.834127
1481,10.755208
1482,13.409789
1483,13.358825
1484,13.227848
1485,13.402813
1486,13.333822
1487,13.256912
1488,15.830940
1489,10.940071
1490,13.247123
1491,13.440994
1492,13.322738
1493,13.226282
1494,13.402951
1495,13.331412
1496,15.653865
1497,11.031324
1498,13.337699
1499,13.327067
1500,13.341574
1501,13.423364
1502,13.152564
1503,13.464712
1504,15.995572
1505,10.569980
1506,13.397974
1507,13.366328
1508,13.270015
1509,13.379403
1510,13.335310
1511,13.220365
1512,15.957493
1513,10.880294
1514,13.201258
1515,13.534962
1516,13.200192
1517,13.240741
1518,13.443776
1519,13.332622
1520,15.706779
1521,10.937411
1522,13.333084
1523,13.247399
1524,13.398679
1525,13.579308
1526,13.028724
1527,13.424805
1528,16.202824
1529,10.381537
1530,13.435549
1531,13.387729
1532,13.170230
1533,13.422921
1534,13.342171
1535,13.231749
1536,15.823645
1537,10.937028
1538,13.236029
1539,13.415345
1540,13.418296
1541,13.164091
1542,13.406733
1543,13.342640
1544,15.631058
1545,11.023446
1546,13.365723
1547,13.234319
1548,13.420798
1549,13.359639
1550,13.215813
1551,13.489928
1552,16.072187
1553,10.447117
1554,13.495293
1555,13.263801
1556,13.237952
1557,13.575913
1558,13.184756
1559,13.247152
1560,15.933500
1561,10.855770
1562,13.291299
1563,13.448069
1564,13.329395
1565,13.123937
1566,13.526449
1567,13.317742
1568,15.932693
1569,10.770679
1570,13.222903
1571,13.322250
1572,13.349620
1573,13.345041
1574,13.233561
1575,13.418448
1576,15.827821
1577,10.739237
1578,13.500825
1579,13.328206
1580,13.180360
1581,13.434476
1582,13.337910
1583,13.232620
1584,15.793624
1585,10.941280
1586,13.243370
1587,13.447144
1588,13.317295
1589,13.244113
1590,13.435404
1591,13.331298
1592,15.701698
1593,11.075227
1594,13.220809
1595,13.243769
1596,13.420089
1597,13.323342
1598,13.249471
1599,13.431335
1600,15.696795
1601,10.875475
1602,13.409352
1603,13.412179
1604,13.176373
1605,13.471829
1606,13.287058
1607,13.246598
1608,15.796186
1609,11.021616
1610,13.174450
1611,13.418607
1612,13.339473
1613,13.244641
1614,13.422229
1615,13.338673
1616,15.645903
1617,11.021227
1618,13.333122
1619,13.251132
1620,13.392911
1621,13.361264
1622,13.257269
1623,13.415912
1624,16.097374
1625,10.562958
1626,13.336619
1627,13.339825
1628,13.223955
1629,13.425133
1630,13.350107
1631,13.239071
1632,16.158562
1633,10.623383
1634,13.289872
1635,13.370762
1636,13.310206
1637,13.240663
1638,13.434672
1639,13.323123
1640,15.972292
1641,10.814565
1642,13.215310
1643,13.253927
1644,13.466673
1645,13.418405
1646,13.111295
1647,13.483340
1648,15.948896
1649,10.578983
1650,13.454340
1651,13.272755
1652,13.281551
1653,13.385308
1654,13.361171
1655,13.255800
1656,15.921431
1657,10.955137
1658,13.132396
1659,13.582295
1660,13.193136
1661,13.243290
1662,13.377458
1663,13.305070
1664,15.954894
1665,10.735494
1666,13.440966
1667,13.140737
1668,13.489319
1669,13.263680
1670,13.232808
1671,13.470268
1672,15.975464
1673,10.543376
1674,13.649912
1675,13.128435
1676,13.230267
1677,13.530352
1678,13.224319
1679,13.281383
1680,16.081244
1681,10.660631
1682,13.241221
1683,13.416394
1684,13.325122
1685,13.249097
1686,13.423715
1687,13.345546
1688,16.011291
1689,10.669656
1690,13.314454
1691,13.228610
1692,13.426347
1693,13.421323
1694,13.157225
1695,13.429293
1696,16.145502
1697,10.558350
1698,13.351674
1699,13.367671
1700,13.153384
1701,13.464141
1702,13.343615
1703,13.187850
1704,15.795658
1705,10.934611
1706,13.271358
1707,13.395164
1708,13.382445
1709,13.248608
1710,13.380624
1711,13.373014
1712,15.695672
1713,10.937522
1714,13.315718
1715,13.275274
1716,13.432430
1717,13.327368
1718,13.243884
1719,13.427763
1720,16.103424
1721,10.449952
1722,13.471309
1723,13.291811
1724,13.248263
1725,13.429729
1726,13.348337
1727,13.243859
1728,15.847056
1729,11.025583
1730,13.093628
1731,13.502580
1732,13.267411
1733,13.230759
1734,13.430222
1735,13.322117
1736,15.635508
1737,11.071792
1738,13.326599
1739,13.221214
1740,13.555525
1741,13.206247
1742,13.236299
1743,13.672955
1744,15.852148
1745,10.516738
1746,13.472964
1747,13.244166
1748,13.235119
1749,13.425755
1750,13.413339
1751,13.256193
1752,16.127930
1753,10.556607
1754,13.241073
1755,13.424533
1756,13.339540
1757,13.233846
1758,13.421607
1759,13.402871
1760,16.014703
1761,10.579320
1762,13.408159
1763,13.177283
1764,13.413167
1765,13.340591
1766,13.247296
1767,13.419162
1768,16.052239
1769,10.523725
1770,13.422112
1771,13.410523
1772,13.209764
1773,13.377185
1774,13.355223
1775,13.261804
1776,16.065595
1777,10.694998
1778,13.207849
1779,13.440933
1780,13.308341
1781,13.295559
1782,13.377154
1783,13.545126
1784,15.783873
1785,10.654437
1786,13.367267
1787,13.243011
1788,13.433306
1789,13.363669
1790,13.182715
1791,13.433819
1792,15.828471
1793,10.771104
1794,13.451286
1795,13.306150
1796,13.204063
1797,13.466973
1798,13.317605
1799,13.220200
1800,15.856052
1801,10.955149
1802,13.196331
1803,13.526201
1804,13.337163
1805,13.133256
1806,13.516465
1807,13.248469
1808,15.903133
1809,10.780619
1810,13.422327
1811,13.150932
1812,13.461471
1813,13.310186
1814,13.344560
1815,13.297872
1816,15.878642
1817,10.707440
1818,13.462722
1819,13.339358
1820,13.196465
1821,13.431639
1822,13.336529
1823,13.366358
1824,16.008893
1825,10.624484
1826,13.232171
1827,13.480170
1828,13.349418
1829,13.220253
1830,13.441580
1831,13.291983
1832,15.606992
1833,11.097059
1834,13.285191
1835,13.236778
1836,13.543304
1837,13.293663
1838,13.161654
1839,13.409409
1840,16.175769
1841,10.419304
1842,13.365011
1843,13.337930
1844,13.253223
1845,13.453438
1846,13.416927
1847,13.182296
1848,15.784242
1849,10.929321
1850,13.272412
1851,13.457472
1852,13.322640
1853,13.203652
1854,13.437505
1855,13.413951
1856,15.809696
1857,10.755939
1858,13.443632
1859,13.147750
1860,13.416885
1861,13.325489
1862,13.249207
1863,13.440290
1864,15.701576
1865,10.848885
1866,13.430525
1867,13.316582
1868,13.242586
1869,13.428232
1870,13.335316
1871,13.240011
1872,15.828662
1873,10.912179
1874,13.260912
1875,13.465981
1876,13.311710
1877,13.250270
1878,13.432419
1879,13.307263
1880,15.731796
1881,10.982003
1882,13.328352
1883,13.220223
1884,13.402942
1885,13.316826
1886,13.260450
1887,13.424267
1888,16.013716
1889,10.563597
1890,13.465561
1891,13.317990
1892,13.270479
1893,13.582850
1894,13.291736
1895,13.097652
1896,16.183294
1897,10.728899
1898,13.090172
1899,13.479961
1900,13.277362
1901,13.243665
1902,13.465222
1903,13.257347
1904,16.042547
1905,10.648425
1906,13.352722
1907,13.217919
1908,13.449812
1909,13.315402
1910,13.239300
1911,13.412344
1912,16.070269
1913,10.530369
1914,13.452856
1915,13.322911
1916,13.227170
1917,13.455325
1918,13.322118
1919,13.222025
1920,16.297441
1921,10.491021
1922,13.211306
1923,13.482566
1924,13.303426
1925,13.232791
1926,13.454733
1927,13.276597
1928,15.995368
1929,10.663616
1930,13.345824
1931,13.232383
1932,13.455051
1933,13.336836
1934,13.220169
1935,13.429025
1936,16.057597
1937,10.599581
1938,13.374634
1939,13.273506
1940,13.278798
1941,13.391906
1942,13.362404
1943,13.209849
1944,16.248374
1945,10.873480
1946,12.876045
1947,13.542523
1948,13.234504
1949,13.222205
1950,13.465973
1951,13.293919
1952,15.964054
1953,10.886568
1954,13.185002
1955,13.226662
1956,13.435365
1957,13.337282
1958,13.227589
1959,13.570664
1960,15.907620
1961,10.510258
1962,13.441532
1963,13.347156
1964,13.213524
1965,13.514762
1966,13.396508
1967,13.093917
1968,16.104761
1969,10.671512
1970,13.220235
1971,13.496741
1972,13.271824
1973,13.232252
1974,13.425637
1975,13.339096
1976,16.089735
1977,10.657451
1978,13.252063
1979,13.232807
1980,13.441968
1981,13.482013
1982,13.077084
1983,13.450260
1984,16.241077
1985,10.298369
1986,13.499898
1987,13.627096
1988,13.224685
1989,13.527266
1990,13.305241
1991,13.233252
1992,16.568366
1993,10.432407
1994,13.247751
1995,13.414319
1996,13.351064
1997,13.234370
1998,13.433422
1999,13.331601
2000,15.996974
2001,10.679156
2002,13.342406
2003,13.252070
2004,13.480103
2005,13.263623
2006,13.766964
2007,13.344376
2008,16.155446
2009,10.534753
2010,13.196335
2011,13.455164
2012,13.295099
2013,13.250426
2014,13.430422
2015,13.339181
2016,16.025008
2017,10.620490
2018,13.345493
2019,13.242331
2020,13.444734
2021,13.303606
2022,13.263747
2023,13.432105
2024,16.034986
2025,10.544354
2026,13.430832
2027,13.301094
2028,13.230026
2029,13.480358
2030,13.328796
2031,13.243621
2032,15.996668
2033,10.726081
2034,13.256756
2035,13.527228
2036,13.273958
2037,13.198096
2038,13.403051
2039,13.374276
2040,15.908458
2041,10.726229
2042,13.391697
2043,13.184575
2044,13.428333
2045,13.330233
2046,13.231862
2047,13.448508
2048,16.038795
2049,10.499876
2050,13.458698
2051,13.321062
2052,13.276960
2053,13.394594
2054,13.319729
2055,13.237675
2056,16.228297
2057,10.524295
2058,13.249464
2059,13.611774
2060,13.255346
2061,13.139047
2062,13.436555
2063,13.353025
2064,15.963934
2065,10.689650
2066,13.330939
2067,13.245725
2068,13.486407
2069,13.283960
2070,13.233045
2071,13.538478
2072,15.947374
2073,10.494759
2074,13.553045
2075,13.213535
2076,13.245292
2077,13.450925
2078,13.331942
2079,13.263690
2080,16.154270
2081,10.672805
2082,13.133326
2083,13.453518
2084,13.335422
2085,13.222078
2086,13.534592
2087,13.222998
2088,15.984801
2089,10.675495
2090,13.356430
2091,13.246672
2092,13.692436
2093,13.100419
2094,13.247542
2095,13.832155
2096,15.745361
2097,10.431232
2098,13.362542
2099,13.358322
2100,13.229054
2101,13.447303
2102,13.327908
2103,13.232110
2104,16.292404
2105,10.439001
2106,13.268998
2107,13.439083
2108,13.299853
2109,13.287455
2110,13.536259
2111,13.188249
2112,15.976359
2113,10.726277
2114,13.307417
2115,13.241213
2116,13.565417
2117,13.200872
2118,13.223184
2119,13.485107
2120,15.734417
2121,10.749967
2122,13.586528
2123,13.385091
2124,13.046901
2125,13.453926
2126,13.349724
2127,13.207854
2128,16.303822
2129,10.428222
2130,13.260496
2131,13.464704
2132,13.316006
2133,13.235230
2134,13.435029
2135,13.555459
2136,15.705520
2137,10.834731
2138,13.269515
2139,13.223816
2140,13.445776
2141,13.606787
2142,13.087670
2143,13.489547
2144,15.676246
2145,10.820542
2146,13.425289
2147,13.366425
2148,13.233670
2149,13.436952
2150,13.332665
2151,13.220825
2152,16.117929
2153,10.621066
2154,13.294446
2155,13.567771
2156,13.549515
2157,12.859241
2158,13.494783
2159,13.253579
2160,15.947459
2161,10.893797
2162,13.177347
2163,13.249916
2164,13.426158
2165,13.374723
2166,13.191267
2167,13.464040
2168,16.059236
2169,10.480257
2170,13.423787
2171,13.430130
2172,13.144120
2173,13.417854
2174,13.343396
2175,13.234685
2176,16.231148
2177,10.532388
2178,13.233949
2179,13.415904
2180,13.345293
2181,13.249388
2182,13.422629
2183,13.307572
2184,15.957083
2185,10.704065
2186,13.352444
2187,13.246741
2188,13.438538
2189,13.311190
2190,13.418059
2191,14.043060
2192,18.393096
2193,7.984470
2194,13.941791
2195,13.018695
2196,13.191970
2197,13.317505
2198,13.290186
2199,13.253513
2200,16.462115
2201,10.275332
2202,13.264035
2203,13.437393
2204,13.345204
2205,13.227056
2206,13.462880
2207,13.292191
2208,15.640486
2209,11.081557
2210,13.364908
2211,13.158008
2212,13.691030
2213,13.089279
2214,13.235433
2215,13.495770
2216,16.106892
2217,10.406782
2218,13.414907
2219,13.365466
2220,13.210875
2221,13.488870
2222,13.292623
2223,13.232699
2224,16.181136
2225,10.561029
2226,13.265291
2227,13.438012
2228,13.349560
2229,13.220026
2230,13.445373
2231,13.315139
2232,15.618137
2233,11.014696
2234,13.353079
2235,13.240832
2236,13.417310
2237,13.340078
2238,13.226725
2239,13.442521
2240,16.115747
2241,10.447108
2242,13.558696
2243,13.331753
2244,13.136847
2245,13.572136
2246,13.172203
2247,13.231992
2248,15.899188
2249,10.859044
2250,13.224103
2251,13.450854
2252,13.324461
2253,13.249890
2254,13.390532
2255,13.336075
2256,18.412435
2257,8.462689
2258,13.278784
2259,13.360295
2260,13.320791
2261,13.328531
2262,13.231785
2263,13.453546
2264,15.839832
2265,10.691345
2266,13.458616
2267,13.335239
2268,13.319745
2269,13.505212
2270,13.211003
2271,13.208262
2272,15.804941
2273,10.906305
2274,13.326593
2275,13.365007
2276,13.331166
2277,13.262654
2278,13.428393
2279,13.303721
2280,16.137808
2281,10.527527
2282,13.383589
2283,13.200812
2284,13.411998
2285,13.352267
2286,13.348996
2287,13.316608
2288,15.778083
2289,10.777940
2290,13.458835
2291,13.280116
2292,13.269634
2293,13.424745
2294,13.318489
2295,13.249882
2296,15.808572
2297,10.927261
2298,13.275741
2299,13.410361
2300,13.346681
2301,13.237952
2302,13.468402
2303,13.308448
2304,15.667180
2305,10.978199
2306,13.427505
2307,13.152100
2308,13.447492
2309,13.339220
2310,13.228458
2311,13.407901
2312,15.746584
2313,10.817260
2314,13.440207
2315,13.343689
2316,13.239591
2317,13.430169
2318,13.335588
2319,13.227723
2320,15.833747
2321,10.926169
2322,13.260072
2323,13.460721
2324,13.266328
2325,13.249959
2326,13.422728
2327,13.344969
2328,16.048480
2329,10.587385
2330,13.351849
2331,13.262043
2332,13.440931
2333,13.302092
2334,13.257336
2335,13.414921
2336,15.878304
2337,10.687151
2338,13.443670
2339,13.310331
2340,13.259961
2341,13.432817
2342,13.309298
2343,13.258949
2344,16.226967
2345,10.507387
2346,13.259740
2347,13.428435
2348,13.331460
2349,13.242675
2350,13.425388
2351,13.342113
2352,15.834939
2353,10.805946
2354,13.330167
2355,13.257328
2356,13.491981
2357,13.367441
2358,13.139663
2359,13.418240
2360,15.825752
2361,10.748735
2362,13.439971
2363,13.339702
2364,13.227182
2365,13.451909
2366,13.361549
2367,13.191706
2368,16.184627
2369,10.561431
2370,13.249048
2371,13.539225
2372,13.224425
2373,13.244621
2374,13.438514
2375,13.304235
2376,15.745049
2377,10.938212
2378,13.313469
2379,13.252443
2380,13.437221
2381,13.312079
2382,13.244948
2383,13.426038
2384,16.038616
2385,10.544659
2386,13.439035
2387,13.326547
2388,13.240492
2389,13.423409
2390,13.318637
2391,13.245710
2392,15.847421
2393,10.902045
2394,13.258207
2395,13.414683
2396,13.324629
2397,13.261167
2398,13.406217
2399,13.409790
2400,15.887433
2401,10.708745
2402,13.332095
2403,13.257317
2404,13.420453
2405,13.330052
2406,13.249939
2407,13.424533
2408,15.921759
2409,10.652865
2410,13.419787
2411,13.336411
2412,13.246808
2413,13.423256
2414,13.420749
2415,13.159728
2416,16.066423
2417,10.680453
2418,13.250130
2419,13.423899
2420,13.398968
2421,13.181923
2422,13.414787
2423,13.331822
2424,15.622673
2425,11.051171
2426,13.339932
2427,13.238880
2428,13.432996
2429,13.383649
2430,13.179595
2431,13.487533
2432,15.717638
2433,10.781666
2434,13.441728
2435,13.306515
2436,13.259189
2437,13.420819
2438,13.320002
2439,13.258882
2440,15.792322
2441,10.958542
2442,13.261404
2443,13.418786
2444,13.306897
2445,13.270479
2446,13.429579
2447,13.325850
2448,15.651205
2449,11.021485
2450,13.382956
2451,13.214871
2452,13.415185
2453,13.322695
2454,13.237199
2455,13.422094
2456,16.121842
2457,10.455306
2458,13.436693
2459,13.352604
2460,13.221306
2461,13.427928
2462,13.437373
2463,13.134443
2464,16.128579
2465,10.628135
2466,13.233632
2467,13.429455
2468,13.347057
2469,13.229098
2470,13.427023
2471,13.324143
2472,15.889431
2473,10.774028
2474,13.333095
2475,13.258279
2476,13.416558
2477,13.337125
2478,13.235789
2479,13.428787
2480,15.765044
2481,10.818013
2482,13.422955
2483,13.330548
2484,13.254845
2485,13.474121
2486,13.255622
2487,13.249556
2488,15.869741
2489,10.873423
2490,13.266840
2491,13.435892
2492,13.327008
2493,13.255666
2494,13.430969
2495,13.315760
2496,15.667679
2497,11.059447
2498,13.249452
2499,13.289890
2500,13.389745
2501,13.327276
2502,13.249764
2503,13.433340
2504,15.686054
2505,10.867994
2506,13.452869
2507,13.316187
2508,13.241445
2509,13.456278
2510,13.300009
2511,13.228146
2512,16.225957
2513,10.612940
2514,13.168564
2515,13.415610
2516,13.342330
2517,13.234435
2518,13.444116
2519,13.312742
2520,15.670384
2521,11.032688
2522,13.299853
2523,13.237733
2524,13.429861
2525,13.400917
2526,13.177490
2527,13.425404
2528,15.717747
2529,10.869104
2530,13.478557
2531,13.247507
2532,13.302881
2533,13.415454
2534,13.324452
2535,13.212010
2536,15.902141
2537,10.880611
2538,13.255539
2539,13.419265
2540,13.307840
2541,13.254077
2542,13.392935
2543,13.352742
2544,15.660477
2545,10.997712
2546,13.387605
2547,13.224212
2548,13.375621
2549,13.335551
2550,13.306101
2551,13.438455
2552,15.683113
2553,10.833660
2554,13.413026
2555,13.346204
2556,13.236120
2557,13.470007
2558,13.290946
2559,13.251401
2560,16.205678
2561,10.551272
2562,13.251714
2563,13.437354
2564,13.384550
2565,13.180624
2566,13.408126
2567,13.308715
2568,15.720713
2569,10.968074
2570,13.315002
2571,13.267306
2572,13.428287
2573,13.314570
2574,13.263745
2575,13.421216
2576,15.994630
2577,10.615365
2578,13.373364
2579,13.349314
2580,13.318488
2581,13.380276
2582,13.346210
2583,13.270871
2584,16.171395
2585,10.684553
2586,13.118660
2587,13.413656
2588,13.374228
2589,13.189331
2590,13.403244
2591,13.336292
2592,15.654955
2593,10.994789
2594,13.348252
2595,13.253404
2596,13.413000
2597,13.351749
2598,13.246906
2599,13.535582
2600,15.771856
2601,10.670083
2602,13.462690
2603,13.312823
2604,13.227926
2605,13.537711
2606,13.325184
2607,13.143680
2608,16.243303
2609,10.564644
2610,13.194518
2611,14.131323
2612,12.663964
2613,13.194622
2614,13.525296
2615,13.277814
2616,15.582684
2617,11.017084
2618,13.419476
2619,13.172943
2620,13.421238
2621,13.337329
2622,13.249629
2623,13.424958
2624,16.071900
2625,10.548589
2626,13.383072
2627,13.377902
2628,13.239475
2629,13.502039
2630,13.190050
2631,13.242267
2632,15.836256
2633,10.952373
2634,13.230325
2635,13.427853
2636,13.500048
2637,13.139556
2638,13.433962
2639,13.352178
2640,15.561444
2641,11.002596
2642,13.322052
2643,13.304402
2644,13.433009
2645,13.376695
2646,13.190243
2647,13.480811
2648,15.912938
2649,10.613604
2650,13.456473
2651,13.411336
2652,13.084746
2653,13.466446
2654,13.292107
2655,13.240872
2656,16.168897
2657,10.728366
2658,13.116229
2659,13.432186
2660,13.298202
2661,13.293645
2662,13.451173
2663,13.427086
2664,15.495478
2665,11.016397
2666,13.305529
2667,13.290800
2668,13.381595
2669,13.316672
2670,13.271583
2671,13.433300
2672,15.735381
2673,10.833932
2674,13.432903
2675,13.312460
2676,13.258471
2677,13.465797
2678,13.362494
2679,13.176586
2680,15.873284
2681,10.933997
2682,13.214524
2683,13.466833
2684,13.364311
2685,13.170629
2686,13.484874
2687,13.340024
2688,15.951309
2689,10.752696
2690,13.202457
2691,13.275580
2692,13.436575
2693,13.325921
2694,13.202029
2695,13.464092
2696,15.715201
2697,10.826670
2698,13.423836
2699,13.341396
2700,13.292597
2701,13.371235
2702,13.374418
2703,13.235024
2704,16.076005
2705,10.747788
2706,13.187806
2707,13.410130
2708,13.365012
2709,13.179196
2710,13.394657
2711,13.333839
2712,15.678613
2713,11.084093
2714,13.284044
2715,13.221826
2716,13.461949
2717,13.282776
2718,13.258740
2719,13.465978
2720,16.052858
2721,10.492155
2722,13.465486
2723,13.308391
2724,13.213797
2725,13.417285
2726,13.465365
2727,13.146480
2728,16.183211
2729,10.610717
2730,13.208518
2731,13.512331
2732,13.322063
2733,13.187035
2734,13.418138
2735,13.266437
2736,15.633634
2737,11.079108
2738,13.344514
2739,13.239116
2740,13.476247
2741,13.365432
2742,13.171338
2743,13.483793
2744,15.756379
2745,10.752189
2746,13.545505
2747,13.255704
2748,13.168306
2749,13.446575
2750,13.304596
2751,13.238619
2752,16.154105
2753,10.604969
2754,13.239192
2755,13.447617
2756,13.312654
2757,13.236626
2758,13.477770
2759,13.329731
2760,15.617168
2761,11.025992
2762,13.309901
2763,13.257635
2764,13.428767
2765,13.319779
2766,13.237841
2767,13.425932
2768,16.064462
2769,10.525178
2770,13.445289
2771,13.302260
2772,13.240137
2773,13.409542
2774,13.348873
2775,13.241174
2776,15.830903
2777,10.917558
2778,13.251062
2779,13.406212
2780,13.352129
2781,13.257136
2782,13.403801
2783,13.337977
2784,15.651960
2785,10.997284
2786,13.334171
2787,13.244554
2788,13.410926
2789,13.329726
2790,13.261834
2791,13.414273
2792,15.733553
2793,10.864157
2794,13.526038
2795,13.205185
2796,13.282441
2797,13.395777
2798,13.339428
2799,13.250652
2800,15.831030
2801,10.898252
2802,13.256733
2803,13.522312
2804,13.298295
2805,13.201052
2806,13.428119
2807,13.306421
2808,15.969598
2809,10.717739
2810,13.426766
2811,13.494723
2812,13.578978
2813,13.184048
2814,13.233835
2815,13.440584
2816,16.042625
2817,10.521691
2818,13.433559
2819,13.309587
2820,13.253136
2821,13.446787
2822,13.318128
2823,13.234199
2824,16.185404
2825,10.594978
2826,13.340765
2827,13.310693
2828,13.342758
2829,13.238080
2830,13.416130
2831,13.357189
2832,15.826275
2833,10.808259
2834,13.378729
2835,13.299511
2836,13.322137
2837,13.377243
2838,13.212247
2839,13.410500
2840,15.810964
2841,10.799622
2842,13.420797
2843,13.336645
2844,13.201291
2845,13.746740
2846,13.416424
2847,12.941559
2848,16.500616
2849,10.507365
2850,12.903815
2851,13.529333
2852,13.213988
2853,13.239289
2854,13.398600
2855,13.345795
2856,15.674207
2857,11.082520
2858,13.238795
2859,13.254938
2860,13.413500
2861,13.342039
2862,13.269470
2863,13.412655
2864,15.717116
2865,10.864386
2866,13.476718
2867,13.258215
2868,13.235716
2869,13.440051
2870,13.324028
2871,13.261326
2872,15.859911
2873,10.853580
2874,13.297326
2875,13.401174
2876,13.358865
2877,13.225417
2878,13.411040
2879,13.299051
2880,15.666139
2881,11.024614
2882,13.334141
2883,13.253149
2884,13.456053
2885,13.332682
2886,13.241564
2887,13.472713
2888,16.039303
2889,10.535868
2890,13.355169
2891,13.361361
2892,13.209686
2893,13.425695
2894,13.392562
2895,13.232276
2896,16.144472
2897,10.598500
2898,13.315500
2899,13.340977
2900,13.358440
2901,13.218792
2902,13.442118
2903,13.335805
2904,15.974067
2905,10.664407
2906,13.367000
2907,13.216820
2908,13.432185
2909,13.350421
2910,13.212569
2911,13.539814
2912,15.970691
2913,10.467475
2914,13.461304
2915,13.436431
2916,13.133885
2917,13.501433
2918,13.258996
2919,13.274998
2920,16.247864
2921,10.461355
2922,13.283024
2923,13.382044
2924,13.497075
2925,13.090412
2926,13.441697
2927,13.376716
2928,15.610920
2929,11.081244
2930,13.435875
2931,13.059605
2932,13.435283
2933,13.454835
2934,13.114497
2935,13.419588
2936,16.164040
2937,10.432202
2938,13.391441
2939,13.458295
2940,13.142615
2941,13.438066
2942,13.310485
2943,13.247951
2944,16.163591
2945,10.607366
2946,13.240245
2947,13.463097
2948,13.415686
2949,13.117165
2950,13.504619
2951,13.262619
2952,15.852015
2953,11.191140
2954,12.948516
2955,13.261917
2956,13.454884
2957,13.313251
2958,13.246565
2959,13.418926
2960,15.755620
2961,10.863416
2962,13.509820
2963,13.257381
2964,13.140015
2965,13.475069
2966,13.288830
2967,13.271794
2968,16.287468
2969,10.979886
2970,12.979082
2971,13.404456
2972,13.327830
2973,13.229799
2974,13.507277
2975,13.377255
2976,15.861249
2977,10.686707
2978,13.363115
2979,13.217331
2980,13.488544
2981,13.277354
2982,13.232661
2983,13.520431
2984,15.986497
2985,10.485466
2986,13.488439
2987,13.400054
2988,13.123869
2989,13.454513
2990,13.345837
2991,13.191874
2992,16.055285
2993,10.698217
2994,13.255722
2995,13.442570
2996,13.305353
2997,13.263150
2998,13.417223
2999,13.334511
3000,15.668623
3001,10.985945
3002,13.323161
3003,13.240120
3004,13.504710
3005,13.248749
3006,13.248307
3007,13.450792
3008,16.078580
3009,10.503404
3010,13.526450
3011,13.361873
3012,13.102297
3013,13.434283
3014,13.331285
3015,13.305368
3016,16.182404
3017,10.508823
3018,13.227411
3019,13.461361
3020,13.295202
3021,13.259750
3022,13.416520
3023,13.331820
3024,15.715862
3025,10.957892
3026,13.332391
3027,13.212191
3028,13.443601
3029,13.388907
3030,13.502743
3031,13.205695
3032,15.670023
3033,10.853734
3034,13.542348
3035,13.250414
3036,13.248670
3037,13.472814
3038,13.309006
3039,13.203937
3040,16.164610
3041,10.618496
3042,13.218698
3043,13.466949
3044,13.295328
3045,13.249781
3046,13.460769
3047,13.389934
3048,15.888485
3049,10.709154
3050,13.338342
3051,13.241255
3052,13.420629
3053,13.327244
3054,13.237673
3055,13.477915
3056,16.067415
3057,10.463655
3058,13.469174
3059,13.287973
3060,13.218018
3061,13.572626
3062,13.207836
3063,13.226561
3064,16.186672
3065,10.599025
3066,13.233356
3067,13.537484
3068,13.556865
3069,12.895080
3070,13.475582
3071,13.360535
3072,15.847883
3073,10.866078
3074,13.327185
3075,13.150611
3076,13.530252
3077,13.277632
3078,13.198665
3079,13.429242
3080,15.975441
3081,10.571153
3082,13.484443
3083,13.313196
3084,13.342930
3085,13.373197
3086,13.339396
3087,13.254721
3088,16.096808
3089,10.639684
3090,13.264378
3091,13.582464
3092,13.327473
3093,13.115988
3094,13.562098
3095,13.360238
3096,15.857731
3097,10.610739
3098,13.352564
3099,13.264723
3100,13.438278
3101,13.321641
3102,13.222071
3103,13.455921
3104,15.972757
3105,10.530725
3106,13.452321
3107,13.367445
3108,13.219766
3109,13.419507
3110,13.315059
3111,13.257512
3112,16.090251
3113,10.627604
3114,13.273989
3115,13.409317
3116,13.349700
3117,13.237613
3118,13.431172
3119,13.342120
3120,15.658040
3121,10.975962
3122,13.442144
3123,13.149592
3124,13.423955
3125,13.340255
3126,13.233117
3127,13.480250
3128,15.652094
3129,10.874303
3130,13.401848
3131,13.348382
3132,13.382000
3133,13.451304
3134,13.355824
3135,13.077607
3136,15.815420
3137,10.887900
3138,13.295048
3139,13.433948
3140,13.311166
3141,13.331553
3142,13.357542
3143,13.362969
3144,15.588106
3145,11.001078
3146,13.344758
3147,13.250911
3148,13.410029
3149,13.350709
3150,13.246067
3151,13.422868
3152,15.782066
3153,10.774803
3154,13.499026
3155,13.275759
3156,13.238952
3157,13.430789
3158,13.314371
3159,13.255176
3160,15.850908
3161,10.877694
3162,13.279162
3163,13.430613
3164,13.328701
3165,13.269361
3166,13.424470
3167,13.323974
3168,15.681949
3169,10.994463
3170,13.315770
3171,13.247835
3172,13.438834
3173,13.330023
3174,13.235180
3175,13.440423
3176,15.853622
3177,10.692317
3178,13.453569
3179,13.308292
3180,13.268331
3181,13.424768
3182,13.348915
3183,13.202564
3184,15.992417
3185,10.735795
3186,13.276206
3187,13.434569
3188,13.332200
3189,13.240951
3190,13.429776
3191,13.292654
3192,15.744686
3193,10.942069
3194,13.371881
3195,13.199230
3196,13.449871
3197,13.365655
3198,13.185135
3199,13.476739
3200,15.762764
3201,10.766953
3202,13.409429
3203,13.379534
3204,13.198921
3205,13.574191
3206,13.266257
3207,13.179026
3208,15.884856
3209,10.893056
3210,13.211771
3211,13.454593
3212,13.336160
3213,13.226774
3214,13.422623
3215,13.318010
3216,15.767335
3217,10.876249
3218,13.384573
3219,13.228210
3220,13.459013
3221,13.312448
3222,13.233076
3223,13.429581
3224,15.891137
3225,10.660587
3226,13.433070
3227,13.332007
3228,13.252765
3229,13.417390
3230,13.300008
3231,13.291395
3232,16.015511
3233,10.768687
3234,13.205839
3235,13.436248
3236,13.317123
3237,13.231287
3238,13.444333
3239,13.406774
3240,15.623630
3241,10.922576
3242,13.386534
3243,13.236918
3244,13.405036
3245,13.418535
3246,13.162077
3247,13.433127
3248,15.759845
3249,10.802180
3250,13.421752
3251,13.419727
3252,13.157745
3253,13.448424
3254,13.296792
3255,13.249508
3256,15.856003
3257,10.951861
3258,13.197263
3259,13.455553
3260,13.302163
3261,13.235436
3262,13.476473
3263,13.362117
3264,15.923886
3265,10.690495
3266,13.314251
3267,13.245540
3268,13.413976
3269,13.334915
3270,13.233296
3271,13.429230
3272,15.718458
3273,10.854200
3274,13.444697
3275,13.314899
3276,13.253367
3277,13.436313
3278,13.324619
3279,13.235001
3280,16.409634
3281,10.342429
3282,13.247388
3283,13.418223
3284,13.428557
3285,13.152284
3286,13.424363
3287,13.419197
3288,15.582383
3289,10.977436
3290,13.354161
3291,13.240791
3292,13.418616
3293,13.336252
3294,13.259605
3295,13.415512
3296,16.903658
3297,9.672150
3298,13.430142
3299,13.352432
3300,13.214946
3301,13.419912
3302,13.337075
3303,13.251617
3304,16.531369
3305,10.198312
3306,13.273578
3307,13.418111
3308,13.305400
3309,13.280911
3310,13.408535
3311,13.342881
3312,15.746311
3313,10.922926
3314,13.322532
3315,13.283065
3316,13.407467
3317,13.314229
3318,13.274796
3319,13.412926
3320,15.807858
3321,10.768279
3322,13.436478
3323,13.416453
3324,13.134582
3325,13.556099
3326,13.200824
3327,13.252835
3328,16.034433
3329,10.699764
3330,13.247456
3331,13.454383
3332,13.305648
3333,13.261636
3334,13.427896
3335,13.320021
3336,15.890746
3337,10.907777
3338,13.190217
3339,13.232645
3340,13.456253
3341,13.320471
3342,13.235934
3343,13.587444
3344,15.850639
3345,10.567100
3346,13.425198
3347,13.333526
3348,13.237958
3349,13.454398
3350,13.350167
3351,13.228661
3352,15.917079
3353,10.846159
3354,13.238094
3355,13.836562
3356,12.977698
3357,13.198645
3358,13.474179
3359,13.289799
3360,15.652853
3361,10.989967
3362,13.341780
3363,13.242223
3364,13.490604
3365,13.357964
3366,13.158693
3367,13.398114
3368,16.170724
3369,10.436181
3370,13.499346
3371,13.262445
3372,13.238352
3373,13.413281
3374,13.353160
3375,13.221142
3376,15.796167
3377,10.947010
3378,13.258289
3379,13.520507
3380,13.226131
3381,13.247863
3382,13.423031
3383,13.325581
3384,15.672443
3385,11.059340
3386,13.281153
3387,13.259286
3388,13.422372
3389,13.325008
3390,13.250489
3391,13.403994
3392,16.095869
3393,10.487169
3394,13.407016
3395,13.356048
3396,13.242313
3397,13.460811
3398,13.315304
3399,13.233559
3400,15.792577
3401,10.966008
3402,13.234812
3403,13.409128
3404,13.328688
3405,13.259511
3406,13.446986
3407,13.329546
3408,15.649535
3409,11.002082
3410,13.321611
3411,13.264704
3412,13.422138
3413,13.357916
3414,13.215415
3415,13.479364
3416,15.979991
3417,10.522316
3418,13.436992
3419,13.402035
3420,13.166114
3421,13.438574
3422,13.330517
3423,13.237593
3424,16.115654
3425,10.742809
3426,13.147521
3427,13.511627
3428,13.260861
3429,13.284449
3430,13.392749
3431,13.305197
3432,15.662866
3433,11.027940
3434,13.315657
3435,13.324054
3436,13.343746
3437,13.353460
3438,13.251196
3439,13.406326
3440,16.083888
3441,10.552214
3442,13.352299
3443,13.347369
3444,13.241483
3445,13.413351
3446,13.346277
3447,13.243543
3448,16.155437
3449,10.609849
3450,13.247606
3451,13.461549
3452,13.296864
3453,13.230085
3454,13.415543
3455,13.387294
3456,15.895001
3457,10.780606
3458,13.318682
3459,13.194214
3460,13.520918
3461,13.266234
3462,13.218578
3463,13.503367
3464,15.648292
3465,10.847108
3466,13.484576
3467,13.333758
3468,13.172783
3469,13.445839
3470,13.300596
3471,13.277098
3472,15.860461
3473,10.864993
3474,13.289954
3475,13.461979
3476,13.378619
3477,13.133715
3478,13.466501
3479,13.287049
3480,15.671100
3481,10.975227
3482,13.405032
3483,13.209739
3484,13.387601
3485,13.351055
3486,13.255549
3487,13.402283
3488,15.725544
3489,10.864939
3490,13.411808
3491,13.313798
3492,13.267176
3493,13.409298
3494,13.316923
3495,13.256295
3496,15.887104
3497,10.875422
3498,13.292141
3499,13.478103
3500,13.423074
3501,13.101690
3502,13.432466
3503,13.378135
3504,15.580140
3505,11.039212
3506,13.303324
3507,13.253115
3508,13.376856
3509,13.380986
3510,13.212533
3511,13.426571
3512,15.728523
3513,10.842430
3514,13.437660
3515,13.362175
3516,13.246547
3517,13.415129
3518,13.358676
3519,13.176273
3520,15.796478
3521,10.981239
3522,13.271360
3523,13.378275
3524,13.329372
3525,13.239390
3526,13.443021
3527,13.430111
3528,15.511728
3529,11.126510
3530,13.262973
3531,13.256059
3532,13.448498
3533,13.290466
3534,13.259411
3535,13.412850
3536,15.734028
3537,10.850000
3538,13.438640
3539,13.365790
3540,13.187973
3541,13.474009
3542,13.286110
3543,13.231263
3544,15.795252
3545,10.970800
3546,13.241851
3547,13.430925
3548,13.369791
3549,13.197544
3550,13.508735
3551,13.263803
3552,15.612936
3553,11.043350
3554,13.362745
3555,13.215627
3556,13.402774
3557,13.343935
3558,13.243613
3559,13.439224
3560,15.710438
3561,10.844634
3562,13.440603
3563,13.305152
3564,13.265841
3565,13.590979
3566,13.226009
3567,13.230175
3568,15.779805
3569,10.986472
3570,13.179038
3571,13.479989
3572,13.296336
3573,13.251254
3574,13.591500
3575,13.355785
3576,15.430151
3577,11.148477
3578,13.288269
3579,13.169374
3580,13.510822
3581,13.503020
3582,13.008410
3583,13.490267
3584,15.649017
3585,10.882058
3586,13.580527
3587,13.283433
3588,13.098432
3589,13.434394
3590,13.335018
3591,13.220265
3592,15.907352
3593,10.897845
3594,13.218498
3595,13.471753
3596,13.349874
3597,13.161693
3598,13.550036
3599,13.262779
3600,15.978365
3601,10.644456
3602,13.385314
3603,13.235933
3604,13.443879
3605,13.368856
3606,13.248689
3607,13.439080
3608,15.759990
3609,10.859040
3610,13.464848
3611,13.319771
3612,13.268912
3613,13.438686
3614,13.356966
3615,13.248263
3616,15.900069
3617,10.909925
3618,13.235555
3619,13.475501
3620,13.331065
3621,13.236055
3622,13.448618
3623,13.358633
3624,16.148820
3625,10.500202
3626,13.357587
3627,13.308414
3628,13.554589
3629,13.215009
3630,13.267811
3631,13.450436
3632,15.778287
3633,10.789395
3634,13.440697
3635,13.312550
3636,13.230085
3637,13.418385
3638,13.353253
3639,13.224135
3640,15.994630
3641,10.806387
3642,13.220426
3643,13.481460
3644,13.279435
3645,13.238496
3646,13.459319
3647,13.318982
3648,15.638830
3649,11.039550
3650,13.331007
3651,13.191568
3652,13.438710
3653,13.451718
3654,13.114754
3655,13.503652
3656,16.063419
3657,10.451107
3658,13.415222
3659,13.384773
3660,13.190092
3661,13.447694
3662,13.299779
3663,13.245957
3664,15.910114
3665,10.896818
3666,13.191693
3667,13.433501
3668,13.398345
3669,13.177296
3670,13.405603
3671,13.337340
3672,15.932379
3673,10.712708
3674,13.358016
3675,13.253068
3676,13.424194
3677,13.336124
3678,13.246321
3679,13.401059
3680,15.822862
3681,10.797894
3682,13.408281
3683,13.334351
3684,13.230986
3685,13.422652
3686,13.348471
3687,13.238805
3688,16.145162
3689,10.596023
3690,13.239118
3691,13.422724
3692,13.365498
3693,13.273852
3694,13.390144
3695,13.380638
3696,15.833000
3697,11.045211
3698,13.071633
3699,13.268037
3700,13.412578
3701,13.328680
3702,13.226041
3703,13.545479
3704,15.779963
3705,10.777175
3706,13.358487
3707,13.284820
3708,13.246051
3709,13.775531
3710,12.987312
3711,13.241349
3712,16.214809
3713,10.532960
3714,13.267778
3715,13.434195
3716,13.329617
3717,13.824875
3718,12.807008
3719,13.368655
3720,15.641722
3721,11.027821
3722,13.371123
3723,13.170095
3724,13.434138
3725,13.326273
3726,13.296272
3727,13.367583
3728,15.868094
3729,10.710220
3730,13.456667
3731,13.336784
3732,13.218485
3733,13.416374
3734,13.328770
3735,13.259920
3736,15.888676
3737,10.832194
3738,13.280483
3739,13.405667
3740,13.332913
3741,13.250402
3742,13.406846
3743,13.393592
3744,15.995446
3745,10.616335
3746,13.335176
3747,13.283191
3748,13.420720
3749,13.298217
3750,13.254820
3751,13.403465
3752,16.180539
3753,10.457124
3754,13.432380
3755,13.326822
3756,13.244048
3757,13.554889
3758,13.215427
3759,13.234174
3760,16.301603
3761,10.437403
3762,13.251637
3763,13.445132
3764,13.332526
3765,13.265582
3766,13.596943
3767,13.179923
3768,15.877541
3769,10.855045
3770,13.254375
3771,13.207329
3772,13.493010
3773,13.321878
3774,13.178477
3775,13.421897
3776,15.766640
3777,10.813188
3778,13.395738
3779,13.363965
3780,13.354212
3781,13.317499
3782,13.293769
3783,13.258630
3784,15.963755
3785,10.765888
3786,13.271313
3787,13.411465
3788,13.357508
3789,13.307898
3790,13.336758
3791,13.353996
3792,15.724475
3793,10.909733
3794,13.353592
3795,13.238142
3796,13.413557
3797,13.355508
3798,13.240658
3799,13.461529
3800,15.960939
3801,10.579339
3802,13.488579
3803,13.255971
3804,13.263339
3805,13.434675
3806,13.293884
3807,13.275152
3808,16.307851
3809,10.532317
3810,13.178266
3811,13.500728
3812,13.323212
3813,13.152980
3814,13.456524
3815,13.373012
3816,15.865076
3817,10.762889
3818,13.354284
3819,13.224719
3820,13.515615
3821,13.414577
3822,13.088339
3823,13.408563
3824,16.073704
3825,10.485411
3826,13.453715
3827,13.357266
3828,13.228183
3829,13.394861
3830,13.340764
3831,13.262895
3832,16.121996
3833,10.616769
3834,13.230799
3835,13.673232
3836,13.129065
3837,13.199426
3838,13.410741
3839,13.313852
3840,16.124564
3841,10.581097
3842,13.435368
3843,13.210620
3844,13.327048
3845,13.353093
3846,13.251793
3847,13.682274
3848,15.501860
3849,10.795246
3850,13.472979
3851,13.325415
3852,13.324136
3853,13.332112
3854,13.333473
3855,13.211928
3856,15.904350
3857,10.840977
3858,13.273903
3859,13.429620
3860,13.302842
3861,13.258171
3862,13.439758
3863,13.305304
3864,15.730764
3865,10.968824
3866,13.316955
3867,13.258406
3868,13.446179
3869,13.387199
3870,13.156318
3871,13.453596
3872,15.764592
3873,10.824258
3874,13.723790
3875,13.047175
3876,13.248305
3877,13.485607
3878,13.302886
3879,13.223975
3880,16.689589
3881,10.069983
3882,13.217576
3883,13.706890
3884,13.161250
3885,13.189692
3886,13.744574
3887,14.697353
3888,14.916060
3889,10.280778
3890,13.267931
3891,13.052991
3892,13.645032
3893,13.177827
3894,13.161958
3895,13.552842
3896,16.017185
3897,10.414679
3898,13.444958
3899,13.304684
3900,13.252571
3901,13.379415
3902,13.378481
3903,13.209621
3904,15.898459
3905,10.891146
3906,13.309002
3907,13.426112
3908,13.250701
3909,13.229324
3910,13.465707
3911,13.354058
3912,15.625467
3913,11.012816
3914,13.315428
3915,13.333210
3916,13.292316
3917,13.369508
3918,13.236600
3919,13.541632
3920,15.663587
3921,10.776203
3922,13.470424
3923,13.298108
3924,13.242009
3925,13.446199
3926,13.352040
3927,13.229925
3928,16.214067
3929,10.505879
3930,13.251174
3931,13.471430
3932,13.349983
3933,13.212855
3934,13.530896
3935,13.361138
3936,15.849280
3937,10.775616
3938,13.258170
3939,13.229671
3940,13.422369
3941,13.339678
3942,13.236813
3943,13.669230
3944,15.871390
3945,10.432414
3946,13.482645
3947,13.559274
3948,12.981507
3949,13.452895
3950,13.302741
3951,13.250813
3952,15.907829
3953,10.847818
3954,13.234539
3955,13.475625
3956,13.326125
3957,13.195478
3958,13.920144
3959,13.279469
3960,15.694422
3961,10.967421
3962,13.370059
3963,13.197950
3964,13.479989
3965,13.355754
3966,13.191897
3967,13.589805
3968,16.016182
3969,10.464008
3970,13.421889
3971,13.323734
3972,13.185534
3973,13.517506
3974,13.236283
3975,13.237064
3976,15.921439
3977,10.815890
3978,13.351457
3979,13.333078
3980,13.404461
3981,13.162911
3982,13.475116
3983,13.311194
3984,15.959776
3985,10.668597
3986,13.364024
3987,13.229461
3988,13.415342
3989,13.343863
3990,13.572845
3991,13.190348
3992,15.780002
3993,10.767885
3994,13.456699
3995,13.335385
3996,13.232908
3997,13.439793
3998,13.312580
3999,13.243249
4000,15.880080
4001,10.922523
4002,13.198014
4003,13.466290
4004,13.269016
4005,13.262502
4006,13.443653
4007,13.314987
4008,15.751131
4009,10.982168
4010,13.245064
4011,13.246382
4012,13.434393
4013,13.296415
4014,13.269287
4015,13.423647
4016,15.801999
4017,10.771329
4018,13.427721
4019,13.337179
4020,13.233205
4021,13.418739
4022,13.331034
4023,13.252608
4024,15.919002
4025,10.846161
4026,13.233248
4027,13.457322
4028,13.304497
4029,13.260048
4030,13.411925
4031,13.364673
4032,16.016465
4033,10.610861
4034,13.375949
4035,13.221880
4036,13.425245
4037,13.331172
4038,13.259646
4039,13.417626
4040,15.850935
4041,10.744010
4042,13.408093
4043,13.348058
4044,13.226093
4045,13.412059
4046,13.330890
4047,13.253822
4048,15.971711
4049,10.803922
4050,13.217714
4051,13.410033
4052,13.338499
4053,13.262537
4054,13.425470
4055,13.336479
4056,15.771687
4057,10.906828
4058,13.411356
4059,13.142833
4060,13.430391
4061,13.331269
4062,13.240585
4063,13.426368
4064,15.892843
4065,10.676808
4066,13.414603
4067,13.342701
4068,13.240618
4069,13.426228
4070,13.336448
4071,13.233898
4072,16.195607
4073,10.630264
4074,13.187926
4075,13.431691
4076,13.304588
4077,13.251164
4078,13.444193
4079,13.309591
4080,15.842723
4081,10.844115
4082,13.314458
4083,13.243060
4084,13.443821
4085,13.320602
4086,13.238264
4087,13.417771
4088,16.087490
4089,10.485459
4090,13.498446
4091,13.266343
4092,13.247687
4093,13.427011
4094,13.312196
4095,13.249687
4096,15.916289
4097,10.813908
4098,13.259077
4099,13.419204
4100,13.330517
4101,13.260515
4102,13.409841
4103,13.322653
4104,15.748207
4105,10.920158
4106,13.352119
4107,13.241600
4108,13.430105
4109,13.327947
4110,13.259323
4111,13.404744
4112,15.918445
4113,10.680242
4114,13.401888
4115,13.377268
4116,13.248100
4117,13.391388
4118,13.334084
4119,13.260667
4120,15.917986
4121,10.792277
4122,13.256860
4123,13.398468
4124,13.346189
4125,13.255482
4126,13.471515
4127,13.324153
4128,15.698200
4129,11.023203
4130,13.223934
4131,13.257300
4132,13.422177
4133,13.321788
4134,13.250726
4135,13.410893
4136,15.847137
4137,10.749076
4138,13.409631
4139,13.326369
4140,13.265762
4141,13.425800
4142,13.323352
4143,13.250526
4144,15.877221
4145,10.852948
4146,13.265339
4147,13.413800
4148,13.335583
4149,13.267466
4150,13.423645
4151,13.304291
4152,15.721331
4153,10.970728
4154,13.336933
4155,13.246398
4156,13.405633
4157,13.319843
4158,13.261590
4159,13.417204
4160,15.775387
4161,10.870278
4162,13.378250
4163,13.309169
4164,13.253023
4165,13.428050
4166,13.332851
4167,13.240158
4168,15.917083
4169,10.819353
4170,13.341827
4171,13.366219
4172,13.292393
4173,13.264442
4174,13.423167
4175,13.312520
4176,15.759046
4177,10.926903
4178,13.302874
4179,13.262481
4180,13.432135
4181,13.307331
4182,13.312077
4183,13.375414
4184,15.782581
4185,10.785392
4186,13.440525
4187,13.330411
4188,13.313253
4189,13.366675
4190,13.309852
4191,13.251873
4192,15.907672
4193,10.868383
4194,13.294486
4195,13.363386
4196,13.323375
4197,13.250132
4198,13.413577
4199,13.394094
4200,15.714586
4201,10.886741
4202,13.355340
4203,13.241128
4204,13.401403
4205,13.340437
4206,13.253277
4207,13.421583
4208,15.761071
4209,10.808619
4210,13.413968
4211,13.335949
4212,13.272612
4213,13.413573
4214,13.321949
4215,13.256271
4216,15.921324
4217,10.821856
4218,13.265048
4219,13.451333
4220,13.280804
4221,13.258712
4222,13.458035
4223,13.341063
4224,15.625164
4225,11.049162
4226,13.385957
4227,13.151909
4228,13.407609
4229,13.341411
4230,13.254829
4231,13.392199
4232,15.804231
4233,10.792237
4234,13.418977
4235,13.357971
4236,13.282426
4237,13.357643
4238,13.365502
4239,13.213229
4240,16.115152
4241,10.666120
4242,13.207033
4243,13.432943
4244,13.339580
4245,13.246256
4246,13.439174
4247,13.302027
4248,15.709516
4249,11.328640
4250,13.292171
4251,13.113367
4252,13.942379
4253,13.294298
4254,12.981703
4255,14.056613
4256,15.594042
4257,10.283948
4258,13.765994
4259,13.224175
4260,12.994039
4261,13.404459
4262,13.329401
4263,13.259427
4264,15.873242
4265,10.889753
4266,13.237845
4267,13.413062
4268,13.334584
4269,13.254210
4270,13.414660
4271,13.352552
4272,15.677514
4273,10.949532
4274,13.354352
4275,13.238952
4276,13.433712
4277,13.342011
4278,13.224308
4279,13.430958
4280,15.763592
4281,10.802023
4282,13.437169
4283,13.335175
4284,13.232556
4285,13.409889
4286,13.345924
4287,13.249431
4288,15.884832
4289,10.857396
4290,13.266444
4291,13.408940
4292,13.306625
4293,13.263810
4294,13.410452
4295,13.330163
4296,15.715214
4297,10.950141
4298,13.329921
4299,13.265054
4300,13.412846
4301,13.326912
4302,13.268403
4303,13.424726
4304,15.960304
4305,10.622432
4306,13.418052
4307,13.330410
4308,13.255119
4309,13.412219
4310,13.309941
4311,13.263958
4312,15.941652
4313,10.799630
4314,13.256996
4315,13.413655
4316,13.381925
4317,13.202431
4318,13.420539
4319,13.405439
4320,15.657600
4321,11.014714
4322,13.260000
4323,13.236610
4324,13.437696
4325,13.315553
4326,13.246839
4327,13.478469
4328,15.857725
4329,10.683753
4330,13.429903
4331,13.408824
4332,13.173384
4333,13.430239
4334,13.427122
4335,13.137812
4336,16.118802
4337,10.623841
4338,13.252526
4339,13.480768
4340,13.487477
4341,13.036942
4342,13.438372
4343,13.385654
4344,15.951175
4345,10.682112
4346,13.532102
4347,13.002370
4348,13.415527
4349,13.367890
4350,13.276481
4351,13.394660
4352,16.111119
4353,10.452367
4354,13.432384
4355,13.331528
4356,13.238762
4357,13.421150
4358,13.333064
4359,13.255649
4360,15.913556
4361,10.819362
4362,13.252058
4363,13.448256
4364,13.345980
4365,13.239616
4366,13.427677
4367,13.316416
4368,15.991349
4369,10.699627
4370,13.304904
4371,13.247808
4372,13.436375
4373,13.328765
4374,13.201150
4375,13.478613
4376,15.803009
4377,10.729760
4378,13.443848
4379,13.338797
4380,13.220565
4381,13.404942
4382,13.343270
4383,13.244636
4384,15.973408
4385,10.861173
4386,13.165127
4387,13.432295
4388,13.329649
4389,13.245691
4390,13.397828
4391,13.340920
4392,15.763385
4393,10.902665
4394,13.464654
4395,13.141106
4396,13.466204
4397,13.362482
4398,13.140724
4399,13.430176
4400,15.905123
4401,10.671958
4402,13.438112
4403,13.356191
4404,13.234884
4405,13.492745
4406,13.248959
4407,13.275431
4408,15.879167
4409,10.863256
4410,13.215283
4411,13.435279
4412,13.371023
4413,13.199306
4414,13.428704
4415,13.330052
4416,15.774457
4417,10.927475
4418,13.301799
4419,13.264496
4420,13.482648
4421,13.289011
4422,13.232328
4423,13.415380
4424,15.863281
4425,10.746153
4426,13.382448
4427,13.326353
4428,13.265819
4429,13.427753
4430,13.309039
4431,13.250565
4432,15.971077
4433,10.759312
4434,13.264736
4435,13.422927
4436,13.323733
4437,13.279812
4438,13.388028
4439,13.326707
4440,15.777697
4441,10.925311
4442,13.295394
4443,13.280196
4444,13.424201
4445,13.291560
4446,13.263845
4447,13.489676
4448,15.703791
4449,10.809575
4450,13.417882
4451,13.327359
4452,13.258059
4453,13.426768
4454,13.332762
4455,13.266244
4456,15.856083
4457,10.837413
4458,13.265309
4459,13.497334
4460,13.413605
4461,13.107447
4462,13.467493
4463,13.304501
4464,15.738923
4465,10.937778
4466,13.278190
4467,13.267412
4468,13.465414
4469,13.287339
4470,13.261552
4471,13.441285
4472,16.019099
4473,10.521922
4474,13.473583
4475,13.270155
4476,13.258645
4477,13.567267
4478,13.210025
4479,13.218672
4480,16.014959
4481,10.765105
4482,13.218212
4483,13.541705
4484,13.234395
4485,13.262700
4486,13.485446
4487,13.290265
4488,15.959802
4489,10.702037
4490,13.391443
4491,13.186925
4492,13.696385
4493,13.088915
4494,13.187555
4495,13.456067
4496,15.892717
4497,10.683502
4498,13.496848
4499,13.261317
4500,13.246080
4501,13.403140
4502,13.340706
4503,13.238434
4504,16.199059
4505,10.556272
4506,13.227312
4507,13.467453
4508,13.319001
4509,13.216873
4510,13.615884
4511,13.187573
4512,15.938455
4513,10.689447
4514,13.372410
4515,13.199545
4516,13.458291
4517,13.304685
4518,13.249894
4519,13.476799
4520,15.975118
4521,10.538510
4522,13.516858
4523,13.237433
4524,13.242967
4525,13.450195
4526,13.315635
4527,13.242049
4528,16.235234
4529,10.553125
4530,13.213069
4531,13.424821
4532,13.366175
4533,13.221917
4534,13.445488
4535,13.322728
4536,16.086185
4537,10.589927
4538,13.256037
4539,13.275202
4540,13.440061
4541,13.325930
4542,13.239229
4543,13.437887
4544,16.009109
4545,10.568055
4546,13.636540
4547,13.183906
4548,13.157625
4549,13.569925
4550,13.323093
4551,13.112441
4552,16.240199
4553,10.506627
4554,13.279716
4555,13.432056
4556,13.307425
4557,13.236766
4558,13.524889
4559,13.284003
4560,15.929164
4561,10.718573
4562,13.321043
4563,13.230229
4564,13.413737
4565,13.320656
4566,13.258099
4567,13.425339
4568,16.064163
4569,10.503682
4570,13.556165
4571,13.341272
4572,13.126019
4573,13.423047
4574,13.480107
4575,13.094729
4576,16.226863
4577,10.511137
4578,13.275712
4579,13.580080
4580,13.314055
4581,13.114530
4582,13.604941
4583,13.149446
4584,15.984986
4585,10.670981
4586,13.326184
4587,13.291135
4588,13.384749
4589,13.352065
4590,13.209296
4591,13.483264
4592,16.089619
4593,10.431614
4594,13.428406
4595,13.334619
4596,13.235309
4597,13.426884
4598,13.346228
4599,13.238291
4600,16.119205
4601,10.637019
4602,13.254441
4603,13.414814
4604,13.301886
4605,13.263262
4606,13.438878
4607,13.334002
4608,15.730588
4609,10.895786
4610,13.327624
4611,13.248843
4612,13.419309
4613,13.318826
4614,13.264963
4615,13.437757
4616,15.845225
4617,10.721184
4618,13.436184
4619,13.313388
4620,13.245577
4621,13.440722
4622,13.321759
4623,13.251687
4624,15.896298
4625,10.903939
4626,13.196068
4627,13.500360
4628,13.258574
4629,13.263885
4630,13.562395
4631,13.258354
4632,15.930132
4633,10.667189
4634,13.329214
4635,13.338211
4636,13.737556
4637,12.925613
4638,13.264503
4639,13.405715
4640,16.019789
4641,10.537994
4642,13.438888
4643,13.361063
4644,13.473601
4645,13.152763
4646,13.370841
4647,13.205168
4648,16.279166
4649,10.474138
4650,13.250681
4651,13.579412
4652,13.199311
4653,13.219182
4654,13.444787
4655,13.360841
4656,15.946998
4657,10.736035
4658,13.326329
4659,13.201509
4660,13.426373
4661,13.424975
4662,13.143457
4663,13.799170
4664,15.806358
4665,10.398452
4666,13.520952
4667,13.228081
4668,13.254656
4669,13.544624
4670,13.197255
4671,13.256031
4672,16.125118
4673,10.622779
4674,13.270288
4675,14.674442
4676,12.062256
4677,13.244353
4678,13.668391
4679,13.112032
4680,16.011285
4681,10.732696
4682,13.229158
4683,13.266608
4684,13.428758
4685,13.317586
4686,13.244476
4687,13.422127
4688,15.920528
4689,10.665638
4690,13.418706
4691,13.347748
4692,13.205886
4693,13.448370
4694,13.405919
4695,13.130444
4696,15.918324
4697,10.819227
4698,13.295846
4699,13.410245
4700,13.357792
4701,13.212490
4702,13.435298
4703,13.349177
4704,15.944857
4705,10.736642
4706,13.321372
4707,13.232256
4708,13.539413
4709,13.264768
4710,13.201474
4711,13.423018
4712,16.114725
4713,10.451894
4714,13.515288
4715,13.335598
4716,13.177318
4717,13.791412
4718,13.365218
4719,12.925718
4720,15.973423
4721,10.922611
4722,13.139656
4723,13.520432
4724,13.232504
4725,13.213247
4726,13.858588
4727,12.887883
4728,15.959056
4729,10.716401
4730,13.353841
4731,13.228926
4732,13.436888
4733,13.315334
4734,13.270387
4735,13.463229
4736,16.009326
4737,10.479859
4738,13.462775
4739,13.289397
4740,13.280216
4741,13.413079
4742,13.352275
4743,13.253732
4744,15.828807
4745,10.867799
4746,13.311822
4747,13.427419
4748,13.480723
4749,13.088815
4750,13.570501
4751,13.185856
4752,16.032064
4753,10.606211
4754,13.370326
4755,13.198636
4756,13.436857
4757,13.294164
4758,13.261932
4759,13.438524
4760,15.897200
4761,10.663830
4762,13.457106
4763,13.305399
4764,13.243288
4765,13.455119
4766,13.330795
4767,13.213989
4768,15.889931
4769,10.856180
4770,13.245866
4771,13.461363
4772,13.571763
4773,13.678332
4774,12.907135
4775,13.220406
4776,15.740752
4777,11.102999
4778,13.580493
4779,12.779419
4780,13.628448
4781,13.281277
4782,13.114313
4783,13.404889
4784,15.775985
4785,10.799008
4786,13.423391
4787,13.496636
4788,13.098483
4789,13.386105
4790,13.380928
4791,13.248912
4792,15.913240
4793,10.871918
4794,13.183927
4795,13.418240
4796,13.378901
4797,13.225345
4798,13.464190
4799,13.364127
4800,15.718386
4801,10.876027
4802,13.316839
4803,13.266389
4804,13.410183
4805,13.328981
4806,13.261285
4807,13.445510
4808,15.880934
4809,10.668888
4810,13.404764
4811,13.328726
4812,13.334824
4813,13.404826
4814,13.381241
4815,13.199202
4816,16.170098
4817,10.564206
4818,13.256852
4819,13.448674
4820,13.319723
4821,13.240944
4822,13.428028
4823,13.340194
4824,16.015026
4825,10.632194
4826,13.354894
4827,13.226945
4828,13.425855
4829,13.310557
4830,13.264829
4831,13.435982
4832,16.019664
4833,10.519939
4834,13.486550
4835,13.276219
4836,13.240588
4837,13.428494
4838,13.314984
4839,13.266685
4840,17.309207
4841,9.436126
4842,13.246194
4843,13.462173
4844,13.299497
4845,13.252348
4846,13.423158
4847,13.337174
4848,15.728691
4849,10.979401
4850,14.282398
4851,12.246630
4852,13.442434
4853,13.398503
4854,13.148299
4855,13.481057
4856,15.758103
4857,10.763663
4858,13.417117
4859,13.352195
4860,13.294279
4861,13.370436
4862,13.347274
4863,13.217238
4864,15.969027
4865,10.783594
4866,13.238986
4867,13.443647
4868,13.318840
4869,13.245157
4870,13.443136
4871,13.335384
4872,15.767241
4873,10.887446
4874,13.386728
4875,13.185564
4876,13.470149
4877,13.335537
4878,13.192684
4879,13.535406
4880,15.760177
4881,10.688404
4882,13.461970
4883,13.310738
4884,13.248241
4885,13.408732
4886,13.325872
4887,13.254601
4888,15.967305
4889,10.794790
4890,13.234643
4891,13.419224
4892,13.327314
4893,13.258300
4894,13.437592
4895,13.340043
4896,15.700344
4897,10.959062
4898,13.331453
4899,13.250412
4900,13.443157
4901,13.294235
4902,13.249103
4903,13.519354
4904,15.742464
4905,10.718032
4906,13.449159
4907,13.344117
4908,13.251634
4909,13.414083
4910,13.312859
4911,13.229810
4912,15.912762
4913,10.833184
4914,13.269981
4915,13.400155
4916,13.346798
4917,13.269097
4918,13.430186
4919,13.342088
4920,15.668713
4921,11.002124
4922,13.311443
4923,13.236160
4924,13.604863
4925,13.188270
4926,13.188432
4927,13.668794
4928,15.613002
4929,10.733903
4930,13.467373
4931,13.320494
4932,13.230159
4933,13.443824
4934,13.330734
4935,13.222140
4936,15.905537
4937,11.083837
4938,13.014663
4939,13.449535
4940,13.494270
4941,13.029967
4942,13.500076
4943,13.309683
4944,15.667243
4945,10.996021
4946,13.342559
4947,13.204365
4948,13.420938
4949,13.366886
4950,13.219362
4951,13.415364
4952,15.893582
4953,10.683147
4954,13.414356
4955,13.372719
4956,13.227464
4957,13.446939
4958,13.315302
4959,13.218573
4960,15.909928
4961,10.864122
4962,13.235303
4963,13.463890
4964,13.291447
4965,13.233027
4966,13.463520
4967,13.309209
4968,15.703334
4969,11.008857
4970,13.271843
4971,13.265931
4972,13.411142
4973,13.300870
4974,13.275931
4975,13.461432
4976,15.784468
4977,10.762315
4978,13.411800
4979,13.372395
4980,13.203953
4981,13.504907
4982,13.291809
4983,13.223934
4984,15.857739
4985,10.881553
4986,13.242641
4987,13.426382
4988,13.338358
4989,13.237413
4990,13.487048
4991,13.321363
4992,15.662102
4993,10.971777
4994,13.303597
4995,13.249661
4996,13.418523
4997,13.341053
4998,13.234719
4999,13.418406
5000,16.469560
5001,10.448202
5002,13.147311
5003,13.309108
5004,13.253142
5005,13.414132
5006,13.344277
5007,13.244850
5008,15.896790
5009,10.871386
5010,13.249382
5011,13.400965
5012,13.335113
5013,13.240108
5014,13.410467
5015,13.349588
5016,15.719905
5017,10.936227
5018,13.337842
5019,13.260516
5020,13.414359
5021,13.343178
5022,13.245074
5023,13.436533
5024,15.820213
5025,10.733802
5026,13.480181
5027,13.311810
5028,13.217923
5029,13.413037
5030,13.334391
5031,13.244274
5032,15.936765
5033,10.804081
5034,13.260040
5035,13.411243
5036,13.372865
5037,13.227063
5038,13.448426
5039,13.331537
5040,15.643327
5041,11.035718
5042,13.308169
5043,13.240845
5044,13.443425
5045,13.292535
5046,13.255248
5047,13.425960
5048,15.764152
5049,10.796346
5050,13.424813
5051,13.336419
5052,13.251022
5053,13.430300
5054,13.378701
5055,13.184873
5056,15.865778
5057,10.874071
5058,13.622348
5059,13.302852
5060,13.307824
5061,13.258083
5062,13.421423
5063,13.325480
5064,15.775774
5065,10.913228
5066,13.328573
5067,13.243785
5068,13.436457
5069,13.329329
5070,13.235118
5071,13.458372
5072,15.803942
5073,10.737324
5074,13.464543
5075,13.292610
5076,13.246336
5077,13.452299
5078,13.315634
5079,13.231869
5080,16.869263
5081,9.909139
5082,13.233996
5083,13.419476
5084,13.344418
5085,13.212614
5086,13.495843
5087,13.301590
5088,15.655016
5089,10.994500
5090,13.358300
5091,13.231041
5092,13.408452
5093,13.343189
5094,13.234752
5095,13.432502
5096,15.784260
5097,10.784682
5098,13.409725
5099,13.334695
5100,13.259759
5101,13.442480
5102,13.469240
5103,13.117773
5104,15.873425
5105,10.894858
5106,13.203655
5107,13.688595
5108,13.032498
5109,13.259579
5110,13.426643
5111,13.319167
5112,15.652756
5113,11.054955
5114,13.275293
5115,13.262412
5116,13.433412
5117,13.295203
5118,13.291879
5119,13.390332
5120,15.796406
5121,10.833328
5122,13.363541
5123,13.333266
5124,13.299189
5125,13.387258
5126,13.401791
5127,13.181646
5128,15.880804
5129,10.917775
5130,13.197333
5131,13.482486
5132,13.534642
5133,13.023770
5134,13.426466
5135,13.298519
5136,15.675172
5137,11.054155
5138,13.259246
5139,13.263639
5140,13.800325
5141,12.944278
5142,13.265001
5143,13.403556
5144,15.815315
5145,10.773020
5146,13.422611
5147,13.364869
5148,13.254451
5149,13.391952
5150,13.343232
5151,13.230662
5152,15.941357
5153,10.899427
5154,13.177752
5155,13.403137
5156,13.342351
5157,13.235941
5158,13.478138
5159,13.326658
5160,15.668646
5161,10.924657
5162,13.348234
5163,13.247507
5164,13.402660
5165,13.348451
5166,13.262329
5167,13.389445
5168,15.893154
5169,10.706360
5170,13.393776
5171,13.339079
5172,13.289285
5173,13.408893
5174,13.334768
5175,13.266881
5176,16.077692
5177,10.667019
5178,13.236223
5179,13.420757
5180,13.336097
5181,13.246947
5182,13.423942
5183,13.395650
5184,15.687367
5185,10.939216
5186,13.309087
5187,13.292038
5188,13.365297
5189,13.402799
5190,13.171823
5191,13.411953
5192,15.836993
5193,10.763946
5194,13.392330
5195,13.335379
5196,13.339822
5197,13.317324
5198,13.360438
5199,13.256524
5200,15.822200
5201,10.898880
5202,13.267662
5203,13.419183
5204,13.298087
5205,13.269992
5206,13.428684
5207,13.350714
5208,15.683436
5209,11.017252
5210,13.299415
5211,13.231017
5212,13.510145
5213,13.301328
5214,13.203981
5215,13.461119
5216,16.074856
5217,10.482151
5218,13.416109
5219,13.343450
5220,13.247788
5221,13.404369
5222,13.358447
5223,13.187078
5224,15.878892
5225,10.849319
5226,13.280512
5227,13.429588
5228,13.320764
5229,13.258629
5230,13.408960
5231,13.320267
5232,15.716839
5233,10.947952
5234,13.339427
5235,13.265764
5236,13.456445
5237,13.294822
5238,13.232240
5239,13.431538
5240,15.852860
5241,10.761992
5242,13.406468
5243,13.297140
5244,13.266032
5245,13.418859
5246,13.350083
5247,13.214716
5248,15.951428
5249,10.783849
5250,13.260083
5251,13.456125
5252,13.291718
5253,13.284888
5254,13.410738
5255,13.318507
5256,15.753292
5257,10.960933
5258,13.317465
5259,13.234334
5260,13.434685
5261,13.294254
5262,13.260277
5263,13.444681
5264,15.897721
5265,10.666762
5266,13.494151
5267,13.332842
5268,13.172401
5269,13.417861
5270,13.355951
5271,13.254477
5272,15.855012
5273,10.913812
5274,13.195076
5275,13.419801
5276,13.377094
5277,13.191525
5278,13.471048
5279,13.322062
5280,15.935568
5281,10.784138
5282,13.320381
5283,13.252744
5284,13.395977
5285,13.337966
5286,13.199476
5287,13.573998
5288,15.812190
5289,10.609796
5290,13.522217
5291,13.326219
5292,13.213152
5293,13.369218
5294,13.337351
5295,13.219504
5296,15.989529
5297,10.768177
5298,13.255149
5299,13.429437
5300,13.349084
5301,13.204869
5302,13.462690
5303,13.368888
5304,15.640680
5305,10.986608
5306,13.464970
5307,13.092409
5308,13.476663
5309,13.309100
5310,13.201710
5311,13.479065
5312,15.943633
5313,10.602669
5314,13.401664
5315,13.368107
5316,13.219603
5317,13.423814
5318,13.297516
5319,13.240836
5320,16.016515
5321,10.862925
5322,13.180068
5323,13.418010
5324,13.388378
5325,13.149393
5326,13.419845
5327,13.513287
5328,15.847267
5329,10.769405
5330,13.308822
5331,13.151423
5332,13.485846
5333,13.464472
5334,13.056245
5335,13.553316
5336,16.247480
5337,10.192188
5338,13.598181
5339,13.190192
5340,13.221479
5341,13.545640
5342,13.204058
5343,13.288662
5344,16.113825
5345,10.657665
5346,13.196181
5347,13.418009
5348,13.362978
5349,13.223460
5350,13.431724
5351,13.314752
5352,15.994737
5353,10.682194
5354,13.319711
5355,13.262749
5356,13.414897
5357,13.333189
5358,13.217740
5359,13.469295
5360,16.074300
5361,10.478012
5362,13.453385
5363,13.305194
5364,13.237799
5365,13.416393
5366,13.461918
5367,13.153757
5368,16.140830
5369,10.625674
5370,13.224311
5371,13.408168
5372,13.345633
5373,13.236735
5374,13.448904
5375,13.402897
5376,15.857980
5377,10.839383
5378,13.589943
5379,12.864620
5380,13.447810
5381,13.319355
5382,13.236235
5383,13.450150
5384,16.176121
5385,10.377472
5386,13.455505
5387,13.334995
5388,13.220984
5389,13.784027
5390,13.096803
5391,13.117285
5392,16.319947
5393,10.482087
5394,13.201430
5395,13.575915
5396,13.223736
5397,13.196228
5398,13.685561
5399,13.350841
5400,15.676070
5401,10.737956
5402,13.347014
5403,13.228816
5404,13.414456
5405,13.318751
5406,13.232382
5407,13.453978
5408,16.068091
5409,10.502942
5410,13.475727
5411,13.334984
5412,13.230094
5413,13.438596
5414,13.419380
5415,13.110969
5416,16.179668
5417,10.613011
5418,13.196722
5419,13.469484
5420,13.316010
5421,13.250831
5422,13.407270
5423,13.324571
5424,15.912393
5425,10.741624
5426,13.320460
5427,13.280845
5428,13.420580
5429,13.364084
5430,13.226910
5431,13.448816
5432,15.836558
5433,10.726092
5434,13.505660
5435,13.238659
5436,13.260578
5437,13.437271
5438,13.299693
5439,13.251371
5440,15.879495
5441,10.874394
5442,13.245838
5443,13.398043
5444,13.330323
5445,13.265442
5446,13.487796
5447,13.252790
5448,15.761195
5449,10.934080
5450,13.349282
5451,13.320917
5452,13.324788
5453,13.361071
5454,13.233422
5455,13.409401
5456,15.897849
5457,10.860457
5458,13.373561
5459,13.244523
5460,13.216112
5461,13.460862
5462,13.357787
5463,13.171722
5464,15.902168
5465,10.866748
5466,13.249656
5467,13.443258
5468,13.323496
5469,13.208711
5470,13.491598
5471,13.287830
5472,15.802069
5473,10.840045
5474,13.514125
5475,13.110085
5476,14.703149
5477,12.184681
5478,13.119697
5479,13.424957
5480,16.156691
5481,10.464001
5482,13.376642
5483,13.488392
5484,13.115274
5485,13.389877
5486,13.537172
5487,13.084457
5488,16.085897
5489,11.006570
5490,12.854655
5491,13.562081
5492,13.344512
5493,13.088149
5494,13.484071
5495,13.268027
5496,15.952299
5497,10.746894
5498,13.431303
5499,13.171558
5500,13.547579
5501,13.232466
5502,13.188948
5503,13.449369
5504,16.014682
5505,10.550278
5506,13.413253
5507,13.435445
5508,13.137391
5509,13.437023
5510,13.348178
5511,13.219052
5512,16.214331
5513,10.651547
5514,13.134209
5515,13.441017
5516,13.319943
5517,13.257624
5518,13.437138
5519,13.346085
5520,15.977692
5521,10.653100
5522,13.865932
5523,12.739201
5524,13.458604
5525,13.331163
5526,13.178790
5527,13.480141
5528,15.873789
5529,10.633536
5530,13.571278
5531,13.252893
5532,13.193897
5533,13.639196
5534,13.192267
5535,13.175776
5536,16.202196
5537,10.587842
5538,13.237774
5539,13.595487
5540,13.180089
5541,13.168377
5542,13.474055
5543,13.343010
5544,15.675034
5545,10.959658
5546,13.404710
5547,13.188050
5548,13.471538
5549,13.425109
5550,13.082802
5551,13.445877
5552,16.046164
5553,10.555685
5554,13.535541
5555,13.408662
5556,13.011637
5557,13.591609
5558,13.394369
5559,13.055748
5560,16.180939
5561,10.793162
5562,13.042911
5563,13.369457
5564,13.523937
5565,13.101347
5566,13.392171
5567,13.373149
5568,15.988554
5569,10.650275
5570,13.460854
5571,13.126850
5572,13.550492
5573,13.196869
5574,13.259621
5575,13.425580
5576,16.035637
5577,10.505783
5578,13.412046
5579,13.329651
5580,13.291485
5581,13.450085
5582,13.328360
5583,13.182035
5584,16.177442
5585,10.539932
5586,13.326736
5587,13.416105
5588,13.410758
5589,13.147105
5590,13.477695
5591,13.285471
5592,15.888018
5593,10.750084
5594,13.329901
5595,13.240242
5596,13.447484
5597,13.329802
5598,13.231764
5599,13.446895
5600,16.081519
5601,10.459925
5602,13.471733
5603,13.340614
5604,13.218627
5605,13.409066
5606,13.344115
5607,13.261817
5608,15.893961
5609,10.821206
5610,13.252246
5611,13.373881
5612,13.404820
5613,13.190767
5614,13.418884
5615,13.344895
5616,15.704402
5617,10.938521
5618,13.368813
5619,13.230484
5620,13.426299
5621,13.328443
5622,13.262266
5623,13.409565
5624,15.784606
5625,10.776593
5626,13.443013
5627,13.350601
5628,13.234834
5629,13.406935
5630,13.354176
5631,13.249020
5632,16.124956
5633,10.696536
5634,13.171958
5635,13.514811
5636,13.396553
5637,13.092903
5638,13.398461
5639,13.334229
5640,15.680066
5641,11.010803
5642,13.349663
5643,13.229121
5644,13.428268
5645,13.363776
5646,13.224146
5647,13.452112
5648,15.781509
5649,10.735772
5650,13.458503
5651,13.331740
5652,13.216893
5653,13.439310
5654,13.312233
5655,13.250565
5656,15.840327
5657,10.893949
5658,13.269462
5659,13.451433
5660,13.309471
5661,13.230588
5662,13.421547
5663,13.335973
5664,15.668826
5665,10.986453
5666,13.336533
5667,13.250426
5668,13.481221
5669,13.295028
5670,13.239181
5671,13.451489
5672,15.719681
5673,10.799736
5674,13.509226
5675,13.241356
5676,13.265245
5677,13.465623
5678,13.315245
5679,13.215109
5680,15.844404
5681,10.893171
5682,13.255709
5683,13.416333
5684,13.328832
5685,13.249323
5686,13.415075
5687,13.345903
5688,15.667995
5689,10.974778
5690,13.350005
5691,13.251867
5692,13.409442
5693,13.350148
5694,13.253132
5695,13.415836
5696,15.780322
5697,10.784327
5698,13.418449
5699,13.343719
5700,13.239918
5701,13.450399
5702,13.321486
5703,13.243552
5704,15.837643
5705,10.871721
5706,13.284691
5707,13.413344
5708,13.329460
5709,13.276216
5710,13.391737
5711,13.346434
5712,15.727372
5713,10.918372
5714,13.347245
5715,13.268288
5716,13.435733
5717,13.322620
5718,13.258516
5719,13.389951
5720,15.837973
5721,10.752601
5722,13.403427
5723,13.337656
5724,13.264355
5725,13.397823
5726,13.327893
5727,13.263296
5728,15.832312
5729,10.897448
5730,13.293148
5731,13.412958
5732,13.319591
5733,13.259173
5734,13.419107
5735,13.316221
5736,15.694635
5737,11.022196
5738,13.280428
5739,13.272477
5740,13.401054
5741,13.345731
5742,13.267492
5743,13.451208
5744,15.784257
5745,10.732218
5746,13.512419
5747,13.249806
5748,13.255222
5749,13.477760
5750,13.356229
5751,13.170123
5752,15.934469
5753,10.802072
5754,13.259346
5755,13.453150
5756,13.276591
5757,13.279836
5758,13.401275
5759,13.339543
5760,15.724922
5761,10.980813
5762,13.360776
5763,13.180820
5764,13.444093
5765,13.298170
5766,13.254295
5767,13.411290
5768,15.818281
5769,10.760963
5770,13.405166
5771,13.341254
5772,13.274309
5773,13.393362
5774,13.338762
5775,13.242433
5776,15.894332
5777,10.867495
5778,13.245819
5779,13.399657
5780,13.347622
5781,13.245748
5782,13.425350
5783,13.337667
5784,15.684438
5785,11.296057
5786,13.235893
5787,13.021384
5788,13.425980
5789,13.323222
5790,13.261103
5791,13.421379
5792,15.789827
5793,10.804962
5794,13.395765
5795,13.340828
5796,13.264277
5797,13.393776
5798,13.336818
5799,13.272185
5800,15.921967
5801,10.800858
5802,13.278644
5803,13.497864
5804,13.227222
5805,13.259533
5806,13.403834
5807,13.323251
5808,15.705030
5809,10.968885
5810,13.322099
5811,13.259691
5812,13.417943
5813,13.348348
5814,13.258506
5815,13.416315
5816,15.879789
5817,10.662928
5818,13.494909
5819,13.263154
5820,13.250451
5821,13.598587
5822,13.160972
5823,13.256453
5824,15.862223
5825,10.943866
5826,13.185861
5827,13.430742
5828,13.340048
5829,13.232568
5830,13.477696
5831,13.326290
5832,15.641998
5833,10.962644
5834,13.349853
5835,13.238375
5836,13.412431
5837,13.332175
5838,13.272170
5839,13.413297
5840,16.274737
5841,10.399338
5842,13.372332
5843,13.370327
5844,13.200528
5845,13.478504
5846,13.430021
5847,13.109076
5848,16.254105
5849,10.486821
5850,13.260325
5851,13.402237
5852,13.340717
5853,13.231894
5854,13.486248
5855,13.334381
5856,15.674908
5857,10.952216
5858,13.377838
5859,13.175374
5860,13.548826
5861,13.195486
5862,13.258346
5863,13.446095
5864,15.831233
5865,10.732690
5866,13.274513
5867,13.323513
5868,13.356850
5869,13.360029
5870,13.284609
5871,13.351022
5872,13.326096
5873,13.327204
5874,13.354928
5875,13.325873
5876,13.321728
5877,13.339897
5878,13.338405
5879,13.318140
5880,13.334017
5881,13.345175
5882,13.325514
5883,13.335717
5884,13.328485
5885,13.335356
5886,13.331451
5887,13.334639
5888,13.344502
5889,13.328028
5890,13.328070
5891,13.322164
5892,13.339985
5893,13.342010
5894,13.330463
5895,13.332061
5896,13.339927
5897,13.333742
5898,13.333209
5899,13.322271
5900,13.340496
5901,13.325257
5902,13.335392
5903,13.348441
5904,13.315816
5905,13.338098
5906,13.337423
5907,13.323918
5908,13.340798
5909,13.332061
5910,13.324097
5911,13.339921
5912,13.322227
5913,13.358657
5914,13.311700
5915,13.349279
5916,13.323573
5917,13.329776
5918,13.355236
5919,13.316003
5920,13.335437
5921,13.343037
5922,13.340867
5923,13.312366
5924,13.336204
5925,13.358974
5926,13.323030
5927,13.331778
5928,13.351534
5929,13.308098
5930,13.341370
5931,13.340998
5932,13.341163
5933,13.330698
5934,13.338163
5935,13.310027
5936,13.339191
5937,13.338225
5938,13.330620
5939,13.333849
5940,13.341846
5941,13.321830
5942,13.343932
5943,13.375055
5944,13.276919
5945,13.332149
5946,13.367533
5947,13.315971
5948,13.321051
5949,13.379073
5950,13.293988
5951,13.336732
5952,13.326445
5953,13.374259
5954,13.285767
5955,13.338753
5956,13.338998
5957,13.321563
5958,13.340322
5959,13.339494
5960,13.321908
5961,13.338003
5962,13.353520
5963,13.849478
5964,12.915176
5965,13.407565
5966,13.319214
5967,13.231415
5968,13.565889
5969,13.179290
5970,13.240236
5971,16.217000
5972,10.575400
5973,13.194264
5974,13.495707
5975,13.253688
5976,13.250705
5977,13.480350
5978,13.270308
5979,15.959393
5980,10.812324
5981,13.230101
5982,13.249611
5983,13.530499
5984,13.213829
5985,13.257141
5986,13.453081
5987,15.668018
5988,10.933013
5989,13.411466
5990,13.262465
5991,13.257618
5992,13.410981
5993,13.392229
5994,13.238941
5995,15.772044
5996,11.003810
5997,13.227381
5998,13.380194
5999,13.351304
6000,13.262923
6001,13.365219
6002,13.371308
6003,15.649288
6004,11.002295
6005,13.358530
6006,13.262775
6007,13.440829
6008,13.266040
6009,13.296484
6010,13.357370
6011,16.101191
6012,10.502684
6013,13.420710
6014,13.414498
6015,13.167317
6016,13.409281
6017,13.380632
6018,13.206621
6019,16.126905
6020,10.674228
6021,13.203547
6022,13.444547
6023,13.305649
6024,13.321541
6025,13.425283
6026,13.282277
6027,15.816013
6028,10.856771
6029,13.271200
6030,13.282643
6031,13.393882
6032,13.331275
6033,13.271484
6034,13.401026
6035,15.712291
6036,10.876638
6037,13.411193
6038,13.389247
6039,13.271977
6040,13.362033
6041,13.309818
6042,13.275462
6043,16.309641
6044,10.454498
6045,13.277070
6046,13.436374
6047,13.263665
6048,13.264975
6049,13.510037
6050,13.261033
6051,15.642093
6052,11.033864
6053,13.356548
6054,13.204111
6055,13.399639
6056,13.318253
6057,13.248773
6058,13.577876
6059,15.624982
6060,10.836782
6061,13.408743
6062,13.346193
6063,13.265569
6064,13.376408
6065,13.345916
6066,13.212896
6067,15.831643
6068,10.978664
6069,13.245578
6070,13.406156
6071,13.321065
6072,13.279476
6073,13.425693
6074,13.326968
6075,15.583916
6076,11.081273
6077,13.345990
6078,13.229599
6079,13.431787
6080,13.424190
6081,13.134958
6082,13.458685
6083,15.682198
6084,10.877890
6085,13.389854
6086,13.336757
6087,13.259167
6088,13.398870
6089,13.361968
6090,13.240838
6091,15.828532
6092,10.921824
6093,13.207932
6094,13.412619
6095,13.338585
6096,13.261663
6097,13.434640
6098,13.343585
6099,15.607426
6100,11.048420
6101,13.390144
6102,13.198399
6103,13.406139
6104,13.356443
6105,13.274407
6106,13.393901
6107,15.695775
6108,10.862966
6109,13.456264
6110,13.338341
6111,13.206361
6112,13.497599
6113,13.268613
6114,13.251691
6115,16.163961
6116,10.614797
6117,13.209266
6118,13.927979
6119,12.887811
6120,13.167124
6121,13.458864
6122,13.443762
6123,15.848255
6124,10.900753
6125,13.184229
6126,13.234525
6127,13.418998
6128,13.420209
6129,13.124765
6130,13.458770
6131,16.230519
6132,10.340059
6133,13.527086
6134,13.237401
6135,13.258358
6136,13.421213
6137,13.293378
6138,13.233136
6139,16.133189
6140,10.671699
6141,13.225343
6142,13.447157
6143,13.367606
6144,13.169499
6145,13.473061
6146,13.323451
6147,15.969547
6148,10.690349
6149,13.406193
6150,13.141487
6151,13.593249
6152,13.226708
6153,13.183586
6154,13.501692
6155,16.389540
6156,10.143478
6157,13.474529
6158,13.357748
6159,13.181949
6160,13.456903
6161,13.339845
6162,13.201452
6163,16.408285
6164,10.607603
6165,12.981816
6166,13.470177
6167,13.557358
6168,12.972837
6169,13.483529
6170,13.346506
6171,15.930234
6172,11.105198
6173,13.063517
6174,13.064282
6175,13.647056
6176,13.185845
6177,13.156987
6178,13.705768
6179,16.219335
6180,10.084845
6181,13.928246
6182,12.858089
6183,13.273909
6184,13.388232
6185,13.434869
6186,13.127944
6187,16.254776
6188,10.506935
6189,13.228742
6190,13.463478
6191,13.322174
6192,13.227814
6193,13.456626
6194,13.366730
6195,15.929084
6196,10.691442
6197,13.334151
6198,13.259178
6199,13.632672
6200,13.315104
6201,13.033639
6202,13.703749
6203,16.181807
6204,10.103722
6205,13.523216
6206,13.347509
6207,13.151000
6208,13.423080
6209,13.617400
6210,12.939434
6211,16.135880
6212,10.661580
6213,13.203901
6214,13.501999
6215,13.859200
6216,12.634450
6217,13.439539
6218,13.628804
6219,15.708536
6220,10.677542
6221,13.417081
6222,13.190975
6223,13.423265
6224,13.342209
6225,13.201692
6226,13.797539
6227,15.686141
6228,10.521360
6229,13.748746
6230,13.132531
6231,13.085513
6232,13.651912
6233,13.118962
6234,13.270593
6235,16.133150
6236,10.555775
6237,13.288777
6238,13.522835
6239,13.592923
6240,12.874839
6241,13.737087
6242,13.003545
6243,15.927775
6244,10.755503
6245,13.458876
6246,13.125305
6247,13.596252
6248,13.145100
6249,13.241430
6250,13.545902
6251,15.799268
6252,10.638132
6253,13.458842
6254,13.312171
6255,13.259481
6256,13.436471
6257,13.336588
6258,13.294781
6259,16.227575
6260,10.583819
6261,13.108962
6262,13.522372
6263,13.396155
6264,13.086399
6265,13.494797
6266,13.333277
6267,15.854126
6268,10.816032
6269,13.269999
6270,13.227545
6271,13.549419
6272,13.335520
6273,13.121038
6274,13.433878
6275,16.037363
6276,10.501904
6277,13.467537
6278,13.394921
6279,13.153856
6280,13.470679
6281,13.299150
6282,13.286033
6283,16.141802
6284,10.592792
6285,13.215700
6286,13.504466
6287,13.311125
6288,13.170036
6289,13.591626
6290,13.182955
6291,16.050327
6292,10.632977
6293,13.333409
6294,13.230272
6295,13.597050
6296,13.247483
6297,13.223119
6298,13.375204
6299,16.166684
6300,10.390788
6301,13.430870
6302,13.306525
6303,13.332889
6304,13.577818
6305,13.096279
6306,13.274561
6307,16.356679
6308,10.436982
6309,13.185098
6310,13.437362
6311,13.466958
6312,13.118746
6313,13.494276
6314,13.251057
6315,16.028931
6316,10.683228
6317,13.366401
6318,13.174358
6319,13.557245
6320,13.245078
6321,13.223565
6322,13.601486
6323,15.997707
6324,10.378597
6325,13.929866
6326,12.879762
6327,13.193360
6328,13.482100
6329,13.259590
6330,13.269896
6331,16.307375
6332,10.403447
6333,13.270746
6334,13.459911
6335,13.337201
6336,13.196884
6337,13.524511
6338,13.294241
6339,15.851743
6340,10.752889
6341,13.391678
6342,13.214931
6343,13.415053
6344,13.350902
6345,13.216603
6346,13.400031
6347,15.981662
6348,10.599729
6349,13.483183
6350,13.274470
6351,13.236642
6352,13.461123
6353,13.351727
6354,13.185948
6355,16.125091
6356,10.650045
6357,13.243777
6358,13.635012
6359,13.161668
6360,13.208650
6361,13.433453
6362,13.328477
6363,15.990361
6364,10.640409
6365,13.365343
6366,13.228158
6367,13.490440
6368,13.266813
6369,13.238301
6370,13.463700
6371,15.984518
6372,10.557471
6373,13.485860
6374,13.400384
6375,13.105253
6376,13.428169
6377,13.393774
6378,13.183255
6379,15.964845
6380,10.778231
6381,13.271062
6382,13.456832
6383,13.313709
6384,13.267059
6385,13.436681
6386,13.313478
6387,15.995332
6388,10.647244
6389,13.338679
6390,13.273688
6391,13.414777
6392,13.315719
6393,13.250265
6394,13.435989
6395,16.018377
6396,10.521674
6397,13.441898
6398,13.346020
6399,13.226634
6400,13.425470
6401,13.324404
6402,13.272949
6403,16.310261
6404,10.428127
6405,13.245695
6406,13.514336
6407,13.241058
6408,13.217461
6409,13.456962
6410,13.327483
6411,15.616424
6412,11.083953
6413,13.393762
6414,13.134534
6415,13.458641
6416,13.413169
6417,13.111606
6418,13.481901
6419,15.708193
6420,10.794670
6421,13.470605
6422,13.555411
6423,13.000497
6424,13.454827
6425,13.327092
6426,13.241170
6427,16.062249
6428,10.722004
6429,13.274405
6430,13.446446
6431,13.266402
6432,13.252580
6433,13.549395
6434,13.222374
6435,15.979240
6436,10.920076
6437,13.068767
6438,13.267072
6439,13.569760
6440,13.276808
6441,13.187559
6442,13.396189
6443,15.762502
6444,10.794125
6445,13.417985
6446,13.411344
6447,13.202422
6448,13.453033
6449,13.369910
6450,13.184787
6451,16.333185
6452,10.527769
6453,13.116493
6454,13.554129
6455,13.334393
6456,13.106315
6457,13.556874
6458,13.208616
6459,16.014804
6460,10.643850
6461,13.426645
6462,13.148912
6463,13.474240
6464,13.301065
6465,13.218870
6466,13.464281
6467,16.036642
6468,10.539589
6469,13.608925
6470,13.161220
6471,13.244686
6472,13.392517
6473,13.344987
6474,13.251193
6475,16.215957
6476,10.517918
6477,13.266838
6478,13.414031
6479,13.336428
6480,13.253942
6481,13.414811
6482,13.341652
6483,15.677635
6484,10.994913
6485,13.328422
6486,13.240149
6487,13.406776
6488,13.325904
6489,13.274066
6490,13.426191
6491,15.821155
6492,10.731218
6493,13.423041
6494,13.333045
6495,13.251724
6496,13.440152
6497,13.319645
6498,13.237029
6499,16.134211
6500,10.605480
6501,13.267407
6502,13.410383
6503,13.314562
6504,13.261974
6505,13.429392
6506,13.328362
6507,15.677620
6508,10.961502
6509,13.359174
6510,13.248775
6511,13.406296
6512,13.345332
6513,13.243263
6514,13.417591
6515,15.802507
6516,10.774671
6517,13.434828
6518,13.355071
6519,13.228379
6520,13.395728
6521,13.378144
6522,13.244069
6523,16.138277
6524,10.617699
6525,13.225198
6526,13.457065
6527,13.328413
6528,13.241155
6529,13.490502
6530,13.269109
6531,15.914595
6532,10.741246
6533,13.335028
6534,13.251748
6535,13.435843
6536,13.326161
6537,13.233667
6538,13.440574
6539,15.713048
6540,10.836446
6541,13.461705
6542,13.347004
6543,13.209314
6544,13.404580
6545,13.339675
6546,13.255620
6547,16.201794
6548,10.548959
6549,13.247838
6550,13.543531
6551,13.247481
6552,13.212739
6553,13.446316
6554,13.304847
6555,15.718792
6556,10.930791
6557,13.336102
6558,13.273754
6559,13.436036
6560,13.310713
6561,13.246059
6562,13.443978
6563,15.770249
6564,10.779072
6565,13.416542
6566,13.332992
6567,13.269239
6568,13.425666
6569,13.315187
6570,13.253513
6571,16.213248
6572,10.534227
6573,13.251004
6574,13.423828
6575,13.308094
6576,13.257207
6577,13.466312
6578,13.310823
6579,15.953845
6580,10.715586
6581,13.327224
6582,13.243528
6583,13.422896
6584,13.336398
6585,13.238241
6586,13.416223
6587,16.058706
6588,10.574338
6589,13.364767
6590,13.369136
6591,13.202491
6592,13.431744
6593,13.309378
6594,13.273377
6595,15.966855
6596,10.803575
6597,13.238671
6598,13.433136
6599,13.304377
6600,13.259646
6601,13.500677
6602,13.318066
6603,15.937013
6604,10.711809
6605,13.365468
6606,13.147460
6607,13.437154
6608,13.385444
6609,13.212440
6610,13.370305
6611,15.846758
6612,10.814468
6613,13.359462
6614,13.315590
6615,13.282618
6616,13.418804
6617,13.341425
6618,13.241983
6619,16.086866
6620,10.655375
6621,13.247135
6622,13.418719
6623,13.310979
6624,13.283365
6625,13.412977
6626,13.326572
6627,15.923511
6628,10.753216
6629,13.318250
6630,13.273728
6631,13.400671
6632,13.330617
6633,13.242434
6634,13.436881
6635,16.027080
6636,10.519235
6637,13.465742
6638,13.299057
6639,13.255233
6640,13.436234
6641,13.324011
6642,13.240300
6643,15.960613
6644,11.090795
6645,13.337733
6646,13.226484
6647,13.281285
6648,13.261283
6649,13.451841
6650,13.309547
6651,15.654302
6652,11.022219
6653,13.436363
6654,13.124143
6655,13.433623
6656,13.357361
6657,13.236486
6658,13.420646
6659,15.836202
6660,10.734637
6661,13.478611
6662,13.279294
6663,13.251775
6664,13.406315
6665,13.329405
6666,13.273745
6667,15.860067
6668,10.882693
6669,13.235189
6670,13.426669
6671,13.350010
6672,13.229705
6673,13.404788
6674,13.319345
6675,15.675364
6676,11.004893
6677,13.320667
6678,13.309644
6679,13.369127
6680,13.375937
6681,13.214758
6682,13.425367
6683,15.765030
6684,10.839112
6685,13.388366
6686,13.332734
6687,13.260869
6688,13.441446
6689,13.308452
6690,13.244406
6691,16.138716
6692,10.604075
6693,13.264223
6694,13.417018
6695,13.325233
6696,13.265258
6697,13.396422
6698,13.342826
6699,15.974255
6700,10.686904
6701,13.316538
6702,13.276168
6703,13.403242
6704,13.335270
6705,13.230885
6706,13.418620
6707,16.033418
6708,10.621720
6709,13.343136
6710,13.316929
6711,13.294715
6712,13.427291
6713,13.315077
6714,13.271010
6715,16.003181
6716,10.767011
6717,13.213257
6718,13.504904
6719,13.241775
6720,13.237305
6721,13.494604
6722,13.268236
6723,15.908041
6724,10.823992
6725,13.263869
6726,13.249832
6727,13.415235
6728,13.340926
6729,13.340341
6730,13.394619
6731,15.686041
6732,10.819001
6733,13.515911
6734,13.203610
6735,13.285212
6736,13.416642
6737,13.332142
6738,13.279381
6739,15.755510
6740,10.941112
6741,13.278457
6742,13.461018
6743,13.321779
6744,13.210716
6745,13.470627
6746,13.343539
6747,15.900194
6748,10.715737
6749,13.370389
6750,13.221276
6751,13.401624
6752,13.418191
6753,13.165748
6754,13.416893
6755,16.059714
6756,10.518549
6757,13.455701
6758,13.326268
6759,13.223136
6760,13.522191
6761,13.273784
6762,13.213529
6763,16.228085
6764,10.582709
6765,13.187704
6766,13.533908
6767,13.209482
6768,13.319508
6769,13.339715
6770,13.315243
6771,16.031297
6772,10.665581
6773,13.320022
6774,13.266941
6775,13.393378
6776,13.345529
6777,13.245464
6778,13.405787
6779,15.714580
6780,10.886394
6781,13.404289
6782,13.342258
6783,13.264839
6784,13.423616
6785,13.326145
6786,13.247793
6787,16.171096
6788,10.658251
6789,13.236300
6790,13.346780
6791,13.331175
6792,13.272321
6793,13.387252
6794,13.305685
6795,15.649744
6796,11.035987
6797,13.321983
6798,13.276619
6799,13.481938
6800,13.265974
6801,13.252664
6802,13.416368
6803,16.056377
6804,10.516826
6805,13.413444
6806,13.315976
6807,13.257988
6808,13.472105
6809,13.256835
6810,13.269164
6811,15.793727
6812,10.978803
6813,13.217927
6814,13.403041
6815,13.340119
6816,13.323131
6817,13.354822
6818,13.342353
6819,15.731607
6820,10.921422
6821,13.342046
6822,13.263020
6823,13.395315
6824,13.407972
6825,13.192360
6826,13.403087
6827,15.777632
6828,10.822191
6829,13.402835
6830,13.440625
6831,13.197712
6832,13.487706
6833,13.228379
6834,13.241177
6835,15.825704
6836,10.960086
6837,13.267538
6838,13.408687
6839,13.363254
6840,13.194441
6841,13.454201
6842,13.462550
6843,15.491062
6844,11.033285
6845,13.273956
6846,13.295254
6847,13.420218
6848,13.385440
6849,13.177973
6850,13.390110
6851,15.768409
6852,10.881910
6853,13.410679
6854,13.341601
6855,13.217415
6856,13.401008
6857,13.395005
6858,13.182918
6859,15.932317
6860,10.871588
6861,13.233337
6862,13.412220
6863,13.289549
6864,13.271928
6865,13.431328
6866,13.336648
6867,15.901335
6868,10.753588
6869,13.305423
6870,13.284824
6871,13.390677
6872,13.422744
6873,13.160398
6874,13.425371
6875,15.781848
6876,10.823305
6877,13.417528
6878,13.358285
6879,13.212900
6880,13.425480
6881,13.362743
6882,13.212168
6883,16.126117
6884,10.616279
6885,13.304073
6886,13.410404
6887,13.364641
6888,13.183633
6889,13.448685
6890,13.382951
6891,15.901061
6892,10.694708
6893,13.317262
6894,13.302889
6895,13.370001
6896,13.392368
6897,13.197072
6898,13.441216
6899,15.708339
6900,10.843323
6901,13.439829
6902,13.311535
6903,13.238162
6904,13.453015
6905,13.338146
6906,13.215961
6907,16.164862
6908,10.601434
6909,13.248611
6910,13.431864
6911,13.400627
6912,13.163719
6913,13.430006
6914,13.335793
6915,15.902533
6916,10.766273
6917,13.328020
6918,13.253198
6919,13.429167
6920,13.348050
6921,13.224945
6922,13.466589
6923,15.983072
6924,10.554793
6925,13.395517
6926,13.328452
6927,13.291328
6928,13.388037
6929,13.333842
6930,13.239702
6931,15.928632
6932,10.794580
6933,13.276685
6934,13.400704
6935,13.376567
6936,13.287560
6937,13.359588
6938,13.336839
6939,15.985823
6940,10.692058
6941,13.316759
6942,13.256171
6943,13.435047
6944,13.354441
6945,13.211348
6946,13.471125
6947,15.970733
6948,10.604899
6949,13.406641
6950,13.388229
6951,13.156145
6952,13.452909
6953,13.331432
6954,13.259678
6955,16.184278
6956,10.674375
6957,13.125325
6958,13.398360
6959,13.329533
6960,13.246425
6961,13.597421
6962,13.167326
6963,16.015100
6964,10.645111
6965,13.308171
6966,13.275924
6967,13.402572
6968,13.372942
6969,13.252087
6970,13.426080
6971,16.105392
6972,10.437950
6973,13.422641
6974,13.364558
6975,13.214266
6976,13.432013
6977,13.300368
6978,13.253330
6979,15.917420
6980,11.134683
6981,12.965890
6982,13.382652
6983,13.407079
6984,13.192906
6985,13.385959
6986,13.328051
6987,15.730078
6988,10.957217
6989,13.357984
6990,13.303206
6991,13.340379
6992,13.351980
6993,13.234847
6994,13.408570
6995,15.813146
6996,10.795344
6997,13.431105
6998,13.290564
6999,13.241625
7000,13.452512
7001,13.319710
7002,13.237981
7003,15.887009
7004,10.846522
7005,13.267475
7006,13.471390
7007,13.315977
7008,13.260907
7009,13.379570
7010,13.305356
7011,15.705890
7012,11.010077
7013,13.351753
7014,13.207225
7015,13.467593
7016,13.365196
7017,13.185267
7018,13.409440
7019,15.759852
7020,10.796042
7021,13.432604
7022,13.354857
7023,13.224220
7024,13.465314
7025,13.326009
7026,13.192244
7027,15.886629
7028,10.879112
7029,13.251754
7030,13.447981
7031,13.281406
7032,13.269789
7033,13.449436
7034,13.311309
7035,15.664629
7036,10.991806
7037,13.354030
7038,13.240563
7039,13.407836
7040,13.364193
7041,13.227401
7042,13.398794
7043,15.734520
7044,10.868802
7045,13.402102
7046,13.365710
7047,13.228090
7048,13.427477
7049,13.321697
7050,13.250264
7051,15.926182
7052,10.809591
7053,13.261474
7054,13.416102
7055,13.313983
7056,13.273298
7057,13.412911
7058,13.338576
7059,15.706666
7060,10.974673
7061,13.342798
7062,13.243548
7063,13.417254
7064,13.440036
7065,13.144298
7066,13.650904
7067,15.537761
7068,10.853599
7069,13.345419
7070,13.389577
7071,13.220475
7072,13.462252
7073,13.289977
7074,13.267877
7075,16.247567
7076,10.428187
7077,13.307628
7078,13.632317
7079,13.092288
7080,13.256259
7081,13.442941
7082,13.309607
7083,15.624282
7084,11.037950
7085,13.324158
7086,13.254570
7087,13.416569
7088,13.364043
7089,13.240025
7090,13.495096
7091,15.622534
7092,10.880943
7093,14.032908
7094,12.686544
7095,13.275080
7096,13.456413
7097,13.283019
7098,13.236871
7099,15.840643
7100,10.890160
7101,13.271526
7102,13.421477
7103,13.315715
7104,13.291889
7105,13.429562
7106,13.357151
7107,15.605113
7108,11.048948
7109,13.358500
7110,13.197317
7111,13.515023
7112,13.274336
7113,13.243705
7114,13.430072
7115,16.129136
7116,10.421164
7117,13.409220
7118,13.349908
7119,13.254000
7120,13.419892
7121,13.335102
7122,13.253652
7123,16.094742
7124,10.630551
7125,13.260724
7126,13.428393
7127,13.357257
7128,13.274345
7129,13.344428
7130,13.341444
7131,15.992301
7132,10.683528
7133,13.521306
7134,13.101109
7135,13.367026
7136,13.326693
7137,13.329096
7138,13.399674
7139,16.122879
7140,10.407508
7141,13.434217
7142,13.391943
7143,13.185478
7144,13.416715
7145,13.376641
7146,13.221816
7147,16.193772
7148,10.536014
7149,13.269296
7150,13.428981
7151,13.321287
7152,13.265070
7153,13.426166
7154,13.625249
7155,15.530318
7156,10.874073
7157,13.547263
7158,12.999926
7159,13.467076
7160,13.314255
7161,13.243458
7162,13.608326
7163,15.881306
7164,10.514550
7165,13.584698
7166,13.169789
7167,13.256205
7168,13.470998
7169,13.262885
7170,13.247378
7171,16.301082
7172,10.431905
7173,13.262586
7174,13.409946
7175,13.507582
7176,13.259582
7177,13.403926
7178,13.414982
7179,15.886114
7180,10.738626
7181,13.395532
7182,13.161883
7183,13.468087
7184,13.446901
7185,13.075134
7186,13.419402
7187,17.168052
7188,9.399214
7189,14.436720
7190,12.468326
7191,13.123969
7192,13.562357
7193,13.251937
7194,13.221014
7195,15.857116
7196,10.892274
7197,13.268469
7198,13.442773
7199,13.394958
7200,13.165798
7201,13.501876
7202,13.339699
7203,15.569582
7204,11.126160
7205,13.209754
7206,13.245398
7207,13.500522
7208,13.378880
7209,13.140728
7210,13.486971
7211,15.794007
7212,10.861335
7213,13.437093
7214,13.334641
7215,13.242967
7216,13.488844
7217,13.409899
7218,13.134341
7219,16.208912
7220,10.610254
7221,13.161369
7222,13.860260
7223,13.256726
7224,13.219628
7225,13.416333
7226,13.314339
7227,15.775276
7228,10.917489
7229,13.279483
7230,13.262883
7231,13.462212
7232,13.277249
7233,13.240349
7234,13.428307
7235,15.852736
7236,10.747022
7237,13.786866
7238,13.425477
7239,13.227755
7240,13.468493
7241,13.277863
7242,13.281831
7243,16.108468
7244,10.635145
7245,13.237893
7246,13.495025
7247,13.252487
7248,13.289836
7249,13.400958
7250,13.310207
7251,16.119470
7252,10.535592
7253,13.343290
7254,13.251979
7255,13.619347
7256,13.108829
7257,13.272800
7258,13.422063
7259,16.136900
7260,10.440583
7261,13.446345
7262,13.361071
7263,13.209733
7264,13.489758
7265,13.326610
7266,13.212847
7267,16.188528
7268,10.701487
7269,13.107537
7270,13.438484
7271,13.327678
7272,13.237589
7273,13.427887
7274,13.350341
7275,15.704500
7276,10.923543
7277,13.347472
7278,13.243339
7279,13.439378
7280,13.330721
7281,13.211480
7282,13.482686
7283,15.891244
7284,10.632079
7285,13.458308
7286,13.378210
7287,13.176538
7288,13.458939
7289,13.378766
7290,13.163391
7291,16.119675
7292,10.613827
7293,13.255229
7294,13.425207
7295,13.331193
7296,13.232168
7297,13.443664
7298,13.399477
7299,15.967736
7300,10.626111
7301,13.339862
7302,13.252520
7303,13.450741
7304,13.401987
7305,13.199222
7306,13.398572
7307,16.080286
7308,11.406284
7309,13.190417
7310,13.363513
7311,13.285927
7312,13.274097
7313,13.413370
7314,13.322294
7315,15.978738
7316,10.698191
7317,13.339203
7318,13.234747
7319,13.453446
7320,13.303616
7321,13.298536
7322,13.411692
7323,15.933344
7324,10.645092
7325,13.422919
7326,13.308607
7327,13.249544
7328,13.407105
7329,13.348135
7330,13.250141
7331,15.922847
7332,10.806844
7333,13.249471
7334,13.532062
7335,13.231490
7336,13.396763
7337,13.573210
7338,13.223295
7339,15.988241
7340,10.628198
7341,13.390623
7342,13.168370
7343,13.490042
7344,13.288047
7345,13.227472
7346,13.455367
7347,15.917402
7348,10.610367
7349,13.451951
7350,13.309197
7351,13.265804
7352,13.435084
7353,13.347832
7354,13.221740
7355,15.943560
7356,10.789602
7357,13.244014
7358,13.496261
7359,13.271916
7360,13.805140
7361,13.170656
7362,13.420674
7363,16.663958
7364,10.353116
7365,13.264235
7366,13.236406
7367,13.460184
7368,13.371247
7369,13.160585
7370,13.392835
7371,15.848827
7372,10.740807
7373,13.406673
7374,13.428196
7375,13.182699
7376,13.481715
7377,13.368984
7378,13.512857
7379,15.624094
7380,10.774945
7381,13.221790
7382,13.490251
7383,13.387810
7384,13.138337
7385,13.436635
7386,13.303666
7387,15.957536
7388,10.775017
7389,13.657900
7390,12.859578
7391,13.401041
7392,13.357370
7393,13.249809
7394,13.440988
7395,16.090182
7396,10.487781
7397,13.395899
7398,13.346416
7399,13.253011
7400,13.399361
7401,13.333585
7402,13.268798
7403,16.214908
7404,10.506913
7405,13.285042
7406,13.427845
7407,13.339127
7408,13.250206
7409,13.431705
7410,13.310380
7411,15.833631
7412,10.819610
7413,13.376143
7414,13.227183
7415,13.452820
7416,13.291087
7417,13.272993
7418,13.405672
7419,15.774878
7420,10.747977
7421,13.457427
7422,13.330362
7423,13.239134
7424,13.469785
7425,13.291567
7426,13.239575
7427,15.830713
7428,10.944271
7429,13.215103
7430,13.433985
7431,13.348512
7432,13.226150
7433,13.407389
7434,13.389528
7435,15.985366
7436,10.645506
7437,13.344856
7438,13.225548
7439,13.411233
7440,13.346409
7441,13.247121
7442,13.406742
7443,15.822796
7444,10.759810
7445,13.438061
7446,13.537036
7447,13.053070
7448,13.398726
7449,13.475109
7450,13.140645
7451,16.114840
7452,10.622254
7453,13.237568
7454,13.420963
7455,13.372593
7456,13.211252
7457,13.576061
7458,13.245614
7459,15.975887
7460,10.737971
7461,13.214001
7462,13.245639
7463,13.421158
7464,13.344559
7465,13.247828
7466,13.422104
7467,15.953901
7468,10.612385
7469,13.430551
7470,13.327342
7471,13.263894
7472,13.392647
7473,13.396242
7474,13.219627
7475,16.261741
7476,10.473034
7477,13.241214
7478,13.399153
7479,13.330768
7480,13.251848
7481,13.408770
7482,13.339459
7483,16.559533
7484,10.077783
7485,13.365004
7486,13.274880
7487,13.383378
7488,13.327545
7489,13.257083
7490,13.421267
7491,16.314247
7492,10.265349
7493,13.512110
7494,13.386667
7495,13.102901
7496,13.493016
7497,13.346261
7498,13.162200
7499,16.234559
7500,10.532208
7501,13.251790
7502,13.427808
7503,13.353042
7504,13.226283
7505,13.455105
7506,13.320078
7507,15.982737
7508,10.661448
7509,13.324531
7510,13.238868
7511,13.498833
7512,13.361681
7513,13.164623
7514,13.533798
7515,15.755172
7516,10.689171
7517,13.431295
7518,13.347098
7519,13.215449
7520,13.459022
7521,13.344205
7522,13.212050
7523,15.903299
7524,10.917901
7525,13.184518
7526,13.444504
7527,13.339389
7528,13.225079
7529,13.525392
7530,13.216119
7531,15.869627
7532,10.769071
7533,13.349060
7534,13.256307
7535,13.505805
7536,13.235724
7537,13.255268
7538,13.432815
7539,16.148989
7540,10.489633
7541,13.409867
7542,13.340006
7543,13.238632
7544,13.433344
7545,13.329902
7546,13.256287
7547,15.873632
7548,10.837843
7549,13.269743
7550,13.442472
7551,13.294371
7552,13.269233
7553,13.422682
7554,13.338850
7555,15.643993
7556,11.027710
7557,13.348425
7558,13.227044
7559,13.414224
7560,13.335918
7561,13.261903
7562,13.426509
7563,15.757949
7564,10.784698
7565,13.427627
7566,13.322243
7567,13.249445
7568,13.497649
7569,13.284858
7570,13.232304
7571,16.105085
7572,10.656175
7573,13.239049
7574,13.433388
7575,13.356657
7576,13.212529
7577,13.436731
7578,13.326763
7579,15.758198
7580,10.891675
7581,13.359446
7582,13.216713
7583,13.409653
7584,13.351902
7585,13.239466
7586,13.428482
7587,15.800069
7588,10.772871
7589,13.426333
7590,13.343605
7591,13.235517
7592,13.388401
7593,13.470232
7594,13.192234
7595,16.712217
7596,10.037730
7597,13.193813
7598,13.447347
7599,13.340691
7600,13.213887
7601,13.432605
7602,13.345341
7603,15.606060
7604,11.008655
7605,13.366155
7606,13.227809
7607,13.455439
7608,13.310345
7609,13.260867
7610,13.416864
7611,15.748726
7612,10.817776
7613,13.421164
7614,13.358457
7615,13.234202
7616,13.396651
7617,13.364429
7618,13.235256
7619,15.835082
7620,10.910112
7621,13.246818
7622,13.459297
7623,13.351826
7624,13.187244
7625,13.401658
7626,13.362718
7627,15.631337
7628,11.020089
7629,13.334090
7630,13.244735
7631,13.411629
7632,13.336410
7633,13.249345
7634,13.410025
7635,15.734837
7636,10.851763
7637,13.418587
7638,13.339705
7639,13.250494
7640,13.414388
7641,13.331003
7642,13.285692
7643,16.076376
7644,10.665821
7645,13.261981
7646,13.508735
7647,13.226925
7648,13.244823
7649,13.464190
7650,13.267000
7651,15.736778
7652,10.943198
7653,13.336203
7654,13.247550
7655,13.404390
7656,13.368961
7657,13.236659
7658,13.407835
7659,15.749992
7660,10.841120
7661,13.431203
7662,13.339966
7663,13.237065
7664,13.421684
7665,13.343314
7666,13.215459
7667,15.886719
7668,10.888103
7669,13.245565
7670,13.434645
7671,13.402566
7672,13.142754
7673,13.474733
7674,13.342105
7675,15.790700
7676,10.887964
7677,13.335511
7678,13.176015
7679,13.435991
7680,13.340040
7681,13.227680
7682,13.422318
7683,15.760193
7684,10.816996
7685,13.433536
7686,13.331736
7687,13.232831
7688,13.436547
7689,13.332846
7690,13.238441
7691,16.102307
7692,10.667953
7693,13.222082
7694,13.418014
7695,13.351529
7696,13.237809
7697,13.440390
7698,13.302175
7699,15.665658
7700,10.995213
7701,13.349556
7702,13.270045
7703,13.399765
7704,13.308759
7705,13.288899
7706,13.394250
7707,16.024457
7708,10.571801
7709,13.426511
7710,13.329886
7711,13.230493
7712,13.476998
7713,13.370708
7714,13.152258
7715,16.197593
7716,10.672502
7717,13.124730
7718,13.431227
7719,13.348345
7720,13.230455
7721,13.413945
7722,13.350179
7723,15.626505
7724,11.011878
7725,13.362584
7726,13.229047
7727,13.471608
7728,13.295641
7729,13.244950
7730,13.443754
7731,16.008192
7732,10.537066
7733,13.402229
7734,13.340358
7735,13.240876
7736,13.451653
7737,13.338460
7738,13.230013
7739,16.193649
7740,10.614479
7741,13.195817
7742,13.448562
7743,13.355950
7744,13.187625
7745,13.528250
7746,13.216906
7747,15.639543
7748,11.040405
7749,13.347929
7750,13.219135
7751,13.449905
7752,13.453119
7753,13.118930
7754,13.421664
7755,16.016600
7756,10.563279
7757,13.397623
7758,13.489724
7759,13.112641
7760,13.389426
7761,13.375215
7762,13.235968
7763,15.854453
7764,10.920396
7765,13.202273
7766,13.405204
7767,13.394849
7768,13.219382
7769,13.409939
7770,13.346498
7771,15.645136
7772,10.991746
7773,13.331757
7774,13.316466
7775,13.377115
7776,13.340359
7777,13.244161
7778,13.395474
7779,16.102450
7780,10.514794
7781,13.409743
7782,13.365629
7783,13.214619
7784,13.425530
7785,13.315428
7786,13.315961
7787,16.133865
7788,10.548070
7789,13.245316
7790,13.402863
7791,13.356262
7792,13.270491
7793,13.410950
7794,13.320885
7795,15.998002
7796,10.735461
7797,13.281045
7798,13.286560
7799,13.413755
7800,13.268469
7801,13.249795
7802,13.521312
7803,15.634080
7804,10.874873
7805,13.406337
7806,13.328082
7807,13.271525
7808,13.387103
7809,13.382122
7810,13.249268
7811,15.799067
7812,10.946981
7813,13.215235
7814,13.405205
7815,13.332170
7816,13.302362
7817,13.366325
7818,13.338101
7819,15.689150
7820,11.018487
7821,13.285571
7822,13.269374
7823,13.442954
7824,13.301006
7825,13.237208
7826,13.416393
7827,15.741184
7828,10.849323
7829,13.433974
7830,13.372070
7831,13.191708
7832,13.475948
7833,13.316053
7834,13.234970
7835,15.836837
7836,10.891381
7837,13.251006
7838,13.502041
7839,13.301800
7840,13.237772
7841,13.448262
7842,13.249429
7843,15.662124
7844,11.055020
7845,13.303897
7846,13.291623
7847,13.397466
7848,13.355303
7849,13.220723
7850,13.544412
7851,15.854084
7852,10.565013
7853,13.420688
7854,13.368765
7855,13.220343
7856,13.470891
7857,13.374299
7858,13.168529
7859,16.185139
7860,10.548092
7861,13.247212
7862,13.483355
7863,13.293176
7864,13.230421
7865,13.456891
7866,13.297477
7867,15.930255
7868,10.784318
7869,13.321697
7870,13.233924
7871,13.476993
7872,13.332434
7873,13.201585
7874,13.385308
7875,16.064374
7876,10.506145
7877,13.429705
7878,13.329861
7879,13.245806
7880,13.435416
7881,13.333684
7882,13.240798
7883,16.145245
7884,10.601974
7885,13.299810
7886,13.360881
7887,13.333914
7888,13.270110
7889,13.407203
7890,13.325145
7891,15.621261
7892,11.063662
7893,13.345693
7894,13.231181
7895,13.444822
7896,13.310896
7897,13.238518
7898,13.449538
7899,15.991282
7900,10.607187
7901,13.408578
7902,13.315740
7903,13.238719
7904,13.415848
7905,13.339771
7906,13.228549
7907,16.145444
7908,10.690234
7909,13.186048
7910,13.573582
7911,13.211509
7912,13.236647
7913,13.405923
7914,13.343469
7915,16.076435
7916,10.640888
7917,13.306586
7918,13.231269
7919,13.397004
7920,13.407690
7921,13.147871
7922,13.466938
7923,16.049137
7924,10.494695
7925,13.610727
7926,13.338825
7927,13.063020
7928,13.430054
7929,13.328429
7930,13.234264
7931,15.823883
7932,10.915461
7933,13.242293
7934,13.403004
7935,13.386180
7936,13.233597
7937,13.430244
7938,13.338139
7939,15.941403
7940,10.770460
7941,13.348699
7942,13.148134
7943,13.453549
7944,13.285851
7945,13.259511
7946,13.414241
7947,15.813938
7948,10.778528
7949,13.452229
7950,13.289073
7951,13.246493
7952,13.422399
7953,13.327658
7954,13.254979
7955,15.844341
7956,10.975139
7957,13.203288
7958,13.430779
7959,13.327259
7960,13.245306
7961,13.402923
7962,13.577526
7963,15.789993
7964,10.649763
7965,13.336472
7966,13.251150
7967,13.403823
7968,13.398337
7969,13.176764
7970,13.437089
7971,16.058321
7972,10.510880
7973,13.480370
7974,13.475825
7975,13.052148
7976,13.419852
7977,13.296182
7978,13.299600
7979,16.181730
7980,10.629909
7981,13.169934
7982,13.422607
7983,13.348620
7984,13.216468
7985,13.411673
7986,13.344385
7987,16.051867
7988,10.697071
7989,13.301760
7990,13.196007
7991,13.406955
7992,13.321874
7993,13.280630
7994,13.417268
7995,15.730163
7996,10.830431
7997,13.416461
7998,13.336339
7999,13.243871
8000,13.412363
8001,13.348580
8002,13.256587
8003,15.894846
8004,10.915528
8005,13.190381
8006,13.505665
8007,13.260503
8008,13.232750
8009,13.552762
8010,13.274428
8011,15.956844
8012,10.657063
8013,13.352002
8014,13.208364
8015,13.400703
8016,13.466378
8017,13.247391
8018,13.476970
8019,15.672359
8020,10.857767
8021,13.470475
8022,13.266855
8023,13.264771
8024,13.499040
8025,13.219956
8026,13.280665
8027,15.907960
8028,10.818125
8029,13.259035
8030,13.436601
8031,13.342557
8032,13.232951
8033,13.433488
8034,13.349246
8035,15.639566
8036,11.056437
8037,13.314520
8038,13.219247
8039,13.458175
8040,13.334123
8041,13.180906
8042,13.538899
8043,15.663443
8044,10.791466
8045,13.429065
8046,13.354730
8047,13.237498
8048,13.401236
8049,13.378409
8050,13.210163
8051,15.879069
8052,10.950200
8053,13.192792
8054,13.455687
8055,13.299123
8056,13.242332
8057,13.422547
8058,13.356349
8059,15.917391
8060,10.754953
8061,13.396688
8062,13.182776
8063,13.447899
8064,13.321874
8065,13.234431
8066,13.462859
8067,16.079465
8068,10.465450
8069,13.427802
8070,13.343461
8071,13.254818
8072,13.404873
8073,13.318104
8074,13.265878
8075,16.155150
8076,10.579137
8077,13.290951
8078,13.390629
8079,13.346346
8080,13.240983
8081,13.441401
8082,13.597654
8083,15.371294
8084,11.056652
8085,13.338257
8086,13.188624
8087,13.438925
8088,13.336652
8089,13.220744
8090,13.569037
8091,15.993562
8092,10.392314
8093,13.516425
8094,13.532760
8095,13.004869
8096,14.214085
8097,12.508241
8098,13.278316
8099,16.099218
8100,10.621267
8101,13.306025
8102,13.433032
8103,13.281465
8104,13.232569
8105,13.441847
8106,13.406039
8107,15.596136
8108,10.986450
8109,13.375283
8110,13.191990
8111,13.544134
8112,13.260465
8113,13.208442
8114,13.497796
8115,15.785267
8116,10.732333
8117,13.593407
8118,13.190163
8119,13.213639
8120,13.439142
8121,13.373239
8122,13.175629
8123,15.827914
8124,10.928496
8125,13.294696
8126,14.183245
8127,12.556362
8128,13.245283
8129,13.497059
8130,13.345660
8131,15.971961
8132,10.665591
8133,13.323696
8134,13.237753
8135,13.446383
8136,13.415175
8137,13.148169
8138,13.682607
8139,15.747871
8140,10.715211
8141,13.430205
8142,14.746265
8143,11.830951
8144,13.474710
8145,13.445625
8146,13.229681
8147,16.035964
8148,10.679192
8149,13.288746
8150,13.425314
8151,13.301502
8152,13.314357
8153,13.357929
8154,13.437318
8155,15.913207
8156,10.620495
8157,13.357388
8158,13.223488
8159,13.588896
8160,13.254357
8161,13.204373
8162,13.450135
8163,15.711847
8164,10.773543
8165,13.575497
8166,13.289937
8167,13.173912
8168,13.636953
8169,13.140479
8170,13.213926
8171,16.265765
8172,10.780721
8173,12.921158
8174,13.500890
8175,13.256831
8176,13.235391
8177,13.558277
8178,13.365768
8179,15.875615
8180,10.789683
8181,13.209274
8182,13.244314
8183,13.409693
8184,13.344513
8185,13.244877
8186,13.424601
8187,16.050520
8188,10.498581
8189,13.485926
8190,13.315264
8191,13.236728
8192,13.374736
8193,13.371736
8194,13.241405
8195,16.162737
8196,10.669092
8197,13.179016
8198,13.363106
8199,13.385430
8200,13.203173
8201,13.623978
8202,13.216592
8203,15.685720
8204,10.923533
8205,13.359535
8206,13.204004
8207,13.406493
8208,13.351245
8209,13.291432
8210,13.381490
8211,16.187658
8212,10.380256
8213,13.432651
8214,13.445436
8215,13.141724
8216,13.437940
8217,13.307158
8218,13.270688
8219,16.103049
8220,10.604200
8221,13.293262
8222,13.412354
8223,13.320584
8224,13.226145
8225,13.451328
8226,13.339890
8227,16.015918
8228,10.801262
8229,13.445147
8230,12.969469
8231,13.500412
8232,13.413525
8233,13.063948
8234,13.430475
8235,15.799894
8236,10.777436
8237,13.404015
8238,13.381376
8239,13.210999
8240,13.415159
8241,13.393778
8242,13.210242
8243,15.813944
8244,10.899412
8245,13.254302
8246,13.478122
8247,13.439710
8248,13.103704
8249,13.443708
8250,13.326519
8251,18.045592
8252,8.607855
8253,13.351947
8254,13.239190
8255,13.420562
8256,13.492363
8257,13.115873
8258,13.395133
8259,16.210664
8260,10.402166
8261,13.587906
8262,13.247187
8263,13.175506
8264,13.482323
8265,13.307999
8266,13.207270
8267,16.163342
8268,10.588006
8269,13.233964
8270,13.426014
8271,13.328066
8272,13.232364
8273,13.399981
8274,13.359687
8275,15.675143
8276,10.953249
8277,13.386075
8278,13.231127
8279,13.574875
8280,13.204384
8281,13.235290
8282,13.600052
8283,15.646502
8284,10.730713
8285,13.652922
8286,13.173490
8287,13.188975
8288,13.432001
8289,13.339654
8290,13.233306
8291,16.215241
8292,10.540550
8293,13.269074
8294,13.375897
8295,13.315152
8296,13.291220
8297,13.403326
8298,13.529795
8299,15.472520
8300,10.960629
8301,13.351528
8302,13.269717
8303,13.395408
8304,13.319997
8305,13.277076
8306,13.402215
8307,15.748999
8308,10.841434
8309,13.415350
8310,13.334628
8311,13.264976
8312,13.469125
8313,13.266660
8314,13.255830
8315,15.822897
8316,10.899341
8317,13.273378
8318,13.420786
8319,13.320666
8320,13.266362
8321,13.440469
8322,13.299622
8323,15.669530
8324,10.994301
8325,13.404253
8326,13.187694
8327,13.461141
8328,13.325857
8329,13.210622
8330,13.487533
8331,15.783255
8332,10.726003
8333,13.475887
8334,13.344379
8335,13.188970
8336,13.482336
8337,13.314310
8338,13.217183
8339,15.876167
8340,10.844728
8341,13.261521
8342,13.458195
8343,13.293091
8344,13.266512
8345,13.400267
8346,13.342809
8347,15.695869
8348,10.963451
8349,13.334991
8350,13.259053
8351,13.404141
8352,13.414376
8353,13.176468
8354,13.446992
8355,15.870690
8356,10.669795
8357,13.416840
8358,13.348903
8359,13.238701
8360,13.411606
8361,13.377344
8362,13.226527
8363,15.915049
8364,10.807014
8365,13.272316
8366,13.398094
8367,13.339940
8368,13.266903
8369,13.433035
8370,13.329705
8371,15.676368
8372,11.020710
8373,13.338577
8374,13.198249
8375,13.468722
8376,13.328767
8377,13.206087
8378,13.396934
8379,15.745568
8380,10.837694
8381,13.428300
8382,13.420665
8383,13.185334
8384,13.456115
8385,13.329315
8386,13.201086
8387,15.835299
8388,10.957436
8389,13.216700
8390,13.381449
8391,13.327107
8392,13.276666
8393,13.436079
8394,13.318397
8395,15.764277
8396,10.912474
8397,13.367487
8398,13.203972
8399,13.482077
8400,13.248198
8401,13.262081
8402,13.468186
8403,15.722621
8404,10.811671
8405,13.431761
8406,13.328120
8407,13.270268
8408,13.418905
8409,13.308814
8410,13.268687
8411,15.848459
8412,10.928860
8413,13.179365
8414,13.531955
8415,13.249733
8416,13.242382
8417,13.411724
8418,13.350472
8419,15.628660
8420,11.019676
8421,13.629453
8422,13.226211
8423,13.422225
8424,13.320475
8425,13.247879
8426,13.434391
8427,15.767792
8428,10.784741
8429,13.483156
8430,13.275902
8431,13.259792
8432,13.427673
8433,13.351562
8434,13.213209
8435,15.817835
8436,10.924483
8437,13.255874
8438,13.415832
8439,13.332775
8440,13.244119
8441,13.433300
8442,13.349086
8443,15.629430
8444,11.022234
8445,13.346454
8446,13.245511
8447,13.417239
8448,13.325973
8449,13.267196
8450,13.422086
8451,15.912641
8452,10.671135
8453,13.411592
8454,13.327914
8455,13.243206
8456,13.543407
8457,13.285333
8458,13.170280
8459,16.242541
8460,10.643005
8461,13.123849
8462,13.553601
8463,13.324221
8464,13.123538
8465,13.430201
8466,13.307214
8467,15.620215
8468,11.043965
8469,13.323474
8470,13.251686
8471,13.418291
8472,13.327653
8473,13.247432
8474,13.425740
8475,15.750453
8476,10.836448
8477,13.444553
8478,13.313747
8479,13.229687
8480,13.478638
8481,13.289197
8482,13.237569
8483,15.817944
8484,10.932104
8485,13.245591
8486,13.422019
8487,13.336265
8488,13.255282
8489,13.452873
8490,13.290925
8491,15.643755
8492,11.010578
8493,13.378690
8494,13.219677
8495,13.383671
8496,13.366101
8497,13.236941
8498,13.404942
8499,15.939201
8500,10.642978
8501,13.428267
8502,13.359421
8503,13.229856
8504,13.457426
8505,13.362402
8506,13.180772
8507,15.800508
8508,10.950860
8509,13.264777
8510,13.409975
8511,13.380294
8512,13.214934
8513,13.424875
8514,13.339679
8515,15.754817
8516,10.884714
8517,13.369675
8518,13.226183
8519,13.435582
8520,13.341827
8521,13.253715
8522,13.395119
8523,15.725459
8524,10.845714
8525,13.391426
8526,13.365300
8527,13.236407
8528,13.461972
8529,13.405999
8530,13.138349
8531,16.168729
8532,10.588251
8533,13.248705
8534,13.413165
8535,13.408461
8536,13.172970
8537,13.555780
8538,13.285723
8539,15.940072
8540,10.660377
8541,13.332174
8542,13.226307
8543,13.502927
8544,13.270746
8545,13.226089
8546,13.444739
8547,15.724385
8548,10.848596
8549,13.470715
8550,13.251693
8551,13.263433
8552,13.431668
8553,13.365153
8554,13.198157
8555,15.803726
8556,11.000711
8557,13.208346
8558,13.477050
8559,13.338121
8560,13.211955
8561,13.396107
8562,13.314483
8563,15.647427
8564,11.008561
8565,13.359041
8566,13.246526
8567,13.433216
8568,13.339605
8569,13.219776
8570,13.419527
8571,15.849658
8572,10.716493
8573,13.743817
8574,13.154564
8575,13.106341
8576,13.486320
8577,13.303160
8578,13.235972
8579,15.833835
8580,10.893453
8581,13.311886
8582,13.362161
8583,13.344328
8584,13.278627
8585,13.385716
8586,13.376812
8587,15.654810
8588,11.003515
8589,13.279816
8590,13.256070
8591,13.409169
8592,13.341778
8593,13.255369
8594,13.392682
8595,15.722898
8596,10.881386
8597,13.406420
8598,13.327812
8599,13.258779
8600,13.409374
8601,13.335872
8602,13.256964
8603,15.781553
8604,10.966463
8605,13.253932
8606,13.396988
8607,13.354186
8608,13.308433
8609,13.343573
8610,13.329450
8611,15.699920
8612,10.989578
8613,13.411689
8614,13.179782
8615,13.421776
8616,13.300615
8617,13.312158
8618,13.387517
8619,15.682855
8620,10.924929
8621,13.357262
8622,13.411321
8623,13.174047
8624,13.473990
8625,13.338084
8626,13.188427
8627,15.922852
8628,10.867436
8629,13.204870
8630,13.532070
8631,13.298984
8632,13.235289
8633,13.387817
8634,13.313765
8635,15.626077
8636,11.077802
8637,13.351777
8638,13.190230
8639,13.465675
8640,13.425401
8641,13.148483
8642,13.487453
8643,15.663119
8644,10.827594
8645,13.561620
8646,13.261844
8647,13.177501
8648,13.414924
8649,13.355635
8650,13.225227
8651,15.947054
8652,10.907284
8653,13.178390
8654,13.385462
8655,13.408706
8656,13.234315
8657,13.390011
8658,13.346401
8659,15.642207
8660,10.989697
8661,13.324310
8662,13.286541
8663,13.432431
8664,13.276904
8665,13.277081
8666,13.420579
8667,15.712383
8668,10.821053
8669,13.415426
8670,13.347426
8671,13.281276
8672,13.436695
8673,13.272963
8674,13.296944
8675,15.771639
8676,10.956813
8677,13.236446
8678,13.426011
8679,13.365144
8680,13.210747
8681,13.441633
8682,13.287005
8683,15.701521
8684,11.037014
8685,13.261768
8686,13.267691
8687,13.486438
8688,13.264475
8689,13.248584
8690,13.520771
8691,15.608924
8692,10.911975
8693,13.378114
8694,13.329039
8695,13.254155
8696,13.500911
8697,13.334025
8698,13.198406
8699,15.874224
8700,10.953266
8701,13.128924
8702,13.439913
8703,13.366456
8704,13.198528
8705,13.424636
8706,13.337260
8707,15.621871
8708,11.069881
8709,13.372320
8710,13.194483
8711,13.486688
8712,13.301776
8713,13.226840
8714,13.461076
8715,15.671000
8716,10.821863
8717,13.533934
8718,13.296044
8719,13.173545
8720,13.524124
8721,13.320914
8722,13.160829
8723,15.882592
8724,10.928108
8725,13.191800
8726,13.489570
8727,13.328303
8728,13.179530
8729,13.518990
8730,13.304256
8731,15.570868
8732,11.134664
8733,13.226161
8734,13.246070
8735,13.480142
8736,13.362697
8737,13.150947
8738,13.484118
8739,15.743809
8740,10.777494
8741,13.476406
8742,13.332307
8743,13.203042
8744,13.471544
8745,13.267221
8746,13.279816
8747,15.774430
8748,10.949864
8749,13.259364
8750,13.416032
8751,13.321185
8752,13.277548
8753,13.431981
8754,13.330849
8755,15.622628
8756,11.028582
8757,13.318043
8758,13.271739
8759,13.389085
8760,13.350516
8761,13.266031
8762,13.401345
8763,15.995987
8764,10.588515
8765,13.480233
8766,13.287564
8767,13.270818
8768,13.386472
8769,13.322825
8770,13.255993
8771,16.097726
8772,10.660690
8773,13.254886
8774,13.534764
8775,13.194271
8776,13.250643
8777,13.484304
8778,13.412190
8779,15.596875
8780,11.231719
8781,13.104813
8782,13.171336
8783,13.401419
8784,13.325474
8785,13.271873
8786,13.774439
8787,15.362962
8788,10.845075
8789,13.413261
8790,13.320835
8791,13.304728
8792,13.403901
8793,13.348189
8794,13.206537
8795,15.848213
8796,10.898142
8797,13.246572
8798,13.420281
8799,13.337438
8800,13.272458
8801,13.395751
8802,13.364831
8803,15.912502
8804,10.792066
8805,13.306721
8806,13.249500
8807,13.399557
8808,13.312708
8809,13.253346
8810,13.421941
8811,16.148143
8812,10.428015
8813,13.395287
8814,13.374662
8815,13.232700
8816,13.409029
8817,13.360227
8818,13.246989
8819,15.849484
8820,10.889920
8821,13.259344
8822,13.395107
8823,13.352461
8824,13.412867
8825,13.404451
8826,13.363315
8827,15.954728
8828,10.883702
8829,13.151123
8830,13.241485
8831,13.444697
8832,13.303454
8833,13.244676
8834,13.473427
8835,16.050832
8836,10.541265
8837,13.455265
8838,13.314007
8839,13.234542
8840,13.449964
8841,13.400810
8842,13.118616
8843,16.179236
8844,10.576051
8845,13.242054
8846,13.428887
8847,13.395439
8848,13.174944
8849,13.436994
8850,13.330325
8851,15.661818
8852,10.972236
8853,13.394103
8854,13.218682
8855,13.453267
8856,13.345967
8857,13.213292
8858,13.448980
8859,15.688147
8860,10.839504
8861,13.436183
8862,13.352519
8863,13.250327
8864,13.389142
8865,13.370989
8866,13.197761
8867,15.869462
8868,10.924598
8869,13.204181
8870,13.421921
8871,13.394957
8872,13.206159
8873,13.413803
8874,13.332709
8875,16.105717
8876,10.582981
8877,13.336285
8878,13.237751
8879,13.378772
8880,13.401977
8881,13.231322
8882,13.444816
8883,15.709160
8884,10.810243
8885,13.445686
8886,13.339519
8887,13.227196
8888,13.461052
8889,13.329626
8890,13.213287
8891,15.918896
8892,10.869267
8893,13.209440
8894,13.403619
8895,13.376233
8896,13.288083
8897,13.388026
8898,13.538038
8899,15.841052
8900,10.693718
8901,13.270276
8902,13.239132
8903,13.426843
8904,13.325694
8905,13.236558
8906,13.466527
8907,16.005940
8908,10.536535
8909,13.476958
8910,13.388027
8911,13.142911
8912,13.413516
8913,13.417396
8914,13.140144
8915,16.188208
8916,10.595772
8917,13.220374
8918,13.473925
8919,13.292271
8920,13.245171
8921,13.477527
8922,13.270268
8923,16.058481
8924,10.669666
8925,13.368219
8926,13.155210
8927,13.430896
8928,13.412689
8929,13.157684
8930,13.431471
8931,16.146388
8932,10.410283
8933,13.955140
8934,12.845369
8935,13.203725
8936,13.458968
8937,13.301725
8938,13.244804
8939,16.159941
8940,10.647250
8941,13.193843
8942,13.567703
8943,13.205033
8944,13.221447
8945,13.541252
8946,13.325702
8947,15.960022
8948,10.607605
8949,13.483711
8950,13.092469
8951,13.436794
8952,13.319529
8953,13.239974
8954,13.423905
8955,16.121858
8956,10.429639
8957,13.534349
8958,13.203581
8959,13.275482
8960,13.396890
8961,13.336847
8962,13.259067
8963,15.808375
8964,10.946891
8965,13.290577
8966,13.457602
8967,13.306110
8968,13.217107
8969,13.444970
8970,13.333980
8971,15.931328
8972,10.720845
8973,13.309339
8974,13.254304
8975,13.488517
8976,13.255339
8977,13.260393
8978,13.424236
8979,16.207605
8980,10.344224
8981,13.459963
8982,13.437750
8983,13.139277
8984,13.452533
8985,13.372764
8986,13.198399
8987,16.198352
8988,10.521885
8989,13.198582
8990,13.469746
8991,13.314144
8992,13.215771
8993,13.450288
8994,13.292345
8995,15.647553
8996,11.074611
8997,13.343960
8998,13.204265
8999,13.486698
9000,13.428128
9001,13.117200
9002,13.592637
9003,15.567440
9004,10.794046
9005,13.462430
9006,13.347849
9007,13.242778
9008,13.526375
9009,13.220825
9010,13.256561
9011,15.809814
9012,10.906682
9013,13.278431
9014,13.426030
9015,13.319440
9016,13.206211
9017,13.515426
9018,13.333870
9019,15.600003
9020,11.874488
9021,12.772454
9022,12.921661
9023,13.495473
9024,13.365674
9025,13.145250
9026,13.753327
9027,16.011380
9028,10.245886
9029,13.437658
9030,13.342462
9031,13.252510
9032,13.874881
9033,13.030319
9034,13.119969
9035,16.266160
9036,10.503444
9037,13.222247
9038,13.427570
9039,13.336236
9040,13.268560
9041,13.396803
9042,13.314189
9043,16.060147
9044,10.608560
9045,13.327766
9046,13.265839
9047,13.471391
9048,13.281604
9049,13.244522
9050,13.439377
9051,16.019351
9052,10.515493
9053,13.464425
9054,13.386307
9055,13.166507
9056,13.421584
9057,13.312578
9058,13.275764
9059,16.163726
9060,10.564824
9061,13.296905
9062,13.455785
9063,13.284834
9064,13.220845
9065,13.462842
9066,13.279709
9067,15.993867
9068,10.719540
9069,13.298377
9070,13.238250
9071,13.467986
9072,13.371287
9073,13.169127
9074,13.438567
9075,16.000812
9076,10.540682
9077,13.456943
9078,13.282855
9079,13.249553
9080,13.661798
9081,13.097443
9082,13.246763
9083,15.973477
9084,10.759629
9085,13.278927
9086,13.464966
9087,13.264840
9088,13.256136
9089,13.451503
9090,13.335287
9091,15.638479
9092,11.001561
9093,13.336377
9094,13.236023
9095,13.426304
9096,13.322911
9097,13.252159
9098,13.412927
9099,15.748651
9100,10.831566
9101,13.418343
9102,13.350823
9103,13.237786
9104,13.418130
9105,13.334837
9106,13.250266
9107,15.803886
9108,10.923495
9109,13.261225
9110,13.432842
9111,13.331298
9112,13.242843
9113,13.427240
9114,13.325234
9115,15.672410
9116,10.995493
9117,13.319510
9118,13.294228
9119,13.417466
9120,13.304343
9121,13.281385
9122,13.541583
9123,15.690626
9124,10.763355
9125,13.406328
9126,13.299239
9127,13.279702
9128,13.433244
9129,13.352434
9130,13.240337
9131,15.847079
9132,10.883737
9133,13.258813
9134,13.420489
9135,13.343860
9136,13.211851
9137,13.402453
9138,13.353978
9139,15.656476
9140,10.993239
9141,13.352750
9142,13.242457
9143,13.422550
9144,13.318587
9145,13.248024
9146,13.430169
9147,15.737947
9148,10.834570
9149,13.416520
9150,13.344803
9151,13.244147
9152,13.427057
9153,13.320850
9154,13.270020
9155,15.867203
9156,10.861511
9157,13.266453
9158,13.421992
9159,13.306519
9160,13.271334
9161,13.424435
9162,13.324085
9163,15.766036
9164,10.907915
9165,13.352965
9166,13.248240
9167,13.429693
9168,13.294143
9169,13.255451
9170,13.404972
9171,15.791499
9172,10.798055
9173,13.418134
9174,13.319256
9175,13.269025
9176,13.450841
9177,13.307601
9178,13.232165
9179,15.815653
9180,10.928898
9181,13.255042
9182,13.428832
9183,13.328145
9184,13.243180
9185,13.431274
9186,13.315750
9187,15.671593
9188,10.997985
9189,13.332374
9190,13.247405
9191,13.466793
9192,13.261932
9193,13.275291
9194,13.394997
9195,15.733150
9196,10.877898
9197,13.401066
9198,13.321628
9199,13.280005
9200,13.403407
9201,13.323240
9202,13.269066
9203,15.805320
9204,10.939888
9205,13.260601
9206,13.409506
9207,13.319473
9208,13.262954
9209,13.490545
9210,13.290814
9211,15.643486
9212,11.048128
9213,13.314681
9214,13.219293
9215,13.450642
9216,13.330994
9217,13.199730
9218,13.488445
9219,15.719630
9220,10.792790
9221,13.517031
9222,13.240299
9223,13.249432
9224,13.429651
9225,13.321823
9226,13.248276
9227,15.905268
9228,10.864578
9229,13.239935
9230,13.434110
9231,13.319266
9232,13.237115
9233,13.434866
9234,13.331169
9235,15.723261
9236,10.926865
9237,13.345556
9238,13.241825
9239,13.423690
9240,13.331828
9241,13.244793
9242,13.420902
9243,15.893600
9244,10.686005
9245,13.448887
9246,13.323558
9247,13.253591
9248,13.418479
9249,13.347919
9250,13.211138
9251,15.810837
9252,10.941054
9253,13.245776
9254,13.409648
9255,13.349627
9256,13.239192
9257,13.405614
9258,13.345982
9259,15.688766
9260,10.979305
9261,13.330732
9262,13.255352
9263,13.413970
9264,13.321774
9265,13.268749
9266,13.407546
9267,15.723124
9268,10.882559
9269,13.448244
9270,13.283585
9271,13.278247
9272,13.507752
9273,13.235036
9274,13.247592
9275,16.105375
9276,10.686040
9277,13.235874
9278,13.403053
9279,13.431518
9280,13.133154
9281,13.438119
9282,13.335184
9283,15.959783
9284,10.696696
9285,13.332385
9286,13.266131
9287,13.412580
9288,13.304083
9289,13.261382
9290,13.447951
9291,15.794935
9292,10.751526
9293,13.459719
9294,13.274166
9295,13.257668
9296,13.453186
9297,13.324524
9298,13.237776
9299,16.197853
9300,10.627871
9301,13.175637
9302,13.535391
9303,13.199875
9304,13.257574
9305,13.458641
9306,13.284801
9307,15.620772
9308,11.043286
9309,13.330144
9310,13.246628
9311,13.411889
9312,13.340075
9313,13.244928
9314,13.431027
9315,15.704929
9316,10.870408
9317,13.421524
9318,13.322444
9319,13.281723
9320,13.421681
9321,13.443142
9322,13.130296
9323,15.820927
9324,11.016543
9325,13.158480
9326,13.441229
9327,13.327005
9328,13.235606
9329,13.414787
9330,13.349206
9331,15.899317
9332,10.760523
9333,13.346362
9334,13.240248
9335,13.417731
9336,13.342495
9337,13.235334
9338,13.408182
9339,15.685773
9340,10.920495
9341,13.370319
9342,13.343238
9343,13.265004
9344,13.676826
9345,13.337840
9346,12.977939
9347,16.124710
9348,10.931830
9349,12.926241
9350,13.703042
9351,13.358320
9352,12.947588
9353,13.585850
9354,13.390230
9355,15.443403
9356,11.438850
9357,13.200437
9358,12.957092
9359,13.771917
9360,13.253544
9361,12.953512
9362,13.421306
9363,15.705314
9364,10.910765
9365,13.440623
9366,13.272256
9367,13.251075
9368,13.411910
9369,13.323964
9370,13.264130
9371,15.798864
9372,11.062639
9373,13.149278
9374,13.402767
9375,13.315562
9376,13.267933
9377,13.433845
9378,13.304444
9379,15.691898
9380,11.068091
9381,13.258766
9382,13.251282
9383,13.414587
9384,13.322667
9385,13.260566
9386,13.427701
9387,15.699798
9388,10.927104
9389,13.391280
9390,13.296871
9391,13.265918
9392,13.420575
9393,13.366000
9394,13.202785
9395,15.804159
9396,11.002513
9397,13.196553
9398,13.451148
9399,13.328437
9400,13.255653
9401,13.414565
9402,13.335425
9403,15.611249
9404,11.017363
9405,13.332778
9406,13.249473
9407,13.402174
9408,13.448474
9409,13.159836
9410,13.414998
9411,15.929487
9412,10.670022
9413,13.492632
9414,13.249087
9415,13.264260
9416,13.412521
9417,13.341749
9418,13.269706
9419,15.769829
9420,11.014982
9421,13.193636
9422,13.404222
9423,13.394489
9424,13.181714
9425,13.430541
9426,13.421824
9427,15.575529
9428,10.986332
9429,13.408833
9430,13.176819
9431,13.532675
9432,13.311124
9433,13.212480
9434,13.380747
9435,16.138918
9436,10.426861
9437,13.561797
9438,13.290812
9439,13.172166
9440,13.426494
9441,13.294087
9442,13.267926
9443,15.853571
9444,10.888671
9445,13.306999
9446,13.448032
9447,13.253052
9448,13.279644
9449,13.514303
9450,13.225408
9451,15.616882
9452,11.016774
9453,13.341600
9454,13.275893
9455,13.393556
9456,13.350583
9457,13.260163
9458,13.391743
9459,15.826084
9460,10.820626
9461,13.419658
9462,13.335129
9463,13.209268
9464,13.467193
9465,13.309886
9466,13.181718
9467,15.870416
9468,10.973822
9469,13.171967
9470,13.454010
9471,13.303899
9472,13.237417
9473,13.540516
9474,13.241349
9475,16.004490
9476,10.694071
9477,13.305364
9478,13.215684
9479,13.472837
9480,13.330880
9481,13.229800
9482,13.430116
9483,15.772919
9484,10.761331
9485,13.514605
9486,13.274724
9487,13.234865
9488,13.414431
9489,13.314787
9490,13.280689
9491,15.797625
9492,10.923788
9493,13.234088
9494,13.434461
9495,13.365046
9496,13.242812
9497,13.407585
9498,13.308083
9499,15.657206
9500,11.000663
9501,13.342568
9502,13.248322
9503,13.425866
9504,13.317275
9505,13.316242
9506,13.451890
9507,15.735092
9508,10.777773
9509,13.461379
9510,13.353339
9511,13.170499
9512,13.467901
9513,13.404384
9514,13.129211
9515,15.859365
9516,10.943802
9517,13.205405
9518,14.517519
9519,12.989154
9520,12.766083
9521,13.461699
9522,13.234283
9523,15.695214
9524,11.091647
9525,13.318738
9526,13.200867
9527,13.498201
9528,13.307443
9529,13.200634
9530,13.402889
9531,15.751801
9532,10.843210
9533,13.424226
9534,13.292302
9535,13.240993
9536,13.456497
9537,13.356248
9538,13.247750
9539,16.000032
9540,10.753393
9541,13.261890
9542,13.415346
9543,13.307129
9544,13.269025
9545,13.407972
9546,13.308797
9547,15.700976
9548,11.034546
9549,13.346911
9550,13.210051
9551,13.439801
9552,13.300948
9553,13.236400
9554,13.412268
9555,15.791485
9556,10.814972
9557,13.408658
9558,13.311576
9559,13.289499
9560,13.402823
9561,13.350421
9562,13.231910
9563,15.883131
9564,10.869935
9565,13.237664
9566,13.456354
9567,13.346057
9568,13.226347
9569,13.373349
9570,13.382489
9571,15.673421
9572,10.991291
9573,13.343880
9574,13.230765
9575,13.384846
9576,13.331828
9577,13.327884
9578,13.332203
9579,15.831505
9580,10.782873
9581,13.430390
9582,13.325490
9583,13.267079
9584,13.391882
9585,13.358846
9586,13.248653
9587,15.894872
9588,10.899401
9589,13.268554
9590,13.390583
9591,13.397484
9592,13.190642
9593,13.438175
9594,13.322283
9595,16.004583
9596,10.755616
9597,13.229157
9598,13.297238
9599,13.397620
9600,13.376028
9601,13.190839
9602,13.470001
9603,15.709363
9604,10.795471
9605,13.438113
9606,13.319428
9607,13.250899
9608,13.422176
9609,13.340342
9610,13.359608
9611,15.954234
9612,10.711060
9613,13.267411
9614,13.492315
9615,13.278032
9616,13.216242
9617,13.769997
9618,13.030120
9619,15.699685
9620,10.976697
9621,13.297344
9622,13.256791
9623,13.426041
9624,13.337377
9625,13.200415
9626,13.410304
9627,15.832708
9628,10.756841
9629,13.411392
9630,13.370122
9631,13.245973
9632,13.468134
9633,13.303593
9634,13.209959
9635,15.886169
9636,11.066595
9637,13.065108
9638,13.388986
9639,13.404067
9640,13.191195
9641,13.471325
9642,13.308968
9643,15.670164
9644,10.957842
9645,13.370059
9646,13.261432
9647,13.378343
9648,13.316108
9649,13.270671
9650,13.389700
9651,15.811211
9652,10.829394
9653,13.381181
9654,13.326667
9655,13.262223
9656,13.401075
9657,13.311433
9658,13.284297
9659,15.906558
9660,10.860876
9661,13.223998
9662,13.591569
9663,13.199879
9664,13.216899
9665,13.424614
9666,13.355287
9667,15.742537
9668,10.958118
9669,13.278072
9670,13.226534
9671,13.449000
9672,13.373929
9673,13.189217
9674,13.532195
9675,16.209760
9676,10.264297
9677,13.465018
9678,13.396909
9679,13.180472
9680,13.396393
9681,13.334621
9682,13.227890
9683,15.923592
9684,10.864241
9685,13.222911
9686,13.405301
9687,13.357837
9688,13.245769
9689,13.400153
9690,13.318045
9691,15.663383
9692,11.003408
9693,13.341381
9694,13.241590
9695,13.427329
9696,13.385717
9697,13.189728
9698,13.426789
9699,16.274573
9700,10.307563
9701,13.409217
9702,13.480745
9703,13.113280
9704,13.420385
9705,13.338011
9706,13.239225
9707,15.933256
9708,10.817810
9709,13.246488
9710,13.470641
9711,13.278456
9712,13.248081
9713,13.443235
9714,13.299859
9715,15.720031
9716,10.953050
9717,13.343353
9718,13.254327
9719,13.543788
9720,13.185237
9721,13.267532
9722,13.406701
9723,16.217264
9724,10.409342
9725,13.379091
9726,13.339549
9727,13.241763
9728,13.426248
9729,13.348124
9730,13.320196
9731,16.024665
9732,10.681877
9733,13.276201
9734,13.404005
9735,13.361324
9736,13.226784
9737,13.501077
9738,13.307486
9739,15.620054
9740,10.959845
9741,13.357340
9742,13.236566
9743,13.483751
9744,13.321141
9745,13.189514
9746,13.487269
9747,15.766368
9748,10.757110
9749,13.478345
9750,13.266004
9751,13.247728
9752,13.432333
9753,13.312650
9754,13.268979
9755,15.904157
9756,10.874117
9757,13.271302
9758,13.407645
9759,13.400344
9760,13.141938
9761,13.437835
9762,13.294199
9763,15.911690
9764,11.036664
9765,13.315878
9766,13.263455
9767,13.381976
9768,13.335341
9769,13.251669
9770,13.414722
9771,15.732260
9772,10.842296
9773,13.405225
9774,13.389367
9775,13.231076
9776,13.451540
9777,13.299351
9778,13.233475
9779,15.852446
9780,10.905576
9781,13.234715
9782,13.506160
9783,13.318303
9784,13.187844
9785,13.402077
9786,13.350296
9787,15.649386
9788,11.001192
9789,13.344044
9790,13.242368
9791,13.477008
9792,13.299227
9793,13.245261
9794,13.488448
9795,16.156982
9796,10.374642
9797,13.426816
9798,13.388070
9799,13.162157
9800,13.446351
9801,13.393358
9802,13.150411
9803,16.170276
9804,10.584246
9805,13.286297
9806,13.651110
9807,13.064264
9808,13.331346
9809,13.503437
9810,13.286527
9811,15.901986
9812,10.687564
9813,13.427428
9814,13.171822
9815,13.408486
9816,13.317311
9817,13.252300
9818,13.417891
9819,15.740578
9820,10.836087
9821,13.483804
9822,13.320591
9823,13.255735
9824,13.407844
9825,13.359379
9826,13.225227
9827,15.861337
9828,10.815484
9829,13.278020
9830,13.443445
9831,13.354552
9832,13.214488
9833,13.444211
9834,13.297419
9835,16.049786
9836,10.699367
9837,13.676974
9838,12.836869
9839,13.581071
9840,13.164063
9841,13.282926
9842,13.565811
9843,16.116946
9844,10.273716
9845,13.677601
9846,13.161776
9847,13.228175
9848,13.398732
9849,13.297349
9850,13.282721
9851,16.191310
9852,10.515906
9853,13.265521
9854,13.455266
9855,13.382684
9856,13.146403
9857,13.535948
9858,13.228644
9859,15.770055
9860,10.910024
9861,13.340918
9862,13.219964
9863,13.421284
9864,13.475399
9865,13.109446
9866,13.405182
9867,15.761130
9868,10.803035
9869,13.399857
9870,13.361421
9871,13.254766
9872,13.574046
9873,13.175813
9874,13.272637
9875,16.313395
9876,10.427409
9877,13.300281
9878,13.373912
9879,13.330082
9880,13.248122
9881,13.473538
9882,13.291866
9883,16.000465
9884,10.631958
9885,13.389052
9886,13.273586
9887,13.374861
9888,13.344950
9889,13.241770
9890,13.417804
9891,16.116630
9892,10.444657
9893,13.454661
9894,13.301521
9895,13.246316
9896,13.451711
9897,13.307383
9898,13.255038
9899,16.046109
9900,10.769277
9901,13.187553
9902,13.436033
9903,13.307527
9904,13.249619
9905,13.435725
9906,13.361320
9907,15.776144
9908,10.844475
9909,13.335504
9910,13.246078
9911,13.425106
9912,13.296031
9913,13.260301
9914,13.410174
9915,15.994665
9916,10.589402
9917,13.458111
9918,13.380599
9919,13.232096
9920,13.396879
9921,13.324620
9922,13.205888
9923,15.840731
9924,10.916845
9925,13.252685
9926,13.470845
9927,13.301740
9928,13.224130
9929,13.425602
9930,13.435462
9931,15.740323
9932,10.840792
9933,13.316735
9934,13.250852
9935,13.444327
9936,13.324388
9937,13.239974
9938,13.438015
9939,15.728129
9940,10.819661
9941,13.452076
9942,13.429708
9943,13.139538
9944,13.516492
9945,13.517493
9946,12.973168
9947,15.874119
9948,10.833650
9949,13.275674
9950,13.426491
9951,13.331296
9952,13.242654
9953,13.406173
9954,13.341394
9955,16.003740
9956,10.670396
9957,13.327537
9958,13.249519
9959,13.482821
9960,13.250924
9961,13.280929
9962,13.528356
9963,16.040537
9964,10.422071
9965,13.476744
9966,13.293133
9967,13.230146
9968,13.476193
9969,13.285296
9970,13.256748
9971,15.846551
9972,10.893743
9973,13.246699
9974,13.421194
9975,13.308369
9976,13.269507
9977,13.424420
9978,13.325834
9979,15.649884
9980,11.010652
9981,13.410865
9982,13.182900
9983,13.397642
9984,13.357165
9985,13.236316
9986,13.417923
9987,15.769699
9988,10.789808
9989,13.433331
9990,13.352395
9991,13.232602
9992,13.416969
9993,13.453889
9994,13.153039
9995,15.844681
9996,10.900122
9997,13.246531
9998,13.417414
9999,13.358021
10000,13.223788
10001,13.407981
10002,13.329201
10003,15.663309
10004,11.051336
10005,13.349888
10006,13.197316
10007,13.398908
10008,13.336082
10009,13.241933
10010,13.422838
10011,15.759102
10012,10.821489
10013,13.438670
10014,13.312896
10015,13.277439
10016,13.389513
10017,13.359360
10018,13.253083
10019,15.834037
10020,10.884277
10021,13.276617
10022,13.394526
10023,13.358646
10024,13.253913
10025,13.565877
10026,13.206071
10027,15.978061
10028,10.645301
10029,13.331349
10030,13.263413
10031,13.452467
10032,13.338640
10033,13.223730
10034,13.444780
10035,16.141665
10036,10.393173
10037,13.455812
10038,13.335593
10039,13.232075
10040,13.396603
10041,13.319681
10042,13.269685
10043,15.951937
10044,10.771494
10045,13.270843
10046,13.429220
10047,13.322040
10048,13.243794
10049,13.433394
10050,13.299628
10051,15.826081
10052,10.888177
10053,13.323062
10054,13.262289
10055,13.447562
10056,13.294748
10057,13.254926
10058,13.426339
10059,15.838190
10060,10.720362
10061,13.398022
10062,13.382724
10063,13.225167
10064,13.402606
10065,13.344858
10066,13.233100
10067,16.302723
10068,10.445267
10069,13.253663
10070,13.493702
10071,13.294508
10072,13.205865
10073,13.421574
10074,13.349460
10075,15.627664
10076,11.015754
10077,13.364973
10078,13.237391
10079,13.404775
10080,13.326931
10081,13.265713
10082,13.433453
10083,15.702428
10084,10.856898
10085,13.965228
10086,12.767778
10087,13.247878
10088,13.433139
10089,13.387649
10090,13.199186
10091,16.327792
10092,10.417082
10093,13.240182
10094,13.405301
10095,13.338987
10096,13.255787
10097,13.504368
10098,13.237035
10099,15.996394
10100,10.660138
10101,13.336882
10102,13.259534
10103,13.416370
10104,13.324172
10105,13.260772
10106,13.423779
10107,16.149993
10108,10.409405
10109,13.420299
10110,13.318683
10111,13.266089
10112,13.407196
10113,13.341897
10114,13.263559
10115,16.952347
10116,9.761850
10117,13.270593
10118,13.432451
10119,13.308023
10120,13.253006
10121,13.409270
10122,13.335061
10123,15.642341
10124,11.024617
10125,13.328228
10126,13.258790
10127,13.409442
10128,13.340921
10129,13.248795
10130,13.431897
10131,15.727810
10132,10.846257
10133,13.435816
10134,13.312083
10135,13.252745
10136,13.413937
10137,13.339157
10138,13.246807
10139,15.830319
10140,10.905574
10141,13.263054
10142,13.436146
10143,13.332879
10144,13.231031
10145,13.415554
10146,13.340928
10147,15.625341
10148,11.049097
10149,13.360670
10150,13.214514
10151,13.484114
10152,13.265224
10153,13.242106
10154,13.420836
10155,15.867827
10156,10.712704
10157,13.416747
10158,13.353950
10159,13.224191
10160,13.417501
10161,13.339006
10162,13.246374
10163,15.831686
10164,11.335001
10165,12.885684
10166,13.404651
10167,13.333883
10168,13.249585
10169,13.422171
10170,13.341584
10171,15.709708
10172,11.046777
10173,13.270828
10174,13.223735
10175,13.410012
10176,13.400365
10177,13.190119
10178,13.426523
10179,15.732521
10180,10.838806
10181,13.425737
10182,13.317924
10183,13.273330
10184,13.429687
10185,13.384743
10186,13.206557
10187,16.071622
10188,10.796702
10189,13.113018
10190,13.460045
10191,13.298330
10192,13.235376
10193,13.456688
10194,13.296983
10195,16.021155
10196,10.714743
10197,13.304767
10198,13.204105
10199,13.491623
10200,13.348721
10201,13.165374
10202,13.520730
10203,15.596237
10204,10.863802
10205,13.451928
10206,13.344457
10207,13.198158
10208,13.452033
10209,13.291686
10210,13.256108
10211,15.795889
10212,10.943929
10213,13.259171
10214,13.425195
10215,13.340346
10216,13.244385
10217,13.437103
10218,13.390991
10219,15.878198
10220,10.791577
10221,13.324074
10222,13.186623
10223,13.442603
10224,13.337592
10225,13.207434
10226,13.407813
10227,15.828775
10228,10.753386
10229,13.420175
10230,13.346296
10231,13.237729
10232,13.407267
10233,13.365292
10234,13.223453
10235,15.821983
10236,10.981936
10237,13.205421
10238,13.489702
10239,13.418664
10240,13.109766
10241,13.438907
10242,13.317137
10243,16.013969
10244,10.664118
10245,13.339438
10246,13.226154
10247,13.491507
10248,13.324073
10249,13.190425
10250,13.476923
10251,15.686091
10252,10.828073
10253,13.428083
10254,13.338740
10255,13.303156
10256,13.371864
10257,13.343022
10258,13.221218
10259,15.818475
10260,10.919601
10261,13.261205
10262,13.439242
10263,13.339663
10264,13.263124
10265,13.407979
10266,13.350717
10267,15.900180
10268,10.755651
10269,13.316622
10270,13.268690
10271,13.448102
10272,13.244401
10273,13.281829
10274,13.370067
10275,15.722062
10276,10.872194
10277,13.446622
10278,13.305150
10279,13.272638
10280,13.434607
10281,13.326210
10282,13.220398
10283,15.962501
10284,10.808265
10285,13.218342
10286,13.508041
10287,13.264509
10288,13.234811
10289,13.490874
10290,13.267478
10291,15.660678
10292,11.074897
10293,13.263296
10294,13.266070
10295,13.527279
10296,13.221534
10297,13.255532
10298,13.413478
10299,15.801838
10300,10.786759
10301,13.489978
10302,13.230715
10303,13.302052
10304,13.389801
10305,13.380754
10306,13.254156
10307,16.203244
10308,10.574506
10309,13.202936
10310,13.380944
10311,13.375133
10312,13.238034
10313,13.403231
10314,13.336457
10315,15.677167
10316,11.047578
10317,13.310614
10318,13.185046
10319,13.507862
10320,13.319757
10321,13.224916
10322,13.489129
10323,16.005082
10324,10.520083
10325,13.404712
10326,13.400371
10327,13.221844
10328,13.408294
10329,13.298812
10330,13.217856
10331,15.890081
10332,10.896248
10333,13.212333
10334,13.519431
10335,13.282934
10336,13.248297
10337,13.446928
10338,13.301447
10339,15.910847
10340,10.773357
10341,13.313046
10342,13.204594
10343,13.428527
10344,13.373194
10345,13.171060
10346,13.509046
10347,15.768487
10348,10.782183
10349,13.477421
10350,13.256055
10351,13.236563
10352,13.516637
10353,13.270210
10354,13.262262
10355,16.140053
10356,10.607079
10357,13.242041
10358,13.481172
10359,13.345996
10360,13.169882
10361,13.565907
10362,13.186470
10363,15.614465
10364,11.095166
10365,13.308918
10366,13.179508
10367,13.568903
10368,13.297350
10369,13.130311
10370,13.716439
10371,15.783859
10372,10.514693
10373,13.421689
10374,13.361862
10375,13.194519
10376,13.511029
10377,13.270923
10378,13.253412
10379,16.149200
10380,10.633523
10381,13.242206
10382,13.434409
10383,13.400888
10384,13.150890
10385,13.620036
10386,13.178938
10387,15.852514
10388,10.782908
10389,13.328517
10390,13.194080
10391,13.480333
10392,13.352529
10393,13.220419
10394,13.442436
10395,16.057563
10396,10.511005
10397,13.484254
10398,13.277231
10399,13.243086
10400,13.503477
10401,13.269806
10402,13.214425
10403,16.310649
10404,10.507342
10405,13.189910
10406,13.494326
10407,13.305893
10408,13.198669
10409,13.502458
10410,13.332186
10411,15.924972
10412,10.806608
10413,13.245062
10414,13.186870
10415,13.477509
10416,13.288098
10417,13.239462
10418,13.441461
10419,16.090852
10420,10.454030
10421,13.516427
10422,13.279218
10423,13.213580
10424,13.467587
10425,13.312698
10426,13.215071
10427,16.147984
10428,10.638702
10429,13.218158
10430,13.463859
10431,13.399560
10432,13.127855
10433,13.646742
10434,13.183778
10435,15.652897
10436,10.965815
10437,13.541901
10438,13.114945
10439,13.659284
10440,13.251140
10441,13.088030
10442,13.659199
10443,17.839214
10444,8.789357
10445,13.410456
10446,13.417577
10447,13.073667
10448,13.514243
10449,13.744019
10450,13.053023
10451,16.145753
10452,10.429284
10453,13.170358
10454,13.455045
10455,13.329298
10456,13.192414
10457,13.454716
10458,13.333026
10459,15.893563
10460,10.774316
10461,13.308758
10462,13.273582
10463,13.364923
10464,13.357267
10465,13.215656
10466,13.466126
10467,16.145427
10468,10.486690
10469,13.384283
10470,13.315612
10471,13.207912
10472,13.437997
10473,13.352244
10474,13.206456
10475,16.163309
10476,10.628593
10477,13.254784
10478,13.491548
10479,13.270065
10480,13.239374
10481,13.430586
10482,13.351941
10483,15.887512
10484,10.729192
10485,13.425780
10486,13.136421
10487,13.450886
10488,13.320740
10489,13.232408
10490,13.652143
10491,17.695758
10492,8.771290
10493,13.527979
10494,13.578917
10495,12.817919
10496,13.421509
10497,13.299561
10498,13.259009
10499,15.850790
10500,10.879718
10501,13.249659
10502,13.419002
10503,13.298375
10504,13.317894
10505,13.383387
10506,13.387196
10507,15.663387
10508,10.932085
10509,13.385897
10510,13.307287
10511,13.446655
10512,13.311692
10513,13.154963
10514,13.487603
10515,16.061108
10516,10.442813
10517,13.473792
10518,13.322955
10519,13.257865
10520,13.410374
10521,13.352320
10522,13.244029
10523,16.127002
10524,10.596116
10525,13.246591
10526,13.430834
10527,13.320445
10528,13.251197
10529,13.409980
10530,13.377803
10531,15.992819
10532,10.695232
10533,13.278661
10534,13.217225
10535,13.469194
10536,13.331380
10537,13.198594
10538,13.465175
10539,16.229622
10540,10.318487
10541,13.433314
10542,13.366352
10543,13.158063
10544,13.470573
10545,13.379169
10546,13.191506
10547,16.030795
10548,10.805789
10549,13.133628
10550,13.435454
10551,13.316035
10552,13.229579
10553,13.408484
10554,13.385456
10555,15.737567
10556,10.978690
10557,13.334232
10558,13.236776
10559,13.361382
10560,13.367340
10561,13.213669
10562,13.434222
10563,15.841015
10564,10.723483
10565,13.406855
10566,13.330630
10567,13.259769
10568,13.463353
10569,13.265604
10570,13.699367
10571,15.483063
10572,10.831373
10573,13.261606
10574,13.437416
10575,13.341542
10576,13.242369
10577,13.467013
10578,13.322961
10579,15.917437
10580,10.723121
10581,13.350498
10582,13.209990
10583,13.448805
10584,13.317988
10585,13.245430
10586,13.442381
10587,16.130601
10588,10.403102
10589,13.451131
10590,13.358176
10591,13.195501
10592,13.468214
10593,13.428883
10594,13.103173
10595,16.151647
10596,10.609098
10597,13.242020
10598,13.459943
10599,13.306742
10600,13.227624
10601,13.419739
10602,13.343181
10603,15.915258
10604,10.766478
10605,13.322574
10606,13.256163
10607,13.456892
10608,13.341215
10609,13.203806
10610,13.453884
10611,16.036598
10612,10.512778
10613,13.461358
10614,13.350709
10615,13.207415
10616,13.452888
10617,13.335990
10618,13.225524
10619,16.142792
10620,10.610976
10621,13.254156
10622,13.552367
10623,13.203130
10624,13.243001
10625,13.450017
10626,13.508279
10627,15.804072
10628,10.690697
10629,13.307314
10630,13.259147
10631,13.388530
10632,13.354185
10633,13.224243
10634,13.429671
10635,16.112883
10636,10.451593
10637,13.948686
10638,12.943483
10639,13.156402
10640,13.472243
10641,13.444335
10642,13.114791
10643,16.138250
10644,10.517529
10645,13.291531
10646,13.422180
10647,13.349149
10648,13.226902
10649,13.890041
10650,12.868524
10651,15.965306
10652,10.821616
10653,13.329392
10654,13.116537
10655,13.445709
10656,13.446276
10657,13.173421
10658,13.415890
10659,15.993351
10660,10.534105
10661,13.473758
10662,13.309791
10663,13.235711
10664,13.445544
10665,13.367463
10666,13.208729
10667,16.182844
10668,10.580496
10669,13.261509
10670,13.488306
10671,13.231605
10672,13.252714
10673,13.490422
10674,13.372910
10675,15.562894
10676,11.039467
10677,13.281319
10678,13.303102
10679,13.342084
10680,13.346139
10681,13.307945
10682,13.438182
10683,16.097727
10684,10.416507
10685,13.426823
10686,13.438392
10687,13.116720
10688,13.497730
10689,13.352684
10690,13.210599
10691,15.836523
10692,10.875987
10693,13.240269
10694,13.437570
10695,13.344266
10696,13.263750
10697,13.374507
10698,13.379887
10699,15.621408
10700,10.983352
10701,13.380406
10702,13.242150
10703,13.423503
10704,13.351068
10705,13.248048
10706,13.371380
10707,15.751582
10708,10.838426
10709,13.454001
10710,13.312729
10711,13.236181
10712,13.513819
10713,13.335376
10714,13.205079
10715,15.792916
10716,10.877276
10717,13.298781
10718,13.423025
10719,13.330954
10720,13.241238
10721,13.415143
10722,13.336751
10723,15.948502
10724,10.816436
10725,13.222401
10726,13.236970
10727,13.501738
10728,13.280033
10729,13.227725
10730,13.463026
10731,15.861288
10732,10.642381
10733,13.475663
10734,13.353450
10735,13.174488
10736,13.455299
10737,13.303317
10738,13.251549
10739,15.817399
10740,10.905046
10741,13.273606
10742,13.394845
10743,13.384483
10744,13.212050
10745,13.414423
10746,13.367603
10747,15.709545
10748,10.910135
10749,13.373602
10750,13.246792
10751,13.441290
10752,13.322237
10753,13.221070
10754,13.488970
10755,15.696095
10756,10.806026
10757,13.404172
10758,13.439287
10759,13.163745
10760,13.422739
10761,13.496879
10762,13.099094
10763,15.831717
10764,10.933934
10765,13.233695
10766,13.417198
10767,13.298258
10768,13.291385
10769,13.481734
10770,13.218801
10771,15.733612
10772,11.029369
10773,13.335737
10774,13.214906
10775,13.426420
10776,13.321474
10777,13.242578
10778,13.398587
10779,15.709236
10780,10.876825
10781,13.408230
10782,13.311182
10783,13.292145
10784,13.435597
10785,13.279882
10786,13.274311
10787,15.807515
10788,10.928139
10789,13.267220
10790,13.439240
10791,13.284393
10792,13.257708
10793,13.467100
10794,13.322785
10795,15.809130
10796,10.836008
10797,13.332717
10798,13.248188
10799,13.443148
10800,13.295203
10801,13.261903
10802,13.454383
10803,15.710696
10804,10.820495
10805,13.418812
10806,13.358995
10807,13.225692
10808,13.447806
10809,13.297777
10810,13.267170
10811,15.849699
10812,10.908793
10813,13.245279
10814,13.438300
10815,13.325583
10816,13.223164
10817,13.421339
10818,13.316952
10819,16.479522
10820,10.257738
10821,13.299668
10822,13.257234
10823,13.485017
10824,13.359553
10825,13.134360
10826,13.464656
10827,15.802124
10828,10.740373
10829,13.537556
10830,13.318938
10831,13.161868
10832,13.613991
10833,13.148573
10834,13.238078
10835,15.891522
10836,10.858774
10837,13.250506
10838,13.419824
10839,13.324743
10840,13.280423
10841,13.571180
10842,13.233373
10843,15.573727
10844,11.103212
10845,13.214635
10846,13.273443
10847,13.417662
10848,13.390389
10849,13.181526
10850,13.505753
10851,15.696190
10852,10.827481
10853,13.397621
10854,13.321417
10855,13.252652
10856,13.424679
10857,13.325820
10858,13.250653
10859,15.851157
10860,10.905806
10861,13.243318
10862,13.434834
10863,13.317770
10864,13.253213
10865,13.425165
10866,13.319264
10867,15.628027
10868,11.047940
10869,13.324113
10870,13.245696
10871,13.448652
10872,13.300502
10873,13.243308
10874,13.432342
10875,15.700588
10876,10.869390
10877,13.429446
10878,13.314679
10879,13.267125
10880,13.427960
10881,13.371412
10882,13.203336
10883,15.804639
10884,10.945711
10885,13.237276
10886,13.469736
10887,13.301362
10888,13.248066
10889,13.448106
10890,13.304528
10891,15.628112
10892,11.052350
10893,13.320894
10894,13.239369
10895,13.422960
10896,13.373188
10897,13.201898
10898,13.452916
10899,15.749110
10900,10.823079
10901,13.417986
10902,13.321003
10903,13.236198
10904,13.428838
10905,13.328980
10906,13.236906
10907,15.818571
10908,10.919618
10909,13.258140
10910,13.458168
10911,13.414301
10912,13.130719
10913,13.593721
10914,13.315175
10915,15.498524
10916,11.042058
10917,13.335873
10918,13.237664
10919,13.421414
10920,13.346254
10921,13.233163
10922,13.421611
10923,15.740744
10924,10.822470
10925,13.439013
10926,13.336524
10927,13.235205
10928,13.467868
10929,13.365828
10930,13.161745
10931,15.825638
10932,11.014519
10933,13.153593
10934,13.483328
10935,13.270917
10936,13.251026
10937,13.428668
10938,13.362443
10939,15.597384
10940,11.064222
10941,13.310852
10942,13.244525
10943,13.422009
10944,13.319140
10945,13.250081
10946,13.436689
10947,15.718900
10948,10.844242
10949,13.443186
10950,13.305709
10951,13.266806
10952,13.524268
10953,13.216547
10954,13.244470
10955,15.816971
10956,11.056088
10957,13.161748
10958,13.721691
10959,13.012750
10960,13.240514
10961,13.421216
10962,13.340134
10963,15.646042
10964,11.007829
10965,13.323631
10966,13.250576
10967,13.465408
10968,13.317008
10969,13.214803
10970,13.497979
10971,16.093694
10972,10.428636
10973,13.463594
10974,13.360104
10975,13.187023
10976,13.482291
10977,13.330318
10978,13.187599
10979,15.903246
10980,10.842499
10981,13.246066
10982,13.434938
10983,13.325500
10984,13.239341
10985,13.460902
10986,13.297848
10987,15.620474
10988,11.042102
10989,13.326086
10990,13.241624
10991,13.413595
10992,13.333547
10993,13.242597
10994,13.454880
10995,15.727589
10996,10.827409
10997,13.431790
10998,13.335811
10999,13.239128
11000,13.431480
11001,13.318414
11002,13.256412
11003,15.845759
11004,10.891849
11005,13.255525
11006,13.432891
11007,13.310036
11008,13.258689
11009,13.414944
11010,13.321002
11011,15.709792
11012,10.964080
11013,13.324542
11014,13.278133
11015,13.423630
11016,13.329440
11017,13.248906
11018,13.414765
11019,15.701066
11020,10.858040
11021,13.414979
11022,13.358752
11023,13.240042
11024,13.428156
11025,13.322136
11026,13.231430
11027,15.910831
11028,10.839452
11029,13.246612
11030,13.559163
11031,13.213820
11032,13.229917
11033,13.578357
11034,13.212555
11035,15.997135
11036,10.825227
11037,13.200125
11038,13.202589
11039,13.770317
11040,13.040680
11041,13.168305
11042,13.444656
11043,15.697688
11044,10.855356
11045,13.437850
11046,13.300611
11047,13.262303
11048,13.571736
11049,13.188547
11050,13.293947
11051,15.837774
11052,10.884905
11053,13.232881
11054,13.424599
11055,13.427974
11056,13.173400
11057,13.442923
11058,13.446887
11059,15.773487
11060,10.891062
11061,13.216269
11062,13.241255
11063,13.426686
11064,13.326356
11065,13.224083
11066,13.464692
11067,15.688367
11068,10.838305
11069,13.496793
11070,13.532444
11071,12.974627
11072,13.584978
11073,13.304561
11074,13.117291
11075,15.980263
11076,10.757886
11077,13.303771
11078,13.370851
11079,13.383113
11080,13.323059
11081,13.323397
11082,13.313492
11083,15.633862
11084,11.042860
11085,13.310191
11086,13.257032
11087,13.430435
11088,13.320850
11089,13.662638
11090,13.181752
11091,15.696280
11092,10.927585
11093,13.370068
11094,13.387777
11095,13.172564
11096,13.450032
11097,13.455095
11098,13.099358
11099,15.888873
11100,10.953720
11101,13.137477
11102,13.575915
11103,13.220861
11104,13.219448
11105,13.584232
11106,13.208140
11107,15.732991
11108,11.045224
11109,13.203333
11110,13.227412
11111,13.648353
11112,13.111729
11113,13.253444
11114,13.491056
11115,15.644437
11116,10.836936
11117,13.490755
11118,13.302103
11119,13.210665
11120,13.463857
11121,13.368939
11122,13.215859
11123,15.906599
11124,10.938246
11125,13.102024
11126,13.520976
11127,13.280395
11128,13.193399
11129,13.414966
11130,13.362554
11131,15.614090
11132,11.080747
11133,13.371105
11134,13.168419
11135,13.411635
11136,13.462894
11137,13.219562
11138,13.375766
11139,16.133835
11140,10.430351
11141,13.559794
11142,13.211854
11143,13.227319
11144,13.495634
11145,13.340287
11146,13.145692
11147,16.494144
11148,10.343479
11149,13.174539
11150,13.588247
11151,13.223882
11152,13.174896
11153,13.416800
11154,13.361346
11155,15.751075
11156,10.897584
11157,13.317667
11158,13.241910
11159,13.469104
11160,13.335976
11161,13.195331
11162,13.427795
11163,15.847706
11164,10.783521
11165,13.400129
11166,13.329103
11167,13.249523
11168,13.509459
11169,13.296415
11170,13.173847
11171,15.818016
11172,10.933555
11173,13.244101
11174,13.454734
11175,13.297116
11176,13.249966
11177,13.576283
11178,13.187882
11179,15.655160
11180,11.041365
11181,13.305303
11182,13.278138
11183,13.533777
11184,13.262408
11185,13.158452
11186,13.456483
11187,15.803805
11188,10.800591
11189,13.371189
11190,13.391307
11191,13.177813
11192,13.589766
11193,13.247692
11194,13.172483
11195,16.239533
11196,10.617575
11197,13.233223
11198,13.429210
11199,13.326825
11200,13.146784
11201,13.561299
11202,13.284175
11203,15.929528
11204,10.688476
11205,13.355884
11206,13.323212
11207,13.455029
11208,13.201068
11209,13.238358
11210,13.423316
11211,15.760230
11212,10.831931
11213,13.374115
11214,13.392448
11215,13.174181
11216,13.416762
11217,13.353453
11218,13.240874
11219,15.829335
11220,10.914542
11221,13.318503
11222,13.362268
11223,13.342900
11224,13.246631
11225,13.500412
11226,13.393504
11227,15.781276
11228,10.812420
11229,13.598184
11230,12.902023
11231,13.476938
11232,13.453295
11233,13.063072
11234,13.465249
11235,16.075706
11236,10.474216
11237,13.486201
11238,13.315894
11239,13.260518
11240,13.389219
11241,13.414824
11242,13.147840
11243,15.844838
11244,10.958540
11245,13.185943
11246,13.493425
11247,13.304203
11248,13.241643
11249,13.427570
11250,13.380923
11251,15.885063
11252,10.859494
11253,13.261983
11254,13.146073
11255,13.462420
11256,13.374873
11257,13.166258
11258,13.496888
11259,16.292548
11260,10.197822
11261,13.505502
11262,13.311489
11263,13.194606
11264,13.427269
11265,13.364451
11266,13.179640
11267,16.187718
11268,10.662395
11269,13.166755
11270,13.454499
11271,13.338973
11272,13.208150
11273,13.452199
11274,13.381867
11275,15.936745
11276,10.678378
11277,13.346993
11278,13.222143
11279,13.432946
11280,13.312470
11281,13.250081
11282,13.452918
11283,16.073335
11284,10.520522
11285,13.414822
11286,13.323878
11287,13.219244
11288,13.479188
11289,13.323667
11290,13.211889
11291,16.116307
11292,10.620811
11293,13.247195
11294,13.424473
11295,13.359847
11296,13.199797
11297,13.493343
11298,13.312475
11299,15.935696
11300,10.756764
11301,13.282976
11302,13.242958
11303,13.443735
11304,13.290845
11305,13.215840
11306,13.477472
11307,15.691513
11308,10.857600
11309,13.396432
11310,13.710710
11311,13.005368
11312,13.412691
11313,13.385338
11314,13.187455
11315,15.813792
11316,11.004632
11317,13.185507
11318,13.462673
11319,13.301300
11320,13.677202
11321,13.418693
11322,13.820030
11323,14.985500
11324,10.973977
11325,13.409896
11326,13.171131
11327,13.402757
11328,13.386549
11329,13.212938
11330,13.421225
11331,15.721572
11332,10.854097
11333,13.409062
11334,13.313745
11335,13.234130
11336,13.452359
11337,13.352545
11338,13.237105
11339,15.892022
11340,10.819392
11341,13.273406
11342,13.461564
11343,13.277165
11344,13.239914
11345,13.482388
11346,13.351902
11347,15.962853
11348,10.673878
11349,13.335769
11350,13.234054
11351,13.435574
11352,13.344681
11353,13.202193
11354,13.454058
11355,16.041031
11356,10.525099
11357,13.490449
11358,13.565268
11359,13.087517
11360,13.514299
11361,13.367716
11362,13.131959
11363,16.361996
11364,10.340386
11365,13.249890
11366,13.742447
11367,13.083491
11368,13.216307
11369,13.554861
11370,13.293864
11371,15.883729
11372,10.717621
11373,13.319681
11374,13.211699
11375,13.441289
11376,13.365768
11377,13.200966
11378,13.455807
11379,16.084616
11380,10.456665
11381,13.441880
11382,13.499262
11383,13.051623
11384,13.570139
11385,13.222346
11386,13.226544
11387,16.130696
11388,10.641925
11389,13.262261
11390,13.402181
11391,13.369550
11392,13.184962
11393,13.824120
11394,12.933242
11395,15.967757
11396,10.725844
11397,13.293061
11398,13.240211
11399,13.586926
11400,13.235722
11401,13.192639
11402,13.501994
11403,16.000702
11404,10.495915
11405,13.466940
11406,13.556449
11407,12.988251
11408,13.500084
11409,13.302480
11410,13.224773
11411,16.113495
11412,10.602041
11413,13.249130
11414,13.691478
11415,13.067699
11416,13.246319
11417,13.489465
11418,13.277675
11419,15.767946
11420,10.940883
11421,13.292600
11422,13.234677
11423,13.442247
11424,13.426039
11425,13.147094
11426,13.400600
11427,16.112699
11428,10.462305
11429,13.593281
11430,13.236585
11431,13.193517
11432,13.550938
11433,13.297598
11434,13.161557
11435,16.171956
11436,10.581469
11437,13.445468
11438,13.292710
11439,13.273278
11440,13.223557
11441,13.445764
11442,13.319142
11443,15.944542
11444,10.721974
11445,13.388018
11446,13.674924
11447,12.899787
11448,13.309280
11449,13.263804
11450,13.412748
11451,16.189207
11452,10.399114
11453,13.512125
11454,13.361293
11455,13.206458
11456,13.422620
11457,13.360778
11458,13.232374
11459,16.273656
11460,10.427898
11461,13.274854
11462,13.434384
11463,13.336010
11464,13.231625
11465,13.444384
11466,13.358702
11467,15.667016
11468,10.964737
11469,13.419315
11470,13.508093
11471,13.116305
11472,13.343214
11473,13.282386
11474,13.387401
11475,16.077797
11476,10.436562
11477,13.538583
11478,13.336906
11479,13.186687
11480,13.429786
11481,13.315999
11482,13.220152
11483,15.953984
11484,10.800978
11485,13.283428
11486,13.437937
11487,13.276047
11488,13.319519
11489,13.381750
11490,13.359703
11491,16.088575
11492,10.607549
11493,13.397219
11494,13.233156
11495,13.260496
11496,13.363623
11497,13.196570
11498,13.570244
11499,16.456150
11500,9.963878
11501,13.577344
11502,13.237509
11503,13.221560
11504,13.396783
11505,13.405368
11506,13.173923
11507,16.282637
11508,10.461534
11509,13.286388
11510,13.398029
11511,13.361046
11512,13.224746
11513,13.431474
11514,13.326520
11515,15.979078
11516,10.819396
11517,13.235199
11518,13.600031
11519,13.437178
11520,13.495698
11521,13.073900
11522,13.437574
11523,16.175911
11524,10.360025
11525,13.441041
11526,13.328005
11527,13.563393
11528,13.084051
11529,13.337501
11530,13.267606
11531,16.013356
11532,10.708734
11533,13.326253
11534,13.361698
11535,13.324116
11536,13.267592
11537,13.407990
11538,13.373817
11539,15.893239
11540,10.750310
11541,13.326651
11542,13.387629
11543,13.250051
11544,13.364742
11545,13.265633
11546,13.400995
11547,17.005200
11548,9.504627
11549,13.445591
11550,13.343733
11551,13.214360
11552,13.500129
11553,13.290925
11554,13.225842
11555,15.997686
11556,10.793379
11557,13.193838
11558,13.462028
11559,13.343462
11560,13.214480
11561,13.456914
11562,13.320982
11563,15.947582
11564,10.706789
11565,13.399578
11566,13.638402
11567,13.112813
11568,13.262971
11569,13.208724
11570,13.405153
11571,15.809172
11572,10.715067
11573,13.468654
11574,13.535163
11575,13.041059
11576,13.531998
11577,13.257626
11578,13.261506
11579,16.289377
11580,10.509373
11581,13.189214
11582,13.463425
11583,13.348128
11584,13.214178
11585,13.397222
11586,13.379462
11587,15.881367
11588,10.697481
11589,13.392209
11590,13.214575
11591,13.425735
11592,13.350743
11593,13.249828
11594,13.362470
11595,16.060551
11596,10.559014
11597,13.406826
11598,13.342884
11599,13.261048
11600,13.388675
11601,13.328869
11602,13.232345
11603,15.806116
11604,10.885956
11605,13.298364
11606,13.635980
11607,13.168606
11608,13.201136
11609,13.464986
11610,13.323072
11611,15.581097
11612,11.093422
11613,13.342098
11614,13.172485
11615,13.584527
11616,13.242854
11617,13.205053
11618,13.435274
11619,16.045945
11620,10.497557
11621,13.577253
11622,13.334022
11623,13.091609
11624,13.544104
11625,13.324421
11626,13.132924
11627,16.184127
11628,10.640595
11629,13.165205
11630,13.574348
11631,13.323384
11632,13.107299
11633,13.527772
11634,13.322748
11635,15.528273
11636,11.067494
11637,13.287220
11638,13.238388
11639,13.431179
11640,13.331283
11641,13.258836
11642,13.423813
11643,15.735393
11644,10.820767
11645,13.430005
11646,13.342228
11647,13.256473
11648,13.397182
11649,13.362649
11650,13.232219
11651,15.918103
11652,10.831816
11653,13.256989
11654,13.440298
11655,13.361109
11656,13.197530
11657,13.436217
11658,13.438570
11659,15.561439
11660,10.995884
11661,13.352584
11662,13.231870
11663,13.442426
11664,13.370480
11665,13.176584
11666,13.409109
11667,15.761065
11668,10.814823
11669,13.421977
11670,13.442408
11671,13.206603
11672,13.410133
11673,13.337369
11674,13.211477
11675,15.853510
11676,10.894061
11677,13.246686
11678,13.462320
11679,13.325153
11680,13.212084
11681,13.428692
11682,13.445891
11683,15.540085
11684,11.017026
11685,13.329103
11686,13.236691
11687,13.426314
11688,13.346445
11689,13.223500
11690,13.470648
11691,15.772855
11692,10.732065
11693,13.506376
11694,13.268464
11695,13.245158
11696,13.435465
11697,13.333437
11698,13.218967
11699,15.852362
11700,10.930680
11701,13.235938
11702,13.433781
11703,13.327452
11704,13.225904
11705,13.458789
11706,13.318280
11707,15.749703
11708,10.912373
11709,13.356723
11710,13.225263
11711,13.421011
11712,13.332272
11713,13.229262
11714,13.458592
11715,15.794981
11716,10.745040
11717,13.467718
11718,13.322165
11719,13.236841
11720,13.440808
11721,13.307057
11722,13.226655
11723,15.815857
11724,11.013796
11725,13.169601
11726,13.436729
11727,13.326378
11728,13.271075
11729,13.410562
11730,13.341331
11731,16.633838
11732,10.278046
11733,13.292178
11734,13.011673
11735,13.432290
11736,13.386321
11737,13.206907
11738,13.460724
11739,15.719212
11740,10.793235
11741,13.455584
11742,13.363012
11743,13.203459
11744,13.431629
11745,13.345352
11746,13.234507
11747,15.863252
11748,10.859766
11749,13.249503
11750,13.431612
11751,13.334184
11752,13.261106
11753,13.429548
11754,13.338258
11755,15.634724
11756,10.996458
11757,13.357074
11758,13.222249
11759,13.474951
11760,13.299148
11761,13.236209
11762,13.421736
11763,15.780398
11764,10.782147
11765,13.425657
11766,13.387867
11767,13.202496
11768,13.418237
11769,13.328186
11770,13.248752
11771,15.864535
11772,10.959471
11773,13.232818
11774,13.452790
11775,13.338326
11776,13.233162
11777,13.405377
11778,13.363352
11779,15.727390
11780,11.150872
11781,13.207006
11782,13.107684
11783,13.486793
11784,13.310444
11785,13.265459
11786,13.416320
11787,15.727984
11788,10.789300
11789,13.499338
11790,13.270099
11791,13.240566
11792,13.459188
11793,13.313793
11794,13.223352
11795,15.839068
11796,10.912488
11797,13.240106
11798,13.423966
11799,13.365092
11800,13.231407
11801,13.456928
11802,13.445671
11803,15.478259
11804,11.086548
11805,13.684742
11806,12.829438
11807,13.928563
11808,12.816042
11809,13.296650
11810,13.378723
11811,15.704320
11812,10.874284
11813,13.745009
11814,13.363239
11815,12.925457
11816,13.424252
11817,13.367602
11818,13.194629
11819,15.836497
11820,10.933851
11821,13.304294
11822,13.345016
11823,13.347593
11824,13.271047
11825,13.384268
11826,13.346797
11827,15.621250
11828,11.044722
11829,13.341288
11830,13.236642
11831,13.435960
11832,13.337826
11833,13.251093
11834,13.576536
11835,15.538120
11836,10.845269
11837,13.427678
11838,13.324613
11839,13.243832
11840,13.432909
11841,13.314916
11842,13.256895
11843,15.887819
11844,10.866762
11845,13.245779
11846,13.439332
11847,13.319899
11848,13.244868
11849,13.479975
11850,13.314693
11851,15.593812
11852,11.060262
11853,13.341986
11854,13.261233
11855,13.422039
11856,13.325405
11857,13.210522
11858,13.458432
11859,16.250949
11860,10.284725
11861,13.531036
11862,13.502012
11863,12.983747
11864,13.574409
11865,13.366785
11866,13.048333
11867,15.828769
11868,10.975953
11869,13.180837
11870,13.424873
11871,13.423498
11872,13.157680
11873,13.434599
11874,13.400361
11875,15.551253
11876,11.158743
11877,13.260391
11878,13.191578
11879,13.435938
11880,13.353062
11881,13.223581
11882,13.684755
11883,15.483937
11884,10.923911
11885,13.350214
11886,13.336658
11887,13.225608
11888,13.430968
11889,13.411732
11890,13.177694
11891,15.887248
11892,10.831987
11893,13.250881
11894,13.410698
11895,13.334777
11896,13.248346
11897,13.423730
11898,13.346407
11899,15.625002
11900,11.132707
11901,13.245798
11902,13.237298
11903,13.425221
11904,13.321186
11905,13.260073
11906,13.418632
11907,16.160167
11908,10.419559
11909,13.583260
11910,13.599539
11911,12.821211
11912,13.464030
11913,13.307607
11914,13.223148
11915,15.834722
11916,10.939034
11917,13.273076
11918,13.417895
11919,13.278253
11920,13.303841
11921,13.429498
11922,13.279438
11923,15.632066
11924,11.032336
11925,13.310696
11926,13.266693
11927,13.447604
11928,13.314257
11929,13.227866
11930,13.485294
11931,15.708370
11932,10.808360
11933,13.440964
11934,13.329788
11935,13.231605
11936,13.435712
11937,13.333283
11938,13.223643
11939,15.838268
11940,10.967830
11941,13.198244
11942,13.460932
11943,13.325037
11944,13.212988
11945,13.464449
11946,13.326239
11947,15.633715
11948,11.008236
11949,13.341926
11950,13.242425
11951,13.411584
11952,13.358327
11953,13.215651
11954,13.417834
11955,15.841538
11956,10.749627
11957,13.463648
11958,13.315843
11959,13.224931
11960,13.546521
11961,13.268766
11962,13.188520
11963,15.829858
11964,10.988624
11965,13.184708
11966,13.410761
11967,13.340309
11968,13.240294
11969,13.506277
11970,13.450569
11971,15.427792
11972,11.039713
11973,13.497897
11974,13.068784
11975,13.504729
11976,13.354928
11977,13.138306
11978,13.429150
11979,15.775500
11980,10.792844
11981,13.424360
11982,13.320568
11983,13.319053
11984,13.381683
11985,13.339602
11986,13.236432
11987,15.835897
11988,10.909801
11989,13.307925
11990,13.354386
11991,13.333340
11992,13.269221
11993,13.425591
11994,13.305125
11995,15.643456
11996,11.038623
11997,13.321081
11998,13.248869
11999,13.419528
12000,13.388297
12001,13.254124
12002,13.556731
12003,15.531647
12004,10.863621
12005,13.403304
12006,13.368546
12007,13.205757
12008,13.456779
12009,13.272261
12010,13.259343
12011,15.832945
12012,10.908901
12013,13.283497
12014,13.451379
12015,13.309712
12016,13.223585
12017,13.523245
12018,13.251635
12019,15.663689
12020,11.008077
12021,13.374415
12022,13.208963
12023,13.415603
12024,13.386828
12025,13.215920
12026,13.384986
12027,15.722354
12028,10.886893
12029,13.383898
12030,13.383111
12031,13.296943
12032,13.391599
12033,13.281279
12034,13.272873
12035,15.803613
12036,10.933050
12037,13.216190
12038,13.438622
12039,13.345522
12040,13.223855
12041,13.434089
12042,13.345084
12043,15.608146
12044,11.061860
12045,13.355757
12046,13.221108
12047,13.470608
12048,13.365718
12049,13.154145
12050,13.495853
12051,16.048979
12052,10.503519
12053,13.378739
12054,13.409628
12055,13.170088
12056,13.406034
12057,13.347271
12058,13.246241
12059,16.112085
12060,10.674457
12061,13.246679
12062,13.427884
12063,13.356876
12064,13.201043
12065,13.387870
12066,13.374616
12067,15.618575
12068,11.033167
12069,13.328286
12070,13.244440
12071,13.430062
12072,13.344136
12073,13.194254
12074,13.502346
12075,15.997956
12076,10.536086
12077,13.423843
12078,13.342484
12079,13.209510
12080,13.441413
12081,13.321027
12082,13.206631
12083,15.812867
12084,10.937517
12085,13.248961
12086,13.415339
12087,13.351854
12088,13.297314
12089,13.423186
12090,13.340765
12091,15.572144
12092,11.150171
12093,13.317292
12094,13.146774
12095,13.466747
12096,13.348535
12097,13.229670
12098,13.444298
12099,16.097721
12100,10.441136
12101,13.647607
12102,13.187328
12103,13.184947
12104,13.444668
12105,13.313031
12106,13.212813
12107,16.215372
12108,10.583869
12109,13.206720
12110,13.551719
12111,13.283668
12112,13.154733
12113,13.458572
12114,13.336781
12115,15.943824
12116,10.762611
12117,13.327062
12118,13.187035
12119,13.577832
12120,13.171469
12121,13.233441
12122,13.453599
12123,15.711684
12124,10.836473
12125,13.462952
12126,13.317112
12127,13.246091
12128,13.441427
12129,13.316086
12130,13.225842
12131,16.278615
12132,10.568784
12133,13.151988
12134,13.527541
12135,13.291525
12136,13.233427
12137,13.471821
12138,13.456686
12139,15.727761
12140,10.897830
12141,13.188818
12142,13.236192
12143,13.486244
12144,13.324731
12145,13.184279
12146,13.515480
12147,16.090883
12148,10.409576
12149,13.468544
12150,13.328725
12151,13.190497
12152,13.429659
12153,13.324663
12154,13.264713
12155,15.817217
12156,10.918237
12157,13.242742
12158,13.447524
12159,13.383398
12160,13.184764
12161,13.449132
12162,13.303004
12163,15.629586
12164,11.075985
12165,13.353398
12166,13.173763
12167,13.479808
12168,13.271793
12169,13.257856
12170,13.391393
12171,16.527887
12172,10.075024
12173,13.456647
12174,13.386292
12175,13.203871
12176,13.415564
12177,13.328897
12178,13.235730
12179,16.132053
12180,10.629412
12181,13.211815
12182,13.433926
12183,13.365161
12184,13.197214
12185,13.427462
12186,13.338157
12187,15.820219
12188,10.854273
12189,13.333988
12190,13.222338
12191,13.420073
12192,13.347560
12193,13.229962
12194,13.456384
12195,15.685938
12196,10.843922
12197,13.433609
12198,13.316984
12199,13.251347
12200,13.415778
12201,13.323271
12202,13.276536
12203,15.911603
12204,10.840437
12205,13.264519
12206,13.395147
12207,13.359460
12208,13.218774
12209,13.469063
12210,13.282162
12211,15.679312
12212,11.000990
12213,13.352107
12214,13.272986
12215,13.362922
12216,13.339000
12217,13.237639
12218,13.446440
12219,15.723643
12220,10.831772
12221,13.445554
12222,13.327037
12223,13.252338
12224,13.430398
12225,13.342001
12226,13.230177
12227,15.831988
12228,10.908809
12229,13.251670
12230,13.424175
12231,13.341689
12232,13.251207
12233,13.497022
12234,13.477871
12235,15.411654
12236,11.031843
12237,13.362692
12238,13.219514
12239,13.410505
12240,13.394540
12241,13.182251
12242,13.446434
12243,15.738096
12244,10.815577
12245,13.418384
12246,13.333517
12247,13.253424
12248,13.421882
12249,13.522423
12250,13.087091
12251,15.832227
12252,10.861115
12253,13.259070
12254,13.455934
12255,13.355705
12256,13.217423
12257,13.398332
12258,13.330275
12259,15.787865
12260,10.878100
12261,13.393026
12262,13.211116
12263,13.425593
12264,13.511931
12265,13.183035
12266,13.474237
12267,16.071030
12268,10.462832
12269,13.426156
12270,13.386364
12271,13.194037
12272,13.433313
12273,13.362356
12274,13.208777
12275,15.944769
12276,10.803571
12277,13.299334
12278,13.454613
12279,13.284087
12280,13.245178
12281,13.456984
12282,13.347613
12283,15.940429
12284,10.676097
12285,13.401861
12286,13.232520
12287,13.413115
12288,13.309670
12289,13.212730
12290,13.530851
12291,16.099520
12292,10.312003
12293,13.520282
12294,13.269840
12295,13.301104
12296,13.419244
12297,13.270588
12298,13.272398
12299,15.838957
12300,10.856199
12301,13.239337
12302,13.512218
12303,13.365163
12304,13.136461
12305,13.470012
12306,13.344084
12307,15.746172
12308,10.944184
12309,14.021108
12310,12.477377
12311,13.484161
12312,13.309299
12313,13.243249
12314,13.473406
12315,15.815947
12316,10.688059
12317,13.498947
12318,13.257221
12319,13.252790
12320,13.505133
12321,13.450138
12322,13.045038
12323,16.276766
12324,10.585212
12325,13.181183
12326,13.487573
12327,13.307826
12328,13.195966
12329,13.450411
12330,13.284745
12331,15.611110
12332,11.042304
12333,13.328581
12334,13.282865
12335,13.461104
12336,13.321517
12337,13.185343
12338,13.430517
12339,15.784175
12340,10.807030
12341,13.404194
12342,13.311624
12343,13.274804
12344,13.449899
12345,13.255402
12346,13.288574
12347,15.892033
12348,10.987995
12349,13.091590
12350,13.432912
12351,13.354627
12352,13.230024
12353,13.477673
12354,13.371722
12355,15.954502
12356,10.768650
12357,13.208555
12358,13.270468
12359,13.450440
12360,13.248139
12361,13.249954
12362,13.408291
12363,15.908155
12364,10.724476
12365,13.406161
12366,13.289818
12367,13.259491
12368,13.459898
12369,13.320938
12370,13.203380
12371,15.992397
12372,10.737512
12373,13.262760
12374,13.442151
12375,13.366339
12376,13.237939
12377,13.535029
12378,13.079151
12379,13.348621
12380,13.319304
12381,13.351089
12382,13.371173
12383,13.268270
12384,13.341059
12385,13.317097
12386,13.320091
12387,13.329113
12388,13.352376
12389,13.337420
12390,13.319630
12391,13.323811
12392,13.345753
12393,13.321968
12394,13.326915
12395,13.336576
12396,13.333566
12397,13.330975
12398,13.357959
12399,13.336875
12400,13.322302
12401,13.326768
12402,13.366829
12403,13.310654
12404,13.348494
12405,13.312454
12406,13.364808
12407,13.315817
12408,13.310122
12409,13.322019
12410,13.338420
12411,13.336630
12412,13.329206
12413,13.349537
12414,13.337350
12415,13.334584
12416,13.329694
12417,13.340533
12418,13.330791
12419,13.337207
12420,13.327850
12421,13.339325
12422,13.334279
12423,13.325941
12424,13.331524
12425,13.369911
12426,13.329811
12427,13.339577
12428,13.312473
12429,13.353345
12430,13.314257
12431,13.325129
12432,13.361806
12433,13.287743
12434,13.356448
12435,13.334106
12436,13.309918
12437,13.347939
12438,13.329120
12439,13.325274
12440,13.340774
12441,13.328920
12442,13.336388
12443,13.339410
12444,13.315985
12445,13.345289
12446,13.338443
12447,13.324158
12448,13.331946
12449,13.361774
12450,13.308592
12451,13.334222
12452,13.343302
12453,13.328008
12454,13.331011
12455,13.337569
12456,13.330977
12457,13.332923
12458,13.334073
12459,13.330141
12460,13.336331
12461,13.363037
12462,13.308681
12463,13.335341
12464,13.325878
12465,13.332999
12466,13.326784
12467,13.353191
12468,13.326179
12469,13.316765
12470,14.181585
12471,12.600993
12472,15.652313
12473,38.209814
12474,4.413052
12475,10.118447
12476,13.824840
12477,12.739322
12478,13.481615
12479,13.258007
12480,13.252616
12481,13.826340
12482,12.943420
12483,13.258763
12484,13.428811
12485,13.315878
12486,13.267987
12487,13.456538
12488,13.381806
12489,13.152100
12490,13.460732
12491,13.786631
12492,12.757904
12493,13.422997
12494,13.344297
12495,13.265859
12496,13.611639
12497,13.266849
12498,13.142944
12499,13.513704
12500,13.487727
12501,13.023103
12502,13.405066
12503,13.400367
12504,13.187837
12505,13.625964
12506,13.268429
12507,13.111589
12508,13.460290
12509,13.234802
12510,13.239638
12511,13.408382
12512,13.369278
12513,13.209189
12514,13.786314
12515,13.681135
12516,12.860474
12517,13.431521
12518,13.337221
12519,13.221610
12520,13.454138
12521,13.313483
12522,13.244506
12523,13.438045
12524,13.305106
12525,13.252022
12526,13.516539
12527,13.246892
12528,13.573420
12529,13.421210
12530,13.395266
12531,13.613701
12532,13.443556
12533,13.365654
12534,13.189444
12535,13.494475
12536,13.262697
12537,13.238759
12538,13.507882
12539,13.341199
12540,13.148163
12541,13.447008
12542,13.311085
12543,13.242692
12544,13.597177
12545,13.181107
12546,14.004900
12547,12.653811
12548,13.344561
12549,13.230750
12550,13.498462
12551,13.260495
12552,13.229520
12553,13.436106
12554,13.334361
12555,13.585298
12556,13.103353
12557,13.322046
12558,13.244231
12559,13.400377
12560,13.379662
12561,13.199639
12562,13.417377
12563,13.395750
12564,13.212462
12565,13.415388
12566,13.321574
12567,13.259604
12568,13.448998
12569,13.373112
12570,13.208380
12571,13.435070
12572,13.453062
12573,13.111389
12574,13.432627
12575,13.323769
12576,13.269979
12577,13.395390
12578,13.369559
12579,13.214920
12580,13.406043
12581,13.329078
12582,13.250373
