observation_frame,frame_timestamp,cpu_total_ms,main_work_ms,render_work_ms,present_wait_ms,gpu_ms,gc0_total
0,85606070485603,13.337256,0.920078,0.477105,12.411201,0.000000,42
1,85606083822859,13.332578,0.892722,0.555088,12.433222,0.000000,42
2,85606097155437,13.331700,0.916760,0.670595,12.408089,0.000000,42
3,85606110487137,13.334444,2.901351,0.686164,10.426900,0.000000,43
4,85606123821581,13.332196,4.323932,0.665913,9.002183,0.000000,43
5,85606137153777,13.335291,0.836128,0.539210,12.493072,0.000000,43
6,85606150489068,13.332215,0.959459,0.421615,12.366720,0.000000,43
7,85606163821283,13.334088,1.013299,0.595512,12.314772,0.000000,43
8,85606177155371,13.333333,0.977555,0.624175,12.349572,0.000000,43
9,85606190488704,13.333022,0.983410,0.594632,12.342847,0.000000,43
10,85606203821726,13.335744,0.898945,0.628177,12.430763,0.000000,43
11,85606217157470,13.333845,1.183246,0.667393,12.142654,0.000000,43
12,85606230491315,13.331894,1.009025,0.630703,12.315245,0.000000,43
13,85606243823209,13.333530,1.034441,0.543064,12.291585,0.000000,43
14,85606257156739,13.331796,0.956166,0.593156,12.369425,0.000000,43
15,85606270488535,13.334109,0.974004,0.599460,12.354316,0.000000,43
16,85606283822644,13.333568,0.931603,0.433939,12.396209,0.000000,43
17,85606297156212,13.332878,0.965101,0.582885,12.361119,0.000000,43
18,85606310489090,13.333058,1.117796,0.648465,12.208811,0.000000,43
19,85606323822148,13.335082,1.139691,0.653055,12.188946,0.000000,43
20,85606337157230,13.332925,0.897890,0.546166,12.428168,0.000000,43
21,85606350490155,13.332599,1.003196,0.590532,12.322373,0.000000,43
22,85606363822754,13.335739,0.947055,0.477572,12.382713,0.000000,43
23,85606377158493,13.331281,0.952611,0.577596,12.371066,0.000000,43
24,85606390489774,13.333460,0.971801,0.614300,12.355243,0.000000,43
25,85606403823234,13.334534,0.930052,0.672848,12.398343,0.000000,43
26,85606417157768,13.332213,0.915999,0.597683,12.408810,0.000000,43
27,85606430489981,13.332389,1.314649,0.618411,12.011855,0.000000,43
28,85606443822370,13.335907,0.989775,0.634794,12.340363,0.000000,43
29,85606457158277,13.331215,0.950355,0.431669,12.374468,0.000000,43
30,85606470489492,13.332997,0.980526,0.504345,12.346701,0.000000,43
31,85606483822489,13.332274,0.954524,0.527148,12.372833,0.000000,43
32,85606497154763,13.335018,0.875190,0.673653,12.453714,0.000000,43
33,85606510489781,13.333770,1.004806,0.604561,12.322809,0.000000,43
34,85606523823551,13.334453,0.979464,0.650660,12.348546,0.000000,43
35,85606537158004,13.334195,1.102466,0.468753,12.224671,0.000000,43
36,85606550492199,13.331818,0.942585,0.666121,12.382457,0.000000,43
37,85606563824017,13.333837,0.899026,0.595902,12.428181,0.000000,43
38,85606577157854,13.332929,0.904340,0.456920,12.422759,0.000000,43
39,85606590490783,13.333848,1.020505,0.608566,12.307568,0.000000,43
40,85606603824631,13.332947,1.001037,0.611353,12.325881,0.000000,43
41,85606617157578,13.335136,0.924218,0.640595,12.403411,0.000000,43
42,85606630492714,13.333531,1.190393,0.483091,12.135721,0.000000,43
43,85606643826245,13.332119,1.236827,0.614098,12.088254,0.000000,43
44,85606657158364,13.334224,1.272439,0.641406,12.054501,0.000000,43
45,85606670492588,13.333377,1.148012,0.630799,12.178144,0.000000,43
46,85606683825965,13.332824,1.127409,0.643030,12.198091,0.000000,43
47,85606697158789,13.334137,0.947128,0.719962,12.380630,0.000000,43
48,85606710492926,13.334294,1.033708,0.586096,12.292628,0.000000,43
49,85606723827220,13.331650,0.929266,0.555500,12.395147,0.000000,43
50,85606737158870,13.333971,0.814228,0.575419,12.513350,0.000000,43
51,85606750492841,13.331409,1.144850,0.662688,12.181161,0.000000,43
52,85606763824250,13.334945,0.987669,0.606334,12.341040,0.000000,43
53,85606777159195,13.334885,0.949024,0.625657,12.378493,0.000000,43
54,85606790494080,13.331259,1.046889,0.629919,12.277825,0.000000,43
55,85606803825339,13.332019,1.026568,0.621016,12.299386,0.000000,43
56,85606817157358,13.334725,0.865496,0.621745,12.463570,0.000000,43
57,85606830492083,13.332371,1.056961,0.673039,12.269472,0.000000,43
58,85606843824454,13.335321,0.846283,0.456016,12.483039,0.000000,43
59,85606857159775,13.333813,1.096271,0.677527,12.232285,0.000000,43
60,85606870493588,13.333835,1.015862,0.612509,12.310957,0.000000,43
61,85606883827423,13.332555,1.074638,0.633766,12.251328,0.000000,43
62,85606897159978,13.333271,0.963423,0.599501,12.363072,0.000000,43
63,85606910493249,13.335335,1.103093,0.746953,12.225162,0.000000,43
64,85606923828584,13.331470,0.973155,0.631633,12.351341,0.000000,43
65,85606937160054,13.333477,0.820256,0.650602,12.507246,0.000000,43
66,85606950493531,13.401159,1.416776,0.483408,11.972223,0.000000,43
67,85606963894690,13.423495,2.436523,0.450300,10.960174,0.000000,43
68,85606977318185,13.309670,1.728343,0.435348,11.557901,0.000000,43
69,85606990627855,13.333491,1.094234,0.503179,12.232149,0.000000,43
70,85607003961346,13.332801,1.025781,0.618314,12.300010,0.000000,43
71,85607017294147,13.332355,0.936363,0.613915,12.389949,0.000000,43
72,85607030626502,13.333528,0.979787,0.781306,12.347287,0.000000,43
73,85607043960030,13.334174,0.911041,0.615216,12.417301,0.000000,43
74,85607057294204,13.333459,0.896348,0.656734,12.430525,0.000000,43
75,85607070627663,13.336337,1.209144,0.683996,12.120408,0.000000,43
76,85607083964000,13.335620,1.051401,0.607933,12.276198,0.000000,43
77,85607097299620,13.332019,0.998709,0.666194,12.324520,0.000000,43
78,85607110631639,13.332185,1.085535,0.675433,12.237798,0.000000,43
79,85607123963824,13.332661,1.175762,0.581503,12.148181,0.000000,43
80,85607137296485,13.332123,0.993849,0.657957,12.331121,0.000000,43
81,85607150628608,13.334194,1.082603,0.653281,12.244194,0.000000,43
82,85607163962802,13.333338,1.119743,0.600658,12.206537,0.000000,43
83,85607177296140,13.330466,1.224485,0.622117,12.099214,0.000000,43
84,85607190626606,13.334287,0.992689,0.919199,12.335703,0.000000,43
85,85607203960893,13.333428,0.965433,0.505501,12.361848,0.000000,43
86,85607217294321,13.335046,0.912092,0.941071,12.416546,0.000000,43
87,85607230629367,13.333677,0.996153,0.615502,12.330840,0.000000,43
88,85607243963044,13.332814,1.094166,1.173817,12.231700,0.000000,43
89,85607257295858,13.332152,1.381995,0.584426,11.943161,0.000000,43
90,85607270628010,13.333588,0.965028,0.611703,12.362438,0.000000,43
91,85607283961598,13.333340,1.213540,0.566852,12.113888,0.000000,43
92,85607297294938,13.333913,0.934353,0.592515,12.393456,0.000000,43
93,85607310628851,13.333872,0.984075,0.667168,12.343334,0.000000,43
94,85607323962723,13.333419,0.997305,0.633732,12.330304,0.000000,43
95,85607337296142,13.333849,0.961557,0.622220,12.364673,0.000000,43
96,85607350629991,13.333570,1.023175,0.636173,12.304248,0.000000,43
97,85607363963561,13.333021,1.016583,0.633124,12.308888,0.000000,44
98,85607377296582,13.337728,0.944913,0.620153,12.385868,0.000000,44
99,85607390634310,13.333084,1.303623,0.653217,12.022226,0.000000,44
100,85607403967394,13.333686,1.787268,0.841011,11.539892,0.000000,44
101,85607417301080,13.333147,0.954005,0.610874,12.371042,0.000000,44
102,85607430634227,13.332468,1.028628,0.618954,12.296976,0.000000,44
103,85607443966695,13.334697,0.893480,0.617465,12.434945,0.000000,44
104,85607457301392,13.332067,0.851767,0.655734,12.473521,0.000000,44
105,85607470633459,13.333696,0.912242,0.626271,12.415355,0.000000,44
106,85607483967155,13.335619,1.076106,0.674371,12.252248,0.000000,44
107,85607497302774,13.332424,1.268513,0.662923,12.056625,0.000000,44
108,85607510635198,13.333019,1.032958,0.601792,12.293352,0.000000,44
109,85607523968217,13.331578,0.978956,0.572890,12.346488,0.000000,44
110,85607537299795,13.338542,0.812060,0.617971,12.518448,0.000000,44
111,85607550638337,13.328545,1.006685,0.660774,12.314512,0.000000,44
112,85607563966882,13.334024,1.144293,0.590089,12.183526,0.000000,44
113,85607577300906,13.332955,1.050308,0.648175,12.275784,0.000000,44
114,85607590633861,13.333455,1.016501,0.628749,12.310067,0.000000,44
115,85607603967316,13.332950,1.106068,0.604810,12.220768,0.000000,44
116,85607617300266,13.333398,0.893744,0.641659,12.434120,0.000000,44
117,85607630633664,13.334437,1.037496,0.668432,12.290266,0.000000,44
118,85607643968101,13.334636,1.088020,0.637965,12.240549,0.000000,44
119,85607657302737,13.334818,1.171582,0.650348,12.155543,0.000000,44
120,85607670637555,13.332587,1.066674,0.657886,12.257158,0.000000,44
121,85607683970142,13.331470,1.187047,0.627785,12.136556,0.000000,44
122,85607697301612,13.336474,0.949851,0.720715,12.379751,0.000000,44
123,85607710638086,13.332167,1.617503,0.803315,11.707182,0.000000,44
124,85607723970253,13.331505,1.339448,0.572500,11.986097,0.000000,44
125,85607737301758,13.336685,0.933453,0.707739,12.396299,0.000000,44
126,85607750638443,13.329699,1.260241,0.532969,12.062115,0.000000,44
127,85607763968142,13.333347,1.166813,0.526374,12.161156,0.000000,44
128,85607777301489,13.335592,0.938331,0.534360,12.389301,0.000000,44
129,85607790637081,13.331803,1.232144,0.550735,12.092649,0.000000,44
130,85607803968884,13.334184,1.261834,0.609529,12.064029,0.000000,44
131,85607817303068,13.332904,1.216071,0.729548,12.109064,0.000000,44
132,85607830635972,13.333987,1.079284,0.898973,12.248060,0.000000,44
133,85607843969959,13.334634,0.874781,0.727707,12.453889,0.000000,44
134,85607857304593,13.335737,0.978039,0.640154,12.349494,0.000000,44
135,85607870640330,13.330023,1.289952,0.515644,12.031942,0.000000,44
136,85607883970353,13.335951,1.578048,0.645495,11.750708,0.000000,44
137,85607897306304,13.331672,1.209840,0.620522,12.114129,0.000000,44
138,85607910637976,13.333188,1.450604,1.030388,11.875083,0.000000,44
139,85607923971164,13.332759,1.316072,0.838074,12.010133,0.000000,44
140,85607937303923,13.333229,0.977046,0.875876,12.349350,0.000000,44
141,85607950637152,13.333908,1.045086,0.502311,12.281395,0.000000,44
142,85607963971060,13.333079,1.347802,1.316992,11.978519,0.000000,44
143,85607977304139,13.334751,2.036538,0.764171,11.290838,0.000000,44
144,85607990638890,13.332127,1.408076,1.063766,11.917197,0.000000,44
145,85608003971017,13.334093,1.109060,0.851274,12.217842,0.000000,44
146,85608017305110,13.331486,1.137429,1.222608,12.187937,0.000000,44
147,85608030636596,13.339482,1.893951,0.636394,11.436560,0.000000,44
148,85608043976078,13.334875,1.127679,0.945159,12.195568,0.000000,44
149,85608057310953,13.326507,1.001990,0.743130,12.316450,0.000000,44
150,85608070637460,13.339280,0.955462,1.024753,12.374246,0.000000,44
151,85608083976740,13.327952,1.432341,1.542260,11.887602,0.000000,44
152,85608097304692,13.332723,3.797969,0.716403,9.527910,0.000000,44
153,85608110637415,13.339751,1.313612,0.865307,12.016804,0.000000,44
154,85608123977166,13.329652,1.216685,0.819087,12.103860,0.000000,44
155,85608137306818,13.330169,1.339581,0.579181,11.982528,0.000000,44
156,85608150636987,13.335969,1.088549,0.540071,12.241156,0.000000,44
157,85608163972956,13.330456,1.204342,0.993798,12.118952,0.000000,44
158,85608177303412,13.334131,1.435149,0.597189,11.891720,0.000000,44
159,85608190637543,13.335341,1.003035,0.564879,12.323801,0.000000,44
160,85608203972884,13.332787,1.270891,0.941547,12.055177,0.000000,44
161,85608217305671,13.335244,1.095691,0.558742,12.231730,0.000000,44
162,85608230640915,13.337093,1.434265,0.764942,11.892594,0.000000,44
163,85608243978008,13.328383,1.409072,0.554875,11.909949,0.000000,44
164,85608257306391,13.336068,1.536410,0.590335,11.790486,0.000000,44
165,85608270642459,13.331059,1.198927,0.467753,12.123514,0.000000,44
166,85608283973518,13.341517,1.036779,0.484020,12.293838,0.000000,44
167,85608297315035,13.461136,1.541627,0.855138,11.903435,0.000000,44
168,85608310776171,13.436874,2.224345,0.601180,11.181722,0.000000,44
169,85608324213045,13.310764,1.613563,0.585153,11.667554,0.000000,44
170,85608337523809,13.331075,0.978132,0.638122,12.345990,0.000000,44
171,85608350854884,13.335562,1.383212,0.610008,11.945816,0.000000,44
172,85608364190446,13.334311,1.038195,0.633269,12.287907,0.000000,44
173,85608377524757,13.336721,1.084091,0.521343,12.242265,0.000000,44
174,85608390861478,13.327070,1.309134,0.591718,12.009317,0.000000,44
175,85608404188548,13.338296,1.050642,0.641600,12.279758,0.000000,44
176,85608417526844,13.330974,1.046425,0.609481,12.275514,0.000000,44
177,85608430857818,13.333375,1.110126,0.549875,12.214768,0.000000,44
178,85608444191193,13.332722,1.052056,0.525977,12.273310,0.000000,44
179,85608457523915,13.333234,1.232962,1.036954,12.092256,0.000000,44
180,85608470857149,13.332695,0.992092,0.542307,12.333448,0.000000,44
181,85608484189844,13.338988,0.909995,0.525537,12.420236,0.000000,44
182,85608497528832,13.327983,0.978301,0.481971,12.341418,0.000000,44
183,85608510856815,13.332971,1.719942,0.766617,11.606480,0.000000,44
184,85608524189786,13.334732,1.399750,0.505325,11.928678,0.000000,44
185,85608537524518,13.334694,1.171827,0.765951,12.154995,0.000000,44
186,85608550859212,13.331742,1.151538,0.514259,12.171897,0.000000,44
187,85608564190954,13.334281,1.563565,0.529447,11.763153,0.000000,44
188,85608577525235,13.332412,1.429636,0.810297,11.894726,0.000000,44
189,85608590857647,13.338629,1.239923,1.044783,12.087954,0.000000,44
190,85608604196276,13.328400,1.496869,0.601824,11.822708,0.000000,44
191,85608617524676,13.334327,1.185309,0.818744,12.141386,0.000000,44
192,85608630859003,13.336120,1.808660,1.300761,11.519229,0.000000,44
193,85608644195123,13.341766,3.019250,0.613722,10.309617,0.000000,44
194,85608657536889,13.321542,1.181047,0.863548,12.131878,0.000000,44
195,85608670858431,13.332747,1.619446,0.442734,11.705395,0.000000,44
196,85608684191178,13.331840,1.134636,0.534154,12.190358,0.000000,44
197,85608697523018,13.333865,0.989954,0.479416,12.337590,0.000000,44
198,85608710856883,13.333069,1.260897,0.436278,12.066879,0.000000,44
199,85608724189952,13.333242,1.094289,0.450268,12.232377,0.000000,44
200,85608737523194,13.337044,0.990784,0.620822,12.339934,0.000000,44
201,85608750860238,13.332529,1.403009,0.994270,11.921359,0.000000,44
202,85608764192767,13.333719,1.132436,0.926625,12.192147,0.000000,44
203,85608777526486,13.333552,1.168608,1.094171,12.155872,0.000000,44
204,85608790860038,13.331366,1.048371,0.839903,12.275241,0.000000,44
205,85608804191404,13.335841,1.115891,1.035848,12.211637,0.000000,44
206,85608817527245,13.335457,0.832908,0.493251,12.494723,0.000000,44
207,85608830862702,13.329099,1.085493,0.550786,12.235917,0.000000,44
208,85608844191801,13.333509,0.886403,0.451433,12.441145,0.000000,45
209,85608857525310,13.332256,0.828180,0.401591,12.497240,0.000000,45
210,85608870857566,13.335721,0.986270,1.473443,12.342446,0.000000,45
211,85608884193287,16.872083,16.863707,1.508179,0.001243,0.000000,45
212,85608901065370,13.336966,0.769358,0.444362,12.561581,0.000000,45
213,85608914402336,13.336238,1.142842,0.463332,12.187041,0.000000,45
214,85608927738574,13.330546,0.893603,0.482643,12.428702,0.000000,45
215,85608941069120,13.332874,1.043045,0.451519,12.283387,0.000000,45
216,85608954401994,13.335313,0.869749,0.462528,12.458986,0.000000,45
217,85608967737307,13.330484,0.946307,0.442873,12.377555,0.000000,45
218,85608981067791,13.334164,0.847461,0.457047,12.480969,0.000000,45
219,85608994401955,13.336002,1.132036,0.453154,12.197114,0.000000,45
220,85609007737957,13.331645,0.891343,0.447876,12.433604,0.000000,45
221,85609021069602,13.333255,0.807361,0.335774,12.519454,0.000000,45
222,85609034402857,13.333791,0.885530,0.364185,12.441101,0.000000,45
223,85609047736648,13.334461,1.053081,0.334480,12.273770,0.000000,45
224,85609061071109,13.330687,0.932024,0.376082,12.391316,0.000000,45
225,85609074401796,13.336976,1.006738,0.389160,12.322455,0.000000,45
226,85609087738772,13.331688,0.953229,0.402326,12.371578,0.000000,45
227,85609101070460,13.332122,1.041632,0.370726,12.284825,0.000000,45
228,85609114402582,13.335935,0.897241,0.391312,12.432780,0.000000,45
229,85609127738517,13.331686,0.991415,0.443374,12.332834,0.000000,45
230,85609141070203,13.332999,0.764638,0.448438,12.562090,0.000000,45
231,85609154403202,13.335378,0.860494,0.478887,12.467891,0.000000,45
232,85609167738580,13.331205,0.937087,0.456941,12.386681,0.000000,45
233,85609181069785,13.335623,0.793823,0.460304,12.535211,0.000000,45
234,85609194405408,13.334287,0.928910,0.461364,12.397589,0.000000,45
235,85609207739695,13.331985,1.802822,0.410798,11.521380,0.000000,45
236,85609221071680,13.333956,0.944060,0.426371,12.382453,0.000000,45
237,85609234405636,13.332537,1.011103,0.316544,12.314023,0.000000,45
238,85609247738173,13.334843,0.888051,0.325530,12.439218,0.000000,45
239,85609261073016,13.329894,0.949750,0.303533,12.371141,0.000000,45
240,85609274402910,13.334538,0.973486,0.315287,12.354911,0.000000,45
241,85609287737448,13.335463,0.942415,0.316311,12.385381,0.000000,45
242,85609301072911,13.329590,0.931131,0.316856,12.391306,0.000000,45
243,85609314402501,13.334130,1.059050,0.325537,12.268468,0.000000,45
244,85609327736631,13.335229,0.810225,0.552614,12.518891,0.000000,45
245,85609341071860,13.331541,0.811205,0.427442,12.513844,0.000000,45
246,85609354403401,13.332620,0.898882,0.416982,12.428425,0.000000,45
247,85609367736021,13.334204,0.895187,0.457282,12.433144,0.000000,45
248,85609381070225,13.332204,0.896400,0.450723,12.429196,0.000000,45
249,85609394402429,13.333256,0.895540,0.430611,12.431540,0.000000,45
250,85609407735685,13.338718,0.863425,0.460603,12.468920,0.000000,45
251,85609421074403,13.329815,3.201778,0.436823,10.118038,0.000000,45
252,85609434404218,13.334041,0.820389,0.454867,12.508176,0.000000,45
253,85609447738259,13.332062,0.894362,0.443837,12.431679,0.000000,45
254,85609461070321,13.336483,0.822984,0.439847,12.506733,0.000000,45
255,85609474406804,13.332148,0.972516,0.470871,12.351546,0.000000,45
256,85609487738952,13.333777,0.844695,0.455202,12.483417,0.000000,45
257,85609501072729,13.335831,0.888337,0.449779,12.440264,0.000000,45
258,85609514408560,13.330509,1.080128,0.418269,12.242290,0.000000,45
259,85609527739069,13.333239,1.172035,0.364897,12.154647,0.000000,45
260,85609541072308,13.334273,0.904684,0.400946,12.422482,0.000000,45
261,85609554406581,13.332570,0.984842,0.368993,12.339734,0.000000,45
262,85609567739151,13.332943,0.811239,0.392306,12.515407,0.000000,45
263,85609581072094,13.334490,0.717210,0.275716,12.610208,0.000000,45
264,85609594406584,13.332834,0.830091,0.255502,12.495812,0.000000,46
265,85609607739418,13.331837,0.762384,0.260042,12.562963,0.000000,46
266,85609621071255,13.336629,0.733138,0.292877,12.596794,0.000000,46
267,85609634407884,13.331591,2.172623,0.280275,11.151888,0.000000,46
268,85609647739475,13.333182,0.919187,0.304127,12.407835,0.000000,46
269,85609661072657,13.335437,0.794003,0.289534,12.534669,0.000000,46
270,85609674408094,13.330945,0.925105,0.281772,12.398555,0.000000,46
271,85609687739039,13.335963,0.825789,0.280339,12.503461,0.000000,46
272,85609701075002,13.333914,0.698401,0.286368,12.628862,0.000000,46
273,85609714408916,13.330132,0.889542,0.370524,12.434485,0.000000,46
274,85609727739048,13.333510,0.818568,0.360741,12.509143,0.000000,46
275,85609741072558,13.335532,0.884475,0.396257,12.444485,0.000000,46
276,85609754408090,13.331154,0.931633,0.398561,12.393558,0.000000,46
277,85609767739244,13.334281,0.836536,0.404650,12.491631,0.000000,46
278,85609781073525,13.334217,0.784562,0.390407,12.543437,0.000000,46
279,85609794407742,13.347252,0.913826,0.285439,12.425946,0.000000,46
280,85609807754994,13.330573,0.907189,0.377327,12.415954,0.000000,46
281,85609821085567,13.333317,0.711626,0.378982,12.616036,0.000000,46
282,85609834418884,13.334145,0.778749,0.306096,12.549485,0.000000,46
283,85609847753029,13.331747,1.021698,0.270810,12.304423,0.000000,46
284,85609861084776,13.333733,0.657395,0.411913,12.670769,0.000000,46
285,85609874418509,13.334841,0.854889,0.400472,12.473105,0.000000,46
286,85609887753350,13.333634,0.968027,0.418806,12.358841,0.000000,46
287,85609901086984,13.334089,0.727561,0.397392,12.600493,0.000000,46
288,85609914421073,13.332724,0.921168,0.406253,12.405473,0.000000,46
289,85609927753797,13.332817,0.826751,0.414091,12.499333,0.000000,46
290,85609941086614,13.333374,0.786301,0.298289,12.540582,0.000000,46
291,85609954419988,13.336174,1.161409,0.242450,12.167351,0.000000,46
292,85609967756162,13.330664,0.887656,0.381459,12.436329,0.000000,46
293,85609981086826,13.333521,0.765254,0.521240,12.562110,0.000000,46
294,85609994420347,13.335189,0.825388,0.288802,12.503381,0.000000,46
295,85610007755536,13.331576,0.975567,0.220266,12.349188,0.000000,46
296,85610021087112,13.333004,0.721994,0.332790,12.605193,0.000000,46
297,85610034420116,13.336391,0.780559,0.391042,12.549129,0.000000,46
298,85610047756507,13.329970,0.846923,0.384055,12.476053,0.000000,46
299,85610061086477,13.333090,0.875311,0.374119,12.451842,0.000000,46
300,85610074419567,13.336645,0.861713,0.420800,12.468876,0.000000,46
301,85610087756212,13.330488,1.033376,0.402440,12.289625,0.000000,46
302,85610101086700,13.334277,0.661510,0.359472,12.666601,0.000000,46
303,85610114420977,13.333237,0.737627,0.373874,12.588905,0.000000,46
304,85610127754214,13.335247,0.781996,0.389291,12.546793,0.000000,46
305,85610141089461,13.331010,0.738693,0.354437,12.585605,0.000000,46
306,85610154420471,13.334781,0.785321,0.395008,12.542708,0.000000,46
307,85610167755252,13.333382,0.988672,0.398065,12.337743,0.000000,46
308,85610181088634,13.332769,0.715349,0.366687,12.610931,0.000000,46
309,85610194421403,13.332656,0.852187,0.386054,12.474499,0.000000,46
310,85610207754059,13.336112,0.775924,0.392352,12.552817,0.000000,46
311,85610221090171,13.331834,0.727312,0.392099,12.598134,0.000000,46
312,85610234422005,13.331961,0.805792,0.379089,12.520087,0.000000,46
313,85610247753966,13.334895,0.788821,0.408416,12.538755,0.000000,46
314,85610261088861,13.331883,0.738314,0.364922,12.587570,0.000000,46
315,85610274420744,13.334705,0.950223,0.278163,12.378769,0.000000,46
316,85610287755449,13.333982,0.771471,0.281578,12.555827,0.000000,46
317,85610301089431,13.332251,0.772868,0.267473,12.553031,0.000000,46
318,85610314421682,13.333453,0.758279,0.264097,12.569336,0.000000,46
319,85610327755135,13.336026,0.756764,0.295357,12.573119,0.000000,46
320,85610341091161,13.329074,0.837223,0.268806,12.485523,0.000000,46
321,85610354420235,13.332643,0.889525,0.350458,12.437479,0.000000,46
322,85610367752878,13.335966,0.814177,0.308609,12.516456,0.000000,46
323,85610381088844,13.334749,0.889890,0.357035,12.437665,0.000000,46
324,85610394423593,13.331877,0.798515,0.257976,12.527242,0.000000,46
325,85610407755470,13.335172,0.760623,0.257748,12.567379,0.000000,46
326,85610421090642,13.332256,0.679307,0.259028,12.646368,0.000000,46
327,85610434422898,13.333167,0.774334,0.249339,12.552593,0.000000,46
328,85610447756065,13.335442,0.751433,0.275566,12.576996,0.000000,46
329,85610461091507,13.331033,0.716921,0.352949,12.607188,0.000000,46
330,85610474422540,13.332888,0.759059,0.333137,12.566995,0.000000,46
331,85610487755428,13.334916,0.927832,0.387166,12.401181,0.000000,46
332,85610501090344,13.332222,0.811845,0.390772,12.512555,0.000000,46
333,85610514422566,13.331007,0.933057,0.366796,12.391925,0.000000,46
334,85610527753573,13.335910,0.784160,0.372473,12.546135,0.000000,46
335,85610541089483,13.333496,0.713650,0.385178,12.613883,0.000000,46
336,85610554422979,13.333171,0.911903,0.362106,12.413811,0.000000,46
337,85610567756150,13.333232,0.704093,0.391300,12.623176,0.000000,46
338,85610581089382,13.335097,0.660286,0.265226,12.668039,0.000000,46
339,85610594424479,13.331233,1.151943,0.264466,12.173310,0.000000,46
340,85610607755712,13.334299,0.790539,0.368874,12.537041,0.000000,46
341,85610621090011,13.336411,0.667677,0.387424,12.662086,0.000000,46
342,85610634426422,13.329650,0.827073,0.369506,12.496074,0.000000,46
343,85610647756072,13.332671,0.848227,0.362246,12.478950,0.000000,46
344,85610661088743,13.337364,0.743966,0.386791,12.586607,0.000000,46
345,85610674426107,13.331189,0.947730,0.372326,12.376452,0.000000,46
346,85610687757296,13.333407,0.916584,0.394849,12.410158,0.000000,46
347,85610701090703,13.335224,1.062979,0.407999,12.264473,0.000000,46
348,85610714425927,13.332027,0.995411,0.390747,12.328547,0.000000,46
349,85610727757954,13.331708,1.017324,0.364650,12.308287,0.000000,46
350,85610741089662,13.334968,0.776021,0.405678,12.552509,0.000000,46
351,85610754424630,13.334277,0.968046,0.414716,12.358381,0.000000,46
352,85610767758907,13.333211,0.971355,0.373548,12.354912,0.000000,46
353,85610781092118,13.333586,0.812630,0.360983,12.513820,0.000000,46
354,85610794425704,13.332370,0.891468,0.363761,12.434338,0.000000,46
355,85610807758074,13.332436,0.957385,0.361532,12.369009,0.000000,46
356,85610821090510,13.334434,0.620163,0.274682,12.708365,0.000000,46
357,85610834424944,13.331835,0.792925,0.343290,12.532867,0.000000,46
358,85610847756779,13.333040,0.716803,0.358106,12.611058,0.000000,46
359,85610861089819,13.334970,0.607304,0.357254,12.721474,0.000000,46
360,85610874424789,13.332338,0.734410,0.367301,12.591601,0.000000,46
361,85610887757127,13.334624,0.735552,0.377405,12.592697,0.000000,46
362,85610901091751,13.332240,0.683057,0.348766,12.643207,0.000000,46
363,85610914423991,13.333228,0.952277,0.352787,12.374614,0.000000,46
364,85610927757219,13.333096,0.726912,0.346993,12.600647,0.000000,46
365,85610941090315,13.334020,0.639041,0.344323,12.688927,0.000000,46
366,85610954424335,13.333004,0.726050,0.321737,12.601136,0.000000,46
367,85610967757339,13.333269,0.696337,0.313521,12.631784,0.000000,46
368,85610981090608,13.333558,0.604720,0.332350,12.723411,0.000000,46
369,85610994424166,13.334017,0.848017,0.330515,12.479218,0.000000,46
370,85611007758183,13.334934,0.883635,0.339011,12.445157,0.000000,46
371,85611021093117,13.330830,1.063315,0.352289,12.261018,0.000000,46
372,85611034423947,13.336300,0.895385,0.284524,12.434019,0.000000,46
373,85611047760247,13.332288,0.962520,0.262168,12.363493,0.000000,46
374,85611061092535,13.332863,0.691035,0.258941,12.635373,0.000000,46
375,85611074425398,13.335681,0.724023,0.356873,12.605281,0.000000,46
376,85611087761079,13.332847,0.788523,0.341444,12.537570,0.000000,46
377,85611101093926,13.333577,0.709885,0.330537,12.616379,0.000000,46
378,85611114427503,13.332751,0.778288,0.336507,12.547843,0.000000,46
379,85611127760254,13.332032,0.989877,0.361952,12.335247,0.000000,46
380,85611141092286,13.336891,0.716384,0.357414,12.613678,0.000000,46
381,85611154429177,13.330916,0.925116,0.313533,12.398070,0.000000,46
382,85611167760093,13.333567,0.874850,0.301656,12.451680,0.000000,46
383,85611181093660,13.332972,0.741091,0.306967,12.585407,0.000000,46
384,85611194426632,13.333680,0.791725,0.275956,12.535731,0.000000,46
385,85611207760312,13.334401,0.802233,0.300698,12.525617,0.000000,46
386,85611221094713,13.333995,0.735296,0.339240,12.591942,0.000000,46
387,85611234428708,13.331466,1.083293,0.340219,12.242207,0.000000,46
388,85611247760174,13.333694,0.833285,0.348296,12.493556,0.000000,46
389,85611261093868,13.333747,0.732417,0.326760,12.594017,0.000000,46
390,85611274427615,13.332908,0.854251,0.346357,12.471898,0.000000,46
391,85611287760523,13.333458,0.834857,0.341611,12.491578,0.000000,46
392,85611301093981,13.332791,0.706257,0.326906,12.620494,0.000000,46
393,85611314426772,13.333425,0.803804,0.326216,12.523623,0.000000,46
394,85611327760197,13.336337,0.859747,0.380014,12.469219,0.000000,46
395,85611341096534,13.330793,0.922361,0.337395,12.401364,0.000000,46
396,85611354427327,13.332495,0.801150,0.312925,12.525339,0.000000,46
397,85611367759822,13.334759,0.776392,0.356577,12.551974,0.000000,46
398,85611381094581,13.331996,0.716291,0.346604,12.609396,0.000000,46
399,85611394426577,13.333981,0.858509,0.300290,12.469893,0.000000,46
400,85611407760558,13.335067,0.732730,0.360661,12.596166,0.000000,46
401,85611421095625,13.332293,0.697653,0.286686,12.627915,0.000000,46
402,85611434427918,13.333530,0.845331,0.299953,12.481981,0.000000,46
403,85611447761448,13.333967,1.017648,0.322741,12.310092,0.000000,46
404,85611461095415,13.331744,0.727624,0.286673,12.597633,0.000000,46
405,85611474427159,13.333259,0.849025,0.296717,12.478421,0.000000,46
406,85611487760418,13.333885,0.764627,0.353849,12.563220,0.000000,46
407,85611501094303,13.334144,0.714527,0.345569,12.612979,0.000000,46
408,85611514428447,13.332861,0.808727,0.424624,12.517491,0.000000,47
409,85611527761308,13.334315,0.795721,0.519295,12.532242,0.000000,47
410,85611541095623,13.332647,0.711589,0.379483,12.614871,0.000000,47
411,85611554428270,13.332883,1.956035,0.294636,11.370778,0.000000,47
412,85611567761153,13.333897,0.819747,0.371151,12.508293,0.000000,47
413,85611581095050,13.333829,0.748678,0.322820,12.578191,0.000000,47
414,85611594428879,13.332375,0.770705,0.359185,12.555406,0.000000,47
415,85611607761254,13.335367,0.815401,0.368250,12.513055,0.000000,47
416,85611621096621,13.332600,0.714316,0.375839,12.612498,0.000000,47
417,85611634429221,13.333815,0.812118,0.375309,12.514984,0.000000,47
418,85611647763036,13.332526,0.848751,0.376600,12.477621,0.000000,47
419,85611661095562,13.339675,1.015400,0.324682,12.315832,0.000000,47
420,85611674435237,13.325498,1.002576,0.338522,12.315292,0.000000,47
421,85611687760735,13.337046,0.901749,0.404839,12.428337,0.000000,47
422,85611701097781,13.344442,0.954522,0.381002,12.375307,0.000000,47
423,85611714442223,13.319956,0.906161,0.381829,12.406106,0.000000,47
424,85611727762179,13.338501,0.910412,0.369216,12.421154,0.000000,47
425,85611741100680,13.333967,0.847112,0.372162,12.477431,0.000000,47
426,85611754434647,13.328414,0.899407,0.343619,12.420844,0.000000,47
427,85611767763061,13.335209,1.001623,0.334369,12.327047,0.000000,47
428,85611781098270,13.333361,0.836415,0.371545,12.489717,0.000000,47
429,85611794431631,13.330735,1.072417,0.357840,12.250931,0.000000,47
430,85611807762366,13.335484,0.805595,0.419758,12.522713,0.000000,47
431,85611821097850,13.331758,0.778893,0.479761,12.546365,0.000000,47
432,85611834429608,13.340318,0.799765,0.388933,12.530193,0.000000,47
433,85611847769926,13.327584,1.015759,0.435928,12.304398,0.000000,47
434,85611861097510,13.333740,0.777600,0.370051,12.548501,0.000000,47
435,85611874431250,13.332103,1.176108,0.468412,12.148745,0.000000,47
436,85611887763353,13.342609,0.994033,0.374125,12.336756,0.000000,47
437,85611901105962,13.324242,1.024263,0.330835,12.291398,0.000000,47
438,85611914430204,13.338213,0.857538,0.398017,12.472926,0.000000,47
439,85611927768417,13.329896,0.905650,0.371776,12.415841,0.000000,47
440,85611941098313,13.339243,0.842039,0.329129,12.487675,0.000000,47
441,85611954437556,13.327188,0.992230,0.374704,12.326951,0.000000,47
442,85611967764744,13.333271,0.819007,0.440930,12.507487,0.000000,47
443,85611981098015,13.331265,1.023719,0.347178,12.301772,0.000000,47
444,85611994429280,13.335082,0.766079,0.377251,12.563205,0.000000,47
445,85612007764362,13.332212,0.811908,0.350252,12.514278,0.000000,47
446,85612021096574,13.335628,0.743404,0.445732,12.585512,0.000000,47
447,85612034432202,13.333947,1.026332,0.495930,12.299578,0.000000,47
448,85612047766149,13.331563,1.035750,0.381580,12.288949,0.000000,47
449,85612061097712,13.335397,0.710396,0.478366,12.618485,0.000000,47
450,85612074433109,13.331870,1.104428,0.373996,12.221039,0.000000,47
451,85612087764979,13.333203,1.375359,0.377800,11.950242,0.000000,47
452,85612101098182,13.345974,0.806888,0.581845,12.527160,0.000000,47
453,85612114444156,13.320870,0.990882,0.585394,12.320587,0.000000,47
454,85612127765026,13.332448,1.040795,0.392503,12.284297,0.000000,47
455,85612141097474,13.336149,0.717857,0.382326,12.610574,0.000000,47
456,85612154433623,13.331285,0.900212,0.466102,12.424240,0.000000,47
457,85612167764908,13.336319,0.884849,0.393876,12.442194,0.000000,47
458,85612181101227,13.331352,0.886947,0.391318,12.435035,0.000000,47
459,85612194432579,13.336402,1.170358,0.397488,12.155595,0.000000,47
460,85612207768981,13.328673,0.985566,0.435247,12.335883,0.000000,47
461,85612221097654,13.336267,0.796850,0.467482,12.532929,0.000000,47
462,85612234433921,13.335529,0.996116,0.406118,12.330239,0.000000,47
463,85612247769450,13.329866,0.959667,0.403014,12.361386,0.000000,47
464,85612261099316,13.336205,0.795168,0.381373,12.531656,0.000000,47
465,85612274435521,13.329433,0.955096,0.386674,12.367783,0.000000,47
466,85612287764954,13.333048,0.774492,0.394646,12.553095,0.000000,47
467,85612301098002,13.333010,0.884974,0.450330,12.441497,0.000000,47
468,85612314431012,13.334565,0.835411,0.375401,12.492187,0.000000,47
469,85612327765577,13.334406,0.896443,0.421460,12.431232,0.000000,47
470,85612341099983,13.332033,0.815762,0.359352,12.510007,0.000000,47
471,85612354432016,13.343995,0.926325,0.281713,12.406741,0.000000,47
472,85612367776011,13.325520,0.848797,0.320163,12.467201,0.000000,47
473,85612381101531,13.333943,0.916455,0.300350,12.407878,0.000000,47
474,85612394435474,13.332441,0.938680,0.259804,12.385706,0.000000,47
475,85612407767915,13.333236,1.350456,0.275945,11.974902,0.000000,47
476,85612421101151,13.330769,1.018142,0.360692,12.306422,0.000000,47
477,85612434431920,13.335017,0.908888,0.436470,12.418610,0.000000,47
478,85612447766937,13.337149,1.094235,0.368740,12.233741,0.000000,47
479,85612461104086,13.328390,0.888207,0.350751,12.432406,0.000000,47
480,85612474432476,13.335038,0.934473,0.374112,12.394742,0.000000,47
481,85612487767514,13.340918,1.008456,0.357360,12.322748,0.000000,47
482,85612501108432,13.325063,0.912011,0.363268,12.405561,0.000000,47
483,85612514433495,13.338179,0.967243,0.441662,12.360803,0.000000,47
484,85612527771674,13.330089,0.909140,0.383473,12.412692,0.000000,47
485,85612541101763,13.335290,0.896138,0.362459,12.429928,0.000000,47
486,85612554437053,13.331354,1.033569,0.466168,12.290610,0.000000,47
487,85612567768407,13.336397,0.990943,0.394028,12.336153,0.000000,47
488,85612581104804,13.330004,0.756266,0.454415,12.565988,0.000000,47
489,85612594434808,13.331953,0.966305,0.426630,12.359492,0.000000,47
490,85612607766761,13.335054,0.945031,0.364023,12.382853,0.000000,47
491,85612621101815,13.332971,1.177893,0.340881,12.147416,0.000000,47
492,85612634434786,13.334413,0.977852,0.436400,12.347776,0.000000,47
493,85612647769199,13.331932,0.946784,0.417260,12.377987,0.000000,47
494,85612661101131,13.332032,0.888370,0.322290,12.437817,0.000000,47
495,85612674433163,13.334174,0.866179,0.334261,12.461873,0.000000,47
496,85612687767337,13.333502,0.759128,0.412413,12.568186,0.000000,47
497,85612701100839,13.332403,0.861870,0.344496,12.464675,0.000000,47
498,85612714433242,13.333558,0.950387,0.338271,12.377014,0.000000,47
499,85612727766800,13.333519,1.102541,0.400862,12.225406,0.000000,47
500,85612741100319,13.340261,0.717584,0.343091,12.614547,0.000000,47
501,85612754440580,13.331159,0.958220,0.360159,12.362899,0.000000,47
502,85612767771739,13.328627,0.811655,0.441884,12.510758,0.000000,47
503,85612781100366,13.336092,0.780307,0.361386,12.549293,0.000000,47
504,85612794436458,13.343370,0.892665,0.366225,12.438951,0.000000,47
505,85612807779828,13.324099,0.820449,0.374888,12.492161,0.000000,47
506,85612821103927,13.330264,0.791678,0.455561,12.532026,0.000000,47
507,85612834434191,13.333679,1.141097,0.464432,12.186861,0.000000,47
508,85612847767870,13.332233,0.909130,0.443222,12.417133,0.000000,47
509,85612861100103,13.335102,0.760274,0.408658,12.569633,0.000000,47
510,85612874435205,13.332700,0.864701,0.415883,12.461649,0.000000,47
511,85612887767905,13.334756,0.875512,0.516268,12.452728,0.000000,47
512,85612901102661,13.333132,0.869074,0.481404,12.457858,0.000000,47
513,85612914435793,13.330825,0.993226,0.534431,12.331263,0.000000,47
514,85612927766618,13.333617,0.991427,0.471617,12.336849,0.000000,47
515,85612941100235,13.333173,1.129712,0.434014,12.197779,0.000000,47
516,85612954433408,13.332729,0.864869,0.456445,12.462358,0.000000,47
517,85612967766137,13.333966,0.818829,0.469449,12.509316,0.000000,47
518,85612981100103,13.337619,0.795604,0.419730,12.533978,0.000000,47
519,85612994437722,13.334981,0.992469,0.413019,12.331452,0.000000,47
520,85613007772703,13.332759,0.891112,0.417989,12.431802,0.000000,47
521,85613021105462,13.336660,0.842026,0.463959,12.486945,0.000000,47
522,85613034442122,13.331852,0.993073,0.387044,12.330296,0.000000,47
523,85613047773974,13.339578,1.154172,0.439864,12.177428,0.000000,47
524,85613061113552,13.329598,0.897261,0.528166,12.424683,0.000000,47
525,85613074443150,13.332920,1.093462,0.534757,12.231361,0.000000,47
526,85613087776070,13.342901,0.885668,0.528372,12.444744,0.000000,47
527,85613101118971,13.329207,0.787815,0.449433,12.529749,0.000000,47
528,85613114448178,13.326982,1.133146,0.643701,12.186609,0.000000,48
529,85613127775160,13.332919,1.030617,0.427933,12.295592,0.000000,48
530,85613141108079,13.333190,0.986035,0.476305,12.340633,0.000000,48
531,85613154441269,13.334844,2.138013,0.519092,11.190097,0.000000,48
532,85613167776113,13.329928,1.059752,0.524632,12.264293,0.000000,48
533,85613181106041,13.339504,0.952241,0.374835,12.378920,0.000000,48
534,85613194445545,13.331822,0.951636,0.476751,12.373606,0.000000,48
535,85613207777367,13.329418,1.064061,0.558819,12.258122,0.000000,48
536,85613221106785,13.339367,0.894113,0.500675,12.438063,0.000000,48
537,85613234446152,13.335949,1.191269,0.588173,12.133040,0.000000,48
538,85613247782101,13.327794,0.993220,0.454906,12.324736,0.000000,48
539,85613261109895,13.336532,1.269503,0.460373,12.059826,0.000000,48
540,85613274446427,13.330619,1.077145,0.528710,12.245231,0.000000,48
541,85613287777046,13.338297,1.012943,0.453019,12.317053,0.000000,48
542,85613301115343,13.332608,0.986523,0.434319,12.338088,0.000000,48
543,85613314447951,13.330600,1.094591,0.486265,12.227238,0.000000,48
544,85613327778551,13.329961,1.064617,0.533631,12.257733,0.000000,48
545,85613341108512,13.333120,0.917537,0.462342,12.409917,0.000000,48
546,85613354441632,13.336088,0.965626,0.553902,12.363381,0.000000,48
547,85613367777720,13.334212,1.350721,0.502305,11.975497,0.000000,48
548,85613381111932,13.334826,1.010654,0.523726,12.313796,0.000000,48
549,85613394446758,13.328011,0.984068,0.461285,12.336805,0.000000,48
550,85613407774769,13.335841,0.906236,0.504113,12.423393,0.000000,48
551,85613421110610,13.333811,0.932024,0.498563,12.393877,0.000000,48
552,85613434444421,13.331688,0.932044,0.478624,12.393191,0.000000,48
553,85613447776109,13.334956,0.949654,0.366951,12.377956,0.000000,48
554,85613461111065,13.333200,0.946055,0.520166,12.379798,0.000000,48
555,85613474444265,13.334579,1.341232,0.472311,11.985068,0.000000,48
556,85613487778844,13.332159,1.027636,0.457939,12.297065,0.000000,48
557,85613501111003,13.338693,0.912587,0.441593,12.415929,0.000000,48
558,85613514449696,13.329411,0.930780,0.471937,12.389809,0.000000,48
559,85613527779107,13.331657,1.066534,0.510464,12.257316,0.000000,48
560,85613541110764,13.333683,0.933769,0.524997,12.392624,0.000000,48
561,85613554444447,13.336812,0.896464,0.516403,12.433613,0.000000,48
562,85613567781259,13.330729,0.981084,0.460008,12.342194,0.000000,48
563,85613581111988,13.332839,1.055017,0.473058,12.270852,0.000000,48
564,85613594444827,13.339128,0.901309,0.503257,12.430459,0.000000,48
565,85613607783955,13.328956,1.033543,0.455861,12.288603,0.000000,48
566,85613621112911,13.331328,0.868642,0.536086,12.456334,0.000000,48
567,85613634444239,13.333666,1.072651,0.595329,12.255221,0.000000,48
568,85613647777905,13.337612,1.473504,0.696234,11.856018,0.000000,48
569,85613661115517,13.329913,0.883005,0.450481,12.438993,0.000000,48
570,85613674445430,13.333489,0.938713,0.491734,12.389467,0.000000,48
571,85613687778919,13.334120,1.183627,0.531280,12.143990,0.000000,48
572,85613701113039,13.334462,0.918408,0.678309,12.406725,0.000000,48
573,85613714447501,13.331193,1.163073,0.413789,12.161060,0.000000,48
574,85613727778694,13.334481,1.170799,0.488982,12.155987,0.000000,48
575,85613741113175,13.338132,1.025954,0.321292,12.302110,0.000000,48
576,85613754451307,13.329324,1.079574,0.335710,12.239690,0.000000,48
577,85613767780631,13.332694,1.061235,0.441520,12.264070,0.000000,48
578,85613781113325,13.333594,0.822660,0.385200,12.504579,0.000000,48
579,85613794446919,13.337547,1.275990,0.563460,12.053308,0.000000,48
580,85613807784466,13.329533,1.336882,0.325102,11.984353,0.000000,48
581,85613821113999,13.348787,1.146305,0.305483,12.195296,0.000000,48
582,85613834462786,13.345339,1.358044,0.569106,11.974118,0.000000,48
583,85613847808125,13.325194,1.346697,0.445836,11.966684,0.000000,48
584,85613861133319,13.331533,0.891978,0.509367,12.429820,0.000000,48
585,85613874464852,13.336363,0.990385,0.504871,12.335585,0.000000,48
586,85613887801215,13.333364,1.068868,0.457861,12.253601,0.000000,48
587,85613901134579,13.334022,1.081360,0.551262,12.241943,0.000000,48
588,85613914468601,13.327900,0.923132,0.559757,12.397840,0.000000,48
589,85613927796501,13.330589,1.161292,0.482042,12.163850,0.000000,48
590,85613941127090,13.334124,0.762361,0.475244,12.565334,0.000000,48
591,85613954461214,13.334156,1.254449,0.458704,12.072391,0.000000,48
592,85613967795370,13.333112,1.162061,0.432803,12.163810,0.000000,48
593,85613981128482,13.334895,0.935324,0.389967,12.391101,0.000000,48
594,85613994463377,13.334025,0.933532,0.381465,12.391987,0.000000,48
595,85614007797402,13.333078,1.394133,0.494141,11.929645,0.000000,48
596,85614021130480,13.330034,0.934022,0.496008,12.390236,0.000000,48
597,85614034460514,13.337030,1.045140,0.323645,12.284863,0.000000,48
598,85614047797544,13.331042,1.123823,0.364048,12.198899,0.000000,48
599,85614061128586,13.333110,1.037329,0.327712,12.288204,0.000000,48
600,85614074461696,13.334634,1.061238,0.305819,12.265689,0.000000,48
601,85614087796330,13.334881,1.037759,0.374282,12.286766,0.000000,48
602,85614101131211,13.336770,0.877104,0.399122,12.450748,0.000000,48
603,85614114467981,13.330932,1.826344,0.428735,11.495646,0.000000,48
604,85614127798913,13.329392,1.055111,0.400914,12.266683,0.000000,48
605,85614141128305,13.335300,0.878924,0.435024,12.449641,0.000000,48
606,85614154463605,13.334774,1.153119,0.418365,12.174113,0.000000,48
607,85614167798379,13.332223,1.141934,0.416529,12.182228,0.000000,48
608,85614181130602,13.333747,0.916120,0.384570,12.410039,0.000000,48
609,85614194464349,13.334979,1.181538,0.520293,12.146140,0.000000,48
610,85614207799328,13.329327,2.954954,0.433317,10.365412,0.000000,48
611,85614221128655,13.336201,1.130007,0.397476,12.199477,0.000000,48
612,85614234464856,13.334762,0.996781,0.409410,12.329950,0.000000,48
613,85614247799618,13.335080,1.116336,0.595970,12.206754,0.000000,48
614,85614261134698,13.339199,0.942201,0.358732,12.383938,0.000000,48
615,85614274473897,13.325404,1.101474,0.454268,12.216481,0.000000,48
616,85614287799301,13.335846,1.268097,0.414048,12.059169,0.000000,48
617,85614301135147,13.331014,0.948415,0.371087,12.373496,0.000000,48
618,85614314466161,13.333063,1.117079,0.367083,12.208273,0.000000,48
619,85614327799224,13.335365,1.436292,0.373568,11.890498,0.000000,48
620,85614341134589,13.329412,1.045928,0.354250,12.275149,0.000000,48
621,85614354464001,13.334583,1.174548,0.442000,12.153275,0.000000,48
622,85614367798584,13.335903,1.039259,0.602520,12.288093,0.000000,48
623,85614381134487,13.330097,1.006294,0.652307,12.315472,0.000000,48
624,85614394464584,13.334290,1.131860,0.442050,12.194127,0.000000,48
625,85614407798874,13.334307,1.014621,0.472896,12.309795,0.000000,48
626,85614421133181,13.342806,0.962965,0.354488,12.372601,0.000000,48
627,85614434475987,13.331803,1.401055,0.408619,11.923608,0.000000,48
628,85614447807790,13.341899,4.944351,0.651942,8.388692,0.000000,48
629,85614461149689,13.332449,0.997548,0.441777,12.327050,0.000000,48
630,85614474482138,13.335694,1.020652,0.400344,12.306146,0.000000,48
631,85614487817832,13.329893,1.115528,0.533124,12.206859,0.000000,48
632,85614501147725,13.334223,0.965033,0.315713,12.361373,0.000000,48
633,85614514481948,13.338775,1.131009,0.393300,12.197081,0.000000,48
634,85614527820723,13.329532,1.033167,0.444074,12.287540,0.000000,48
635,85614541150255,13.332632,1.327319,0.509938,11.998208,0.000000,48
636,85614554482887,13.333795,3.883669,0.404564,9.441275,0.000000,48
637,85614567816682,13.333307,1.251027,0.483365,12.074464,0.000000,48
638,85614581149989,13.331979,0.978158,0.361412,12.346572,0.000000,48
639,85614594481968,13.332270,1.034543,0.365141,12.291504,0.000000,48
640,85614607814238,13.335467,0.961718,0.376108,12.367274,0.000000,48
641,85614621149705,13.334513,0.944600,0.384541,12.381956,0.000000,48
642,85614634484218,13.332908,1.039158,0.397921,12.284429,0.000000,48
643,85614647817126,13.332355,1.308145,0.382905,12.016470,0.000000,48
644,85614661149481,13.333919,3.664507,0.515229,9.662719,0.000000,48
645,85614674483400,13.332289,1.135096,0.377756,12.188939,0.000000,48
646,85614687815689,13.335098,1.442689,0.305755,11.885742,0.000000,48
647,85614701150787,13.333712,0.871787,0.295324,12.455059,0.000000,48
648,85614714484499,13.333352,0.873072,0.346929,12.453229,0.000000,49
649,85614727817851,13.333282,0.972755,0.279071,12.352734,0.000000,49
650,85614741151133,13.335736,1.005236,0.386470,12.322884,0.000000,49
651,85614754486869,13.332425,2.973983,0.785768,10.348806,0.000000,49
652,85614767819294,13.329193,4.186919,0.727741,9.134015,0.000000,49
653,85614781148487,13.339944,0.909896,0.532983,12.421668,0.000000,49
654,85614794488431,13.336789,1.292285,0.723841,12.029195,0.000000,49
655,85614807825220,13.326796,1.284698,0.534971,12.029269,0.000000,49
656,85614821152016,13.330333,1.134811,0.430556,12.188344,0.000000,49
657,85614834482349,13.336808,0.993700,0.432236,12.336040,0.000000,49
658,85614847819157,13.329604,1.126195,0.520990,12.194573,0.000000,49
659,85614861148761,13.337581,1.172084,0.583132,12.158874,0.000000,49
660,85614874486342,13.339698,3.932906,0.499157,9.393381,0.000000,49
661,85614887826040,13.325427,1.132846,0.768334,12.182811,0.000000,49
662,85614901151467,13.335642,0.922877,0.524397,12.404345,0.000000,49
663,85614914487109,13.328632,1.241791,0.435844,12.079875,0.000000,49
664,85614927815741,13.336202,1.079506,0.376672,12.248523,0.000000,49
665,85614941151943,13.330656,0.777918,0.361702,12.542995,0.000000,49
666,85614954482599,13.336373,0.851236,0.460323,12.475104,0.000000,49
667,85614967818972,13.329896,1.300441,0.606470,12.020557,0.000000,49
668,85614981148868,13.335199,3.454227,0.289446,9.871122,0.000000,49
669,85614994484067,13.334193,0.975327,0.472586,12.348176,0.000000,49
670,85615007818260,13.332236,0.992902,0.457974,12.327637,0.000000,49
671,85615021150496,13.334145,0.796107,0.421632,12.529060,0.000000,49
672,85615034484641,13.333257,0.899416,0.542030,12.425020,0.000000,49
673,85615047817898,13.333149,1.053283,0.514718,12.270625,0.000000,49
674,85615061151047,13.337544,0.871466,0.481653,12.458530,0.000000,49
675,85615074488591,13.335088,1.442889,0.555438,11.884691,0.000000,49
676,85615087823679,13.330056,4.111540,0.476815,9.210931,0.000000,49
677,85615101153735,13.334974,0.957405,0.413022,12.370988,0.000000,49
678,85615114488709,13.332420,1.089246,0.540992,12.235915,0.000000,49
679,85615127821129,13.345838,1.086236,0.572759,12.251848,0.000000,49
680,85615141166967,13.332327,0.974888,0.591264,12.349655,0.000000,49
681,85615154499294,13.334852,1.164418,0.575295,12.161499,0.000000,49
682,85615167834146,13.334290,1.131432,0.544710,12.195019,0.000000,49
683,85615181168436,13.331039,1.380928,0.529772,11.941298,0.000000,49
684,85615194499475,13.333879,3.972686,0.472222,9.353492,0.000000,49
685,85615207833354,13.334234,1.101465,0.603033,12.224874,0.000000,49
686,85615221167588,13.331765,0.956929,0.871740,12.366811,0.000000,49
687,85615234499353,13.334177,0.906709,0.711205,12.420044,0.000000,49
688,85615247833530,13.330960,1.168459,0.849288,12.155797,0.000000,49
689,85615261164490,13.333744,1.422942,0.766414,11.904973,0.000000,49
690,85615274498234,13.334247,0.864143,0.651559,12.464301,0.000000,49
691,85615287832481,13.334030,1.448278,0.733603,11.879190,0.000000,49
692,85615301166511,13.331648,3.551917,0.983383,9.773721,0.000000,49
693,85615314498159,13.333252,1.066868,0.957119,12.260423,0.000000,49
694,85615327831411,13.335189,1.265940,0.871410,12.062815,0.000000,49
695,85615341166600,13.331672,1.307786,1.104803,12.017336,0.000000,49
696,85615354498272,13.335686,1.625132,1.386122,11.704104,0.000000,49
697,85615367833958,13.333811,1.038306,0.697122,12.288165,0.000000,49
698,85615381167769,13.332765,1.231890,0.697459,12.093914,0.000000,49
699,85615394500534,13.332981,1.677445,0.974806,11.649142,0.000000,49
700,85615407833515,13.335841,3.835052,0.667305,9.494406,0.000000,49
701,85615421169356,13.331526,1.054298,1.041539,12.269425,0.000000,49
702,85615434500882,13.332598,1.071016,0.967924,12.255374,0.000000,49
703,85615447833480,13.333571,0.928206,1.169382,12.399819,0.000000,49
704,85615461167051,13.333969,0.857926,0.873738,12.469093,0.000000,49
705,85615474501020,13.332694,1.055449,0.674547,12.270772,0.000000,49
706,85615487833714,13.335130,1.008431,0.413194,12.321207,0.000000,49
707,85615501168844,13.333350,1.415890,0.615715,11.909778,0.000000,49
708,85615514502194,13.330368,3.473004,1.078265,9.850429,0.000000,49
709,85615527832562,13.336336,1.164932,1.178081,12.164789,0.000000,49
710,85615541168898,13.331866,1.416449,1.434984,11.907526,0.000000,49
711,85615554500764,13.333579,1.738938,0.953247,11.587283,0.000000,49
712,85615567834343,13.332179,1.450702,1.088877,11.873703,0.000000,49
713,85615581166522,13.335784,0.938446,0.725314,12.388724,0.000000,49
714,85615594502306,13.337183,1.412328,0.592592,11.914050,0.000000,49
715,85615607839489,13.330575,1.741046,0.760375,11.579933,0.000000,49
716,85615621170064,13.329408,3.504701,0.586482,9.817506,0.000000,49
717,85615634499472,13.338863,0.985850,0.657373,12.343750,0.000000,49
718,85615647838335,13.331000,1.195999,0.583691,12.127519,0.000000,49
719,85615661169335,13.332618,0.922208,0.579054,12.404050,0.000000,49
720,85615674501953,13.334088,1.067153,0.627858,12.260283,0.000000,49
721,85615687836041,13.330066,1.487252,0.585560,11.836789,0.000000,49
722,85615701166107,13.336923,0.772273,0.637933,12.558697,0.000000,49
723,85615714503030,13.332056,1.734244,0.587525,11.590428,0.000000,49
724,85615727835086,13.333861,3.519927,0.545189,9.807109,0.000000,49
725,85615741168947,13.335664,1.019484,0.660464,12.308589,0.000000,49
726,85615754504611,13.330819,1.065080,0.664517,12.257242,0.000000,49
727,85615767835430,13.333903,1.347012,0.656935,11.979878,0.000000,49
728,85615781169333,13.334855,0.849339,0.533444,12.477262,0.000000,49
729,85615794504188,13.332122,1.097474,0.642404,12.227738,0.000000,49
730,85615807836310,13.335856,1.406373,0.661845,11.921652,0.000000,49
731,85615821172166,13.331785,1.470023,0.723191,11.854085,0.000000,49
732,85615834503951,13.330975,4.186867,0.527774,9.135762,0.000000,49
733,85615847834926,13.333171,1.209329,0.557678,12.117424,0.000000,49
734,85615861168097,13.337990,1.128128,0.541055,12.202920,0.000000,49
735,85615874506087,13.329629,1.513770,0.596391,11.807986,0.000000,49
736,85615887835716,13.341796,1.608706,0.543772,11.722603,0.000000,49
737,85615901177512,13.330660,1.149050,0.654271,12.169289,0.000000,49
738,85615914508172,13.335136,1.274956,0.559938,12.049035,0.000000,49
739,85615927843308,13.327432,1.405607,0.652963,11.912501,0.000000,49
740,85615941170740,13.331117,4.312593,0.600645,9.011407,0.000000,49
741,85615954501857,13.336699,1.162581,0.678661,12.167696,0.000000,49
742,85615967838556,13.332992,1.278696,0.358461,12.047568,0.000000,49
743,85615981171548,13.332418,1.140001,0.388271,12.184006,0.000000,49
744,85615994503966,13.441543,1.189875,0.617840,12.244562,0.000000,49
745,85616007945509,13.334093,1.177984,0.660801,12.148070,0.000000,49
746,85616021279602,13.337030,1.381713,0.598614,11.943473,0.000000,49
747,85616034616632,13.330262,1.403984,0.657790,11.917958,0.000000,49
748,85616047946894,13.330743,4.099730,0.621365,9.222328,0.000000,49
749,85616061277637,13.333997,1.139209,0.591032,12.187402,0.000000,49
750,85616074611634,13.332303,1.640451,0.634637,11.684640,0.000000,49
751,85616087943937,13.337848,1.415302,0.596591,11.914790,0.000000,49
752,85616101281785,13.327721,1.209786,0.493912,12.110067,0.000000,49
753,85616114609506,13.345181,1.131397,0.631060,12.202204,0.000000,49
754,85616127954687,13.320500,1.249001,0.566340,12.065072,0.000000,49
755,85616141275187,13.348241,1.232335,0.449357,12.109827,0.000000,49
756,85616154623428,13.335462,4.197860,0.567905,9.127530,0.000000,49
757,85616167958890,13.332203,1.208891,0.576093,12.115389,0.000000,49
758,85616181291093,13.332650,1.114514,0.573559,12.210883,0.000000,49
759,85616194623743,13.340240,1.300678,0.415056,12.028402,0.000000,49
760,85616207963983,13.326456,1.166053,0.543977,12.150995,0.000000,50
761,85616221290439,13.339235,1.157391,0.641382,12.172798,0.000000,50
762,85616234629674,13.331127,1.453883,0.654797,11.865707,0.000000,50
763,85616247960801,13.328689,1.581005,0.754743,11.740755,0.000000,50
764,85616261289490,13.332436,3.982622,0.572873,9.344228,0.000000,50
765,85616274621926,13.336936,1.120571,0.377579,12.209845,0.000000,50
766,85616287958862,13.335156,1.248174,0.568730,12.077248,0.000000,50
767,85616301294018,13.329296,1.437094,0.520295,11.885810,0.000000,50
768,85616314623314,13.403490,1.225851,0.551052,12.169420,0.000000,50
769,85616328026804,13.326325,1.317361,0.516576,12.002507,0.000000,50
770,85616341353129,13.336662,1.145821,0.593941,12.184690,0.000000,50
771,85616354689791,13.351599,1.664941,0.639730,11.679022,0.000000,50
772,85616368041390,13.333193,3.991133,0.429958,9.336007,0.000000,50
773,85616381374583,13.334363,1.122324,0.528331,12.204047,0.000000,50
774,85616394708946,13.335403,1.223533,0.526395,12.104267,0.000000,50
775,85616408044349,13.329537,1.103581,0.579364,12.219616,0.000000,50
776,85616421373886,13.338943,1.098424,0.586398,12.232688,0.000000,50
777,85616434712829,13.326064,1.041942,0.540870,12.278508,0.000000,50
778,85616448038893,13.336474,0.944424,0.566021,12.386234,0.000000,50
779,85616461375367,13.333547,1.222277,0.587769,12.104335,0.000000,50
780,85616474708914,13.332031,3.910825,0.539526,9.414890,0.000000,50
781,85616488040945,13.338837,1.069013,0.624158,12.260654,0.000000,50
782,85616501379782,13.329583,1.217672,0.558986,12.104318,0.000000,50
783,85616514709365,13.333280,1.104475,0.587798,12.220652,0.000000,50
784,85616528042645,13.332559,1.579150,0.582004,11.746228,0.000000,50
785,85616541375204,13.334367,1.407585,0.549793,11.920111,0.000000,50
786,85616554709571,13.333009,1.262519,0.686592,12.063296,0.000000,50
787,85616568042580,13.333277,1.315158,0.566786,12.011093,0.000000,50
788,85616581375857,13.333884,3.970118,0.534331,9.355596,0.000000,50
789,85616594709741,13.338289,1.079219,0.577618,12.249319,0.000000,50
790,85616608048030,13.327491,1.486234,0.568773,11.833721,0.000000,50
791,85616621375521,13.335830,1.420518,0.561850,11.907077,0.000000,50
792,85616634711351,13.335194,1.302907,0.537056,12.024372,0.000000,50
793,85616648046545,13.332890,1.182338,0.533567,12.142105,0.000000,50
794,85616661379435,13.331310,1.068393,0.401287,12.254477,0.000000,50
795,85616674710745,13.331682,1.337069,0.492205,11.988841,0.000000,50
796,85616688042427,13.334658,4.171099,0.565683,9.156728,0.000000,50
797,85616701377085,13.335414,0.956498,0.594360,12.370745,0.000000,50
798,85616714712499,13.332233,1.217597,0.558345,12.107143,0.000000,50
799,85616728044732,13.332680,1.147918,0.575009,12.177490,0.000000,50
800,85616741377412,13.332813,1.095383,0.592812,12.230885,0.000000,50
801,85616754710225,13.333331,1.136684,0.504280,12.188005,0.000000,50
802,85616768043556,13.335294,1.047868,0.384139,12.279010,0.000000,50
803,85616781378850,13.332905,1.461154,0.435681,11.865271,0.000000,50
804,85616794711755,13.332385,4.078367,0.341233,9.247857,0.000000,50
805,85616808044140,13.331846,1.045744,0.485663,12.280052,0.000000,50
806,85616821375986,13.338724,0.906397,0.534619,12.424347,0.000000,50
807,85616834714710,13.336286,1.280048,0.352897,12.043761,0.000000,50
808,85616848050996,13.327346,1.194089,0.510376,12.125815,0.000000,50
809,85616861378342,13.332445,1.009625,0.565160,12.317215,0.000000,50
810,85616874710787,13.337902,1.075570,0.567122,12.254247,0.000000,50
811,85616888048689,13.327492,1.623767,0.567403,11.697842,0.000000,50
812,85616901376181,13.335265,3.560139,0.506374,9.768934,0.000000,50
813,85616914711446,13.333146,0.914764,0.555691,12.412497,0.000000,50
814,85616928044592,13.332201,1.378838,0.501567,11.947873,0.000000,50
815,85616941376793,13.333996,0.912019,0.522467,12.416024,0.000000,50
816,85616954710789,13.336516,0.867339,0.401414,12.460875,0.000000,50
817,85616968047305,13.331422,0.971208,0.556321,12.354400,0.000000,50
818,85616981378727,13.334379,0.896138,0.523832,12.431685,0.000000,50
819,85616994713106,13.333998,1.233154,0.547894,12.092686,0.000000,50
820,85617008047104,13.331106,3.599279,0.470047,9.724134,0.000000,50
821,85617021378210,13.334236,0.942467,0.478310,12.386094,0.000000,50
822,85617034712446,13.337380,1.082541,0.561696,12.245919,0.000000,50
823,85617048049826,13.329800,1.227934,0.579462,12.094518,0.000000,50
824,85617061379626,13.332865,1.066352,0.544139,12.259228,0.000000,50
825,85617074712491,13.334193,1.053891,0.502332,12.271850,0.000000,50
826,85617088046684,13.349486,1.236651,0.559056,12.103623,0.000000,50
827,85617101396170,13.327236,1.445282,0.626505,11.874417,0.000000,50
828,85617114723406,13.338602,3.993898,0.527233,9.333855,0.000000,50
829,85617128062008,13.328038,1.229444,0.510639,12.091844,0.000000,50
830,85617141390046,13.336085,1.094146,0.541975,12.233914,0.000000,50
831,85617154726131,13.334347,1.111536,0.390963,12.214147,0.000000,50
832,85617168060478,13.333938,1.117177,0.398764,12.207252,0.000000,50
833,85617181394416,13.329560,1.183353,0.371604,12.138843,0.000000,50
834,85617194723976,13.336541,1.152568,0.532777,12.176494,0.000000,50
835,85617208060517,13.331930,1.367843,0.625114,11.956150,0.000000,50
836,85617221392447,13.337149,3.968937,0.546454,9.360223,0.000000,50
837,85617234729596,13.333555,1.280344,0.542098,12.046250,0.000000,50
838,85617248063151,13.333688,1.275023,0.544236,12.051855,0.000000,50
839,85617261396839,13.332496,0.975814,0.527264,12.349482,0.000000,50
840,85617274729335,13.333211,1.057976,0.436340,12.268074,0.000000,50
841,85617288062546,13.337262,1.150785,0.532787,12.178636,0.000000,50
842,85617301399808,13.332207,1.118647,0.507481,12.204095,0.000000,50
843,85617314732015,13.330757,1.242826,0.589284,12.082458,0.000000,50
844,85617328062772,13.339379,4.353066,0.495261,8.976869,0.000000,50
845,85617341402151,13.328351,0.818127,0.420891,12.503106,0.000000,50
846,85617354730502,13.334710,0.949617,0.576778,12.378767,0.000000,50
847,85617368065212,13.335257,1.095739,0.524096,12.231001,0.000000,50
848,85617381400469,13.329721,0.985613,0.499584,12.337401,0.000000,50
849,85617394730190,13.333882,0.938035,0.461519,12.390437,0.000000,50
850,85617408064072,13.335386,1.202979,0.490604,12.125674,0.000000,50
851,85617421399458,13.330973,1.400564,0.555568,11.922497,0.000000,50
852,85617434730431,13.333489,3.840930,0.546296,9.485087,0.000000,50
853,85617448063920,13.334734,1.102705,0.524065,12.224726,0.000000,50
854,85617461398654,13.330937,1.045222,0.486272,12.279634,0.000000,50
855,85617474729591,13.338191,1.055169,0.530616,12.275699,0.000000,50
856,85617488067782,13.329978,1.287872,0.510496,12.033622,0.000000,50
857,85617501397760,13.346862,1.016285,0.651305,12.317567,0.000000,50
858,85617514744622,13.317692,1.275049,0.430422,12.034153,0.000000,50
859,85617528062314,13.335550,1.211195,0.453549,12.118661,0.000000,50
860,85617541397864,13.331115,3.310883,0.481438,10.014220,0.000000,50
861,85617554728979,13.336884,1.051299,0.563123,12.279038,0.000000,50
862,85617568065863,13.330840,1.027715,0.537651,12.296237,0.000000,50
863,85617581396703,13.342564,0.895138,0.511183,12.435406,0.000000,50
864,85617594739267,13.324830,0.922128,0.480107,12.394619,0.000000,50
865,85617608064097,13.337842,0.917265,0.506940,12.413103,0.000000,50
866,85617621401939,13.333718,1.089254,0.491385,12.233957,0.000000,50
867,85617634735657,13.330311,1.204490,0.635335,12.117814,0.000000,50
868,85617648065968,14.107258,3.448340,0.472146,10.653072,0.000000,50
869,85617662173226,13.334084,0.939737,0.586844,12.388388,0.000000,50
870,85617675507310,13.332394,1.134385,0.541962,12.191858,0.000000,50
871,85617688839704,13.333300,1.012156,0.565516,12.315541,0.000000,50
872,85617702173004,13.333561,1.003818,0.542967,12.323562,0.000000,50
873,85617715506565,13.333113,1.020674,0.604690,12.306632,0.000000,50
874,85617728839678,13.333242,1.021654,0.506613,12.305952,0.000000,50
875,85617742172920,13.337101,1.258989,0.527463,12.072090,0.000000,50
876,85617755510021,13.328755,3.357798,0.533987,9.965636,0.000000,50
877,85617768838776,13.342932,0.880002,0.511918,12.453487,0.000000,50
878,85617782181708,13.329258,0.907268,0.530589,12.412072,0.000000,50
879,85617795510966,13.331457,1.027240,0.486590,12.295956,0.000000,50
880,85617808842423,13.333353,1.224894,0.472970,12.101561,0.000000,50
881,85617822175776,13.334274,0.967853,0.524210,12.358509,0.000000,50
882,85617835510050,13.330321,1.201427,0.735166,12.121421,0.000000,50
883,85617848840371,13.334505,1.478996,0.712223,11.848152,0.000000,50
884,85617862174876,13.333667,4.008344,0.505048,9.318551,0.000000,50
885,85617875508543,13.334150,1.178003,0.354970,12.148235,0.000000,50
886,85617888842693,13.356432,1.164806,0.569858,12.184742,0.000000,50
887,85617902199125,13.347764,1.096359,0.527983,12.243118,0.000000,50
888,85617915546889,13.337082,1.061391,0.414935,12.265187,0.000000,51
889,85617928883971,13.326425,1.219011,0.444199,12.093246,0.000000,51
890,85617942210396,13.333385,0.994351,0.484056,12.333123,0.000000,51
891,85617955543781,13.335393,1.689114,0.518600,11.639061,0.000000,51
892,85617968879174,13.332392,3.854724,0.480079,9.471102,0.000000,51
893,85617982211566,13.333002,0.984920,0.554601,12.342128,0.000000,51
894,85617995544568,13.334243,1.087694,0.484897,12.239461,0.000000,51
895,85618008878811,13.332107,1.070213,0.456045,12.255655,0.000000,51
896,85618022210918,13.334445,0.991296,0.499619,12.337356,0.000000,51
897,85618035545363,13.332174,1.020817,0.535219,12.305070,0.000000,51
898,85618048877537,13.334727,0.989928,0.553260,12.339167,0.000000,51
899,85618062212264,13.334721,1.411886,0.510570,11.915687,0.000000,51
900,85618075546985,13.331653,3.881431,0.727915,9.443290,0.000000,51
901,85618088878638,13.334414,1.074139,0.547609,12.253991,0.000000,51
902,85618102213052,13.334996,1.001732,0.583662,12.326095,0.000000,51
903,85618115548048,13.353654,1.348473,0.616337,11.997496,0.000000,51
904,85618128901702,13.331780,1.279831,0.418558,12.045002,0.000000,51
905,85618142233482,13.335485,1.129165,0.518491,12.198141,0.000000,51
906,85618155568967,13.344157,1.094411,0.531529,12.231323,0.000000,51
907,85618168913124,13.320273,1.509926,0.524802,11.803936,0.000000,51
908,85618182233397,13.333866,3.933816,0.495935,9.393443,0.000000,51
909,85618195567263,13.334758,0.943410,0.620766,12.386061,0.000000,51
910,85618208902021,13.332686,1.135814,0.542237,12.190662,0.000000,51
911,85618222234707,13.337519,1.140962,0.596907,12.189116,0.000000,51
912,85618235572226,13.330925,1.335326,0.456090,11.987902,0.000000,51
913,85618248903151,13.332735,1.207571,0.614742,12.118400,0.000000,51
914,85618262235886,13.332259,1.153873,0.551704,12.172069,0.000000,51
915,85618275568145,13.347579,1.449284,0.602700,11.890447,0.000000,51
916,85618288915724,13.317591,3.482490,0.461593,9.828941,0.000000,51
917,85618302233315,13.334593,0.839879,0.594520,12.489210,0.000000,51
918,85618315567908,13.343292,1.064388,0.558607,12.263844,0.000000,51
919,85618328911200,13.325192,1.050773,0.535183,12.267757,0.000000,51
920,85618342236392,13.333871,1.057190,0.404589,12.269725,0.000000,51
921,85618355570263,13.332293,1.145118,0.593667,12.179848,0.000000,51
922,85618368902556,13.334235,1.332941,0.463593,11.994676,0.000000,51
923,85618382236791,13.332635,1.419734,0.620541,11.905620,0.000000,51
924,85618395569426,13.339079,3.521872,0.426417,9.810916,0.000000,51
925,85618408908505,13.335662,0.893822,0.466720,12.436404,0.000000,51
926,85618422244167,13.331932,1.069928,0.448064,12.255905,0.000000,51
927,85618435576099,13.335531,1.030697,0.473920,12.298014,0.000000,51
928,85618448911630,13.331801,1.078357,0.434180,12.247408,0.000000,51
929,85618462243431,13.334455,0.928272,0.461492,12.399001,0.000000,51
930,85618475577886,13.332355,1.047105,0.456890,12.278496,0.000000,51
931,85618488910241,13.333936,1.387298,0.492613,11.939736,0.000000,51
932,85618502244177,13.333251,3.851687,0.453744,9.473696,0.000000,51
933,85618515577428,13.333551,1.150422,0.435205,12.175917,0.000000,51
934,85618528910979,13.339964,1.095527,0.457273,12.237466,0.000000,51
935,85618542250943,13.338326,0.993427,0.544910,12.337914,0.000000,51
936,85618555589269,13.334414,1.124218,0.468340,12.201853,0.000000,51
937,85618568923683,13.331569,1.117435,0.454249,12.207378,0.000000,51
938,85618582255252,13.334100,0.982425,0.511599,12.343851,0.000000,51
939,85618595589352,13.334988,1.336763,0.475308,11.990584,0.000000,51
940,85618608924340,13.330339,4.017876,0.563775,9.305511,0.000000,51
941,85618622254679,13.335224,1.206535,0.460663,12.122164,0.000000,51
942,85618635589903,13.334923,1.117826,0.552117,12.209028,0.000000,51
943,85618648924826,13.331330,1.223774,0.463163,12.100416,0.000000,51
944,85618662256156,13.334269,1.013260,0.436894,12.314516,0.000000,51
945,85618675590425,13.333222,1.090420,0.476179,12.235485,0.000000,51
946,85618688923647,13.331231,1.195049,0.456651,12.129857,0.000000,51
947,85618702254878,13.336140,1.208789,0.495315,12.120711,0.000000,51
948,85618715591018,13.330554,3.513152,0.478450,9.809244,0.000000,51
949,85618728921572,13.336211,0.942935,0.457853,12.386885,0.000000,51
950,85618742257783,13.333086,1.119936,0.509973,12.205697,0.000000,51
951,85618755590869,13.331318,1.269468,0.495153,12.055124,0.000000,51
952,85618768922187,13.357204,1.003667,0.469587,12.347126,0.000000,51
953,85618782279391,13.333599,0.963230,0.489036,12.363399,0.000000,51
954,85618795612990,13.340328,0.967849,0.432836,12.363337,0.000000,51
955,85618808953318,13.326698,1.586975,0.500026,11.731623,0.000000,51
956,85618822280016,13.331699,3.476032,0.475322,9.849162,0.000000,51
957,85618835611715,13.336670,1.002125,0.498954,12.328468,0.000000,51
958,85618848948385,13.333728,1.052099,0.424781,12.272927,0.000000,51
959,85618862282113,13.332750,0.920748,6.580933,12.405524,0.000000,51
960,85618875614863,17.127515,17.120147,1.412446,0.001162,0.000000,51
961,85618892742378,13.336830,1.214946,0.468893,12.115892,0.000000,51
962,85618906079208,13.334888,1.319216,0.657203,12.010420,0.000000,51
963,85618919414096,13.335362,1.517866,0.613204,11.808639,0.000000,51
964,85618932749458,13.329835,4.093487,0.570654,9.228676,0.000000,51
965,85618946079293,13.335439,1.130909,0.606184,12.197617,0.000000,51
966,85618959414732,13.333009,1.111528,0.567787,12.212081,0.000000,51
967,85618972747741,13.331759,1.215561,0.604836,12.107949,0.000000,51
968,85618986079500,13.335554,1.157205,0.713861,12.171541,0.000000,51
969,85618999415054,13.332672,1.106788,0.627865,12.218147,0.000000,51
970,85619012747726,13.332512,1.239023,0.620251,12.086327,0.000000,52
971,85619026080238,13.339923,1.682725,0.587631,11.645065,0.000000,52
972,85619039420161,13.332228,3.654147,0.675540,9.667161,0.000000,52
973,85619052752389,13.328862,2.117739,0.639723,11.201558,0.000000,52
974,85619066081251,13.335391,1.214937,0.654580,12.111417,0.000000,52
975,85619079416642,13.335157,1.064193,0.470782,12.262091,0.000000,52
976,85619092751799,13.328622,1.364609,0.560429,11.956381,0.000000,52
977,85619106080421,13.333352,1.339894,0.404001,11.985883,0.000000,52
978,85619119413773,13.341017,1.185249,0.393774,12.144557,0.000000,52
979,85619132754790,13.326289,1.606226,0.440443,11.710396,0.000000,52
980,85619146081079,13.332399,3.824619,0.613591,9.501000,0.000000,52
981,85619159413478,13.338091,1.163431,0.576532,12.166011,0.000000,52
982,85619172751569,13.335687,1.349559,0.513071,11.973669,0.000000,52
983,85619186087256,13.326713,1.260835,0.542957,12.057710,0.000000,52
984,85619199413969,13.333626,1.093963,0.756094,12.232960,0.000000,52
985,85619212747595,13.335597,1.347823,0.960966,11.979726,0.000000,52
986,85619226083192,13.341570,1.397616,0.616825,11.928944,0.000000,52
987,85619239424762,13.323053,1.504000,0.882979,11.810566,0.000000,52
988,85619252747815,13.332847,3.698870,0.546361,9.627270,0.000000,52
989,85619266080662,13.333311,1.189627,0.634015,12.137172,0.000000,52
990,85619279413973,13.333735,1.035050,0.458932,12.292395,0.000000,52
991,85619292747708,13.334183,1.148353,0.628137,12.179063,0.000000,52
992,85619306081891,13.330389,1.221108,0.731779,12.102792,0.000000,52
993,85619319412280,13.338144,1.032794,0.623905,12.298269,0.000000,52
994,85619332750424,13.334978,1.381350,0.628291,11.942882,0.000000,52
995,85619346085402,13.334484,1.568872,0.436726,11.752455,0.000000,52
996,85619359419886,13.328081,3.775312,0.869347,9.543256,0.000000,52
997,85619372747967,13.335791,1.334112,0.658776,11.993455,0.000000,52
998,85619386083758,13.340286,1.218339,0.733132,12.109083,0.000000,52
999,85619399424044,13.328562,1.112408,0.631997,12.206467,0.000000,52
1000,85619412752606,13.334634,1.314936,0.581017,12.009339,0.000000,52
1001,85619426087240,13.331938,1.256930,0.511879,12.066320,0.000000,52
1002,85619439419178,13.334425,1.182565,0.578320,12.144143,0.000000,52
1003,85619452753603,13.332670,3.482217,0.626062,9.842393,0.000000,52
1004,85619466086273,13.333859,3.689492,0.568790,9.636387,0.000000,52
1005,85619479420132,13.332043,1.029038,0.619030,12.296986,0.000000,52
1006,85619492752175,13.333769,1.417325,0.683814,11.908817,0.000000,52
1007,85619506085944,13.331691,1.198210,0.577900,12.126165,0.000000,52
1008,85619519417635,13.335303,1.103838,0.565972,12.224775,0.000000,52
1009,85619532752938,13.334008,1.114461,0.613101,12.212047,0.000000,52
1010,85619546086946,13.330624,1.293179,0.584389,12.029481,0.000000,52
1011,85619559417570,13.335054,1.284728,0.593785,12.043453,0.000000,52
1012,85619572752624,13.333899,4.009130,0.831309,9.317011,0.000000,52
1013,85619586086523,13.331835,1.324674,0.416896,12.000071,0.000000,52
1014,85619599418358,13.332464,1.100453,0.396912,12.225515,0.000000,52
1015,85619612750822,13.333915,1.159281,0.409923,12.168061,0.000000,52
1016,85619626084737,13.335723,1.147407,0.399005,12.179752,0.000000,52
1017,85619639420460,13.331178,1.082592,0.723566,12.241585,0.000000,52
1018,85619652751638,13.334202,1.322009,0.414997,12.004573,0.000000,52
1019,85619666085840,13.333726,1.361599,0.429537,11.964832,0.000000,52
1020,85619679419566,13.332172,4.007606,0.611846,9.315670,0.000000,52
1021,85619692751738,13.332091,1.224254,0.425456,12.101751,0.000000,52
1022,85619706083829,13.340119,1.065992,0.568771,12.265055,0.000000,52
1023,85619719423948,13.332066,1.110987,0.562872,12.212440,0.000000,52
1024,85619732756014,13.330801,1.336734,0.603767,11.985874,0.000000,52
1025,85619746086815,13.335921,1.137434,0.582760,12.190394,0.000000,52
1026,85619759422736,13.332360,1.170071,0.434521,12.153294,0.000000,52
1027,85619772755096,13.330225,1.574840,0.463306,11.747715,0.000000,52
1028,85619786085321,13.333150,4.006011,0.609712,9.320150,0.000000,53
1029,85619799418471,13.339834,0.978584,0.625091,12.353246,0.000000,53
1030,85619812758305,13.327912,1.528018,0.644226,11.790369,0.000000,53
1031,85619826086217,13.335761,1.952382,0.430569,11.375162,0.000000,53
1032,85619839421978,13.332595,1.107986,0.399987,12.214996,0.000000,53
1033,85619852754573,13.347759,1.159668,0.555604,12.178971,0.000000,53
1034,85619866102332,13.333374,1.273313,0.726081,12.052599,0.000000,53
1035,85619879435706,13.334637,1.366532,0.700882,11.960214,0.000000,53
1036,85619892770343,13.330500,4.062614,0.563797,9.260465,0.000000,53
1037,85619906100843,13.336024,1.167473,0.407262,12.161502,0.000000,53
1038,85619919436867,13.333145,1.076369,0.575413,12.248340,0.000000,53
1039,85619932770012,13.362792,1.152689,0.581823,12.202316,0.000000,53
1040,85619946132804,13.334091,1.171752,0.440093,12.153492,0.000000,53
1041,85619959466895,13.330266,1.234493,0.384482,12.087000,0.000000,53
1042,85619972797161,13.333247,1.193804,0.343836,12.131697,0.000000,53
1043,85619986130408,13.332019,1.487554,0.379836,11.838136,0.000000,53
1044,85619999462427,13.341616,3.768065,0.358694,9.561179,0.000000,53
1045,85620012804043,13.333608,1.320317,0.433722,12.005523,0.000000,53
1046,85620026137651,13.331848,1.414607,0.429247,11.909213,0.000000,53
1047,85620039469499,13.337477,1.006693,0.455680,12.322712,0.000000,53
1048,85620052806976,13.330612,1.292531,0.616012,12.029811,0.000000,53
1049,85620066137588,13.334052,1.416981,0.748588,11.908671,0.000000,53
1050,85620079471640,13.335483,1.999267,0.779034,11.327432,0.000000,53
1051,85620092807123,13.331980,1.472840,0.625031,11.849804,0.000000,53
1052,85620106139103,13.330988,4.113202,0.575923,9.210473,0.000000,53
1053,85620119470091,13.344030,1.027139,0.684391,12.305878,0.000000,53
1054,85620132814121,13.324869,1.407454,0.584448,11.907924,0.000000,53
1055,85620146138990,13.331117,1.171456,0.573700,12.152281,0.000000,53
1056,85620159470107,13.333402,1.066986,0.586455,12.259484,0.000000,53
1057,85620172803509,13.336444,1.246504,0.876306,12.081765,0.000000,53
1058,85620186139953,13.333773,1.322220,1.445161,12.001967,0.000000,53
1059,85620199473726,13.332299,1.694041,0.530947,11.628536,0.000000,53
1060,85620212806025,13.333805,4.112218,1.185976,9.215203,0.000000,53
1061,85620226139830,13.336818,1.022932,0.627793,12.304698,0.000000,53
1062,85620239476648,13.330634,1.327095,1.455012,11.995058,0.000000,53
1063,85620252807282,13.333214,1.160785,1.017909,12.164066,0.000000,53
1064,85620266140496,13.333637,1.268837,1.170096,12.055660,0.000000,53
1065,85620279474133,13.334190,1.289447,0.950881,12.036303,0.000000,53
1066,85620292808323,13.332541,1.087502,0.559495,12.237070,0.000000,53
1067,85620306140864,13.331829,1.404468,0.521130,11.920405,0.000000,53
1068,85620319472693,13.332789,3.515876,0.572586,9.810325,0.000000,53
1069,85620332805482,13.336036,1.433399,0.757120,11.894475,0.000000,53
1070,85620346141518,13.330514,1.343122,1.639696,11.979211,0.000000,53
1071,85620359472032,13.336522,1.530451,1.106190,11.798221,0.000000,53
1072,85620372808554,13.333869,1.206615,1.065174,12.118552,0.000000,53
1073,85620386142423,13.331282,1.083355,1.008799,12.239123,0.000000,53
1074,85620399473705,13.334237,0.945934,0.989958,12.379851,0.000000,53
1075,85620412807942,13.333736,1.355796,1.005016,11.968447,0.000000,53
1076,85620426141678,13.331413,3.826123,1.105540,9.495425,0.000000,53
1077,85620439473091,13.334247,0.955746,0.969307,12.370802,0.000000,53
1078,85620452807338,13.335095,1.256490,1.076542,12.068965,0.000000,53
1079,85620466142433,13.329868,1.333467,1.245141,11.986191,0.000000,53
1080,85620479472301,13.331877,1.426135,0.827236,11.897991,0.000000,53
1081,85620492804178,13.339361,1.213199,0.371752,12.116850,0.000000,53
1082,85620506143539,13.334769,1.397891,0.595634,11.926442,0.000000,53
1083,85620519478308,13.326757,1.491634,0.711993,11.826226,0.000000,53
1084,85620532805065,13.334300,3.391304,0.684945,9.936067,0.000000,53
1085,85620546139365,13.334419,1.003947,0.704593,12.324008,0.000000,53
1086,85620559473784,13.335577,1.211669,0.582796,12.115968,0.000000,53
1087,85620572809361,13.333368,1.146916,0.679539,12.178463,0.000000,54
1088,85620586142729,13.332758,1.144240,1.033230,12.181955,0.000000,54
1089,85620599475487,13.331908,1.094756,0.669142,12.230008,0.000000,54
1090,85620612807395,13.335738,1.004165,0.952252,12.324014,0.000000,54
1091,85620626143133,13.331009,1.595387,0.813467,11.727498,0.000000,54
1092,85620639474142,13.331633,3.501338,0.685692,9.822225,0.000000,54
1093,85620652805775,13.335729,1.015026,0.648525,12.314240,0.000000,54
1094,85620666141504,13.330904,1.104832,0.668050,12.219655,0.000000,54
1095,85620679472408,13.336753,1.325760,0.603016,12.002948,0.000000,54
1096,85620692809161,13.336126,2.294426,0.628342,11.032349,0.000000,54
1097,85620706145287,13.328800,1.663281,0.925884,11.656921,0.000000,54
1098,85620719474087,13.331981,0.987784,0.596575,12.337768,0.000000,54
1099,85620732806068,13.340238,1.314194,0.715341,12.016688,0.000000,54
1100,85620746146306,13.329414,3.619015,0.585613,9.701114,0.000000,54
1101,85620759475720,13.332178,1.685598,1.198767,11.640261,0.000000,54
1102,85620772807898,13.332400,1.278196,0.604563,12.047436,0.000000,54
1103,85620786140298,13.453053,3.074653,0.589243,10.365124,0.000000,54
1104,85620799593351,13.450718,2.612633,0.658234,10.805277,0.000000,54
1105,85620813044069,13.409016,2.678784,0.545124,10.701628,0.000000,54
1106,85620826453085,13.320151,2.670927,0.566756,10.634501,0.000000,54
1107,85620839773236,13.332657,1.452720,0.689166,11.873897,0.000000,54
1108,85620853105893,13.332717,4.329889,0.578431,8.996657,0.000000,54
1109,85620866438610,13.335628,1.617699,0.605078,11.712140,0.000000,54
1110,85620879774238,13.333678,0.980055,0.624413,12.347415,0.000000,54
1111,85620893107916,13.336547,1.400532,0.605589,11.927474,0.000000,54
1112,85620906444463,13.331646,1.181035,0.534775,12.143162,0.000000,54
1113,85620919776109,13.331701,0.887223,0.386698,12.438336,0.000000,54
1114,85620933107810,13.336474,1.087004,0.396332,12.241372,0.000000,54
1115,85620946444284,13.332031,1.270765,0.453683,12.054220,0.000000,54
1116,85620959776315,13.337390,3.410522,0.346000,9.915024,0.000000,54
1117,85620973113705,13.328598,1.018222,0.610954,12.303067,0.000000,54
1118,85620986442303,13.333704,1.161975,0.472337,12.164562,0.000000,54
1119,85620999776007,13.338001,1.112282,0.604926,12.216809,0.000000,54
1120,85621013114008,13.336253,1.351905,0.631033,11.973411,0.000000,54
1121,85621026450261,13.326652,1.565139,0.573100,11.751970,0.000000,54
1122,85621039776913,13.341144,1.233271,0.548437,12.099133,0.000000,54
1123,85621053118057,13.324357,1.502211,0.602470,11.812311,0.000000,54
1124,85621066442414,13.333005,3.874517,0.526319,9.450954,0.000000,54
1125,85621079775419,13.336034,1.038531,0.529028,12.289633,0.000000,54
1126,85621093111453,13.334163,1.090158,0.567302,12.234976,0.000000,54
1127,85621106445616,13.332864,1.197081,0.471679,12.127932,0.000000,54
1128,85621119778480,13.332721,1.199178,0.531994,12.125301,0.000000,54
1129,85621133111201,13.334683,1.246444,0.590158,12.081160,0.000000,54
1130,85621146445884,13.332983,1.330872,0.401471,11.993849,0.000000,54
1131,85621159778867,13.331183,1.571975,0.626930,11.752361,0.000000,54
1132,85621173110050,13.334626,4.258798,0.609898,9.067192,0.000000,54
1133,85621186444676,13.334579,1.161600,0.599698,12.165383,0.000000,54
1134,85621199779255,13.333899,1.059277,0.547597,12.266022,0.000000,54
1135,85621213113154,13.329892,1.173363,0.905447,12.150148,0.000000,54
1136,85621226443046,13.333718,1.404510,0.596594,11.922585,0.000000,54
1137,85621239776764,13.333403,1.024357,0.577404,12.302549,0.000000,54
1138,85621253110167,13.333328,1.231090,0.580719,12.095483,0.000000,54
1139,85621266443495,13.332678,1.376668,0.446677,11.949975,0.000000,54
1140,85621279776173,13.333688,3.508669,0.620920,9.818789,0.000000,54
1141,85621293109861,13.335917,1.064930,0.547496,12.264877,0.000000,54
1142,85621306445778,13.336251,1.297915,0.477195,12.029282,0.000000,54
1143,85621319782029,13.332542,1.146832,0.721771,12.175245,0.000000,54
1144,85621333114571,13.328149,1.259115,0.386237,12.062589,0.000000,55
1145,85621346442720,13.336961,1.221695,0.669243,12.108468,0.000000,55
1146,85621359779681,13.330473,1.294771,0.565861,12.029487,0.000000,55
1147,85621373110154,13.333220,2.945181,0.628056,10.381495,0.000000,55
1148,85621386443374,13.333828,3.930548,0.489941,9.397453,0.000000,55
1149,85621399777202,13.336324,0.853420,0.335081,12.474566,0.000000,55
1150,85621413113526,13.333261,1.116526,0.449177,12.209632,0.000000,55
1151,85621426446787,13.334696,1.102643,0.466080,12.223904,0.000000,55
1152,85621439781483,13.329963,1.208613,0.515904,12.113900,0.000000,55
1153,85621453111446,13.335011,1.170637,0.386780,12.156618,0.000000,55
1154,85621466446457,13.333184,1.308969,0.572285,12.017024,0.000000,55
1155,85621479779641,13.331727,1.285449,0.630623,12.038931,0.000000,55
1156,85621493111368,13.336571,4.055211,0.380377,9.271161,0.000000,55
1157,85621506447939,13.334571,1.043985,0.515063,12.282455,0.000000,55
1158,85621519782510,13.332169,1.046900,0.602210,12.277752,0.000000,55
1159,85621533114679,13.332676,1.185920,0.539032,12.139529,0.000000,55
1160,85621546447355,13.330068,1.262151,0.792960,12.061046,0.000000,55
1161,85621559777423,13.339705,1.079878,0.588869,12.250980,0.000000,55
1162,85621573117128,13.328704,1.239025,0.582101,12.082960,0.000000,55
1163,85621586445832,13.334084,1.473650,0.567938,11.853410,0.000000,55
1164,85621599779916,13.334649,3.843602,0.668256,9.481929,0.000000,55
1165,85621613114565,13.333816,1.103967,0.742503,12.222391,0.000000,55
1166,85621626448381,13.330348,1.135408,0.572808,12.187917,0.000000,55
1167,85621639778729,13.333864,0.950208,0.685042,12.377576,0.000000,55
1168,85621653112593,13.332139,0.903080,0.479710,12.424235,0.000000,55
1169,85621666444732,13.336129,0.985816,0.670518,12.343855,0.000000,55
1170,85621679780861,13.332909,1.053722,0.554718,12.270948,0.000000,55
1171,85621693113770,13.331621,1.360886,0.546365,11.964456,0.000000,55
1172,85621706445391,13.334991,3.829841,0.644454,9.498345,0.000000,55
1173,85621719780382,13.332655,0.911823,0.462805,12.414873,0.000000,55
1174,85621733113037,13.339944,1.170219,0.710973,12.161731,0.000000,55
1175,85621746452981,13.327711,1.306885,0.590737,12.013010,0.000000,55
1176,85621759780692,13.331824,1.232523,0.615529,12.092398,0.000000,55
1177,85621773112516,13.338855,1.274688,0.572814,12.055847,0.000000,55
1178,85621786451371,13.333076,1.110052,0.634692,12.213268,0.000000,55
1179,85621799784447,13.329427,1.284196,0.645356,12.037686,0.000000,55
1180,85621813113874,13.333326,3.576731,0.617052,9.748936,0.000000,55
1181,85621826447200,13.335500,1.086679,0.598200,12.241453,0.000000,55
1182,85621839782700,13.330758,1.250356,0.397755,12.073137,0.000000,55
1183,85621853113458,13.333722,1.247252,0.466688,12.080159,0.000000,55
1184,85621866447180,13.340659,1.236749,0.567243,12.091724,0.000000,55
1185,85621879787839,13.325576,1.128033,0.434214,12.187831,0.000000,55
1186,85621893113415,13.332738,1.229833,0.576016,12.096732,0.000000,55
1187,85621906446153,13.333217,1.419426,0.657452,11.907155,0.000000,55
1188,85621919779370,13.332921,3.950706,0.480406,9.376641,0.000000,55
1189,85621933112291,13.332220,1.296945,0.448587,12.030263,0.000000,55
1190,85621946444511,13.334877,1.001528,0.697322,12.327688,0.000000,55
1191,85621959779388,13.332959,1.004388,0.634888,12.321928,0.000000,55
1192,85621973112347,13.335140,1.118313,0.543164,12.211271,0.000000,55
1193,85621986447487,13.333383,1.110560,0.611700,12.216926,0.000000,55
1194,85621999780870,13.335798,1.222370,0.605027,12.106523,0.000000,55
1195,85622013116668,13.330123,1.754132,0.772805,11.569063,0.000000,55
1196,85622026446791,13.332582,3.761166,0.602021,9.565111,0.000000,55
1197,85622039779373,13.336219,0.949702,0.392630,12.380203,0.000000,55
1198,85622053115592,13.332545,1.190304,0.648335,12.135810,0.000000,55
1199,85622066448137,13.338249,1.288732,0.688469,12.041718,0.000000,55
1200,85622079786386,13.334567,1.142476,0.641903,12.185193,0.000000,55
1201,85622093120953,13.349469,1.114149,0.643897,12.228783,0.000000,55
1202,85622106470422,13.331917,1.116233,0.594385,12.209954,0.000000,55
1203,85622119802339,13.338040,1.321129,0.615865,12.007750,0.000000,55
1204,85622133140379,13.328580,3.450849,0.597220,9.869008,0.000000,55
1205,85622146468959,13.334263,0.927474,0.641344,12.401115,0.000000,55
1206,85622159803222,13.333005,0.967599,0.715324,12.358664,0.000000,56
1207,85622173136227,13.332727,1.159055,0.609236,12.167411,0.000000,56
1208,85622186468954,13.337229,1.070077,0.631159,12.259182,0.000000,56
1209,85622199806183,13.330886,0.936119,0.583244,12.387438,0.000000,56
1210,85622213137069,13.334230,1.053774,0.946456,12.273776,0.000000,56
1211,85622226471299,13.332433,1.523592,0.641233,11.801640,0.000000,56
1212,85622239803732,13.331947,3.983468,0.595602,9.342405,0.000000,56
1213,85622253135679,13.334005,1.102650,0.570944,12.225642,0.000000,56
1214,85622266469684,13.333653,0.946179,0.592774,12.380642,0.000000,56
1215,85622279803337,13.334191,0.827000,0.604671,12.500911,0.000000,56
1216,85622293137528,13.332254,1.061785,0.615675,12.263421,0.000000,56
1217,85622306469782,13.333584,1.026370,0.544148,12.301610,0.000000,56
1218,85622319803366,13.334524,0.875799,0.642937,12.453080,0.000000,56
1219,85622333137890,13.331700,1.352189,0.673606,11.973838,0.000000,56
1220,85622346469590,13.333383,3.592573,0.583392,9.734457,0.000000,56
1221,85622359802973,13.335227,0.971878,0.598869,12.357559,0.000000,56
1222,85622373138200,13.335432,1.175889,0.685041,12.152358,0.000000,56
1223,85622386473632,13.332673,1.272269,0.576987,12.052492,0.000000,56
1224,85622399806305,13.333762,1.187009,0.585054,12.138703,0.000000,56
1225,85622413140067,13.330865,1.370143,0.499710,11.953368,0.000000,56
1226,85622426470932,13.333975,1.243486,0.638720,12.082463,0.000000,56
1227,85622439804907,13.333060,1.504211,0.639522,11.822008,0.000000,56
1228,85622453137967,13.331701,4.487137,0.673485,8.838501,0.000000,56
1229,85622466469668,13.333516,1.166183,0.605488,12.161982,0.000000,56
1230,85622479803184,13.334110,1.018508,0.647536,12.310600,0.000000,56
1231,85622493137294,13.659089,1.499279,0.631309,12.153340,0.000000,56
1232,85622506796383,13.333001,1.070110,0.669542,12.257183,0.000000,56
1233,85622520129384,13.333921,1.054971,0.589313,12.272739,0.000000,56
1234,85622533463305,13.335397,1.083449,0.655455,12.245014,0.000000,56
1235,85622546798702,13.331718,1.687507,0.536012,11.636886,0.000000,56
1236,85622560130420,13.333239,3.434071,0.405490,9.892688,0.000000,56
1237,85622573463659,13.333864,1.038809,0.460438,12.289274,0.000000,56
1238,85622586797523,13.332066,1.241547,0.500861,12.084175,0.000000,56
1239,85622600129589,13.335098,1.004976,0.604978,12.324095,0.000000,56
1240,85622613464687,13.333506,1.022999,0.598390,12.303994,0.000000,56
1241,85622626798193,13.332582,0.925858,0.596997,12.400561,0.000000,56
1242,85622640130775,13.332976,1.049022,0.638916,12.277692,0.000000,56
1243,85622653463751,13.334330,1.385443,0.574517,11.942136,0.000000,56
1244,85622666798081,13.331437,3.933661,0.503437,9.391006,0.000000,56
1245,85622680129518,13.335842,0.906478,0.658385,12.423432,0.000000,56
1246,85622693465360,13.332479,1.386235,0.579891,11.939438,0.000000,56
1247,85622706797839,13.334314,1.012618,0.593398,12.315330,0.000000,56
1248,85622720132153,13.333334,1.129707,0.581972,12.196634,0.000000,56
1249,85622733465487,13.333723,1.390075,0.725167,11.936256,0.000000,56
1250,85622746799210,13.332958,1.377045,0.597019,11.948429,0.000000,56
1251,85622760132168,13.332418,1.550311,0.433326,11.775063,0.000000,56
1252,85622773464586,13.332523,3.860416,0.648407,9.466368,0.000000,56
1253,85622786797109,13.334881,1.020160,0.589674,12.308555,0.000000,56
1254,85622800131990,13.334762,1.063681,0.434757,12.263976,0.000000,56
1255,85622813466752,13.331470,1.058286,0.674502,12.266973,0.000000,56
1256,85622826798222,13.335382,1.147718,0.693024,12.180937,0.000000,57
1257,85622840133604,13.331297,1.002177,0.690914,12.323148,0.000000,57
1258,85622853464901,13.334004,1.813789,0.421580,11.514051,0.000000,57
1259,85622866798905,13.333364,2.626189,1.187173,10.700847,0.000000,57
1260,85622880132269,13.331463,4.135978,0.560996,9.189999,0.000000,57
1261,85622893463732,13.335059,1.127863,0.536257,12.201473,0.000000,57
1262,85622906798791,13.335777,1.129688,0.653642,12.198495,0.000000,57
1263,85622920134568,13.330834,1.030224,0.588992,12.292846,0.000000,57
1264,85622933465402,13.334434,1.406767,0.598545,11.922129,0.000000,57
1265,85622946799836,13.332838,1.227990,0.538153,12.098598,0.000000,57
1266,85622960132674,13.333161,0.864290,0.429135,12.463374,0.000000,57
1267,85622973465835,13.333768,1.281844,0.632336,12.046505,0.000000,57
1268,85622986799603,13.331923,4.054313,0.503930,9.272178,0.000000,57
1269,85623000131526,13.335472,0.907447,0.605490,12.422236,0.000000,57
1270,85623013466998,13.332155,1.064729,0.630159,12.261637,0.000000,57
1271,85623026799153,13.338433,1.096605,0.640718,12.233432,0.000000,57
1272,85623040137586,13.333930,1.131679,0.625414,12.192731,0.000000,57
1273,85623053471516,13.331183,1.204064,0.597012,12.117539,0.000000,57
1274,85623066802699,13.331348,1.141888,0.617625,12.182658,0.000000,57
1275,85623080134047,13.333162,1.358783,0.637222,11.967401,0.000000,57
1276,85623093467209,13.331936,3.637018,0.625550,9.688616,0.000000,57
1277,85623106799145,13.333991,1.960042,0.406168,11.368175,0.000000,57
1278,85623120133136,13.333891,0.910950,0.545304,12.416816,0.000000,57
1279,85623133467027,13.333627,1.059182,0.521812,12.268595,0.000000,57
1280,85623146800654,13.334182,0.981663,0.587598,12.346164,0.000000,57
1281,85623160134836,13.332896,1.724842,0.553291,11.602113,0.000000,57
1282,85623173467732,13.332839,1.104364,0.603171,12.222421,0.000000,57
1283,85623186800571,13.333749,1.343021,0.631635,11.984183,0.000000,57
1284,85623200134320,13.332713,3.580276,0.523356,9.745993,0.000000,57
1285,85623213467033,13.336821,0.982223,0.646855,12.348092,0.000000,57
1286,85623226803854,13.330366,1.142807,0.736376,12.180732,0.000000,57
1287,85623240134220,13.334247,2.045574,0.703199,11.283157,0.000000,57
1288,85623253468467,13.332485,1.207984,0.581956,12.118153,0.000000,57
1289,85623266800952,13.334786,1.025430,1.542797,12.302911,0.000000,57
1290,85623280135738,13.332516,1.120538,0.675287,12.204179,0.000000,57
1291,85623293468254,13.333460,1.434071,0.645866,11.893501,0.000000,57
1292,85623306801714,13.332134,3.786447,0.592243,9.538768,0.000000,57
1293,85623320133848,13.335323,0.925532,0.556928,12.402620,0.000000,57
1294,85623333469171,13.335785,1.055402,0.564155,12.273068,0.000000,57
1295,85623346804956,13.330098,2.205574,0.440504,11.116869,0.000000,57
1296,85623360135054,13.332914,0.981010,0.524729,12.345531,0.000000,57
1297,85623373467968,13.335004,1.009620,0.660543,12.318349,0.000000,57
1298,85623386802972,13.333736,1.043512,0.412813,12.282946,0.000000,57
1299,85623400136708,13.332137,1.248066,0.636164,12.076467,0.000000,57
1300,85623413468845,13.332366,3.865146,1.643810,9.460301,0.000000,57
1301,85623426801211,13.334183,1.012677,0.584765,12.316094,0.000000,57
1302,85623440135394,13.334380,0.994250,0.538037,12.333398,0.000000,57
1303,85623453469774,13.334331,1.028265,0.541578,12.298945,0.000000,57
1304,85623466804105,13.331277,1.104340,0.677170,12.219994,0.000000,57
1305,85623480135382,13.332112,1.891207,0.555782,11.435495,0.000000,57
1306,85623493467494,13.337150,1.081097,0.598637,12.249520,0.000000,57
1307,85623506804644,13.332513,1.319161,0.636030,12.005741,0.000000,57
1308,85623520137157,13.330731,3.658383,0.522350,9.665832,0.000000,57
1309,85623533467888,13.335729,0.901900,0.569064,12.428138,0.000000,57
1310,85623546803617,13.333394,1.163986,1.409924,12.161966,0.000000,57
1311,85623560137011,13.332028,0.980013,0.550331,12.345269,0.000000,57
1312,85623573469039,13.336335,1.606635,0.551622,11.722373,0.000000,58
1313,85623586805374,13.330523,1.113203,0.372699,12.210066,0.000000,58
1314,85623600135897,13.335719,0.991091,0.713774,12.338352,0.000000,58
1315,85623613471616,13.332675,2.162541,0.442424,11.162221,0.000000,58
1316,85623626804291,13.330239,3.945419,0.503494,9.378538,0.000000,58
1317,85623640134530,13.338501,0.893068,0.560542,12.439135,0.000000,58
1318,85623653473031,13.332247,1.127011,0.562625,12.197697,0.000000,58
1319,85623666805278,13.332851,1.115849,0.510852,12.209382,0.000000,58
1320,85623680138129,13.332212,1.010559,0.500433,12.315562,0.000000,58
1321,85623693470341,13.336214,1.053699,0.608981,12.275056,0.000000,58
1322,85623706806555,13.330502,1.170550,0.572088,12.152980,0.000000,58
1323,85623720137057,13.333410,1.325429,0.621731,12.001886,0.000000,58
1324,85623733470467,13.333019,3.812105,0.514350,9.514248,0.000000,58
1325,85623746803486,13.337572,0.909718,0.511683,12.421882,0.000000,58
1326,85623760141058,13.330448,1.051913,0.461253,12.271319,0.000000,58
1327,85623773471506,13.333954,1.073650,1.521081,12.253843,0.000000,58
1328,85623786805460,13.335407,1.080676,0.560841,12.247574,0.000000,58
1329,85623800140867,13.331708,0.991516,0.541395,12.332422,0.000000,58
1330,85623813472575,13.333548,0.915840,0.586389,12.411285,0.000000,58
1331,85623826806123,13.333385,1.303966,0.630032,12.020909,0.000000,58
1332,85623840139508,13.331951,3.758646,0.538042,9.566771,0.000000,58
1333,85623853471459,13.335656,0.851695,0.406808,12.478128,0.000000,58
1334,85623866807115,13.329972,1.222935,0.612744,12.100582,0.000000,58
1335,85623880137087,13.337296,0.969342,0.592157,12.361104,0.000000,58
1336,85623893474383,13.333217,1.129020,0.956271,12.196855,0.000000,58
1337,85623906807600,13.331759,1.125808,0.569035,12.199074,0.000000,58
1338,85623920139359,13.336190,0.960082,0.638843,12.369432,0.000000,58
1339,85623933475549,13.331165,1.767484,0.642567,11.555710,0.000000,58
1340,85623946806714,13.332367,3.821742,0.595241,9.503567,0.000000,58
1341,85623960139081,13.335658,1.318811,0.567756,12.009424,0.000000,58
1342,85623973474739,13.331481,1.156004,0.596668,12.168241,0.000000,58
1343,85623986806220,13.333491,1.084463,0.637230,12.242059,0.000000,58
1344,85624000139711,13.334912,1.205224,0.599985,12.121995,0.000000,58
1345,85624013474623,13.330662,1.190631,0.581312,12.133901,0.000000,58
1346,85624026805285,13.335786,1.104956,0.554130,12.224246,0.000000,58
1347,85624040141071,13.333938,1.276745,0.687342,12.049561,0.000000,58
1348,85624053475009,13.330945,4.078606,0.546139,9.245016,0.000000,58
1349,85624066805954,13.335347,0.978107,0.562323,12.351088,0.000000,58
1350,85624080141301,13.334261,0.963590,0.592302,12.362652,0.000000,58
1351,85624093475562,13.332235,1.120905,0.556627,12.204305,0.000000,58
1352,85624106807797,13.334353,1.047816,0.575840,12.279337,0.000000,58
1353,85624120142150,13.334355,1.098228,0.578652,12.228099,0.000000,58
1354,85624133476505,13.332287,1.293491,0.545340,12.030840,0.000000,58
1355,85624146808792,13.333160,1.341502,0.633669,11.984550,0.000000,58
1356,85624160141952,13.333411,3.895930,0.586395,9.429827,0.000000,58
1357,85624173475363,13.334326,1.111346,0.588290,12.214831,0.000000,58
1358,85624186809689,13.332088,1.093412,0.564487,12.230491,0.000000,58
1359,85624200141777,13.333963,1.024180,0.622835,12.302075,0.000000,58
1360,85624213475740,13.336174,1.146546,0.499920,12.182000,0.000000,58
1361,85624226811914,13.331158,1.241073,0.378180,12.081044,0.000000,58
1362,85624240143072,13.333219,1.055102,0.572105,12.269906,0.000000,58
1363,85624253476291,13.331462,1.315112,0.493848,12.008721,0.000000,58
1364,85624266807753,13.334178,3.611275,0.590011,9.716429,0.000000,58
1365,85624280141931,13.335591,0.976907,0.414409,12.350917,0.000000,58
1366,85624293477522,13.331961,1.081252,0.351525,12.242537,0.000000,58
1367,85624306809483,13.332873,0.945533,0.545030,12.380790,0.000000,58
1368,85624320142356,13.334594,0.856810,0.530496,12.470610,0.000000,59
1369,85624333476950,13.334287,1.300026,0.576888,12.026774,0.000000,59
1370,85624346811237,13.332484,1.128066,0.571946,12.196600,0.000000,59
1371,85624360143721,13.332722,2.144816,0.675696,11.179439,0.000000,59
1372,85624373476443,13.333872,4.071429,0.559432,9.254627,0.000000,59
1373,85624386810315,13.331754,1.116805,0.558848,12.208156,0.000000,59
1374,85624400142069,13.334737,0.865063,0.571729,12.463718,0.000000,59
1375,85624413476806,13.334533,1.021836,0.595778,12.305080,0.000000,59
1376,85624426811339,13.331084,1.072564,0.440803,12.251790,0.000000,59
1377,85624440142423,13.332628,0.944157,0.390514,12.382203,0.000000,59
1378,85624453475051,13.336605,1.088675,0.517013,12.240001,0.000000,59
1379,85624466811656,13.330340,3.527652,0.407059,9.794313,0.000000,59
1380,85624480141996,13.332963,3.846694,0.391137,9.480673,0.000000,59
1381,85624493474959,13.334324,1.154558,0.372068,12.173778,0.000000,59
1382,85624506809283,13.332979,1.139260,0.539419,12.187520,0.000000,59
1383,85624520142262,13.335369,0.975215,0.563602,12.353511,0.000000,59
1384,85624533477631,13.334766,1.191036,0.584624,12.135948,0.000000,59
1385,85624546812397,13.332141,1.128923,0.568951,12.194317,0.000000,59
1386,85624560144538,13.333203,1.064926,0.579700,12.260617,0.000000,59
1387,85624573477741,13.334003,1.416781,0.735641,11.909335,0.000000,59
1388,85624586811744,13.332217,4.011214,0.552025,9.312940,0.000000,59
1389,85624600143961,13.334309,1.005270,0.390498,12.321717,0.000000,59
1390,85624613478270,13.330880,1.065623,0.532087,12.258553,0.000000,59
1391,85624626809150,13.337340,1.101405,0.620565,12.228802,0.000000,59
1392,85624640146490,13.332728,1.061031,0.551449,12.263111,0.000000,59
1393,85624653479218,13.331859,1.121507,0.576160,12.201534,0.000000,59
1394,85624666811077,13.334371,1.065449,0.572821,12.260942,0.000000,59
1395,85624680145448,13.331975,1.257734,0.672518,12.067533,0.000000,59
1396,85624693477423,13.332629,4.321197,0.686307,9.004967,0.000000,59
1397,85624706810052,13.334925,1.118093,0.458155,12.210660,0.000000,59
1398,85624720144977,13.333929,0.998339,0.653763,12.328180,0.000000,59
1399,85624733478906,13.332548,1.193258,0.552817,12.132722,0.000000,59
1400,85624746811454,13.335631,1.146050,0.553057,12.181815,0.000000,59
1401,85624760147085,13.331065,1.108324,0.496917,12.214782,0.000000,59
1402,85624773478150,13.332511,1.079343,0.566369,12.246036,0.000000,59
1403,85624786810661,13.337059,1.378158,0.647564,11.950945,0.000000,59
1404,85624800147720,13.331270,3.503670,0.543154,9.820396,0.000000,59
1405,85624813478990,13.332008,1.017279,0.396122,12.308619,0.000000,59
1406,85624826810998,13.337327,0.999734,0.579407,12.330904,0.000000,59
1407,85624840148325,13.330134,0.869270,0.591548,12.453984,0.000000,59
1408,85624853478459,13.333104,1.063828,0.572660,12.263062,0.000000,59
1409,85624866811563,15.097981,1.120277,0.916640,13.968957,0.000000,59
1410,85624881909544,13.332518,1.910350,0.732187,11.408535,0.000000,59
1411,85624895242062,13.335042,1.934085,0.785324,11.389394,0.000000,59
1412,85624908577104,13.334388,5.388013,0.749724,7.932156,0.000000,59
1413,85624921911492,13.331093,1.841544,0.757561,11.474999,0.000000,59
1414,85624935242585,13.333723,1.893865,0.822535,11.426012,0.000000,59
1415,85624948576308,13.332744,2.588456,0.626774,10.729611,0.000000,59
1416,85624961909052,13.355087,2.277490,0.891848,11.064976,0.000000,59
1417,85624975264139,13.347017,2.057046,1.027508,11.267162,0.000000,59
1418,85624988611156,13.320514,2.746630,0.976182,10.549226,0.000000,59
1419,85625001931670,13.332341,3.541830,0.723736,9.777194,0.000000,59
1420,85625015264011,13.324841,4.581242,0.574060,8.734473,0.000000,59
1421,85625028588852,13.334268,1.293977,0.539864,12.034452,0.000000,59
1422,85625041923120,13.334641,1.185058,0.640815,12.142151,0.000000,59
1423,85625055257761,13.331747,1.031232,0.595077,12.293309,0.000000,59
1424,85625068589508,13.333636,1.009445,0.897033,12.318144,0.000000,59
1425,85625081923144,13.337328,0.748747,0.649844,12.582225,0.000000,59
1426,85625095260472,13.329882,1.062112,0.635651,12.260937,0.000000,60
1427,85625108590354,13.332283,1.385176,0.457574,11.941256,0.000000,60
1428,85625121922637,13.332351,3.372085,0.491820,9.954930,0.000000,60
1429,85625135254988,13.333946,2.043211,0.542466,11.285630,0.000000,60
1430,85625148588934,13.333176,1.043971,0.565212,12.283897,0.000000,60
1431,85625161922110,13.338534,0.916023,0.578753,12.415664,0.000000,60
1432,85625175260644,13.331675,1.096430,0.523816,12.227440,0.000000,60
1433,85625188592319,13.332204,1.084122,0.554637,12.240230,0.000000,60
1434,85625201924523,13.334912,0.965828,0.422790,12.362806,0.000000,60
1435,85625215259435,13.334077,1.474432,0.663109,11.851632,0.000000,60
1436,85625228593512,13.329554,4.177969,0.365890,9.144691,0.000000,60
1437,85625241923066,13.546256,0.909307,0.609258,12.630869,0.000000,60
1438,85625255469322,13.331872,1.261458,0.562057,12.062024,0.000000,60
1439,85625268801194,13.332585,1.137786,0.539629,12.187652,0.000000,60
1440,85625282133779,13.334424,1.030845,0.545574,12.296961,0.000000,60
1441,85625295468203,13.334505,1.079370,0.666187,12.248071,0.000000,60
1442,85625308802708,13.331799,1.093050,0.567772,12.231983,0.000000,60
1443,85625322134507,13.333783,1.026650,0.782340,12.301130,0.000000,60
1444,85625335468290,13.330796,3.776503,0.550251,9.548391,0.000000,60
1445,85625348799086,13.334741,0.961105,0.547649,12.368264,0.000000,60
1446,85625362133827,13.334906,0.794184,0.585311,12.534604,0.000000,60
1447,85625375468733,13.332950,1.342574,0.584277,11.982679,0.000000,60
1448,85625388801683,13.331122,1.379867,0.556315,11.945012,0.000000,60
1449,85625402132805,13.335399,1.089951,0.550209,12.238742,0.000000,60
1450,85625415468204,13.334416,1.021878,0.571570,12.304898,0.000000,60
1451,85625428802620,13.332029,1.237738,0.657359,12.086107,0.000000,60
1452,85625442134649,13.333575,3.925632,0.531994,9.401372,0.000000,60
1453,85625455468224,13.336577,1.034946,0.601234,12.294519,0.000000,60
1454,85625468804801,13.332841,1.123242,0.600551,12.201726,0.000000,60
1455,85625482137642,13.331860,1.033102,0.553925,12.291301,0.000000,60
1456,85625495469502,13.335725,1.075587,0.550802,12.252490,0.000000,60
1457,85625508805227,13.329862,0.992895,0.570506,12.329270,0.000000,60
1458,85625522135089,13.333886,0.825957,0.575054,12.501326,0.000000,60
1459,85625535468975,13.335539,1.222831,0.692370,12.105801,0.000000,60
1460,85625548804514,13.331118,4.138003,0.524028,9.185698,0.000000,60
1461,85625562135632,13.333895,0.970697,0.536317,12.356045,0.000000,60
1462,85625575469527,13.335204,1.075212,0.585615,12.252514,0.000000,60
1463,85625588804731,13.330534,1.157954,0.553034,12.165458,0.000000,60
1464,85625602135265,13.333643,0.987405,0.544931,12.339528,0.000000,60
1465,85625615468908,13.334173,1.069147,0.562442,12.257840,0.000000,60
1466,85625628803081,13.333536,0.959950,0.729553,12.366616,0.000000,60
1467,85625642136617,13.333274,1.146349,0.670670,12.180390,0.000000,60
1468,85625655469891,13.333060,3.966161,0.517779,9.359955,0.000000,60
1469,85625668802951,13.335361,1.025270,0.584577,12.303239,0.000000,60
1470,85625682138312,13.331984,1.137246,0.571800,12.187793,0.000000,60
1471,85625695470296,13.334940,1.154197,0.596765,12.172915,0.000000,60
1472,85625708805236,13.332194,1.275771,0.551975,12.048652,0.000000,60
1473,85625722137430,13.331998,0.989979,0.525427,12.335811,0.000000,60
1474,85625735469428,13.334141,1.057123,0.588076,12.270441,0.000000,60
1475,85625748803569,13.335011,1.320980,0.615660,12.006818,0.000000,60
1476,85625762138580,13.329398,3.491769,0.530281,9.831349,0.000000,60
1477,85625775467978,13.335704,0.981462,0.568785,12.348636,0.000000,60
1478,85625788803682,13.334417,1.051290,0.403399,12.275394,0.000000,60
1479,85625802138099,13.332310,1.067244,0.647995,12.258716,0.000000,60
1480,85625815470409,13.334396,1.262458,0.589667,12.065096,0.000000,60
1481,85625828804805,13.333082,0.931285,0.582191,12.394930,0.000000,60
1482,85625842137887,13.333100,0.963906,0.588520,12.362310,0.000000,60
1483,85625855470987,13.333241,1.272347,0.627648,12.053914,0.000000,60
1484,85625868804228,13.333330,3.622116,0.523981,9.704040,0.000000,60
1485,85625882137558,13.333388,0.952962,0.563928,12.374491,0.000000,60
1486,85625895470946,13.333113,0.959448,0.567100,12.367374,0.000000,60
1487,85625908804059,13.333710,1.009797,0.570489,12.317681,0.000000,60
1488,85625922137769,13.332733,0.832462,0.533936,12.494752,0.000000,60
1489,85625935470502,13.332959,0.863640,0.553200,12.463784,0.000000,60
1490,85625948803461,13.333941,0.858565,0.386082,12.469775,0.000000,60
1491,85625962137402,13.333492,1.006032,0.590728,12.321395,0.000000,60
1492,85625975470894,13.332641,3.553153,0.557156,9.773400,0.000000,60
1493,85625988803535,13.336811,1.042301,0.538086,12.288035,0.000000,60
1494,85626002140346,13.334970,1.028273,0.556547,12.299091,0.000000,61
1495,85626015475316,13.331990,1.149957,0.552735,12.173378,0.000000,61
1496,85626028807306,13.331818,0.961846,0.492525,12.363679,0.000000,61
1497,85626042139124,13.332923,1.729019,0.544795,11.596878,0.000000,61
1498,85626055472047,13.333260,0.924852,0.582469,12.402698,0.000000,61
1499,85626068805307,13.333640,1.066225,0.613848,12.262035,0.000000,61
1500,85626082138947,13.333078,3.436986,0.560620,9.888617,0.000000,61
1501,85626095472025,13.334459,1.019604,0.589465,12.308139,0.000000,61
1502,85626108806484,13.331682,1.100755,0.561121,12.224791,0.000000,61
1503,85626122138166,13.334461,1.302613,0.383228,12.025523,0.000000,61
1504,85626135472627,13.333113,1.044717,0.399142,12.281350,0.000000,61
1505,85626148805740,13.333530,1.115754,0.383661,12.210639,0.000000,61
1506,85626162139270,13.336857,0.942816,0.442768,12.385739,0.000000,61
1507,85626175476127,13.335330,1.502639,0.578703,11.822930,0.000000,61
1508,85626188811457,13.328444,3.850826,0.540279,9.468714,0.000000,61
1509,85626202139901,13.332125,1.114406,0.576919,12.210807,0.000000,61
1510,85626215472026,13.335987,1.023167,0.636732,12.305215,0.000000,61
1511,85626228808013,13.330043,1.178983,0.642141,12.142522,0.000000,61
1512,85626242138056,13.335641,1.085647,0.544504,12.243095,0.000000,61
1513,85626255473697,13.332292,1.038437,0.550015,12.286336,0.000000,61
1514,85626268805989,13.334145,1.062854,0.553991,12.264100,0.000000,61
1515,85626282140134,13.333342,1.240610,0.592792,12.086185,0.000000,61
1516,85626295473476,13.334501,3.593056,0.595930,9.733821,0.000000,61
1517,85626308807977,13.353679,1.129736,0.637877,12.216025,0.000000,61
1518,85626322161656,13.330708,1.035855,0.565545,12.287155,0.000000,61
1519,85626335492364,13.332574,1.215293,0.568148,12.110476,0.000000,61
1520,85626348824938,13.333720,0.929558,0.546757,12.398990,0.000000,61
1521,85626362158658,13.334768,0.931291,0.412304,12.396604,0.000000,61
1522,85626375493426,13.331762,1.109402,0.578304,12.214912,0.000000,61
1523,85626388825188,13.333577,1.354937,0.597677,11.971776,0.000000,61
1524,85626402158765,13.333588,3.427251,0.566225,9.899388,0.000000,61
1525,85626415492353,13.333266,0.918483,0.574166,12.408380,0.000000,61
1526,85626428825619,13.333788,0.943814,0.547460,12.382714,0.000000,61
1527,85626442159407,13.331869,0.830614,0.602407,12.495716,0.000000,61
1528,85626455491276,13.335024,0.968085,0.391031,12.360111,0.000000,61
1529,85626468826300,13.332864,1.266009,0.557559,12.059450,0.000000,61
1530,85626482159164,13.332696,0.963621,0.575568,12.362697,0.000000,61
1531,85626495491860,13.332966,1.264954,0.631704,12.061202,0.000000,61
1532,85626508824826,13.336446,3.946069,0.583284,9.383388,0.000000,61
1533,85626522161272,13.332407,1.014293,0.581768,12.309390,0.000000,61
1534,85626535493679,13.333307,1.119345,0.560149,12.205453,0.000000,61
1535,85626548826986,13.333405,0.974973,0.404199,12.349134,0.000000,61
1536,85626562160391,13.333881,1.010375,0.558383,12.316214,0.000000,61
1537,85626575494272,13.333285,1.092924,0.577761,12.232709,0.000000,61
1538,85626588827557,13.332775,1.109157,0.460413,12.216071,0.000000,61
1539,85626602160332,13.333296,1.244827,0.638246,12.081782,0.000000,61
1540,85626615493628,13.333599,3.754897,0.539495,9.571958,0.000000,61
1541,85626628827227,13.333670,0.986882,0.542663,12.340388,0.000000,61
1542,85626642160897,13.332949,0.848156,0.517772,12.478836,0.000000,61
1543,85626655493846,13.333863,1.016092,0.557279,12.311938,0.000000,61
1544,85626668827709,13.333308,1.050336,0.549943,12.276137,0.000000,61
1545,85626682161017,13.331888,0.825355,0.556872,12.500773,0.000000,61
1546,85626695492905,13.333479,0.867201,0.564982,12.460266,0.000000,61
1547,85626708826384,13.333060,1.085678,0.590423,12.241540,0.000000,61
1548,85626722159444,13.332080,4.175341,0.554274,9.151287,0.000000,61
1549,85626735491524,13.337024,1.074745,0.572746,12.255254,0.000000,61
1550,85626748828548,13.332327,1.109578,0.526779,12.215884,0.000000,61
1551,85626762160875,13.333651,0.957647,0.553462,12.368886,0.000000,61
1552,85626775494526,13.333750,1.073523,0.551145,12.253761,0.000000,61
1553,85626788828276,13.332466,0.942853,0.561005,12.383506,0.000000,61
1554,85626802160742,13.332699,0.816798,0.591985,12.509752,0.000000,61
1555,85626815493441,13.334723,1.311328,0.572759,12.017002,0.000000,61
1556,85626828828164,13.333612,3.948050,0.571512,9.378725,0.000000,61
1557,85626842161776,13.333781,1.012198,0.588290,12.313858,0.000000,61
1558,85626855495557,13.332385,1.185139,0.600914,12.141186,0.000000,61
1559,85626868827942,13.334073,1.011881,0.598851,12.315339,0.000000,61
1560,85626882162015,13.333869,1.000703,0.542486,12.325060,0.000000,61
1561,85626895495884,13.332538,1.221724,0.504378,12.104077,0.000000,61
1562,85626908828422,13.334856,1.029329,0.572466,12.298247,0.000000,61
1563,85626922163278,13.331742,1.303204,0.597160,12.020964,0.000000,61
1564,85626935495020,13.334370,3.517309,0.690674,9.810840,0.000000,62
1565,85626948829390,13.331069,1.161945,0.576596,12.162703,0.000000,62
1566,85626962160459,13.335437,1.081314,0.705325,12.248130,0.000000,62
1567,85626975495896,13.332447,2.008704,0.374358,11.316816,0.000000,62
1568,85626988828343,13.331819,1.151740,0.418786,12.173724,0.000000,62
1569,85627002160162,13.336240,0.916719,0.396788,12.413171,0.000000,62
1570,85627015496402,13.333025,1.171524,0.390775,12.154055,0.000000,62
1571,85627028829427,13.334292,1.296068,0.569766,12.031115,0.000000,62
1572,85627042163719,13.332453,3.746431,0.547827,9.579143,0.000000,62
1573,85627055496172,13.333704,1.167985,0.579434,12.158609,0.000000,62
1574,85627068829876,13.331788,1.191558,0.568626,12.133046,0.000000,62
1575,85627082161664,13.336123,1.112237,0.565673,12.216343,0.000000,62
1576,85627095497787,13.332458,1.050867,0.568018,12.274150,0.000000,62
1577,85627108830245,13.334892,1.065330,0.572474,12.261051,0.000000,62
1578,85627122165137,13.331783,1.003235,0.586788,12.320965,0.000000,62
1579,85627135496920,13.333328,1.282724,0.608757,12.043299,0.000000,62
1580,85627148830248,13.333501,3.517235,0.586372,9.809250,0.000000,62
1581,85627162163749,13.334830,0.950864,0.598500,12.376445,0.000000,62
1582,85627175498579,13.332636,1.169312,0.580735,12.155419,0.000000,62
1583,85627188831215,13.332685,1.135323,0.565871,12.190127,0.000000,62
1584,85627202163900,13.335534,0.991622,0.557648,12.335515,0.000000,62
1585,85627215499434,13.333779,1.129950,0.506071,12.196185,0.000000,62
1586,85627228833213,13.332326,1.115132,0.554142,12.209601,0.000000,62
1587,85627242165539,13.333066,1.192986,0.619858,12.133451,0.000000,62
1588,85627255498605,13.331158,3.429453,0.546433,9.894896,0.000000,62
1589,85627268829763,13.332411,0.966438,0.534183,12.359828,0.000000,62
1590,85627282162174,13.337171,0.883976,0.558315,12.446128,0.000000,62
1591,85627295499345,13.331507,1.069336,0.541682,12.254351,0.000000,62
1592,85627308830852,13.332809,1.009099,0.436120,12.317080,0.000000,62
1593,85627322163661,13.334565,0.911271,0.515778,12.416342,0.000000,62
1594,85627335498226,13.334449,1.042804,0.620468,12.284122,0.000000,62
1595,85627348832675,13.331987,1.335800,0.485577,11.989883,0.000000,62
1596,85627362164662,13.336154,3.480732,0.486439,9.847562,0.000000,62
1597,85627375500816,13.332245,1.155075,0.428714,12.170125,0.000000,62
1598,85627388833061,13.332694,1.054213,0.376518,12.270477,0.000000,62
1599,85627402165755,13.334851,0.963400,0.547028,12.364024,0.000000,62
1600,85627415500606,13.331395,0.962052,0.557637,12.362472,0.000000,62
1601,85627428832001,13.333255,0.888560,0.569439,12.438401,0.000000,62
1602,85627442165256,13.333078,0.817921,0.557738,12.509187,0.000000,62
1603,85627455498334,13.334199,1.305036,0.588657,12.022727,0.000000,62
1604,85627468832533,13.333823,3.294911,0.604329,10.032523,0.000000,62
1605,85627482166356,13.333106,0.844035,0.416850,12.482946,0.000000,62
1606,85627495499462,13.333953,0.983448,0.542472,12.343947,0.000000,62
1607,85627508833415,13.332323,1.036072,0.556995,12.290283,0.000000,62
1608,85627522165738,13.334446,0.837416,0.495295,12.490515,0.000000,62
1609,85627535500184,13.333809,0.978916,0.418512,12.348364,0.000000,62
1610,85627548833993,13.333070,0.936896,0.514797,12.389539,0.000000,62
1611,85627562167063,13.331482,1.042215,0.597023,12.282784,0.000000,62
1612,85627575498545,13.342029,3.294372,0.455654,10.035718,0.000000,62
1613,85627588840574,13.324450,0.968502,0.378313,12.349969,0.000000,62
1614,85627602165024,13.334430,0.833431,0.534404,12.494996,0.000000,62
1615,85627615499454,13.332979,0.913383,0.374825,12.413715,0.000000,62
1616,85627628832433,13.334121,0.939370,0.342546,12.388148,0.000000,62
1617,85627642166554,13.334387,0.846588,0.345179,12.481674,0.000000,62
1618,85627655500941,13.333387,0.923613,0.364194,12.403186,0.000000,62
1619,85627668834328,13.334018,1.135464,0.368274,12.191538,0.000000,62
1620,85627682168346,13.333807,3.292381,0.457656,10.033585,0.000000,62
1621,85627695502153,13.333235,1.010110,0.586906,12.316095,0.000000,62
1622,85627708835388,13.332395,0.964980,0.592625,12.360463,0.000000,62
1623,85627722167783,13.331331,0.883746,0.594709,12.441292,0.000000,62
1624,85627735499114,13.336272,1.048968,0.591838,12.280400,0.000000,62
1625,85627748835386,13.334425,1.140489,0.612224,12.185633,0.000000,62
1626,85627762169811,13.331012,1.094819,0.597593,12.228039,0.000000,62
1627,85627775500823,13.335583,1.331364,0.637351,11.997017,0.000000,62
1628,85627788836406,13.330764,3.983579,0.588801,9.338504,0.000000,62
1629,85627802167170,13.333993,1.126790,0.600884,12.199666,0.000000,62
1630,85627815501163,13.333408,1.093954,0.646149,12.232535,0.000000,62
1631,85627828834571,13.332679,1.121984,0.593496,12.203738,0.000000,62
1632,85627842167250,13.332522,1.019799,0.600426,12.306516,0.000000,62
1633,85627855499772,13.336229,1.110257,0.588433,12.219269,0.000000,62
1634,85627868836001,13.333257,1.143175,0.579374,12.182350,0.000000,62
1635,85627882169258,13.336238,1.357416,0.585948,11.969092,0.000000,63
1636,85627895505496,13.330273,3.736862,0.593829,9.584905,0.000000,63
1637,85627908835769,13.333055,1.109837,0.740433,12.215863,0.000000,63
1638,85627922168824,13.333566,1.889671,0.540043,11.436684,0.000000,63
1639,85627935502390,13.333316,1.026159,0.580274,12.300617,0.000000,63
1640,85627948835706,13.332105,1.092864,0.566648,12.232021,0.000000,63
1641,85627962167811,13.336024,1.004960,0.637128,12.323669,0.000000,63
1642,85627975503835,13.331837,1.688513,0.615030,11.635138,0.000000,63
1643,85627988835672,13.334550,1.387916,0.591706,11.939073,0.000000,63
1644,85628002170222,13.341607,3.788118,0.560740,9.540837,0.000000,63
1645,85628015511829,13.322112,1.364679,0.593023,11.948788,0.000000,63
1646,85628028833941,13.337375,1.077150,0.545569,12.253255,0.000000,63
1647,85628042171316,13.332378,1.083005,0.556208,12.241264,0.000000,63
1648,85628055503694,13.332324,1.242756,0.556626,12.081913,0.000000,63
1649,85628068836018,13.334699,1.237359,0.611828,12.089982,0.000000,63
1650,85628082170717,13.333919,1.077387,0.570905,12.247561,0.000000,63
1651,85628095504636,13.330634,1.511548,0.593169,11.811806,0.000000,63
1652,85628108835270,13.342327,3.788846,0.560880,9.542615,0.000000,63
1653,85628122177597,13.325291,1.023096,0.634354,12.292449,0.000000,63
1654,85628135502888,13.332407,1.214712,0.388442,12.111439,0.000000,63
1655,85628148835295,13.337596,1.030010,0.589360,12.299126,0.000000,63
1656,85628162172891,13.328552,1.090773,0.393742,12.231020,0.000000,63
1657,85628175501443,13.337457,1.092701,0.399459,12.237993,0.000000,63
1658,85628188838900,13.335101,1.154222,0.381681,12.171377,0.000000,63
1659,85628202174001,13.339363,1.137547,0.448734,12.192270,0.000000,63
1660,85628215513364,13.328695,3.760104,0.727146,9.558203,0.000000,63
1661,85628228842059,13.334962,1.709764,0.744583,11.614446,0.000000,63
1662,85628242177021,13.340840,1.728963,0.639300,11.595760,0.000000,63
1663,85628255517861,13.321577,1.351345,0.560227,11.956301,0.000000,63
1664,85628268839438,13.336542,1.221070,0.551407,12.105051,0.000000,63
1665,85628282175980,13.328172,1.070787,0.539610,12.248053,0.000000,63
1666,85628295504152,13.332763,1.087680,0.563111,12.238190,0.000000,63
1667,85628308836915,13.333324,1.321256,0.564891,12.006545,0.000000,63
1668,85628322170239,13.336365,3.700423,0.639486,9.627983,0.000000,63
1669,85628335506604,13.331994,1.328920,0.537886,11.995696,0.000000,63
1670,85628348838598,13.334536,1.306584,0.568207,12.019269,0.000000,63
1671,85628362173134,13.333226,1.087407,0.592003,12.236851,0.000000,63
1672,85628375506360,13.330447,1.203458,0.599800,12.120440,0.000000,63
1673,85628388836807,13.334696,1.085186,0.403858,12.243332,0.000000,63
1674,85628402171503,13.340292,0.964002,0.542597,12.365344,0.000000,63
1675,85628415511795,13.326569,1.381613,0.575685,11.937704,0.000000,63
1676,85628428838364,13.330937,3.785037,0.632650,9.539193,0.000000,63
1677,85628442169301,13.337092,1.084982,0.559988,12.244079,0.000000,63
1678,85628455506393,13.334741,1.170857,0.632541,12.156723,0.000000,63
1679,85628468841134,13.330246,1.351584,0.526909,11.971582,0.000000,63
1680,85628482171380,13.340904,0.967504,0.545243,12.362571,0.000000,63
1681,85628495512284,13.326426,1.174904,0.533699,12.143271,0.000000,63
1682,85628508838710,13.335613,1.049103,0.390282,12.279190,0.000000,63
1683,85628522174323,13.331565,1.281255,0.429232,12.042919,0.000000,63
1684,85628535505888,13.334001,3.800895,0.595954,9.526449,0.000000,63
1685,85628548839889,13.341091,1.115501,0.606258,12.213853,0.000000,63
1686,85628562180980,13.327183,1.175275,0.565174,12.142617,0.000000,63
1687,85628575508163,13.331407,1.119136,0.599430,12.204894,0.000000,63
1688,85628588839570,13.333661,1.096380,0.572626,12.229401,0.000000,63
1689,85628602173231,13.333716,1.011250,0.571600,12.314593,0.000000,63
1690,85628615506947,13.335472,1.085432,0.540715,12.242258,0.000000,63
1691,85628628842419,13.333527,1.388503,0.568817,11.935749,0.000000,63
1692,85628642175946,13.333209,3.806132,0.557060,9.517768,0.000000,63
1693,85628655509155,13.331209,1.328863,0.582974,11.993760,0.000000,63
1694,85628668840364,13.331945,1.109617,0.408421,12.215811,0.000000,63
1695,85628682172309,13.334829,0.968528,0.567340,12.359647,0.000000,63
1696,85628695507138,13.332232,1.066319,0.568352,12.259643,0.000000,63
1697,85628708839370,13.334580,1.146770,0.551194,12.181102,0.000000,63
1698,85628722173950,13.333505,0.991280,0.556848,12.335879,0.000000,63
1699,85628735507455,13.345568,1.332009,0.618215,11.999561,0.000000,63
1700,85628748853023,13.320926,4.011824,0.390265,9.297524,0.000000,63
1701,85628762173949,13.333744,1.370282,0.555312,11.956308,0.000000,63
1702,85628775507693,13.338009,1.146509,0.462433,12.182306,0.000000,64
1703,85628788845702,13.329394,1.204335,0.572153,12.112978,0.000000,64
1704,85628802175096,13.331381,0.952058,0.583452,12.372125,0.000000,64
1705,85628815506477,13.334172,1.616629,0.398538,11.710381,0.000000,64
1706,85628828840649,13.334604,1.019365,0.576052,12.308258,0.000000,64
1707,85628842175253,13.331754,1.203729,0.573101,12.122396,0.000000,64
1708,85628855507007,13.333102,3.282732,0.394967,10.044291,0.000000,64
1709,85628868840109,13.335273,0.859136,0.529040,12.470430,0.000000,64
1710,85628882175382,13.330423,0.909918,0.550850,12.414076,0.000000,64
1711,85628895505805,13.334093,0.881468,0.557649,12.447152,0.000000,64
1712,85628908839898,13.363275,0.931621,0.647626,12.425816,0.000000,64
1713,85628922203173,13.304133,1.146263,0.547677,12.150717,0.000000,64
1714,85628935507306,13.333814,1.026515,0.549110,12.300056,0.000000,64
1715,85628948841120,13.335109,1.326667,0.552269,12.000867,0.000000,64
1716,85628962176229,13.336196,3.356996,0.557413,9.971544,0.000000,64
1717,85628975512425,13.328284,0.991195,0.548490,12.331967,0.000000,64
1718,85628988840709,13.336578,0.902581,0.632725,12.428110,0.000000,64
1719,85629002177287,13.333310,1.222636,0.577698,12.102839,0.000000,64
1720,85629015510597,13.331044,1.109585,1.057458,12.213779,0.000000,64
1721,85629028841641,13.334624,1.053825,0.552788,12.274237,0.000000,64
1722,85629042176265,13.335116,1.119242,0.567697,12.208692,0.000000,64
1723,85629055511381,13.331348,1.408242,0.596978,11.914729,0.000000,64
1724,85629068842729,13.331217,3.842202,0.584594,9.482126,0.000000,64
1725,85629082173946,13.337015,1.121806,0.461484,12.207897,0.000000,64
1726,85629095510961,13.331303,1.267517,0.710277,12.056840,0.000000,64
1727,85629108842264,13.334717,1.087629,0.614092,12.240916,0.000000,64
1728,85629122176981,13.333736,1.034042,0.573523,12.292245,0.000000,64
1729,85629135510717,13.332032,1.110822,0.562561,12.214202,0.000000,64
1730,85629148842749,13.336404,1.128780,0.538189,12.198682,0.000000,64
1731,85629162179153,13.331957,1.281681,0.585920,12.042562,0.000000,64
1732,85629175511110,13.335740,3.482494,0.433561,9.845279,0.000000,64
1733,85629188846850,13.329542,1.095218,0.415460,12.224850,0.000000,64
1734,85629202176392,13.340688,0.857401,0.585206,12.473486,0.000000,64
1735,85629215517080,13.327715,1.216569,0.618256,12.101954,0.000000,64
1736,85629228844795,13.331115,0.969669,0.561729,12.354935,0.000000,64
1737,85629242175910,13.335608,0.819845,0.587060,12.509420,0.000000,64
1738,85629255511518,13.331328,0.941834,0.568407,12.382505,0.000000,64
1739,85629268842846,13.332791,1.131720,0.444557,12.194802,0.000000,64
1740,85629282175637,13.343340,3.328535,0.573092,10.002272,0.000000,64
1741,85629295518977,13.326947,1.174317,0.702594,12.143370,0.000000,64
1742,85629308845924,13.331818,1.165312,0.563069,12.155331,0.000000,64
1743,85629322177742,13.342568,0.847274,0.578594,12.483322,0.000000,64
1744,85629335520310,13.324616,1.219450,0.577860,12.096042,0.000000,64
1745,85629348844926,13.331272,1.017794,0.575920,12.303624,0.000000,64
1746,85629362176198,13.336645,0.955127,0.589345,12.373915,0.000000,64
1747,85629375512843,13.331748,1.682264,0.573914,11.642084,0.000000,64
1748,85629388844591,13.337874,3.850870,0.537100,9.471004,0.000000,64
1749,85629402182465,13.332617,1.030130,0.556186,12.293434,0.000000,64
1750,85629415515082,13.330193,1.159547,0.555276,12.163969,0.000000,64
1751,85629428845275,13.331841,0.919492,0.391467,12.402244,0.000000,64
1752,85629442177116,13.334837,0.790524,0.554156,12.537667,0.000000,64
1753,85629455511953,13.344630,0.921079,0.600764,12.408149,0.000000,64
1754,85629468856583,13.321736,1.340747,0.597346,11.972829,0.000000,64
1755,85629482178319,13.334730,1.304834,0.649383,12.022375,0.000000,64
1756,85629495513049,13.333208,3.921202,0.599210,9.403764,0.000000,64
1757,85629508846257,13.332924,1.251807,0.554565,12.069773,0.000000,64
1758,85629522179181,13.333112,1.026213,0.517008,12.299775,0.000000,64
1759,85629535512293,13.339750,1.098228,0.556751,12.228833,0.000000,64
1760,85629548852043,13.327591,1.105433,0.532584,12.214167,0.000000,64
1761,85629562179634,13.332869,0.997544,0.568585,12.327989,0.000000,64
1762,85629575512503,13.338400,1.096548,0.426837,12.232039,0.000000,64
1763,85629588850903,13.328398,1.714388,0.595115,11.606575,0.000000,64
1764,85629602179301,13.333965,3.989688,0.575578,9.337255,0.000000,64
1765,85629615513266,13.343380,1.091293,0.593048,12.236966,0.000000,64
1766,85629628856646,13.324715,1.278477,0.582534,12.036862,0.000000,64
1767,85629642181361,13.332305,1.034838,0.597722,12.289391,0.000000,64
1768,85629655513666,13.340241,1.103443,0.529095,12.222842,0.000000,64
1769,85629668853907,13.328439,1.092635,0.580692,12.226817,0.000000,64
1770,85629682182346,13.331532,1.046909,0.580590,12.276528,0.000000,64
1771,85629695513878,13.336175,1.364840,0.431346,11.960766,0.000000,64
1772,85629708850053,13.330113,3.811390,0.590870,9.510739,0.000000,64
1773,85629722180166,13.333514,1.059605,0.573781,12.266969,0.000000,64
1774,85629735513680,13.339217,1.117918,0.581746,12.207337,0.000000,64
1775,85629748852897,13.333835,1.186906,0.627720,12.138284,0.000000,64
1776,85629762186732,13.326517,1.093791,0.561825,12.224089,0.000000,64
1777,85629775513249,13.337914,1.092640,0.626152,12.235430,0.000000,64
1778,85629788851163,13.332141,1.161514,0.606606,12.162566,0.000000,64
1779,85629802183304,13.330418,1.651276,0.590292,11.671574,0.000000,64
1780,85629815513722,13.337895,3.800589,0.605974,9.526534,0.000000,64
1781,85629828851617,13.330480,1.260038,0.613192,12.062336,0.000000,64
1782,85629842182097,13.334317,1.074732,0.635781,12.250526,0.000000,65
1783,85629855516414,13.343644,1.171050,0.544705,12.152189,0.000000,65
1784,85629868860058,13.327375,1.042380,0.596332,12.275439,0.000000,65
1785,85629882187433,13.328342,1.046673,0.552312,12.272019,0.000000,65
1786,85629895515775,13.339350,1.178068,0.572726,12.150939,0.000000,65
1787,85629908855125,13.327053,1.517192,0.606509,11.802065,0.000000,65
1788,85629922182178,13.330715,3.818943,0.557823,9.504860,0.000000,65
1789,85629935512893,13.336115,1.001062,0.563105,12.325669,0.000000,65
1790,85629948849008,13.331360,1.117567,0.571520,12.207140,0.000000,65
1791,85629962180368,13.337647,1.093163,0.568640,12.235021,0.000000,65
1792,85629975518015,13.338082,1.095976,0.551321,12.231993,0.000000,65
1793,85629988856097,13.327250,0.968764,0.512232,12.351674,0.000000,65
1794,85630002183347,13.334993,0.962348,0.592573,12.365529,0.000000,65
1795,85630015518340,13.341481,1.244250,0.701473,12.087302,0.000000,65
1796,85630028859821,13.323102,3.479106,0.557028,9.836304,0.000000,65
1797,85630042182923,13.337705,1.047200,0.568641,12.281601,0.000000,65
1798,85630055520628,13.335953,1.023736,0.549944,12.301747,0.000000,65
1799,85630068856581,13.326374,1.052644,0.609575,12.265685,0.000000,65
1800,85630082182955,13.336450,0.865554,0.574137,12.462094,0.000000,65
1801,85630095519405,13.334555,1.246964,0.573421,12.078210,0.000000,65
1802,85630108853960,13.329405,1.186816,0.625940,12.133562,0.000000,65
1803,85630122183365,13.334265,1.487303,0.592240,11.839506,0.000000,65
1804,85630135517630,13.336427,3.557484,0.543449,9.772193,0.000000,65
1805,85630148854057,13.329052,1.159105,0.691391,12.163125,0.000000,65
1806,85630162183109,13.343070,1.203298,0.603164,12.127635,0.000000,65
1807,85630175526179,13.335574,1.351532,0.573131,11.971601,0.000000,65
1808,85630188861753,13.322741,1.192334,0.660086,12.121999,0.000000,65
1809,85630202184494,13.343137,1.241920,0.584795,12.090627,0.000000,65
1810,85630215527631,13.327504,1.394553,0.766809,11.923061,0.000000,65
1811,85630228855135,13.327507,1.537804,0.606353,11.782302,0.000000,65
1812,85630242182642,13.336421,3.713203,0.578171,9.616649,0.000000,65
1813,85630255519063,13.344835,1.226424,0.657408,12.106852,0.000000,65
1814,85630268863898,13.324955,1.387568,0.884665,11.926320,0.000000,65
1815,85630282188853,13.333841,1.843637,0.705261,11.478479,0.000000,65
1816,85630295522694,13.340410,1.446582,0.684028,11.882346,0.000000,65
1817,85630308863104,13.334787,1.627547,0.623339,11.693055,0.000000,65
1818,85630322197891,13.322413,1.183411,0.598676,12.128659,0.000000,65
1819,85630335520304,13.345419,1.450551,0.658726,11.884218,0.000000,65
1820,85630348865723,13.319184,3.514833,0.598474,9.796465,0.000000,65
1821,85630362184907,13.335763,1.228661,0.432493,12.097650,0.000000,65
1822,85630375520670,13.337954,1.246313,0.611358,12.082036,0.000000,65
1823,85630388858624,13.330758,1.435490,0.710814,11.882760,0.000000,65
1824,85630402189382,13.332017,1.229199,0.660888,12.091330,0.000000,65
1825,85630415521399,13.338607,1.236618,0.719296,12.090744,0.000000,65
1826,85630428860006,13.328632,1.574777,0.654113,11.744392,0.000000,65
1827,85630442188638,13.332978,1.807538,0.636824,11.516215,0.000000,65
1828,85630455521616,13.336866,3.942410,0.622705,9.384872,0.000000,65
1829,85630468858482,13.329722,1.220291,0.711540,12.100362,0.000000,65
1830,85630482188204,13.334119,1.397084,0.712516,11.926607,0.000000,65
1831,85630495522323,13.343027,1.384952,0.657497,11.944206,0.000000,65
1832,85630508865350,13.336543,1.278991,0.615880,12.043295,0.000000,65
1833,85630522201893,13.330509,1.276422,0.696105,12.042953,0.000000,65
1834,85630535532402,13.340245,1.378502,0.624801,11.949343,0.000000,65
1835,85630548872647,13.321435,1.309440,0.694322,12.001730,0.000000,65
1836,85630562194082,13.334633,3.563894,0.712589,9.759353,0.000000,65
1837,85630575528715,13.334954,1.310005,0.667761,12.015715,0.000000,65
1838,85630588863669,13.331152,1.410741,0.567890,11.910476,0.000000,65
1839,85630602194821,13.331787,1.433418,0.595586,11.889541,0.000000,65
1840,85630615526608,13.341765,1.585581,0.653768,11.744567,0.000000,65
1841,85630628868373,13.325997,1.323688,0.691289,11.991424,0.000000,65
1842,85630642194370,13.333842,1.239959,0.681810,12.082620,0.000000,65
1843,85630655528212,13.330935,1.489301,0.611628,11.832662,0.000000,65
1844,85630668859147,13.333737,4.061410,0.573578,9.264392,0.000000,65
1845,85630682192884,13.330836,1.014528,0.722899,12.309023,0.000000,65
1846,85630695523720,13.333298,1.020447,0.594073,12.306047,0.000000,65
1847,85630708857018,13.331632,0.898057,0.622673,12.427495,0.000000,65
1848,85630722188650,13.337289,0.937571,0.575003,12.391887,0.000000,65
1849,85630735525939,13.334026,1.019732,0.351717,12.306459,0.000000,65
1850,85630748859965,13.338191,1.130504,0.553116,12.199273,0.000000,65
1851,85630762198156,13.327215,1.225712,0.591969,12.092620,0.000000,65
1852,85630775525371,13.334458,3.351920,0.638258,9.974978,0.000000,65
1853,85630788859829,13.334345,1.129646,0.555830,12.196001,0.000000,65
1854,85630802194174,13.335542,1.203610,0.588184,12.123036,0.000000,66
1855,85630815529716,13.330457,1.217039,0.616765,12.104135,0.000000,66
1856,85630828860173,13.332086,1.275457,0.585765,12.048796,0.000000,66
1857,85630842192259,13.335322,1.014534,0.663116,12.313273,0.000000,66
1858,85630855527581,13.332582,1.481286,0.551662,11.842816,0.000000,66
1859,85630868860163,13.332581,1.733885,0.568485,11.590819,0.000000,66
1860,85630882192744,13.333083,3.705808,0.636569,9.619792,0.000000,66
1861,85630895525827,13.334666,1.223540,0.611315,12.104019,0.000000,66
1862,85630908860493,13.332990,1.338549,0.426567,11.986029,0.000000,66
1863,85630922193483,13.332770,1.107706,0.562768,12.217726,0.000000,66
1864,85630935526253,13.332722,1.189545,0.586649,12.135687,0.000000,66
1865,85630948858975,13.333634,1.139615,0.606502,12.186046,0.000000,66
1866,85630962192609,13.334822,1.072447,0.419029,12.253827,0.000000,66
1867,85630975527431,13.335910,1.289680,0.363813,12.037511,0.000000,66
1868,85630988863341,13.330189,3.321588,0.462778,10.001884,0.000000,66
1869,85631002193530,13.332457,0.919707,0.389463,12.405622,0.000000,66
1870,85631015525987,13.332671,0.969068,0.572499,12.356881,0.000000,66
1871,85631028858658,13.333274,0.981676,0.525884,12.345261,0.000000,66
1872,85631042191932,13.332930,0.865676,0.385481,12.461275,0.000000,66
1873,85631055524862,13.334190,0.969227,0.603345,12.359723,0.000000,66
1874,85631068859052,13.332795,0.978711,0.604664,12.347917,0.000000,66
1875,85631082191847,13.333551,1.105039,0.578012,12.222221,0.000000,66
1876,85631095525398,13.334027,3.299566,0.649218,10.026849,0.000000,66
1877,85631108859425,13.333971,0.939243,0.580273,12.387962,0.000000,66
1878,85631122193396,13.337456,0.916837,0.420937,12.413507,0.000000,66
1879,85631135530852,13.332432,1.105772,0.384363,12.218500,0.000000,66
1880,85631148863284,13.332981,1.619567,0.970694,11.705487,0.000000,66
1881,85631162196265,13.334750,1.027158,0.603315,12.298741,0.000000,66
1882,85631175531015,13.333268,1.117352,0.600297,12.207108,0.000000,66
1883,85631188864283,13.336050,1.318605,0.671345,12.008503,0.000000,66
1884,85631202200333,13.332651,3.763905,0.620476,9.557217,0.000000,66
1885,85631215532984,13.331381,1.200392,0.642299,12.121355,0.000000,66
1886,85631228864365,13.331433,2.134654,0.623945,11.187988,0.000000,66
1887,85631242195798,13.330346,1.149593,0.554625,12.172346,0.000000,66
1888,85631255526144,13.333644,1.160657,0.587145,12.165843,0.000000,66
1889,85631268859788,13.339543,1.108030,0.599522,12.220460,0.000000,66
1890,85631282199331,13.327127,0.978612,0.618653,12.341558,0.000000,66
1891,85631295526458,13.333246,1.412517,0.570190,11.912753,0.000000,66
1892,85631308859704,13.332786,3.877003,0.622894,9.449704,0.000000,66
1893,85631322192490,13.335192,1.031924,0.649440,12.295895,0.000000,66
1894,85631335527682,13.333937,1.253659,0.565447,12.071992,0.000000,66
1895,85631348861619,13.336620,1.164973,0.547684,12.163717,0.000000,66
1896,85631362198239,13.330242,1.136042,0.601104,12.186913,0.000000,66
1897,85631375528481,13.344355,1.373039,0.681644,11.962905,0.000000,66
1898,85631388872836,13.332672,1.308637,0.615192,12.016765,0.000000,66
1899,85631402205508,13.333326,1.428386,0.592587,11.897319,0.000000,66
1900,85631415538834,13.336357,3.857718,0.557622,9.469400,0.000000,66
1901,85631428875191,13.331902,1.253907,0.595775,12.070833,0.000000,66
1902,85631442207093,13.338179,1.059507,0.604348,12.267608,0.000000,66
1903,85631455545272,13.327943,1.236999,0.658630,12.082312,0.000000,66
1904,85631468873215,13.333685,1.209570,0.648877,12.116643,0.000000,66
1905,85631482206900,13.334738,1.254825,0.622274,12.073129,0.000000,66
1906,85631495541638,13.330214,1.231901,0.668982,12.089854,0.000000,66
1907,85631508871852,13.333576,1.402184,0.562867,11.924520,0.000000,67
1908,85631522205428,13.335493,3.791398,0.569919,9.537736,0.000000,67
1909,85631535540921,13.333449,1.146855,0.547932,12.178134,0.000000,67
1910,85631548874370,13.333475,2.636583,0.647826,10.689764,0.000000,67
1911,85631562207845,13.335104,1.024322,0.554209,12.303379,0.000000,67
1912,85631575542949,13.332341,1.118329,0.573863,12.207118,0.000000,67
1913,85631588875290,13.333857,1.114412,0.597543,12.212683,0.000000,67
1914,85631602209147,13.332526,1.083461,0.628989,12.242123,0.000000,67
1915,85631615541673,13.335909,1.415784,0.717307,11.912801,0.000000,67
1916,85631628877582,13.333852,4.100541,0.688789,9.224975,0.000000,67
1917,85631642211434,13.336180,1.299481,0.607006,12.027467,0.000000,67
1918,85631655547614,13.332166,1.421751,0.570599,11.900442,0.000000,67
1919,85631668879780,13.334369,1.220995,0.627125,12.103987,0.000000,67
1920,85631682214149,13.334409,1.241158,0.707567,12.083356,0.000000,67
1921,85631695548558,13.331803,1.407923,0.599046,11.912976,0.000000,67
1922,85631708880361,13.332542,1.305068,0.688466,12.016615,0.000000,67
1923,85631722212903,13.335454,1.612037,0.654855,11.713768,0.000000,67
1924,85631735548357,13.332636,4.156312,0.615129,9.166199,0.000000,67
1925,85631748880993,13.332768,1.314546,0.675296,12.008163,0.000000,67
1926,85631762213761,13.336062,1.198710,0.706417,12.127998,0.000000,67
1927,85631775549823,13.333841,1.454995,0.652076,11.865391,0.000000,67
1928,85631788883664,13.332573,1.295531,0.605196,12.027105,0.000000,67
1929,85631802216237,13.334538,1.323664,0.719772,11.998425,0.000000,67
1930,85631815550775,13.327479,1.499268,0.723791,11.816515,0.000000,67
1931,85631828878254,13.337899,1.621829,0.614444,11.706684,0.000000,67
1932,85631842216153,13.328683,3.880540,0.573248,9.438935,0.000000,67
1933,85631855544836,13.334812,1.088838,0.600597,12.238315,0.000000,67
1934,85631868879648,13.333297,1.239060,0.552726,12.085518,0.000000,67
1935,85631882212945,13.334508,1.178364,0.605396,12.147953,0.000000,67
1936,85631895547453,13.332833,1.229900,0.652951,12.093764,0.000000,67
1937,85631908880286,13.332916,1.274588,0.568022,12.050248,0.000000,67
1938,85631922213202,13.333615,1.105003,0.584759,12.220179,0.000000,67
1939,85631935546817,13.332754,1.417780,0.615108,11.906850,0.000000,67
1940,85631948879571,13.332331,4.070662,0.522981,9.253105,0.000000,67
1941,85631962211902,13.334078,1.160798,0.601936,12.165167,0.000000,67
1942,85631975545980,13.332412,1.164859,0.562294,12.160242,0.000000,67
1943,85631988878392,13.335733,1.084838,0.563845,12.244062,0.000000,67
1944,85632002214125,13.331393,1.089209,0.591815,12.232099,0.000000,67
1945,85632015545518,13.335300,1.074396,0.484772,12.253203,0.000000,67
1946,85632028880818,13.331639,1.223652,0.589543,12.100241,0.000000,67
1947,85632042212457,13.333381,1.242394,0.448724,12.083465,0.000000,67
1948,85632055545838,13.333404,4.063184,0.617786,9.262297,0.000000,67
1949,85632068879242,13.332162,1.979429,0.577001,11.346397,0.000000,67
1950,85632082211404,13.336212,1.048374,0.714833,12.280044,0.000000,67
1951,85632095547616,13.333287,1.339335,0.650004,11.984928,0.000000,67
1952,85632108880903,13.331560,1.240001,0.627190,12.083414,0.000000,67
1953,85632122212463,13.336770,0.949804,0.646824,12.379394,0.000000,67
1954,85632135549233,13.331672,1.223086,0.617692,12.098475,0.000000,67
1955,85632148880905,13.332977,1.449829,0.627433,11.876209,0.000000,67
1956,85632162213882,13.333726,3.965859,0.589871,9.360497,0.000000,67
1957,85632175547608,13.332461,1.477632,0.606629,11.847509,0.000000,67
1958,85632188880069,13.335341,1.213577,0.582872,12.114368,0.000000,67
1959,85632202215410,13.338071,1.081697,0.618977,12.244726,0.000000,67
1960,85632215553481,13.329536,1.199513,0.618258,12.120445,0.000000,67
1961,85632228883017,13.332768,1.201321,0.611519,12.122202,0.000000,67
1962,85632242215785,13.335803,1.288383,0.638318,12.036846,0.000000,67
1963,85632255551588,13.329335,1.650854,0.614393,11.669995,0.000000,67
1964,85632268880923,13.333314,3.941428,0.408065,9.383804,0.000000,67
1965,85632282214237,13.334734,1.043868,0.587085,12.282668,0.000000,67
1966,85632295548971,13.334116,1.123993,0.607992,12.201256,0.000000,67
1967,85632308883087,13.332683,1.189521,0.616771,12.136344,0.000000,67
1968,85632322215770,13.330696,1.111234,0.408233,12.212053,0.000000,68
1969,85632335546466,13.334184,1.246360,0.739896,12.081162,0.000000,68
1970,85632348880650,13.334669,1.222890,0.609617,12.104816,0.000000,68
1971,85632362215319,13.330798,2.391539,0.601368,10.932160,0.000000,68
1972,85632375546117,13.336809,3.900353,0.574187,9.427152,0.000000,68
1973,85632388882926,13.332849,1.088370,0.790146,12.237644,0.000000,68
1974,85632402215775,13.330130,1.099033,0.680735,12.224390,0.000000,68
1975,85632415545905,13.337317,1.185152,0.580377,12.145245,0.000000,68
1976,85632428883222,13.332695,1.235252,0.557507,12.089701,0.000000,68
1977,85632442215917,13.333203,1.098063,0.582067,12.227510,0.000000,68
1978,85632455549120,13.334524,1.014424,0.621673,12.312535,0.000000,68
1979,85632468883644,13.333343,1.600963,0.587799,11.725113,0.000000,68
1980,85632482216987,13.331495,4.034434,0.604963,9.289322,0.000000,68
1981,85632495548482,13.335714,1.227759,0.554875,12.100390,0.000000,68
1982,85632508884196,13.331557,1.208950,0.406968,12.115662,0.000000,68
1983,85632522215753,13.333542,1.090479,0.417323,12.235626,0.000000,68
1984,85632535549295,13.334870,1.198711,0.596475,12.127525,0.000000,68
1985,85632548884165,13.331921,1.387893,0.600604,11.936698,0.000000,68
1986,85632562216086,13.335718,1.161220,0.571124,12.166881,0.000000,68
1987,85632575551804,13.331182,1.531064,0.588839,11.792642,0.000000,68
1988,85632588882986,13.332515,4.309387,0.396535,9.015860,0.000000,68
1989,85632602215501,13.343542,0.995508,1.243657,12.337120,0.000000,68
1990,85632615559043,13.667160,1.523450,1.087689,12.131510,0.000000,68
1991,85632629226203,13.333027,1.401055,1.360162,11.922937,0.000000,68
1992,85632642559230,13.405347,1.653950,1.081452,11.741611,0.000000,68
1993,85632655964577,13.336656,1.430902,1.437684,11.893627,0.000000,68
1994,85632669301233,13.326934,1.303821,1.015868,12.012874,0.000000,68
1995,85632682628167,13.578781,1.529035,0.918240,12.040294,0.000000,68
1996,85632696206948,13.332238,4.130927,1.021366,9.192030,0.000000,68
1997,85632709539186,13.332530,1.334176,0.686936,11.989418,0.000000,68
1998,85632722871716,13.333401,1.348677,0.590449,11.977857,0.000000,68
1999,85632736205117,13.334593,1.280409,0.600000,12.047461,0.000000,68
2000,85632749539710,13.333432,1.111461,0.554014,12.213986,0.000000,68
2001,85632762873142,13.332820,1.225580,0.622812,12.100062,0.000000,68
2002,85632776205962,13.333962,1.364219,0.609581,11.961567,0.000000,68
2003,85632789539924,13.332652,1.615804,0.599604,11.708357,0.000000,68
2004,85632802872576,13.334559,3.863264,0.594130,9.462162,0.000000,68
2005,85632816207135,13.332333,1.453036,0.679269,11.870867,0.000000,68
2006,85632829539468,13.337596,1.223213,0.561270,12.105244,0.000000,68
2007,85632842877064,13.328811,1.076696,0.597536,12.243594,0.000000,68
2008,85632856205875,13.334255,1.539557,0.556443,11.787075,0.000000,68
2009,85632869540130,13.777486,1.440360,0.618773,12.329447,0.000000,68
2010,85632883317616,13.331791,1.394590,0.595144,11.929247,0.000000,68
2011,85632896649407,13.333787,1.432208,0.646796,11.893559,0.000000,68
2012,85632909983194,13.333208,4.106630,0.540895,9.218221,0.000000,68
2013,85632923316402,13.333556,1.124059,0.409941,12.202950,0.000000,68
2014,85632936649958,13.333732,1.065558,0.434811,12.260236,0.000000,68
2015,85632949983690,13.332128,1.374767,0.370536,11.950428,0.000000,68
2016,85632963315818,13.334732,1.250598,0.571601,12.077794,0.000000,68
2017,85632976650550,13.331885,1.240569,0.606948,12.084232,0.000000,68
2018,85632989982435,13.334813,1.301316,0.558683,12.026611,0.000000,68
2019,85633003317248,13.332260,1.621265,0.495970,11.703849,0.000000,68
2020,85633016649508,13.332769,4.011378,0.627687,9.314892,0.000000,68
2021,85633029982277,13.334550,1.318650,0.461003,12.009572,0.000000,68
2022,85633043316827,13.334124,1.298600,0.595769,12.028356,0.000000,68
2023,85633056650951,13.332399,1.266425,0.604170,12.059415,0.000000,68
2024,85633069983350,13.333830,1.350481,0.570545,11.974966,0.000000,68
2025,85633083317180,13.334800,1.367379,0.682354,11.959082,0.000000,68
2026,85633096651980,13.332550,1.370758,0.532322,11.954074,0.000000,68
2027,85633109984530,13.332061,1.483717,0.690611,11.840348,0.000000,69
2028,85633123316591,13.341759,3.961582,0.627691,9.369118,0.000000,69
2029,85633136658350,13.327152,1.115994,0.534050,12.201082,0.000000,69
2030,85633149985502,13.332265,2.203545,0.618926,11.121628,0.000000,69
2031,85633163317767,13.331893,1.182941,0.570853,12.140717,0.000000,69
2032,85633176649660,13.346880,1.208737,0.569261,12.126498,0.000000,69
2033,85633189996540,13.321528,1.446758,0.540107,11.865507,0.000000,69
2034,85633203318068,13.338330,1.176466,0.595173,12.153542,0.000000,69
2035,85633216656398,13.328210,1.400265,0.703119,11.920398,0.000000,69
2036,85633229984608,13.331583,3.897572,0.704278,9.426917,0.000000,69
2037,85633243316191,13.335847,1.034094,0.572087,12.295253,0.000000,69
2038,85633256652038,13.332219,1.089208,0.599294,12.234886,0.000000,69
2039,85633269984257,13.335032,1.218471,0.564622,12.109321,0.000000,69
2040,85633283319289,13.333172,1.229702,0.574093,12.095150,0.000000,69
2041,85633296652461,13.330200,1.071303,0.568776,12.252598,0.000000,69
2042,85633309982661,13.338497,1.007270,0.595586,12.324686,0.000000,69
2043,85633323321158,13.331314,1.442757,0.667555,11.881050,0.000000,69
2044,85633336652472,13.331022,4.018639,0.563621,9.306355,0.000000,69
2045,85633349983494,13.333324,1.078508,0.572513,12.248544,0.000000,69
2046,85633363316818,13.337608,1.201408,0.580464,12.129287,0.000000,69
2047,85633376654426,13.332217,1.096138,0.620375,12.228373,0.000000,69
2048,85633389986643,13.332438,1.204400,0.616415,12.121018,0.000000,69
2049,85633403319081,13.333634,1.144259,0.621991,12.182087,0.000000,69
2050,85633416652715,13.334345,1.180342,0.642850,12.146349,0.000000,69
2051,85633429987060,13.332244,1.461582,0.670340,11.863382,0.000000,69
2052,85633443319304,13.332156,4.070314,0.534389,9.255329,0.000000,69
2053,85633456651460,13.343236,0.953871,0.594670,12.379505,0.000000,69
2054,85633469994696,13.325494,1.102758,0.566419,12.210962,0.000000,69
2055,85633483320190,13.333944,1.065497,0.620686,12.260855,0.000000,69
2056,85633496654134,13.332386,1.153742,0.995926,12.169446,0.000000,69
2057,85633509986520,13.333388,1.212242,0.593313,12.112860,0.000000,69
2058,85633523319908,13.333097,1.178712,0.567746,12.147409,0.000000,69
2059,85633536653005,13.334569,1.265247,0.599334,12.062531,0.000000,69
2060,85633549987574,13.331388,3.917336,0.531533,9.406677,0.000000,69
2061,85633563318962,13.334307,1.057579,0.552115,12.269853,0.000000,69
2062,85633576653269,13.333833,1.060570,0.641436,12.265654,0.000000,69
2063,85633589987102,13.332791,1.360715,0.665722,11.965159,0.000000,69
2064,85633603319893,13.334281,1.734259,0.608192,11.592804,0.000000,69
2065,85633616654174,13.332104,0.995935,0.588525,12.328728,0.000000,69
2066,85633629986278,13.355851,1.067032,0.612093,12.279713,0.000000,69
2067,85633643342129,13.331385,1.381406,0.533666,11.942519,0.000000,69
2068,85633656673514,13.331898,3.982333,0.582168,9.341645,0.000000,69
2069,85633670005412,13.334146,1.134510,0.667568,12.192589,0.000000,69
2070,85633683339558,13.334101,1.177445,0.609842,12.149961,0.000000,69
2071,85633696673659,13.334264,1.031050,0.573555,12.296091,0.000000,69
2072,85633710007923,13.334169,1.175560,0.541472,12.150693,0.000000,69
2073,85633723342092,13.331963,1.127676,0.621784,12.196419,0.000000,69
2074,85633736674055,13.333535,1.186567,0.527141,12.137486,0.000000,69
2075,85633750007590,13.334929,1.444108,0.589754,11.881131,0.000000,69
2076,85633763342519,13.328935,4.096669,0.607878,9.224612,0.000000,69
2077,85633776671454,13.337983,0.921032,0.534939,12.409773,0.000000,69
2078,85633790009437,13.330636,1.258684,0.589741,12.063682,0.000000,69
2079,85633803340073,13.331785,1.160920,0.577659,12.163997,0.000000,69
2080,85633816671858,13.343832,1.132894,0.624509,12.204813,0.000000,69
2081,85633830015690,13.335370,1.108156,0.609235,12.220982,0.000000,70
2082,85633843351060,13.334939,1.196623,0.608196,12.130567,0.000000,70
2083,85633856685999,13.334433,1.458606,0.634994,11.867253,0.000000,70
2084,85633870020432,13.330254,5.089997,0.576293,8.232182,0.000000,70
2085,85633883350686,13.332850,1.300878,0.600872,12.025988,0.000000,70
2086,85633896683536,13.333833,1.333049,0.568796,11.994594,0.000000,70
2087,85633910017369,13.335163,1.262817,0.634256,12.065132,0.000000,70
2088,85633923352532,13.332443,1.310641,0.597774,12.013884,0.000000,70
2089,85633936684975,13.334483,1.049816,0.434548,12.276622,0.000000,70
2090,85633950019458,13.331366,1.237914,0.464789,12.084451,0.000000,70
2091,85633963350824,13.336484,1.454446,0.615600,11.874721,0.000000,70
2092,85633976687308,13.328426,4.116264,0.581522,9.205115,0.000000,70
2093,85633990015734,13.350100,1.051717,0.620292,12.292442,0.000000,70
2094,85634003365834,13.336472,1.429692,0.603421,11.899525,0.000000,70
2095,85634016702306,13.335389,1.128783,0.578868,12.198111,0.000000,70
2096,85634030037695,13.332867,1.477637,0.565719,11.846965,0.000000,70
2097,85634043370562,13.335368,1.258773,0.457075,12.067378,0.000000,70
2098,85634056705930,13.327746,1.209225,0.616621,12.108420,0.000000,70
2099,85634070033676,13.335586,1.877739,0.662583,11.448522,0.000000,70
2100,85634083369262,13.336126,4.080575,0.585205,9.247620,0.000000,70
2101,85634096705388,13.328152,1.262914,0.607023,12.057134,0.000000,70
2102,85634110033540,13.333824,1.476580,0.601101,11.849934,0.000000,70
2103,85634123367364,13.334900,1.481822,0.555504,11.846513,0.000000,70
2104,85634136702264,13.335389,1.371111,0.543302,11.955689,0.000000,70
2105,85634150037653,13.329954,1.320810,0.543074,12.002283,0.000000,70
2106,85634163367607,13.336637,1.263281,0.628868,12.066602,0.000000,70
2107,85634176704244,13.329124,1.549718,0.660037,11.772566,0.000000,70
2108,85634190033368,13.333148,4.308217,0.572112,9.018782,0.000000,70
2109,85634203366516,13.337692,1.080121,0.639612,12.251393,0.000000,70
2110,85634216704208,13.332998,1.290898,0.629525,12.033506,0.000000,70
2111,85634230037206,13.331504,1.311162,0.564282,12.013240,0.000000,70
2112,85634243368710,13.339675,1.162774,0.704536,12.167160,0.000000,70
2113,85634256708385,13.328524,1.424066,0.588289,11.895030,0.000000,70
2114,85634270036909,13.333285,1.468428,0.694894,11.857746,0.000000,70
2115,85634283370194,13.336496,1.497910,0.590977,11.830404,0.000000,70
2116,85634296706690,13.332452,3.933473,0.549227,9.390119,0.000000,70
2117,85634310039142,13.332811,1.281939,0.590732,12.041122,0.000000,70
2118,85634323371953,13.333552,1.223368,0.641720,12.102528,0.000000,70
2119,85634336705505,13.334101,1.367557,0.604012,11.956705,0.000000,70
2120,85634350039606,13.329923,1.376851,0.563806,11.944305,0.000000,70
2121,85634363369529,13.333244,1.204502,0.682799,12.121364,0.000000,70
2122,85634376702773,13.337468,1.191772,0.617008,12.136729,0.000000,70
2123,85634390040241,13.328240,1.659957,0.632863,11.661362,0.000000,70
2124,85634403368481,13.332367,3.481001,0.598475,9.845211,0.000000,70
2125,85634416700848,13.339697,0.917871,0.658968,12.413955,0.000000,70
2126,85634430040545,13.328655,1.527307,0.608814,11.794350,0.000000,70
2127,85634443369200,13.333297,1.416162,0.629430,11.911137,0.000000,70
2128,85634456702497,13.336304,1.115490,0.658801,12.214139,0.000000,70
2129,85634470038801,13.335030,1.264725,0.648607,12.062219,0.000000,70
2130,85634483373831,13.330119,1.361170,0.711788,11.961230,0.000000,70
2131,85634496703950,13.337352,1.566939,0.662704,11.762305,0.000000,70
2132,85634510041302,13.327891,4.248060,0.572278,9.072407,0.000000,70
2133,85634523369193,13.334960,1.122371,0.584897,12.206624,0.000000,70
2134,85634536704153,13.343847,1.011893,0.542170,12.322587,0.000000,70
2135,85634550048000,13.329751,1.236135,0.590290,12.085839,0.000000,70
2136,85634563377751,13.333838,1.174953,0.594336,12.152244,0.000000,70
2137,85634576711589,13.332247,1.032094,0.482046,12.292842,0.000000,70
2138,85634590043836,13.333847,1.743059,0.490281,11.583038,0.000000,70
2139,85634603377683,13.331932,1.781481,0.601407,11.542692,0.000000,70
2140,85634616709615,13.331955,3.773975,0.569191,9.550910,0.000000,70
2141,85634630041570,13.337000,1.356245,0.723505,11.973613,0.000000,70
2142,85634643378570,13.334189,1.382377,0.667267,11.942942,0.000000,70
2143,85634656712759,13.333274,1.178378,0.601375,12.146805,0.000000,70
2144,85634670046033,13.507357,1.468419,0.584675,12.031348,0.000000,70
2145,85634683553390,13.332896,1.528302,0.638738,11.797860,0.000000,70
2146,85634696886286,13.337520,1.118452,0.752772,12.211850,0.000000,70
2147,85634710223806,13.328229,1.630420,0.612434,11.689907,0.000000,70
2148,85634723552035,13.333106,3.544763,0.651447,9.782883,0.000000,70
2149,85634736885141,13.333680,0.974919,0.661918,12.353204,0.000000,70
2150,85634750218821,13.337316,1.399160,0.942675,11.931883,0.000000,70
2151,85634763556137,13.333123,1.338941,0.646775,11.986769,0.000000,71
2152,85634776889260,13.334253,1.125767,0.606483,12.201930,0.000000,71
2153,85634790223513,13.333018,1.288156,0.574405,12.037186,0.000000,71
2154,85634803556531,13.330740,2.265916,0.804599,11.057429,0.000000,71
2155,85634816887271,13.333051,1.352566,0.625692,11.974760,0.000000,71
2156,85634830220322,13.333737,3.948681,0.676369,9.378361,0.000000,71
2157,85634843554059,13.349532,1.218888,0.638449,12.123779,0.000000,71
2158,85634856903591,13.342097,1.231840,0.661907,12.097284,0.000000,71
2159,85634870245688,13.324875,1.453532,0.647392,11.862093,0.000000,71
2160,85634883570563,13.330058,1.553781,0.874133,11.768445,0.000000,71
2161,85634896900621,13.337076,1.124460,0.617380,12.204120,0.000000,71
2162,85634910237697,13.328545,1.317677,0.613008,12.003233,0.000000,71
2163,85634923566242,13.334582,1.436083,0.635217,11.891789,0.000000,71
2164,85634936900824,13.334451,3.905433,0.609042,9.421967,0.000000,71
2165,85634950235275,13.337882,1.371153,0.605392,11.957951,0.000000,71
2166,85634963573157,13.328890,1.244688,0.794537,12.076793,0.000000,71
2167,85634976902047,13.332524,1.208129,0.595248,12.117945,0.000000,71
2168,85634990234571,13.338642,1.352721,0.623197,11.977974,0.000000,71
2169,85635003573213,13.328583,1.428459,0.622547,11.892703,0.000000,71
2170,85635016901796,13.333889,1.087114,0.574494,12.239841,0.000000,71
2171,85635030235685,13.332722,1.569170,0.659041,11.756610,0.000000,71
2172,85635043568407,13.333603,4.034740,0.633923,9.291096,0.000000,71
2173,85635056902010,13.333349,1.184158,0.595074,12.142635,0.000000,71
2174,85635070235359,13.332993,1.257046,0.602289,12.070045,0.000000,71
2175,85635083568352,13.333919,1.238856,0.637630,12.087561,0.000000,71
2176,85635096902271,13.330730,1.168101,0.817989,12.157005,0.000000,71
2177,85635110233001,13.335462,1.151960,0.637769,12.176890,0.000000,71
2178,85635123568463,13.333756,1.181689,0.465228,12.145542,0.000000,71
2179,85635136902219,13.332784,1.405723,0.598616,11.920622,0.000000,71
2180,85635150235003,13.333485,4.009254,0.649213,9.317727,0.000000,71
2181,85635163568488,13.333500,1.199902,0.646394,12.126175,0.000000,71
2182,85635176901988,13.332315,1.094653,1.019753,12.231219,0.000000,71
2183,85635190234303,13.334808,1.130420,0.634171,12.198063,0.000000,71
2184,85635203569111,13.333756,1.158845,0.903311,12.168418,0.000000,71
2185,85635216902867,13.333442,1.082340,0.854843,12.244055,0.000000,71
2186,85635230236309,13.332331,1.261631,0.581089,12.063777,0.000000,71
2187,85635243568640,13.333739,1.418410,0.716221,11.908976,0.000000,71
2188,85635256902379,13.332086,3.715788,0.430448,9.610492,0.000000,71
2189,85635270234465,13.334316,1.081561,0.538013,12.247571,0.000000,71
2190,85635283568781,13.334539,1.044256,0.758231,12.283428,0.000000,71
2191,85635296903320,13.333466,0.889784,0.436879,12.436026,0.000000,71
2192,85635310236786,13.332927,1.107782,0.568906,12.219380,0.000000,71
2193,85635323569713,13.409704,2.773770,0.612300,10.624703,0.000000,71
2194,85635336979417,13.475260,2.075828,0.596418,11.376294,0.000000,71
2195,85635350454677,13.317002,3.116966,0.629209,10.175688,0.000000,71
2196,85635363771679,13.461897,7.976257,1.847349,5.465489,0.000000,71
2197,85635377233576,13.447541,2.426216,0.573880,10.980320,0.000000,71
2198,85635390681117,13.385520,2.580223,0.618293,10.772183,0.000000,71
2199,85635404066637,13.429158,2.245512,0.555507,11.159040,0.000000,71
2200,85635417495795,13.325566,2.030154,0.552504,11.280135,0.000000,71
2201,85635430821361,13.327805,1.200575,0.538210,12.119490,0.000000,71
2202,85635444149166,13.332836,1.149945,0.598152,12.177251,0.000000,71
2203,85635457482002,13.335663,1.273033,0.633863,12.055274,0.000000,71
2204,85635470817665,13.331200,4.327780,0.415103,8.992619,0.000000,71
2205,85635484148865,13.335059,0.988848,0.527399,12.338852,0.000000,71
2206,85635497483924,13.334731,1.060744,0.462509,12.265745,0.000000,71
2207,85635510818655,13.334084,1.176117,0.417384,12.148045,0.000000,71
2208,85635524152739,13.331647,1.174193,0.538195,12.148409,0.000000,71
2209,85635537484386,13.337463,1.099797,0.398092,12.228735,0.000000,71
2210,85635550821849,13.329584,1.281883,0.589705,12.036253,0.000000,71
2211,85635564151433,13.332279,1.577827,0.672006,11.747835,0.000000,71
2212,85635577483712,13.336899,3.357571,0.679636,9.971452,0.000000,71
2213,85635590820611,13.330848,1.203759,0.738232,12.120667,0.000000,71
2214,85635604151459,13.334336,1.505368,0.723472,11.820222,0.000000,71
2215,85635617485795,13.369396,1.194254,0.441316,12.168018,0.000000,71
2216,85635630855191,13.332228,1.641688,0.629061,11.679981,0.000000,71
2217,85635644187419,13.333686,1.315974,0.593816,12.009725,0.000000,71
2218,85635657521105,13.335934,1.063902,0.580250,12.263305,0.000000,71
2219,85635670857039,13.332973,1.794989,0.711660,11.529551,0.000000,71
2220,85635684190012,13.332439,4.274526,0.639088,9.050066,0.000000,71
2221,85635697522451,13.335565,1.163863,0.637675,12.164470,0.000000,71
2222,85635710858016,13.329405,1.173928,0.545395,12.147835,0.000000,71
2223,85635724187421,13.334999,1.364605,0.553381,11.962650,0.000000,72
2224,85635737522420,13.338633,1.106779,0.625261,12.221961,0.000000,72
2225,85635750861053,13.331612,1.252982,0.486080,12.069878,0.000000,72
2226,85635764192665,13.328842,2.140546,0.383971,11.179446,0.000000,72
2227,85635777521507,13.333444,1.276780,0.465374,12.049736,0.000000,72
2228,85635790854951,13.333307,4.000452,0.532226,9.324613,0.000000,72
2229,85635804188258,13.352077,1.026040,0.586509,12.316870,0.000000,72
2230,85635817540335,13.337872,1.021112,0.632351,12.302588,0.000000,72
2231,85635830878207,13.325687,1.232592,0.661970,12.084322,0.000000,72
2232,85635844203894,13.332809,1.278097,0.735190,12.046777,0.000000,72
2233,85635857536703,13.334170,1.034210,0.370484,12.291819,0.000000,72
2234,85635870870873,13.335210,0.972309,0.607445,12.354804,0.000000,72
2235,85635884206083,13.332462,1.318292,0.401555,12.005547,0.000000,72
2236,85635897538545,13.330853,3.329569,0.647915,9.994754,0.000000,72
2237,85635910869398,13.333991,1.073314,0.602720,12.253704,0.000000,72
2238,85635924203389,13.333443,1.544191,0.662985,11.782084,0.000000,72
2239,85635937536832,13.334711,0.998672,0.667244,12.329378,0.000000,72
2240,85635950871543,13.332313,1.091690,0.686404,12.234073,0.000000,72
2241,85635964203856,13.331922,1.118569,0.452922,12.206896,0.000000,72
2242,85635977535778,13.334593,0.965361,0.567781,12.362906,0.000000,72
2243,85635990870371,13.333583,1.379498,0.526109,11.943924,0.000000,72
2244,85636004203954,13.332974,4.228501,0.582502,9.097993,0.000000,72
2245,85636017536928,13.335532,1.097931,0.559594,12.228126,0.000000,72
2246,85636030872460,13.334441,1.271367,0.632607,12.054284,0.000000,72
2247,85636044206901,13.332585,1.282906,0.547975,12.040551,0.000000,72
2248,85636057539486,13.330247,1.144896,0.652543,12.177904,0.000000,72
2249,85636070869733,13.337138,1.263734,0.597774,12.066711,0.000000,72
2250,85636084206871,13.331443,1.189418,0.626935,12.134329,0.000000,72
2251,85636097538314,13.331301,1.280094,0.599349,12.045291,0.000000,72
2252,85636110869615,13.337636,3.582770,0.571850,9.745875,0.000000,72
2253,85636124207251,13.329380,1.057062,0.621540,12.265997,0.000000,72
2254,85636137536631,13.333110,0.945486,0.611966,12.381587,0.000000,72
2255,85636150869741,13.334476,1.051857,0.617587,12.276941,0.000000,72
2256,85636164204217,13.336218,1.057300,0.592973,12.270029,0.000000,72
2257,85636177540435,13.329930,0.943777,0.615184,12.380333,0.000000,72
2258,85636190870365,13.334190,0.881344,0.644926,12.446873,0.000000,72
2259,85636204204555,13.489954,2.275489,0.683709,11.200514,0.000000,72
2260,85636217694509,13.310251,6.666874,0.607430,6.618923,0.000000,72
2261,85636231004760,13.332289,1.376764,0.606252,11.948510,0.000000,72
2262,85636244337049,13.333253,1.204729,0.610171,12.121829,0.000000,72
2263,85636257670302,13.333853,1.251952,0.592835,12.074963,0.000000,72
2264,85636271004155,13.333892,1.208754,0.605094,12.118143,0.000000,72
2265,85636284338047,13.330765,1.298260,0.578077,12.026129,0.000000,72
2266,85636297668812,13.334479,1.151082,0.460828,12.176411,0.000000,72
2267,85636311003291,13.331475,1.655768,0.456237,11.670107,0.000000,72
2268,85636324334766,13.333613,3.537529,0.488533,9.789279,0.000000,72
2269,85636337668379,13.336873,1.053058,0.406191,12.277648,0.000000,72
2270,85636351005252,13.334039,1.194727,0.392571,12.129479,0.000000,72
2271,85636364339291,13.330052,1.258020,0.682024,12.064374,0.000000,72
2272,85636377669343,13.340415,1.379918,0.612614,11.950680,0.000000,72
2273,85636391009758,13.326714,1.442913,0.590830,11.876641,0.000000,72
2274,85636404336472,13.336810,1.318619,0.589093,12.010780,0.000000,72
2275,85636417673282,13.329639,1.275909,0.632913,12.047481,0.000000,72
2276,85636431002921,13.333253,3.369054,0.656682,9.958092,0.000000,72
2277,85636444336174,13.335462,0.946665,0.696083,12.383136,0.000000,72
2278,85636457671636,13.332943,1.241340,0.668549,12.083663,0.000000,72
2279,85636471004579,13.331635,1.026744,0.587249,12.298255,0.000000,72
2280,85636484336214,13.337972,0.955790,0.661553,12.375106,0.000000,72
2281,85636497674186,13.330147,0.997284,0.655365,12.326301,0.000000,72
2282,85636511004333,13.333467,1.366110,0.659042,11.959325,0.000000,72
2283,85636524337800,13.334385,1.470981,0.686794,11.856597,0.000000,72
2284,85636537672185,13.331380,4.078087,0.603069,9.246392,0.000000,72
2285,85636551003565,13.336695,1.112792,0.647400,12.215943,0.000000,72
2286,85636564340260,13.331472,1.336669,0.636377,11.987502,0.000000,72
2287,85636577671732,13.332435,1.089255,0.567637,12.236819,0.000000,72
2288,85636591004167,13.335254,1.031943,0.610939,12.296875,0.000000,72
2289,85636604339421,13.332417,1.267224,0.580826,12.058587,0.000000,72
2290,85636617671838,13.333142,1.051298,0.564188,12.275997,0.000000,72
2291,85636631004980,13.334399,1.128461,0.628124,12.197049,0.000000,72
2292,85636644339379,13.331128,3.625619,0.559353,9.698106,0.000000,72
2293,85636657670507,13.333078,0.798222,0.592066,12.529108,0.000000,72
2294,85636671003585,13.333221,0.942362,0.556184,12.385124,0.000000,72
2295,85636684336806,13.334336,0.861305,0.444227,12.467288,0.000000,73
2296,85636697671142,13.334988,0.858467,0.585711,12.469716,0.000000,73
2297,85636711006130,13.330393,0.951394,0.679622,12.372520,0.000000,73
2298,85636724336523,13.333808,2.006292,0.724747,11.321083,0.000000,73
2299,85636737670331,13.334718,1.062152,0.536373,12.266188,0.000000,73
2300,85636751005049,13.332035,3.368306,0.547205,9.957940,0.000000,73
2301,85636764337084,13.335270,0.900861,0.571335,12.429176,0.000000,73
2302,85636777672354,13.332466,0.845392,0.558321,12.481327,0.000000,73
2303,85636791004820,13.335020,0.957963,0.527787,12.370685,0.000000,73
2304,85636804339840,13.332907,0.966506,0.580033,12.360262,0.000000,73
2305,85636817672747,13.333236,0.960513,0.577125,12.365501,0.000000,73
2306,85636831005983,13.333494,1.393912,0.579257,11.931784,0.000000,73
2307,85636844339477,13.332101,1.491569,0.621281,11.834174,0.000000,73
2308,85636857671578,13.333476,3.480714,0.563925,9.847268,0.000000,73
2309,85636871005054,13.335319,1.027132,0.578872,12.301908,0.000000,73
2310,85636884340373,13.332025,1.346710,0.646833,11.978395,0.000000,73
2311,85636897672398,13.333150,1.037891,0.568212,12.289085,0.000000,73
2312,85636911005548,13.334479,1.041569,0.739876,12.286507,0.000000,73
2313,85636924340027,13.333134,1.230971,0.546747,12.094682,0.000000,73
2314,85636937673161,13.333344,1.214002,0.555677,12.112011,0.000000,73
2315,85636951006505,13.333204,1.264539,0.578150,12.061254,0.000000,73
2316,85636964339709,13.332012,3.522300,0.517190,9.804566,0.000000,73
2317,85636977671721,13.335772,0.890023,0.465060,12.439872,0.000000,73
2318,85636991007493,13.334892,1.146494,0.726938,12.180625,0.000000,73
2319,85637004342385,13.331244,1.166273,0.572629,12.158268,0.000000,73
2320,85637017673629,13.333967,0.993498,0.582913,12.332481,0.000000,73
2321,85637031007596,13.333850,1.095251,0.908188,12.230334,0.000000,73
2322,85637044341446,13.333141,1.028805,0.780662,12.297361,0.000000,73
2323,85637057674587,13.334203,1.186037,0.627116,12.141477,0.000000,73
2324,85637071008790,13.331809,3.546372,0.529131,9.778011,0.000000,73
2325,85637084340599,13.334831,1.285658,0.635990,12.041993,0.000000,73
2326,85637097675430,13.331913,1.391880,0.821345,11.932820,0.000000,73
2327,85637111007343,13.332812,2.148331,0.625792,11.177741,0.000000,73
2328,85637124340155,13.333536,1.063645,0.564421,12.264317,0.000000,73
2329,85637137673691,13.332858,1.011026,0.693502,12.315229,0.000000,73
2330,85637151006549,13.335270,1.033642,0.540868,12.294886,0.000000,73
2331,85637164341819,13.331660,1.390311,0.648949,11.934890,0.000000,73
2332,85637177673479,13.332894,4.291393,0.755447,9.035804,0.000000,73
2333,85637191006373,13.333847,0.992250,0.735029,12.336431,0.000000,73
2334,85637204340220,13.337274,1.090464,0.717501,12.239716,0.000000,73
2335,85637217677494,13.333227,1.164715,0.844588,12.160967,0.000000,73
2336,85637231010721,13.330932,1.176457,0.592878,12.147278,0.000000,73
2337,85637244341653,13.335097,1.219760,0.800700,12.108322,0.000000,73
2338,85637257676750,13.331733,1.196816,0.830500,12.126555,0.000000,73
2339,85637271008483,13.334164,1.510881,0.901733,11.815680,0.000000,73
2340,85637284342647,13.332061,4.133619,0.960886,9.190927,0.000000,73
2341,85637297674708,13.335714,0.980117,0.927278,12.349083,0.000000,73
2342,85637311010422,13.331437,1.095278,0.439359,12.229212,0.000000,73
2343,85637324341859,13.334422,1.237187,1.060130,12.090966,0.000000,73
2344,85637337676281,13.332723,1.007490,0.647127,12.318524,0.000000,73
2345,85637351009004,13.332440,1.257415,0.546663,12.069067,0.000000,73
2346,85637364341444,13.335991,1.114147,0.741659,12.215291,0.000000,73
2347,85637377677435,13.331984,1.307354,0.611913,12.016666,0.000000,73
2348,85637391009419,13.332642,4.221257,0.715262,9.102107,0.000000,73
2349,85637404342061,13.334512,1.399872,1.204491,11.927243,0.000000,73
2350,85637417676573,13.333376,1.125570,0.621272,12.201222,0.000000,73
2351,85637431009949,13.334251,1.223802,0.917676,12.103870,0.000000,73
2352,85637444344200,13.333267,1.266332,0.608675,12.059779,0.000000,73
2353,85637457677467,13.334451,1.191049,0.960849,12.135481,0.000000,73
2354,85637471011918,13.333249,1.354064,0.768013,11.971713,0.000000,73
2355,85637484345167,13.331845,1.528729,0.864978,11.795995,0.000000,73
2356,85637497677012,13.332048,3.882435,0.574648,9.443517,0.000000,73
2357,85637511009060,13.334193,1.071561,0.591980,12.257062,0.000000,73
2358,85637524343253,13.334325,1.114731,0.509623,12.214211,0.000000,73
2359,85637537677578,13.335761,0.948848,1.678545,12.379586,0.000000,73
2360,85637551013339,13.330502,1.200999,0.603000,12.122970,0.000000,73
2361,85637564343841,13.332333,1.294262,1.383390,12.031904,0.000000,73
2362,85637577676174,13.333570,1.440040,0.893793,11.887625,0.000000,73
2363,85637591009744,13.334097,1.366625,1.171088,11.960374,0.000000,73
2364,85637604343841,13.334770,3.761129,1.212712,9.565807,0.000000,73
2365,85637617678611,13.333344,0.979890,0.863775,12.344975,0.000000,73
2366,85637631011955,13.333923,1.163169,1.008761,12.161610,0.000000,73
2367,85637644345878,13.332745,1.106200,0.572879,12.217755,0.000000,73
2368,85637657678623,13.333217,1.047925,0.566061,12.277639,0.000000,73
2369,85637671011840,13.332792,1.109443,0.557687,12.216090,0.000000,73
2370,85637684344632,13.333959,1.094845,0.572524,12.232675,0.000000,73
2371,85637697678591,13.334347,1.224013,0.601229,12.102757,0.000000,73
2372,85637711012938,13.331216,4.245472,0.498764,9.078401,0.000000,73
2373,85637724344154,13.334871,1.037972,0.518360,12.290347,0.000000,73
2374,85637737679025,13.334454,0.984805,0.547709,12.343230,0.000000,74
2375,85637751013479,13.332298,1.172829,0.550114,12.152189,0.000000,74
2376,85637764345777,13.333217,0.980780,0.553858,12.346013,0.000000,74
2377,85637777678994,13.334081,0.936941,0.535040,12.391292,0.000000,74
2378,85637791013075,13.332668,1.153488,0.572120,12.172238,0.000000,74
2379,85637804345743,13.332469,1.267202,0.657198,12.059407,0.000000,74
2380,85637817678212,13.335068,3.552989,0.552104,9.776018,0.000000,74
2381,85637831013280,13.332880,1.049438,0.557289,12.277654,0.000000,74
2382,85637844346160,13.333357,1.038258,0.526774,12.288820,0.000000,74
2383,85637857679517,13.333318,0.895081,0.553008,12.431547,0.000000,74
2384,85637871012835,13.331688,1.063052,0.538644,12.262646,0.000000,74
2385,85637884344523,13.334598,0.930603,0.567662,12.398346,0.000000,74
2386,85637897679121,13.334022,0.858937,0.391744,12.468577,0.000000,74
2387,85637911013143,13.333886,1.304934,0.675273,12.022163,0.000000,74
2388,85637924347029,13.331951,3.997312,0.554628,9.328228,0.000000,74
2389,85637937678980,13.335975,0.857349,0.520389,12.471903,0.000000,74
2390,85637951014955,13.332489,1.115424,0.574142,12.210618,0.000000,74
2391,85637964347444,13.333466,1.099148,0.576355,12.227682,0.000000,74
2392,85637977680910,13.333949,1.033687,0.542655,12.293084,0.000000,74
2393,85637991014859,13.332814,1.016810,0.549198,12.309497,0.000000,74
2394,85638004347673,13.332187,0.949868,0.576135,12.376551,0.000000,74
2395,85638017679860,13.333237,1.158785,0.933261,12.168842,0.000000,74
2396,85638031013097,13.334074,3.963929,0.541953,9.364035,0.000000,74
2397,85638044347171,13.333243,1.020332,0.579188,12.306819,0.000000,74
2398,85638057680414,13.333425,0.969177,0.526492,12.357480,0.000000,74
2399,85638071013839,13.333839,0.992464,0.400641,12.335277,0.000000,74
2400,85638084347678,13.333658,0.911264,0.528279,12.415548,0.000000,74
2401,85638097681336,13.332671,0.818545,0.543246,12.508568,0.000000,74
2402,85638111014007,13.334223,0.939140,0.576602,12.389022,0.000000,74
2403,85638124348230,13.332351,1.217633,0.579713,12.108174,0.000000,74
2404,85638137680581,13.333634,3.860671,0.526830,9.466315,0.000000,74
2405,85638151014215,13.333038,1.006424,0.532999,12.320643,0.000000,74
2406,85638164347253,13.334265,0.974237,0.498936,12.354109,0.000000,74
2407,85638177681518,13.334125,0.943613,0.573200,12.383139,0.000000,74
2408,85638191015643,13.332630,1.038591,0.577170,12.286139,0.000000,74
2409,85638204348273,13.334048,0.967387,0.548535,12.359940,0.000000,74
2410,85638217682321,13.334459,0.947961,0.641219,12.379047,0.000000,74
2411,85638231016780,13.331586,1.441490,0.841484,11.883933,0.000000,74
2412,85638244348366,13.333286,3.998991,0.557791,9.327090,0.000000,74
2413,85638257681652,13.333055,0.951713,0.526870,12.374824,0.000000,74
2414,85638271014707,13.333686,1.016621,0.518745,12.310033,0.000000,74
2415,85638284348393,13.334824,0.972267,0.567277,12.355631,0.000000,74
2416,85638297683217,13.332801,0.988642,0.547373,12.337199,0.000000,74
2417,85638311016018,13.333428,1.121577,0.526846,12.203759,0.000000,74
2418,85638324349446,13.333046,1.211427,0.534429,12.114198,0.000000,74
2419,85638337682492,13.333498,1.203117,0.597427,12.123272,0.000000,74
2420,85638351015990,13.332501,4.026743,0.355274,9.299347,0.000000,74
2421,85638364348491,13.335225,0.966961,0.346022,12.362104,0.000000,74
2422,85638377683716,13.332129,0.978062,0.535069,12.347378,0.000000,74
2423,85638391015845,13.333610,1.108298,0.531329,12.218451,0.000000,74
2424,85638404349455,13.333734,1.141887,0.551044,12.184694,0.000000,74
2425,85638417683189,13.332643,1.018407,0.533642,12.306960,0.000000,74
2426,85638431015832,13.334610,1.026607,0.511850,12.300743,0.000000,74
2427,85638444350442,13.330881,1.190042,0.657413,12.134991,0.000000,74
2428,85638457681323,13.335409,3.391606,0.569915,9.937648,0.000000,74
2429,85638471016732,13.333269,1.099834,0.559740,12.226592,0.000000,74
2430,85638484350001,13.333747,1.071932,0.580675,12.254678,0.000000,74
2431,85638497683748,13.334347,0.992214,0.555118,12.334849,0.000000,74
2432,85638511018095,13.332648,1.096177,0.361988,12.230000,0.000000,74
2433,85638524350743,13.333365,1.104244,0.510629,12.222534,0.000000,74
2434,85638537684108,13.334424,1.013525,0.561243,12.313515,0.000000,74
2435,85638551018532,13.332156,1.454681,0.638963,11.870643,0.000000,74
2436,85638564350688,13.331435,3.451095,0.546574,9.873591,0.000000,74
2437,85638577682123,13.336060,0.895898,0.533030,12.434363,0.000000,74
2438,85638591018183,13.331445,1.025869,0.545168,12.298850,0.000000,74
2439,85638604349628,13.333213,0.958651,0.544023,12.368800,0.000000,74
2440,85638617682841,13.335452,0.801400,0.592117,12.527431,0.000000,74
2441,85638631018293,13.330816,1.025006,0.579802,12.299772,0.000000,74
2442,85638644349109,13.334268,1.029303,0.563898,12.299493,0.000000,74
2443,85638657683377,13.332841,1.015793,0.559801,12.311155,0.000000,74
2444,85638671016218,13.334268,3.413988,0.361774,9.914851,0.000000,74
2445,85638684350486,13.334889,1.014210,0.578507,12.314804,0.000000,75
2446,85638697685375,13.334063,0.990749,0.581366,12.335800,0.000000,75
2447,85638711019438,13.329474,1.109225,0.595601,12.213832,0.000000,75
2448,85638724348912,13.336554,0.998288,0.531691,12.332080,0.000000,75
2449,85638737685466,13.334711,0.903382,0.600738,12.424077,0.000000,75
2450,85638751020177,13.330780,1.055288,0.583842,12.268685,0.000000,75
2451,85638764350957,13.334777,1.323771,0.584632,12.004761,0.000000,75
2452,85638777685734,13.334215,3.401316,0.622726,9.925813,0.000000,75
2453,85638791019949,13.336553,1.127548,0.582869,12.200780,0.000000,75
2454,85638804356502,13.333994,1.249482,0.618570,12.074022,0.000000,75
2455,85638817690496,13.329880,1.119780,0.652692,12.200827,0.000000,75
2456,85638831020376,13.334561,1.192868,0.602636,12.132025,0.000000,75
2457,85638844354937,13.331178,1.121816,0.560034,12.202110,0.000000,75
2458,85638857686115,13.333583,0.973235,0.525068,12.353958,0.000000,75
2459,85638871019698,13.343068,1.391178,0.751015,11.940822,0.000000,75
2460,85638884362766,13.323390,5.956373,1.770297,7.359011,0.000000,75
2461,85638897686156,13.333798,1.082521,0.542139,12.244474,0.000000,75
2462,85638911019954,13.335822,1.283638,0.560368,12.044406,0.000000,75
2463,85638924355776,13.332049,1.137666,0.556971,12.186350,0.000000,75
2464,85638937687825,13.334281,1.016391,0.556349,12.310623,0.000000,75
2465,85638951022106,13.332425,1.148996,0.431891,12.176326,0.000000,75
2466,85638964354531,13.334295,1.280843,0.572158,12.045731,0.000000,75
2467,85638977688826,13.331708,1.327104,0.630699,11.997987,0.000000,75
2468,85638991020534,13.333222,3.829334,0.588737,9.496998,0.000000,75
2469,85639004353756,13.334340,1.189681,0.584944,12.137291,0.000000,75
2470,85639017688096,13.333368,0.975093,0.532524,12.351890,0.000000,75
2471,85639031021464,13.334605,1.029803,0.580351,12.297142,0.000000,75
2472,85639044356069,13.332437,1.126627,0.557271,12.198225,0.000000,75
2473,85639057688506,13.333669,0.972683,0.538001,12.354382,0.000000,75
2474,85639071022175,13.333215,1.067103,0.584268,12.258704,0.000000,75
2475,85639084355390,13.334480,1.428607,0.546184,11.898714,0.000000,75
2476,85639097689870,13.331312,3.667765,0.550666,9.656558,0.000000,75
2477,85639111021182,13.334864,1.026760,0.539073,12.301228,0.000000,75
2478,85639124356046,13.333933,1.049855,0.397246,12.277140,0.000000,75
2479,85639137689979,13.333058,1.031448,0.515859,12.293353,0.000000,75
2480,85639151023037,13.332828,1.066061,0.389137,12.259409,0.000000,75
2481,85639164355865,13.333134,1.128783,0.408693,12.197379,0.000000,75
2482,85639177688999,13.333993,0.947784,0.497717,12.379598,0.000000,75
2483,85639191022992,13.332908,1.290097,0.415507,12.035488,0.000000,75
2484,85639204355900,13.335199,3.466117,0.572922,9.861409,0.000000,75
2485,85639217691099,13.333265,0.963234,0.638217,12.362580,0.000000,75
2486,85639231024364,13.332543,1.102011,0.548088,12.222700,0.000000,75
2487,85639244356907,13.335292,1.097929,0.592217,12.229438,0.000000,75
2488,85639257692199,13.332218,1.154574,0.606806,12.169206,0.000000,75
2489,85639271024417,13.330612,1.251121,0.512736,12.072176,0.000000,75
2490,85639284355029,13.335526,0.973380,0.571140,12.355445,0.000000,75
2491,85639297690555,13.333856,1.095585,0.599957,12.231526,0.000000,75
2492,85639311024411,13.332483,3.369000,0.563853,9.956904,0.000000,75
2493,85639324356894,13.334769,1.063737,0.582523,12.263927,0.000000,75
2494,85639337691663,13.332669,1.046988,0.571330,12.277754,0.000000,75
2495,85639351024332,13.332293,1.036402,0.547114,12.288269,0.000000,75
2496,85639364356625,13.334562,1.031437,0.607258,12.295305,0.000000,75
2497,85639377691187,13.335204,1.042533,0.568862,12.284113,0.000000,75
2498,85639391026391,13.331507,1.146724,0.592334,12.177628,0.000000,76
2499,85639404357898,13.332494,1.318085,0.636369,12.007155,0.000000,76
2500,85639417690392,13.333444,3.521482,0.627693,9.804404,0.000000,76
2501,85639431023836,13.333314,2.236278,0.567805,11.089657,0.000000,76
2502,85639444357150,13.337182,1.065701,0.667709,12.263836,0.000000,76
2503,85639457694332,13.331443,1.190413,0.589678,12.132086,0.000000,76
2504,85639471025775,13.331768,1.107146,0.565541,12.217854,0.000000,76
2505,85639484357543,13.333937,1.064086,0.589243,12.263360,0.000000,76
2506,85639497691480,13.335099,1.086059,0.573278,12.241511,0.000000,76
2507,85639511026579,13.331056,1.330624,0.592428,11.993571,0.000000,76
2508,85639524357635,13.332648,3.426864,0.569210,9.899295,0.000000,76
2509,85639537690283,13.337075,0.972169,0.580556,12.357728,0.000000,76
2510,85639551027358,13.331250,1.124856,0.577064,12.199016,0.000000,76
2511,85639564358608,13.333352,1.058930,0.572214,12.267101,0.000000,76
2512,85639577691960,13.340619,1.016105,0.570258,12.314637,0.000000,76
2513,85639591032579,13.327225,1.123756,0.576757,12.193544,0.000000,76
2514,85639604359804,13.329410,1.065498,0.553234,12.257531,0.000000,76
2515,85639617689214,13.337457,3.158964,0.581952,10.171998,0.000000,76
2516,85639631026671,13.333023,3.843713,0.593908,9.481741,0.000000,76
2517,85639644359694,13.332523,1.159832,0.655021,12.166590,0.000000,76
2518,85639657692217,13.333670,0.850510,0.599180,12.476719,0.000000,76
2519,85639671025887,13.334043,0.885515,0.559492,12.441930,0.000000,76
2520,85639684359930,13.331448,0.910088,0.534679,12.413961,0.000000,76
2521,85639697691378,13.337058,0.758897,0.565159,12.571284,0.000000,76
2522,85639711028436,13.330845,0.984597,0.565156,12.338748,0.000000,76
2523,85639724359281,13.333512,1.087281,0.592673,12.239648,0.000000,76
2524,85639737692793,13.339463,3.316653,0.590526,10.012137,0.000000,76
2525,85639751032256,13.327770,1.086710,0.574517,12.232399,0.000000,76
2526,85639764360026,13.331355,0.918196,0.536038,12.407104,0.000000,76
2527,85639777691381,13.335119,0.767412,0.561666,12.561678,0.000000,76
2528,85639791026500,13.339830,0.893887,0.547261,12.435755,0.000000,76
2529,85639804366330,13.326593,1.112259,0.591206,12.206472,0.000000,76
2530,85639817692923,13.333146,0.847237,0.542306,12.479699,0.000000,76
2531,85639831026069,13.334760,1.082792,0.441207,12.244934,0.000000,76
2532,85639844360829,13.331885,3.341725,0.575943,9.982606,0.000000,76
2533,85639857692714,13.333996,1.032397,0.410325,12.294174,0.000000,76
2534,85639871026710,13.331608,1.004892,0.545963,12.320046,0.000000,76
2535,85639884358318,13.335101,0.812157,0.561683,12.516571,0.000000,76
2536,85639897693419,13.336098,1.071111,0.558883,12.254889,0.000000,76
2537,85639911029517,13.329875,1.000561,0.586398,12.321635,0.000000,76
2538,85639924359392,13.332131,0.937164,0.567827,12.389005,0.000000,76
2539,85639937691523,13.337689,0.934760,0.591889,12.395351,0.000000,76
2540,85639951029212,13.331603,3.405893,0.605821,9.919734,0.000000,76
2541,85639964360815,13.336283,1.102200,0.588284,12.226692,0.000000,76
2542,85639977697098,13.332370,1.152848,0.399308,12.171501,0.000000,76
2543,85639991029468,13.329722,1.038095,0.591803,12.284140,0.000000,76
2544,85640004359190,13.336022,0.893240,0.574176,12.435119,0.000000,76
2545,85640017695212,13.330702,0.835944,0.570465,12.488321,0.000000,76
2546,85640031025914,13.335525,0.807087,0.578498,12.522192,0.000000,76
2547,85640044361439,13.333495,1.130844,0.613932,12.195686,0.000000,76
2548,85640057694934,13.331641,3.309742,0.568906,10.014978,0.000000,76
2549,85640071026575,13.335973,0.881413,0.573319,12.446227,0.000000,76
2550,85640084362548,13.332506,0.928884,0.578732,12.394480,0.000000,76
2551,85640097695054,13.330577,0.802322,0.549578,12.521057,0.000000,76
2552,85640111025631,13.333942,0.777367,0.547837,12.550985,0.000000,76
2553,85640124359573,13.339586,0.805281,0.403763,12.526082,0.000000,76
2554,85640137699159,13.328248,0.946692,0.556329,12.373553,0.000000,76
2555,85640151027407,13.332593,1.091429,0.572235,12.234124,0.000000,76
2556,85640164360000,13.332995,3.286389,0.610140,10.040657,0.000000,76
2557,85640177692995,13.335338,0.978866,0.367708,12.351020,0.000000,76
2558,85640191028333,13.331446,0.863252,0.385365,12.462932,0.000000,76
2559,85640204359779,13.333220,0.852530,0.583901,12.474734,0.000000,76
2560,85640217692999,13.338346,0.754356,0.637132,12.574906,0.000000,76
2561,85640231031345,13.329272,0.897410,0.559667,12.423732,0.000000,77
2562,85640244360617,13.334620,0.843486,0.539686,12.484525,0.000000,77
2563,85640257695237,13.337127,1.176440,1.367001,12.150524,0.000000,77
2564,85640271032364,13.328348,7.038888,0.674253,6.282868,0.000000,77
2565,85640284360712,13.335005,1.081784,0.622069,12.245659,0.000000,77
2566,85640297695717,13.333259,1.068636,0.587871,12.256344,0.000000,77
2567,85640311028976,13.334818,1.146049,0.573820,12.179853,0.000000,77
2568,85640324363794,13.332597,1.269436,0.593470,12.055301,0.000000,77
2569,85640337696391,13.332787,0.946360,0.666865,12.377742,0.000000,77
2570,85640351029178,13.331344,0.913711,0.554361,12.410645,0.000000,77
2571,85640364360522,13.343403,1.102431,0.593520,12.230864,0.000000,77
2572,85640377703925,13.330224,3.324777,0.656282,9.990974,0.000000,77
2573,85640391034149,13.326835,1.126478,0.582062,12.193663,0.000000,77
2574,85640404360984,13.334148,1.020997,0.571419,12.307339,0.000000,77
2575,85640417695132,13.336325,0.902146,0.557251,12.427126,0.000000,77
2576,85640431031457,13.330631,0.960503,0.634012,12.363388,0.000000,77
2577,85640444362088,13.334412,0.908304,0.597051,12.420190,0.000000,77
2578,85640457696500,13.334553,0.862407,0.564320,12.465602,0.000000,77
2579,85640471031053,13.331058,1.274028,0.604658,12.050104,0.000000,77
2580,85640484362111,13.335588,3.737735,0.552235,9.590045,0.000000,77
2581,85640497697699,13.332015,1.066323,0.609150,12.257964,0.000000,77
2582,85640511029714,13.335270,0.998342,0.577731,12.330232,0.000000,77
2583,85640524364984,13.335903,1.074740,0.426512,12.251564,0.000000,77
2584,85640537700887,13.333124,1.136056,0.628965,12.187338,0.000000,77
2585,85640551034011,13.332776,1.268059,0.667427,12.055794,0.000000,77
2586,85640564366787,13.335279,1.414855,0.417764,11.907749,0.000000,77
2587,85640577702066,13.331874,1.429342,0.486604,11.891434,0.000000,77
2588,85640591033940,13.337538,4.128641,0.633504,9.197464,0.000000,77
2589,85640604371478,13.329085,1.319485,0.580212,11.998448,0.000000,77
2590,85640617700563,13.333117,1.131109,0.569674,12.193171,0.000000,77
2591,85640631033680,13.332925,1.226433,0.565581,12.096934,0.000000,77
2592,85640644366605,13.336857,1.165312,0.565486,12.163299,0.000000,77
2593,85640657703462,13.328716,1.120044,0.601825,12.200370,0.000000,77
2594,85640671032178,13.332762,1.082857,0.406063,12.242554,0.000000,77
2595,85640684364940,13.332897,1.326423,0.603043,12.000309,0.000000,77
2596,85640697697837,13.333391,3.349013,0.397070,9.977478,0.000000,77
2597,85640711031228,13.334490,0.983500,0.573637,12.344668,0.000000,77
2598,85640724365718,13.331445,0.929165,0.550037,12.396013,0.000000,77
2599,85640737697163,13.334713,0.845263,0.589942,12.482652,0.000000,77
2600,85640751031876,13.332450,1.192866,0.541240,12.132993,0.000000,77
2601,85640764364326,13.333362,1.127866,0.568704,12.197631,0.000000,77
2602,85640777697688,13.332698,1.034110,0.576772,12.291113,0.000000,77
2603,85640791030386,13.335147,1.499299,0.578781,11.828699,0.000000,77
2604,85640804365533,13.333571,3.540756,0.567861,9.785287,0.000000,77
2605,85640817699104,13.332393,0.833925,0.565690,12.492325,0.000000,77
2606,85640831031497,13.333154,0.967681,0.462337,12.358977,0.000000,77
2607,85640844364651,13.334414,1.083228,0.550796,12.244591,0.000000,77
2608,85640857699065,13.335224,0.955965,0.576622,12.370886,0.000000,77
2609,85640871034289,13.330510,1.252307,0.564530,12.070199,0.000000,77
2610,85640884364799,13.335121,1.153428,0.599896,12.174781,0.000000,77
2611,85640897699920,13.332594,1.282987,0.454325,12.041503,0.000000,77
2612,85640911032514,13.333667,3.937248,0.423494,9.389442,0.000000,77
2613,85640924366181,13.338853,1.376549,0.420854,11.951963,0.000000,77
2614,85640937705034,13.328440,0.968763,0.522540,12.350984,0.000000,77
2615,85640951033474,13.334876,1.841401,0.543114,11.485028,0.000000,77
2616,85640964368350,13.330588,1.226737,0.543057,12.095185,0.000000,77
2617,85640977698938,13.334036,0.969157,0.548546,12.356906,0.000000,77
2618,85640991032974,13.340696,1.147788,0.573861,12.182243,0.000000,77
2619,85641004373670,13.326297,1.353129,0.577782,11.964618,0.000000,77
2620,85641017699967,13.333169,3.219154,0.579121,10.107721,0.000000,77
2621,85641031033136,13.336446,0.929787,0.555091,12.399500,0.000000,77
2622,85641044369582,13.329574,0.989836,0.376447,12.333996,0.000000,77
2623,85641057699156,13.333525,0.937691,0.525725,12.389564,0.000000,77
2624,85641071032681,13.333473,1.015905,0.547431,12.309663,0.000000,78
2625,85641084366154,13.334735,1.013341,0.563897,12.313261,0.000000,78
2626,85641097700889,13.332570,0.971609,0.557872,12.354120,0.000000,78
2627,85641111033459,13.335388,2.411587,0.603493,10.915603,0.000000,78
2628,85641124368847,13.334546,3.828381,0.556817,9.497079,0.000000,78
2629,85641137703393,13.330570,1.032288,0.559546,12.290787,0.000000,78
2630,85641151033963,13.338772,1.034225,0.571020,12.295133,0.000000,78
2631,85641164372735,13.330729,1.212465,0.562782,12.107412,0.000000,78
2632,85641177703464,13.340008,1.179623,0.560697,12.148071,0.000000,78
2633,85641191043472,13.322272,1.204127,0.403574,12.109266,0.000000,78
2634,85641204365744,13.332868,0.906120,0.549491,12.420030,0.000000,78
2635,85641217698612,13.336409,0.986269,0.575874,12.343674,0.000000,78
2636,85641231035021,13.332045,3.477762,0.604015,9.846739,0.000000,78
2637,85641244367066,13.333604,1.294332,0.550713,12.031889,0.000000,78
2638,85641257700670,13.332843,0.969894,0.611242,12.355985,0.000000,78
2639,85641271033513,13.343770,1.152124,0.401081,12.178704,0.000000,78
2640,85641284377283,13.333171,1.217874,0.578570,12.100003,0.000000,78
2641,85641297710454,13.323647,1.057622,0.556397,12.257584,0.000000,78
2642,85641311034101,13.338632,1.234459,0.582598,12.095155,0.000000,78
2643,85641324372733,13.335954,1.377583,0.766931,11.947987,0.000000,78
2644,85641337708687,13.326555,3.410627,0.574235,9.907731,0.000000,78
2645,85641351035242,13.331888,1.270653,0.978369,12.055051,0.000000,78
2646,85641364367130,13.342154,0.917244,0.766538,12.414268,0.000000,78
2647,85641377709284,13.326732,1.062570,0.582523,12.255054,0.000000,78
2648,85641391036016,13.332578,1.330311,0.579646,11.995669,0.000000,78
2649,85641404368594,13.335895,1.818844,0.805453,11.509066,0.000000,78
2650,85641417704489,13.331657,1.219858,0.762111,12.102949,0.000000,78
2651,85641431036146,13.332771,1.823186,1.102242,11.502591,0.000000,78
2652,85641444368917,13.340528,4.100932,0.724904,9.228851,0.000000,78
2653,85641457709445,13.326264,1.170603,0.880737,12.147514,0.000000,78
2654,85641471035709,13.335386,1.286421,0.931311,12.040432,0.000000,78
2655,85641484371095,13.332910,1.538678,0.688549,11.785866,0.000000,78
2656,85641497704005,13.337255,1.497914,0.576676,11.828437,0.000000,78
2657,85641511041260,13.328210,1.327077,0.651338,11.993886,0.000000,78
2658,85641524369470,13.334597,1.157194,1.048548,12.170965,0.000000,78
2659,85641537704067,13.340317,1.429323,1.034074,11.900814,0.000000,78
2660,85641551044384,13.326446,4.284237,0.530052,9.032666,0.000000,78
2661,85641564370830,13.333660,1.694030,0.531964,11.631714,0.000000,78
2662,85641577704490,13.334915,1.176159,0.494695,12.150515,0.000000,78
2663,85641591039405,13.329608,1.061063,0.828077,12.261675,0.000000,78
2664,85641604369013,13.339903,1.249892,0.898616,12.080562,0.000000,78
2665,85641617708916,13.331054,1.406533,0.985204,11.914972,0.000000,78
2666,85641631039970,13.330513,1.628952,0.817141,11.693439,0.000000,78
2667,85641644370483,13.333712,1.612591,0.563836,11.713589,0.000000,78
2668,85641657704195,13.333855,3.522776,0.692941,9.803622,0.000000,78
2669,85641671038050,13.331401,1.164149,0.620242,12.161951,0.000000,78
2670,85641684369451,13.335879,1.117261,0.559985,12.212566,0.000000,78
2671,85641697705330,13.333471,0.979007,0.811610,12.347700,0.000000,78
2672,85641711038801,13.330918,1.187373,0.842234,12.137858,0.000000,78
2673,85641724369719,13.334251,1.032075,1.242029,12.295666,0.000000,78
2674,85641737703970,13.344451,1.358882,0.597648,11.975627,0.000000,78
2675,85641751048421,13.324066,1.354718,0.816752,11.959075,0.000000,78
2676,85641764372487,13.330765,3.455947,0.682585,9.866826,0.000000,78
2677,85641777703252,13.334706,1.327759,0.529051,12.000200,0.000000,78
2678,85641791037958,13.334166,1.231419,0.622916,12.095194,0.000000,78
2679,85641804372124,13.332171,1.122916,0.588679,12.202640,0.000000,78
2680,85641817704295,13.333402,0.992625,0.558558,12.334347,0.000000,78
2681,85641831037697,13.333347,1.189986,0.745729,12.136269,0.000000,79
2682,85641844371044,13.333879,1.089119,0.941919,12.237643,0.000000,79
2683,85641857704923,13.333713,1.161317,1.205739,12.165667,0.000000,79
2684,85641871038636,13.334837,4.560384,0.580484,8.766167,0.000000,79
2685,85641884373473,13.336760,1.245233,0.585320,12.081134,0.000000,79
2686,85641897710233,13.329535,1.144302,0.593297,12.175797,0.000000,79
2687,85641911039768,13.333392,1.329456,0.590298,11.995192,0.000000,79
2688,85641924373160,13.339533,1.272854,0.621290,12.055177,0.000000,79
2689,85641937712693,13.331947,0.962428,0.589847,12.357763,0.000000,79
2690,85641951044640,13.328285,1.158741,0.659140,12.160395,0.000000,79
2691,85641964372925,13.337000,1.631513,0.605576,11.696304,0.000000,79
2692,85641977709925,13.332303,3.855110,0.598532,9.468633,0.000000,79
2693,85641991042228,13.330221,1.354506,0.588455,11.967478,0.000000,79
2694,85642004372449,13.340102,1.001937,0.549190,12.326472,0.000000,79
2695,85642017712551,13.329969,0.981708,0.564370,12.338929,0.000000,79
2696,85642031042520,13.330604,0.974921,0.638585,12.348086,0.000000,79
2697,85642044373124,13.333565,1.325792,0.504927,12.000395,0.000000,79
2698,85642057706689,13.333670,1.215058,0.524397,12.110734,0.000000,79
2699,85642071040359,13.333622,1.426348,0.590154,11.900905,0.000000,79
2700,85642084373981,13.333152,3.608488,0.619063,9.717985,0.000000,79
2701,85642097707133,13.333386,1.194280,0.567890,12.132250,0.000000,79
2702,85642111040519,13.334924,1.111587,0.643057,12.215118,0.000000,79
2703,85642124375443,13.334629,1.354767,0.542001,11.969251,0.000000,79
2704,85642137710072,13.330580,1.052698,0.559865,12.268721,0.000000,79
2705,85642151040652,13.337004,1.227608,0.603244,12.099778,0.000000,79
2706,85642164377656,13.335670,1.195814,0.571451,12.128637,0.000000,79
2707,85642177713326,13.327345,1.358789,0.608995,11.960473,0.000000,79
2708,85642191040671,13.333306,3.975347,0.410315,9.350108,0.000000,79
2709,85642204373977,13.335829,1.267090,0.580371,12.060228,0.000000,79
2710,85642217709806,13.333363,1.222577,0.821572,12.101788,0.000000,79
2711,85642231043169,13.333552,1.254740,0.654338,12.070118,0.000000,79
2712,85642244376721,13.330722,1.193628,0.598509,12.126963,0.000000,79
2713,85642257707443,13.332286,0.900725,0.525930,12.423948,0.000000,79
2714,85642271039729,13.334475,1.033428,0.590808,12.294778,0.000000,79
2715,85642284374204,13.338898,1.227750,0.590691,12.101678,0.000000,79
2716,85642297713102,13.327665,3.265666,0.418381,10.054247,0.000000,79
2717,85642311040767,13.333842,1.177898,0.601170,12.149179,0.000000,79
2718,85642324374609,13.332736,1.124604,0.578669,12.201194,0.000000,79
2719,85642337707345,13.333295,1.151166,0.525948,12.175081,0.000000,79
2720,85642351040640,13.334099,1.173081,0.556107,12.154092,0.000000,79
2721,85642364374739,13.334587,1.082153,0.475960,12.245178,0.000000,79
2722,85642377709326,13.332507,1.138156,0.567171,12.186460,0.000000,79
2723,85642391041833,13.333188,1.579816,0.577140,11.746574,0.000000,79
2724,85642404375021,13.342721,3.851649,0.619588,9.478600,0.000000,79
2725,85642417717742,13.323908,0.943182,0.684417,12.371430,0.000000,79
2726,85642431041650,13.333709,1.101188,0.678367,12.225805,0.000000,79
2727,85642444375359,13.333061,1.268418,0.552776,12.057696,0.000000,79
2728,85642457708420,13.331833,1.004542,0.551889,12.321021,0.000000,79
2729,85642471040253,13.335156,1.060884,0.643168,12.266733,0.000000,79
2730,85642484375409,13.333453,1.174994,0.584200,12.149698,0.000000,79
2731,85642497708862,13.333820,1.386995,0.433053,11.938456,0.000000,79
2732,85642511042682,13.331675,3.883347,0.552513,9.440577,0.000000,79
2733,85642524374357,13.340201,1.160299,0.591269,12.171504,0.000000,79
2734,85642537714558,13.332240,1.026128,0.599961,12.296154,0.000000,79
2735,85642551046798,13.329445,1.205547,0.566549,12.114992,0.000000,79
2736,85642564376243,13.343038,1.323199,0.627147,12.007372,0.000000,79
2737,85642577719281,13.323295,1.024861,0.671730,12.290024,0.000000,79
2738,85642591042576,13.333116,1.103393,0.417349,12.223861,0.000000,79
2739,85642604375692,13.333041,1.327785,0.568287,11.999830,0.000000,79
2740,85642617708733,13.331228,3.222590,0.598625,10.102749,0.000000,79
2741,85642631039961,13.338248,0.934718,0.569783,12.394718,0.000000,79
2742,85642644378209,13.335162,0.964349,0.569467,12.362231,0.000000,79
2743,85642657713371,13.332049,0.977982,0.635068,12.345098,0.000000,79
2744,85642671045420,13.332677,1.263432,0.542124,12.061781,0.000000,79
2745,85642684378097,13.331942,1.165159,0.536603,12.159749,0.000000,79
2746,85642697710039,13.340060,0.984065,0.550470,12.345189,0.000000,79
2747,85642711050099,13.333126,1.444203,0.600832,11.877003,0.000000,79
2748,85642724383225,13.331382,3.480265,0.592920,9.839994,0.000000,79
2749,85642737714607,13.332152,1.075790,0.611158,12.246872,0.000000,79
2750,85642751046759,13.331130,1.257464,0.418802,12.065240,0.000000,79
2751,85642764377889,13.334522,1.230742,0.471787,12.095403,0.000000,79
2752,85642777712411,13.332467,1.274479,0.405905,12.049218,0.000000,80
2753,85642791044878,13.332689,1.128727,0.617475,12.196694,0.000000,80
2754,85642804377567,13.334506,1.150554,0.700968,12.175584,0.000000,80
2755,85642817712073,13.341822,2.437127,0.604980,10.889152,0.000000,80
2756,85642831053895,13.329424,3.833129,0.681526,9.482478,0.000000,80
2757,85642844383319,13.326827,1.208478,0.647766,12.110613,0.000000,80
2758,85642857710146,13.336107,1.165891,0.617849,12.162400,0.000000,80
2759,85642871046253,13.330816,1.228263,0.576163,12.093694,0.000000,80
2760,85642884377069,13.332434,1.068130,0.616038,12.257820,0.000000,80
2761,85642897709503,13.336078,1.142645,0.524138,12.184785,0.000000,80
2762,85642911045581,13.333300,1.168958,0.554812,12.156381,0.000000,80
2763,85642924378881,13.335025,1.457576,0.579300,11.870378,0.000000,80
2764,85642937713906,13.330700,3.446792,0.647340,9.876411,0.000000,80
2765,85642951044606,13.333820,1.253632,0.675209,12.072877,0.000000,80
2766,85642964378426,13.344663,1.244281,0.552818,12.087405,0.000000,80
2767,85642977723089,13.323221,1.165741,0.602500,12.148234,0.000000,80
2768,85642991046310,13.338566,1.179948,0.531081,12.149617,0.000000,80
2769,85643004384876,13.327335,1.161926,0.523331,12.159348,0.000000,80
2770,85643017712211,13.333463,0.999920,0.523828,12.326467,0.000000,80
2771,85643031045674,13.333512,1.396585,0.560065,11.929545,0.000000,80
2772,85643044379186,13.334608,3.824059,0.687745,9.502211,0.000000,80
2773,85643057713794,13.336311,1.223856,0.569671,12.103965,0.000000,80
2774,85643071050105,13.329489,1.155749,0.567161,12.166266,0.000000,80
2775,85643084379594,13.333675,1.169320,0.669829,12.156839,0.000000,80
2776,85643097713269,13.332232,1.204878,0.655836,12.120388,0.000000,80
2777,85643111045501,13.333627,1.287227,0.583452,12.039617,0.000000,80
2778,85643124379128,13.335350,1.062884,0.611250,12.264842,0.000000,80
2779,85643137714478,13.332769,1.273413,0.562698,12.053478,0.000000,80
2780,85643151047247,13.331285,3.375509,0.593163,9.949014,0.000000,80
2781,85643164378532,13.335947,0.959038,0.615663,12.369383,0.000000,80
2782,85643177714479,13.330889,0.945776,0.565102,12.379412,0.000000,80
2783,85643191045368,13.335030,0.982450,0.597040,12.346147,0.000000,80
2784,85643204380398,13.334913,1.065380,0.525488,12.261399,0.000000,80
2785,85643217715311,13.332239,1.012982,0.854444,12.311902,0.000000,80
2786,85643231047550,13.332981,1.039384,0.648713,12.286683,0.000000,80
2787,85643244380531,13.331980,1.289291,0.551139,12.036486,0.000000,80
2788,85643257712511,13.334078,3.282487,0.560442,10.045392,0.000000,80
2789,85643271046589,13.333542,0.989747,0.555377,12.336902,0.000000,80
2790,85643284380131,13.332331,0.933354,0.612494,12.392737,0.000000,80
2791,85643297712462,13.332745,0.970674,0.625403,12.356192,0.000000,80
2792,85643311045207,13.333215,0.925442,1.099089,12.402427,0.000000,80
2793,85643324378422,13.334720,0.997640,0.584603,12.331321,0.000000,80
2794,85643337713142,13.338370,0.902483,0.610446,12.426439,0.000000,80
2795,85643351051512,13.327989,1.131943,0.569973,12.188237,0.000000,80
2796,85643364379501,13.336034,3.269887,0.610478,10.059376,0.000000,80
2797,85643377715535,13.331353,0.996039,0.569099,12.327702,0.000000,80
2798,85643391046888,13.333074,1.090627,0.615880,12.236662,0.000000,80
2799,85643404379962,13.343812,1.005594,0.544324,12.326606,0.000000,80
2800,85643417723774,13.324003,0.919554,0.604299,12.397224,0.000000,80
2801,85643431047777,13.332911,1.071645,0.673318,12.255157,0.000000,80
2802,85643444380688,13.333779,1.087594,0.604167,12.240018,0.000000,80
2803,85643457714467,13.332979,1.190811,0.564951,12.135195,0.000000,80
2804,85643471047446,13.333246,3.344509,0.563514,9.981914,0.000000,80
2805,85643484380692,13.333126,0.952374,0.594779,12.375041,0.000000,80
2806,85643497713818,13.332184,0.905969,0.621313,12.420939,0.000000,80
2807,85643511046002,13.346748,1.449155,0.635175,11.889143,0.000000,80
2808,85643524392750,13.321962,1.334305,0.674606,11.979102,0.000000,80
2809,85643537714712,13.334464,1.167451,0.582552,12.158733,0.000000,80
2810,85643551049176,13.331975,1.161370,0.606716,12.163404,0.000000,80
2811,85643564381151,13.337721,1.367908,0.629472,11.962528,0.000000,80
2812,85643577718872,13.328689,3.813285,0.565531,9.505805,0.000000,80
2813,85643591047561,13.333894,1.077448,0.607634,12.249878,0.000000,80
2814,85643604381455,13.677940,1.196535,0.570155,12.474221,0.000000,80
2815,85643618059395,13.336201,1.124246,0.541770,12.200135,0.000000,80
2816,85643631395596,13.330686,1.285496,0.433046,12.036887,0.000000,80
2817,85643644726282,13.331462,1.201580,0.586665,12.122424,0.000000,80
2818,85643658057744,13.335829,1.053576,0.418200,12.274829,0.000000,80
2819,85643671393573,13.330837,1.510220,0.538943,11.812648,0.000000,80
2820,85643684724410,13.335161,3.841582,0.598244,9.486638,0.000000,80
2821,85643698059571,13.333401,1.101197,0.536877,12.223860,0.000000,80
2822,85643711392972,13.330629,1.215747,0.572359,12.107422,0.000000,80
2823,85643724723601,13.336093,1.184333,0.611808,12.145163,0.000000,80
2824,85643738059694,13.333490,1.120307,0.575377,12.205487,0.000000,80
2825,85643751393184,13.334330,1.274674,0.573682,12.052268,0.000000,80
2826,85643764727514,13.332560,1.274229,0.607961,12.050931,0.000000,81
2827,85643778060074,13.332626,1.489508,0.641575,11.836238,0.000000,81
2828,85643791392700,13.334844,4.009267,0.678329,9.317666,0.000000,81
2829,85643804727544,13.332201,1.258598,0.591005,12.066485,0.000000,81
2830,85643818059745,13.336007,1.217665,0.616357,12.110694,0.000000,81
2831,85643831395752,13.331684,1.219993,0.589200,12.102400,0.000000,81
2832,85643844727436,13.334209,1.175622,0.574487,12.150215,0.000000,81
2833,85643858061645,13.333408,1.098139,0.589065,12.226014,0.000000,81
2834,85643871395053,13.335088,1.189578,0.610533,12.136904,0.000000,81
2835,85643884730141,13.331947,1.470890,0.620230,11.851622,0.000000,81
2836,85643898062088,13.332854,3.639637,0.611017,9.685611,0.000000,81
2837,85643911394942,13.333605,1.113080,0.613606,12.210415,0.000000,81
2838,85643924728547,13.333651,1.167951,0.595450,12.158524,0.000000,81
2839,85643938062198,13.331977,1.295315,0.605107,12.029361,0.000000,81
2840,85643951394175,13.336682,1.248202,0.653406,12.080923,0.000000,81
2841,85643964730857,13.332258,1.291231,0.402297,12.030897,0.000000,81
2842,85643978063115,13.330876,1.167238,0.402005,12.155999,0.000000,81
2843,85643991393991,13.338235,1.377101,0.557788,11.952962,0.000000,81
2844,85644004732226,13.329696,3.499237,0.577314,9.822597,0.000000,81
2845,85644018061922,13.332378,0.896399,0.618464,12.429292,0.000000,81
2846,85644031394300,13.336032,1.026786,0.677474,12.301049,0.000000,81
2847,85644044730332,13.329804,1.205491,1.203232,12.115091,0.000000,81
2848,85644058060136,13.335106,0.932934,0.649139,12.395660,0.000000,81
2849,85644071395242,13.333636,1.429436,0.582693,11.895589,0.000000,81
2850,85644084728878,13.334006,1.597421,0.516769,11.727698,0.000000,81
2851,85644098062884,13.332039,1.528311,0.797574,11.795644,0.000000,81
2852,85644111394923,13.333601,4.555274,0.526573,8.770646,0.000000,81
2853,85644124728524,13.334694,1.540671,0.677895,11.785953,0.000000,81
2854,85644138063218,13.333414,1.391991,0.587650,11.932464,0.000000,81
2855,85644151396632,13.330529,1.117964,0.571831,12.205586,0.000000,81
2856,85644164727161,13.334676,0.930332,0.583101,12.398164,0.000000,81
2857,85644178061837,13.331451,0.898438,0.582936,12.426463,0.000000,81
2858,85644191393288,13.333019,0.812702,0.575654,12.515157,0.000000,81
2859,85644204726307,13.335133,1.114851,0.647467,12.214917,0.000000,81
2860,85644218061440,13.333681,3.475854,0.646628,9.850718,0.000000,81
2861,85644231395121,13.331673,1.009850,0.575248,12.314608,0.000000,81
2862,85644244726794,13.334061,0.883966,1.022443,12.443945,0.000000,81
2863,85644258060855,13.333337,0.833414,0.624413,12.494303,0.000000,81
2864,85644271394192,13.334149,0.905657,0.582425,12.422428,0.000000,81
2865,85644284728341,13.335117,0.976585,0.812807,12.351721,0.000000,81
2866,85644298063458,13.333306,0.943541,0.613706,12.381460,0.000000,81
2867,85644311396764,13.331847,1.192822,0.677816,12.131719,0.000000,81
2868,85644324728611,13.334776,3.442807,0.605257,9.884883,0.000000,81
2869,85644338063387,13.331610,0.976871,0.598241,12.347358,0.000000,81
2870,85644351394997,13.333405,1.163519,0.625990,12.163694,0.000000,81
2871,85644364728402,13.331743,0.930477,1.032136,12.395322,0.000000,81
2872,85644378060145,13.336502,0.761815,0.639527,12.569041,0.000000,81
2873,85644391396647,13.331231,1.072196,0.595050,12.252572,0.000000,81
2874,85644404727878,13.336629,0.924347,0.571153,12.404222,0.000000,81
2875,85644418064507,13.332842,1.072190,0.608323,12.252249,0.000000,81
2876,85644431397349,13.329265,3.420357,0.588906,9.902447,0.000000,81
2877,85644444726614,13.337701,0.874497,0.572270,12.457022,0.000000,81
2878,85644458064315,13.333077,1.013138,0.609004,12.311583,0.000000,81
2879,85644471397392,13.331236,1.006865,0.586367,12.317819,0.000000,81
2880,85644484728628,13.334589,0.970150,0.589000,12.357128,0.000000,81
2881,85644498063217,13.331448,0.950552,0.632913,12.373894,0.000000,81
2882,85644511394665,13.332382,0.943771,0.557415,12.382712,0.000000,81
2883,85644524727047,13.334022,0.954818,0.628615,12.373600,0.000000,81
2884,85644538061069,13.334513,3.283643,0.618496,10.044976,0.000000,81
2885,85644551395582,13.331945,0.813805,0.595816,12.512370,0.000000,81
2886,85644564727527,13.334122,0.811172,0.625269,12.517379,0.000000,81
2887,85644578061649,13.336960,0.885345,0.576669,12.445086,0.000000,81
2888,85644591398609,13.330446,1.105386,0.648076,12.217640,0.000000,81
2889,85644604729055,13.336578,1.093401,0.866680,12.236620,0.000000,81
2890,85644618065633,13.331954,1.042569,0.434079,12.281169,0.000000,82
2891,85644631397587,13.332828,3.409253,0.709688,9.916377,0.000000,82
2892,85644644730415,13.331249,4.128711,0.656671,9.195599,0.000000,82
2893,85644658061664,13.333384,2.267668,0.570789,11.059775,0.000000,82
2894,85644671395048,13.336448,1.086994,0.653336,12.241635,0.000000,82
2895,85644684731496,13.331100,1.275120,0.637447,12.049364,0.000000,82
2896,85644698062596,13.334132,1.002988,0.626357,12.325293,0.000000,82
2897,85644711396728,13.346798,1.187449,0.591304,12.153005,0.000000,82
2898,85644724743526,13.334814,1.262235,0.572909,12.063416,0.000000,82
2899,85644738078340,13.329252,1.448160,0.636501,11.872701,0.000000,82
2900,85644751407592,13.335024,4.035235,0.655153,9.292830,0.000000,82
2901,85644764742616,13.332041,1.279343,0.649809,12.046295,0.000000,82
2902,85644778074657,13.332000,1.242662,0.992360,12.081972,0.000000,82
2903,85644791406657,13.337833,1.082489,0.615974,12.248920,0.000000,82
2904,85644804744490,13.331757,1.272633,0.728727,12.051268,0.000000,82
2905,85644818076247,13.334619,1.069892,0.595632,12.257866,0.000000,82
2906,85644831410866,13.333620,1.235293,0.921100,12.091257,0.000000,82
2907,85644844744486,13.329375,1.541701,0.702491,11.780760,0.000000,82
2908,85644858073861,13.333242,3.892766,0.435855,9.434669,0.000000,82
2909,85644871407103,13.338000,1.129777,0.640008,12.200854,0.000000,82
2910,85644884745103,13.331771,1.272812,0.420571,12.051340,0.000000,82
2911,85644898076874,13.333451,1.056072,0.405090,12.270451,0.000000,82
2912,85644911410325,13.334987,1.172843,0.598908,12.153966,0.000000,82
2913,85644924745312,13.330011,1.349654,0.575886,11.972757,0.000000,82
2914,85644938075323,13.335195,0.975577,0.602802,12.350629,0.000000,82
2915,85644951410518,13.334410,1.489504,0.621400,11.837429,0.000000,82
2916,85644964744928,13.329836,4.125688,0.581379,9.196241,0.000000,82
2917,85644978074764,13.335747,0.893088,0.613339,12.436354,0.000000,82
2918,85644991410511,13.335294,1.139615,0.624576,12.188057,0.000000,82
2919,85645004745805,13.332754,1.343537,0.640381,11.981403,0.000000,82
2920,85645018078559,13.332208,1.108153,0.580708,12.216031,0.000000,82
2921,85645031410767,13.333248,1.180217,0.574325,12.147118,0.000000,82
2922,85645044744015,13.338343,1.109645,0.579908,12.218525,0.000000,82
2923,85645058082358,13.328977,1.619878,0.626495,11.699616,0.000000,82
2924,85645071411335,13.332820,4.033029,0.412593,9.291504,0.000000,82
2925,85645084744155,13.338974,1.031563,0.943076,12.299211,0.000000,82
2926,85645098083129,13.325740,1.418037,0.764298,11.899267,0.000000,82
2927,85645111408869,13.341390,1.071415,0.614609,12.260819,0.000000,82
2928,85645124750259,13.329062,1.288618,1.589436,12.031591,0.000000,82
2929,85645138079321,13.333784,1.028123,0.559221,12.298886,0.000000,82
2930,85645151413105,13.336302,1.159798,0.620846,12.166550,0.000000,82
2931,85645164749407,13.337111,1.616858,0.727437,11.711770,0.000000,82
2932,85645178086518,13.331356,3.690263,0.563239,9.633205,0.000000,82
2933,85645191417874,13.335696,1.219316,0.555718,12.109472,0.000000,82
2934,85645204753570,13.333168,1.180415,0.640979,12.145248,0.000000,82
2935,85645218086738,13.333085,0.905285,0.597156,12.421422,0.000000,82
2936,85645231419823,13.335760,1.035046,0.595818,12.292739,0.000000,82
2937,85645244755583,13.330913,1.304217,0.623069,12.017390,0.000000,82
2938,85645258086496,13.332401,1.204850,0.639990,12.120709,0.000000,82
2939,85645271418897,13.332783,1.427389,0.513888,11.897301,0.000000,82
2940,85645284751680,13.334854,4.115810,0.577132,9.210138,0.000000,82
2941,85645298086534,13.331309,1.049755,0.604194,12.275398,0.000000,82
2942,85645311417843,13.340112,1.100885,0.596314,12.230282,0.000000,82
2943,85645324757955,13.329551,1.187852,0.606025,12.133341,0.000000,82
2944,85645338087506,13.333483,1.229339,0.595796,12.095673,0.000000,82
2945,85645351420989,13.331257,1.083594,0.615676,12.240372,0.000000,82
2946,85645364752246,13.336011,1.094425,0.550310,12.233880,0.000000,82
2947,85645378088257,13.334182,1.292540,0.828532,12.033665,0.000000,82
2948,85645391422439,13.330323,4.074445,0.577107,9.247008,0.000000,82
2949,85645404752762,13.340908,1.087228,0.496924,12.243028,0.000000,82
2950,85645418093670,13.331259,1.038528,0.478085,12.283249,0.000000,82
2951,85645431424929,13.326577,1.290076,0.441260,12.028441,0.000000,82
2952,85645444751506,13.346080,1.313179,0.634321,12.026140,0.000000,82
2953,85645458097586,13.338593,1.070012,0.559112,12.259346,0.000000,82
2954,85645471436179,13.328643,1.336230,0.579596,11.984386,0.000000,82
2955,85645484764822,13.333932,1.488421,0.617836,11.838362,0.000000,82
2956,85645498098754,13.714057,3.602417,0.437183,10.103822,0.000000,82
2957,85645511812811,12.951469,1.159985,0.565192,11.783768,0.000000,82
2958,85645524764280,13.335686,1.190963,0.777146,12.136343,0.000000,82
2959,85645538099966,13.335413,1.049021,0.610260,12.276125,0.000000,82
2960,85645551435379,13.331946,1.236508,0.613036,12.084464,0.000000,82
2961,85645564767325,13.334605,1.068413,0.560340,12.254731,0.000000,82
2962,85645578101930,13.332820,0.992718,0.426004,12.331404,0.000000,82
2963,85645591434750,13.331361,1.374082,0.680225,11.949113,0.000000,82
2964,85645604766111,13.332606,3.709698,0.585675,9.615966,0.000000,82
2965,85645618098717,13.334069,1.052075,0.601797,12.274446,0.000000,82
2966,85645631432786,13.333854,1.447822,0.656288,11.877340,0.000000,82
2967,85645644766640,13.330170,1.538536,0.631025,11.784754,0.000000,83
2968,85645658096810,13.340408,1.173000,0.622718,12.158444,0.000000,83
2969,85645671437218,13.328427,1.206670,0.620638,12.115007,0.000000,83
2970,85645684765645,13.336652,1.534591,0.394228,11.794241,0.000000,83
2971,85645698102297,13.574469,1.180612,0.615220,12.385222,0.000000,83
2972,85645711676766,13.328644,3.815330,0.562550,9.505476,0.000000,83
2973,85645725005410,13.335933,1.317729,0.510382,12.009641,0.000000,83
2974,85645738341343,13.331584,0.903856,0.554966,12.420848,0.000000,83
2975,85645751672927,13.332983,0.979261,0.562282,12.346802,0.000000,83
2976,85645765005910,13.331748,0.960065,0.549795,12.365383,0.000000,83
2977,85645778337658,13.334274,1.182070,0.583233,12.145974,0.000000,83
2978,85645791671932,13.332766,1.170516,0.353119,12.155584,0.000000,83
2979,85645805004698,13.334682,1.463346,0.641017,11.863866,0.000000,83
2980,85645818339380,13.332644,3.811312,0.429690,9.514340,0.000000,83
2981,85645831672024,13.332703,0.937857,0.790464,12.388802,0.000000,83
2982,85645845004727,13.333886,1.216638,0.623824,12.110668,0.000000,83
2983,85645858338613,13.333024,1.175847,0.625510,12.149721,0.000000,83
2984,85645871671637,13.334315,1.202159,0.565052,12.125318,0.000000,83
2985,85645885005952,13.333396,1.095453,0.563314,12.230070,0.000000,83
2986,85645898339348,13.331260,1.211702,0.511586,12.112421,0.000000,83
2987,85645911670608,13.335195,1.521179,0.527443,11.806927,0.000000,83
2988,85645925005803,13.331952,4.061405,0.423430,9.263674,0.000000,83
2989,85645938337755,13.337962,0.994536,0.356309,12.335695,0.000000,83
2990,85645951675717,13.329068,1.345365,0.400463,11.976695,0.000000,83
2991,85645965004785,13.334286,1.436137,0.431220,11.890491,0.000000,83
2992,85645978339071,13.332406,1.415190,0.539225,11.911538,0.000000,83
2993,85645991671477,13.337380,1.141349,0.744294,12.187121,0.000000,83
2994,85646005008857,13.329855,1.203464,0.683582,12.119734,0.000000,83
2995,85646018338712,13.335224,1.262035,0.627130,12.065595,0.000000,83
2996,85646031673936,13.332006,3.911758,0.473372,9.413085,0.000000,83
2997,85646045005942,13.334037,1.003984,0.589566,12.322699,0.000000,83
2998,85646058339979,13.338798,0.961141,0.457983,12.366444,0.000000,83
2999,85646071678777,13.327093,0.977960,0.653040,12.340906,0.000000,83
3000,85646085005870,13.337214,1.218687,0.568345,12.110095,0.000000,83
3001,85646098343084,13.330249,0.985977,0.557607,12.336814,0.000000,83
3002,85646111673333,13.334270,0.920458,0.537486,12.406822,0.000000,83
3003,85646125007603,13.335041,1.140924,0.679640,12.185594,0.000000,83
3004,85646138342644,13.335523,3.454305,0.616548,9.870839,0.000000,83
3005,85646151678167,13.327904,0.851135,0.797136,12.470085,0.000000,83
3006,85646165006071,13.334006,0.930363,0.597014,12.397544,0.000000,83
3007,85646178340077,13.339041,0.830257,0.703451,12.500729,0.000000,83
3008,85646191679118,13.325944,1.197209,0.580314,12.120324,0.000000,83
3009,85646205005062,13.332953,1.655101,0.612506,11.672232,0.000000,83
3010,85646218338015,13.337692,0.971688,1.251692,12.359040,0.000000,83
3011,85646231675707,13.332882,1.386875,0.539617,11.938223,0.000000,83
3012,85646245008589,13.331891,4.061016,0.536320,9.261841,0.000000,83
3013,85646258340480,13.331931,1.014693,0.393388,12.309764,0.000000,83
3014,85646271672411,13.340595,1.183838,0.540084,12.146891,0.000000,83
3015,85646285013006,13.328941,1.260938,0.444794,12.058426,0.000000,83
3016,85646298341947,13.332892,1.054934,0.409613,12.270593,0.000000,83
3017,85646311674839,13.334263,1.137854,0.590124,12.188407,0.000000,83
3018,85646325009102,13.331234,1.192541,0.660558,12.131130,0.000000,83
3019,85646338340336,13.334228,1.324615,0.693430,12.002289,0.000000,83
3020,85646351674564,13.334414,4.166576,0.602600,9.159493,0.000000,83
3021,85646365008978,13.333414,0.953764,0.630079,12.372742,0.000000,83
3022,85646378342392,13.333648,0.862090,0.412132,12.464072,0.000000,83
3023,85646391676040,13.331827,0.950438,0.548408,12.373542,0.000000,83
3024,85646405007867,13.334590,1.028667,0.682601,12.297909,0.000000,83
3025,85646418342457,13.333094,1.084947,0.582962,12.239245,0.000000,83
3026,85646431675551,13.338959,0.994947,0.533373,12.334899,0.000000,83
3027,85646445014510,13.329467,1.181202,0.560838,12.139393,0.000000,83
3028,85646458343977,13.330332,3.483428,0.749563,9.840370,0.000000,83
3029,85646471674309,13.335698,1.032993,0.597085,12.295954,0.000000,83
3030,85646485010007,13.330291,1.107175,0.514627,12.217186,0.000000,83
3031,85646498340298,13.335154,0.936711,0.877207,12.391449,0.000000,83
3032,85646511675452,13.334975,0.887091,0.424067,12.440910,0.000000,83
3033,85646525010427,13.428020,1.099463,1.022346,12.309424,0.000000,83
3034,85646538438447,13.303966,2.612205,0.380643,10.671201,0.000000,83
3035,85646551742413,13.332332,1.322600,0.673537,12.003183,0.000000,83
3036,85646565074745,13.331594,3.513694,0.332458,9.811780,0.000000,83
3037,85646578406339,13.341131,0.799369,0.579925,12.532503,0.000000,83
3038,85646591747470,13.328491,1.098437,0.610576,12.222436,0.000000,83
3039,85646605075961,13.333507,1.150937,0.534122,12.174432,0.000000,83
3040,85646618409468,13.337473,1.044557,0.615447,12.282729,0.000000,83
3041,85646631746941,13.331328,1.247118,0.420879,12.073316,0.000000,83
3042,85646645078269,13.330647,1.167040,0.451607,12.155071,0.000000,83
3043,85646658408916,13.335438,1.271091,0.717362,12.054569,0.000000,83
3044,85646671744354,13.328930,4.104587,0.587939,9.216008,0.000000,83
3045,85646685073284,13.337229,1.104876,0.648268,12.225125,0.000000,84
3046,85646698410513,13.333886,1.177143,0.473001,12.147737,0.000000,84
3047,85646711744399,13.344755,1.346038,1.368557,11.991242,0.000000,84
3048,85646725089154,13.333464,2.299061,0.703551,11.026183,0.000000,84
3049,85646738422618,13.335043,1.201053,0.646544,12.126685,0.000000,84
3050,85646751757661,13.333111,1.421422,0.564798,11.904667,0.000000,84
3051,85646765090772,13.347272,1.505078,0.455648,11.831972,0.000000,84
3052,85646778438044,13.328867,3.804871,0.621843,9.514788,0.000000,84
3053,85646791766911,13.335475,1.226474,0.598289,12.101971,0.000000,84
3054,85646805102386,13.332755,1.328480,0.578203,11.996362,0.000000,84
3055,85646818435141,13.333336,1.087263,0.647738,12.238994,0.000000,84
3056,85646831768477,13.332051,1.325859,0.660162,11.998059,0.000000,84
3057,85646845100528,13.334068,1.315463,0.503015,12.011782,0.000000,84
3058,85646858434596,13.335965,0.998350,0.599507,12.329855,0.000000,84
3059,85646871770561,13.331353,1.653636,0.613502,11.669285,0.000000,84
3060,85646885101914,13.332389,4.154588,0.593333,9.169702,0.000000,84
3061,85646898434303,13.338554,0.950919,0.553607,12.379116,0.000000,84
3062,85646911772857,13.329872,1.200300,0.554202,12.121730,0.000000,84
3063,85646925102729,13.332070,1.242454,0.463038,12.081889,0.000000,84
3064,85646938434799,13.341410,1.080247,0.619193,12.253191,0.000000,84
3065,85646951776209,13.334054,1.295112,0.570498,12.030449,0.000000,84
3066,85646965110263,13.332662,1.375871,0.566907,11.949900,0.000000,84
3067,85646978442925,13.337647,1.387796,0.663452,11.941610,0.000000,84
3068,85646991780572,13.329340,4.014837,0.589944,9.306742,0.000000,84
3069,85647005109912,13.335337,1.271218,0.683458,12.056408,0.000000,84
3070,85647018445249,13.332229,1.187385,0.465866,12.137192,0.000000,84
3071,85647031777478,13.336383,1.417230,0.586261,11.911861,0.000000,84
3072,85647045113861,13.330211,1.625689,0.653387,11.697136,0.000000,84
3073,85647058444072,13.336097,1.182862,0.605790,12.145746,0.000000,84
3074,85647071780169,13.332210,1.282613,1.048695,12.042171,0.000000,84
3075,85647085112379,13.335622,1.535229,0.991581,11.790473,0.000000,84
3076,85647098448001,13.331015,3.930196,1.090232,9.391305,0.000000,84
3077,85647111779016,13.334325,1.298790,0.418724,12.029118,0.000000,84
3078,85647125113341,13.336161,1.311781,0.412936,12.015177,0.000000,84
3079,85647138449502,13.333592,1.092167,0.725160,12.232553,0.000000,84
3080,85647151783094,13.333938,1.442111,0.617404,11.876323,0.000000,84
3081,85647165117032,13.331834,1.507216,0.800963,11.815373,0.000000,84
3082,85647178448866,13.332907,1.721555,0.606347,11.600958,0.000000,84
3083,85647191781773,13.330024,1.962025,0.805281,11.355828,0.000000,84
3084,85647205111797,13.334147,4.062154,0.680412,9.265256,0.000000,84
3085,85647218445944,13.346036,1.154578,0.594960,12.176163,0.000000,84
3086,85647231791980,13.323596,1.474171,0.671991,11.838979,0.000000,84
3087,85647245115576,13.442263,1.450437,1.014227,11.982879,0.000000,84
3088,85647258557839,13.328685,1.443301,0.792488,11.878274,0.000000,84
3089,85647271886524,13.335171,1.113392,0.620270,12.215736,0.000000,84
3090,85647285221695,13.333824,1.047200,0.896527,12.279841,0.000000,84
3091,85647298555519,13.331705,1.565089,0.660204,11.759926,0.000000,84
3092,85647311887224,13.331557,3.850376,0.722843,9.474767,0.000000,84
3093,85647325218781,13.334830,1.213415,0.698109,12.115111,0.000000,84
3094,85647338553611,13.340086,1.340079,0.641468,11.994287,0.000000,84
3095,85647351893697,13.334345,1.454026,0.861787,11.873962,0.000000,84
3096,85647365228042,13.335834,1.402182,0.564969,11.926744,0.000000,84
3097,85647378563876,13.331688,1.278035,0.556535,12.045609,0.000000,84
3098,85647391895564,13.333616,1.523437,0.985829,11.803368,0.000000,84
3099,85647405229180,13.332991,1.817816,0.778228,11.508663,0.000000,84
3100,85647418562171,13.330718,4.461390,1.130309,8.863023,0.000000,84
3101,85647431892889,13.335835,1.230586,0.649370,12.099245,0.000000,84
3102,85647445228724,13.335757,1.389482,0.582703,11.938961,0.000000,84
3103,85647458564481,13.332872,1.280433,0.690880,12.045728,0.000000,84
3104,85647471897353,13.334857,1.327978,0.596580,11.998120,0.000000,84
3105,85647485232210,13.329894,1.316500,0.591741,12.005556,0.000000,84
3106,85647498562104,13.335930,1.110331,0.510866,12.218585,0.000000,84
3107,85647511898034,13.332316,1.629831,0.437376,11.694981,0.000000,84
3108,85647525230350,13.330666,3.874211,0.588381,9.450769,0.000000,84
3109,85647538561016,13.335452,0.970633,0.549989,12.359470,0.000000,84
3110,85647551896468,13.333778,1.199439,0.589142,12.127263,0.000000,84
3111,85647565230246,13.337245,1.476618,0.618445,11.849065,0.000000,84
3112,85647578567491,13.329835,1.117019,0.681594,12.204482,0.000000,84
3113,85647591897326,13.332418,1.349448,0.608919,11.975508,0.000000,84
3114,85647605229744,13.334025,1.118600,0.495299,12.208781,0.000000,84
3115,85647618563769,13.332264,1.642819,0.417604,11.682106,0.000000,84
3116,85647631896033,13.332874,3.804950,0.388348,9.522179,0.000000,84
3117,85647645228907,13.334517,1.101592,0.634886,12.226503,0.000000,84
3118,85647658563424,13.333077,0.928232,0.651492,12.397487,0.000000,84
3119,85647671896501,13.335001,1.116491,0.652161,12.212799,0.000000,84
3120,85647685231502,13.331892,1.129103,0.581963,12.196970,0.000000,84
3121,85647698563394,13.333626,1.066145,0.642283,12.259873,0.000000,84
3122,85647711897020,13.335824,1.168413,0.631868,12.160177,0.000000,84
3123,85647725232844,13.331158,1.526210,0.641963,11.798042,0.000000,84
3124,85647738564002,13.331905,3.382114,0.632667,9.943927,0.000000,84
3125,85647751895907,13.337411,1.035349,0.682533,12.295793,0.000000,84
3126,85647765233318,13.331109,1.424507,0.490008,11.899963,0.000000,84
3127,85647778564427,13.333735,0.884427,0.602692,12.442822,0.000000,84
3128,85647791898162,13.336566,0.988280,0.626474,12.342243,0.000000,85
3129,85647805234728,13.330029,1.119221,0.642463,12.204020,0.000000,85
3130,85647818564757,13.332588,0.870798,0.634873,12.456180,0.000000,85
3131,85647831897345,13.332205,2.129758,0.517318,11.196689,0.000000,85
3132,85647845229550,13.335164,3.422653,0.536793,9.907343,0.000000,85
3133,85647858564714,13.332705,0.855126,0.638499,12.471939,0.000000,85
3134,85647871897419,13.335833,1.025211,0.628558,12.303989,0.000000,85
3135,85647885233252,13.335969,1.102231,0.663314,12.225295,0.000000,85
3136,85647898569221,13.329437,1.207812,0.480002,12.113040,0.000000,85
3137,85647911898658,13.347029,1.496214,0.612997,11.842068,0.000000,85
3138,85647925245687,13.330790,1.377747,0.650885,11.944635,0.000000,85
3139,85647938576477,13.330899,1.354044,0.456928,11.969964,0.000000,85
3140,85647951907376,13.332980,3.445213,0.551787,9.880973,0.000000,85
3141,85647965240356,13.335952,0.776826,0.712366,12.551998,0.000000,85
3142,85647978576308,13.332576,0.929099,0.626297,12.396845,0.000000,85
3143,85647991908884,13.333780,1.039992,0.685703,12.286498,0.000000,85
3144,85648005242664,13.335387,0.961028,0.671560,12.365521,0.000000,85
3145,85648018578051,13.331036,1.176319,0.445036,12.147648,0.000000,85
3146,85648031909087,13.331955,1.079234,0.357398,12.246667,0.000000,85
3147,85648045241042,13.335691,1.241224,0.586084,12.088983,0.000000,85
3148,85648058576733,13.330987,3.354984,0.621360,9.970597,0.000000,85
3149,85648071907720,13.335214,0.792533,0.665796,12.537241,0.000000,85
3150,85648085242934,13.332482,0.965800,0.509523,12.360317,0.000000,85
3151,85648098575416,13.333392,0.881915,0.399522,12.446177,0.000000,85
3152,85648111908808,13.334885,0.896389,0.629209,12.432794,0.000000,85
3153,85648125243693,13.332834,1.038910,0.600391,12.287185,0.000000,85
3154,85648138576527,13.334967,0.874416,0.582792,12.454694,0.000000,85
3155,85648151911494,13.331479,1.117470,0.627125,12.206837,0.000000,85
3156,85648165242973,13.331157,3.484244,0.545501,9.841106,0.000000,85
3157,85648178574130,13.334955,0.691138,0.600236,12.638921,0.000000,85
3158,85648191909085,13.332591,0.932541,0.615422,12.394516,0.000000,85
3159,85648205241676,13.333355,0.935566,0.624007,12.391885,0.000000,85
3160,85648218575031,13.336112,0.851543,0.913070,12.477709,0.000000,85
3161,85648231911143,13.331586,1.095261,0.578799,12.229212,0.000000,85
3162,85648245242729,13.333385,0.829457,0.654851,12.498197,0.000000,85
3163,85648258576114,13.332839,1.014418,0.658447,12.312885,0.000000,85
3164,85648271908953,13.332351,3.538101,0.580608,9.788956,0.000000,85
3165,85648285241304,13.335754,0.753614,0.644389,12.577300,0.000000,85
3166,85648298577058,13.334916,1.347119,0.605586,11.981170,0.000000,85
3167,85648311911974,13.332524,1.013544,0.471848,12.311871,0.000000,85
3168,85648325244498,13.333937,1.160237,0.461260,12.167064,0.000000,85
3169,85648338578435,13.333429,1.216261,0.384179,12.109606,0.000000,85
3170,85648351911864,13.331843,1.148438,0.404978,12.177257,0.000000,85
3171,85648365243707,13.334277,1.434116,0.488721,11.893326,0.000000,85
3172,85648378577984,13.332610,3.870300,0.284333,9.455791,0.000000,85
3173,85648391910594,13.332296,1.089770,0.525570,12.237062,0.000000,85
3174,85648405242890,13.333917,1.008246,0.594314,12.319645,0.000000,85
3175,85648418576807,13.336954,0.987147,0.572706,12.342080,0.000000,85
3176,85648431913761,13.330952,1.095984,0.647774,12.227811,0.000000,85
3177,85648445244713,13.333822,2.063593,0.558080,11.264343,0.000000,85
3178,85648458578535,13.334688,0.937044,0.577707,12.391545,0.000000,85
3179,85648471913223,13.331044,1.447006,0.607472,11.877755,0.000000,85
3180,85648485244267,13.332076,3.651676,0.561125,9.673768,0.000000,85
3181,85648498576343,13.336783,0.843725,0.650179,12.486984,0.000000,85
3182,85648511913126,13.330521,1.176550,0.622005,12.147640,0.000000,85
3183,85648525243647,13.335902,1.797029,0.671202,11.532915,0.000000,85
3184,85648538579549,13.333384,1.166388,0.603828,12.159801,0.000000,85
3185,85648551912933,13.333035,1.192929,0.638452,12.132603,0.000000,85
3186,85648565245968,13.334384,1.277066,0.630366,12.051093,0.000000,85
3187,85648578580352,13.334226,1.307640,0.682299,12.019163,0.000000,85
3188,85648591914578,13.330435,3.622347,0.574333,9.702191,0.000000,85
3189,85648605245013,13.336096,0.875984,0.601585,12.454039,0.000000,85
3190,85648618581109,13.333683,1.054729,0.587166,12.272241,0.000000,85
3191,85648631914792,13.333558,1.250896,0.659450,12.074566,0.000000,85
3192,85648645248350,13.333098,1.257767,0.610531,12.067549,0.000000,85
3193,85648658581448,13.332850,1.094631,0.552953,12.230433,0.000000,85
3194,85648671914298,13.331420,1.923172,0.580027,11.401911,0.000000,85
3195,85648685245718,13.334739,1.129297,0.648118,12.200329,0.000000,85
3196,85648698580457,13.333290,3.747445,0.417948,9.579242,0.000000,85
3197,85648711913747,13.333290,1.113417,0.569506,12.213271,0.000000,85
3198,85648725247037,13.332695,1.093488,0.569814,12.233208,0.000000,85
3199,85648738579732,13.337670,0.934965,0.601403,12.395817,0.000000,85
3200,85648751917402,13.329629,1.090641,0.561639,12.230857,0.000000,85
3201,85648765247031,13.332950,1.155731,0.458696,12.170678,0.000000,85
3202,85648778579981,13.335870,0.934141,0.541410,12.394588,0.000000,85
3203,85648791915851,13.332945,1.565149,0.581292,11.760678,0.000000,85
3204,85648805248796,13.334247,3.668637,0.542161,9.658193,0.000000,85
3205,85648818583043,13.331796,0.975932,0.530622,12.348870,0.000000,85
3206,85648831914839,13.335186,0.955591,0.551907,12.373188,0.000000,85
3207,85648845250025,13.331029,1.119581,0.560834,12.204137,0.000000,85
3208,85648858581054,13.332585,0.972647,0.591991,12.354170,0.000000,86
3209,85648871913639,13.336360,1.316532,0.607356,12.011643,0.000000,86
3210,85648885249999,13.331706,1.215644,0.626242,12.107950,0.000000,86
3211,85648898581705,13.331940,2.674047,0.629546,10.651270,0.000000,86
3212,85648911913645,13.335552,3.798848,0.452377,9.530777,0.000000,86
3213,85648925249197,13.332123,1.129761,0.551760,12.194877,0.000000,86
3214,85648938581320,13.334214,0.870788,0.505824,12.457317,0.000000,86
3215,85648951915534,13.334286,1.109502,0.597850,12.217551,0.000000,86
3216,85648965249820,13.334703,1.056356,0.612717,12.270243,0.000000,86
3217,85648978584523,13.330928,1.116837,0.577560,12.207693,0.000000,86
3218,85648991915451,13.334939,1.240385,0.658649,12.087002,0.000000,86
3219,85649005250390,13.333092,1.413351,0.574422,11.912564,0.000000,86
3220,85649018583482,13.330965,3.609962,0.547172,9.715185,0.000000,86
3221,85649031914447,13.335666,0.985571,0.495370,12.343471,0.000000,86
3222,85649045250113,13.333664,1.063787,0.394703,12.262792,0.000000,86
3223,85649058583777,13.333469,0.864001,0.446503,12.462887,0.000000,86
3224,85649071917246,13.334633,1.126379,0.510346,12.201228,0.000000,86
3225,85649085251879,13.333308,1.180402,0.586001,12.141360,0.000000,86
3226,85649098585187,13.332503,1.071216,0.601016,12.254279,0.000000,86
3227,85649111917690,13.333583,1.512872,0.555496,11.811436,0.000000,86
3228,85649125251273,13.330937,4.242508,0.364972,9.080716,0.000000,86
3229,85649138582210,13.334624,0.953967,0.402948,12.373552,0.000000,86
3230,85649151916834,13.333223,1.047962,0.511857,12.278148,0.000000,86
3231,85649165250057,13.335629,1.086796,0.468541,12.241677,0.000000,86
3232,85649178585686,13.330704,0.996650,0.530697,12.327004,0.000000,86
3233,85649191916390,13.333398,0.974398,0.438888,12.352751,0.000000,86
3234,85649205249788,13.336738,0.972877,0.554431,12.356874,0.000000,86
3235,85649218586526,13.333043,1.130361,0.607510,12.193947,0.000000,86
3236,85649231919569,13.330081,3.793786,0.396401,9.528415,0.000000,86
3237,85649245249650,13.336777,1.149248,0.612522,12.181082,0.000000,86
3238,85649258586427,13.331749,1.142741,0.591958,12.181179,0.000000,86
3239,85649271918176,13.332879,1.126638,0.543497,12.199129,0.000000,86
3240,85649285251055,13.332516,1.075547,0.471495,12.249533,0.000000,86
3241,85649298583571,13.336536,0.974011,0.445755,12.355104,0.000000,86
3242,85649311920107,13.331270,1.223512,0.574530,12.099483,0.000000,86
3243,85649325251377,13.332347,1.544222,0.652782,11.781062,0.000000,86
3244,85649338583724,13.332146,3.658689,0.454432,9.666855,0.000000,86
3245,85649351915870,13.335629,0.915272,0.506177,12.414448,0.000000,86
3246,85649365251499,13.335763,0.960286,0.519588,12.368142,0.000000,86
3247,85649378587262,13.329894,0.907633,0.469955,12.414280,0.000000,86
3248,85649391917156,13.333692,0.999447,0.367975,12.327662,0.000000,86
3249,85649405250848,13.333338,1.263965,0.589361,12.061250,0.000000,86
3250,85649418584186,13.333804,1.014077,0.546703,12.312300,0.000000,86
3251,85649431917990,13.333149,1.310422,0.740771,12.016837,0.000000,86
3252,85649445251139,13.333546,3.833277,0.508532,9.494106,0.000000,86
3253,85649458584685,13.335674,0.930782,0.484572,12.398597,0.000000,86
3254,85649471920359,13.332672,0.980238,0.342610,12.345454,0.000000,86
3255,85649485253031,13.331297,1.043258,0.523068,12.281473,0.000000,86
3256,85649498584328,13.336592,0.934223,0.548656,12.395596,0.000000,87
3257,85649511920920,13.330599,1.131527,0.556913,12.191384,0.000000,87
3258,85649525251519,13.332732,0.913956,0.511003,12.412860,0.000000,87
3259,85649538584251,13.336968,1.553993,0.666110,11.776851,0.000000,87
3260,85649551921219,13.329776,3.671270,0.616475,9.651733,0.000000,87
3261,85649565250995,13.334305,0.987218,0.525798,12.341748,0.000000,87
3262,85649578585300,13.337160,0.842926,0.643456,12.486349,0.000000,87
3263,85649591922460,13.330805,1.089092,0.361750,12.235157,0.000000,87
3264,85649605253265,13.331533,0.938859,0.333722,12.386752,0.000000,87
3265,85649618584798,13.336072,0.826607,0.447281,12.502875,0.000000,87
3266,85649631920870,13.331466,1.071576,0.385299,12.252660,0.000000,87
3267,85649645252336,13.335179,3.573264,0.651635,9.755142,0.000000,87
3268,85649658587515,13.333419,4.102960,0.428402,9.223207,0.000000,87
3269,85649671920934,13.331935,1.123119,0.337666,12.200519,0.000000,87
3270,85649685252869,13.333717,1.029692,0.340547,12.297308,0.000000,87
3271,85649698586586,13.334317,0.887099,0.417156,12.439850,0.000000,87
3272,85649711920903,13.333238,1.028736,0.503209,12.298211,0.000000,87
3273,85649725254141,13.330108,1.020138,0.574196,12.304254,0.000000,87
3274,85649738584249,13.336219,0.902474,0.571676,12.427839,0.000000,87
3275,85649751920468,13.331623,1.236572,0.624679,12.088159,0.000000,87
3276,85649765252091,13.332964,3.460981,0.383097,9.866008,0.000000,87
3277,85649778585055,13.337204,0.947332,0.405568,12.383286,0.000000,87
3278,85649791922259,13.331218,1.090938,0.471314,12.232518,0.000000,87
3279,85649805253477,13.333075,0.970914,0.549566,12.356194,0.000000,87
3280,85649818586552,13.335067,0.828031,0.587263,12.499591,0.000000,87
3281,85649831921619,13.330890,1.025145,0.398728,12.298776,0.000000,87
3282,85649845252509,13.334301,1.017610,0.531827,12.311007,0.000000,87
3283,85649858586810,13.333466,1.036343,0.637028,12.291348,0.000000,87
3284,85649871920276,13.332651,4.201059,0.545723,9.125155,0.000000,87
3285,85649885252927,13.333886,0.911821,0.581732,12.416439,0.000000,87
3286,85649898586813,13.334176,0.836278,0.481262,12.491704,0.000000,87
3287,85649911920989,13.334950,0.916050,0.349226,12.412572,0.000000,87
3288,85649925255939,13.330787,1.049908,0.494757,12.274749,0.000000,87
3289,85649938586726,13.334074,0.840593,0.565182,12.486806,0.000000,87
3290,85649951920800,13.334721,0.982457,0.657625,12.345754,0.000000,87
3291,85649965255521,13.331574,1.306321,0.676343,12.018874,0.000000,87
3292,85649978587095,13.332053,3.734241,0.553575,9.591813,0.000000,87
3293,85649991919148,13.335732,0.820674,0.576950,12.509360,0.000000,87
3294,85650005254880,13.331993,0.921585,0.598548,12.404015,0.000000,87
3295,85650018586873,13.333126,0.811882,0.568918,12.515550,0.000000,87
3296,85650031919999,13.334051,0.876970,0.556123,12.451794,0.000000,87
3297,85650045254050,13.334882,0.904344,0.407492,12.423523,0.000000,87
3298,85650058588932,13.333080,0.862009,0.543727,12.464476,0.000000,87
3299,85650071922012,13.332572,1.105963,0.469440,12.219704,0.000000,87
3300,85650085254584,13.332612,5.014235,0.599336,8.311706,0.000000,87
3301,85650098587196,13.333546,1.099152,0.585087,12.228784,0.000000,87
3302,85650111920742,13.335998,1.015957,0.554172,12.313780,0.000000,87
3303,85650125256740,13.330615,0.977939,0.550901,12.346253,0.000000,87
3304,85650138587355,13.333277,0.806906,0.487373,12.520272,0.000000,87
3305,85650151920632,13.334487,0.895203,0.377267,12.432986,0.000000,87
3306,85650165255119,13.334045,0.942002,0.565810,12.386167,0.000000,87
3307,85650178589164,13.332174,1.117827,0.672768,12.208053,0.000000,87
3308,85650191921338,13.331337,4.223555,0.543301,9.101683,0.000000,87
3309,85650205252675,13.337840,0.814152,0.547326,12.518253,0.000000,87
3310,85650218590515,13.332837,0.852217,0.648738,12.473791,0.000000,87
3311,85650231923352,13.330606,0.932162,0.533744,12.391741,0.000000,87
3312,85650245253958,13.336846,0.879175,0.565521,12.450919,0.000000,88
3313,85650258590804,13.332314,0.951362,0.553152,12.374471,0.000000,88
3314,85650271923118,13.333153,0.923871,0.904145,12.401958,0.000000,88
3315,85650285256271,13.334424,1.703562,0.644044,11.624296,0.000000,88
3316,85650298590695,13.331463,3.967889,0.557211,9.356964,0.000000,88
3317,85650311922158,13.331983,1.054960,0.530596,12.271219,0.000000,88
3318,85650325254141,13.336894,1.040117,0.563841,12.290243,0.000000,88
3319,85650338591035,13.330600,1.106612,0.404936,12.216900,0.000000,88
3320,85650351921635,13.334324,1.051485,0.490830,12.276995,0.000000,88
3321,85650365255959,13.335787,1.024199,0.592447,12.304015,0.000000,88
3322,85650378591746,13.332757,1.012486,0.386447,12.312587,0.000000,88
3323,85650391924503,13.331977,1.453600,0.462824,11.871282,0.000000,88
3324,85650405256480,13.332742,3.680323,0.523147,9.645047,0.000000,88
3325,85650418589222,13.334651,0.996739,0.576497,12.331541,0.000000,88
3326,85650431923873,13.331508,0.988047,0.553321,12.337161,0.000000,88
3327,85650445255381,13.334789,1.150333,0.523628,12.178264,0.000000,88
3328,85650458590170,13.333511,1.039646,0.525310,12.286676,0.000000,88
3329,85650471923681,13.334144,1.244397,0.561074,12.081657,0.000000,88
3330,85650485257825,13.335613,1.104151,0.580978,12.222976,0.000000,88
3331,85650498593438,13.331977,1.265706,0.630533,12.057762,0.000000,88
3332,85650511925415,13.331288,3.807177,0.546871,9.515852,0.000000,88
3333,85650525256703,13.333269,1.048429,0.589771,12.279104,0.000000,88
3334,85650538589972,13.336787,0.997713,0.554780,12.331512,0.000000,88
3335,85650551926759,13.331782,1.133514,0.573510,12.189466,0.000000,88
3336,85650565258541,13.335055,1.079542,0.414926,12.247164,0.000000,88
3337,85650578593596,13.332346,1.143877,0.544340,12.179742,0.000000,88
3338,85650591925942,13.331614,1.133417,0.594328,12.190913,0.000000,88
3339,85650605257556,13.333642,1.351194,0.546589,11.975168,0.000000,88
3340,85650618591198,13.341087,3.680196,0.610619,9.650339,0.000000,88
3341,85650631932285,13.326189,1.320379,0.556401,11.997995,0.000000,88
3342,85650645258474,13.330585,1.103765,0.583698,12.219996,0.000000,88
3343,85650658589059,13.337141,1.017802,0.541248,12.310916,0.000000,88
3344,85650671926200,13.332465,1.125311,0.572724,12.199131,0.000000,88
3345,85650685258665,13.333095,1.116093,0.519674,12.209424,0.000000,88
3346,85650698591760,13.343240,0.904468,0.596251,12.428878,0.000000,88
3347,85650711935000,13.324382,1.473215,0.592665,11.842978,0.000000,88
3348,85650725259382,13.332651,3.881460,0.593653,9.443995,0.000000,88
3349,85650738592033,13.333400,1.011066,0.607158,12.315108,0.000000,88
3350,85650751925433,13.332704,1.121703,0.608678,12.203871,0.000000,88
3351,85650765258137,13.334310,1.136348,0.652253,12.190865,0.000000,88
3352,85650778592447,13.342660,0.972668,0.447634,12.362941,0.000000,88
3353,85650791935107,13.362429,1.123580,0.533551,12.230484,0.000000,88
3354,85650805297536,13.333123,0.992067,0.584139,12.334845,0.000000,88
3355,85650818630659,13.333829,1.189808,0.654461,12.137861,0.000000,88
3356,85650831964488,13.333303,3.638269,0.518816,9.687627,0.000000,88
3357,85650845297791,13.334186,0.962128,0.595566,12.365469,0.000000,88
3358,85650858631977,13.332566,0.968732,0.536146,12.356753,0.000000,88
3359,85650871964543,13.334102,1.440974,0.394953,11.885920,0.000000,88
3360,85650885298645,13.333074,1.122792,0.589098,12.202012,0.000000,88
3361,85650898631719,13.333106,0.991648,0.565179,12.335254,0.000000,88
3362,85650911964825,13.334191,1.145320,0.553011,12.181535,0.000000,88
3363,85650925299016,13.333027,1.278360,0.680949,12.047386,0.000000,88
3364,85650938632043,13.333914,4.369520,0.556648,8.956877,0.000000,88
3365,85650951965957,13.334300,1.032103,0.592103,12.295237,0.000000,88
3366,85650965300257,13.332548,1.061405,0.588181,12.264066,0.000000,88
3367,85650978632805,13.333472,1.068608,0.568121,12.257444,0.000000,88
3368,85650991966277,13.333785,1.129146,0.402058,12.197722,0.000000,88
3369,85651005300062,13.332966,1.190877,0.566517,12.132754,0.000000,88
3370,85651018633028,13.333133,0.896844,0.410348,12.429424,0.000000,88
3371,85651031966161,13.337298,1.201036,0.618876,12.128888,0.000000,88
3372,85651045303459,13.330378,4.044468,0.553076,9.276769,0.000000,88
3373,85651058633837,13.332385,1.086056,0.662317,12.239629,0.000000,88
3374,85651071966222,13.334236,1.096362,0.539196,12.230311,0.000000,88
3375,85651085300458,13.337048,1.098095,0.388783,12.231574,0.000000,88
3376,85651098637506,13.332294,1.023608,0.399943,12.301665,0.000000,88
3377,85651111969800,13.335523,1.050055,0.543116,12.277663,0.000000,88
3378,85651125305323,13.331164,1.065209,0.556531,12.257289,0.000000,88
3379,85651138636487,13.332752,1.055583,0.699524,12.271408,0.000000,88
3380,85651151969239,13.332892,4.550727,0.560976,8.776625,0.000000,88
3381,85651165302131,13.335205,0.931515,0.564582,12.396721,0.000000,88
3382,85651178637336,13.336957,0.945678,0.573260,12.385280,0.000000,89
3383,85651191974293,13.329644,1.030101,0.562698,12.291609,0.000000,89
3384,85651205303937,13.330754,1.018371,0.601917,12.306463,0.000000,89
3385,85651218634691,13.336601,1.609596,0.683833,11.719970,0.000000,89
3386,85651231971292,13.332452,1.022678,0.575962,12.302746,0.000000,89
3387,85651245303744,13.332713,1.272163,0.578255,12.053428,0.000000,89
3388,85651258636457,13.336776,3.422867,0.555171,9.906450,0.000000,89
3389,85651271973233,13.331310,1.064113,0.560036,12.259477,0.000000,89
3390,85651285304543,13.333684,1.043968,0.569497,12.282761,0.000000,89
3391,85651298638227,13.333681,1.020086,0.568736,12.305056,0.000000,89
3392,85651311971908,13.333449,1.087248,0.533811,12.238093,0.000000,89
3393,85651325305357,13.333928,0.993592,0.588228,12.333199,0.000000,89
3394,85651338639285,13.330308,1.012093,0.557417,12.311515,0.000000,89
3395,85651351969593,13.337910,1.328430,0.632921,12.003274,0.000000,89
3396,85651365307503,13.329401,4.376843,0.562830,8.944238,0.000000,89
3397,85651378636904,13.331488,0.953255,0.388155,12.373061,0.000000,89
3398,85651391968392,13.335843,0.966889,0.347392,12.363274,0.000000,89
3399,85651405304235,13.333448,1.041974,0.571520,12.283859,0.000000,89
3400,85651418637683,13.333600,0.881566,0.571657,12.444160,0.000000,89
3401,85651431971283,13.337017,1.130847,0.578926,12.199063,0.000000,89
3402,85651445308300,13.331845,1.126050,0.568503,12.196566,0.000000,89
3403,85651458640145,13.332851,1.212524,0.579030,12.113042,0.000000,89
3404,85651471972996,13.332458,3.600096,0.615620,9.725217,0.000000,89
3405,85651485305454,13.333764,1.082829,0.635870,12.242653,0.000000,89
3406,85651498639218,13.330087,0.965996,0.553441,12.356694,0.000000,89
3407,85651511969305,13.334912,0.975825,0.445243,12.351534,0.000000,89
3408,85651525304217,13.333581,0.947125,0.515652,12.379597,0.000000,89
3409,85651538637798,13.338456,1.115018,0.589831,12.212940,0.000000,89
3410,85651551976254,13.331029,1.188659,0.569194,12.134404,0.000000,89
3411,85651565307283,13.329509,1.325046,0.589226,11.997770,0.000000,89
3412,85651578636792,13.334244,3.395051,0.450726,9.932597,0.000000,89
3413,85651591971036,13.332092,0.996220,0.443115,12.330447,0.000000,89
3414,85651605303128,13.335790,0.996050,0.460140,12.334455,0.000000,89
3415,85651618638918,13.335406,0.881619,0.571467,12.447266,0.000000,89
3416,85651631974324,13.332317,0.993794,0.581917,12.332118,0.000000,89
3417,85651645306641,13.337085,1.188884,0.630433,12.140864,0.000000,89
3418,85651658643726,13.337195,1.211020,0.567323,12.117015,0.000000,89
3419,85651671980921,13.330623,1.346410,0.425801,11.975959,0.000000,89
3420,85651685311544,13.329537,3.859959,0.579148,9.462509,0.000000,89
3421,85651698641081,13.336253,0.947517,0.634443,12.382030,0.000000,89
3422,85651711977334,13.334885,1.463413,0.412445,11.863445,0.000000,89
3423,85651725312219,13.330730,1.421300,0.363036,11.901639,0.000000,89
3424,85651738642949,13.335919,0.827218,0.557375,12.502049,0.000000,89
3425,85651751978868,13.333830,1.008633,0.603891,12.318163,0.000000,89
3426,85651765312698,13.330738,1.106092,0.583248,12.217774,0.000000,89
3427,85651778643436,13.335319,1.286230,0.619569,12.042007,0.000000,89
3428,85651791978755,13.341416,3.899224,0.592238,9.428891,0.000000,89
3429,85651805320171,13.324754,1.176149,0.538367,12.138396,0.000000,89
3430,85651818644925,13.332069,1.028242,0.567251,12.296572,0.000000,89
3431,85651831976994,13.341020,1.117136,0.543671,12.216569,0.000000,89
3432,85651845318014,13.342282,1.037556,0.472392,12.295447,0.000000,89
3433,85651858660296,13.330404,1.332316,0.531590,11.987866,0.000000,89
3434,85651871990700,13.332240,1.065483,0.539635,12.260144,0.000000,89
3435,85651885322940,13.334657,1.167496,0.494562,12.160595,0.000000,89
3436,85651898657597,13.333323,3.440334,0.527851,9.885630,0.000000,89
3437,85651911990920,13.333041,1.112128,0.491309,12.213514,0.000000,89
3438,85651925323961,13.336860,1.089185,0.552716,12.237993,0.000000,89
3439,85651938660821,13.330387,0.993586,0.576891,12.327709,0.000000,89
3440,85651951991208,13.341347,1.083118,0.557856,12.246463,0.000000,89
3441,85651965332555,13.336098,1.221245,0.551188,12.101344,0.000000,89
3442,85651978668653,13.323248,1.054052,0.556178,12.259418,0.000000,89
3443,85651991991901,13.333101,1.447531,0.453371,11.878315,0.000000,89
3444,85652005325002,13.338842,3.875325,0.414954,9.453276,0.000000,89
3445,85652018663844,13.326818,1.180310,0.610806,12.137397,0.000000,89
3446,85652031990662,13.335020,1.316682,0.634432,12.010469,0.000000,89
3447,85652045325682,13.332927,1.136490,0.572634,12.188395,0.000000,89
3448,85652058658609,13.332683,1.067786,0.547436,12.256881,0.000000,89
3449,85652071991292,13.333992,1.060420,0.621186,12.265736,0.000000,89
3450,85652085325284,13.333381,1.089520,0.610514,12.235886,0.000000,90
3451,85652098658665,13.339096,1.290758,0.630375,12.037422,0.000000,90
3452,85652111997761,13.327734,3.919001,0.692535,9.400749,0.000000,90
3453,85652125325495,13.334373,1.259206,0.696795,12.066693,0.000000,90
3454,85652138659868,13.331986,1.262453,0.571301,12.062895,0.000000,90
3455,85652151991854,13.338881,1.121690,0.637751,12.204996,0.000000,90
3456,85652165330735,13.328353,1.254594,0.643320,12.064432,0.000000,90
3457,85652178659088,13.331998,1.289224,0.570027,12.035861,0.000000,90
3458,85652191991086,13.335699,1.128893,0.561258,12.198798,0.000000,90
3459,85652205326785,13.330461,1.604411,0.534917,11.719420,0.000000,90
3460,85652218657246,13.338508,3.673008,0.654747,9.656889,0.000000,90
3461,85652231995754,13.335620,1.229247,0.406463,12.098100,0.000000,90
3462,85652245331374,13.327803,1.140897,0.414106,12.179524,0.000000,90
3463,85652258659177,13.337166,0.867990,0.598688,12.461941,0.000000,90
3464,85652271996343,13.330264,1.377333,0.594383,11.945718,0.000000,90
3465,85652285326607,13.333855,1.269274,0.601176,12.057199,0.000000,90
3466,85652298660462,13.333089,1.060590,0.475546,12.264902,0.000000,90
3467,85652311993551,13.334279,1.441727,0.520296,11.886329,0.000000,90
3468,85652325327830,13.332483,3.402614,0.409418,9.923180,0.000000,90
3469,85652338660313,13.334255,1.007170,0.673025,12.319714,0.000000,90
3470,85652351994568,13.330345,1.296205,0.583161,12.027782,0.000000,90
3471,85652365324913,13.334176,0.996886,0.483125,12.330074,0.000000,90
3472,85652378659089,13.334091,1.161512,0.600557,12.166510,0.000000,90
3473,85652391993180,13.332613,1.191732,0.404157,12.134775,0.000000,90
3474,85652405325793,13.339219,0.919296,0.499583,12.412147,0.000000,90
3475,85652418665012,13.335816,1.203809,0.567276,12.120939,0.000000,90
3476,85652432000828,13.326542,3.470696,0.427021,9.847022,0.000000,90
3477,85652445327370,13.336459,0.962678,0.409214,12.366128,0.000000,90
3478,85652458663829,13.337838,1.048549,0.407705,12.276871,0.000000,90
3479,85652472001667,13.324969,1.242297,1.033318,12.074777,0.000000,90
3480,85652485326636,13.334412,2.009440,0.599142,11.317837,0.000000,90
3481,85652498661048,13.334905,1.271451,0.335891,12.055119,0.000000,90
3482,85652511995953,13.331719,1.178129,0.504074,12.145819,0.000000,90
3483,85652525327672,13.338780,1.148300,0.555987,12.179503,0.000000,90
3484,85652538666452,13.327190,3.407542,0.488487,9.909152,0.000000,90
3485,85652551993642,13.339555,0.915897,0.415974,12.414504,0.000000,90
3486,85652565333197,13.331791,1.087923,0.492492,12.233584,0.000000,90
3487,85652578664988,13.329184,0.979330,0.449737,12.342035,0.000000,90
3488,85652591994172,13.333229,0.941284,0.556174,12.385265,0.000000,90
3489,85652605327401,13.332404,1.329383,0.576138,11.994564,0.000000,90
3490,85652618659805,13.335358,0.975537,0.393878,12.353489,0.000000,90
3491,85652631995163,13.333962,1.145944,0.432784,12.180904,0.000000,90
3492,85652645329125,13.333675,3.426978,0.394592,9.899325,0.000000,90
3493,85652658662800,13.330350,0.981459,0.601316,12.342001,0.000000,90
3494,85652671993150,13.334124,1.052848,0.501919,12.274807,0.000000,90
3495,85652685327274,13.334829,0.902934,0.506558,12.425319,0.000000,90
3496,85652698662103,13.332730,0.859589,0.646074,12.466075,0.000000,90
3497,85652711994833,13.331508,1.151882,0.422899,12.172970,0.000000,90
3498,85652725326341,13.332945,0.871408,0.508108,12.455408,0.000000,90
3499,85652738659286,13.335664,0.997888,0.552872,12.332033,0.000000,90
3500,85652751994950,13.333554,3.493117,0.447231,9.833947,0.000000,90
3501,85652765328504,13.336295,0.939541,0.441123,12.389546,0.000000,90
3502,85652778664799,13.332581,1.332606,0.599995,11.990557,0.000000,90
3503,85652791997380,13.335108,1.449578,0.632096,11.874095,0.000000,90
3504,85652805332488,13.331320,1.372534,0.621676,11.949128,0.000000,90
3505,85652818663808,13.335687,1.148746,0.676684,12.177302,0.000000,90
3506,85652831999495,13.332038,1.489668,0.531544,11.832300,0.000000,90
3507,85652845331533,13.330618,1.411767,0.584397,11.911253,0.000000,90
3508,85652858662151,13.333230,3.455487,0.536330,9.870569,0.000000,90
3509,85652871995381,13.331943,1.057306,0.544228,12.268508,0.000000,90
3510,85652885327324,13.337150,0.990914,0.564486,12.337510,0.000000,90
3511,85652898664474,13.330587,0.900923,0.472703,12.422855,0.000000,90
3512,85652911995061,13.335328,1.154026,0.557459,12.173114,0.000000,91
3513,85652925330389,13.332008,1.113175,0.418758,12.212424,0.000000,91
3514,85652938662397,13.333772,0.989459,0.399595,12.337910,0.000000,91
3515,85652951996169,13.331605,1.923342,0.567550,11.402190,0.000000,91
3516,85652965327774,13.335304,3.390922,0.503920,9.937720,0.000000,91
3517,85652978663078,13.333505,1.074009,0.608204,12.253271,0.000000,91
3518,85652991996583,13.335346,1.077164,0.572166,12.250586,0.000000,91
3519,85653005331929,13.334814,1.115858,0.548649,12.208288,0.000000,91
3520,85653018666743,13.332384,0.992946,0.575041,12.331020,0.000000,91
3521,85653031999127,13.330095,1.185511,0.584016,12.136724,0.000000,91
3522,85653045329222,13.332105,1.186928,0.391320,12.138451,0.000000,91
3523,85653058661327,13.334067,1.035867,0.534445,12.292245,0.000000,91
3524,85653071995394,13.335259,3.395944,0.658488,9.932592,0.000000,91
3525,85653085330653,13.335462,1.125596,0.581006,12.201755,0.000000,91
3526,85653098666115,13.328949,0.962983,0.670097,12.359091,0.000000,91
3527,85653111995064,13.335212,1.044278,0.669215,12.284787,0.000000,91
3528,85653125330276,13.331354,1.046289,0.652028,12.278647,0.000000,91
3529,85653138661630,13.334844,1.067731,0.630633,12.260156,0.000000,91
3530,85653151996474,13.334905,1.211001,0.402229,12.116565,0.000000,91
3531,85653165331379,13.329860,1.316325,0.421069,12.005675,0.000000,91
3532,85653178661239,13.335661,3.376692,0.407578,9.952676,0.000000,91
3533,85653191996900,13.334260,1.176417,0.639533,12.151108,0.000000,91
3534,85653205331160,13.334066,1.032927,0.552293,12.291983,0.000000,91
3535,85653218665226,13.334709,0.977187,0.703265,12.348628,0.000000,91
3536,85653231999935,13.330842,1.484181,0.636620,11.839148,0.000000,91
3537,85653245330777,13.333973,1.261943,0.601852,12.064375,0.000000,91
3538,85653258664750,13.332458,1.149936,0.511082,12.175437,0.000000,91
3539,85653271997208,13.334543,1.262429,0.583352,12.065234,0.000000,91
3540,85653285331751,13.335016,3.460737,0.547353,9.863980,0.000000,91
3541,85653298666767,13.330833,0.955026,0.520285,12.369278,0.000000,91
3542,85653311997600,13.334822,1.112866,0.515869,12.214752,0.000000,91
3543,85653325332422,13.333261,1.044469,0.571532,12.281936,0.000000,91
3544,85653338665683,13.336174,1.112292,0.496509,12.214112,0.000000,91
3545,85653352001857,13.328452,1.149323,0.521922,12.171528,0.000000,91
3546,85653365330309,13.333781,1.074407,0.478174,12.253557,0.000000,91
3547,85653378664090,13.332634,1.183599,0.422948,12.142986,0.000000,91
3548,85653391996724,13.333278,3.371542,0.434702,9.955590,0.000000,91
3549,85653405330002,13.335075,1.105222,0.515935,12.223657,0.000000,91
3550,85653418665077,13.333288,1.233951,0.479078,12.092527,0.000000,91
3551,85653431998365,13.332628,1.572478,0.470745,11.752071,0.000000,91
3552,85653445330993,13.334050,1.154765,0.593168,12.173644,0.000000,91
3553,85653458665043,13.332608,1.158865,0.548096,12.167053,0.000000,91
3554,85653471997651,13.333044,1.290939,0.550279,12.034788,0.000000,91
3555,85653485330695,13.335434,1.380759,0.568322,11.947757,0.000000,91
3556,85653498666129,13.339423,3.435095,0.544208,9.893563,0.000000,91
3557,85653512005552,13.328718,0.948887,0.504479,12.370542,0.000000,91
3558,85653525334270,13.332261,1.012255,0.465339,12.312400,0.000000,91
3559,85653538666531,13.333407,1.029477,0.649946,12.296353,0.000000,91
3560,85653551999938,13.332161,1.048219,0.636970,12.277790,0.000000,91
3561,85653565332099,13.334016,1.232041,1.484289,12.095167,0.000000,91
3562,85653578666115,13.331312,1.032971,0.768937,12.291937,0.000000,91
3563,85653591997427,13.333370,1.390222,0.870896,11.937480,0.000000,91
3564,85653605330797,13.334461,3.472822,0.649545,9.855261,0.000000,91
3565,85653618665258,13.332718,1.147050,0.791615,12.179329,0.000000,91
3566,85653631997976,13.334270,1.540206,0.694447,11.786738,0.000000,91
3567,85653645332246,13.334848,1.276458,0.894389,12.051613,0.000000,91
3568,85653658667094,13.333106,1.307871,0.681452,12.018143,0.000000,91
3569,85653672000200,13.337230,1.230755,0.491020,12.097894,0.000000,91
3570,85653685337430,13.332365,1.295203,1.351718,12.025742,0.000000,91
3571,85653698669795,13.340278,1.244625,0.907459,12.083257,0.000000,91
3572,85653712010073,13.325106,3.500668,0.942302,9.812289,0.000000,91
3573,85653725335179,13.332711,1.091722,1.237953,12.232006,0.000000,91
3574,85653738667890,13.337625,0.950607,0.964850,12.378158,0.000000,91
3575,85653752005515,13.331140,1.095933,1.425395,12.224880,0.000000,91
3576,85653765336655,13.333194,1.189967,0.626416,12.133488,0.000000,91
3577,85653778669849,13.334628,1.188568,0.463876,12.135506,0.000000,92
3578,85653792004477,13.335389,1.268190,0.439691,12.056434,0.000000,92
3579,85653805339866,13.327496,1.515287,0.624926,11.801845,0.000000,92
3580,85653818667362,13.351662,3.440277,0.633400,9.899319,0.000000,92
3581,85653832019024,13.318419,1.134706,0.595137,12.171850,0.000000,92
3582,85653845337443,13.334289,1.362370,0.477986,11.959549,0.000000,92
3583,85653858671732,13.328338,1.044458,0.642257,12.275264,0.000000,92
3584,85653872000070,13.344831,1.183611,0.476208,12.150504,0.000000,92
3585,85653885344901,13.323819,1.215250,0.592181,12.099905,0.000000,92
3586,85653898668720,13.333137,1.035058,0.533107,12.290988,0.000000,92
3587,85653912001857,13.333884,1.472940,0.484186,11.853831,0.000000,92
3588,85653925335741,13.339120,3.458612,0.512969,9.868168,0.000000,92
3589,85653938674861,13.326554,1.164975,0.575627,12.153794,0.000000,92
3590,85653952001415,13.333735,1.276861,0.385223,12.049840,0.000000,92
3591,85653965335150,13.334079,1.364874,0.552950,11.961577,0.000000,92
3592,85653978669229,13.331363,1.200880,0.518992,12.122821,0.000000,92
3593,85653992000592,13.334751,1.073642,0.611068,12.253880,0.000000,92
3594,85654005335343,13.331641,1.105618,0.543842,12.219674,0.000000,92
3595,85654018666984,13.332484,1.438183,0.610236,11.885881,0.000000,92
3596,85654031999468,13.334923,3.560355,0.599580,9.768132,0.000000,92
3597,85654045334391,13.338645,1.109204,0.638246,12.218017,0.000000,92
3598,85654058673036,13.329125,1.022418,0.554853,12.296793,0.000000,92
3599,85654072002161,13.337417,1.157226,0.683283,12.171836,0.000000,92
3600,85654085339578,13.332600,1.325565,0.494894,11.999455,0.000000,92
3601,85654098672178,13.330784,1.185954,0.639515,12.138397,0.000000,92
3602,85654112002962,13.342175,1.262998,0.681517,12.068353,0.000000,92
3603,85654125345137,13.330383,1.401584,0.439735,11.919724,0.000000,92
3604,85654138675520,13.332548,3.791937,0.455845,9.532176,0.000000,92
3605,85654152008068,13.353905,1.065521,0.609275,12.282471,0.000000,92
3606,85654165361973,13.366617,1.152116,0.577169,12.208140,0.000000,92
3607,85654178728590,13.347753,1.274950,0.439533,12.062433,0.000000,92
3608,85654192076343,13.337062,1.031150,0.589072,12.296712,0.000000,92
3609,85654205413405,13.359474,1.147129,0.553694,12.203720,0.000000,92
3610,85654218772879,13.334291,0.999927,0.697656,12.326943,0.000000,92
3611,85654232107170,13.375015,1.362671,0.444635,12.003832,0.000000,92
3612,85654245482185,13.361663,3.470888,0.458178,9.884533,0.000000,92
3613,85654258843848,13.340147,1.483396,0.617263,11.842268,0.000000,92
3614,85654272183995,13.335007,1.194484,0.402158,12.133034,0.000000,92
3615,85654285519002,13.347729,1.221453,0.598322,12.112312,0.000000,92
3616,85654298866731,13.346617,1.022286,0.583237,12.313927,0.000000,92
3617,85654312213348,13.369431,1.183030,0.538857,12.178767,0.000000,92
3618,85654325582779,13.352472,1.086069,0.570241,12.258393,0.000000,92
3619,85654338935251,13.338048,1.328228,0.615542,12.000096,0.000000,92
3620,85654352273299,13.327274,3.461223,0.636199,9.858159,0.000000,92
3621,85654365600573,13.396667,1.208861,0.609401,12.180799,0.000000,92
3622,85654378997240,13.336468,1.000634,0.444786,12.325537,0.000000,92
3623,85654392333708,13.333109,1.163718,0.480105,12.162836,0.000000,92
3624,85654405666817,13.361309,1.233558,0.470297,12.120371,0.000000,92
3625,85654419028126,13.333863,1.105540,0.665139,12.220290,0.000000,92
3626,85654432361989,13.362754,1.101571,0.621959,12.253098,0.000000,92
3627,85654445724743,13.353177,1.273945,0.596924,12.071927,0.000000,92
3628,85654459077920,13.336474,3.957786,0.630813,9.371835,0.000000,92
3629,85654472414394,13.347055,1.049777,0.581266,12.288590,0.000000,92
3630,85654485761449,13.366453,1.013019,0.576965,12.346673,0.000000,92
3631,85654499127902,13.336092,1.035056,0.522644,12.294031,0.000000,92
3632,85654512463994,13.347924,1.362727,0.578141,11.970324,0.000000,92
3633,85654525811918,13.379772,1.109293,0.589834,12.258684,0.000000,92
3634,85654539191690,13.347414,0.948511,0.673191,12.384418,0.000000,92
3635,85654552539104,13.321627,1.390091,0.618449,11.921568,0.000000,92
3636,85654565860731,13.333832,3.432374,0.583170,9.892646,0.000000,92
3637,85654579194563,13.335514,0.963910,0.568173,12.359425,0.000000,92
3638,85654592530077,13.328770,1.005196,0.558653,12.316016,0.000000,92
3639,85654605858847,13.338171,0.969331,0.614490,12.361328,0.000000,92
3640,85654619197018,13.328662,0.944932,0.676814,12.376497,0.000000,92
3641,85654632525680,13.332099,1.169818,0.701390,12.155378,0.000000,92
3642,85654645857779,13.334988,1.138564,0.598537,12.190138,0.000000,92
3643,85654659192767,13.340806,3.038928,0.645159,10.290542,0.000000,92
3644,85654672533573,13.325533,3.535972,0.593451,9.780650,0.000000,92
3645,85654685859106,13.333652,1.153929,0.498821,12.172534,0.000000,93
3646,85654699192758,13.334058,1.153677,0.429533,12.173923,0.000000,93
3647,85654712526816,13.333530,1.292564,0.399298,12.034149,0.000000,93
3648,85654725860346,13.332503,1.186274,0.553938,12.138685,0.000000,93
3649,85654739192849,13.335451,1.155274,0.591485,12.171886,0.000000,93
3650,85654752528300,13.332665,1.157981,0.552060,12.166357,0.000000,93
3651,85654765860965,13.332164,1.595857,0.641067,11.728604,0.000000,93
3652,85654779193129,13.331830,3.293377,0.718375,10.032537,0.000000,93
3653,85654792524959,13.336358,1.062934,0.595124,12.267751,0.000000,93
3654,85654805861317,13.330834,1.118459,0.552920,12.205288,0.000000,93
3655,85654819192151,13.336105,0.901165,0.583984,12.428233,0.000000,93
3656,85654832528256,13.334757,1.124499,0.618942,12.202162,0.000000,93
3657,85654845863013,13.329608,1.145190,0.549515,12.177148,0.000000,93
3658,85654859192621,13.334694,0.975883,0.672023,12.352498,0.000000,93
3659,85654872527315,13.332741,1.392416,0.602933,11.933297,0.000000,93
3660,85654885860056,13.334730,4.026249,0.569798,9.301283,0.000000,93
3661,85654899194786,13.332861,1.038405,0.582028,12.287965,0.000000,93
3662,85654912527647,13.336339,1.184978,0.586885,12.143091,0.000000,93
3663,85654925863986,13.332282,1.226261,0.583693,12.096517,0.000000,93
3664,85654939196268,13.332769,1.086586,0.578640,12.237705,0.000000,93
3665,85654952529037,13.332716,1.242005,0.554109,12.082714,0.000000,93
3666,85654965861753,13.332513,1.208733,0.560687,12.116393,0.000000,93
3667,85654979194266,13.333597,1.250479,0.628872,12.076184,0.000000,93
3668,85654992527863,13.335196,3.741015,0.580494,9.584544,0.000000,93
3669,85655005863059,13.329554,1.168519,0.607420,12.153657,0.000000,93
3670,85655019192613,13.335386,1.014300,0.553629,12.314630,0.000000,93
3671,85655032527999,13.334243,1.110451,0.597995,12.216175,0.000000,93
3672,85655045862242,13.331629,1.706241,0.616752,11.618862,0.000000,93
3673,85655059193871,13.332676,1.116617,0.417019,12.209568,0.000000,93
3674,85655072526547,13.334089,1.139766,0.409448,12.187716,0.000000,93
3675,85655085860636,13.334102,1.438363,0.403954,11.888026,0.000000,93
3676,85655099194738,13.331272,3.678901,0.519713,9.645862,0.000000,93
3677,85655112526010,13.336065,1.015056,0.582272,12.314399,0.000000,93
3678,85655125862075,13.334478,1.168212,0.574980,12.159246,0.000000,93
3679,85655139196553,13.331860,1.434544,0.596026,11.890656,0.000000,93
3680,85655152528413,13.334318,1.138580,0.560578,12.188435,0.000000,93
3681,85655165862731,13.334612,1.126104,0.402309,12.200030,0.000000,93
3682,85655179197343,13.330111,1.195008,0.381943,12.127170,0.000000,93
3683,85655192527454,13.333000,1.428328,0.531653,11.897637,0.000000,93
3684,85655205860454,13.343979,3.870585,0.514476,9.461151,0.000000,93
3685,85655219204433,13.325317,1.116810,0.643037,12.199803,0.000000,93
3686,85655232529750,13.333630,1.308574,0.684250,12.014830,0.000000,93
3687,85655245863380,13.333560,1.218624,0.611488,12.106836,0.000000,93
3688,85655259196940,13.332427,1.138993,0.614352,12.186236,0.000000,93
3689,85655272529367,13.334348,1.132531,0.550022,12.194543,0.000000,93
3690,85655285863715,13.333878,1.247906,0.634057,12.077914,0.000000,93
3691,85655299197593,13.333705,1.520708,0.584528,11.804264,0.000000,93
3692,85655312531298,13.333423,3.804506,0.536866,9.521276,0.000000,93
3693,85655325864721,13.331478,1.182482,0.601698,12.142392,0.000000,93
3694,85655339196199,13.334194,1.148008,0.593960,12.178590,0.000000,93
3695,85655352530393,13.338288,1.159566,0.657856,12.169616,0.000000,93
3696,85655365868681,13.338322,1.350257,0.614961,11.971108,0.000000,93
3697,85655379207003,13.344487,1.183640,0.581821,12.153009,0.000000,93
3698,85655392551490,13.334246,1.263036,0.586692,12.063065,0.000000,93
3699,85655405885736,13.334018,1.362908,0.631155,11.927793,0.000000,93
3700,85655419219754,13.330893,4.007900,0.611504,9.303970,0.000000,93
3701,85655432550647,13.334064,1.384863,0.625239,11.942612,0.000000,93
3702,85655445884711,13.333461,1.027482,0.655171,12.299342,0.000000,93
3703,85655459218172,13.334509,0.938337,0.639893,12.389421,0.000000,93
3704,85655472552681,13.332311,1.031797,0.556742,12.293727,0.000000,93
3705,85655485884992,13.333765,0.963402,0.554233,12.364458,0.000000,93
3706,85655499218757,13.333846,0.867095,0.577272,12.459433,0.000000,93
3707,85655512552603,13.331432,1.425537,0.705100,11.898484,0.000000,93
3708,85655525884035,13.334482,3.905790,0.586598,9.421212,0.000000,93
3709,85655539218517,13.335000,1.139128,0.584996,12.187575,0.000000,93
3710,85655552553517,13.331894,1.157385,0.640796,12.167518,0.000000,93
3711,85655565885411,13.333110,1.033088,0.562617,12.293299,0.000000,93
3712,85655579218521,13.334674,0.875591,0.693553,12.452621,0.000000,93
3713,85655592553195,13.331991,1.574904,0.611677,11.750261,0.000000,93
3714,85655605885186,13.332090,1.221040,0.633179,12.104243,0.000000,93
3715,85655619217276,13.335009,1.306868,0.620505,12.021924,0.000000,93
3716,85655632552285,13.332076,3.885335,0.439056,9.440098,0.000000,93
3717,85655645884361,13.336529,1.098368,0.631427,12.229993,0.000000,94
3718,85655659220890,13.334140,1.085820,0.570560,12.240273,0.000000,94
3719,85655672555030,13.332773,1.187925,0.571287,12.136406,0.000000,94
3720,85655685887803,13.331540,1.214989,0.617981,12.109256,0.000000,94
3721,85655699219343,13.334156,1.457843,0.429856,11.869653,0.000000,94
3722,85655712553499,13.334676,1.044010,0.615458,12.284121,0.000000,94
3723,85655725888175,13.330758,1.551760,0.588565,11.772314,0.000000,94
3724,85655739218933,13.333588,3.305783,0.543188,10.020977,0.000000,94
3725,85655752552521,13.335366,0.925179,0.656466,12.403190,0.000000,94
3726,85655765887887,13.331188,1.110735,0.562987,12.213793,0.000000,94
3727,85655779219075,13.333052,0.905771,0.554396,12.421319,0.000000,94
3728,85655792552127,13.334401,0.980177,0.581637,12.347653,0.000000,94
3729,85655805886528,13.332057,1.031990,0.564752,12.294795,0.000000,94
3730,85655819218585,13.334772,0.904451,0.435113,12.423855,0.000000,94
3731,85655832553357,13.334453,1.129829,0.397228,12.198252,0.000000,94
3732,85655845887810,13.330797,3.726814,0.323746,9.597691,0.000000,94
3733,85655859218607,13.335949,1.025472,0.596208,12.303155,0.000000,94
3734,85655872554556,13.332241,1.224211,0.581329,12.100967,0.000000,94
3735,85655885886797,13.333430,1.131061,0.589972,12.196237,0.000000,94
3736,85655899220227,13.334829,0.950400,0.596136,12.378170,0.000000,94
3737,85655912555056,13.333418,1.084182,0.560097,12.242598,0.000000,94
3738,85655925888474,13.332430,1.017297,0.584302,12.308578,0.000000,94
3739,85655939220904,13.332725,1.219350,0.642490,12.106528,0.000000,94
3740,85655952553629,13.332658,3.522966,0.621424,9.803888,0.000000,94
3741,85655965886287,13.335190,0.900686,0.620045,12.428025,0.000000,94
3742,85655979221477,13.333880,0.972136,0.579410,12.354531,0.000000,94
3743,85655992555357,13.333197,0.992014,0.579011,12.334672,0.000000,94
3744,85656005888554,13.332927,1.061362,0.555908,12.265420,0.000000,94
3745,85656019221481,13.331719,0.900722,0.532436,12.424655,0.000000,94
3746,85656032553200,13.337953,1.153436,0.541877,12.176435,0.000000,94
3747,85656045891153,13.329290,1.517278,0.621723,11.803885,0.000000,94
3748,85656059220443,13.332353,3.837532,0.525408,9.488004,0.000000,94
3749,85656072552796,13.336287,0.847503,0.592355,12.482747,0.000000,94
3750,85656085889083,13.333998,0.947377,0.713187,12.378275,0.000000,94
3751,85656099223081,13.329599,0.967133,0.572000,12.356330,0.000000,94
3752,85656112552680,13.335327,0.914178,0.562513,12.415053,0.000000,94
3753,85656125888007,13.333793,0.862769,0.554078,12.464563,0.000000,94
3754,85656139221800,13.332763,0.864918,0.584446,12.461899,0.000000,94
3755,85656152554563,13.336075,1.287456,0.582820,12.042057,0.000000,94
3756,85656165890638,13.365864,4.156887,0.559076,9.200111,0.000000,94
3757,85656179256502,13.334850,1.052824,0.598710,12.274191,0.000000,94
3758,85656192591352,13.332084,1.150169,0.503414,12.173595,0.000000,94
3759,85656205923436,13.332325,1.145560,0.740206,12.180251,0.000000,94
3760,85656219255761,13.335839,1.084439,0.731728,12.241747,0.000000,94
3761,85656232591600,13.332605,1.406301,0.410216,11.917974,0.000000,94
3762,85656245924205,13.334246,1.169647,0.337461,12.156510,0.000000,94
3763,85656259258451,13.329996,1.397890,0.581369,11.924925,0.000000,94
3764,85656272588447,13.334184,4.130905,0.566135,9.196421,0.000000,94
3765,85656285922631,13.337197,1.071470,0.624480,12.258754,0.000000,94
3766,85656299259828,13.338931,1.015852,0.630581,12.314721,0.000000,94
3767,85656312598759,13.334699,1.168397,0.623060,12.157308,0.000000,94
3768,85656325933458,13.335029,1.163708,0.580686,12.162645,0.000000,94
3769,85656339268487,13.333397,1.053772,0.572901,12.270838,0.000000,94
3770,85656352601884,13.332297,1.351670,0.588064,11.972237,0.000000,94
3771,85656365934181,13.331648,1.450535,0.624923,11.873584,0.000000,94
3772,85656379265829,13.333843,3.780871,0.548531,9.545066,0.000000,94
3773,85656392599672,13.335492,1.166773,0.550734,12.161851,0.000000,94
3774,85656405935164,13.331470,1.153941,0.554062,12.169666,0.000000,94
3775,85656419266634,13.335118,1.036352,0.570900,12.291224,0.000000,94
3776,85656432601752,13.331774,1.227765,0.566479,12.096738,0.000000,94
3777,85656445933526,13.333863,1.111024,0.615754,12.215353,0.000000,94
3778,85656459267389,13.331920,1.005403,0.476553,12.318957,0.000000,94
3779,85656472599309,13.332957,1.229916,0.590058,12.097173,0.000000,94
3780,85656485932266,13.338954,3.549838,0.556027,9.780430,0.000000,94
3781,85656499271220,13.326693,0.780952,0.595831,12.539709,0.000000,94
3782,85656512597913,13.334423,0.897871,0.558531,12.430088,0.000000,94
3783,85656525932336,13.336428,1.103288,0.548750,12.226659,0.000000,94
3784,85656539268764,13.332688,1.167425,0.559483,12.158507,0.000000,94
3785,85656552601452,13.331249,0.972384,0.558482,12.351886,0.000000,94
3786,85656565932701,13.333027,0.895245,0.586697,12.432034,0.000000,94
3787,85656579265728,13.336746,1.052110,0.631589,12.277198,0.000000,94
3788,85656592602474,13.329134,3.568173,0.553744,9.754279,0.000000,94
3789,85656605931608,13.334259,0.841283,0.604546,12.487908,0.000000,94
3790,85656619265867,13.332674,0.837516,0.536390,12.489534,0.000000,95
3791,85656632598541,13.334976,0.984769,0.598276,12.344237,0.000000,95
3792,85656645933517,13.334524,1.067331,0.462427,12.259698,0.000000,95
3793,85656659268041,13.330240,1.586721,0.496536,11.737269,0.000000,95
3794,85656672598281,13.335708,0.897515,0.598680,12.432870,0.000000,95
3795,85656685933989,13.331011,1.217276,0.607417,12.108211,0.000000,95
3796,85656699265000,13.333198,3.430252,0.543069,9.898050,0.000000,95
3797,85656712598198,13.335215,0.829546,0.525744,12.500412,0.000000,95
3798,85656725933413,13.333321,0.895567,0.412353,12.431778,0.000000,95
3799,85656739266734,13.333246,0.830111,0.570649,12.498135,0.000000,95
3800,85656752599980,13.333326,0.961678,0.575422,12.366555,0.000000,95
3801,85656765933306,13.333314,1.047073,0.747271,12.280914,0.000000,95
3802,85656779266620,13.336283,1.047412,0.601380,12.282531,0.000000,95
3803,85656792602903,13.330780,1.436351,0.595350,11.887373,0.000000,95
3804,85656805933683,13.334457,3.935392,0.568641,9.392036,0.000000,95
3805,85656819268140,13.332741,0.959531,0.612991,12.367192,0.000000,95
3806,85656832600881,13.331908,1.131217,0.613266,12.193980,0.000000,95
3807,85656845932789,13.334353,1.067985,0.513179,12.260679,0.000000,95
3808,85656859267142,13.337187,0.966712,0.638775,12.363140,0.000000,95
3809,85656872604329,13.330319,1.045740,0.557552,12.278471,0.000000,95
3810,85656885934648,13.335369,0.895909,0.394501,12.432474,0.000000,95
3811,85656899270017,13.335110,1.074733,0.495067,12.252367,0.000000,95
3812,85656912605127,13.331356,4.032428,0.606579,9.289548,0.000000,95
3813,85656925936483,13.333415,1.269270,0.572803,12.056747,0.000000,95
3814,85656939269898,13.331778,1.204857,0.518124,12.119585,0.000000,95
3815,85656952601676,13.332299,1.266571,0.399857,12.060027,0.000000,95
3816,85656965933975,13.334247,1.196496,0.381757,12.131575,0.000000,95
3817,85656979268222,13.334677,1.022939,0.414940,12.304398,0.000000,95
3818,85656992602899,13.369558,1.112798,0.734078,12.248441,0.000000,95
3819,85657005972457,13.329415,1.341668,0.546915,11.981051,0.000000,95
3820,85657019301872,13.335013,3.759993,0.505050,9.568747,0.000000,95
3821,85657032636885,13.334337,1.058593,0.445221,12.268941,0.000000,95
3822,85657045971222,13.332683,1.102439,0.574696,12.223718,0.000000,95
3823,85657059303905,13.333314,1.026436,0.599277,12.301251,0.000000,95
3824,85657072637219,13.333810,1.315461,0.582494,12.012014,0.000000,95
3825,85657085971029,13.338346,1.249882,0.653430,12.080153,0.000000,95
3826,85657099309375,13.328777,1.134249,0.635384,12.186689,0.000000,95
3827,85657112638152,13.332414,1.356212,0.696677,11.969986,0.000000,95
3828,85657125970566,13.332623,3.967288,0.560022,9.359187,0.000000,95
3829,85657139303189,13.334813,0.934945,0.579510,12.393071,0.000000,95
3830,85657152638002,13.336449,1.148598,1.286983,12.179341,0.000000,95
3831,85657165974451,13.333953,1.075753,0.553141,12.247852,0.000000,95
3832,85657179308404,13.330034,1.370475,0.916090,11.952970,0.000000,95
3833,85657192638438,13.334094,1.287814,0.629273,12.040412,0.000000,95
3834,85657205972532,13.333388,1.368402,0.575530,11.958673,0.000000,95
3835,85657219305920,13.333161,1.423608,0.751500,11.902149,0.000000,95
3836,85657232639081,13.333145,3.924099,0.580096,9.401923,0.000000,95
3837,85657245972226,13.334128,0.812918,0.579183,12.515390,0.000000,95
3838,85657259306354,13.331574,1.047536,0.610945,12.278856,0.000000,95
3839,85657272637928,13.337879,1.123271,0.601495,12.207700,0.000000,95
3840,85657285975807,13.331151,1.302445,0.611662,12.021310,0.000000,95
3841,85657299306958,13.332559,1.103810,0.586973,12.222529,0.000000,95
3842,85657312639517,13.332184,0.950741,0.605258,12.375664,0.000000,95
3843,85657325971701,13.334078,1.475056,0.623970,11.853237,0.000000,95
3844,85657339305779,13.333624,3.807528,0.410100,9.519293,0.000000,95
3845,85657352639403,13.333238,0.891688,0.713364,12.435963,0.000000,95
3846,85657365972641,13.335443,1.099570,0.612970,12.229973,0.000000,95
3847,85657379308084,13.331285,0.954479,0.587522,12.370871,0.000000,95
3848,85657392639369,13.334944,0.827760,0.709135,12.501164,0.000000,95
3849,85657405974313,13.336652,0.902836,0.540207,12.423060,0.000000,95
3850,85657419310965,13.328012,0.770056,0.508746,12.551372,0.000000,95
3851,85657432638977,13.333227,1.342728,0.626360,11.984532,0.000000,95
3852,85657445972204,13.333348,3.335566,0.466665,9.992144,0.000000,95
3853,85657459305552,13.336550,0.817701,0.558063,12.512374,0.000000,95
3854,85657472642102,13.331857,1.086468,0.694754,12.238456,0.000000,95
3855,85657485973959,13.334458,1.122533,0.412025,12.204364,0.000000,95
3856,85657499308417,13.331551,1.216029,0.482544,12.108105,0.000000,95
3857,85657512639968,13.334076,1.069317,0.830677,12.256953,0.000000,95
3858,85657525974044,13.331244,1.014437,0.605046,12.310886,0.000000,95
3859,85657539305288,13.337161,1.102882,0.569042,12.228347,0.000000,95
3860,85657552642449,13.329918,3.530377,0.604823,9.792443,0.000000,95
3861,85657565972367,13.333978,0.976685,0.661222,12.351848,0.000000,95
3862,85657579306345,13.335909,1.036704,0.685340,12.293236,0.000000,95
3863,85657592642254,13.330882,1.122795,0.734706,12.201258,0.000000,95
3864,85657605973136,13.333495,0.982950,0.618783,12.344315,0.000000,95
3865,85657619306631,13.336618,0.932127,0.635004,12.397609,0.000000,95
3866,85657632643249,13.331029,1.122033,0.604583,12.201692,0.000000,95
3867,85657645974278,13.332310,1.158858,0.660570,12.167514,0.000000,95
3868,85657659306588,13.335719,3.386033,0.684403,9.943076,0.000000,95
3869,85657672642307,13.332797,1.187604,0.623383,12.138246,0.000000,95
3870,85657685975104,13.334026,1.086818,0.687851,12.239458,0.000000,95
3871,85657699309130,13.333993,1.007290,0.565995,12.319577,0.000000,95
3872,85657712643123,13.341076,1.086943,0.568910,12.244809,0.000000,95
3873,85657725984199,13.324499,1.417270,0.651317,11.899294,0.000000,96
3874,85657739308698,13.334847,0.999921,0.614499,12.326502,0.000000,96
3875,85657752643545,13.330453,1.379167,0.643203,11.944104,0.000000,96
3876,85657765973998,13.338000,4.378636,0.754304,8.951217,0.000000,96
3877,85657779311998,13.335001,1.494065,0.673599,11.833165,0.000000,96
3878,85657792646999,13.333454,1.977464,0.785982,11.345381,0.000000,96
3879,85657805980453,13.336499,1.491633,0.665775,11.833132,0.000000,96
3880,85657819316952,13.334640,1.734522,0.628796,11.582637,0.000000,96
3881,85657832651592,13.328600,1.746192,0.673620,11.571895,0.000000,96
3882,85657845980192,13.335758,1.620219,0.771562,11.705464,0.000000,96
3883,85657859315950,13.332473,6.399880,0.806723,6.921044,0.000000,96
3884,85657872648423,13.332633,5.291095,0.728648,8.030530,0.000000,96
3885,85657885981056,13.336129,2.075249,0.751425,11.247970,0.000000,96
3886,85657899317185,13.339693,1.621104,0.757046,11.703253,0.000000,96
3887,85657912656878,13.331600,2.904791,0.479355,10.412707,0.000000,96
3888,85657925988478,13.337387,1.596056,0.572383,11.724897,0.000000,96
3889,85657939325865,13.324331,1.615148,0.856114,11.692440,0.000000,96
3890,85657952650196,13.346319,2.719899,0.687358,10.613396,0.000000,96
3891,85657965996515,13.330820,3.468968,0.677578,9.849452,0.000000,96
3892,85657979327335,13.352315,4.807121,0.874391,8.531819,0.000000,96
3893,85657992679650,13.329141,2.413509,0.640688,10.892826,0.000000,96
3894,85658006008791,13.322465,2.213570,0.414503,11.094716,0.000000,96
3895,85658019331256,13.336881,1.361816,0.645242,11.962826,0.000000,96
3896,85658032668137,13.330777,1.690897,0.643612,11.628607,0.000000,96
3897,85658045998914,13.330405,1.466185,0.731989,11.853367,0.000000,96
3898,85658059329319,13.335304,1.401426,0.709651,11.922699,0.000000,96
3899,85658072664623,13.332312,1.820857,0.721818,11.500726,0.000000,96
3900,85658085996935,13.329194,4.195149,0.621415,9.123639,0.000000,96
3901,85658099326129,13.338305,1.172936,0.652201,12.154991,0.000000,96
3902,85658112664434,13.327713,1.362673,0.611349,11.956938,0.000000,96
3903,85658125992147,13.335475,1.199600,0.670569,12.128681,0.000000,96
3904,85658139327622,13.329464,1.113527,0.647917,12.209156,0.000000,96
3905,85658152657086,13.336530,1.028783,0.665569,12.301344,0.000000,96
3906,85658165993616,13.333133,1.045584,0.681524,12.281145,0.000000,96
3907,85658179326749,13.330936,1.181155,0.607479,12.144656,0.000000,96
3908,85658192657685,13.337378,3.423497,0.903401,9.905896,0.000000,96
3909,85658205995063,13.330638,1.174442,0.655631,12.149395,0.000000,96
3910,85658219325701,13.339908,1.245378,0.830702,12.085308,0.000000,96
3911,85658232665609,13.327204,1.222023,0.673460,12.096462,0.000000,96
3912,85658245992813,13.332465,1.222533,0.631989,12.102881,0.000000,96
3913,85658259325278,13.335824,1.131836,2.079315,12.196835,0.000000,96
3914,85658272661102,13.332745,1.096128,0.677696,12.229304,0.000000,96
3915,85658285993847,13.336418,1.665474,0.627701,11.663173,0.000000,96
3916,85658299330265,13.329225,3.364718,0.706783,9.955982,0.000000,96
3917,85658312659490,13.334378,1.059644,0.675134,12.268764,0.000000,96
3918,85658325993868,13.335157,1.231391,0.888704,12.096017,0.000000,96
3919,85658339329025,13.329168,1.150123,0.652418,12.171827,0.000000,96
3920,85658352658193,13.333704,0.929316,0.685266,12.398989,0.000000,96
3921,85658365991897,13.335542,0.980108,0.584025,12.348088,0.000000,96
3922,85658379327439,13.330808,0.873106,0.661493,12.451667,0.000000,96
3923,85658392658247,13.332709,1.347450,0.611916,11.980281,0.000000,96
3924,85658405990956,13.334888,3.389241,0.615694,9.940375,0.000000,96
3925,85658419325844,13.335719,0.969814,0.488165,12.359829,0.000000,96
3926,85658432661563,13.330056,1.193873,0.486610,12.128985,0.000000,96
3927,85658445991619,13.333917,1.119779,0.443179,12.208095,0.000000,96
3928,85658459325536,13.334269,1.118497,0.646704,12.209138,0.000000,96
3929,85658472659805,13.334431,1.203021,0.736999,12.125084,0.000000,96
3930,85658485994236,13.333982,1.169427,0.768361,12.156939,0.000000,96
3931,85658499328218,13.331818,1.523927,0.652434,11.800526,0.000000,96
3932,85658512660036,13.332063,4.024504,0.679752,9.301266,0.000000,96
3933,85658525992099,13.333843,1.110073,0.588309,12.217824,0.000000,96
3934,85658539325942,13.336500,0.919253,0.699231,12.409556,0.000000,96
3935,85658552662442,13.331849,1.167761,0.750717,12.156274,0.000000,96
3936,85658565994291,13.354434,1.256611,0.649334,12.089370,0.000000,96
3937,85658579348725,13.333712,1.204507,0.595548,12.122406,0.000000,96
3938,85658592682437,13.332903,1.443936,0.570807,11.881951,0.000000,96
3939,85658606015340,13.332855,1.655434,0.452700,11.671196,0.000000,96
3940,85658619348195,13.333302,3.885140,0.381707,9.441589,0.000000,96
3941,85658632681497,13.335660,1.216908,0.437351,12.111470,0.000000,96
3942,85658646017157,13.332070,1.287604,0.634740,12.037760,0.000000,96
3943,85658659349227,13.333129,1.230477,0.623846,12.095603,0.000000,96
3944,85658672682356,13.334122,1.123514,0.680768,12.203734,0.000000,96
3945,85658686016478,13.331197,1.423877,0.594673,11.900465,0.000000,96
3946,85658699347675,13.336142,1.079986,0.709890,12.249756,0.000000,96
3947,85658712683817,13.331708,1.891777,0.732415,11.432938,0.000000,96
3948,85658726015525,13.331282,3.906034,0.602077,9.419199,0.000000,96
3949,85658739346807,13.338793,0.901835,0.766761,12.430209,0.000000,96
3950,85658752685600,13.330597,1.551634,0.555735,11.771795,0.000000,96
3951,85658766016197,13.332878,1.542023,0.477996,11.784380,0.000000,96
3952,85658779349075,13.337106,1.108585,0.638473,12.220824,0.000000,96
3953,85658792686181,13.332148,1.192773,0.646926,12.131274,0.000000,96
3954,85658806018329,13.332223,1.183598,0.576796,12.141805,0.000000,96
3955,85658819350552,13.334784,1.285582,0.447852,12.042377,0.000000,96
3956,85658832685336,13.332874,3.616551,0.661194,9.710143,0.000000,96
3957,85658846018210,13.331680,1.220960,0.560331,12.105391,0.000000,97
3958,85658859349890,13.337757,0.930102,0.534432,12.400778,0.000000,97
3959,85658872687647,13.332762,1.134135,0.533831,12.192092,0.000000,97
3960,85658886020409,13.329646,2.414262,0.535026,10.908249,0.000000,97
3961,85658899350055,13.770754,1.096216,0.668778,12.667403,0.000000,97
3962,85658913120809,13.331331,1.188747,0.651321,12.134869,0.000000,97
3963,85658926452140,13.334256,1.272507,0.585115,12.054229,0.000000,97
3964,85658939786396,13.331983,3.392227,0.460041,9.931800,0.000000,97
3965,85658953118379,13.336347,0.980288,0.609882,12.349357,0.000000,97
3966,85658966454726,13.328239,1.440639,0.537520,11.879446,0.000000,97
3967,85658979782965,13.336653,1.073894,0.573120,12.256537,0.000000,97
3968,85658993119618,13.336390,1.272030,0.501335,12.057212,0.000000,97
3969,85659006456008,13.331445,1.327150,0.438343,11.995448,0.000000,97
3970,85659019787453,13.329428,1.167215,0.568508,12.154431,0.000000,97
3971,85659033116881,13.337213,1.558448,0.764866,11.772014,0.000000,97
3972,85659046454094,13.331652,4.314862,0.630598,9.008731,0.000000,97
3973,85659059785746,13.332613,1.242208,0.576050,12.084166,0.000000,97
3974,85659073118359,13.332961,1.237279,0.534470,12.089014,0.000000,97
3975,85659086451320,13.335795,2.061769,0.549762,11.266923,0.000000,97
3976,85659099787115,13.331964,1.179729,0.536593,12.143179,0.000000,97
3977,85659113119079,13.334857,1.190078,0.426496,12.137708,0.000000,97
3978,85659126453936,13.330818,1.141057,0.593594,12.182750,0.000000,97
3979,85659139784754,13.335184,1.137815,0.708529,12.191086,0.000000,97
3980,85659153119938,13.333235,3.539770,0.552208,9.787530,0.000000,97
3981,85659166453173,13.335099,1.011320,0.635780,12.317389,0.000000,97
3982,85659179788272,13.331536,1.219044,0.427562,12.105622,0.000000,97
3983,85659193119808,13.335028,1.127182,0.907011,12.201045,0.000000,97
3984,85659206454836,13.330806,1.384520,0.664066,11.938516,0.000000,97
3985,85659219785642,13.335692,1.010779,0.746826,12.318478,0.000000,97
3986,85659233121334,13.332520,1.265412,0.500319,12.059149,0.000000,97
3987,85659246453854,13.334644,1.520440,0.817492,11.806399,0.000000,97
3988,85659259788498,13.329331,3.969090,0.557985,9.350908,0.000000,97
3989,85659273117829,13.335691,1.043404,0.659599,12.286395,0.000000,97
3990,85659286453520,13.335018,1.083178,0.636800,12.245648,0.000000,97
3991,85659299788538,13.331155,1.186547,0.594812,12.138980,0.000000,97
3992,85659313119693,13.333439,1.192038,0.681991,12.134980,0.000000,97
3993,85659326453132,13.448075,2.500395,0.573901,10.933365,0.000000,97
3994,85659339901207,13.309787,1.985992,0.676932,11.300644,0.000000,97
3995,85659353210994,13.331425,1.767684,0.614193,11.558176,0.000000,97
3996,85659366542419,13.332499,3.541434,0.463237,9.784908,0.000000,97
3997,85659379874918,13.338277,0.927830,0.916321,12.403731,0.000000,97
3998,85659393213195,13.331021,1.173804,0.395782,12.150210,0.000000,97
3999,85659406544216,13.335104,1.128802,0.517214,12.198997,0.000000,97
4000,85659419879320,13.333800,1.124995,0.450474,12.201221,0.000000,97
4001,85659433213120,13.331977,1.190556,0.590397,12.133412,0.000000,97
4002,85659446545097,13.333940,0.969844,0.599644,12.357395,0.000000,97
4003,85659459879037,13.331914,1.079985,0.548892,12.245612,0.000000,97
4004,85659473210951,13.332475,3.689169,0.443365,9.636881,0.000000,97
4005,85659486543426,13.335386,1.057382,0.361583,12.270988,0.000000,97
4006,85659499878812,13.335165,0.981197,0.591393,12.346763,0.000000,97
4007,85659513213977,13.331293,1.224078,0.596236,12.098298,0.000000,97
4008,85659526545270,13.333146,1.066021,0.560571,12.261427,0.000000,97
4009,85659539878416,13.336701,1.028668,0.606353,12.301000,0.000000,97
4010,85659553215117,13.329595,1.341855,0.628816,11.980147,0.000000,97
4011,85659566544712,13.334440,1.359401,0.606788,11.968708,0.000000,97
4012,85659579879152,13.332166,3.845749,0.613689,9.480402,0.000000,97
4013,85659593211318,13.332946,1.129222,0.562193,12.198296,0.000000,97
4014,85659606544264,13.332665,1.021018,0.589095,12.306590,0.000000,97
4015,85659619876929,13.337595,0.864307,0.598313,12.466834,0.000000,97
4016,85659633214524,13.328131,1.577688,0.548713,11.744749,0.000000,97
4017,85659646542655,13.334045,0.788947,1.773813,12.540377,0.000000,97
4018,85659659876700,13.336073,0.784779,0.585008,12.545930,0.000000,97
4019,85659673212773,13.330887,1.123367,0.388904,12.201910,0.000000,97
4020,85659686543660,13.332931,3.549826,0.507277,9.778056,0.000000,97
4021,85659699876591,13.335886,0.712699,0.628606,12.618082,0.000000,97
4022,85659713212477,13.333316,0.911917,0.540245,12.414300,0.000000,97
4023,85659726545793,13.331129,0.912165,0.555391,12.412633,0.000000,97
4024,85659739876922,13.334456,0.741304,0.577585,12.587825,0.000000,97
4025,85659753211378,13.334030,0.828922,0.561804,12.498573,0.000000,97
4026,85659766545408,13.331874,0.853146,0.573694,12.473222,0.000000,97
4027,85659779877282,13.336528,1.330103,0.622669,12.001027,0.000000,97
4028,85659793213810,13.332903,3.458713,0.589902,9.866842,0.000000,97
4029,85659806546713,13.330342,1.967382,0.587168,11.356855,0.000000,97
4030,85659819877055,13.336217,0.914727,1.742286,12.416085,0.000000,97
4031,85659833213272,13.332129,0.949402,0.591654,12.376334,0.000000,97
4032,85659846545401,13.335922,1.046913,0.389981,12.282847,0.000000,97
4033,85659859881323,13.332770,1.024282,0.447180,12.301071,0.000000,97
4034,85659873214093,13.335925,1.063711,0.620599,12.264760,0.000000,97
4035,85659886550018,13.332095,1.490500,0.712798,11.833431,0.000000,97
4036,85659899882113,13.330636,3.966491,0.588259,9.357058,0.000000,97
4037,85659913212749,13.335219,0.947534,0.584287,12.381359,0.000000,97
4038,85659926547968,13.332438,1.146197,0.556385,12.179382,0.000000,97
4039,85659939880406,13.333798,1.032004,0.514157,12.294504,0.000000,97
4040,85659953214204,13.334310,1.026744,0.630213,12.301074,0.000000,97
4041,85659966548514,13.334865,1.182203,0.474479,12.144700,0.000000,97
4042,85659979883379,13.332456,1.077060,0.592662,12.246736,0.000000,97
4043,85659993215835,13.333137,1.295368,1.117641,12.030947,0.000000,98
4044,85660006548972,13.329957,3.655330,0.528130,9.668720,0.000000,98
4045,85660019878929,13.336294,0.898045,0.374710,12.433391,0.000000,98
4046,85660033215223,13.335413,1.112280,0.364847,12.216348,0.000000,98
4047,85660046550636,13.331891,1.138932,0.430646,12.185131,0.000000,98
4048,85660059882527,13.332653,1.049707,0.511548,12.275070,0.000000,98
4049,85660073215180,13.333430,1.027888,0.578529,12.298267,0.000000,98
4050,85660086548610,13.335419,0.975946,0.578325,12.352858,0.000000,98
4051,85660099884029,13.330283,1.227355,0.671070,12.096601,0.000000,98
4052,85660113214312,13.335983,3.695024,0.398445,9.632834,0.000000,98
4053,85660126550295,13.331974,1.086616,0.501223,12.238066,0.000000,98
4054,85660139882269,13.331214,1.005263,0.559625,12.319744,0.000000,98
4055,85660153213483,13.335550,1.006455,0.612330,12.323174,0.000000,98
4056,85660166549033,13.335318,1.032301,0.584627,12.295696,0.000000,98
4057,85660179884351,13.330599,1.068595,0.586064,12.255731,0.000000,98
4058,85660193214950,13.334819,1.117145,0.401073,12.210078,0.000000,98
4059,85660206549769,13.334226,1.387351,0.634763,11.937869,0.000000,98
4060,85660219883995,13.333274,3.713461,0.583513,9.611227,0.000000,98
4061,85660233217269,13.333226,1.157299,0.515105,12.167663,0.000000,98
4062,85660246550495,13.333648,1.103667,0.572750,12.223265,0.000000,98
4063,85660259884143,13.334339,1.036103,0.545863,12.290363,0.000000,98
4064,85660273218482,13.333001,1.089974,0.531716,12.235111,0.000000,98
4065,85660286551483,13.332966,1.025735,0.475739,12.300342,0.000000,98
4066,85660299884449,13.333119,1.041408,0.574060,12.284291,0.000000,98
4067,85660313217568,13.334317,1.351096,0.632428,11.976242,0.000000,98
4068,85660326551885,13.332088,3.847051,0.486935,9.477102,0.000000,98
4069,85660339883973,13.332767,1.081431,0.575566,12.243795,0.000000,98
4070,85660353216740,13.336323,0.968131,0.570896,12.361293,0.000000,98
4071,85660366553063,13.330263,0.980811,0.592316,12.342320,0.000000,98
4072,85660379883326,13.336256,0.885984,0.591700,12.443387,0.000000,98
4073,85660393219582,13.334160,0.974212,0.602005,12.352849,0.000000,98
4074,85660406553742,13.329893,1.042154,0.576535,12.279560,0.000000,98
4075,85660419883635,13.335780,1.182062,0.683348,12.147328,0.000000,98
4076,85660433219415,13.328567,4.104132,0.525193,9.217166,0.000000,98
4077,85660446547982,13.337326,1.141861,0.479759,12.188681,0.000000,98
4078,85660459885308,13.333410,1.045825,0.492868,12.279514,0.000000,98
4079,85660473218718,13.331539,1.074698,0.571153,12.249763,0.000000,98
4080,85660486550257,13.334172,0.919295,0.411638,12.408874,0.000000,98
4081,85660499884429,13.334993,0.930628,0.865814,12.397897,0.000000,98
4082,85660513219422,13.330343,1.132792,0.585320,12.190009,0.000000,98
4083,85660526549765,13.333958,1.294511,0.659073,12.032695,0.000000,98
4084,85660539883723,13.334264,3.668084,0.573272,9.658282,0.000000,98
4085,85660553217987,13.332726,1.085547,0.567044,12.240477,0.000000,98
4086,85660566550713,13.333139,1.068131,0.472614,12.258336,0.000000,98
4087,85660579883852,13.335165,0.976287,0.553042,12.351953,0.000000,98
4088,85660593219017,13.330928,1.086678,0.577058,12.237129,0.000000,98
4089,85660606549945,13.335563,1.008232,0.450318,12.321256,0.000000,98
4090,85660619885508,13.332457,1.360155,0.629947,11.966479,0.000000,98
4091,85660633217965,13.332838,1.839244,0.599213,11.487481,0.000000,98
4092,85660646550803,13.332878,3.922383,0.908119,9.403307,0.000000,98
4093,85660659883681,13.333745,0.915548,0.582158,12.412190,0.000000,98
4094,85660673217426,13.334790,1.144056,0.556011,12.184258,0.000000,98
4095,85660686552216,13.333267,1.068258,0.549360,12.258493,0.000000,98
4096,85660699885483,13.335550,0.932602,0.605864,12.395943,0.000000,98
4097,85660713221033,13.332270,0.948259,0.547784,12.377371,0.000000,98
4098,85660726553303,13.330703,0.972040,0.573607,12.352520,0.000000,98
4099,85660739884006,13.335268,0.991698,0.685835,12.337331,0.000000,98
4100,85660753219274,13.330051,3.717766,0.524103,9.606265,0.000000,98
4101,85660766549325,13.334585,0.790749,0.576385,12.538310,0.000000,98
4102,85660779883910,13.333389,0.762030,0.535459,12.565982,0.000000,98
4103,85660793217299,13.334091,0.854342,0.534338,12.473506,0.000000,98
4104,85660806551390,13.332312,0.913569,0.391240,12.413497,0.000000,99
4105,85660819883702,13.333773,0.809190,0.532834,12.518769,0.000000,99
4106,85660833217475,13.332760,0.886534,0.661900,12.440879,0.000000,99
4107,85660846550235,13.334919,2.038582,0.718563,11.290785,0.000000,99
4108,85660859885154,13.331519,3.569455,0.378294,9.756446,0.000000,99
4109,85660873216673,13.336091,0.837803,0.546440,12.493642,0.000000,99
4110,85660886552764,13.331005,0.996585,0.542652,12.327666,0.000000,99
4111,85660899883769,13.333926,0.763508,0.574940,12.565280,0.000000,99
4112,85660913217695,13.334142,0.841731,0.544468,12.487059,0.000000,99
4113,85660926551837,13.333192,0.874758,0.552254,12.452687,0.000000,99
4114,85660939885029,13.332018,0.771659,0.490535,12.555405,0.000000,99
4115,85660953217047,13.337859,1.188257,0.762836,12.143694,0.000000,99
4116,85660966554906,13.329306,3.755354,0.380226,9.567164,0.000000,99
4117,85660979884212,13.333938,0.927285,0.552399,12.400902,0.000000,99
4118,85660993218150,13.336814,0.901707,0.623871,12.429044,0.000000,99
4119,85661006554964,13.334062,2.136012,0.523786,11.190056,0.000000,99
4120,85661019889026,13.330445,0.969592,0.586099,12.353736,0.000000,99
4121,85661033219471,13.334050,1.218555,0.388592,12.109060,0.000000,99
4122,85661046553521,13.333012,1.711588,0.568672,11.615397,0.000000,99
4123,85661059886533,13.333473,1.823818,0.714009,11.502741,0.000000,99
4124,85661073220006,13.332715,3.869495,0.782708,9.456862,0.000000,99
4125,85661086552721,13.332892,1.366726,0.905744,11.960704,0.000000,99
4126,85661099885613,13.331744,0.727365,0.751213,12.599119,0.000000,99
4127,85661113217357,13.335137,0.928861,0.706229,12.401091,0.000000,99
4128,85661126552494,13.331619,0.964498,0.966087,12.361710,0.000000,99
4129,85661139884113,13.333186,1.100143,1.123101,12.228105,0.000000,99
4130,85661153217299,13.334462,1.039690,0.577335,12.289916,0.000000,99
4131,85661166551761,13.332491,1.304995,1.222271,12.022117,0.000000,99
4132,85661179884252,13.334400,3.450718,1.294862,9.878963,0.000000,99
4133,85661193218652,13.333954,1.075023,0.959903,12.251754,0.000000,99
4134,85661206552606,13.333019,0.883721,1.144177,12.443029,0.000000,99
4135,85661219885625,13.335854,0.698831,1.201967,12.630494,0.000000,99
4136,85661233221479,13.330962,0.907086,0.563359,12.418590,0.000000,99
4137,85661246552441,13.331956,1.135273,1.029450,12.191458,0.000000,99
4138,85661259884397,13.334141,1.281415,0.934625,12.047157,0.000000,99
4139,85661273218538,13.336117,1.454113,0.661486,11.876787,0.000000,99
4140,85661286554655,13.330171,3.770363,0.540515,9.554821,0.000000,99
4141,85661299884826,13.334014,0.898815,0.608788,12.429580,0.000000,99
4142,85661313218840,13.333429,1.134000,1.092263,12.193974,0.000000,99
4143,85661326552269,13.334073,0.796164,0.584978,12.532249,0.000000,99
4144,85661339886342,13.334417,1.000566,0.553682,12.327797,0.000000,99
4145,85661353220759,13.331608,0.982774,0.633052,12.342947,0.000000,99
4146,85661366552367,13.334033,0.955929,0.410280,12.372537,0.000000,99
4147,85661379886400,13.332895,0.967533,0.753361,12.360262,0.000000,99
4148,85661393219295,13.332163,3.415647,0.552908,9.912052,0.000000,99
4149,85661406551458,13.334382,0.786715,0.436796,12.542907,0.000000,99
4150,85661419885840,13.334199,0.728463,0.520249,12.600462,0.000000,99
4151,85661433220039,13.332701,0.905662,0.458185,12.421972,0.000000,99
4152,85661446552740,13.334008,0.936934,0.386319,12.392165,0.000000,99
4153,85661459886748,13.332227,0.888345,0.535633,12.438183,0.000000,99
4154,85661473218975,13.335347,0.871357,0.585727,12.458754,0.000000,99
4155,85661486554322,13.333978,1.043799,0.641034,12.284576,0.000000,99
4156,85661499888300,13.332824,3.584430,0.370010,9.742095,0.000000,99
4157,85661513221124,13.334701,1.023299,0.524147,12.305102,0.000000,99
4158,85661526555825,13.333005,1.008752,0.551218,12.318441,0.000000,99
4159,85661539888830,13.333328,0.807620,0.453809,12.519746,0.000000,99
4160,85661553222158,13.333013,0.875158,0.348846,12.451944,0.000000,100
4161,85661566555171,13.332979,0.868344,0.519257,12.458815,0.000000,100
4162,85661579888150,13.334445,0.760330,0.816068,12.567915,0.000000,100
4163,85661593222595,13.332887,1.625164,0.620014,11.701784,0.000000,100
4164,85661606555482,13.331752,3.585850,0.579975,9.740539,0.000000,100
4165,85661619887234,13.334875,0.908798,0.536567,12.420065,0.000000,100
4166,85661633222109,13.332983,0.969863,0.527886,12.356194,0.000000,100
4167,85661646555092,13.332459,0.965305,0.474846,12.361124,0.000000,100
4168,85661659887551,13.334237,0.903270,0.532368,12.424310,0.000000,100
4169,85661673221788,13.334395,1.038830,0.512193,12.289488,0.000000,100
4170,85661686556183,13.332440,0.933219,0.561443,12.392939,0.000000,100
4171,85661699888623,13.334254,1.005001,0.642915,12.323276,0.000000,100
4172,85661713222877,13.332609,3.565974,0.502367,9.760312,0.000000,100
4173,85661726555486,13.334703,0.930575,0.467059,12.398756,0.000000,100
4174,85661739890189,13.334929,0.930060,0.535308,12.398600,0.000000,100
4175,85661753225118,13.330775,0.954178,0.457934,12.370768,0.000000,100
4176,85661766555893,13.333734,0.900203,0.510673,12.428295,0.000000,100
4177,85661779889627,13.333379,0.854068,0.540278,12.473784,0.000000,100
4178,85661793223006,13.331177,0.896074,0.566842,12.429768,0.000000,100
4179,85661806554183,13.332893,1.082797,0.755318,12.244809,0.000000,100
4180,85661819887076,13.335771,3.392354,0.564671,9.937756,0.000000,100
4181,85661833222847,13.332628,0.875161,0.551311,12.450349,0.000000,100
4182,85661846555475,13.332575,0.780984,0.545280,12.546703,0.000000,100
4183,85661859888050,13.334052,0.703121,0.545507,12.625244,0.000000,100
4184,85661873222102,13.334009,0.880986,0.545376,12.447424,0.000000,100
4185,85661886556111,13.332577,0.884476,0.504700,12.442732,0.000000,100
4186,85661899888688,13.333402,0.913621,0.617586,12.414470,0.000000,100
4187,85661913222090,13.333004,1.030906,0.695116,12.296106,0.000000,100
4188,85661926555094,13.332780,3.326723,0.569509,10.000795,0.000000,100
4189,85661939887874,13.334819,0.779928,0.567743,12.549905,0.000000,100
4190,85661953222693,13.335740,0.906255,0.652773,12.422193,0.000000,100
4191,85661966558433,13.332052,0.958650,0.493279,12.367141,0.000000,100
4192,85661979890485,13.333918,1.038193,0.580718,12.289506,0.000000,100
4193,85661993224403,13.332087,0.975913,0.593238,12.349455,0.000000,100
4194,85662006556490,13.333446,0.883098,0.605633,12.444693,0.000000,100
4195,85662019889936,13.333600,1.104612,0.590766,12.223172,0.000000,100
4196,85662033223536,13.333488,3.377137,0.658462,9.949957,0.000000,100
4197,85662046557024,13.333256,0.937055,0.509122,12.390818,0.000000,100
4198,85662059890280,13.334625,0.894239,0.562057,12.434596,0.000000,100
4199,85662073224905,13.332625,0.889718,0.620941,12.437020,0.000000,100
4200,85662086557530,13.333820,0.897933,0.532453,12.429581,0.000000,100
4201,85662099891350,13.333177,0.800470,0.362591,12.525952,0.000000,100
4202,85662113224527,13.334656,0.861883,0.537804,12.467042,0.000000,100
4203,85662126559183,13.330933,1.209592,0.591264,12.115911,0.000000,100
4204,85662139890116,13.333510,3.514792,0.545075,9.813162,0.000000,100
4205,85662153223626,13.335453,1.009770,0.470715,12.319718,0.000000,100
4206,85662166559079,13.333026,0.950987,0.552658,12.375517,0.000000,100
4207,85662179892105,13.332548,0.802360,0.546785,12.524007,0.000000,100
4208,85662193224653,13.335055,0.886588,0.555691,12.442907,0.000000,100
4209,85662206559708,13.331464,0.930765,0.554772,12.395234,0.000000,100
4210,85662219891172,13.334711,0.797325,0.604684,12.531393,0.000000,100
4211,85662233225883,13.333353,1.109482,0.569304,12.216741,0.000000,100
4212,85662246559236,13.331940,3.351252,0.444135,9.975419,0.000000,100
4213,85662259891176,13.332342,0.792532,0.551233,12.534097,0.000000,100
4214,85662273223518,13.335482,0.917083,0.596723,12.413523,0.000000,100
4215,85662286559000,13.334404,1.053133,0.386851,12.273848,0.000000,100
4216,85662299893404,13.332462,0.989488,0.397811,12.335323,0.000000,100
4217,85662313225866,13.333004,0.975324,0.339505,12.350476,0.000000,100
4218,85662326558870,13.334518,0.918875,0.380215,12.409447,0.000000,100
4219,85662339893388,13.332074,1.116902,0.573921,12.208889,0.000000,100
4220,85662353225462,13.333348,3.596683,0.373994,9.730892,0.000000,100
4221,85662366558810,13.335083,0.971620,0.526466,12.357078,0.000000,100
4222,85662379893893,13.331436,0.819392,0.537735,12.505405,0.000000,101
4223,85662393225329,13.333208,0.913796,0.540803,12.413433,0.000000,101
4224,85662406558537,13.335117,0.870496,0.580159,12.458319,0.000000,101
4225,85662419893654,13.332345,1.479676,0.510039,11.846428,0.000000,101
4226,85662433225999,13.334070,0.916576,0.573462,12.411186,0.000000,101
4227,85662446560069,13.333681,1.230220,0.617000,12.096569,0.000000,101
4228,85662459893750,13.336696,3.441875,0.568572,9.885552,0.000000,101
4229,85662473230446,13.329972,1.244069,0.548161,12.077813,0.000000,101
4230,85662486560418,13.333649,1.180820,0.529543,12.145826,0.000000,101
4231,85662499894067,13.332726,0.945168,0.392904,12.380533,0.000000,101
4232,85662513226793,13.332634,1.347124,0.555137,11.980026,0.000000,101
4233,85662526559427,13.334905,1.149335,1.068504,12.179136,0.000000,101
4234,85662539894332,13.330933,1.024784,0.579089,12.298529,0.000000,101
4235,85662553225265,13.334476,1.617210,1.159872,11.710910,0.000000,101
4236,85662566559741,13.333422,3.580637,0.881013,9.746907,0.000000,101
4237,85662579893163,13.335616,1.002310,0.552155,12.326876,0.000000,101
4238,85662593228779,13.331708,1.310047,0.890082,12.014869,0.000000,101
4239,85662606560487,13.332932,0.973973,0.608951,12.353721,0.000000,101
4240,85662619893419,13.333574,0.897224,0.538563,12.430702,0.000000,101
4241,85662633226993,13.334292,1.106829,0.567547,12.220613,0.000000,101
4242,85662646561285,13.332978,1.092621,0.374653,12.232675,0.000000,101
4243,85662659894263,13.335314,1.214013,0.525950,12.113947,0.000000,101
4244,85662673229577,13.330291,3.742992,1.006491,9.579439,0.000000,101
4245,85662686559868,13.333007,1.136199,0.388350,12.191699,0.000000,101
4246,85662699892875,13.336364,0.867704,0.560235,12.461941,0.000000,101
4247,85662713229239,13.331881,1.037246,0.577247,12.288857,0.000000,101
4248,85662726561120,13.333225,1.378121,0.574966,11.948129,0.000000,101
4249,85662739894345,13.335170,1.395972,0.557124,11.931861,0.000000,101
4250,85662753229515,13.332593,1.071067,1.164252,12.254357,0.000000,101
4251,85662766562108,13.333709,1.108341,0.586976,12.219130,0.000000,101
4252,85662779895817,13.441138,3.780318,0.658892,9.646130,0.000000,101
4253,85662793336955,13.320043,2.019656,0.560416,11.272964,0.000000,101
4254,85662806656998,13.335735,1.916485,0.584730,11.401998,0.000000,101
4255,85662819992733,13.391204,1.956281,0.672806,11.415009,0.000000,101
4256,85662833383937,13.339147,2.303215,0.661808,11.014432,0.000000,101
4257,85662846723084,13.425742,2.255579,0.606734,11.122386,0.000000,101
4258,85662860148826,13.398880,1.944943,0.570904,11.426042,0.000000,101
4259,85662873547706,13.323012,2.716305,0.594791,10.590099,0.000000,101
4260,85662886870718,13.334149,4.184101,0.539828,9.139297,0.000000,101
4261,85662900204867,13.330188,1.090187,0.608203,12.232190,0.000000,101
4262,85662913535055,13.332867,1.569362,0.540254,11.756514,0.000000,101
4263,85662926867922,13.333641,1.323517,0.553380,12.002988,0.000000,101
4264,85662940201563,13.333123,0.872781,0.626663,12.454059,0.000000,101
4265,85662953534686,13.333245,0.918110,0.576204,12.409057,0.000000,101
4266,85662966867931,13.333348,0.908600,0.574076,12.418009,0.000000,101
4267,85662980201279,13.333178,1.038970,0.608337,12.288556,0.000000,101
4268,85662993534457,13.334531,3.474028,0.573912,9.853715,0.000000,101
4269,85663006868988,13.331981,0.924311,0.503138,12.401211,0.000000,101
4270,85663020200969,13.333486,0.836445,0.553978,12.491182,0.000000,101
4271,85663033534455,13.334618,0.908909,0.565013,12.418767,0.000000,101
4272,85663046869073,13.332551,0.920128,0.573845,12.405995,0.000000,101
4273,85663060201624,13.334343,0.847091,0.578495,12.481310,0.000000,101
4274,85663073535967,13.335750,0.979231,0.585043,12.349545,0.000000,101
4275,85663086871717,13.330058,1.142615,0.595362,12.180409,0.000000,101
4276,85663100201775,13.338176,3.319672,0.555892,10.008905,0.000000,101
4277,85663113539951,13.328219,0.940189,0.454501,12.380119,0.000000,101
4278,85663126868170,13.332765,1.048626,0.364813,12.276610,0.000000,101
4279,85663140200935,13.334181,0.950895,0.397426,12.375953,0.000000,101
4280,85663153535116,13.333766,1.189811,0.553450,12.137885,0.000000,101
4281,85663166868882,13.333058,1.076920,0.535674,12.248535,0.000000,101
4282,85663180201940,13.334451,0.913397,0.562625,12.413950,0.000000,101
4283,85663193536391,13.333452,1.139942,0.597605,12.186783,0.000000,101
4284,85663206869843,13.333275,3.438514,0.511086,9.887838,0.000000,101
4285,85663220203118,13.334678,0.898727,0.778577,12.429244,0.000000,101
4286,85663233537796,13.331741,1.154007,0.552431,12.170848,0.000000,101
4287,85663246869537,13.333399,1.083745,0.538951,12.243127,0.000000,101
4288,85663260202936,13.331927,0.965064,0.537848,12.361114,0.000000,101
4289,85663273534863,13.334497,1.016583,0.536443,12.312693,0.000000,101
4290,85663286869360,13.334363,1.022822,0.500741,12.305258,0.000000,102
4291,85663300203723,13.332551,1.206780,0.594775,12.118888,0.000000,102
4292,85663313536274,13.334062,3.489616,0.406603,9.837339,0.000000,102
4293,85663326870336,13.335395,1.148314,0.355341,12.180502,0.000000,102
4294,85663340205731,13.330258,1.035479,0.562385,12.287592,0.000000,102
4295,85663353535989,13.333496,0.940263,0.570861,12.387018,0.000000,102
4296,85663366869485,13.333980,0.872892,0.556937,12.454988,0.000000,102
4297,85663380203465,13.332747,0.956067,0.560474,12.370319,0.000000,102
4298,85663393536212,13.333503,0.941344,0.564068,12.386122,0.000000,102
4299,85663406869715,13.333602,1.079517,0.588042,12.248841,0.000000,102
4300,85663420203317,13.332427,3.293519,0.583745,10.033371,0.000000,102
4301,85663433535744,13.334073,0.864115,0.576531,12.464727,0.000000,102
4302,85663446869817,13.333389,0.853199,0.556245,12.473994,0.000000,102
4303,85663460203206,13.333656,0.818482,0.572432,12.509885,0.000000,102
4304,85663473536862,13.332181,0.943475,0.552330,12.382963,0.000000,102
4305,85663486869043,13.335973,1.056425,0.587033,12.272509,0.000000,102
4306,85663500205016,13.332804,0.926693,0.566963,12.398943,0.000000,102
4307,85663513537820,13.335132,1.308528,0.584419,12.017628,0.000000,102
4308,85663526872952,13.333183,3.784765,0.640287,9.540367,0.000000,102
4309,85663540206135,13.333672,1.114182,0.604961,12.212101,0.000000,102
4310,85663553539807,13.330727,1.128422,0.459460,12.195363,0.000000,102
4311,85663566870534,13.336584,1.064584,0.562877,12.265344,0.000000,102
4312,85663580207118,13.331904,1.030990,0.576205,12.292714,0.000000,102
4313,85663593539022,13.332107,0.975593,0.387882,12.350277,0.000000,102
4314,85663606871129,13.333991,0.941617,0.357341,12.386574,0.000000,102
4315,85663620205120,13.334975,1.069746,0.413402,12.258507,0.000000,102
4316,85663633540095,13.331335,3.563888,0.383341,9.760532,0.000000,102
4317,85663646871430,13.333806,0.888449,0.552686,12.438833,0.000000,102
4318,85663660205236,13.334040,0.958795,0.400198,12.368378,0.000000,102
4319,85663673539276,13.339006,0.929674,0.551272,12.398836,0.000000,102
4320,85663686878282,13.326208,1.098906,0.542490,12.219646,0.000000,102
4321,85663700204490,13.335382,0.969754,0.691161,12.358453,0.000000,102
4322,85663713539872,13.333584,1.147083,0.512944,12.178981,0.000000,102
4323,85663726873456,13.332148,1.424288,0.517283,11.900774,0.000000,102
4324,85663740205604,13.342438,3.415875,0.425054,9.916208,0.000000,102
4325,85663753548042,13.324921,1.033196,0.509769,12.283428,0.000000,102
4326,85663766872963,13.332045,0.986488,0.570662,12.338978,0.000000,102
4327,85663780205008,13.335282,0.810112,0.654945,12.518413,0.000000,102
4328,85663793540290,13.332883,0.971188,0.562083,12.354586,0.000000,102
4329,85663806873173,13.331723,0.903031,0.567363,12.422363,0.000000,102
4330,85663820204896,13.335442,0.775255,0.573678,12.553364,0.000000,102
4331,85663833540338,13.333455,1.241362,0.488818,12.085714,0.000000,102
4332,85663846873793,13.334390,3.702280,0.444028,9.624801,0.000000,102
4333,85663860208183,13.332778,1.227037,0.644579,12.097768,0.000000,102
4334,85663873540961,13.334160,1.280077,0.615140,12.046498,0.000000,102
4335,85663886875121,13.334313,1.202408,0.715658,12.123497,0.000000,102
4336,85663900209434,13.339184,1.177460,0.580129,12.149512,0.000000,102
4337,85663913548618,13.325838,1.128577,0.572723,12.188481,0.000000,102
4338,85663926874456,13.332679,1.137002,0.541410,12.188263,0.000000,102
4339,85663940207135,13.333365,1.235091,0.424144,12.092198,0.000000,102
4340,85663953540500,13.333232,3.810596,0.512664,9.516905,0.000000,102
4341,85663966873732,13.332772,1.123869,0.574867,12.201572,0.000000,102
4342,85663980206504,13.336643,1.283433,0.640856,12.045073,0.000000,102
4343,85663993543147,13.333419,1.469431,0.558266,11.854512,0.000000,102
4344,85664006876566,13.336004,1.329582,0.657288,11.995920,0.000000,102
4345,85664020212570,13.332551,1.255492,0.582104,12.069365,0.000000,102
4346,85664033545121,13.341897,1.105802,0.440846,12.224181,0.000000,102
4347,85664046887018,13.325516,1.467466,0.433693,11.848962,0.000000,102
4348,85664060212534,13.332069,3.836279,0.591199,9.487784,0.000000,102
4349,85664073544603,13.333850,1.281603,0.607794,12.043921,0.000000,102
4350,85664086878453,13.332801,1.366763,0.647216,11.958088,0.000000,103
4351,85664100211254,13.332706,1.224789,0.603900,12.101047,0.000000,103
4352,85664113543960,13.336016,1.063182,0.735079,12.265479,0.000000,103
4353,85664126879976,13.333676,1.370736,0.571199,11.954958,0.000000,103
4354,85664140213652,13.350193,1.235329,0.563478,12.105738,0.000000,103
4355,85664153563845,13.333544,1.401838,0.602232,11.923014,0.000000,103
4356,85664166897389,13.333872,3.781832,0.582542,9.544303,0.000000,103
4357,85664180231261,13.332923,0.865215,0.572822,12.460887,0.000000,103
4358,85664193564184,13.333842,1.158109,0.644221,12.167991,0.000000,103
4359,85664206898026,13.332455,1.143544,0.653629,12.181974,0.000000,103
4360,85664220230481,13.334699,1.112634,0.842602,12.215230,0.000000,103
4361,85664233565180,13.332050,1.115368,0.573847,12.209754,0.000000,103
4362,85664246897230,13.334136,1.020151,0.562909,12.307440,0.000000,103
4363,85664260231366,13.336447,1.177381,0.580017,12.149856,0.000000,103
4364,85664273567813,13.329337,3.442420,0.597573,9.879679,0.000000,103
4365,85664286897150,13.333401,1.005454,0.588385,12.320962,0.000000,103
4366,85664300230551,13.334693,0.828549,0.485772,12.498261,0.000000,103
4367,85664313565244,13.339681,1.260314,0.379665,12.068437,0.000000,103
4368,85664326904925,13.329369,1.212437,0.567232,12.105561,0.000000,103
4369,85664340234294,13.332191,1.134833,0.642356,12.188664,0.000000,103
4370,85664353566485,13.330673,1.230152,0.590266,12.092614,0.000000,103
4371,85664366897158,13.344257,1.254256,0.589007,12.078556,0.000000,103
4372,85664380241415,13.336481,3.873199,0.629240,9.449787,0.000000,103
4373,85664393577896,13.320688,1.283787,0.609121,12.028162,0.000000,103
4374,85664406898584,13.334757,1.126749,0.620124,12.200218,0.000000,103
4375,85664420233341,13.333933,1.353120,0.618359,11.971668,0.000000,103
4376,85664433567274,13.335005,1.010047,0.562709,12.313549,0.000000,103
4377,85664446902279,13.327274,1.026558,0.576730,12.293119,0.000000,103
4378,85664460229553,13.337721,0.838307,0.553908,12.492499,0.000000,103
4379,85664473567274,13.330452,1.269725,0.588905,12.053070,0.000000,103
4380,85664486897726,13.334042,3.435597,0.667954,9.891305,0.000000,103
4381,85664500231768,13.335219,1.014782,0.638469,12.312167,0.000000,103
4382,85664513566987,13.333706,1.068573,0.563766,12.254596,0.000000,103
4383,85664526900693,13.331832,1.026299,0.628976,12.298447,0.000000,103
4384,85664540232525,13.331615,1.026913,0.512147,12.297420,0.000000,103
4385,85664553564140,13.334551,0.901925,0.578489,12.425548,0.000000,103
4386,85664566898691,13.332581,0.998231,0.622350,12.327941,0.000000,103
4387,85664580231272,13.334967,1.198805,0.611844,12.129580,0.000000,103
4388,85664593566239,13.331529,3.528128,0.539502,9.795787,0.000000,103
4389,85664606897768,13.333130,1.187826,0.570988,12.138125,0.000000,103
4390,85664620230898,13.332754,1.029437,0.572430,12.296958,0.000000,103
4391,85664633563652,13.335201,0.952786,0.670220,12.376300,0.000000,103
4392,85664646898853,13.332663,1.126079,0.572075,12.198733,0.000000,103
4393,85664660231516,13.332744,0.843681,0.574453,12.483043,0.000000,103
4394,85664673564260,13.333400,0.839146,0.555178,12.487451,0.000000,103
4395,85664686897660,13.335738,1.253710,0.597448,12.073109,0.000000,103
4396,85664700233398,13.330889,3.289071,0.606030,10.035446,0.000000,103
4397,85664713564287,13.332619,0.937642,0.395069,12.388279,0.000000,103
4398,85664726896906,13.339518,1.101979,0.561319,12.226961,0.000000,103
4399,85664740236424,13.328955,0.970449,0.669854,12.351776,0.000000,103
4400,85664753565379,13.335372,1.115585,0.566123,12.210631,0.000000,103
4401,85664766900751,13.329345,0.961564,0.618670,12.361767,0.000000,103
4402,85664780230096,13.334774,0.906590,0.629848,12.422655,0.000000,103
4403,85664793564870,13.333027,1.317844,0.600381,12.009051,0.000000,103
4404,85664806897897,13.333031,3.460398,0.563267,9.866854,0.000000,103
4405,85664820230928,13.334569,0.803634,0.647334,12.525163,0.000000,103
4406,85664833565497,13.338444,1.011454,0.587829,12.317558,0.000000,103
4407,85664846903941,13.330244,0.943902,0.548705,12.378178,0.000000,103
4408,85664860234185,13.332387,0.965716,0.626932,12.359300,0.000000,103
4409,85664873566572,13.334149,1.012585,0.580054,12.313968,0.000000,103
4410,85664886900721,13.337582,0.936942,0.551752,12.392252,0.000000,103
4411,85664900238303,13.328653,1.131104,0.594407,12.190042,0.000000,103
4412,85664913566956,13.342109,3.439943,0.590829,9.890389,0.000000,103
4413,85664926909065,13.323341,0.954561,0.643307,12.360392,0.000000,103
4414,85664940232406,13.334529,0.801735,0.658018,12.526654,0.000000,103
4415,85664953566935,13.339542,1.012724,0.421541,12.316524,0.000000,103
4416,85664966906477,13.326442,0.954708,0.553292,12.364289,0.000000,104
4417,85664980232919,13.334692,0.821151,0.651042,12.506442,0.000000,104
4418,85664993567611,13.334369,0.949542,0.684722,12.378116,0.000000,104
4419,85665006901980,13.335937,1.860922,0.579347,11.466340,0.000000,104
4420,85665020237917,13.334998,3.440733,0.550554,9.882125,0.000000,104
4421,85665033572915,13.326988,1.070632,0.642877,12.248397,0.000000,104
4422,85665046899903,13.335275,1.163971,0.566496,12.164937,0.000000,104
4423,85665060235178,13.339516,0.952962,0.562978,12.375023,0.000000,104
4424,85665073574694,13.326399,1.167762,0.548750,12.150570,0.000000,104
4425,85665086901093,13.335063,1.035246,0.569661,12.292993,0.000000,104
4426,85665100236156,13.331668,0.947281,0.465466,12.377445,0.000000,104
4427,85665113567824,13.334943,1.362280,0.486190,11.965891,0.000000,104
4428,85665126902767,13.336848,3.645586,0.551761,9.681457,0.000000,104
4429,85665140239615,13.328602,1.015415,0.606451,12.305972,0.000000,104
4430,85665153568217,13.333520,1.115377,0.630339,12.212065,0.000000,104
4431,85665166901737,13.334624,1.005014,0.623033,12.323186,0.000000,104
4432,85665180236361,13.332145,1.174279,0.672968,12.150428,0.000000,104
4433,85665193568506,13.333115,1.071390,0.477210,12.255882,0.000000,104
4434,85665206901621,13.335068,1.072794,0.641706,12.254598,0.000000,104
4435,85665220236689,13.333768,1.167945,0.593501,12.158671,0.000000,104
4436,85665233570457,13.331492,3.520265,0.624603,9.804729,0.000000,104
4437,85665246901949,13.334587,0.958084,0.555472,12.369809,0.000000,104
4438,85665260236536,13.332149,1.003929,0.663856,12.321210,0.000000,104
4439,85665273568685,13.334092,1.048536,0.639941,12.277169,0.000000,104
4440,85665286902777,13.335129,1.087569,0.369212,12.239917,0.000000,104
4441,85665300237906,13.332089,1.073111,0.568352,12.252594,0.000000,104
4442,85665313569995,13.333207,0.971581,0.571045,12.354083,0.000000,104
4443,85665326903202,13.337594,1.316295,0.433111,12.012220,0.000000,104
4444,85665340240796,13.336440,3.462330,0.563874,9.862674,0.000000,104
4445,85665353577236,13.324785,1.049440,0.645589,12.267798,0.000000,104
4446,85665366902021,13.338764,1.097518,0.571741,12.233478,0.000000,104
4447,85665380240785,13.329008,0.995646,0.545071,12.326050,0.000000,104
4448,85665393569793,13.333348,1.054584,0.640724,12.271918,0.000000,104
4449,85665406903141,13.333897,1.026229,0.553961,12.301215,0.000000,104
4450,85665420237038,13.333827,1.041208,0.598012,12.284295,0.000000,104
4451,85665433570865,13.331213,1.347089,0.594687,11.976637,0.000000,104
4452,85665446902078,13.335723,3.410210,0.646508,9.918388,0.000000,104
4453,85665460237801,13.331485,1.114391,0.659022,12.209766,0.000000,104
4454,85665473569286,13.333558,1.142650,0.672676,12.184066,0.000000,104
4455,85665486902844,13.334814,1.123991,0.603802,12.204774,0.000000,104
4456,85665500237658,13.331915,0.989811,0.703709,12.335443,0.000000,104
4457,85665513569573,13.332321,1.054959,0.625596,12.270950,0.000000,104
4458,85665526901894,13.347169,1.078126,0.579543,12.256305,0.000000,104
4459,85665540249063,13.320453,1.145654,0.600915,12.165465,0.000000,104
4460,85665553569516,13.332917,3.416107,0.625496,9.911216,0.000000,104
4461,85665566902433,13.333401,0.900058,0.583349,12.427593,0.000000,104
4462,85665580235834,13.333479,1.113558,0.564728,12.213215,0.000000,104
4463,85665593569313,13.334843,1.234714,0.544007,12.091228,0.000000,104
4464,85665606904156,13.335955,1.275858,0.566724,12.050658,0.000000,104
4465,85665620240111,13.333407,1.242775,0.550525,12.080869,0.000000,104
4466,85665633573518,13.329792,0.994985,0.560658,12.328177,0.000000,104
4467,85665646903310,13.338250,1.198865,0.434742,12.131603,0.000000,104
4468,85665660241560,13.330594,3.464871,0.604052,9.858019,0.000000,104
4469,85665673572154,13.331542,1.137511,0.689312,12.187841,0.000000,104
4470,85665686903696,13.334971,1.108571,0.601719,12.219349,0.000000,104
4471,85665700238667,13.339094,1.045439,0.655869,12.281904,0.000000,104
4472,85665713577761,13.326028,1.218151,0.635416,12.096949,0.000000,104
4473,85665726903789,13.342409,1.250877,0.557910,12.080921,0.000000,104
4474,85665740246198,13.327222,1.193627,0.695565,12.123739,0.000000,104
4475,85665753573420,13.330857,1.537228,0.588227,11.785312,0.000000,104
4476,85665766904277,13.333778,3.848049,0.608644,9.479143,0.000000,104
4477,85665780238055,13.339428,1.017374,0.640826,12.311853,0.000000,104
4478,85665793577483,13.327690,1.186436,0.478225,12.131142,0.000000,104
4479,85665806905173,13.333991,1.143927,0.450138,12.182921,0.000000,104
4480,85665820239164,13.332861,1.127403,0.630290,12.198464,0.000000,104
4481,85665833572025,13.338094,1.336474,0.571921,11.989318,0.000000,104
4482,85665846910119,13.327954,1.086248,0.635427,12.234065,0.000000,105
4483,85665860238073,13.335202,1.320453,0.609537,12.007454,0.000000,105
4484,85665873573275,13.332380,3.681426,0.517891,9.643240,0.000000,105
4485,85665886905655,13.333490,2.187982,0.616470,11.139002,0.000000,105
4486,85665900239145,13.339741,1.215560,0.506436,12.113991,0.000000,105
4487,85665913578886,13.334652,1.269232,0.401925,12.052620,0.000000,105
4488,85665926913538,13.329272,1.086967,0.581348,12.231744,0.000000,105
4489,85665940242810,13.335820,1.051013,0.621475,12.277291,0.000000,105
4490,85665953578630,13.355947,1.154129,0.656734,12.193159,0.000000,105
4491,85665966934577,13.331802,1.267451,0.596143,12.056707,0.000000,105
4492,85665980266379,13.335254,3.751412,0.575250,9.576259,0.000000,105
4493,85665993601633,13.331671,1.217632,0.564447,12.105828,0.000000,105
4494,85666006933304,13.334583,1.209003,0.578270,12.117319,0.000000,105
4495,85666020267887,13.331337,1.121099,0.574212,12.203240,0.000000,105
4496,85666033599224,13.332860,1.564124,0.524512,11.762401,0.000000,105
4497,85666046932084,13.334712,1.187966,0.537565,12.139665,0.000000,105
4498,85666060266796,13.333670,0.972246,0.668574,12.355014,0.000000,105
4499,85666073600466,13.334592,1.477413,0.572255,11.850069,0.000000,105
4500,85666086935058,13.333506,3.711729,0.575527,9.613374,0.000000,105
4501,85666100268564,13.331302,1.125243,0.690677,12.198558,0.000000,105
4502,85666113599866,13.334790,1.311558,0.549800,12.016129,0.000000,105
4503,85666126934656,13.333149,1.196551,0.572823,12.128897,0.000000,105
4504,85666140267805,13.332422,1.126936,0.540465,12.198217,0.000000,105
4505,85666153600227,13.333611,1.142363,0.621817,12.184551,0.000000,105
4506,85666166933838,13.333880,1.199408,0.562125,12.127415,0.000000,105
4507,85666180267718,13.338959,1.411700,0.545777,11.917030,0.000000,105
4508,85666193606677,13.327729,3.956174,0.567461,9.364053,0.000000,105
4509,85666206934406,13.333010,1.192262,0.586570,12.133187,0.000000,105
4510,85666220267416,13.337226,1.061289,0.671140,12.268560,0.000000,105
4511,85666233604642,13.330710,1.261680,0.597240,12.060287,0.000000,105
4512,85666246935352,13.332892,1.175361,0.600656,12.148072,0.000000,105
4513,85666260268244,13.335551,1.104489,0.549206,12.222182,0.000000,105
4514,85666273603795,13.336783,1.422863,0.599978,11.901424,0.000000,105
4515,85666286940578,13.328002,1.391805,0.584630,11.929208,0.000000,105
4516,85666300268580,13.334607,3.773115,0.639190,9.554114,0.000000,105
4517,85666313603187,13.334927,1.296724,0.571005,12.030767,0.000000,105
4518,85666326938114,13.331686,1.175087,0.627037,12.148504,0.000000,105
4519,85666340269800,13.333307,1.262188,0.645876,12.063524,0.000000,105
4520,85666353603107,13.332686,1.167252,0.591749,12.158293,0.000000,105
4521,85666366935793,13.336009,1.213689,0.448750,12.113881,0.000000,105
4522,85666380271802,13.331248,1.096635,0.558555,12.227712,0.000000,105
4523,85666393603050,13.332705,1.436747,0.591305,11.889383,0.000000,105
4524,85666406935755,13.334051,3.946703,0.544877,9.379451,0.000000,105
4525,85666420269806,13.333806,1.151203,0.530432,12.174333,0.000000,105
4526,85666433603612,13.333037,1.192881,0.561981,12.132442,0.000000,105
4527,85666446936649,13.332958,1.071981,0.559459,12.253681,0.000000,105
4528,85666460269607,13.334124,1.063378,0.593145,12.262886,0.000000,105
4529,85666473603731,13.333521,1.264575,0.556556,12.061704,0.000000,105
4530,85666486937252,13.333909,1.111044,0.600673,12.215489,0.000000,105
4531,85666500271161,13.334545,1.529940,0.554970,11.795559,0.000000,105
4532,85666513605706,13.332512,3.930500,0.592880,9.393331,0.000000,105
4533,85666526938218,13.333084,1.209016,0.619424,12.116237,0.000000,105
4534,85666540271302,13.332835,1.159431,0.629214,12.164279,0.000000,105
4535,85666553604137,13.337578,1.247139,0.647561,12.081869,0.000000,105
4536,85666566941715,13.332653,1.317329,0.598431,12.005293,0.000000,105
4537,85666580274368,13.333599,1.329695,0.631671,11.993587,0.000000,105
4538,85666593607967,13.334146,1.278348,0.680077,12.044959,0.000000,105
4539,85666606942113,13.332538,1.621607,0.634368,11.701938,0.000000,105
4540,85666620274651,13.330799,4.119891,0.604968,9.202528,0.000000,105
4541,85666633605450,13.328748,1.273239,0.591086,12.045904,0.000000,105
4542,85666646934198,13.340666,1.078664,0.602680,12.253890,0.000000,105
4543,85666660274864,13.329080,1.109530,0.651898,12.211919,0.000000,105
4544,85666673603944,13.333169,1.214472,0.500139,12.112190,0.000000,105
4545,85666686937113,13.334437,1.192429,0.544443,12.135375,0.000000,105
4546,85666700271550,13.333780,1.064659,0.573325,12.261712,0.000000,105
4547,85666713605330,13.331635,1.473571,0.573702,11.851041,0.000000,105
4548,85666726936965,13.338256,3.800044,0.400658,9.528209,0.000000,105
4549,85666740275221,13.327863,1.145462,0.451118,12.176165,0.000000,105
4550,85666753603084,13.334486,1.395816,0.609670,11.932010,0.000000,105
4551,85666766937570,13.333216,1.259973,0.583277,12.067159,0.000000,105
4552,85666780270786,13.334627,1.033695,0.600510,12.293249,0.000000,105
4553,85666793605413,13.332523,1.261347,0.574135,12.063654,0.000000,105
4554,85666806937936,13.333841,1.258831,0.590053,12.068646,0.000000,105
4555,85666820271777,13.334666,1.313178,0.537379,12.013858,0.000000,106
4556,85666833606443,13.331533,3.961993,0.561732,9.361902,0.000000,106
4557,85666846937976,13.334269,1.136022,0.650363,12.191625,0.000000,106
4558,85666860272245,13.334702,2.487275,0.529407,10.838470,0.000000,106
4559,85666873606947,13.331115,1.172135,0.559143,12.150270,0.000000,106
4560,85666886938062,13.332623,1.179808,0.463821,12.146690,0.000000,106
4561,85666900270685,13.335541,1.067438,0.619608,12.260726,0.000000,106
4562,85666913606226,13.332652,1.269767,0.652053,12.055162,0.000000,106
4563,85666926938878,13.334806,1.581089,0.563457,11.745595,0.000000,106
4564,85666940273684,13.341525,3.764826,0.641742,9.568951,0.000000,106
4565,85666953615209,13.332730,1.229492,0.526781,12.093811,0.000000,106
4566,85666966947939,13.333474,1.083598,0.576109,12.241988,0.000000,106
4567,85666980281413,13.330744,1.087284,0.424185,12.237069,0.000000,106
4568,85666993612157,13.333881,1.048169,0.417170,12.279468,0.000000,106
4569,85667006946038,13.334012,1.023705,0.569859,12.304253,0.000000,106
4570,85667020280050,13.333199,1.039632,0.679151,12.286203,0.000000,106
4571,85667033613249,13.335909,1.347637,0.435176,11.980854,0.000000,106
4572,85667046949158,13.329430,4.035423,0.418661,9.286899,0.000000,106
4573,85667060278588,13.334462,0.986945,0.638617,12.341575,0.000000,106
4574,85667073613050,13.334658,1.188662,0.553494,12.138059,0.000000,106
4575,85667086947708,13.333950,1.185986,0.617837,12.140526,0.000000,106
4576,85667100281658,13.333737,1.152865,0.606835,12.173292,0.000000,106
4577,85667113615395,13.331053,1.181271,0.417234,12.142569,0.000000,106
4578,85667126946448,13.334473,1.355382,0.582879,11.972711,0.000000,106
4579,85667140280921,13.333617,1.317676,0.579925,12.009668,0.000000,106
4580,85667153614538,13.331508,3.867965,0.547648,9.456594,0.000000,106
4581,85667166946046,13.335384,1.094637,0.577033,12.234247,0.000000,106
4582,85667180281430,13.336504,1.050843,0.550678,12.277908,0.000000,106
4583,85667193617934,13.334598,1.327639,0.536412,12.000565,0.000000,106
4584,85667206952532,13.332379,1.348744,0.668375,11.976541,0.000000,106
4585,85667220284911,13.336812,1.118092,1.193800,12.211352,0.000000,106
4586,85667233621723,13.330422,1.402618,0.556698,11.920107,0.000000,106
4587,85667246952145,13.333128,1.679332,0.556827,11.646593,0.000000,106
4588,85667260285273,13.333671,3.999314,0.614058,9.327017,0.000000,106
4589,85667273618944,13.333343,1.211339,0.769968,12.114276,0.000000,106
4590,85667286952287,13.336870,1.376523,0.639212,11.950529,0.000000,106
4591,85667300289157,13.330678,1.219506,0.735595,12.102470,0.000000,106
4592,85667313619835,13.334397,1.206820,0.589360,12.119622,0.000000,106
4593,85667326954232,13.331509,1.157626,0.857650,12.166683,0.000000,106
4594,85667340285741,13.334945,1.019935,1.344884,12.307553,0.000000,106
4595,85667353620686,13.332871,1.526508,0.980809,11.798593,0.000000,106
4596,85667366953557,13.332243,4.055471,0.818092,9.268817,0.000000,106
4597,85667380285800,13.334694,1.207832,0.781644,12.119802,0.000000,106
4598,85667393620494,13.333408,1.143072,0.590978,12.182675,0.000000,106
4599,85667406953902,13.333487,1.283958,0.421308,12.041682,0.000000,106
4600,85667420287389,13.332664,1.200307,0.610949,12.125493,0.000000,106
4601,85667433620053,13.334327,1.123465,0.372176,12.203456,0.000000,106
4602,85667446954380,13.333035,1.633402,0.394074,11.691813,0.000000,106
4603,85667460287415,13.332472,2.019324,0.830483,11.305336,0.000000,106
4604,85667473619887,13.333326,3.924599,0.420068,9.401737,0.000000,106
4605,85667486953213,13.335361,1.629842,0.550332,11.698031,0.000000,106
4606,85667500288574,13.341428,1.289583,0.522944,12.039370,0.000000,106
4607,85667513630002,13.324120,1.327428,0.561221,11.988027,0.000000,106
4608,85667526954122,13.333262,1.247663,1.136489,12.079408,0.000000,106
4609,85667540287384,13.334521,1.142096,0.624662,12.185640,0.000000,106
4610,85667553621905,13.332435,1.548901,0.720503,11.777488,0.000000,106
4611,85667566954340,13.333214,1.490714,0.573536,11.836254,0.000000,106
4612,85667580287554,13.331880,3.724188,0.425079,9.600814,0.000000,106
4613,85667593619434,13.333175,1.669737,0.576597,11.657282,0.000000,106
4614,85667606952609,13.332371,0.998941,1.161999,12.327912,0.000000,106
4615,85667620284980,13.334268,0.956083,0.766611,12.372698,0.000000,106
4616,85667633619248,13.332683,1.029252,0.681072,12.297582,0.000000,106
4617,85667646951931,13.333468,1.438183,0.674846,11.889806,0.000000,106
4618,85667660285399,13.335599,0.949998,0.634530,12.379220,0.000000,106
4619,85667673620998,13.333265,1.185480,0.761249,12.139384,0.000000,106
4620,85667686954263,13.331031,3.593879,0.821848,9.731564,0.000000,106
4621,85667700285294,13.335942,0.852192,0.622429,12.477296,0.000000,106
4622,85667713621236,13.336282,1.361680,0.658284,11.967198,0.000000,106
4623,85667726957518,13.328226,1.118714,0.799744,12.204287,0.000000,106
4624,85667740285744,13.337666,1.049781,0.629532,12.281919,0.000000,106
4625,85667753623410,13.330675,1.409132,0.603105,11.914678,0.000000,106
4626,85667766954085,13.334451,1.345588,0.798377,11.982269,0.000000,106
4627,85667780288536,13.332274,1.288485,0.589407,12.037249,0.000000,106
4628,85667793620810,13.333647,3.536816,0.554890,9.790018,0.000000,106
4629,85667806954457,13.333531,1.036544,0.604695,12.290135,0.000000,106
4630,85667820287988,13.334071,0.914056,0.647101,12.411871,0.000000,106
4631,85667833622059,13.333510,1.356279,0.419741,11.970460,0.000000,106
4632,85667846955569,13.334325,1.767695,0.453802,11.559591,0.000000,106
4633,85667860289894,13.332968,1.254763,0.814470,12.069143,0.000000,106
4634,85667873622862,13.332654,1.360775,0.461550,11.964329,0.000000,107
4635,85667886955516,13.334334,1.522153,0.512308,11.804092,0.000000,107
4636,85667900289850,13.332316,3.921817,0.443061,9.402540,0.000000,107
4637,85667913622166,13.333713,1.133642,0.470059,12.192917,0.000000,107
4638,85667926955879,13.333221,1.349004,0.423175,11.976780,0.000000,107
4639,85667940289100,13.336620,1.217730,0.775091,12.112530,0.000000,107
4640,85667953625720,13.330181,1.921407,0.811909,11.400608,0.000000,107
4641,85667966955901,13.335127,1.286352,0.617929,12.040450,0.000000,107
4642,85667980291028,13.333608,1.213524,0.849446,12.110188,0.000000,107
4643,85667993624636,13.331412,1.417835,1.241994,11.905362,0.000000,107
4644,85668006956048,13.332556,4.115726,0.990186,9.208714,0.000000,107
4645,85668020288604,13.334066,1.112267,0.591464,12.214458,0.000000,107
4646,85668033622670,13.340003,1.300546,0.626688,12.027909,0.000000,107
4647,85668046962673,13.327263,1.823130,0.743823,11.492927,0.000000,107
4648,85668060289936,13.331427,2.113373,0.609312,11.211925,0.000000,107
4649,85668073621363,13.336053,1.347529,0.992405,11.980900,0.000000,107
4650,85668086957416,13.331408,1.302063,0.972257,12.023005,0.000000,107
4651,85668100288824,13.333072,1.839032,0.604169,11.487990,0.000000,107
4652,85668113621896,13.333263,4.564504,0.757163,8.762482,0.000000,107
4653,85668126955159,13.340313,1.184832,0.668337,12.146181,0.000000,107
4654,85668140295472,13.330977,1.641090,0.940465,11.678796,0.000000,107
4655,85668153626449,13.332020,1.314355,0.669776,12.008888,0.000000,107
4656,85668166958469,13.331246,1.290418,0.718090,12.033005,0.000000,107
4657,85668180289715,13.333671,1.806055,0.698905,11.521326,0.000000,107
4658,85668193623386,13.335154,1.538365,0.572261,11.789677,0.000000,107
4659,85668206958540,13.332245,1.528681,0.625681,11.796485,0.000000,107
4660,85668220290785,13.335488,3.967229,0.599985,9.359735,0.000000,107
4661,85668233626273,13.335633,1.312577,0.583882,12.013934,0.000000,107
4662,85668246961906,13.328464,1.251396,0.643578,12.069622,0.000000,107
4663,85668260290370,13.333484,1.119576,0.582431,12.206714,0.000000,107
4664,85668273623854,13.335628,1.099608,0.484545,12.228081,0.000000,107
4665,85668286959482,13.332307,1.160846,0.552949,12.163325,0.000000,107
4666,85668300291789,13.345904,1.043597,0.584939,12.288947,0.000000,107
4667,85668313637693,13.321711,1.736187,0.583189,11.576806,0.000000,107
4668,85668326959404,13.333943,4.061910,0.581616,9.264978,0.000000,107
4669,85668340293347,13.332589,1.098607,0.616688,12.226574,0.000000,107
4670,85668353625936,13.332759,1.369296,0.586567,11.956985,0.000000,107
4671,85668366958695,13.334578,1.088866,0.573704,12.238315,0.000000,107
4672,85668380293273,13.336195,1.144525,0.603297,12.183596,0.000000,107
4673,85668393629468,13.330514,1.364837,0.581747,11.957509,0.000000,107
4674,85668406959982,13.334310,1.088305,0.573350,12.238482,0.000000,107
4675,85668420294292,13.331714,1.319206,0.669856,12.004935,0.000000,107
4676,85668433626006,13.332604,4.109499,0.578991,9.216728,0.000000,107
4677,85668446958610,13.337915,1.036554,0.572754,12.292439,0.000000,107
4678,85668460296525,13.330852,1.130176,1.578520,12.190922,0.000000,107
4679,85668473627377,13.331961,3.144604,0.631044,10.179546,0.000000,107
4680,85668486959338,13.333946,1.186598,0.465870,12.139738,0.000000,107
4681,85668500293284,13.338675,1.216754,0.615267,12.112628,0.000000,107
4682,85668513631959,13.328927,1.535869,0.542359,11.785093,0.000000,107
4683,85668526960886,13.332477,1.562513,0.605411,11.762667,0.000000,107
4684,85668540293363,13.332669,3.876759,0.550035,9.449126,0.000000,107
4685,85668553626032,13.334524,1.166640,0.541034,12.160465,0.000000,107
4686,85668566960556,13.337494,1.211272,0.519520,12.115915,0.000000,107
4687,85668580298050,13.329617,1.171006,0.637735,12.149698,0.000000,107
4688,85668593627667,13.331764,1.342607,0.662074,11.981031,0.000000,107
4689,85668606959431,13.337164,1.478431,0.562328,11.851480,0.000000,107
4690,85668620296595,13.331389,1.313533,0.727219,12.009452,0.000000,107
4691,85668633627984,13.334191,1.366263,0.641173,11.960523,0.000000,107
4692,85668646962175,13.335754,3.651386,0.602800,9.674138,0.000000,107
4693,85668660297929,13.328530,1.095762,0.661731,12.225912,0.000000,107
4694,85668673626459,13.333854,1.100783,0.473552,12.226688,0.000000,107
4695,85668686960313,13.332445,1.236154,0.565463,12.090674,0.000000,107
4696,85668700292758,13.336191,1.105946,0.519287,12.223365,0.000000,107
4697,85668713628949,13.331101,1.407612,0.432361,11.916265,0.000000,107
4698,85668726960050,13.332928,1.351834,0.573199,11.975679,0.000000,107
4699,85668740292978,13.338529,1.317376,0.624678,12.014789,0.000000,107
4700,85668753631507,13.328967,3.506500,0.583158,9.816307,0.000000,107
4701,85668766960474,13.338909,0.874253,0.630344,12.457125,0.000000,108
4702,85668780299383,13.335224,1.195730,0.597687,12.128950,0.000000,108
4703,85668793634607,13.330855,1.059971,0.628265,12.262210,0.000000,108
4704,85668806965462,13.333931,1.919348,0.559132,11.403709,0.000000,108
4705,85668820299393,13.328265,1.016124,0.551772,12.305529,0.000000,108
4706,85668833627658,13.336987,1.190796,0.409884,12.139288,0.000000,108
4707,85668846964645,13.330647,1.512750,0.650570,11.811052,0.000000,108
4708,85668860295292,13.334939,3.774072,0.634369,9.553889,0.000000,108
4709,85668873630231,13.332899,1.255601,0.548624,12.068935,0.000000,108
4710,85668886963130,13.330373,1.137086,0.603623,12.187508,0.000000,108
4711,85668900293503,13.344651,1.084436,0.593295,12.248444,0.000000,108
4712,85668913638154,13.338757,1.307650,0.552420,12.022176,0.000000,108
4713,85668926976911,13.329721,1.409592,0.573557,11.912893,0.000000,108
4714,85668940306632,13.333808,1.189783,0.430806,12.137312,0.000000,108
4715,85668953640440,13.339184,1.544124,0.428114,11.785890,0.000000,108
4716,85668966979624,13.327005,4.044697,0.542975,9.274752,0.000000,108
4717,85668980306629,13.333724,1.073525,0.790801,12.254397,0.000000,108
4718,85668993640353,13.338659,1.370124,0.566092,11.960430,0.000000,108
4719,85669006979012,13.330414,1.433119,0.585552,11.887326,0.000000,108
4720,85669020309426,13.332903,1.112214,0.551343,12.214050,0.000000,108
4721,85669033642329,13.348156,1.694244,0.657815,11.646794,0.000000,108
4722,85669046990485,13.427822,1.680978,0.581603,11.739357,0.000000,108
4723,85669060418307,13.336941,1.329796,0.649199,11.999148,0.000000,108
4724,85669073755248,13.331825,3.708567,0.582348,9.614209,0.000000,108
4725,85669087087073,13.335750,1.401194,0.672968,11.926120,0.000000,108
4726,85669100422823,13.329538,1.240325,0.581628,12.081678,0.000000,108
4727,85669113752361,13.333803,1.471916,0.696872,11.854875,0.000000,108
4728,85669127086164,13.331993,1.421572,0.973292,11.903343,0.000000,108
4729,85669140418157,13.334007,1.200644,0.587613,12.126537,0.000000,108
4730,85669153752164,13.334355,1.634577,0.606113,11.692852,0.000000,108
4731,85669167086519,13.332937,1.363006,0.470932,11.963293,0.000000,108
4732,85669180419456,13.331915,3.762739,0.565122,9.563078,0.000000,108
4733,85669193751371,13.336048,1.204236,0.670831,12.124997,0.000000,108
4734,85669207087419,13.332455,1.385475,0.639322,11.939864,0.000000,108
4735,85669220419874,13.335153,1.079520,0.977773,12.248000,0.000000,108
4736,85669233755027,13.331879,1.250081,0.603432,12.073857,0.000000,108
4737,85669247086906,13.336084,1.272091,0.704481,12.055768,0.000000,108
4738,85669260422990,13.333174,1.321308,0.593718,12.002776,0.000000,108
4739,85669273756164,13.334983,1.566702,0.708159,11.758426,0.000000,108
4740,85669287091147,13.326753,3.910437,0.604961,9.409015,0.000000,108
4741,85669300417900,13.336972,0.967092,0.605373,12.364062,0.000000,108
4742,85669313754872,13.328864,1.286547,0.548129,12.036529,0.000000,108
4743,85669327083736,13.337818,1.065837,0.656359,12.265840,0.000000,108
4744,85669340421554,13.332659,1.067070,0.709789,12.258709,0.000000,108
4745,85669353754213,13.332621,1.287981,0.616430,12.037247,0.000000,108
4746,85669367086834,13.337430,1.278938,0.714837,12.051065,0.000000,108
4747,85669380424264,13.330563,1.534257,0.659802,11.788017,0.000000,108
4748,85669393754827,13.333902,3.581816,0.454102,9.743101,0.000000,108
4749,85669407088729,13.339327,1.009668,0.380573,12.318576,0.000000,108
4750,85669420428056,13.326118,1.202059,0.679080,12.114257,0.000000,108
4751,85669433754174,13.331112,1.341222,0.587792,11.983345,0.000000,108
4752,85669447085286,13.339653,1.393775,0.607979,11.939304,0.000000,108
4753,85669460424939,13.328416,1.254663,0.631031,12.065999,0.000000,108
4754,85669473753355,13.335033,1.508734,0.606341,11.820256,0.000000,108
4755,85669487088388,13.336676,1.518242,0.673851,11.809890,0.000000,108
4756,85669500425064,13.329971,4.012940,0.608088,9.309426,0.000000,108
4757,85669513755035,13.336386,1.034087,0.594853,12.295289,0.000000,108
4758,85669527091421,13.329340,1.248394,0.644080,12.074129,0.000000,108
4759,85669540420761,13.337725,1.171921,0.673914,12.159711,0.000000,108
4760,85669553758486,13.328066,1.468894,0.601770,11.853040,0.000000,108
4761,85669567086552,13.335002,1.106788,0.640832,12.222580,0.000000,108
4762,85669580421554,13.335987,0.997342,0.673567,12.332003,0.000000,108
4763,85669593757541,13.329810,1.374281,0.615164,11.949020,0.000000,108
4764,85669607087351,13.334281,3.609618,0.537818,9.716722,0.000000,108
4765,85669620421632,13.334975,0.892799,0.641493,12.436328,0.000000,108
4766,85669633756607,13.332881,1.092158,0.571715,12.233810,0.000000,108
4767,85669647089488,13.331527,1.039812,0.626213,12.285858,0.000000,108
4768,85669660421015,13.334603,1.661160,2.494432,11.667287,0.000000,108
4769,85669673755618,13.334024,2.553769,0.534117,10.773303,0.000000,108
4770,85669687089642,13.332973,1.322562,0.464226,12.003444,0.000000,108
4771,85669700422615,13.334951,1.417877,0.448094,11.910717,0.000000,108
4772,85669713757566,13.329319,3.686360,0.523860,9.636716,0.000000,108
4773,85669727086885,13.334239,1.005871,0.595548,12.323515,0.000000,108
4774,85669740421124,13.337131,1.024510,0.532342,12.306440,0.000000,108
4775,85669753758255,13.331775,1.328383,0.646640,11.996095,0.000000,108
4776,85669767090030,13.332569,1.510748,0.477602,11.815038,0.000000,108
4777,85669780422599,13.334804,1.768945,0.524519,11.558616,0.000000,108
4778,85669793757403,13.331518,1.256300,0.412604,12.067062,0.000000,108
4779,85669807088921,13.332618,1.425852,0.523286,11.900201,0.000000,108
4780,85669820421539,13.334606,3.417273,0.550295,9.910815,0.000000,108
4781,85669833756145,13.334539,1.464786,0.418556,11.862816,0.000000,108
4782,85669847090684,13.330967,1.509151,0.443800,11.816376,0.000000,108
4783,85669860421651,13.334325,0.808913,0.494135,12.520561,0.000000,108
4784,85669873755976,13.334805,1.165003,0.558320,12.163634,0.000000,109
4785,85669887090781,13.331728,1.230820,0.452377,12.094575,0.000000,109
4786,85669900422509,13.334810,0.881968,0.466332,12.446744,0.000000,109
4787,85669913757319,13.332479,1.976751,0.663962,11.349975,0.000000,109
4788,85669927089798,13.333240,3.497143,0.439791,9.829508,0.000000,109
4789,85669940423038,13.334381,0.772104,0.350963,12.556869,0.000000,109
4790,85669953757419,13.334911,0.956846,0.549941,12.371747,0.000000,109
4791,85669967092330,13.331697,1.222465,0.483057,12.102191,0.000000,109
4792,85669980424027,13.332157,0.902921,0.326653,12.423437,0.000000,109
4793,85669993756184,13.335389,0.842937,0.688197,12.487205,0.000000,109
4794,85670007091573,13.332594,1.006899,0.588505,12.320111,0.000000,109
4795,85670020424167,13.333472,1.362781,0.526947,11.964064,0.000000,109
4796,85670033757639,13.334552,3.478844,0.498784,9.849349,0.000000,109
4797,85670047092191,13.330424,1.090116,0.460679,12.234653,0.000000,109
4798,85670060422615,13.333969,0.829846,0.457990,12.498609,0.000000,109
4799,85670073756584,13.337416,1.000085,0.468871,12.330773,0.000000,109
4800,85670087094000,13.331366,1.097375,0.469802,12.226436,0.000000,109
4801,85670100425366,13.331487,1.557432,0.434364,11.767533,0.000000,109
4802,85670113756853,13.333420,0.934803,0.433045,12.392949,0.000000,109
4803,85670127090273,13.335238,1.308534,0.516930,12.019835,0.000000,109
4804,85670140425511,13.330929,3.552073,0.431412,9.772165,0.000000,109
4805,85670153756440,13.336457,0.909766,0.451705,12.421004,0.000000,109
4806,85670167092897,13.333827,0.975140,0.435082,12.351054,0.000000,109
4807,85670180426724,13.332653,1.006185,0.337542,12.319387,0.000000,109
4808,85670193759377,13.332720,0.985198,0.306210,12.341918,0.000000,109
4809,85670207092097,13.335108,1.080953,0.476645,12.247482,0.000000,109
4810,85670220427205,13.333280,0.933515,0.458927,12.391667,0.000000,109
4811,85670233760485,13.331177,1.298084,0.667708,12.026042,0.000000,109
4812,85670247091662,13.341646,3.723056,0.439097,9.607487,0.000000,109
4813,85670260433308,13.324876,0.867821,0.450508,12.449268,0.000000,109
4814,85670273758184,13.333353,1.475560,0.443206,11.851672,0.000000,109
4815,85670287091537,13.394335,1.908522,0.420999,11.478337,0.000000,109
4816,85670300485872,13.329119,0.919679,1.238772,12.401588,0.000000,109
4817,85670313814991,13.333474,1.615611,0.420249,11.711670,0.000000,109
4818,85670327148465,13.334012,1.065429,0.816754,12.262330,0.000000,109
4819,85670340482477,13.334606,1.325729,0.603987,12.001577,0.000000,109
4820,85670353817083,13.331174,3.923334,0.520160,9.401265,0.000000,109
4821,85670367148257,13.334416,0.970866,0.532904,12.357532,0.000000,109
4822,85670380482673,13.335523,0.956171,0.557047,12.373112,0.000000,109
4823,85670393818196,13.332640,1.084104,0.383268,12.240631,0.000000,109
4824,85670407150836,13.332927,1.081986,0.519387,12.244267,0.000000,109
4825,85670420483763,13.335246,0.987118,0.575499,12.340358,0.000000,109
4826,85670433819009,13.332573,1.207464,0.603317,12.118073,0.000000,109
4827,85670447151582,13.333358,1.586218,0.597409,11.737632,0.000000,109
4828,85670460484940,13.329883,3.944908,0.594407,9.378730,0.000000,109
4829,85670473814823,13.335181,0.992657,0.479958,12.336388,0.000000,109
4830,85670487150004,13.334662,1.035106,0.562706,12.292948,0.000000,109
4831,85670500484666,13.334364,1.067941,0.530805,12.259605,0.000000,109
4832,85670513819030,13.331391,1.066145,0.478760,12.257669,0.000000,109
4833,85670527150421,13.334177,1.017946,0.631592,12.309843,0.000000,109
4834,85670540484598,13.333106,1.080951,0.544977,12.244362,0.000000,109
4835,85670553817704,13.333860,1.414590,0.552529,11.912412,0.000000,109
4836,85670567151564,13.330112,3.847861,0.407056,9.476569,0.000000,109
4837,85670580481676,13.337996,0.788353,0.460677,12.543537,0.000000,109
4838,85670593819672,13.331206,1.067047,0.454463,12.256949,0.000000,109
4839,85670607150878,13.331599,1.389514,0.552501,11.936480,0.000000,109
4840,85670620482477,13.334634,0.785505,0.449452,12.543083,0.000000,109
4841,85670633817111,13.333960,0.929970,0.432051,12.397845,0.000000,109
4842,85670647151071,13.333283,0.925516,0.450291,12.401241,0.000000,109
4843,85670660484354,13.336406,1.156376,0.543207,12.172445,0.000000,109
4844,85670673820760,13.329803,5.063349,0.448537,8.260006,0.000000,109
4845,85670687150563,13.332402,1.994180,0.320304,11.332204,0.000000,109
4846,85670700482965,13.339147,0.708886,0.388032,12.623191,0.000000,109
4847,85670713822112,13.329518,1.025824,0.348835,12.296589,0.000000,109
4848,85670727151630,13.335541,0.878145,0.392879,12.451802,0.000000,109
4849,85670740487171,13.334473,0.812161,0.415933,12.516222,0.000000,109
4850,85670753821644,13.330987,0.892431,0.303133,12.431875,0.000000,109
4851,85670767152631,13.333494,1.068250,0.365260,12.258402,0.000000,109
4852,85670780486125,13.334126,3.462885,0.329207,9.864643,0.000000,109
4853,85670793820251,13.332851,0.947351,0.317232,12.379735,0.000000,109
4854,85670807153102,13.333053,2.395013,0.502504,10.932203,0.000000,109
4855,85670820486155,13.335247,0.819173,0.405431,12.509861,0.000000,109
4856,85670833821402,13.331663,0.969988,0.457485,12.355606,0.000000,109
4857,85670847153065,13.331382,1.149593,0.346173,12.175432,0.000000,109
4858,85670860484447,13.335682,0.833118,0.421014,12.496627,0.000000,109
4859,85670873820129,13.332636,1.813315,0.378162,11.512608,0.000000,109
4860,85670887152765,13.331679,3.474974,0.334045,9.850923,0.000000,109
4861,85670900484444,13.335324,0.804529,0.413717,12.524880,0.000000,109
4862,85670913819768,13.334600,0.891649,0.422115,12.436348,0.000000,109
4863,85670927154368,13.331638,2.134436,0.344197,11.190666,0.000000,109
4864,85670940486006,13.333607,0.916385,0.352017,12.411849,0.000000,109
4865,85670953819613,13.334722,0.865193,0.375026,12.463477,0.000000,109
4866,85670967154335,13.331576,0.928388,0.459537,12.397439,0.000000,109
4867,85670980485911,13.332170,0.966530,0.390208,12.359509,0.000000,109
4868,85670993818081,13.333494,3.465291,0.372934,9.862715,0.000000,109
4869,85671007151575,13.333377,0.822536,0.409902,12.505634,0.000000,109
4870,85671020484952,13.334672,0.726351,0.408054,12.603126,0.000000,109
4871,85671033819624,13.332973,0.858244,0.400213,12.468903,0.000000,109
4872,85671047152597,13.332880,0.842266,1.401281,12.484796,0.000000,109
4873,85671060485477,13.333888,0.749463,0.379465,12.578895,0.000000,109
4874,85671073819365,13.336044,0.896393,0.390869,12.433911,0.000000,109
4875,85671087155409,13.331018,1.089671,0.361070,12.234962,0.000000,109
4876,85671100486427,13.332283,3.488944,0.330239,9.837892,0.000000,109
4877,85671113818710,13.336966,0.806625,0.385757,12.524927,0.000000,109
4878,85671127155676,13.330850,0.954293,0.356094,12.370450,0.000000,109
4879,85671140486526,13.334103,0.780601,0.441269,12.547863,0.000000,109
4880,85671153820629,13.332041,0.922277,0.364164,12.402745,0.000000,109
4881,85671167152670,13.334434,0.895011,0.346180,12.434240,0.000000,109
4882,85671180487104,13.333682,0.763374,0.375448,12.564882,0.000000,109
4883,85671193820786,13.331283,1.214868,0.392684,12.110803,0.000000,109
4884,85671207152069,13.333874,3.587461,0.348740,9.741908,0.000000,109
4885,85671220485943,13.335746,0.721471,0.281093,12.608657,0.000000,109
4886,85671233821689,13.332770,0.889686,0.403916,12.437396,0.000000,109
4887,85671247154459,13.333873,0.863281,0.402362,12.464491,0.000000,109
4888,85671260488332,13.332277,0.800878,0.261584,12.525676,0.000000,109
4889,85671273820609,13.331645,0.837154,0.250562,12.489372,0.000000,109
4890,85671287152254,13.333873,0.789969,0.353164,12.537907,0.000000,109
4891,85671300486127,13.332988,0.914278,0.411974,12.413771,0.000000,109
4892,85671313819115,13.333454,3.512743,0.336876,9.815212,0.000000,109
4893,85671327152569,13.333668,0.775023,0.339009,12.553527,0.000000,109
4894,85671340486237,13.332930,0.719362,0.363940,12.607924,0.000000,109
4895,85671353819167,13.333254,0.749416,0.268011,12.579016,0.000000,109
4896,85671367152421,13.334616,0.761325,0.350261,12.568702,0.000000,109
4897,85671380487037,13.331869,0.750111,0.375330,12.577066,0.000000,109
4898,85671393818906,13.335557,0.873458,0.350824,12.456983,0.000000,109
4899,85671407154463,13.333176,1.035409,0.436528,12.290649,0.000000,109
4900,85671420487639,13.331116,3.390251,0.366132,9.936029,0.000000,109
4901,85671433818755,13.335191,0.861483,0.361337,12.468939,0.000000,109
4902,85671447153946,13.334540,0.927290,0.262455,12.401870,0.000000,109
4903,85671460488486,13.332665,0.883323,0.304271,12.442562,0.000000,109
4904,85671473821151,13.334759,0.907607,0.345333,12.420950,0.000000,109
4905,85671487155910,13.332785,0.832266,0.353838,12.494714,0.000000,109
4906,85671500488695,13.332546,0.750794,0.328978,12.575403,0.000000,109
4907,85671513821241,13.334955,1.117590,0.420550,12.211540,0.000000,109
4908,85671527156196,13.329485,3.538131,0.274966,9.785870,0.000000,109
4909,85671540485681,13.336771,0.667858,0.250316,12.664208,0.000000,109
4910,85671553822452,13.331444,0.815853,0.241405,12.509959,0.000000,109
4911,85671567153896,13.335754,0.890759,0.252378,12.439759,0.000000,109
4912,85671580489650,13.333329,0.786719,0.318978,12.540591,0.000000,109
4913,85671593822979,13.330664,0.838286,0.210812,12.486748,0.000000,109
4914,85671607153643,13.333452,0.770705,0.315161,12.557711,0.000000,109
4915,85671620487095,13.333869,0.875453,0.381610,12.453062,0.000000,109
4916,85671633820964,13.332196,3.446628,0.333809,9.880757,0.000000,109
4917,85671647153160,13.335607,0.702992,0.312652,12.628450,0.000000,109
4918,85671660488767,13.332401,0.731699,0.323454,12.595024,0.000000,109
4919,85671673821168,13.334160,0.754407,0.328668,12.574176,0.000000,109
4920,85671687155328,13.332253,0.816368,0.341490,12.510310,0.000000,109
4921,85671700487581,13.333507,0.712940,0.280793,12.615036,0.000000,109
4922,85671713821088,13.335303,0.834582,0.251247,12.494903,0.000000,109
4923,85671727156391,13.332069,1.249737,0.345035,12.076527,0.000000,109
4924,85671740488460,13.333048,3.419248,0.238961,9.907690,0.000000,109
4925,85671753821508,13.334683,0.944115,0.290300,12.384510,0.000000,109
4926,85671767156191,13.333079,0.886769,0.245317,12.439442,0.000000,109
4927,85671780489270,13.335017,0.787802,0.336906,12.540662,0.000000,109
4928,85671793824287,13.332304,0.997258,0.345746,12.328742,0.000000,109
4929,85671807156591,13.332244,0.840314,0.322698,12.486707,0.000000,109
4930,85671820488835,13.336520,0.643786,0.266674,12.686980,0.000000,109
4931,85671833825355,13.332031,1.253118,0.357541,12.072067,0.000000,109
4932,85671847157386,13.332047,3.501080,0.251371,9.824677,0.000000,109
4933,85671860489433,13.336658,0.773443,0.294362,12.556296,0.000000,109
4934,85671873826091,13.335117,0.928451,0.382442,12.399551,0.000000,109
4935,85671887161208,13.331126,0.911448,0.377858,12.412196,0.000000,109
4936,85671900492334,13.332026,0.901323,0.376870,12.423576,0.000000,109
4937,85671913824360,13.333561,0.992083,0.367820,12.335024,0.000000,109
4938,85671927157921,13.334634,0.953769,0.382858,12.374344,0.000000,109
4939,85671940492555,13.332997,0.992844,0.449804,12.333339,0.000000,109
4940,85671953825552,13.331812,3.490119,0.322895,9.834922,0.000000,109
4941,85671967157364,13.335048,1.160640,0.339237,12.167154,0.000000,109
4942,85671980492412,13.334091,0.902033,0.360149,12.425012,0.000000,109
4943,85671993826503,13.332860,0.973526,0.337275,12.351432,0.000000,109
4944,85672007159363,13.331192,1.050508,0.316130,12.274068,0.000000,109
4945,85672020490555,13.333636,0.760608,0.248392,12.567897,0.000000,109
4946,85672033824191,13.332183,0.871672,0.331697,12.455592,0.000000,109
4947,85672047156374,13.333717,1.057283,0.379038,12.270799,0.000000,109
4948,85672060490091,13.332405,3.237689,0.325295,10.089567,0.000000,109
4949,85672073822496,13.337146,0.842652,0.294005,12.488749,0.000000,109
4950,85672087159642,13.332838,0.891242,0.267771,12.435469,0.000000,109
4951,85672100492480,13.333671,0.781277,0.309620,12.546635,0.000000,109
4952,85672113826151,13.334864,0.844217,0.317373,12.484864,0.000000,109
4953,85672127161015,13.332434,0.890639,0.346732,12.435064,0.000000,109
4954,85672140493449,13.330994,0.810854,0.310470,12.513781,0.000000,109
4955,85672153824443,13.339208,1.005642,0.344018,12.325797,0.000000,109
4956,85672167163651,13.329369,3.441994,0.332486,9.879938,0.000000,109
4957,85672180493020,13.331672,0.785021,0.336818,12.540328,0.000000,109
4958,85672193824692,13.335079,0.815890,0.249829,12.512556,0.000000,109
4959,85672207159771,13.334242,0.902417,0.355613,12.424946,0.000000,109
4960,85672220494013,13.334786,0.852869,0.365473,12.474511,0.000000,110
4961,85672233828799,13.333193,0.909739,0.328008,12.415827,0.000000,110
4962,85672247161992,13.330122,0.902971,0.329401,12.421005,0.000000,110
4963,85672260492114,13.334592,1.397977,0.309591,11.930540,0.000000,110
4964,85672273826706,13.333429,3.366305,0.243566,9.958807,0.000000,110
4965,85672287160135,13.332898,0.899657,0.258625,12.427092,0.000000,110
4966,85672300493033,13.334247,0.807773,0.304018,12.520136,0.000000,110
4967,85672313827280,13.332718,0.855993,0.259797,12.470250,0.000000,110
4968,85672327159998,13.332222,0.890926,0.246644,12.434700,0.000000,110
4969,85672340492220,13.335945,0.816236,0.268763,12.512731,0.000000,110
4970,85672353828165,13.329740,1.008455,0.217193,12.314526,0.000000,110
4971,85672367157905,13.337728,1.084865,0.235822,12.246472,0.000000,110
4972,85672380495633,13.338114,3.499430,0.274607,9.828894,0.000000,110
4973,85672393833747,13.325749,0.998752,0.247829,12.318873,0.000000,110
4974,85672407159496,13.334514,0.924353,0.230661,12.403420,0.000000,110
4975,85672420494010,13.333293,0.897758,0.327414,12.429876,0.000000,110
4976,85672433827303,13.331071,1.003287,0.335530,12.320867,0.000000,110
4977,85672447158374,13.335065,0.796263,0.261820,12.532511,0.000000,110
4978,85672460493439,13.334503,0.833749,0.335790,12.494856,0.000000,110
4979,85672473827942,13.331698,1.185521,0.353129,12.139809,0.000000,110
4980,85672487159640,13.334776,3.567553,0.329141,9.760846,0.000000,110
4981,85672500494416,13.336292,0.800714,0.347427,12.526161,0.000000,110
4982,85672513830708,13.330850,0.841702,0.338736,12.482596,0.000000,110
4983,85672527161558,13.332768,0.876343,0.339245,12.449992,0.000000,110
4984,85672540494326,13.333104,0.770314,0.376906,12.556840,0.000000,110
4985,85672553827430,13.334632,1.056581,0.448751,12.270928,0.000000,110
4986,85672567162062,13.335074,1.031088,0.381052,12.296088,0.000000,110
4987,85672580497136,13.332453,1.047231,0.332841,12.278067,0.000000,110
4988,85672593829589,13.333183,3.379124,0.293759,9.946896,0.000000,110
4989,85672607162772,13.333372,0.891067,0.285905,12.434935,0.000000,110
4990,85672620496144,13.333057,0.870308,0.315917,12.455775,0.000000,110
4991,85672633829201,13.334604,0.965304,0.391767,12.362181,0.000000,110
4992,85672647163805,13.332839,0.888500,0.352653,12.436734,0.000000,110
4993,85672660496644,13.333588,0.782517,0.397682,12.544478,0.000000,110
4994,85672673830232,13.331917,0.981176,0.459504,12.343996,0.000000,110
4995,85672687162149,13.333137,1.123304,0.419290,12.203829,0.000000,110
4996,85672700495286,13.333939,3.244834,0.311825,10.081525,0.000000,110
4997,85672713829225,13.332469,0.912175,0.332405,12.414185,0.000000,110
4998,85672727161694,13.334066,0.986101,0.400045,12.342020,0.000000,110
4999,85672740495760,13.334068,0.782229,0.330387,12.545307,0.000000,110
5000,85672753829828,13.333750,0.955832,0.291774,12.370665,0.000000,110
5001,85672767163578,13.332078,0.914367,0.294437,12.410778,0.000000,110
5002,85672780495656,13.334690,0.717280,0.308698,12.610695,0.000000,110
5003,85672793830346,13.331107,1.077195,0.509308,12.247636,0.000000,110
5004,85672807161453,13.396150,4.780694,0.323287,8.604112,0.000000,110
5005,85672820557603,13.318651,1.332375,0.473651,11.968576,0.000000,110
5006,85672833876254,13.332034,0.890907,0.455499,12.435040,0.000000,110
5007,85672847208288,13.332841,0.844019,0.451357,12.482705,0.000000,110
5008,85672860541129,13.335661,0.758252,0.449881,12.570303,0.000000,110
5009,85672873876790,13.331837,0.859947,0.346445,12.465812,0.000000,110
5010,85672887208627,13.334276,0.841893,0.461862,12.486130,0.000000,110
5011,85672900542903,13.334285,0.981886,0.450631,12.346072,0.000000,110
5012,85672913877188,13.332236,3.434899,0.422740,9.890093,0.000000,110
5013,85672927209424,13.334103,0.930392,0.325653,12.396375,0.000000,110
5014,85672940543527,13.333660,0.722822,0.334539,12.603880,0.000000,110
5015,85672953877187,13.333622,0.791134,0.318962,12.536279,0.000000,110
5016,85672967210809,13.331407,0.796739,0.324486,12.529310,0.000000,110
5017,85672980542216,13.333387,0.708825,0.256393,12.619023,0.000000,110
5018,85672993875603,13.335416,0.779239,0.302853,12.549881,0.000000,110
5019,85673007211019,13.332052,1.008182,0.463798,12.318299,0.000000,110
5020,85673020543071,13.332348,3.252778,0.331330,10.073163,0.000000,110
5021,85673033875419,13.335417,0.830963,0.271218,12.497882,0.000000,110
5022,85673047210836,13.331849,0.836004,0.449400,12.489582,0.000000,110
5023,85673060542685,13.334098,0.739655,0.301948,12.587883,0.000000,110
5024,85673073876783,13.333661,0.797858,0.356117,12.529565,0.000000,110
5025,85673087210444,13.334119,0.839929,0.348515,12.487535,0.000000,110
5026,85673100544563,13.331708,0.740615,0.347565,12.584525,0.000000,110
5027,85673113876271,13.335848,1.091616,0.424302,12.238067,0.000000,110
5028,85673127212119,13.330500,3.390857,0.406140,9.932771,0.000000,110
5029,85673140542619,13.334677,0.725960,0.396436,12.602458,0.000000,110
5030,85673153877296,13.335014,0.939973,0.403306,12.388086,0.000000,110
5031,85673167212310,13.331887,0.972820,0.389117,12.351266,0.000000,110
5032,85673180544197,13.333368,0.782930,0.360203,12.543690,0.000000,110
5033,85673193877565,13.333399,0.806109,0.348651,12.520407,0.000000,110
5034,85673207210964,13.334065,0.810893,0.339556,12.516872,0.000000,110
5035,85673220545029,13.333587,0.941028,0.328047,12.385397,0.000000,110
5036,85673233878616,13.331537,3.364780,0.377639,9.960039,0.000000,110
5037,85673247210153,13.334258,0.797580,0.355721,12.530900,0.000000,110
5038,85673260544411,13.333130,0.733875,0.409033,12.592926,0.000000,110
5039,85673273877541,13.333180,0.836924,0.410093,12.489611,0.000000,110
5040,85673287210721,13.334125,0.831323,0.346690,12.496644,0.000000,110
5041,85673300544846,13.332688,0.749645,0.401739,12.576654,0.000000,110
5042,85673313877534,13.333401,0.828749,0.393149,12.498197,0.000000,110
5043,85673327210935,13.334459,1.056534,0.387485,12.272131,0.000000,110
5044,85673340545394,13.331504,4.314968,0.381834,9.009755,0.000000,110
5045,85673353876898,13.334393,0.932687,0.390133,12.396030,0.000000,110
5046,85673367211291,13.335130,0.833416,0.389710,12.493102,0.000000,110
5047,85673380546421,13.332135,0.756744,0.392935,12.568054,0.000000,110
5048,85673393878556,13.332716,0.830796,0.411102,12.495183,0.000000,110
5049,85673407211272,13.334738,0.811501,0.291007,12.517018,0.000000,110
5050,85673420546010,13.331908,0.743255,0.287869,12.581804,0.000000,110
5051,85673433877918,13.334629,1.024769,0.408270,12.303915,0.000000,110
5052,85673447212547,13.331099,4.414261,0.318890,8.910661,0.000000,110
5053,85673460543646,13.334269,0.674563,0.366290,12.654071,0.000000,110
5054,85673473877915,13.333470,0.770265,0.363286,12.556783,0.000000,110
5055,85673487211385,13.334292,0.796027,0.380934,12.532268,0.000000,110
5056,85673500545677,13.333253,0.751363,0.410887,12.574268,0.000000,110
5057,85673513878930,13.336407,0.908085,0.415376,12.421567,0.000000,110
5058,85673527215337,13.330523,0.881213,0.390182,12.442239,0.000000,110
5059,85673540545860,13.332520,0.922509,0.386416,12.403414,0.000000,110
5060,85673553878380,13.333420,3.249172,0.387553,10.078398,0.000000,110
5061,85673567211800,13.582119,0.784067,0.384853,12.788519,0.000000,110
5062,85673580793919,13.327332,1.148709,0.387762,12.165587,0.000000,110
5063,85673594121251,13.330417,0.822011,0.355240,12.502772,0.000000,110
5064,85673607451668,13.334487,0.762182,0.394933,12.567076,0.000000,110
5065,85673620786155,13.333793,0.704224,0.353243,12.623591,0.000000,110
5066,85673634119948,13.333432,0.843416,0.385596,12.483973,0.000000,110
5067,85673647453380,13.331762,1.032250,0.388247,12.293776,0.000000,110
5068,85673660785142,13.334904,3.255087,0.383721,10.073840,0.000000,110
5069,85673674120046,13.331934,0.806596,0.406233,12.519480,0.000000,110
5070,85673687451980,13.333972,0.798196,0.388282,12.530035,0.000000,110
5071,85673700785952,13.334715,0.761640,0.418432,12.566675,0.000000,110
5072,85673714120667,13.332692,0.845419,0.295200,12.481522,0.000000,110
5073,85673727453359,13.332927,0.835903,0.346435,12.490402,0.000000,110
5074,85673740786286,13.337119,0.770398,0.400625,12.559647,0.000000,110
5075,85673754123405,13.330904,1.072411,0.409077,12.251231,0.000000,110
5076,85673767454309,13.332836,3.495338,0.375931,9.831370,0.000000,110
5077,85673780787145,13.336184,0.677674,0.387644,12.651688,0.000000,110
5078,85673794123329,13.330638,0.845475,0.309121,12.477753,0.000000,110
5079,85673807453967,13.334209,0.786989,0.394333,12.540548,0.000000,110
5080,85673820788176,13.334419,0.715129,0.376765,12.612136,0.000000,110
5081,85673834122595,13.332508,0.986340,0.294016,12.338834,0.000000,110
5082,85673847455103,13.331742,0.813227,0.283479,12.512103,0.000000,110
5083,85673860786845,13.356838,1.235039,0.415617,12.111373,0.000000,110
5084,85673874143683,13.321410,4.561694,0.359564,8.744708,0.000000,110
5085,85673887465093,13.334581,0.753577,0.292978,12.574834,0.000000,110
5086,85673900799674,13.333239,0.700760,0.353034,12.626101,0.000000,110
5087,85673914132913,13.333258,0.778153,0.354232,12.549071,0.000000,110
5088,85673927466171,13.330452,0.797702,0.362445,12.526353,0.000000,110
5089,85673940796623,13.332791,0.609976,0.277399,12.717753,0.000000,110
5090,85673954129414,13.339030,0.819508,0.361473,12.512707,0.000000,110
5091,85673967468444,13.330503,1.071569,0.314085,12.251155,0.000000,110
5092,85673980798947,13.332968,3.231043,1.117096,10.096266,0.000000,110
5093,85673994131915,13.333965,1.338500,0.329967,11.989424,0.000000,110
5094,85674007465880,13.333452,0.966566,0.294842,12.360494,0.000000,110
5095,85674020799332,13.332834,0.781984,0.427854,12.545250,0.000000,110
5096,85674034132166,13.335192,0.827328,0.412927,12.501935,0.000000,110
5097,85674047467358,13.331257,0.856105,0.400358,12.468548,0.000000,110
5098,85674060798615,13.333348,0.708051,0.384274,12.619928,0.000000,110
5099,85674074131963,13.333981,1.020832,0.318774,12.307594,0.000000,110
5100,85674087465944,13.332756,3.290666,0.399177,10.035537,0.000000,110
5101,85674100798700,13.332699,0.769684,0.403393,12.557674,0.000000,110
5102,85674114131399,13.334389,0.779915,0.266516,12.548135,0.000000,110
5103,85674127465788,13.333723,0.799020,0.274174,12.528471,0.000000,110
5104,85674140799511,13.337762,0.752092,0.384415,12.579095,0.000000,110
5105,85674154137273,13.342480,0.931143,0.460215,12.399687,0.000000,110
5106,85674167479753,13.324331,1.457710,0.365376,11.855330,0.000000,110
5107,85674180804084,13.332328,2.953403,0.421235,10.371367,0.000000,110
5108,85674194136412,13.333198,3.407478,0.389247,9.917711,0.000000,110
5109,85674207469610,13.330022,1.329399,0.316184,11.993816,0.000000,110
5110,85674220799632,13.335183,1.099439,1.229983,12.229850,0.000000,110
5111,85674234134815,13.332796,2.780638,0.393259,10.544735,0.000000,110
5112,85674247467611,13.335077,0.878806,0.448198,12.449397,0.000000,110
5113,85674260802688,13.332414,0.811422,0.437429,12.513496,0.000000,110
5114,85674274135102,13.334673,0.893207,0.448444,12.434221,0.000000,110
5115,85674287469775,13.330764,1.247825,0.736546,12.076134,0.000000,110
5116,85674300800539,13.332176,3.197709,0.402163,10.128576,0.000000,110
5117,85674314132715,13.333415,0.825396,0.419886,12.503096,0.000000,110
5118,85674327466130,13.335745,0.769759,0.416517,12.559568,0.000000,110
5119,85674340801875,13.332533,0.757516,0.414329,12.568042,0.000000,110
5120,85674354134408,13.332640,0.872531,0.436246,12.454371,0.000000,110
5121,85674367467048,13.336374,0.811850,0.317015,12.517686,0.000000,110
5122,85674380803422,13.331001,0.804660,0.407163,12.518762,0.000000,111
5123,85674394134423,13.333291,1.053749,0.421327,12.273184,0.000000,111
5124,85674407467714,13.338119,3.369144,0.465089,9.961643,0.000000,111
5125,85674420805833,13.328439,2.027143,0.455473,11.293019,0.000000,111
5126,85674434134272,13.335014,0.841907,0.456097,12.486877,0.000000,111
5127,85674447469286,13.344531,0.833464,0.438059,12.499606,0.000000,111
5128,85674460813817,13.320786,0.903251,0.470724,12.407498,0.000000,111
5129,85674474134603,13.333532,0.907400,0.414671,12.419987,0.000000,111
5130,85674487468135,13.334252,0.891097,0.417682,12.435954,0.000000,111
5131,85674500802387,13.332396,1.125933,0.454033,12.199493,0.000000,111
5132,85674514134783,13.333675,3.356741,0.424709,9.971109,0.000000,111
5133,85674527468458,13.333968,0.895527,0.481201,12.432419,0.000000,111
5134,85674540802426,13.336294,0.862377,0.440917,12.466353,0.000000,111
5135,85674554138720,13.330474,0.977509,0.427242,12.345098,0.000000,111
5136,85674567469194,13.334348,1.099114,0.407413,12.228760,0.000000,111
5137,85674580803542,13.334793,0.777972,0.411508,12.549610,0.000000,111
5138,85674594138335,13.330447,0.912918,0.408390,12.410772,0.000000,111
5139,85674607468782,13.334268,1.016082,0.400872,12.311323,0.000000,111
5140,85674620803050,13.335016,3.219800,0.390121,10.107970,0.000000,111
5141,85674634138066,13.329722,0.890224,0.385821,12.433747,0.000000,111
5142,85674647467788,13.334005,0.787894,0.395380,12.540564,0.000000,111
5143,85674660801793,13.336212,0.706353,0.476899,12.623492,0.000000,111
5144,85674674138005,13.331330,1.276527,0.395668,12.048026,0.000000,111
5145,85674687469335,13.333518,0.811392,0.426826,12.515811,0.000000,111
5146,85674700802853,13.332582,0.756951,0.389513,12.569803,0.000000,111
5147,85674714135435,13.333936,0.984730,0.338688,12.343285,0.000000,111
5148,85674727469371,13.331967,3.459735,0.306464,9.866567,0.000000,111
5149,85674740801338,13.334823,0.733966,0.419310,12.595302,0.000000,111
5150,85674754136161,13.334388,0.830305,0.410907,12.497567,0.000000,111
5151,85674767470549,13.337045,0.857253,0.462859,12.471866,0.000000,111
5152,85674780807594,13.330826,0.910932,0.392084,12.410395,0.000000,111
5153,85674794138420,13.332395,0.877845,0.387215,12.447074,0.000000,111
5154,85674807470815,13.333180,0.856019,0.338458,12.470239,0.000000,111
5155,85674820803995,13.333044,0.959337,0.339960,12.367209,0.000000,111
5156,85674834137039,13.337910,3.423352,0.369192,9.907374,0.000000,111
5157,85674847474949,13.330731,1.186981,0.424350,12.135109,0.000000,111
5158,85674860805680,13.331816,0.832702,0.479826,12.491509,0.000000,111
5159,85674874137496,13.333047,1.140523,0.296762,12.185654,0.000000,111
5160,85674887470543,13.332953,0.839761,0.295705,12.485779,0.000000,111
5161,85674900803496,13.338633,0.695948,0.243898,12.635188,0.000000,111
5162,85674914142129,13.332410,0.834552,0.248462,12.489806,0.000000,111
5163,85674927474539,13.329049,1.024639,0.247869,12.296725,0.000000,111
5164,85674940803588,13.332046,3.182718,0.238207,10.142971,0.000000,111
5165,85674954135634,13.333639,0.730450,0.363331,12.597466,0.000000,111
5166,85674967469273,13.334847,0.842397,0.351047,12.486092,0.000000,111
5167,85674980804120,13.331852,0.697164,0.291207,12.628984,0.000000,111
5168,85674994135972,13.335320,0.814303,0.333850,12.515187,0.000000,111
5169,85675007471292,13.333120,0.807210,0.343134,12.519343,0.000000,111
5170,85675020804412,13.332046,0.714120,0.339059,12.612022,0.000000,111
5171,85675034136458,13.336318,0.921017,0.365146,12.409167,0.000000,111
5172,85675047472776,13.332927,3.335361,0.350159,9.990719,0.000000,111
5173,85675060805703,13.330967,0.677007,0.421029,12.647479,0.000000,111
5174,85675074136670,13.334110,0.728731,0.346515,12.599962,0.000000,111
5175,85675087470780,13.337151,0.820119,0.351284,12.509219,0.000000,111
5176,85675100807931,13.330849,0.843952,0.356701,12.479372,0.000000,111
5177,85675114138780,13.333167,0.941041,0.326727,12.384381,0.000000,111
5178,85675127471947,13.334498,0.861886,0.346626,12.465296,0.000000,111
5179,85675140806445,13.332599,1.084774,0.326011,12.239937,0.000000,111
5180,85675154139044,13.341351,3.573047,0.322922,9.755515,0.000000,111
5181,85675167480395,13.325875,0.860405,0.343063,12.456561,0.000000,111
5182,85675180806270,13.333032,0.805825,0.294168,12.519972,0.000000,111
5183,85675194139302,13.333650,0.883164,0.325994,12.443182,0.000000,111
5184,85675207472952,13.334450,0.873474,0.348302,12.453181,0.000000,111
5185,85675220807402,13.333807,0.811024,0.342989,12.514507,0.000000,111
5186,85675234141209,13.336044,0.973051,0.391802,12.353607,0.000000,111
5187,85675247477253,13.330774,1.306778,0.352058,12.015859,0.000000,111
5188,85675260808027,13.333329,3.302806,0.324619,10.022089,0.000000,111
5189,85675274141356,13.331117,0.799357,0.396827,12.525327,0.000000,111
5190,85675287472473,13.340001,0.940420,0.370303,12.387965,0.000000,111
5191,85675300812474,13.326782,1.024427,0.320490,12.291553,0.000000,111
5192,85675314139256,13.335587,0.861282,0.321296,12.464948,0.000000,111
5193,85675327474843,13.331012,0.852812,0.243422,12.471964,0.000000,111
5194,85675340805855,13.333976,0.738072,0.237155,12.588392,0.000000,111
5195,85675354139831,13.333346,1.042750,0.539238,12.282550,0.000000,111
5196,85675367473177,13.334887,3.324817,0.413458,10.001465,0.000000,111
5197,85675380808064,13.333825,0.840234,0.344895,12.484139,0.000000,111
5198,85675394141889,13.331737,0.780314,0.353513,12.545305,0.000000,111
5199,85675407473626,13.341070,0.845254,0.353583,12.487007,0.000000,111
5200,85675420814696,13.324940,1.059578,0.364302,12.257358,0.000000,111
5201,85675434139636,13.336969,0.809030,0.340630,12.519978,0.000000,111
5202,85675447476605,13.332085,0.795593,0.374786,12.529864,0.000000,111
5203,85675460808690,13.331122,1.657106,0.370447,11.667546,0.000000,111
5204,85675474139812,13.333314,3.313465,0.342316,10.013833,0.000000,111
5205,85675487473126,13.334168,0.800689,0.331638,12.527351,0.000000,111
5206,85675500807294,13.334191,0.874877,0.302370,12.452307,0.000000,111
5207,85675514141485,13.331703,0.860454,0.353568,12.464772,0.000000,111
5208,85675527473188,13.332865,0.769150,0.377119,12.557759,0.000000,111
5209,85675540806053,13.334759,0.950351,0.328788,12.378234,0.000000,111
5210,85675554140812,13.333971,0.869247,0.329714,12.457191,0.000000,111
5211,85675567474783,13.333264,1.116788,0.342996,12.210226,0.000000,111
5212,85675580808047,13.336917,3.221975,0.358204,10.106618,0.000000,111
5213,85675594144964,13.333318,0.961208,0.331180,12.363064,0.000000,111
5214,85675607478282,13.328678,0.812507,0.437233,12.509278,0.000000,111
5215,85675620806960,13.334308,0.894464,0.390250,12.432916,0.000000,111
5216,85675634141268,13.335980,1.138478,0.365897,12.189579,0.000000,111
5217,85675647477248,13.332375,1.062966,0.390898,12.260888,0.000000,111
5218,85675660809623,13.337649,1.127240,0.393994,12.202561,0.000000,111
5219,85675674147272,13.326837,1.642722,0.330266,11.676416,0.000000,111
5220,85675687474109,13.336068,3.754370,0.317605,9.572957,0.000000,111
5221,85675700810177,13.332541,0.901435,0.263062,12.421449,0.000000,111
5222,85675714142718,13.330422,1.114176,0.345782,12.209935,0.000000,111
5223,85675727473140,13.342011,0.893355,0.298608,12.438848,0.000000,111
5224,85675740815151,13.327424,0.893992,0.385104,12.426895,0.000000,111
5225,85675754142575,13.332192,1.018684,0.386026,12.307205,0.000000,111
5226,85675767474767,13.332210,1.109639,0.393380,12.216161,0.000000,111
5227,85675780806977,13.333368,1.050167,0.339078,12.276048,0.000000,111
5228,85675794140345,13.333419,3.412692,0.377435,9.915363,0.000000,111
5229,85675807473764,13.334320,0.860995,0.403196,12.467424,0.000000,111
5230,85675820808084,13.334491,0.824243,0.428581,12.503509,0.000000,111
5231,85675834142575,13.334208,1.043420,0.440844,12.285078,0.000000,111
5232,85675847476783,13.332668,1.030131,0.350045,12.295219,0.000000,111
5233,85675860809451,13.333218,0.871455,0.426200,12.455351,0.000000,111
5234,85675874142669,13.333057,1.042876,0.444818,12.283413,0.000000,111
5235,85675887475726,13.332890,1.204556,0.354791,12.121947,0.000000,111
5236,85675900808616,13.333501,3.268823,0.335043,10.058056,0.000000,111
5237,85675914142117,13.334106,0.816778,0.341684,12.511556,0.000000,111
5238,85675927476223,13.334014,0.836374,0.328121,12.491050,0.000000,111
5239,85675940810237,13.337535,0.874784,0.259816,12.453591,0.000000,111
5240,85675954147772,13.329145,1.062706,0.356215,12.258492,0.000000,111
5241,85675967476917,13.330980,1.042397,0.223235,12.282404,0.000000,111
5242,85675980807897,13.336183,0.698313,0.283650,12.631583,0.000000,111
5243,85675994144080,13.334713,1.141536,0.229772,12.185369,0.000000,111
5244,85676007478793,13.330645,3.343251,0.227792,9.979062,0.000000,111
5245,85676020809438,13.334141,0.800878,0.260259,12.526174,0.000000,111
5246,85676034143579,13.333427,0.891131,0.238262,12.435727,0.000000,111
5247,85676047477006,13.339691,0.848999,0.295108,12.479850,0.000000,111
5248,85676060816697,13.328016,0.795538,0.238383,12.524077,0.000000,111
5249,85676074144713,13.332043,0.980831,0.222767,12.344013,0.000000,111
5250,85676087476756,13.333055,0.912091,0.229617,12.413600,0.000000,112
5251,85676100809811,13.333454,0.946857,0.174921,12.380764,0.000000,112
5252,85676114143265,13.333098,3.278088,0.178810,10.046996,0.000000,112
5253,85676127476363,13.333193,0.747120,0.167835,12.579702,0.000000,112
5254,85676140809556,13.334300,0.653269,0.240170,12.675236,0.000000,112
5255,85676154143856,13.332696,0.795414,0.227021,12.530369,0.000000,112
5256,85676167476552,13.335553,0.783387,0.262233,12.545141,0.000000,112
5257,85676180812105,13.334073,0.787656,0.244500,12.539616,0.000000,112
5258,85676194146178,13.331274,0.960309,0.284243,12.363988,0.000000,112
5259,85676207477452,13.333619,1.054338,0.215604,12.272023,0.000000,112
5260,85676220811071,13.334432,3.258762,0.215440,10.067894,0.000000,112
5261,85676234145503,13.335675,0.876384,0.218042,12.449473,0.000000,112
5262,85676247481178,13.330992,0.788589,0.211078,12.534458,0.000000,112
5263,85676260812170,13.335815,0.724768,0.215531,12.601382,0.000000,112
5264,85676274147985,13.329356,0.803067,0.280429,12.518840,0.000000,112
5265,85676287477341,13.334624,0.806714,0.219398,12.521158,0.000000,112
5266,85676300811965,13.334870,0.763131,0.224806,12.564025,0.000000,112
5267,85676314146835,13.333380,1.065528,0.225718,12.260393,0.000000,112
5268,85676327480215,13.332711,3.362796,0.312388,9.962170,0.000000,112
5269,85676340812926,13.337106,0.882602,0.206096,12.444181,0.000000,112
5270,85676354150032,13.329794,0.945409,0.209029,12.376746,0.000000,112
5271,85676367479826,13.333173,0.859806,0.280387,12.466079,0.000000,112
5272,85676380812999,13.331268,0.769901,0.203293,12.553559,0.000000,112
5273,85676394144267,13.335588,0.725312,0.215264,12.603305,0.000000,112
5274,85676407479855,13.332990,0.779663,0.220993,12.545283,0.000000,112
5275,85676420812845,13.330631,0.959745,0.203733,12.363381,0.000000,112
5276,85676434143476,13.338195,3.211528,0.202679,10.119185,0.000000,112
5277,85676447481671,13.331073,0.795607,0.235163,12.527839,0.000000,112
5278,85676460812744,13.331059,0.666310,0.256212,12.657824,0.000000,112
5279,85676474143803,13.336793,0.769313,0.214271,12.560194,0.000000,112
5280,85676487480596,13.330872,0.766076,0.272090,12.557460,0.000000,112
5281,85676500811468,13.334608,0.682089,0.238092,12.646143,0.000000,112
5282,85676514146076,13.332945,0.811911,0.257059,12.514102,0.000000,112
5283,85676527479021,13.332976,1.115589,0.202577,12.209646,0.000000,112
5284,85676540811997,13.335070,3.458683,0.208359,9.868238,0.000000,112
5285,85676554147067,13.333968,0.977230,0.221373,12.347759,0.000000,112
5286,85676567481035,13.334265,0.958965,0.155645,12.364061,0.000000,112
5287,85676580815300,13.331442,0.799609,0.153178,12.525314,0.000000,112
5288,85676594146742,13.333195,0.930845,0.156531,12.394518,0.000000,112
5289,85676607479937,13.332131,0.938223,0.145534,12.386848,0.000000,112
5290,85676620812068,13.335269,0.808569,0.147718,12.520339,0.000000,112
5291,85676634147337,13.334172,1.226360,0.144340,12.099591,0.000000,112
5292,85676647481509,13.333968,3.418060,0.148220,9.907212,0.000000,112
5293,85676660815477,13.336106,0.663089,0.138319,12.661046,0.000000,112
5294,85676674151583,13.328938,0.917096,0.149324,12.402940,0.000000,112
5295,85676687480521,13.335709,0.857776,0.137160,12.469807,0.000000,112
5296,85676700816230,13.330800,0.783822,0.172031,12.539769,0.000000,112
5297,85676714147030,13.333245,0.770676,0.211897,12.556680,0.000000,112
5298,85676727480275,13.333309,0.853615,0.206641,12.472319,0.000000,112
5299,85676740813584,13.334836,1.051696,0.201743,12.276561,0.000000,112
5300,85676754148420,13.332688,3.334322,0.195681,9.990982,0.000000,112
5301,85676767481108,13.332910,0.680076,0.197369,12.646355,0.000000,112
5302,85676780814018,13.332760,0.639259,0.202225,12.687666,0.000000,112
5303,85676794146778,13.332499,0.768280,0.247393,12.557249,0.000000,112
5304,85676807479277,13.333184,0.830221,0.251614,12.497545,0.000000,112
5305,85676820812461,13.338385,0.706039,0.206007,12.625837,0.000000,112
5306,85676834150846,13.328550,0.725182,0.185817,12.596415,0.000000,112
5307,85676847479396,13.332621,1.061652,0.177329,12.265341,0.000000,112
5308,85676860812017,13.334609,3.074896,0.247642,10.253945,0.000000,112
5309,85676874146626,13.332587,0.750109,0.192259,12.576973,0.000000,112
5310,85676887479213,13.334182,0.817518,0.213932,12.510809,0.000000,112
5311,85676900813395,13.335707,0.688794,0.217976,12.639351,0.000000,112
5312,85676914149102,13.330571,0.797472,0.146313,12.526286,0.000000,112
5313,85676927479673,13.334361,0.790184,0.183704,12.538074,0.000000,112
5314,85676940814034,13.334467,0.690278,0.141588,12.636889,0.000000,112
5315,85676954148501,13.331534,1.011786,0.190938,12.312791,0.000000,112
5316,85676967480035,13.338603,3.372518,0.181479,9.957098,0.000000,112
5317,85676980818638,13.331023,0.597453,0.206165,12.724300,0.000000,112
5318,85676994149661,13.331539,0.756406,0.181380,12.568223,0.000000,112
5319,85677007481200,13.331555,0.701067,0.177161,12.624743,0.000000,112
5320,85677020812755,13.334237,0.636844,0.189849,12.690167,0.000000,112
5321,85677034146992,13.331249,0.678382,0.228513,12.647375,0.000000,112
5322,85677047478241,13.333934,0.631733,0.237857,12.697299,0.000000,112
5323,85677060812175,13.334624,0.864954,0.189047,12.463699,0.000000,112
5324,85677074146799,13.332493,3.249269,0.198082,10.077671,0.000000,112
5325,85677087479292,13.336293,0.719685,0.185243,12.609336,0.000000,112
5326,85677100815585,13.331593,0.614638,0.156933,12.711003,0.000000,112
5327,85677114147178,13.343028,0.750754,0.181329,12.581691,0.000000,112
5328,85677127490206,13.324090,0.866327,0.209088,12.451267,0.000000,112
5329,85677140814296,13.333123,0.653393,0.194731,12.673312,0.000000,112
5330,85677154147419,13.332264,0.635049,0.240901,12.692136,0.000000,112
5331,85677167479683,13.335490,1.160589,0.176578,12.169474,0.000000,112
5332,85677180815173,13.337569,3.468854,0.185097,9.858494,0.000000,112
5333,85677194152742,13.331709,0.879267,0.197303,12.444369,0.000000,112
5334,85677207484451,13.328898,0.875914,0.188202,12.444491,0.000000,112
5335,85677220813349,13.345908,0.721882,0.150843,12.615299,0.000000,112
5336,85677234159257,13.323943,0.877313,0.146050,12.438021,0.000000,112
5337,85677247483200,13.331387,0.961035,0.157427,12.363028,0.000000,112
5338,85677260814587,13.338242,0.714807,0.143886,12.614406,0.000000,112
5339,85677274152829,13.331158,1.260247,0.150343,12.062631,0.000000,112
5340,85677287483987,13.330307,3.859517,0.163761,9.462914,0.000000,112
5341,85677300814294,13.339484,0.672715,0.140224,12.658683,0.000000,112
5342,85677314153778,13.328964,1.167100,0.147858,12.153390,0.000000,112
5343,85677327482742,13.332899,0.874200,0.143818,12.450757,0.000000,112
5344,85677340815641,13.332128,0.679501,0.136194,12.646388,0.000000,112
5345,85677354147769,13.333955,0.878783,0.156210,12.448957,0.000000,112
5346,85677367481724,13.335733,0.733595,0.175535,12.594613,0.000000,112
5347,85677380817457,13.330955,0.952317,0.178677,12.371190,0.000000,112
5348,85677394148412,13.335566,3.480952,0.181933,9.846856,0.000000,112
5349,85677407483978,13.332598,0.794730,0.204317,12.531456,0.000000,112
5350,85677420816576,13.333124,0.762115,0.187094,12.563704,0.000000,112
5351,85677434149700,13.333485,0.828341,0.160998,12.498528,0.000000,112
5352,85677447483185,13.333569,0.820480,0.153710,12.506577,0.000000,112
5353,85677460816754,13.333623,0.790964,0.174908,12.536245,0.000000,112
5354,85677474150377,13.333018,0.886295,0.107880,12.439925,0.000000,112
5355,85677487483395,13.333705,1.077826,0.145220,12.248344,0.000000,112
5356,85677500817100,13.333707,3.528530,0.211504,9.798853,0.000000,112
5357,85677514150807,13.332484,0.810629,0.193623,12.515338,0.000000,112
5358,85677527483291,13.335291,0.842226,0.214851,12.485166,0.000000,112
5359,85677540818582,13.331346,0.761186,0.222701,12.562936,0.000000,112
5360,85677554149928,13.332157,0.848748,0.358594,12.476375,0.000000,112
5361,85677567482085,13.332936,0.816309,0.221397,12.511468,0.000000,112
5362,85677580815021,13.342812,0.633823,0.211799,12.699097,0.000000,112
5363,85677594157833,13.325524,1.139106,0.201180,12.178752,0.000000,112
5364,85677607483357,13.334885,3.628828,0.209713,9.699332,0.000000,112
5365,85677620818242,13.333273,0.738381,0.254551,12.586981,0.000000,112
5366,85677634151515,13.332858,0.859157,0.235398,12.466229,0.000000,112
5367,85677647484373,13.333643,0.889352,0.203338,12.437219,0.000000,112
5368,85677660818016,13.332749,0.733764,0.218192,12.591351,0.000000,112
5369,85677674150765,13.335238,0.874277,0.511671,12.453212,0.000000,112
5370,85677687486003,13.336416,0.988308,0.328797,12.339382,0.000000,112
5371,85677700822419,13.330890,1.189260,0.258215,12.132714,0.000000,112
5372,85677714153309,13.333981,3.670050,0.365531,9.654596,0.000000,112
5373,85677727487290,13.332299,1.029995,0.332688,12.294325,0.000000,112
5374,85677740819589,13.333246,0.983499,0.276692,12.341452,0.000000,112
5375,85677754152835,13.350135,0.907905,0.261036,12.435193,0.000000,112
5376,85677767502970,13.332799,0.933328,0.298106,12.392700,0.000000,112
5377,85677780835769,13.334598,0.860971,0.268126,12.467002,0.000000,112
5378,85677794170367,13.334188,1.221929,0.351433,12.104732,0.000000,112
5379,85677807504555,13.330776,1.345361,0.423205,11.978619,0.000000,112
5380,85677820835331,13.333968,3.692112,0.332542,9.634602,0.000000,112
5381,85677834169299,13.334921,1.000185,0.374231,12.326170,0.000000,112
5382,85677847504220,13.333117,1.345063,0.319987,11.981059,0.000000,112
5383,85677860837337,13.334180,0.827428,0.315428,12.499693,0.000000,112
5384,85677874171517,13.333148,0.959836,0.352284,12.365430,0.000000,112
5385,85677887504665,13.332635,0.949658,0.325562,12.376613,0.000000,112
5386,85677900837300,13.335634,0.888812,0.336130,12.439076,0.000000,112
5387,85677914172934,13.332020,1.296989,0.311179,12.028055,0.000000,112
5388,85677927504954,13.331767,3.837875,0.364172,9.487894,0.000000,112
5389,85677940836721,13.336109,0.851660,0.386952,12.477663,0.000000,113
5390,85677954172830,13.332568,1.016324,0.338724,12.308031,0.000000,113
5391,85677967505398,13.333718,1.052309,0.423822,12.274417,0.000000,113
5392,85677980839116,13.333261,1.885127,0.332433,11.440650,0.000000,113
5393,85677994172377,13.333801,1.322139,0.367199,12.004226,0.000000,113
5394,85678007506178,13.333297,1.165272,0.344421,12.160713,0.000000,113
5395,85678020839475,13.333003,1.249832,0.362123,12.075551,0.000000,113
5396,85678034172478,13.333630,3.986340,0.300023,9.339668,0.000000,113
5397,85678047506108,13.333636,1.061853,0.314348,12.265014,0.000000,113
5398,85678060839744,13.333285,0.929376,0.280493,12.396195,0.000000,113
5399,85678074173029,13.333617,1.092197,0.332903,12.234185,0.000000,113
5400,85678087506646,13.333356,1.060884,0.304332,12.265412,0.000000,113
5401,85678100840002,13.333093,0.864496,0.262418,12.462262,0.000000,113
5402,85678114173095,13.333811,1.187740,0.329548,12.139292,0.000000,113
5403,85678127506906,13.332297,1.562709,0.296028,11.762690,0.000000,113
5404,85678140839203,13.334497,3.605613,0.206680,9.721702,0.000000,113
5405,85678154173700,13.332979,1.012240,0.214468,12.312170,0.000000,113
5406,85678167506679,13.331621,1.015848,0.196639,12.308815,0.000000,113
5407,85678180838300,13.333800,0.873973,0.190330,12.452789,0.000000,113
5408,85678194172100,13.332639,0.924772,0.202684,12.400993,0.000000,113
5409,85678207504739,13.335294,0.867879,0.257816,12.461160,0.000000,113
5410,85678220840033,13.335029,0.775624,0.276125,12.552242,0.000000,113
5411,85678234175062,13.333423,1.227739,0.346580,12.098038,0.000000,113
5412,85678247508485,13.331816,3.802707,0.268927,9.521468,0.000000,113
5413,85678260840301,13.333951,0.925801,0.295296,12.401543,0.000000,113
5414,85678274174252,13.334362,1.062245,0.255706,12.264917,0.000000,113
5415,85678287508614,13.332254,1.120602,0.314551,12.203732,0.000000,113
5416,85678300840868,13.334472,0.978412,0.253408,12.348582,0.000000,113
5417,85678314175340,13.333351,1.037192,0.260084,12.289071,0.000000,113
5418,85678327508691,13.352121,1.162452,0.289954,12.181539,0.000000,113
5419,85678340860812,13.334605,1.218700,0.225590,12.108947,0.000000,113
5420,85678354195417,13.330538,3.693917,0.258941,9.629172,0.000000,113
5421,85678367525955,13.334020,1.034593,0.233556,12.293349,0.000000,113
5422,85678380859975,13.333502,0.899130,0.251217,12.426506,0.000000,113
5423,85678394193477,13.333901,0.975796,0.202972,12.350707,0.000000,113
5424,85678407527378,13.332963,0.912891,0.194236,12.412182,0.000000,113
5425,85678420860341,13.332948,0.808180,0.187653,12.517116,0.000000,113
5426,85678434193289,13.334197,0.857473,0.186608,12.469163,0.000000,113
5427,85678447527486,13.337512,1.104779,0.189281,12.225557,0.000000,113
5428,85678460864998,13.328629,3.581644,0.182442,9.739671,0.000000,113
5429,85678474193627,13.332542,0.831097,0.209386,12.494667,0.000000,113
5430,85678487526169,13.368007,0.814252,0.227189,12.546860,0.000000,113
5431,85678500894176,13.333672,0.740840,0.253508,12.585060,0.000000,113
5432,85678514227848,13.332633,0.864018,0.253766,12.461572,0.000000,113
5433,85678527560481,13.335017,0.880715,0.249543,12.447115,0.000000,113
5434,85678540895498,13.356451,0.824011,0.350001,12.524830,0.000000,113
5435,85678554251949,13.330891,1.250402,0.216150,12.074001,0.000000,113
5436,85678567582840,13.335739,3.311965,0.289023,10.016335,0.000000,113
5437,85678580918579,13.334241,0.703919,0.340719,12.623496,0.000000,113
5438,85678594252820,13.333474,0.943515,0.294360,12.383341,0.000000,113
5439,85678607586294,13.333820,0.851502,0.299064,12.476150,0.000000,113
5440,85678620920114,13.334087,0.745230,0.354305,12.582442,0.000000,113
5441,85678634254201,13.331294,0.923408,0.321408,12.400560,0.000000,113
5442,85678647585495,13.333395,0.799654,0.328716,12.527508,0.000000,113
5443,85678660918890,13.331448,0.992840,0.472533,12.332951,0.000000,113
5444,85678674250338,13.333913,3.540210,0.352584,9.788491,0.000000,113
5445,85678687584251,13.333835,0.759736,0.364754,12.567691,0.000000,113
5446,85678700918086,13.331320,0.720835,0.332168,12.604867,0.000000,113
5447,85678714249406,13.335153,0.724156,0.327458,12.605296,0.000000,113
5448,85678727584559,13.332430,0.715041,0.355220,12.611890,0.000000,113
5449,85678740916989,13.340252,0.805244,0.370510,12.525724,0.000000,113
5450,85678754257241,13.326871,0.958712,0.557062,12.359258,0.000000,113
5451,85678767584112,13.334187,0.987174,0.371488,12.342382,0.000000,113
5452,85678780918299,13.332442,3.607488,0.414731,9.719363,0.000000,113
5453,85678794250741,13.335887,0.839987,0.430325,12.489809,0.000000,113
5454,85678807586628,13.339685,0.900927,0.440152,12.429004,0.000000,113
5455,85678820926313,13.325317,0.995126,0.493880,12.323469,0.000000,113
5456,85678834251630,13.336188,0.880214,0.451719,12.450341,0.000000,113
5457,85678847587818,13.331547,0.944682,0.368828,12.380771,0.000000,113
5458,85678860919365,13.333281,0.761956,0.393626,12.564091,0.000000,113
5459,85678874252646,13.335263,1.088117,0.387711,12.241018,0.000000,113
5460,85678887587909,13.333104,3.483448,0.575764,9.841651,0.000000,113
5461,85678900921013,13.335698,1.205948,0.458841,12.122496,0.000000,113
5462,85678914256711,13.332525,1.269726,0.496768,12.054775,0.000000,113
5463,85678927589236,13.331089,1.022635,0.358747,12.301483,0.000000,113
5464,85678940920325,13.334411,0.849966,0.598928,12.477777,0.000000,113
5465,85678954254736,13.334822,1.134585,0.459090,12.192991,0.000000,113
5466,85678967589558,13.329724,1.066763,0.618154,12.255121,0.000000,113
5467,85678980919282,13.333937,1.000607,0.489903,12.327685,0.000000,113
5468,85678994253219,13.333258,3.484669,0.680680,9.842725,0.000000,113
5469,85679007586477,13.334431,0.922866,0.449812,12.405335,0.000000,113
5470,85679020920908,13.333642,1.015611,0.502118,12.311171,0.000000,113
5471,85679034254550,13.333717,1.178840,0.477206,12.148708,0.000000,113
5472,85679047588267,13.330342,0.989476,0.378675,12.335103,0.000000,113
5473,85679060918609,13.339275,0.817947,0.654241,12.513869,0.000000,113
5474,85679074257884,13.330808,1.130844,0.664589,12.192570,0.000000,113
5475,85679087588692,13.334285,1.208666,0.354759,12.116358,0.000000,113
5476,85679100922977,13.331541,3.488194,0.464285,9.834953,0.000000,113
5477,85679114254518,13.338113,0.925093,0.348831,12.403872,0.000000,113
5478,85679127592631,13.331219,1.266290,0.357436,12.056679,0.000000,113
5479,85679140923850,13.341363,1.067331,0.368290,12.264971,0.000000,113
5480,85679154265213,13.332445,2.524627,0.694798,10.800148,0.000000,113
5481,85679167597658,13.336089,1.285013,0.587941,12.041190,0.000000,113
5482,85679180933747,13.331465,1.085193,0.580729,12.237422,0.000000,113
5483,85679194265212,13.332212,1.440183,0.597671,11.885172,0.000000,113
5484,85679207597424,13.342500,4.220609,0.410841,9.111739,0.000000,113
5485,85679220939924,13.328246,0.976567,0.490858,12.342771,0.000000,113
5486,85679234268170,13.333594,1.116153,0.405934,12.209047,0.000000,113
5487,85679247601764,13.332348,1.329441,0.480989,11.995464,0.000000,113
5488,85679260934112,13.332660,1.092648,0.373483,12.232175,0.000000,113
5489,85679274266772,13.330326,1.039856,0.382548,12.283009,0.000000,113
5490,85679287597098,13.339462,1.238590,0.393543,12.091679,0.000000,113
5491,85679300936560,13.329529,3.308601,0.384469,10.013261,0.000000,113
5492,85679314266089,13.332754,3.812246,0.384297,9.514410,0.000000,113
5493,85679327598843,13.334543,1.399637,0.391351,11.928098,0.000000,113
5494,85679340933386,13.331928,0.933191,0.515377,12.391585,0.000000,113
5495,85679354265314,13.333090,1.237118,0.500605,12.088638,0.000000,113
5496,85679367598404,13.332993,1.213778,0.323526,12.112913,0.000000,113
5497,85679380931397,13.335936,0.920992,0.322418,12.407082,0.000000,113
5498,85679394267333,13.329612,1.119798,0.493875,12.201812,0.000000,113
5499,85679407596945,13.337360,1.301295,0.472222,12.028222,0.000000,113
5500,85679420934305,13.331925,3.987278,0.482340,9.336123,0.000000,113
5501,85679434266230,13.333536,1.043650,0.386169,12.283465,0.000000,113
5502,85679447599766,13.339914,1.210007,0.564096,12.118813,0.000000,113
5503,85679460939680,13.331897,1.229799,0.743272,12.089543,0.000000,113
5504,85679474271577,13.331412,1.660913,0.543738,11.659118,0.000000,113
5505,85679487602989,13.330877,1.313197,0.567157,12.009644,0.000000,113
5506,85679500933866,13.336383,1.097061,0.574060,12.231595,0.000000,113
5507,85679514270249,13.328369,1.562457,0.531225,11.756307,0.000000,113
5508,85679527598618,13.336096,3.905904,0.461678,9.422150,0.000000,113
5509,85679540934714,13.339224,1.005502,0.480897,12.327260,0.000000,113
5510,85679554273938,13.339345,1.289193,0.459093,12.038892,0.000000,113
5511,85679567613283,13.330820,1.172584,0.480153,12.150030,0.000000,113
5512,85679580944103,13.333699,1.079682,0.346692,12.246326,0.000000,113
5513,85679594277802,13.333177,1.125802,0.498748,12.198614,0.000000,113
5514,85679607610979,13.333318,1.120091,0.513856,12.205756,0.000000,113
5515,85679620944297,13.334487,1.345361,0.514701,11.981102,0.000000,113
5516,85679634278784,13.331601,3.978213,0.483773,9.345561,0.000000,113
5517,85679647610385,13.334305,1.213041,0.448725,12.114665,0.000000,113
5518,85679660944690,13.335421,1.057409,0.481271,12.269694,0.000000,113
5519,85679674280111,13.332621,1.132249,0.472271,12.191607,0.000000,113
5520,85679687612732,13.334800,1.107450,0.494864,12.217722,0.000000,113
5521,85679700947532,13.354238,1.071819,0.512660,12.268353,0.000000,113
5522,85679714301770,13.323623,1.101422,0.512145,12.212075,0.000000,113
5523,85679727625393,13.338084,1.580985,0.526004,11.745724,0.000000,113
5524,85679740963477,13.326790,3.833564,0.481563,9.485432,0.000000,113
5525,85679754290267,13.336026,1.056194,0.522112,12.272182,0.000000,113
5526,85679767626293,13.332857,1.765051,0.492318,11.558606,0.000000,113
5527,85679780959150,13.334298,1.078249,0.500929,12.246244,0.000000,113
5528,85679794293448,13.331541,1.174670,0.462314,12.147577,0.000000,114
5529,85679807624989,13.332129,1.310469,0.442741,12.014195,0.000000,114
5530,85679820957118,13.337721,1.055604,0.492928,12.273963,0.000000,114
5531,85679834294839,13.330572,2.714971,0.498329,10.607112,0.000000,114
5532,85679847625411,13.330565,3.795269,0.414180,9.527821,0.000000,114
5533,85679860955976,13.335523,0.889730,0.374628,12.438154,0.000000,114
5534,85679874291499,13.334952,1.362435,0.342154,11.963975,0.000000,114
5535,85679887626451,13.334593,1.146661,0.467039,12.176671,0.000000,114
5536,85679900961044,13.331148,0.982389,0.380552,12.340132,0.000000,114
5537,85679914292192,13.338175,1.511119,0.364194,11.816457,0.000000,114
5538,85679927630367,13.326477,1.388719,0.319318,11.929175,0.000000,114
5539,85679940956844,13.334548,1.451998,0.549127,11.875818,0.000000,114
5540,85679954291392,13.334097,4.007254,0.444563,9.317139,0.000000,114
5541,85679967625489,13.334101,1.117229,0.440798,12.208137,0.000000,114
5542,85679980959590,13.333228,1.250615,0.496715,12.074501,0.000000,114
5543,85679994292818,13.334506,1.403150,0.489940,11.919983,0.000000,114
5544,85680007627324,13.331283,1.155736,0.505607,12.169724,0.000000,114
5545,85680020958607,13.335468,0.869250,0.448802,12.458150,0.000000,114
5546,85680034294075,13.336936,1.118703,0.474650,12.209421,0.000000,114
5547,85680047631011,13.329045,1.489579,0.554416,11.831076,0.000000,114
5548,85680060960056,13.332107,3.593130,0.468776,9.731311,0.000000,114
5549,85680074292163,13.336654,1.146962,0.541994,12.182570,0.000000,114
5550,85680087628817,13.336541,1.625247,0.350765,11.698277,0.000000,114
5551,85680100965358,13.328471,1.053054,0.367242,12.265897,0.000000,114
5552,85680114293829,13.336828,1.189315,0.495290,12.138328,0.000000,114
5553,85680127630657,13.326595,1.422757,0.572736,11.895650,0.000000,114
5554,85680140957252,13.334837,1.212238,0.692757,12.116907,0.000000,114
5555,85680154292089,13.334001,1.588745,0.359298,11.738181,0.000000,114
5556,85680167626090,13.346353,3.885837,0.307791,9.451516,0.000000,114
5557,85680180972443,13.337665,1.026788,0.309779,12.295716,0.000000,114
5558,85680194310108,13.328391,1.180291,0.331065,12.136039,0.000000,114
5559,85680207638499,13.331950,1.364182,0.311620,11.959088,0.000000,114
5560,85680220970449,13.336939,0.982359,0.332733,12.344608,0.000000,114
5561,85680234307388,13.328166,1.208586,0.309969,12.112102,0.000000,114
5562,85680247635554,13.345235,1.301940,0.354415,12.030716,0.000000,114
5563,85680260980789,13.322969,1.266393,0.430131,12.046855,0.000000,114
5564,85680274303758,13.334362,3.906579,0.360244,9.419810,0.000000,114
5565,85680287638120,13.335865,1.358316,0.453994,11.969104,0.000000,114
5566,85680300973985,13.331407,1.086006,0.478301,12.237894,0.000000,114
5567,85680314305392,13.341956,1.120064,0.482140,12.211382,0.000000,114
5568,85680327647348,13.330983,1.321696,0.502031,11.997437,0.000000,114
5569,85680340978331,13.331441,1.059365,0.456430,12.263390,0.000000,114
5570,85680354309772,13.334682,1.125859,0.346701,12.200763,0.000000,114
5571,85680367644454,13.334789,1.528080,0.363205,11.797287,0.000000,114
5572,85680380979243,13.329833,3.851808,0.493666,9.467866,0.000000,114
5573,85680394309076,13.332963,1.069536,0.452896,12.256454,0.000000,114
5574,85680407642039,13.334994,1.198194,0.524188,12.128217,0.000000,114
5575,85680420977033,13.332535,1.145972,0.499419,12.177265,0.000000,114
5576,85680434309568,13.334020,1.401516,0.480311,11.924857,0.000000,114
5577,85680447643588,13.334503,1.206018,0.573249,12.121225,0.000000,114
5578,85680460978091,13.332199,1.165316,0.540581,12.158659,0.000000,114
5579,85680474310290,13.333142,1.527995,0.657836,11.796967,0.000000,114
5580,85680487643432,13.332936,4.020064,1.210030,9.305613,0.000000,114
5581,85680500976368,13.333880,1.192061,0.553778,12.135044,0.000000,114
5582,85680514310248,13.332678,1.127333,0.524545,12.198582,0.000000,114
5583,85680527642926,13.335216,1.103991,0.505781,12.223278,0.000000,114
5584,85680540978142,13.335373,1.094583,0.528150,12.230736,0.000000,114
5585,85680554313515,13.330087,1.184945,0.451434,12.137284,0.000000,114
5586,85680567643602,13.344341,1.158428,0.488393,12.172525,0.000000,114
5587,85680580987943,13.320785,1.354689,0.644030,11.957239,0.000000,114
5588,85680594308728,13.332845,4.091407,0.438668,9.235532,0.000000,114
5589,85680607641573,13.342867,0.958812,0.497779,12.375591,0.000000,114
5590,85680620984440,13.327801,1.225079,0.503484,12.094167,0.000000,114
5591,85680634312241,13.338689,1.306308,0.500821,12.023135,0.000000,114
5592,85680647650930,13.340049,1.234839,0.494460,12.090900,0.000000,114
5593,85680660990979,13.323396,1.059469,0.547578,12.254630,0.000000,114
5594,85680674314375,13.330669,1.422711,0.472051,11.898955,0.000000,114
5595,85680687645044,13.332091,1.554602,0.514847,11.771681,0.000000,114
5596,85680700977135,13.334858,3.739418,0.537742,9.588884,0.000000,114
5597,85680714311993,13.332583,1.209014,0.480180,12.117181,0.000000,114
5598,85680727644576,13.333089,1.182390,0.555458,12.144223,0.000000,114
5599,85680740977665,13.339202,1.160611,0.636367,12.172360,0.000000,114
5600,85680754316867,13.333682,1.423866,0.569449,11.902586,0.000000,114
5601,85680767650549,13.333251,1.209688,0.563919,12.116918,0.000000,114
5602,85680780983800,13.333973,1.168291,0.503363,12.158113,0.000000,114
5603,85680794317773,13.332088,1.503786,0.467328,11.820724,0.000000,114
5604,85680807649861,13.333243,3.888050,0.506908,9.438515,0.000000,114
5605,85680820983104,13.334916,1.021477,0.391352,12.307116,0.000000,114
5606,85680834318020,13.333859,1.217674,0.324549,12.108253,0.000000,114
5607,85680847651879,13.334154,1.262789,0.364894,12.062458,0.000000,114
5608,85680860986033,13.335048,1.169882,0.463588,12.155573,0.000000,114
5609,85680874321081,13.332423,1.167175,0.484158,12.155787,0.000000,114
5610,85680887653504,13.333410,1.186616,0.351997,12.136825,0.000000,114
5611,85680900986914,13.331884,1.343329,0.349308,11.980514,0.000000,114
5612,85680914318798,13.329879,3.592502,0.535075,9.730330,0.000000,114
5613,85680927648677,13.337264,0.998721,0.385925,12.331503,0.000000,114
5614,85680940985941,13.330964,1.108326,0.412758,12.216952,0.000000,114
5615,85680954316905,13.333642,0.978827,0.584739,12.348849,0.000000,114
5616,85680967650547,13.334381,1.115411,0.575442,12.210855,0.000000,114
5617,85680980984928,13.331863,0.923627,0.504717,12.401885,0.000000,114
5618,85680994316791,13.333687,1.025180,0.583735,12.302303,0.000000,114
5619,85681007650478,13.332967,1.369788,0.459817,11.957967,0.000000,114
5620,85681020983445,13.332355,3.359035,0.506915,9.967473,0.000000,114
5621,85681034315800,13.336942,0.909367,0.600733,12.421339,0.000000,114
5622,85681047652742,13.330824,1.090685,0.547467,12.233936,0.000000,114
5623,85681060983566,13.333904,1.014422,0.527579,12.313506,0.000000,114
5624,85681074317470,13.332574,1.112387,0.553479,12.214575,0.000000,114
5625,85681087650044,13.335060,1.141115,0.545508,12.187822,0.000000,114
5626,85681100985104,13.333014,0.954774,0.795114,12.372441,0.000000,114
5627,85681114318118,13.333208,1.132618,0.347195,12.194934,0.000000,114
5628,85681127651326,13.331123,3.400484,0.309233,9.924898,0.000000,114
5629,85681140982449,13.336269,0.728286,0.384282,12.602729,0.000000,114
5630,85681154318718,13.335889,1.141169,0.403342,12.188092,0.000000,114
5631,85681167654607,13.332038,1.041620,0.559664,12.283431,0.000000,114
5632,85681180986645,13.331352,1.008189,0.425479,12.316382,0.000000,114
5633,85681194317997,13.333928,1.268518,0.478491,12.059724,0.000000,114
5634,85681207651925,13.335119,1.132175,0.414203,12.195219,0.000000,114
5635,85681220987044,13.332585,1.374015,0.650801,11.951466,0.000000,114
5636,85681234319629,13.330198,3.821927,0.514325,9.501283,0.000000,114
5637,85681247649827,13.336836,1.003528,0.536775,12.327355,0.000000,114
5638,85681260986663,13.331518,1.077272,0.418742,12.248031,0.000000,115
5639,85681274318181,13.333247,1.221935,0.401583,12.105042,0.000000,115
5640,85681287651428,13.335765,1.282898,0.575673,12.045461,0.000000,115
5641,85681300987193,13.331940,1.891213,0.517656,11.432445,0.000000,115
5642,85681314319133,13.333716,0.999188,0.563406,12.328801,0.000000,115
5643,85681327652849,13.333483,1.190819,0.508741,12.136837,0.000000,115
5644,85681340986332,13.333104,3.331876,0.488839,9.994081,0.000000,115
5645,85681354319436,13.333787,0.981254,0.510782,12.346326,0.000000,115
5646,85681367653223,13.333940,1.257467,0.616714,12.069145,0.000000,115
5647,85681380987163,13.344962,1.151169,0.586369,12.187009,0.000000,115
5648,85681394332125,13.339501,1.110457,0.458972,12.221891,0.000000,115
5649,85681407671626,13.330138,1.132415,0.395048,12.191233,0.000000,115
5650,85681421001764,13.331072,1.226283,0.535498,12.098131,0.000000,115
5651,85681434332836,13.335924,1.512836,0.443086,11.817981,0.000000,115
5652,85681447668760,13.331739,3.470736,0.470699,9.855135,0.000000,115
5653,85681461000499,13.333834,0.739968,0.388458,12.588670,0.000000,115
5654,85681474334333,13.336160,0.987726,0.359585,12.342386,0.000000,115
5655,85681487670493,13.331118,0.886545,0.668799,12.438707,0.000000,115
5656,85681501001611,13.333416,0.901044,0.425742,12.426271,0.000000,115
5657,85681514335027,13.336755,0.949344,0.493593,12.380040,0.000000,115
5658,85681527671782,13.330088,0.878293,0.482245,12.446352,0.000000,115
5659,85681541001870,13.332958,1.014330,0.504218,12.313248,0.000000,115
5660,85681554334828,13.334690,3.406815,0.535447,9.921829,0.000000,115
5661,85681567669518,13.332340,0.982466,0.499396,12.344471,0.000000,115
5662,85681581001858,13.334463,0.980621,0.547142,12.347948,0.000000,115
5663,85681594336321,13.335570,1.216505,0.463130,12.112753,0.000000,115
5664,85681607671891,13.330789,0.939142,0.465664,12.375661,0.000000,115
5665,85681621002680,13.332518,0.798095,0.465924,12.528241,0.000000,115
5666,85681634335198,13.337304,0.941758,0.464958,12.389407,0.000000,115
5667,85681647672502,13.328809,1.123450,0.526266,12.199949,0.000000,115
5668,85681661001311,13.332658,3.333521,0.448882,9.993511,0.000000,115
5669,85681674333969,13.337108,0.874442,0.466575,12.457112,0.000000,115
5670,85681687671077,13.333522,0.826716,1.253208,12.501418,0.000000,115
5671,85681701004599,13.332807,0.778240,0.469806,12.549436,0.000000,115
5672,85681714337406,13.335318,1.024048,0.467582,12.305176,0.000000,115
5673,85681727672724,13.332498,1.018876,0.563763,12.307509,0.000000,115
5674,85681741005222,13.332815,0.980862,0.549032,12.345505,0.000000,115
5675,85681754338037,13.333039,1.237663,0.471007,12.089935,0.000000,115
5676,85681767671076,13.333453,3.365206,0.431076,9.963378,0.000000,115
5677,85681781004529,13.332569,0.686406,0.461015,12.641294,0.000000,115
5678,85681794337098,13.332669,0.947252,0.617795,12.380283,0.000000,115
5679,85681807669767,13.333793,0.900862,0.541437,12.427944,0.000000,115
5680,85681821003560,13.333810,1.510107,0.478605,11.818222,0.000000,115
5681,85681834337370,13.334341,0.885061,0.482971,12.443388,0.000000,115
5682,85681847671711,13.332615,0.839025,0.494315,12.488856,0.000000,115
5683,85681861004326,13.333060,0.965083,0.452051,12.362244,0.000000,115
5684,85681874337386,13.333831,3.318178,0.465997,10.011311,0.000000,115
5685,85681887671217,13.331984,0.803194,0.459824,12.523847,0.000000,115
5686,85681901003201,13.333991,0.741626,0.486633,12.587500,0.000000,115
5687,85681914337192,13.333849,0.779201,0.481241,12.549804,0.000000,115
5688,85681927671041,13.332716,0.808751,0.464072,12.519403,0.000000,115
5689,85681941003757,13.333226,0.723219,0.437188,12.605558,0.000000,115
5690,85681954336983,13.335775,0.785940,0.469294,12.544316,0.000000,115
5691,85681967672758,13.331279,1.015379,0.455169,12.310501,0.000000,115
5692,85681981004037,13.332699,3.257779,0.421148,10.069760,0.000000,115
5693,85681994336736,13.334717,0.737359,0.449070,12.592991,0.000000,115
5694,85682007671453,13.332973,0.803060,0.472416,12.525101,0.000000,115
5695,85682021004426,13.334029,0.724670,0.430510,12.603784,0.000000,115
5696,85682034338455,13.335177,0.769437,0.479434,12.560812,0.000000,115
5697,85682047673632,13.332343,0.916973,0.420902,12.409103,0.000000,115
5698,85682061005975,13.333580,0.775739,0.453408,12.552371,0.000000,115
5699,85682074339555,13.334171,1.050853,0.466620,12.277236,0.000000,115
5700,85682087673726,13.330637,3.386765,0.321723,9.938259,0.000000,115
5701,85682101004363,13.334694,0.669260,0.436523,12.660093,0.000000,115
5702,85682114339057,13.333425,0.785928,0.455218,12.542259,0.000000,115
5703,85682127672482,13.331906,0.814467,0.350283,12.512772,0.000000,115
5704,85682141004388,13.335291,0.816087,0.382716,12.514451,0.000000,115
5705,85682154339679,13.334557,0.952548,0.394615,12.375710,0.000000,115
5706,85682167674236,13.332494,0.879337,0.447709,12.446580,0.000000,115
5707,85682181006730,13.331552,0.998531,0.468389,12.328377,0.000000,115
5708,85682194338282,13.332892,3.361750,0.429995,9.966671,0.000000,115
5709,85682207671174,13.334493,0.707262,0.417416,12.622267,0.000000,115
5710,85682221005667,13.333245,0.738215,0.528257,12.589560,0.000000,115
5711,85682234338912,13.344194,0.971049,0.457551,12.368034,0.000000,115
5712,85682247683106,13.332085,0.846811,0.516623,12.480181,0.000000,115
5713,85682261015191,13.331262,1.262464,0.464972,12.064041,0.000000,115
5714,85682274346453,13.333773,0.766031,0.451960,12.563448,0.000000,115
5715,85682287680226,13.333830,1.016392,0.468650,12.312374,0.000000,115
5716,85682301014056,13.332995,3.340406,0.420397,9.987858,0.000000,115
5717,85682314347051,13.334330,0.701942,0.414779,12.627621,0.000000,115
5718,85682327681381,13.335574,0.876911,0.459381,12.453485,0.000000,115
5719,85682341016955,13.333025,0.901119,0.487653,12.425451,0.000000,115
5720,85682354349980,13.334246,1.001654,0.459035,12.326658,0.000000,115
5721,85682367684226,13.334469,0.895600,0.453564,12.432495,0.000000,115
5722,85682381018695,13.331053,0.834289,0.467182,12.490689,0.000000,115
5723,85682394349748,13.333197,1.025606,0.536417,12.301463,0.000000,115
5724,85682407682945,13.332700,3.544762,0.447049,9.781870,0.000000,115
5725,85682421015645,13.333112,0.769217,0.290128,12.558609,0.000000,115
5726,85682434348757,13.333450,0.814824,0.388580,12.512862,0.000000,115
5727,85682447682207,13.335358,0.810324,0.339650,12.519398,0.000000,115
5728,85682461017565,13.331384,1.547849,0.414379,11.776788,0.000000,115
5729,85682474348949,13.333597,0.801876,0.415403,12.526352,0.000000,115
5730,85682487682546,13.333258,0.788502,0.424209,12.539497,0.000000,115
5731,85682501015804,13.333569,0.927251,0.490295,12.400456,0.000000,115
5732,85682514349373,13.331787,3.306099,0.420639,10.020189,0.000000,115
5733,85682527681160,13.336900,0.773465,0.444324,12.557894,0.000000,115
5734,85682541018060,13.333685,0.914556,0.433927,12.412290,0.000000,115
5735,85682554351745,13.332897,0.902347,0.449458,12.424612,0.000000,115
5736,85682567684642,13.333729,0.884165,0.431330,12.443368,0.000000,115
5737,85682581018371,13.333658,0.798878,0.410452,12.528603,0.000000,115
5738,85682594352029,13.332382,0.892687,0.419752,12.434097,0.000000,115
5739,85682607684411,13.332939,1.055926,0.487530,12.270878,0.000000,115
5740,85682621017350,13.332345,3.304580,0.437891,10.021656,0.000000,115
5741,85682634349695,13.334287,0.894741,0.449825,12.433984,0.000000,115
5742,85682647683982,13.334865,0.821980,0.437945,12.507029,0.000000,115
5743,85682661018847,13.330845,0.816945,0.440540,12.507458,0.000000,115
5744,85682674349692,13.336212,0.835179,0.457710,12.495173,0.000000,115
5745,85682687685904,13.333557,0.873241,0.321061,12.453228,0.000000,115
5746,85682701019461,13.334489,0.932691,0.325189,12.393707,0.000000,115
5747,85682714353950,13.330629,1.169983,0.543802,12.154507,0.000000,115
5748,85682727684579,13.331351,3.576163,0.441667,9.750323,0.000000,115
5749,85682741015930,13.336370,0.805475,0.473837,12.525459,0.000000,115
5750,85682754352300,13.333176,1.054078,0.474886,12.273274,0.000000,115
5751,85682767685476,13.333586,0.885478,0.433884,12.441534,0.000000,115
5752,85682781019062,13.334243,0.807825,0.463068,12.520165,0.000000,115
5753,85682794353305,13.333005,0.985342,0.436161,12.341577,0.000000,115
5754,85682807686310,13.333051,1.013137,0.452318,12.313841,0.000000,115
5755,85682821019361,13.334661,1.046853,0.596736,12.280953,0.000000,115
5756,85682834354022,13.332311,3.690411,0.445132,9.635510,0.000000,115
5757,85682847686333,13.333026,0.899818,0.460565,12.427236,0.000000,115
5758,85682861019359,13.333512,0.832054,0.444353,12.494956,0.000000,115
5759,85682874352871,13.332716,0.916293,0.453186,12.410230,0.000000,115
5760,85682887685587,13.335730,0.836844,0.430186,12.492541,0.000000,115
5761,85682901021317,13.332100,0.803921,0.445687,12.520955,0.000000,115
5762,85682914353417,13.332615,0.876411,0.401308,12.450124,0.000000,115
5763,85682927686032,13.333220,1.107332,0.550672,12.219621,0.000000,115
5764,85682941019252,13.332898,3.344966,0.366726,9.981451,0.000000,115
5765,85682954352150,13.334884,1.003803,0.360329,12.325256,0.000000,115
5766,85682967687034,13.332235,0.981731,0.327937,12.344611,0.000000,115
5767,85682981019269,13.332940,0.755919,0.350769,12.570857,0.000000,115
5768,85682994352209,13.333947,0.883489,0.354189,12.444776,0.000000,116
5769,85683007686156,13.334613,0.872316,0.334130,12.455894,0.000000,116
5770,85683021020769,13.332507,0.782382,0.443443,12.544023,0.000000,116
5771,85683034353276,13.333560,1.597822,0.470489,11.728517,0.000000,116
5772,85683047686836,13.331334,3.332336,0.432979,9.993403,0.000000,116
5773,85683061018170,13.334153,0.716644,0.433998,12.612072,0.000000,116
5774,85683074352323,13.336541,0.769665,0.462170,12.559687,0.000000,116
5775,85683087688864,13.332714,0.764248,0.335054,12.561305,0.000000,116
5776,85683101021578,13.332252,0.730905,0.441685,12.593671,0.000000,116
5777,85683114353830,13.332611,0.776873,0.440411,12.549685,0.000000,116
5778,85683127686441,13.332667,0.769655,0.438654,12.557098,0.000000,116
5779,85683141019108,13.333557,0.889579,0.462131,12.438031,0.000000,116
5780,85683154352665,13.333443,3.274025,0.468215,10.053624,0.000000,116
5781,85683167686108,13.333949,0.807377,0.450313,12.519510,0.000000,116
5782,85683181020057,13.331717,0.688666,0.312882,12.637914,0.000000,116
5783,85683194351774,13.334698,0.765046,0.319069,12.564174,0.000000,116
5784,85683207686472,13.332501,0.820193,0.433761,12.505896,0.000000,116
5785,85683221018973,13.334800,0.721613,0.321544,12.607378,0.000000,116
5786,85683234353773,13.334078,0.833523,0.446315,12.493699,0.000000,116
5787,85683247687851,13.330956,0.998001,0.456958,12.326893,0.000000,116
5788,85683261018807,13.332483,3.367771,0.448027,9.960281,0.000000,116
5789,85683274351290,13.334097,1.109737,0.456837,12.219751,0.000000,116
5790,85683287685387,13.333639,1.011252,0.431616,12.317586,0.000000,116
5791,85683301019026,13.334373,0.685793,0.431556,12.642661,0.000000,116
5792,85683314353399,13.332982,0.791368,0.445186,12.536278,0.000000,116
5793,85683327686381,13.334510,0.771046,0.441257,12.557809,0.000000,116
5794,85683341020891,13.333305,0.716749,0.475117,12.610257,0.000000,116
5795,85683354354196,13.334311,1.049131,0.488863,12.278469,0.000000,116
5796,85683367688507,13.333916,3.370046,0.532647,9.956719,0.000000,116
5797,85683381022423,13.332136,0.831678,0.317981,12.494272,0.000000,116
5798,85683394354559,13.333336,0.860158,0.423738,12.467567,0.000000,116
5799,85683407687895,13.334481,0.869931,0.313966,12.457050,0.000000,116
5800,85683421022376,13.332077,0.820375,0.426254,12.505185,0.000000,116
5801,85683434354453,13.334503,0.870361,0.412690,12.457822,0.000000,116
5802,85683447688956,13.333982,0.878559,0.329961,12.449059,0.000000,116
5803,85683461022938,13.332493,1.133339,0.463745,12.192172,0.000000,116
5804,85683474355431,13.332184,3.564755,0.446300,9.761756,0.000000,116
5805,85683487687615,13.334590,0.918190,0.480990,12.410096,0.000000,116
5806,85683501022205,13.335125,0.995749,0.449192,12.331477,0.000000,116
5807,85683514357330,13.330669,1.053931,0.460695,12.269865,0.000000,116
5808,85683527687999,13.333672,0.896840,0.438631,12.431003,0.000000,116
5809,85683541021671,13.332277,0.807081,0.425923,12.519822,0.000000,116
5810,85683554353948,13.334016,0.808822,0.467035,12.519777,0.000000,116
5811,85683567687964,13.335080,1.017376,0.418992,12.311866,0.000000,116
5812,85683581023044,13.330556,3.268122,0.304390,10.056200,0.000000,116
5813,85683594353600,13.334142,0.773216,0.310181,12.556248,0.000000,116
5814,85683607687742,13.332230,0.780068,0.416564,12.547038,0.000000,116
5815,85683621019972,13.335173,0.697295,0.433162,12.632617,0.000000,116
5816,85683634355145,13.335346,0.806047,0.474475,12.522760,0.000000,116
5817,85683647690491,13.332651,0.832041,0.454596,12.493916,0.000000,116
5818,85683661023142,13.333899,0.819725,0.389351,12.506782,0.000000,116
5819,85683674357041,13.333093,1.154851,3.653089,12.171771,0.000000,116
5820,85683687690134,13.330098,7.780221,1.499149,5.544123,0.000000,116
5821,85683701020232,13.342167,1.248704,0.461986,12.085368,0.000000,116
5822,85683714362399,13.326981,1.226460,0.483312,12.092580,0.000000,116
5823,85683727689380,13.334292,1.160443,0.475183,12.167932,0.000000,116
5824,85683741023672,13.333881,1.069366,0.491386,12.258951,0.000000,116
5825,85683754357553,13.334644,1.293845,0.505104,12.033379,0.000000,117
5826,85683767692197,13.332566,1.192430,0.500470,12.132130,0.000000,117
5827,85683781024763,13.335462,1.305139,0.621729,12.022596,0.000000,117
5828,85683794360225,13.333038,5.079158,0.470886,8.244661,0.000000,117
5829,85683807693263,13.330633,1.281257,0.482943,12.042519,0.000000,117
5830,85683821023896,13.335286,1.181473,0.500480,12.147335,0.000000,117
5831,85683834359182,13.334680,1.215734,0.407415,12.110011,0.000000,117
5832,85683847693862,13.331801,1.089598,0.492690,12.234551,0.000000,117
5833,85683861025663,13.332073,1.116645,0.513477,12.208856,0.000000,117
5834,85683874357736,13.333217,1.274047,0.489533,12.053135,0.000000,117
5835,85683887690953,13.333769,1.412007,1.382155,11.914943,0.000000,117
5836,85683901024722,13.332402,3.576841,0.402783,9.749461,0.000000,117
5837,85683914357124,13.336009,1.230380,0.393012,12.099062,0.000000,117
5838,85683927693133,13.331048,1.065491,0.395323,12.259655,0.000000,117
5839,85683941024181,13.334140,0.945301,0.391950,12.382163,0.000000,117
5840,85683954358321,13.334816,1.024033,0.401643,12.303724,0.000000,117
5841,85683967693137,13.344936,1.056197,0.388325,12.282164,0.000000,117
5842,85683981038073,13.333997,0.955677,0.407650,12.371458,0.000000,117
5843,85683994372070,13.333409,1.271511,0.399014,12.054512,0.000000,117
5844,85684007705479,13.334185,3.941259,0.346591,9.385374,0.000000,117
5845,85684021039664,13.332819,1.148936,0.432196,12.176232,0.000000,117
5846,85684034372483,13.344063,1.074670,0.333026,12.256845,0.000000,117
5847,85684047716546,13.320327,1.066160,0.335222,12.243535,0.000000,117
5848,85684061036873,13.334834,0.960926,0.326427,12.367097,0.000000,117
5849,85684074371707,13.336755,1.079080,0.344449,12.249082,0.000000,117
5850,85684087708462,13.331442,1.258651,0.344079,12.064055,0.000000,117
5851,85684101039904,13.332251,1.215988,0.378581,12.107132,0.000000,117
5852,85684114372155,13.332465,4.513854,0.476317,8.810575,0.000000,117
5853,85684127704620,13.335940,1.075762,0.433797,12.252744,0.000000,117
5854,85684141040560,13.331519,1.013710,0.450085,12.310076,0.000000,117
5855,85684154372079,13.335783,0.925846,0.471897,12.403471,0.000000,117
5856,85684167707862,13.330754,0.958548,0.429499,12.365396,0.000000,117
5857,85684181038616,13.334649,0.816089,0.434982,12.511893,0.000000,117
5858,85684194373265,13.334168,0.980135,0.467605,12.346598,0.000000,117
5859,85684207707433,13.331179,1.192025,0.494200,12.132025,0.000000,117
5860,85684221038612,13.335545,3.359602,0.570707,9.969569,0.000000,117
5861,85684234374157,13.331592,1.147829,0.483257,12.177782,0.000000,117
5862,85684247705749,13.333587,0.988917,0.478679,12.337797,0.000000,117
5863,85684261039336,13.332102,0.946290,0.482272,12.379254,0.000000,117
5864,85684274371438,13.335035,1.069054,0.473075,12.259708,0.000000,117
5865,85684287706473,13.333887,0.917525,0.340567,12.409913,0.000000,117
5866,85684301040360,13.334923,0.906645,0.352085,12.420063,0.000000,117
5867,85684314375283,13.331619,1.348652,0.368559,11.975103,0.000000,117
5868,85684327706902,13.336483,3.725716,0.365542,9.601752,0.000000,117
5869,85684341043385,13.329572,1.082419,0.342093,12.239197,0.000000,117
5870,85684354372957,13.333009,0.807091,0.335680,12.519864,0.000000,117
5871,85684367705966,13.337722,0.766446,0.486590,12.564264,0.000000,117
5872,85684381043688,13.329991,0.858641,0.496389,12.464397,0.000000,117
5873,85684394373679,13.331878,0.870651,0.358369,12.455014,0.000000,117
5874,85684407705557,13.335948,0.853470,0.527145,12.475123,0.000000,117
5875,85684421041505,13.331742,1.208261,0.516783,12.115480,0.000000,117
5876,85684434373247,13.332399,0.974389,0.522362,12.351131,0.000000,117
5877,85684447705646,13.337837,0.905110,0.518407,12.424623,0.000000,117
5878,85684461043483,13.331738,1.073058,0.521956,12.249648,0.000000,117
5879,85684474375221,13.331628,0.953572,0.540659,12.370165,0.000000,117
5880,85684487706849,13.334558,0.877116,0.552524,12.450469,0.000000,117
5881,85684501041407,13.333687,0.924126,0.520781,12.401864,0.000000,117
5882,85684514375094,13.331764,0.854021,0.416488,12.470214,0.000000,117
5883,85684527706858,13.333703,1.026705,0.530064,12.301236,0.000000,117
5884,85684541040561,13.334840,0.898923,0.351573,12.428849,0.000000,117
5885,85684554375401,13.332514,0.939972,0.487611,12.386253,0.000000,117
5886,85684567707915,13.332733,0.821661,0.467334,12.504798,0.000000,117
5887,85684581040648,13.334815,0.791273,0.350885,12.536806,0.000000,117
5888,85684594375463,13.332619,0.803323,0.489404,12.522106,0.000000,117
5889,85684607708082,13.333677,0.808920,0.514720,12.517518,0.000000,117
5890,85684621041759,13.333406,0.800556,0.363218,12.526633,0.000000,117
5891,85684634375165,13.332962,1.010191,0.530976,12.316622,0.000000,117
5892,85684647708127,13.333516,0.889570,0.531723,12.437301,0.000000,117
5893,85684661041643,13.333188,0.938541,0.489328,12.387412,0.000000,117
5894,85684674374831,13.331341,0.821616,0.524970,12.504303,0.000000,117
5895,85684687706172,13.334127,0.858980,0.482073,12.469173,0.000000,117
5896,85684701040299,13.333119,0.864054,0.506981,12.462140,0.000000,117
5897,85684714373418,13.333643,0.907745,0.459492,12.419763,0.000000,117
5898,85684727707061,13.333522,0.885927,0.483041,12.441030,0.000000,117
5899,85684741040583,13.334317,1.125365,0.383739,12.201804,0.000000,117
5900,85684754374900,13.334231,1.007486,0.356263,12.319252,0.000000,117
5901,85684767709131,13.333413,0.930277,0.497911,12.396289,0.000000,117
5902,85684781042544,13.332413,0.911327,0.484309,12.415196,0.000000,117
5903,85684794374957,13.334200,0.790166,0.527665,12.537673,0.000000,117
5904,85684807709157,13.332214,0.800813,0.495169,12.524016,0.000000,118
5905,85684821041371,13.333135,0.763494,0.466331,12.564122,0.000000,118
5906,85684834374506,13.335526,0.764533,0.509390,12.564117,0.000000,118
5907,85684847710032,13.331676,1.684019,0.474770,11.640299,0.000000,118
5908,85684861041708,13.334157,0.820008,0.497319,12.507938,0.000000,118
5909,85684874375865,13.334424,0.766536,0.505590,12.561429,0.000000,118
5910,85684887710289,13.331440,0.779707,0.478745,12.545133,0.000000,118
5911,85684901041729,13.334787,0.770480,0.460894,12.557854,0.000000,118
5912,85684914376516,13.334039,0.786559,0.505478,12.540836,0.000000,118
5913,85684927710555,13.331456,0.790336,0.447643,12.534714,0.000000,118
5914,85684941042011,13.333267,0.738567,0.499273,12.588872,0.000000,118
5915,85684954375278,13.332917,0.968168,0.492373,12.358500,0.000000,118
5916,85684967708195,13.335705,0.766582,0.509377,12.562763,0.000000,118
5917,85684981043900,13.331474,0.920502,0.472436,12.405115,0.000000,118
5918,85684994375374,13.336023,0.778546,0.484035,12.551475,0.000000,118
5919,85685007711397,13.332032,0.796924,0.472525,12.529129,0.000000,118
5920,85685021043429,13.332644,0.765647,0.342666,12.561780,0.000000,118
5921,85685034376073,13.335898,0.751090,0.365676,12.578338,0.000000,118
5922,85685047711971,13.331035,0.834577,0.492758,12.489484,0.000000,118
5923,85685061043006,13.334132,0.982993,0.464774,12.345409,0.000000,118
5924,85685074377138,13.334623,0.853402,0.443033,12.474669,0.000000,118
5925,85685087711761,13.333936,1.025012,0.471053,12.300375,0.000000,118
5926,85685101045697,13.329497,0.972261,0.481666,12.350118,0.000000,118
5927,85685114375194,13.334113,0.838868,0.459430,12.489114,0.000000,118
5928,85685127709307,13.348529,0.834605,0.495670,12.506211,0.000000,118
5929,85685141057836,13.332141,0.937272,0.452061,12.387284,0.000000,118
5930,85685154389977,13.333764,0.802441,0.515474,12.524825,0.000000,118
5931,85685167723741,13.334514,1.005156,0.479240,12.322455,0.000000,118
5932,85685181058255,13.330905,0.924484,0.453392,12.400281,0.000000,118
5933,85685194389160,13.334207,0.785892,0.468795,12.542626,0.000000,118
5934,85685207723367,13.334346,0.858153,0.487790,12.469021,0.000000,118
5935,85685221057713,13.334576,0.921860,0.473262,12.404875,0.000000,118
5936,85685234392289,13.331474,0.942723,0.484396,12.380688,0.000000,118
5937,85685247723763,13.335165,0.905958,0.498891,12.421022,0.000000,118
5938,85685261058928,13.330216,0.968165,0.499885,12.354552,0.000000,118
5939,85685274389144,13.334825,1.108639,0.498643,12.219775,0.000000,118
5940,85685287723969,13.333380,0.798390,0.483341,12.528603,0.000000,118
5941,85685301057349,13.333168,0.828572,0.487561,12.498185,0.000000,118
5942,85685314390517,13.334157,0.777448,0.483080,12.550783,0.000000,118
5943,85685327724674,13.335186,0.802489,0.510200,12.525765,0.000000,118
5944,85685341059860,13.331331,0.872247,0.481398,12.451979,0.000000,118
5945,85685354391191,13.334442,0.805897,0.479317,12.521430,0.000000,118
5946,85685367725633,13.334604,0.862116,0.499736,12.465253,0.000000,118
5947,85685381060237,13.330123,1.082287,0.470726,12.241746,0.000000,118
5948,85685394390360,13.333773,0.809418,0.485225,12.518240,0.000000,118
5949,85685407724133,13.340021,0.778459,0.773824,12.554875,0.000000,118
5950,85685421064154,13.329014,1.405022,0.496119,11.916134,0.000000,118
5951,85685434393168,13.331102,1.102320,0.434683,12.222806,0.000000,118
5952,85685447724270,13.339554,0.943102,0.452134,12.386797,0.000000,118
5953,85685461063824,13.328057,0.976164,0.510149,12.342526,0.000000,118
5954,85685474391881,13.334232,0.883921,0.828762,12.443321,0.000000,118
5955,85685487726113,13.332265,1.035597,0.646164,12.290010,0.000000,118
5956,85685501058378,13.333420,0.892599,0.841832,12.433892,0.000000,118
5957,85685514391798,13.331850,0.891684,0.587400,12.434522,0.000000,118
5958,85685527723648,13.334694,0.971438,0.494706,12.357248,0.000000,118
5959,85685541058342,13.334624,0.862424,0.479006,12.465576,0.000000,118
5960,85685554392966,13.331376,0.837299,0.685180,12.487525,0.000000,118
5961,85685567724342,13.334007,0.907117,0.756633,12.421111,0.000000,118
5962,85685581058349,13.335137,0.853556,0.534954,12.475039,0.000000,118
5963,85685594393486,13.331719,1.038187,0.508968,12.286641,0.000000,118
5964,85685607725205,13.334124,0.799563,0.471969,12.527874,0.000000,118
5965,85685621059329,13.337369,0.802038,0.558958,12.527865,0.000000,118
5966,85685634396698,13.343013,0.956106,0.554475,12.374982,0.000000,118
5967,85685647739711,13.324392,1.527778,0.477788,11.785255,0.000000,118
5968,85685661064103,13.332767,1.172214,0.508345,12.150408,0.000000,118
5969,85685674396870,13.332497,1.174171,0.474423,12.150085,0.000000,118
5970,85685687729367,13.338421,1.115874,0.440993,12.210838,0.000000,118
5971,85685701067788,13.325071,1.227094,0.449989,12.090003,0.000000,118
5972,85685714392859,13.334693,1.361363,0.433174,11.965911,0.000000,118
5973,85685727727552,13.330783,1.063687,0.449492,12.260802,0.000000,118
5974,85685741058335,13.333629,1.058564,0.472595,12.268087,0.000000,118
5975,85685754391964,13.335341,3.954441,0.451545,9.374095,0.000000,118
5976,85685767727305,13.332041,1.046079,0.344413,12.279645,0.000000,118
5977,85685781059346,13.335812,0.881236,0.322587,12.446233,0.000000,118
5978,85685794395158,13.331559,0.985471,0.325387,12.339489,0.000000,118
5979,85685807726717,13.332813,1.092272,0.392250,12.234984,0.000000,118
5980,85685821059530,13.341281,0.865140,0.314064,12.467990,0.000000,118
5981,85685834400811,13.325233,0.984944,0.325010,12.333225,0.000000,118
5982,85685847726044,13.333240,0.991808,0.330888,12.335638,0.000000,118
5983,85685861059284,13.338388,3.710911,0.442669,9.618729,0.000000,118
5984,85685874397672,13.329182,1.022709,0.445388,12.299378,0.000000,118
5985,85685887726854,13.334417,0.887938,0.441640,12.439431,0.000000,118
5986,85685901061271,13.336465,0.814577,0.463643,12.512639,0.000000,118
5987,85685914397736,13.329355,1.186702,0.450598,12.135449,0.000000,118
5988,85685927727091,13.333720,0.908031,0.440903,12.419299,0.000000,118
5989,85685941060811,13.333536,0.814973,0.463608,12.513515,0.000000,118
5990,85685954394347,13.333437,1.040538,0.513736,12.286261,0.000000,118
5991,85685967727784,13.334781,3.310641,0.709644,10.017659,0.000000,118
5992,85685981062565,13.332080,0.907690,0.497935,12.417821,0.000000,118
5993,85685994394645,13.333806,1.079010,0.483490,12.248568,0.000000,118
5994,85686007728451,13.333142,0.856571,0.498694,12.470482,0.000000,118
5995,85686021061593,13.332224,0.987805,0.504608,12.338450,0.000000,118
5996,85686034393817,13.340686,0.917241,0.509276,12.413808,0.000000,118
5997,85686047734503,13.328684,1.011857,0.498794,12.307132,0.000000,118
5998,85686061063187,13.331329,0.862664,0.516306,12.460840,0.000000,118
5999,85686074394516,13.339094,3.351502,0.491592,9.978643,0.000000,118
6000,85686087733610,13.328316,1.100261,0.489417,12.220861,0.000000,118
6001,85686101061926,13.332277,0.879337,0.487333,12.446368,0.000000,118
6002,85686114394203,13.341606,0.812197,0.494302,12.519122,0.000000,118
6003,85686127735809,13.329411,1.140191,0.485897,12.179332,0.000000,118
6004,85686141065220,13.329262,0.839163,0.485892,12.483154,0.000000,118
6005,85686154394482,13.334419,0.795880,0.628144,12.531734,0.000000,118
6006,85686167728901,13.334332,0.961775,0.351960,12.364994,0.000000,118
6007,85686181063233,13.334268,3.186516,0.484389,10.141003,0.000000,118
6008,85686194397501,13.332211,0.914427,0.559208,12.411218,0.000000,118
6009,85686207729712,13.334014,1.035496,0.504676,12.292381,0.000000,118
6010,85686221063726,13.338270,0.791766,0.538812,12.537411,0.000000,118
6011,85686234401996,13.327296,1.106251,0.596576,12.212620,0.000000,118
6012,85686247729292,13.334377,1.112765,0.510918,12.214111,0.000000,118
6013,85686261063669,13.331241,0.825232,0.521178,12.499616,0.000000,118
6014,85686274394910,13.334155,0.853432,0.545685,12.474467,0.000000,118
6015,85686287729065,13.332599,3.787181,0.510427,9.537988,0.000000,118
6016,85686301061664,13.335096,0.849847,0.525617,12.478622,0.000000,118
6017,85686314396760,13.335420,0.929132,0.524592,12.398596,0.000000,118
6018,85686327732180,13.329392,1.126649,0.513110,12.195346,0.000000,118
6019,85686341061572,13.334900,0.981259,0.580249,12.347260,0.000000,118
6020,85686354396472,13.337289,0.858877,0.507700,12.468850,0.000000,118
6021,85686367733761,13.329101,1.003926,0.584126,12.317773,0.000000,118
6022,85686381062862,13.331285,1.084577,0.522712,12.241119,0.000000,118
6023,85686394394147,13.338914,3.713128,0.508335,9.617048,0.000000,118
6024,85686407733061,13.328939,1.051519,0.567582,12.270923,0.000000,118
6025,85686421062000,13.332772,0.863733,0.497282,12.462877,0.000000,118
6026,85686434394772,13.333056,1.084583,0.705674,12.242883,0.000000,118
6027,85686447727828,13.344013,1.150297,0.553733,12.182347,0.000000,118
6028,85686461071841,13.329565,0.914545,0.532530,12.402636,0.000000,118
6029,85686474401406,13.326793,0.946328,0.501611,12.373668,0.000000,118
6030,85686487728199,13.338011,0.971874,0.576940,12.359398,0.000000,118
6031,85686501066210,13.333385,3.423274,0.542432,9.901358,0.000000,118
6032,85686514399595,13.330169,0.990794,0.565689,12.332724,0.000000,118
6033,85686527729764,13.333689,1.045220,0.517660,12.280826,0.000000,118
6034,85686541063453,13.334168,0.805044,0.547407,12.522862,0.000000,118
6035,85686554397621,13.332709,1.292527,0.385862,12.033940,0.000000,119
6036,85686567730330,13.332736,0.821840,0.573928,12.504971,0.000000,119
6037,85686581063066,13.334127,0.977954,0.489826,12.349577,0.000000,119
6038,85686594397193,13.332792,0.809245,0.531933,12.517737,0.000000,119
6039,85686607729985,13.333706,3.307122,0.537971,10.020338,0.000000,119
6040,85686621063691,13.333140,1.029001,0.516619,12.298355,0.000000,119
6041,85686634396831,13.338705,0.838671,0.506475,12.490306,0.000000,119
6042,85686647735536,13.330767,0.959452,0.498724,12.363670,0.000000,119
6043,85686661066303,13.331619,1.308021,0.496147,12.016126,0.000000,119
6044,85686674397922,13.332258,0.996847,0.486925,12.328151,0.000000,119
6045,85686687730180,13.332988,0.884686,0.467722,12.442426,0.000000,119
6046,85686701063168,13.350845,0.905656,0.371823,12.437294,0.000000,119
6047,85686714414013,13.330384,3.870592,0.527296,9.449212,0.000000,119
6048,85686727744397,13.335282,0.935122,0.445575,12.391910,0.000000,119
6049,85686741079679,13.333705,0.978323,0.466362,12.347014,0.000000,119
6050,85686754413384,13.330903,0.986568,0.435335,12.336554,0.000000,119
6051,85686767744287,13.334229,1.157975,0.854800,12.169808,0.000000,119
6052,85686781078516,13.333757,0.989372,0.472350,12.337744,0.000000,119
6053,85686794412273,13.331409,1.293693,0.439683,12.031059,0.000000,119
6054,85686807743682,13.336314,1.030032,0.416141,12.299109,0.000000,119
6055,85686821079996,13.332069,3.174156,0.493356,10.150693,0.000000,119
6056,85686834412065,13.333225,1.021333,0.348520,12.304951,0.000000,119
6057,85686847745290,13.332220,1.002721,0.451939,12.322864,0.000000,119
6058,85686861077510,13.334278,0.902656,0.446571,12.425744,0.000000,119
6059,85686874411788,13.332594,1.120269,0.448997,12.205943,0.000000,119
6060,85686887744382,13.333100,0.936226,0.437098,12.391202,0.000000,119
6061,85686901077482,13.333033,0.970482,0.532928,12.356510,0.000000,119
6062,85686914410515,13.335498,1.139105,0.441761,12.188332,0.000000,119
6063,85686927746013,13.331783,3.268386,0.436988,10.057026,0.000000,119
6064,85686941077796,13.334642,0.915057,0.489033,12.412823,0.000000,119
6065,85686954412438,13.335203,0.943989,0.424981,12.383500,0.000000,119
6066,85686967747641,13.331658,0.905191,0.393627,12.418472,0.000000,119
6067,85686981079299,13.332577,0.926261,0.487059,12.400676,0.000000,119
6068,85686994411876,13.333064,0.862272,0.413790,12.464089,0.000000,119
6069,85687007744940,13.332029,0.834881,0.393216,12.491880,0.000000,119
6070,85687021076969,13.335727,0.654725,0.433717,12.675134,0.000000,119
6071,85687034412696,13.332242,3.275207,0.477517,10.050162,0.000000,119
6072,85687047744938,13.335052,0.887932,0.402916,12.440972,0.000000,119
6073,85687061079990,13.339174,0.822251,0.388817,12.506568,0.000000,119
6074,85687074419164,13.325650,0.791991,0.458464,12.526435,0.000000,119
6075,85687087744814,13.342233,1.118212,0.425132,12.214240,0.000000,119
6076,85687101087047,13.325277,0.923267,0.470679,12.393241,0.000000,119
6077,85687114412324,13.333930,0.990163,0.417825,12.337338,0.000000,119
6078,85687127746254,13.331722,0.836794,0.392251,12.489531,0.000000,119
6079,85687141077976,13.334867,3.096037,0.383143,10.232738,0.000000,119
6080,85687154412843,13.333251,0.831915,0.430745,12.494624,0.000000,119
6081,85687167746094,13.334350,0.886671,0.378904,12.440236,0.000000,119
6082,85687181080444,13.332536,0.727685,0.439119,12.597021,0.000000,119
6083,85687194412980,13.333594,1.004514,0.386662,12.322465,0.000000,119
6084,85687207746574,13.335325,0.978667,0.369649,12.348889,0.000000,119
6085,85687221081899,13.332562,0.713703,0.401758,12.611769,0.000000,119
6086,85687234414461,13.330698,0.859716,0.384623,12.464266,0.000000,119
6087,85687247745159,13.338753,3.252233,0.370381,10.077651,0.000000,119
6088,85687261083912,13.328779,0.884634,0.464173,12.436907,0.000000,119
6089,85687274412691,13.335285,0.844052,0.373517,12.484648,0.000000,119
6090,85687287747976,13.332029,0.864694,0.349994,12.459614,0.000000,119
6091,85687301080005,13.332037,0.955496,0.335778,12.370795,0.000000,119
6092,85687314412042,13.339385,0.788681,0.350668,12.540928,0.000000,119
6093,85687327751427,13.330781,0.810805,0.334684,12.510116,0.000000,119
6094,85687341082208,13.333809,0.789212,0.363659,12.536442,0.000000,119
6095,85687354416017,13.329667,3.239191,0.351257,10.083336,0.000000,119
6096,85687367745684,13.333954,0.812087,0.426480,12.516399,0.000000,119
6097,85687381079638,13.333055,0.759759,0.337288,12.567407,0.000000,119
6098,85687394412693,13.333713,0.725364,0.436736,12.602552,0.000000,119
6099,85687407746406,13.334569,1.103858,0.373323,12.224784,0.000000,119
6100,85687421080975,13.332955,0.732165,0.364458,12.594966,0.000000,119
6101,85687434413930,13.332759,0.866056,0.352480,12.460371,0.000000,119
6102,85687447746689,13.334297,0.788506,0.361973,12.540162,0.000000,119
6103,85687461080986,13.333088,3.093574,0.363004,10.233426,0.000000,119
6104,85687474414074,13.333788,0.863782,0.369487,12.463582,0.000000,119
6105,85687487747862,13.333874,0.844490,0.374593,12.482953,0.000000,119
6106,85687501081736,13.331972,0.730056,0.384070,12.596010,0.000000,119
6107,85687514413708,13.338089,1.051158,0.324003,12.278862,0.000000,119
6108,85687527751797,13.329550,0.931218,0.293700,12.390642,0.000000,119
6109,85687541081347,13.332823,0.797502,0.254148,12.528755,0.000000,119
6110,85687554414170,13.333446,0.842204,0.275784,12.485242,0.000000,119
6111,85687567747616,13.334764,3.270856,0.309980,10.056913,0.000000,119
6112,85687581082380,13.330648,0.929428,0.240302,12.393789,0.000000,119
6113,85687594413028,13.338298,0.994757,0.244551,12.334342,0.000000,119
6114,85687607751326,13.331315,0.882944,0.284780,12.439683,0.000000,119
6115,85687621082641,13.335175,1.160770,0.249501,12.165009,0.000000,119
6116,85687634417816,13.330495,0.933914,0.275781,12.388354,0.000000,119
6117,85687647748311,13.333101,0.981900,0.265207,12.343417,0.000000,119
6118,85687661081412,13.333977,0.889993,0.476207,12.436633,0.000000,119
6119,85687674415389,13.334380,3.798121,0.426995,9.529002,0.000000,119
6120,85687687749769,13.333925,1.049796,0.386265,12.276187,0.000000,119
6121,85687701083694,13.332941,0.962509,0.415592,12.362395,0.000000,119
6122,85687714416635,13.333984,1.555089,0.356904,11.770290,0.000000,119
6123,85687727750619,13.331352,1.266865,0.365365,12.057420,0.000000,119
6124,85687741081971,13.334058,0.957383,0.418313,12.369022,0.000000,119
6125,85687754416029,13.334484,1.074832,0.416832,12.252541,0.000000,119
6126,85687767750513,13.334956,1.188714,0.398102,12.138103,0.000000,119
6127,85687781085469,13.332290,3.813436,0.446451,9.510105,0.000000,119
6128,85687794417759,13.333633,1.187518,0.372081,12.138227,0.000000,119
6129,85687807751392,13.349031,1.064004,0.416328,12.277734,0.000000,119
6130,85687821100423,13.332317,0.978721,0.426194,12.346228,0.000000,119
6131,85687834432740,13.333619,1.127264,0.391612,12.197924,0.000000,119
6132,85687847766359,13.333207,1.060101,0.343217,12.266501,0.000000,119
6133,85687861099566,13.334364,0.836519,0.458339,12.491430,0.000000,119
6134,85687874433930,13.334595,0.944141,0.420783,12.381869,0.000000,119
6135,85687887768525,13.337446,3.882918,0.457162,9.446920,0.000000,119
6136,85687901105971,13.332893,0.977349,0.414264,12.346923,0.000000,119
6137,85687914438864,13.330471,1.079417,0.416814,12.243621,0.000000,119
6138,85687927769335,13.337440,0.952133,0.376684,12.377086,0.000000,119
6139,85687941106775,13.328966,1.237509,0.448266,12.083388,0.000000,119
6140,85687954435741,13.332667,1.044878,0.435558,12.280036,0.000000,119
6141,85687967768408,13.335569,0.902830,0.448699,12.425316,0.000000,119
6142,85687981103977,13.332702,0.857678,0.420988,12.466969,0.000000,119
6143,85687994436679,13.358872,3.649912,0.425455,9.701058,0.000000,119
6144,85688007795551,13.333426,0.943879,0.379992,12.381553,0.000000,119
6145,85688021128977,13.334549,0.901022,0.397614,12.426451,0.000000,119
6146,85688034463526,13.331022,1.001646,0.376381,12.322443,0.000000,119
6147,85688047794548,13.334891,1.286295,0.384810,12.041769,0.000000,119
6148,85688061129439,13.332914,0.893489,0.366214,12.432466,0.000000,119
6149,85688074462353,13.333312,0.990453,0.410018,12.335931,0.000000,119
6150,85688087795665,13.333212,0.993436,0.289169,12.332617,0.000000,119
6151,85688101128877,13.331628,3.723476,0.271815,9.601785,0.000000,119
6152,85688114460505,13.333113,0.900066,0.276727,12.427734,0.000000,119
6153,85688127793618,13.335594,0.991873,0.409003,12.337940,0.000000,119
6154,85688141129212,13.336119,0.846730,0.396085,12.481251,0.000000,119
6155,85688154465331,13.332022,1.455783,0.391045,11.868034,0.000000,119
6156,85688167797353,13.332069,1.026435,0.363258,12.297977,0.000000,119
6157,85688181129422,13.363814,0.906976,0.407566,12.451041,0.000000,119
6158,85688194493236,13.334608,0.973917,0.390265,12.352801,0.000000,119
6159,85688207827844,13.332804,4.201194,0.358622,9.124260,0.000000,119
6160,85688221160648,13.335268,0.900233,0.413235,12.428040,0.000000,119
6161,85688234495916,13.333505,1.002622,0.474276,12.322795,0.000000,119
6162,85688247829421,13.333270,1.116239,0.443081,12.208860,0.000000,119
6163,85688261162691,13.334714,1.175976,0.436115,12.150307,0.000000,119
6164,85688274497405,13.334387,1.013369,0.330212,12.312568,0.000000,119
6165,85688287831792,13.332120,1.066216,0.332187,12.258089,0.000000,119
6166,85688301163912,13.334149,0.891745,0.388079,12.434853,0.000000,119
6167,85688314498061,13.332863,3.953929,0.371824,9.371070,0.000000,119
6168,85688327830924,13.332680,1.265903,0.393087,12.059341,0.000000,119
6169,85688341163604,13.333594,0.859984,0.381018,12.465882,0.000000,119
6170,85688354497198,13.334618,0.980603,0.418610,12.346684,0.000000,119
6171,85688367831816,13.333435,1.623249,0.410808,11.702398,0.000000,119
6172,85688381165251,13.333075,0.861823,0.397697,12.463863,0.000000,119
6173,85688394498326,13.333149,1.033039,0.380933,12.292874,0.000000,119
6174,85688407831475,13.337160,1.022334,0.340275,12.306360,0.000000,119
6175,85688421168635,13.330974,3.650213,0.284909,9.670171,0.000000,119
6176,85688434499609,13.331304,1.434617,0.382461,11.889730,0.000000,119
6177,85688447830913,13.335574,1.117641,0.371319,12.209561,0.000000,119
6178,85688461166487,13.332419,0.846264,0.438057,12.478454,0.000000,119
6179,85688474498906,13.334626,1.509075,0.412604,11.817893,0.000000,119
6180,85688487833532,13.330836,1.056000,0.366469,12.266809,0.000000,119
6181,85688501164368,13.345502,0.835109,0.384791,12.503202,0.000000,119
6182,85688514509870,13.332336,1.214290,0.473957,12.111479,0.000000,119
6183,85688527842206,13.334102,4.228380,0.393216,9.098140,0.000000,119
6184,85688541176308,13.335458,0.811730,0.288018,12.515986,0.000000,119
6185,85688554511766,13.331466,1.472848,0.427801,11.850547,0.000000,119
6186,85688567843232,13.337084,0.891349,0.303367,12.436366,0.000000,119
6187,85688581180316,13.328213,1.270383,0.305243,12.051132,0.000000,119
6188,85688594508529,13.334432,0.910461,0.370517,12.417570,0.000000,119
6189,85688607842961,13.334518,1.003748,0.371439,12.324003,0.000000,119
6190,85688621177479,13.333610,0.844046,0.454828,12.481939,0.000000,119
6191,85688634511089,13.332964,3.918291,0.386546,9.408108,0.000000,120
6192,85688647844053,13.332777,0.911831,0.346466,12.414617,0.000000,120
6193,85688661176830,13.334024,0.807530,0.408389,12.520478,0.000000,120
6194,85688674510854,13.334877,0.951409,0.359912,12.376137,0.000000,120
6195,85688687845731,13.333045,1.234382,0.365276,12.091079,0.000000,120
6196,85688701178776,13.333598,0.826736,0.376409,12.499778,0.000000,120
6197,85688714512374,13.333547,0.960331,0.301821,12.366114,0.000000,120
6198,85688727845921,13.330563,1.017857,0.324344,12.306406,0.000000,120
6199,85688741176484,13.334492,3.809216,0.255566,9.518113,0.000000,120
6200,85688754510976,13.332306,0.976499,0.290494,12.349398,0.000000,120
6201,85688767843282,13.335781,0.936828,0.251244,12.392257,0.000000,120
6202,85688781179063,13.337005,0.910575,0.362587,12.416443,0.000000,120
6203,85688794516068,13.329583,1.502666,0.365273,11.818459,0.000000,120
6204,85688807845651,13.333894,1.202398,0.266643,12.123559,0.000000,120
6205,85688821179545,13.344297,0.858703,0.282658,12.477852,0.000000,120
6206,85688834523842,13.333107,1.201407,0.276413,12.124649,0.000000,120
6207,85688847856949,13.332100,4.059362,0.273610,9.265815,0.000000,120
6208,85688861189049,13.338444,0.857760,0.268618,12.472704,0.000000,120
6209,85688874527493,13.331286,1.012295,0.435110,12.309293,0.000000,120
6210,85688887858779,13.331518,1.075597,0.339711,12.249375,0.000000,120
6211,85688901190297,13.333049,1.130510,0.382618,12.196343,0.000000,120
6212,85688914523346,13.333550,0.950808,0.383313,12.376395,0.000000,120
6213,85688927856896,13.334363,1.302749,0.371084,12.025762,0.000000,120
6214,85688941191259,13.333194,0.802250,0.314298,12.523387,0.000000,120
6215,85688954524453,13.334521,3.702729,0.268371,9.624700,0.000000,120
6216,85688967858974,13.332039,0.949268,0.289669,12.375629,0.000000,120
6217,85688981191013,13.334717,0.873218,0.280761,12.454088,0.000000,120
6218,85688994525730,13.342042,1.058408,0.306165,12.271935,0.000000,120
6219,85689007867772,13.322594,1.805292,0.266763,11.508316,0.000000,120
6220,85689021190366,13.333944,0.822712,0.251457,12.504383,0.000000,120
6221,85689034524310,13.339855,0.912099,0.328141,12.418730,0.000000,120
6222,85689047864165,13.326939,1.327591,0.340620,11.992115,0.000000,120
6223,85689061191104,13.333167,3.657982,0.356617,9.668827,0.000000,120
6224,85689074524271,13.337136,0.926106,0.350057,12.403621,0.000000,120
6225,85689087861407,13.333283,1.170072,0.377565,12.154619,0.000000,120
6226,85689101194690,13.330839,0.965082,0.412133,12.355878,0.000000,120
6227,85689114525529,13.336495,1.261178,0.473939,12.067488,0.000000,120
6228,85689127862024,13.330755,1.103382,0.392938,12.219632,0.000000,120
6229,85689141192779,13.332163,0.889930,0.355498,12.436106,0.000000,120
6230,85689154524942,13.334913,1.335564,0.349463,11.991961,0.000000,120
6231,85689167859855,13.332190,3.765375,0.344923,9.558145,0.000000,120
6232,85689181192045,13.333039,0.815944,0.362106,12.510242,0.000000,120
6233,85689194525084,13.332412,1.261525,0.356346,12.064349,0.000000,120
6234,85689207857496,13.336221,1.062423,0.319209,12.265670,0.000000,120
6235,85689221193717,13.334787,1.116020,0.322708,12.211520,0.000000,120
6236,85689234528504,13.332159,1.161389,0.316138,12.161757,0.000000,120
6237,85689247860663,13.346848,0.949722,0.293128,12.384024,0.000000,120
6238,85689261207511,13.318210,0.911832,0.236211,12.395323,0.000000,120
6239,85689274525721,13.331567,3.783726,0.229744,9.542175,0.000000,120
6240,85689287857288,13.340414,0.821847,0.247133,12.510991,0.000000,120
6241,85689301197702,13.327503,0.958260,0.267316,12.361984,0.000000,120
6242,85689314525205,13.334679,1.023168,0.398681,12.305633,0.000000,120
6243,85689327859884,13.334409,1.556063,0.359720,11.771451,0.000000,120
6244,85689341194293,13.331984,0.894241,0.356034,12.429953,0.000000,120
6245,85689354526277,13.332413,1.179724,0.375446,12.146130,0.000000,120
6246,85689367858690,13.332992,0.813289,0.376534,12.514171,0.000000,120
6247,85689381191682,13.335369,3.545235,0.297275,9.783544,0.000000,120
6248,85689394527051,13.336569,0.913967,0.294686,12.415605,0.000000,120
6249,85689407863620,13.334093,1.093014,0.424200,12.233240,0.000000,120
6250,85689421197713,13.334694,1.113333,0.435236,12.210559,0.000000,120
6251,85689434532407,13.328547,1.480165,0.581919,11.837478,0.000000,120
6252,85689447860954,13.333811,0.909128,0.324102,12.416035,0.000000,120
6253,85689461194765,13.334972,0.890946,0.373208,12.437595,0.000000,120
6254,85689474529737,13.331367,1.142350,0.510494,12.182243,0.000000,120
6255,85689487861104,13.334478,3.594207,0.414241,9.733029,0.000000,120
6256,85689501195582,13.334781,0.714595,0.536607,12.612738,0.000000,120
6257,85689514530363,13.331255,0.970936,0.428637,12.353400,0.000000,120
6258,85689527861618,13.336333,0.916845,0.449628,12.411477,0.000000,120
6259,85689541197951,13.331087,1.198649,0.474585,12.124306,0.000000,120
6260,85689554529038,13.332328,1.067319,0.415123,12.258692,0.000000,120
6261,85689567861366,13.338720,0.940364,0.504623,12.389587,0.000000,120
6262,85689581200086,13.327680,1.209079,0.481417,12.109994,0.000000,120
6263,85689594527766,13.333667,3.882704,0.289981,9.444708,0.000000,120
6264,85689607861433,13.337846,1.032071,0.421545,12.297396,0.000000,120
6265,85689621199279,13.333366,0.834494,0.404158,12.490173,0.000000,120
6266,85689634532645,13.330282,1.094873,0.400936,12.228224,0.000000,120
6267,85689647862927,13.340155,1.395632,0.442696,11.933709,0.000000,120
6268,85689661203082,13.328383,0.908864,0.500373,12.411914,0.000000,120
6269,85689674531465,13.330083,1.070523,0.615401,12.253349,0.000000,120
6270,85689687861548,13.332641,1.026712,0.535841,12.300627,0.000000,120
6271,85689701194189,13.338332,3.664198,0.447492,9.667161,0.000000,120
6272,85689714532521,13.332260,1.096522,0.459063,12.226670,0.000000,120
6273,85689727864781,13.332446,1.045700,0.431967,12.279456,0.000000,120
6274,85689741197227,13.334810,1.003355,0.617667,12.324437,0.000000,120
6275,85689754532037,13.330122,1.874946,0.508647,11.447919,0.000000,120
6276,85689767862159,13.336254,1.114943,0.443929,12.214634,0.000000,120
6277,85689781198413,13.331932,1.050558,0.546441,12.274211,0.000000,120
6278,85689794530345,13.334100,1.115736,0.563546,12.211711,0.000000,120
6279,85689807864445,13.330185,3.790965,0.538216,9.533632,0.000000,120
6280,85689821194630,13.336402,0.795042,0.463896,12.535368,0.000000,120
6281,85689834531032,13.335433,0.965591,0.653310,12.359585,0.000000,120
6282,85689847866465,13.330516,1.181572,0.388027,12.140752,0.000000,120
6283,85689861196981,13.337599,1.097666,0.388501,12.231282,0.000000,120
6284,85689874534580,13.329805,1.202056,0.484637,12.120013,0.000000,120
6285,85689887864385,13.334945,1.003997,0.542337,12.323194,0.000000,120
6286,85689901199330,13.335175,1.177057,0.557034,12.148768,0.000000,120
6287,85689914534505,13.329639,3.910105,0.489276,9.412836,0.000000,120
6288,85689927864144,13.334056,1.685399,0.353252,11.641958,0.000000,120
6289,85689941198200,13.336410,0.868435,0.519063,12.459386,0.000000,120
6290,85689954534610,13.330564,1.091298,0.666983,12.231565,0.000000,120
6291,85689967865174,13.331179,1.320762,0.489851,12.003677,0.000000,120
6292,85689981196353,13.336422,0.926220,0.518453,12.403440,0.000000,120
6293,85689994532775,13.332775,1.124061,0.519725,12.200017,0.000000,120
6294,85690007865550,13.336698,1.217335,0.539657,12.110804,0.000000,120
6295,85690021202248,13.330323,3.803257,0.510356,9.518828,0.000000,120
6296,85690034532571,13.333731,1.122081,0.498799,12.204779,0.000000,120
6297,85690047866302,13.333931,1.090039,0.493141,12.237001,0.000000,120
6298,85690061200233,13.333017,1.032912,0.653345,12.292583,0.000000,120
6299,85690074533250,13.345792,1.470153,0.965602,11.867604,0.000000,120
6300,85690087879042,13.335067,1.292766,0.532171,12.032751,0.000000,120
6301,85690101214109,13.327668,1.072006,0.557087,12.247216,0.000000,120
6302,85690114541777,13.338284,1.057967,0.571948,12.272051,0.000000,120
6303,85690127880061,13.329622,3.958107,0.660398,9.364972,0.000000,120
6304,85690141209683,13.332786,0.985478,0.543388,12.340063,0.000000,120
6305,85690154542469,13.332837,1.340133,0.516406,11.987729,0.000000,120
6306,85690167875306,13.339378,1.074794,0.525241,12.257034,0.000000,120
6307,85690181214684,13.331320,1.468042,0.498000,11.853643,0.000000,120
6308,85690194546004,13.330327,1.840177,0.705247,11.482595,0.000000,120
6309,85690207876331,13.337248,1.070365,0.539114,12.260449,0.000000,120
6310,85690221213579,13.332831,1.351288,0.508497,11.973775,0.000000,120
6311,85690234546410,13.334564,4.897429,0.783812,8.426909,0.000000,120
6312,85690247880974,13.328847,1.173878,0.542442,12.146688,0.000000,120
6313,85690261209821,13.332660,1.121426,0.551029,12.206460,0.000000,120
6314,85690274542481,13.335608,1.078620,0.568962,12.250522,0.000000,120
6315,85690287878089,13.334027,1.464848,1.078415,11.861075,0.000000,120
6316,85690301212116,13.332354,1.304966,0.518019,12.019748,0.000000,120
6317,85690314544470,13.334962,1.401069,0.497766,11.926897,0.000000,120
6318,85690327879432,13.340300,1.153969,0.586138,12.176980,0.000000,120
6319,85690341219732,13.327602,3.806708,0.495157,9.510971,0.000000,120
6320,85690354547334,13.334065,1.138583,0.574480,12.187519,0.000000,120
6321,85690367881399,13.332726,1.440615,0.551196,11.884554,0.000000,120
6322,85690381214125,13.336202,1.190546,0.515998,12.138038,0.000000,120
6323,85690394550327,13.330873,1.551565,0.488482,11.770974,0.000000,120
6324,85690407881200,13.339916,1.079075,0.578211,12.251052,0.000000,120
6325,85690421221116,13.329718,1.399416,0.357105,11.920828,0.000000,120
6326,85690434550834,13.333882,1.311455,0.773739,12.012278,0.000000,120
6327,85690447884716,13.329047,4.325177,0.622157,8.994368,0.000000,120
6328,85690461213763,13.335987,1.255671,0.399571,12.073739,0.000000,120
6329,85690474549750,13.334440,1.596163,0.511924,11.729449,0.000000,120
6330,85690487884190,13.331929,1.237060,0.555983,12.086794,0.000000,120
6331,85690501216119,13.331592,1.342218,0.488547,11.981350,0.000000,120
6332,85690514547711,13.334060,1.192723,0.529926,12.134021,0.000000,120
6333,85690527881771,13.336270,1.015464,0.575754,12.312217,0.000000,120
6334,85690541218041,13.331740,1.011318,0.544341,12.312696,0.000000,120
6335,85690554549781,13.330851,4.097163,0.522211,9.226463,0.000000,120
6336,85690567880632,13.335122,1.194625,0.482672,12.133166,0.000000,120
6337,85690581215754,13.333932,1.015114,0.492543,12.312025,0.000000,120
6338,85690594549686,13.334128,1.159985,0.461970,12.165649,0.000000,120
6339,85690607883814,13.331953,1.352710,0.528965,11.971742,0.000000,120
6340,85690621215767,13.346945,1.169939,0.491177,12.165158,0.000000,120
6341,85690634562712,13.320757,1.284480,0.492526,12.023773,0.000000,120
6342,85690647883469,13.334029,1.153314,0.422383,12.173427,0.000000,120
6343,85690661217498,13.332420,3.669259,0.532189,9.656735,0.000000,120
6344,85690674549918,13.335457,1.145528,0.559409,12.182939,0.000000,120
6345,85690687885375,13.334512,1.208550,0.466019,12.116494,0.000000,120
6346,85690701219887,13.328901,1.045000,0.482992,12.277164,0.000000,120
6347,85690714548788,13.337035,1.430569,0.478576,11.897998,0.000000,120
6348,85690727885823,13.329838,1.207852,0.562622,12.114120,0.000000,120
6349,85690741215661,13.332688,1.080134,0.526700,12.246978,0.000000,120
6350,85690754548349,13.339098,1.066222,0.585415,12.264940,0.000000,120
6351,85690767887447,13.328469,3.836340,0.487882,9.484438,0.000000,120
6352,85690781215916,13.335460,0.832650,0.532465,12.495894,0.000000,121
6353,85690794551376,13.331129,1.110756,0.483980,12.213759,0.000000,121
6354,85690807882505,13.333310,1.063076,0.396288,12.263966,0.000000,121
6355,85690821215815,13.334948,1.113321,0.476808,12.215642,0.000000,121
6356,85690834550763,13.335709,1.425691,0.361876,11.902263,0.000000,121
6357,85690847886472,13.328054,1.151996,0.480352,12.169538,0.000000,121
6358,85690861214526,13.336140,0.934463,0.561568,12.395675,0.000000,121
6359,85690874550666,13.332300,3.730755,0.587664,9.592997,0.000000,121
6360,85690887882966,13.334758,1.032552,0.389513,12.296152,0.000000,121
6361,85690901217724,13.333679,1.124832,0.386528,12.201926,0.000000,121
6362,85690914551403,13.333615,1.436068,0.804271,11.888978,0.000000,121
6363,85690927885018,13.332985,1.489305,0.598356,11.837180,0.000000,121
6364,85690941218003,13.331622,1.123904,0.459255,12.201550,0.000000,121
6365,85690954549625,13.333499,1.020386,0.426803,12.307488,0.000000,121
6366,85690967883124,13.332928,1.134878,0.509239,12.192161,0.000000,121
6367,85690981216052,13.333177,3.691253,0.473431,9.635610,0.000000,121
6368,85690994549229,13.336387,0.880491,0.458770,12.450017,0.000000,121
6369,85691007885616,13.331981,1.086636,0.456167,12.238045,0.000000,121
6370,85691021217597,13.338427,0.977649,0.406566,12.353362,0.000000,121
6371,85691034556024,13.330622,1.350983,0.484721,11.972956,0.000000,121
6372,85691047886646,13.332240,1.028610,0.479084,12.296725,0.000000,121
6373,85691061218886,13.335213,0.876470,0.645692,12.452055,0.000000,121
6374,85691074554099,13.334067,1.153937,0.535886,12.172058,0.000000,121
6375,85691087888166,13.331525,3.862238,0.487001,9.462113,0.000000,121
6376,85691101219691,13.337314,0.837771,0.499248,12.489494,0.000000,121
6377,85691114557005,13.331457,1.126434,0.490137,12.197126,0.000000,121
6378,85691127888462,13.330125,1.264414,0.490903,12.059244,0.000000,121
6379,85691141218587,13.333573,3.084357,0.359646,10.243817,0.000000,121
6380,85691154552160,13.337890,1.046936,0.424613,12.284063,0.000000,121
6381,85691167890050,13.329313,1.151341,0.504507,12.171357,0.000000,121
6382,85691181219363,13.333409,1.016960,0.506878,12.310434,0.000000,121
6383,85691194552772,13.333344,3.599703,0.480554,9.727829,0.000000,121
6384,85691207886116,13.336545,0.794090,0.533389,12.535724,0.000000,121
6385,85691221222661,13.334003,0.975264,0.550877,12.351906,0.000000,121
6386,85691234556664,13.332364,1.183476,0.481305,12.140724,0.000000,121
6387,85691247889028,13.337211,1.356855,0.295582,11.969842,0.000000,121
6388,85691261226239,13.329171,1.165776,0.541073,12.156351,0.000000,121
6389,85691274555410,13.332423,1.143856,0.466528,12.182868,0.000000,121
6390,85691287887833,13.332603,1.126356,0.572430,12.201143,0.000000,121
6391,85691301220436,13.336474,4.004878,0.511207,9.322204,0.000000,121
6392,85691314556910,13.332765,1.064035,0.556719,12.261732,0.000000,121
6393,85691327889675,13.337129,1.162108,0.440478,12.167147,0.000000,121
6394,85691341226804,13.328117,1.093397,0.419733,12.227837,0.000000,121
6395,85691354554921,13.333654,1.469027,0.543949,11.857613,0.000000,121
6396,85691367888575,13.335653,1.113183,0.542732,12.214490,0.000000,121
6397,85691381224228,13.335774,1.106432,0.476194,12.221108,0.000000,121
6398,85691394560002,13.330803,1.086193,0.527350,12.236292,0.000000,121
6399,85691407890805,13.330596,3.873678,0.536832,9.450758,0.000000,121
6400,85691421221401,13.333989,0.948333,0.546511,12.378880,0.000000,121
6401,85691434555390,13.335151,1.104696,0.489341,12.223430,0.000000,121
6402,85691447890541,13.340683,1.093335,0.550302,12.236436,0.000000,121
6403,85691461231224,13.329809,1.321443,0.377879,11.996770,0.000000,121
6404,85691474561033,13.326232,1.121955,0.292774,12.198542,0.000000,121
6405,85691487887265,13.336681,1.118323,0.478946,12.211207,0.000000,121
6406,85691501223946,13.331665,0.949225,0.457187,12.375097,0.000000,121
6407,85691514555611,13.336444,4.161534,0.579942,9.166440,0.000000,121
6408,85691527892055,13.331484,1.049429,0.549217,12.274517,0.000000,121
6409,85691541223539,13.332968,1.023009,0.543628,12.302713,0.000000,121
6410,85691554556507,13.335599,1.239841,0.475323,12.088155,0.000000,121
6411,85691567892106,13.330765,1.418377,0.520053,11.905924,0.000000,121
6412,85691581222871,13.334012,0.943949,0.500465,12.384450,0.000000,121
6413,85691594556883,13.333500,1.031489,0.507787,12.296215,0.000000,121
6414,85691607890383,13.333068,1.039873,0.495382,12.286415,0.000000,121
6415,85691621223451,13.333333,3.261004,0.514008,10.066264,0.000000,121
6416,85691634556784,13.334164,1.023110,0.564969,12.304625,0.000000,121
6417,85691647890948,13.334842,1.084194,0.488632,12.242826,0.000000,121
6418,85691661225790,13.330413,0.936786,0.427480,12.387398,0.000000,121
6419,85691674556203,13.335597,1.319576,0.522494,12.010284,0.000000,121
6420,85691687891800,13.331813,1.296789,0.550597,12.028903,0.000000,121
6421,85691701223613,13.338474,0.859774,0.544661,12.471479,0.000000,121
6422,85691714562087,13.332260,1.104978,0.504610,12.219092,0.000000,121
6423,85691727894347,13.328773,3.394913,0.490185,9.926639,0.000000,121
6424,85691741223120,13.342936,0.883515,0.539813,12.452557,0.000000,121
6425,85691754566056,13.333932,1.115633,0.554443,12.212025,0.000000,121
6426,85691767899988,13.331441,1.377765,0.533355,11.947145,0.000000,121
6427,85691781231429,13.335221,1.257722,0.510486,12.070103,0.000000,121
6428,85691794566650,13.334244,1.093168,0.571561,12.233862,0.000000,121
6429,85691807900894,13.334601,1.137762,0.532451,12.188119,0.000000,121
6430,85691821235495,13.385484,0.970329,0.578478,12.407881,0.000000,121
6431,85691834620979,13.326255,3.761870,0.522129,9.549358,0.000000,121
6432,85691847947234,13.334242,1.121864,0.520921,12.205588,0.000000,121
6433,85691861281476,13.335820,1.074645,0.595847,12.253032,0.000000,121
6434,85691874617296,13.329208,1.325387,0.537150,11.995138,0.000000,121
6435,85691887946504,13.334066,1.318136,0.576455,12.009540,0.000000,121
6436,85691901280570,13.332407,1.286030,0.491242,12.040524,0.000000,121
6437,85691914612977,13.334635,1.177874,0.610797,12.151235,0.000000,121
6438,85691927947612,13.332824,1.015712,0.400551,12.310368,0.000000,121
6439,85691941280436,13.334236,3.672070,0.557384,9.655645,0.000000,121
6440,85691954614672,13.331342,1.257494,0.470029,12.068313,0.000000,121
6441,85691967946014,13.336973,0.865831,0.455913,12.464464,0.000000,121
6442,85691981282987,13.332968,0.883041,0.480350,12.442137,0.000000,121
6443,85691994615955,13.333675,1.519553,0.493953,11.806661,0.000000,121
6444,85692007949630,13.334066,1.207674,0.671166,12.119175,0.000000,121
6445,85692021283696,13.332252,1.083914,0.408738,12.241328,0.000000,121
6446,85692034615948,13.333402,0.964279,0.543384,12.362340,0.000000,121
6447,85692047949350,13.332900,3.383927,0.514884,9.942134,0.000000,121
6448,85692061282250,13.331542,0.955337,0.425877,12.371007,0.000000,121
6449,85692074613792,13.334303,0.946735,0.444527,12.381765,0.000000,121
6450,85692087948095,13.336485,1.200910,0.504240,12.128005,0.000000,121
6451,85692101284580,13.328439,1.326451,0.400978,11.996072,0.000000,121
6452,85692114613019,13.337823,1.106336,0.510754,12.225134,0.000000,121
6453,85692127950842,13.332365,1.145430,0.529920,12.180181,0.000000,121
6454,85692141283207,13.334100,1.003041,0.469509,12.323902,0.000000,121
6455,85692154617307,13.333959,3.961514,0.364365,9.365163,0.000000,121
6456,85692167951266,13.330523,1.251933,0.533250,12.072031,0.000000,121
6457,85692181281789,13.334835,1.010676,0.549258,12.316904,0.000000,121
6458,85692194616624,13.332851,1.256344,0.567011,12.069246,0.000000,121
6459,85692207949475,13.332845,1.549166,0.489318,11.777858,0.000000,121
6460,85692221282320,13.336895,0.948247,0.543053,12.380110,0.000000,121
6461,85692234619215,13.332520,1.256828,0.489937,12.067483,0.000000,121
6462,85692247951735,13.332241,1.010734,0.539341,12.314275,0.000000,121
6463,85692261283976,13.331897,4.052360,0.533722,9.273000,0.000000,121
6464,85692274615873,13.332784,1.115472,0.714594,12.210999,0.000000,121
6465,85692287948657,13.335697,1.026191,0.461211,12.303766,0.000000,121
6466,85692301284354,13.336076,0.850118,0.530402,12.478851,0.000000,121
6467,85692314620430,13.333338,1.505033,0.501832,11.815608,0.000000,121
6468,85692327953768,13.331529,1.008603,0.478648,12.315710,0.000000,121
6469,85692341285297,13.334892,0.906569,0.539592,12.421830,0.000000,121
6470,85692354620189,13.364648,1.069468,0.519496,12.288050,0.000000,121
6471,85692367984837,13.333390,3.743706,0.427450,9.582752,0.000000,121
6472,85692381318227,13.334519,0.991965,0.561158,12.336464,0.000000,121
6473,85692394652746,13.331886,1.305972,0.458453,12.019278,0.000000,121
6474,85692407984632,13.334475,1.842847,0.595861,11.484760,0.000000,121
6475,85692421319107,13.331627,1.365565,0.519694,11.959219,0.000000,121
6476,85692434650734,13.334022,1.003885,0.480106,12.324377,0.000000,121
6477,85692447984756,13.333580,0.936456,0.489094,12.390583,0.000000,121
6478,85692461318336,13.334266,0.873016,0.598430,12.453950,0.000000,121
6479,85692474652602,13.331434,3.836444,0.330927,9.488395,0.000000,121
6480,85692487984036,13.334809,0.847182,0.409998,12.481428,0.000000,121
6481,85692501318845,13.334309,0.846576,0.521674,12.480736,0.000000,121
6482,85692514653154,13.332301,0.875256,0.479871,12.450144,0.000000,121
6483,85692527985455,13.335502,1.183153,0.440203,12.145183,0.000000,121
6484,85692541320957,13.332036,0.929813,0.488283,12.394685,0.000000,121
6485,85692554652993,13.335341,0.946765,0.330148,12.380957,0.000000,121
6486,85692567988334,13.332385,1.107619,0.512933,12.217426,0.000000,121
6487,85692581320719,13.331028,3.995882,0.358770,9.328197,0.000000,121
6488,85692594651747,13.334270,0.958567,0.471215,12.368833,0.000000,121
6489,85692607986017,13.335070,1.842680,1.297392,11.485158,0.000000,121
6490,85692621321087,13.333371,0.901237,0.493401,12.425415,0.000000,121
6491,85692634654458,13.332630,1.125761,0.490590,12.200556,0.000000,121
6492,85692647987088,13.335548,0.939656,0.453581,12.388833,0.000000,121
6493,85692661322636,13.332818,0.901691,0.436236,12.422771,0.000000,121
6494,85692674655454,13.333889,0.957186,0.383228,12.368619,0.000000,121
6495,85692687989343,13.330583,3.556490,0.491400,9.766898,0.000000,121
6496,85692701319926,13.334209,0.863953,0.517573,12.464965,0.000000,121
6497,85692714654135,13.333254,0.941623,0.458766,12.386016,0.000000,121
6498,85692727987389,13.333709,0.944347,0.505366,12.383358,0.000000,121
6499,85692741321098,13.334557,1.123612,0.539767,12.204440,0.000000,121
6500,85692754655655,13.332275,1.033763,0.443630,12.291426,0.000000,121
6501,85692767987930,13.333721,0.936560,1.426888,12.390187,0.000000,121
6502,85692781321651,13.332716,0.844920,0.524930,12.482866,0.000000,121
6503,85692794654367,13.331608,3.804840,0.447374,9.521965,0.000000,121
6504,85692807985975,13.336316,0.828684,0.496881,12.502049,0.000000,121
6505,85692821322291,13.334305,0.924108,0.509454,12.403880,0.000000,121
6506,85692834656596,13.330728,0.942480,0.480874,12.382167,0.000000,121
6507,85692847987324,13.333264,1.143938,0.508255,12.184094,0.000000,121
6508,85692861320588,13.334969,0.832608,0.529542,12.496809,0.000000,121
6509,85692874655557,13.332046,2.010800,0.502586,11.316145,0.000000,121
6510,85692887987603,13.332660,0.913847,0.519757,12.413235,0.000000,121
6511,85692901320263,13.333704,3.555014,0.474452,9.773169,0.000000,121
6512,85692914653967,13.334039,0.837752,0.428733,12.491129,0.000000,121
6513,85692927988006,13.332980,0.971234,0.472831,12.356564,0.000000,121
6514,85692941320986,13.333889,0.830395,0.460657,12.497377,0.000000,121
6515,85692954654875,13.334010,1.104815,0.513813,12.223128,0.000000,121
6516,85692967988885,13.332315,0.918126,0.464666,12.407456,0.000000,121
6517,85692981321200,13.333816,0.821037,0.474021,12.506669,0.000000,121
6518,85692994655016,13.333024,0.870236,0.543827,12.456857,0.000000,122
6519,85693007988040,13.332385,3.646843,0.453751,9.680208,0.000000,122
6520,85693021320425,13.336708,0.799208,0.447446,12.531396,0.000000,122
6521,85693034657133,13.333513,1.922747,0.462760,11.403871,0.000000,122
6522,85693047990646,13.333281,1.018174,0.499949,12.308547,0.000000,122
6523,85693061323927,13.332781,1.141323,0.496843,12.185502,0.000000,122
6524,85693074656708,13.348059,0.917015,0.479446,12.425368,0.000000,122
6525,85693088004767,13.332810,0.946422,0.485078,12.379232,0.000000,122
6526,85693101337577,13.332695,0.852417,0.517221,12.474129,0.000000,122
6527,85693114670272,13.333428,3.765799,0.360050,9.561262,0.000000,122
6528,85693128003700,13.331917,0.932030,0.336492,12.393846,0.000000,122
6529,85693141335617,13.335271,0.852963,0.345094,12.476352,0.000000,122
6530,85693154670888,13.335775,0.939926,0.479782,12.388133,0.000000,122
6531,85693168006663,13.332361,1.200507,0.509854,12.124224,0.000000,122
6532,85693181339024,13.332137,0.892588,1.501471,12.431242,0.000000,122
6533,85693194671161,13.334486,1.021516,0.520571,12.306713,0.000000,122
6534,85693208005647,13.331662,0.938931,0.568099,12.386296,0.000000,122
6535,85693221337309,13.334545,3.924243,0.422048,9.403444,0.000000,122
6536,85693234671854,13.341804,0.959859,0.469046,12.375573,0.000000,122
6537,85693248013658,13.332745,0.935544,0.500367,12.390481,0.000000,122
6538,85693261346403,13.333924,0.857548,0.489754,12.469391,0.000000,122
6539,85693274680327,13.334037,1.200107,0.358441,12.126710,0.000000,122
6540,85693288014364,13.332039,0.960012,0.339490,12.364913,0.000000,122
6541,85693301346403,13.333888,0.878469,1.457052,12.449242,0.000000,122
6542,85693314680291,13.333381,0.962182,0.601820,12.364349,0.000000,122
6543,85693328013672,13.332103,3.582154,0.512244,9.744619,0.000000,122
6544,85693341345775,13.333184,0.812262,1.162883,12.515514,0.000000,122
6545,85693354678959,13.332870,0.919263,0.510709,12.408062,0.000000,122
6546,85693368011829,13.336386,0.982848,0.473511,12.347958,0.000000,122
6547,85693381348215,13.331220,1.199995,1.389813,12.124205,0.000000,122
6548,85693394679435,13.335125,0.881519,0.431690,12.447880,0.000000,122
6549,85693408014560,13.334278,0.915321,0.480905,12.411673,0.000000,122
6550,85693421348838,13.332285,1.851964,0.424557,11.473114,0.000000,122
6551,85693434681123,13.332290,3.795133,0.440674,9.530764,0.000000,122
6552,85693448013413,13.334238,0.918694,0.471708,12.409529,0.000000,122
6553,85693461347651,13.347454,0.876010,0.471783,12.464425,0.000000,122
6554,85693474695105,13.332288,1.077332,0.396088,12.248092,0.000000,122
6555,85693488027393,13.332708,1.251286,0.439911,12.074969,0.000000,122
6556,85693501360101,13.334410,0.871373,0.366168,12.456614,0.000000,122
6557,85693514694511,13.333405,0.991197,0.471466,12.334713,0.000000,122
6558,85693528027916,13.334178,1.960777,0.625737,11.366815,0.000000,122
6559,85693541362094,13.330074,3.629609,0.468497,9.693625,0.000000,122
6560,85693554692168,13.335137,0.848539,0.475156,12.481180,0.000000,122
6561,85693568027305,13.334374,0.919864,0.334819,12.408717,0.000000,122
6562,85693581361679,13.333874,0.886318,0.468374,12.440635,0.000000,122
6563,85693594695553,13.332446,1.221666,0.468080,12.103943,0.000000,122
6564,85693608027999,13.333372,0.964245,0.458388,12.362331,0.000000,122
6565,85693621361371,13.337040,0.827009,0.491078,12.502600,0.000000,122
6566,85693634698411,13.329593,0.976057,0.575227,12.345528,0.000000,122
6567,85693648028004,13.333497,3.646432,0.452667,9.680349,0.000000,122
6568,85693661361501,13.334611,0.790112,0.501176,12.538297,0.000000,122
6569,85693674696112,13.332322,0.915043,0.470092,12.410628,0.000000,122
6570,85693688028434,13.336276,0.939124,0.439637,12.390086,0.000000,122
6571,85693701364710,13.331701,1.158182,0.507317,12.166249,0.000000,122
6572,85693714696411,13.333545,0.964074,0.468616,12.361826,0.000000,122
6573,85693728029956,13.332226,0.960044,0.339399,12.365501,0.000000,122
6574,85693741362182,13.336769,0.838908,0.437896,12.490339,0.000000,122
6575,85693754698951,13.329731,3.999424,0.332213,9.322859,0.000000,122
6576,85693768028682,13.333972,0.924596,0.338821,12.403195,0.000000,122
6577,85693781362654,13.335841,0.871161,0.486278,12.457880,0.000000,122
6578,85693794698495,13.331867,0.886069,0.486113,12.439061,0.000000,122
6579,85693808030362,13.332387,1.152699,0.454856,12.172885,0.000000,122
6580,85693821362749,13.334994,0.852819,0.503207,12.475420,0.000000,122
6581,85693834697743,13.333098,1.078646,0.459485,12.246968,0.000000,122
6582,85693848030841,13.332021,1.033745,0.549425,12.291017,0.000000,122
6583,85693861362862,13.333450,3.827717,0.479283,9.499428,0.000000,122
6584,85693874696312,13.336525,0.968795,0.459771,12.360582,0.000000,122
6585,85693888032837,13.331667,0.960229,0.419519,12.364225,0.000000,122
6586,85693901364504,13.333714,0.909915,0.479718,12.416368,0.000000,122
6587,85693914698218,13.333984,1.252671,0.469783,12.073853,0.000000,122
6588,85693928032202,13.331649,0.993220,0.450089,12.331130,0.000000,122
6589,85693941363851,13.333528,0.849556,0.452017,12.476287,0.000000,122
6590,85693954697379,13.334549,0.912075,0.470713,12.415238,0.000000,122
6591,85693968031928,13.333306,3.753392,0.436401,9.571440,0.000000,122
6592,85693981365234,13.332229,1.010121,0.397522,12.315727,0.000000,122
6593,85693994697463,13.335177,0.956874,0.497839,12.371502,0.000000,122
6594,85694008032640,13.331522,1.016416,0.358579,12.307941,0.000000,122
6595,85694021364162,13.334488,1.031876,0.454450,12.296431,0.000000,122
6596,85694034698650,13.331644,0.947694,0.469263,12.377377,0.000000,122
6597,85694048030294,13.335949,0.932537,0.443802,12.396728,0.000000,122
6598,85694061366243,13.331336,0.912716,0.577315,12.411197,0.000000,122
6599,85694074697579,13.335446,3.703256,0.408732,9.625290,0.000000,122
6600,85694088033025,13.333833,1.101192,0.362017,12.224614,0.000000,122
6601,85694101366858,13.331047,0.898729,0.490090,12.425375,0.000000,122
6602,85694114697905,13.332949,0.996929,0.513841,12.329201,0.000000,122
6603,85694128030854,13.335125,1.209791,0.508227,12.119104,0.000000,122
6604,85694141365979,13.333845,0.940616,0.476405,12.385713,0.000000,122
6605,85694154699824,13.334706,1.062903,0.501835,12.263404,0.000000,122
6606,85694168034530,13.331096,1.162724,0.584957,12.160826,0.000000,122
6607,85694181365626,13.333457,3.898572,0.454515,9.427986,0.000000,122
6608,85694194699083,13.336737,0.989759,0.478349,12.339929,0.000000,122
6609,85694208035820,13.331410,0.984300,0.440145,12.337885,0.000000,122
6610,85694221367230,13.333448,0.752203,0.506719,12.574772,0.000000,122
6611,85694234700678,13.334807,1.072034,0.506897,12.255424,0.000000,122
6612,85694248035485,13.333792,0.957451,0.479549,12.368148,0.000000,122
6613,85694261369277,13.328581,0.804013,0.492929,12.517403,0.000000,122
6614,85694274697858,13.335357,0.890422,0.628098,12.438763,0.000000,122
6615,85694288033215,13.334885,3.686198,0.445020,9.640279,0.000000,122
6616,85694301368100,13.331672,0.973729,0.488850,12.349836,0.000000,122
6617,85694314699772,13.331248,0.981029,0.492607,12.344170,0.000000,122
6618,85694328031020,13.337626,0.930527,0.497415,12.400667,0.000000,122
6619,85694341368646,13.332773,1.172731,0.494085,12.152071,0.000000,122
6620,85694354701419,13.333575,0.968131,0.475573,12.357955,0.000000,122
6621,85694368034994,13.333410,1.020131,0.484266,12.305564,0.000000,122
6622,85694381368404,13.331560,0.953069,0.553551,12.370929,0.000000,122
6623,85694394699964,13.332817,3.808951,0.465721,9.516673,0.000000,122
6624,85694408032781,13.336302,0.947750,0.367747,12.381672,0.000000,122
6625,85694421369083,13.330944,0.878788,0.486395,12.445227,0.000000,122
6626,85694434700027,13.332757,0.948395,0.493729,12.378216,0.000000,122
6627,85694448032784,13.336787,1.186263,0.487168,12.143484,0.000000,122
6628,85694461369571,13.331892,0.926908,0.494432,12.397960,0.000000,122
6629,85694474701463,13.332934,0.971458,0.505249,12.354182,0.000000,122
6630,85694488034397,13.336042,0.946280,0.514303,12.381673,0.000000,122
6631,85694501370439,13.330695,3.859186,0.476941,9.463240,0.000000,122
6632,85694514701134,13.333087,0.973899,0.486423,12.351779,0.000000,122
6633,85694528034221,13.335885,0.981827,0.520121,12.347192,0.000000,122
6634,85694541370106,13.332143,0.980553,0.480082,12.342677,0.000000,122
6635,85694554702249,13.332583,1.367582,0.487737,11.958437,0.000000,122
6636,85694568034832,13.333610,0.956851,0.466087,12.369297,0.000000,122
6637,85694581368442,13.335071,0.850265,0.506566,12.477458,0.000000,122
6638,85694594703513,13.332199,1.008068,0.615939,12.316034,0.000000,122
6639,85694608035712,13.330997,3.993815,0.460773,9.330359,0.000000,122
6640,85694621366709,13.337684,0.829339,0.403312,12.502087,0.000000,122
6641,85694634704393,13.329866,1.013357,0.468807,12.309307,0.000000,122
6642,85694648034259,13.334702,1.045673,0.476785,12.282976,0.000000,122
6643,85694661368961,13.335427,1.123571,0.546662,12.204620,0.000000,122
6644,85694674704388,13.332526,1.013434,0.490483,12.311410,0.000000,122
6645,85694688036914,13.332709,0.967634,0.463075,12.358211,0.000000,122
6646,85694701369623,13.335568,0.858099,0.602342,12.470322,0.000000,122
6647,85694714705191,13.439064,4.626592,0.453639,8.796405,0.000000,122
6648,85694728144255,13.411510,1.575459,0.330146,11.803863,0.000000,122
6649,85694741555765,13.311855,1.491616,0.359981,11.795569,0.000000,122
6650,85694754867620,13.327872,1.018808,0.383777,12.301094,0.000000,122
6651,85694768195492,13.332738,1.161459,0.459098,12.165561,0.000000,122
6652,85694781528230,13.337306,0.819299,0.491106,12.511026,0.000000,122
6653,85694794865536,13.331770,0.981339,0.466007,12.342614,0.000000,122
6654,85694808197306,13.333439,0.955977,0.524517,12.371081,0.000000,122
6655,85694821530745,13.334137,3.541192,0.529803,9.785989,0.000000,122
6656,85694834864882,13.334765,0.944183,0.468605,12.384202,0.000000,122
6657,85694848199647,13.331065,1.067892,0.467031,12.255829,0.000000,122
6658,85694861530712,13.335239,0.813315,0.471616,12.515590,0.000000,122
6659,85694874865951,13.333579,1.197781,0.357214,12.128097,0.000000,122
6660,85694888199530,13.330726,1.022787,0.330153,12.301681,0.000000,122
6661,85694901530256,13.333939,0.897920,0.474780,12.429755,0.000000,122
6662,85694914864195,13.333486,0.918835,0.597288,12.408829,0.000000,122
6663,85694928197681,13.332570,3.729980,0.484228,9.596603,0.000000,122
6664,85694941530251,13.336163,0.872778,0.487935,12.457330,0.000000,122
6665,85694954866414,13.332074,1.061486,0.472965,12.262841,0.000000,122
6666,85694968198488,13.332924,0.979249,0.479279,12.347526,0.000000,122
6667,85694981531412,13.333732,1.012476,0.465872,12.315687,0.000000,122
6668,85694994865144,13.333804,0.905662,0.477364,12.421482,0.000000,122
6669,85695008198948,13.335339,0.956615,0.434066,12.372205,0.000000,122
6670,85695021534287,13.331203,0.892067,0.552980,12.431630,0.000000,122
6671,85695034865490,13.336201,3.515438,0.478997,9.812748,0.000000,122
6672,85695048201691,13.332544,0.983927,0.471789,12.340852,0.000000,122
6673,85695061534235,13.332118,0.877385,0.458777,12.448209,0.000000,122
6674,85695074866353,13.336292,0.961982,0.494372,12.366803,0.000000,122
6675,85695088202645,13.330658,1.288008,0.472685,12.034551,0.000000,122
6676,85695101533303,13.332966,0.874800,0.467578,12.451792,0.000000,122
6677,85695114866269,13.332824,0.937979,0.462219,12.388708,0.000000,122
6678,85695128199093,13.332977,0.930442,0.612160,12.396199,0.000000,122
6679,85695141532070,13.334873,3.745706,0.462005,9.582408,0.000000,122
6680,85695154866943,13.332256,0.929543,0.502728,12.396771,0.000000,122
6681,85695168199199,13.336613,0.940809,0.476157,12.389087,0.000000,122
6682,85695181535812,13.331290,0.925447,0.448414,12.398167,0.000000,122
6683,85695194867102,13.335167,1.212019,0.382854,12.116037,0.000000,122
6684,85695208202269,13.332070,1.033398,0.300724,12.290893,0.000000,122
6685,85695221534339,13.334806,0.862560,0.517306,12.464656,0.000000,122
6686,85695234869145,13.332669,0.998262,0.607175,12.327464,0.000000,122
6687,85695248201814,13.338547,3.621343,0.495052,9.707223,0.000000,122
6688,85695261540361,13.327012,1.032609,0.468412,12.286826,0.000000,122
6689,85695274867373,13.334070,0.937833,0.507722,12.389545,0.000000,122
6690,85695288201443,13.335302,0.976141,0.509614,12.351614,0.000000,122
6691,85695301536745,13.331689,1.171292,0.473508,12.152827,0.000000,122
6692,85695314868434,13.334264,0.978066,0.505166,12.348579,0.000000,122
6693,85695328202698,13.333763,1.035300,0.455532,12.290121,0.000000,122
6694,85695341536461,13.331884,0.926525,0.445941,12.398372,0.000000,122
6695,85695354868345,13.332938,3.773895,0.339507,9.551464,0.000000,122
6696,85695368201283,13.335672,1.028252,0.375955,12.300261,0.000000,122
6697,85695381536955,13.331481,0.920499,0.458007,12.402920,0.000000,122
6698,85695394868436,13.332253,1.001840,0.488533,12.324178,0.000000,122
6699,85695408200689,13.335024,1.245122,0.521162,12.082772,0.000000,122
6700,85695421535713,13.332576,0.933406,0.482192,12.391262,0.000000,123
6701,85695434868289,13.332390,0.951874,0.440340,12.374150,0.000000,123
6702,85695448200679,13.336712,0.969757,0.586381,12.359343,0.000000,123
6703,85695461537391,13.332490,3.695345,0.470153,9.627414,0.000000,123
6704,85695474869881,13.332276,0.938860,0.461100,12.386312,0.000000,123
6705,85695488202157,13.333854,0.906212,0.469277,12.421582,0.000000,123
6706,85695501536011,13.333370,0.795932,0.481937,12.531739,0.000000,123
6707,85695514869381,13.331951,1.049996,0.468437,12.276365,0.000000,123
6708,85695528201332,13.335216,0.822463,0.468085,12.506807,0.000000,123
6709,85695541536548,13.334470,0.766371,0.504772,12.561439,0.000000,123
6710,85695554871018,13.331615,0.892426,0.401976,12.432258,0.000000,123
6711,85695568202633,13.336694,3.663515,0.469937,9.663511,0.000000,123
6712,85695581539327,13.331554,1.004716,0.475558,12.319555,0.000000,123
6713,85695594870881,13.332380,0.863645,0.349223,12.462605,0.000000,123
6714,85695608203261,13.333223,0.915436,0.469325,12.411315,0.000000,123
6715,85695621536484,13.336356,1.085100,0.470281,12.244074,0.000000,123
6716,85695634872840,13.331767,1.000650,0.464689,12.322889,0.000000,123
6717,85695648204607,13.333496,0.979727,0.481118,12.346147,0.000000,123
6718,85695661538103,13.334398,0.872965,0.496428,12.453318,0.000000,123
6719,85695674872501,13.333034,3.541906,0.482718,9.783043,0.000000,123
6720,85695688205535,13.331381,1.024180,0.490794,12.300505,0.000000,123
6721,85695701536916,13.336244,0.817021,0.477230,12.511476,0.000000,123
6722,85695714873160,13.331628,1.123636,0.463534,12.199640,0.000000,123
6723,85695728204788,13.331816,1.205164,0.466767,12.120654,0.000000,123
6724,85695741536604,13.336374,0.827215,0.479515,12.502290,0.000000,123
6725,85695754872978,13.332975,1.012563,0.488681,12.311818,0.000000,123
6726,85695768205953,13.331330,0.941298,0.522347,12.382927,0.000000,123
6727,85695781537283,13.339032,3.526004,0.462711,9.804433,0.000000,123
6728,85695794876315,13.328364,1.010086,0.482335,12.310253,0.000000,123
6729,85695808204679,13.332576,0.933173,0.488351,12.392616,0.000000,123
6730,85695821537255,13.333681,0.829920,0.366338,12.497273,0.000000,123
6731,85695834870936,13.332706,1.206449,0.462022,12.118451,0.000000,123
6732,85695848203642,13.345482,0.913644,0.469211,12.419232,0.000000,123
6733,85695861549124,13.323163,1.019778,0.490621,12.291092,0.000000,123
6734,85695874872287,13.332406,1.075762,0.518172,12.249162,0.000000,123
6735,85695888204693,13.335208,3.367019,0.478199,9.961812,0.000000,123
6736,85695901539901,13.336755,0.795136,0.462980,12.533240,0.000000,123
6737,85695914876656,13.328712,1.077634,0.440816,12.244056,0.000000,123
6738,85695928205368,13.334987,0.808751,0.508410,12.520486,0.000000,123
6739,85695941540355,13.331754,1.270120,0.336088,12.053915,0.000000,123
6740,85695954872109,13.332123,0.940246,0.453181,12.385850,0.000000,123
6741,85695968204232,13.336474,0.923924,0.363378,12.406407,0.000000,123
6742,85695981540706,13.331480,0.890741,0.500267,12.433064,0.000000,123
6743,85695994872186,13.331489,3.303432,0.467517,10.022437,0.000000,123
6744,85696008203675,13.336114,0.880434,0.497037,12.449005,0.000000,123
6745,85696021539789,13.332984,0.875411,0.445310,12.451611,0.000000,123
6746,85696034872773,13.333052,1.001736,0.493393,12.323967,0.000000,123
6747,85696048205825,13.331899,1.159421,0.550886,12.166640,0.000000,123
6748,85696061537724,13.335300,0.866566,0.423339,12.462316,0.000000,123
6749,85696074873024,13.335423,0.953458,0.452236,12.373911,0.000000,123
6750,85696088208447,13.332752,1.057630,0.492270,12.267911,0.000000,123
6751,85696101541199,13.332519,3.642119,0.482426,9.682927,0.000000,123
6752,85696114873718,13.332365,0.961630,0.497662,12.363997,0.000000,123
6753,85696128206083,13.335388,1.028367,0.526347,12.300236,0.000000,123
6754,85696141541471,13.333682,0.888468,0.554298,12.436436,0.000000,123
6755,85696154875153,13.334269,1.202304,0.484396,12.123694,0.000000,123
6756,85696168209422,13.330709,1.066569,0.481143,12.256638,0.000000,123
6757,85696181540131,13.335132,0.878426,0.342542,12.449581,0.000000,123
6758,85696194875263,13.331904,0.956525,0.476628,12.368240,0.000000,123
6759,85696208207167,13.333968,3.725621,0.468867,9.601355,0.000000,123
6760,85696221541135,13.344118,0.957147,0.497956,12.375875,0.000000,123
6761,85696234885253,13.330958,1.012748,0.603473,12.304233,0.000000,123
6762,85696248216211,13.324447,1.100497,0.356525,12.214583,0.000000,123
6763,85696261540658,13.334698,1.120439,0.452186,12.207012,0.000000,123
6764,85696274875356,13.335261,1.063840,0.471337,12.264617,0.000000,123
6765,85696288210617,13.330437,1.119862,0.790116,12.203291,0.000000,123
6766,85696301541054,13.338090,0.895946,0.826422,12.432719,0.000000,123
6767,85696314879144,13.330789,3.836555,0.723526,9.483912,0.000000,123
6768,85696328209933,13.334156,1.077654,1.500531,12.246329,0.000000,123
6769,85696341544089,13.339864,0.906092,0.713306,12.422036,0.000000,123
6770,85696354883953,13.326169,1.225705,0.730157,12.087349,0.000000,123
6771,85696368210122,13.336322,1.230354,1.409901,12.094642,0.000000,123
6772,85696381546444,13.328365,0.945517,0.819617,12.373856,0.000000,123
6773,85696394874809,13.333082,0.969486,1.015221,12.355323,0.000000,123
6774,85696408207891,13.333525,0.976799,0.700415,12.349287,0.000000,123
6775,85696421541416,13.335345,3.693023,1.201250,9.633921,0.000000,123
6776,85696434876761,13.331607,0.970911,0.795485,12.351711,0.000000,123
6777,85696448208368,13.333991,0.910434,0.483088,12.415430,0.000000,123
6778,85696461542359,13.334490,0.830212,0.714848,12.497154,0.000000,123
6779,85696474876849,13.331649,1.050850,0.486062,12.274730,0.000000,123
6780,85696488208498,13.335236,0.859301,0.494273,12.469816,0.000000,123
6781,85696501543734,13.332933,0.823055,0.304597,12.502501,0.000000,123
6782,85696514876667,13.332180,0.992612,0.524081,12.332962,0.000000,123
6783,85696528208847,13.333840,3.372322,0.783278,9.954495,0.000000,123
6784,85696541542687,13.332414,0.938914,0.490104,12.386971,0.000000,123
6785,85696554875101,13.334121,0.944228,0.515387,12.383399,0.000000,123
6786,85696568209222,13.333615,1.092264,0.639095,12.234689,0.000000,123
6787,85696581542837,13.334439,1.250401,0.463726,12.077131,0.000000,123
6788,85696594877276,13.333133,1.118616,0.453614,12.207390,0.000000,123
6789,85696608210409,13.339175,1.078306,0.604163,12.250130,0.000000,123
6790,85696621549584,13.327720,0.890231,0.986583,12.430062,0.000000,123
6791,85696634877304,13.337687,3.794490,0.795571,9.533483,0.000000,123
6792,85696648214991,13.331153,1.184784,0.829847,12.135458,0.000000,123
6793,85696661546144,13.332927,1.039568,0.924852,12.284860,0.000000,123
6794,85696674879071,13.333168,1.300965,0.577546,12.023216,0.000000,123
6795,85696688212239,13.333173,1.286515,1.023631,12.037529,0.000000,123
6796,85696701545412,13.332385,1.058911,0.688866,12.266236,0.000000,123
6797,85696714877797,13.332655,1.215972,0.567414,12.110308,0.000000,123
6798,85696728210452,13.333513,0.899701,0.514434,12.428402,0.000000,123
6799,85696741543965,13.334470,3.511721,0.500560,9.816534,0.000000,123
6800,85696754878435,13.331139,0.863852,0.626688,12.461185,0.000000,123
6801,85696768209574,13.333446,0.926954,0.859852,12.400467,0.000000,123
6802,85696781543020,13.343012,1.275707,0.476032,12.057862,0.000000,123
6803,85696794886032,13.324539,1.336835,0.477355,11.980210,0.000000,123
6804,85696808210571,13.332063,1.056817,0.709859,12.268982,0.000000,123
6805,85696821542634,13.335948,0.992066,0.485608,12.337313,0.000000,123
6806,85696834878582,13.332282,0.985979,0.797491,12.339621,0.000000,123
6807,85696848210864,13.334520,3.656784,0.545855,9.670627,0.000000,123
6808,85696861545384,13.333561,1.039728,0.699613,12.287546,0.000000,123
6809,85696874878945,13.331556,1.060864,0.868476,12.263330,0.000000,123
6810,85696888210501,13.333870,0.836979,0.749602,12.491151,0.000000,123
6811,85696901544371,13.376596,0.974251,0.538752,12.354440,0.000000,123
6812,85696914920967,13.288507,0.836845,0.463035,12.445559,0.000000,123
6813,85696928209474,13.334411,0.782988,0.458717,12.546112,0.000000,123
6814,85696941543885,13.332255,0.717084,0.491754,12.609592,0.000000,123
6815,85696954876140,13.333475,3.265469,0.455064,10.062526,0.000000,123
6816,85696968209615,13.333253,0.854697,0.463211,12.472992,0.000000,123
6817,85696981542868,13.333299,0.681299,0.472341,12.646649,0.000000,123
6818,85696994876167,13.334332,0.777176,0.350656,12.552352,0.000000,123
6819,85697008210499,13.333205,0.973639,0.470048,12.354423,0.000000,123
6820,85697021543704,13.334009,0.760269,0.459382,12.568484,0.000000,123
6821,85697034877713,13.334264,0.805856,0.461113,12.522228,0.000000,123
6822,85697048211977,13.332962,0.874278,0.509225,12.452033,0.000000,123
6823,85697061544939,13.333490,3.309371,0.444986,10.018150,0.000000,123
6824,85697074878429,13.333826,0.791174,0.458900,12.536158,0.000000,123
6825,85697088212255,13.333586,0.832446,0.456526,12.494341,0.000000,123
6826,85697101545841,13.331599,0.755696,0.451423,12.569880,0.000000,123
6827,85697114877440,13.373505,1.073557,0.475963,12.255946,0.000000,123
6828,85697128250945,13.294534,0.866848,0.492464,12.421915,0.000000,123
6829,85697141545479,13.333582,0.748219,0.481268,12.579484,0.000000,123
6830,85697154879061,13.336627,0.831104,0.491716,12.496822,0.000000,123
6831,85697168215688,13.330371,3.364387,0.460328,9.958106,0.000000,123
6832,85697181546059,13.333107,0.767324,0.452354,12.559756,0.000000,123
6833,85697194879166,13.337328,0.829447,0.341328,12.498442,0.000000,123
6834,85697208216494,13.331648,0.968969,0.446226,12.353092,0.000000,123
6835,85697221548142,13.383208,1.113095,0.362612,12.213101,0.000000,123
6836,85697234931350,13.283247,1.017747,0.567931,12.257603,0.000000,123
6837,85697248214597,13.331557,1.134215,0.450548,12.189889,0.000000,123
6838,85697261546154,13.335237,0.759794,0.520753,12.568188,0.000000,123
6839,85697274881391,13.331829,3.339719,0.596917,9.986199,0.000000,123
6840,85697288213220,13.335071,1.046357,0.461279,12.280616,0.000000,123
6841,85697301548291,13.332316,0.847499,0.449614,12.477319,0.000000,123
6842,85697314880607,13.333556,1.025753,0.469944,12.301150,0.000000,123
6843,85697328214163,13.332355,1.379596,0.485141,11.944888,0.000000,123
6844,85697341546518,13.331896,0.855282,0.485472,12.469895,0.000000,123
6845,85697354878414,13.335095,0.945470,0.477923,12.382439,0.000000,123
6846,85697368213509,13.336138,1.164290,0.518448,12.163817,0.000000,123
6847,85697381549647,13.330893,3.266331,0.567542,10.057041,0.000000,123
6848,85697394880540,13.331524,1.105624,0.477198,12.220495,0.000000,123
6849,85697408212064,13.343179,0.793669,0.473640,12.539699,0.000000,123
6850,85697421555243,13.328779,0.900417,0.472995,12.417599,0.000000,123
6851,85697434884022,13.329062,1.069802,0.491472,12.252950,0.000000,123
6852,85697448213084,13.335462,1.086763,0.563297,12.241818,0.000000,123
6853,85697461548546,13.331298,0.903257,0.473048,12.421368,0.000000,123
6854,85697474879844,13.333696,0.842578,0.513581,12.485361,0.000000,123
6855,85697488213540,13.334270,3.290916,0.482369,10.037073,0.000000,123
6856,85697501547810,13.332710,0.962816,0.487209,12.363112,0.000000,123
6857,85697514880520,13.333398,0.981399,0.463342,12.345253,0.000000,123
6858,85697528213918,13.335038,1.048082,0.549256,12.279999,0.000000,123
6859,85697541548956,13.330473,1.339872,0.556659,11.984100,0.000000,123
6860,85697554879429,13.337892,1.107449,0.471864,12.221536,0.000000,123
6861,85697568217321,13.329365,1.051171,0.582293,12.270360,0.000000,123
6862,85697581546686,13.334752,0.956768,0.511730,12.370784,0.000000,123
6863,85697594881438,13.340361,3.389798,0.467141,9.939696,0.000000,123
6864,85697608221799,13.324738,0.870118,0.449607,12.448175,0.000000,123
6865,85697621546537,13.336227,1.002527,0.470867,12.326418,0.000000,123
6866,85697634882764,13.330184,0.974206,0.436061,12.350110,0.000000,124
6867,85697648212948,13.334153,1.324991,0.564808,12.002978,0.000000,124
6868,85697661547101,13.332258,0.924322,0.471466,12.402214,0.000000,124
6869,85697674879359,13.334300,1.031774,0.456317,12.296113,0.000000,124
6870,85697688213659,13.333208,1.608673,0.423718,11.718505,0.000000,124
6871,85697701546867,13.335027,3.498129,0.466734,9.828574,0.000000,124
6872,85697714881894,13.331635,0.974222,0.463480,12.351498,0.000000,124
6873,85697728213529,13.333739,0.823652,0.471908,12.503825,0.000000,124
6874,85697741547268,13.332964,0.878429,0.476663,12.448192,0.000000,124
6875,85697754880232,13.333596,1.290505,0.484666,12.036577,0.000000,124
6876,85697768213828,13.333907,0.958407,0.487149,12.370175,0.000000,124
6877,85697781547735,13.336583,0.813551,0.586806,12.514935,0.000000,124
6878,85697794884318,13.329628,1.024113,0.368214,12.298403,0.000000,124
6879,85697808213946,13.335013,3.428061,0.471608,9.900857,0.000000,124
6880,85697821548959,13.334523,0.889231,0.491748,12.438831,0.000000,124
6881,85697834883482,13.332931,0.973352,0.477188,12.352204,0.000000,124
6882,85697848216413,13.333693,1.098304,0.495566,12.229269,0.000000,124
6883,85697861550106,13.332486,1.138603,0.609635,12.187708,0.000000,124
6884,85697874882592,13.336003,1.036138,0.442386,12.291449,0.000000,124
6885,85697888218595,13.331912,1.100002,0.563762,12.224672,0.000000,124
6886,85697901550507,13.338662,0.983429,0.546963,12.345031,0.000000,124
6887,85697914889169,13.326840,3.665042,0.536886,9.653806,0.000000,124
6888,85697928216009,13.337205,1.154824,0.488245,12.172466,0.000000,124
6889,85697941553214,13.333148,0.947155,0.545200,12.377720,0.000000,124
6890,85697954886362,13.335323,0.998635,0.534502,12.326573,0.000000,124
6891,85697968221685,13.329342,1.268819,0.507411,12.052528,0.000000,124
6892,85697981551027,13.334120,0.848727,0.509626,12.478609,0.000000,124
6893,85697994885147,13.332744,0.997211,0.487778,12.327581,0.000000,124
6894,85698008217891,13.333602,1.024691,0.493428,12.301869,0.000000,124
6895,85698021551493,13.333846,3.601226,0.513144,9.726133,0.000000,124
6896,85698034885339,13.331848,0.886796,0.480593,12.438357,0.000000,124
6897,85698048217187,13.340342,1.013764,0.484576,12.315844,0.000000,124
6898,85698061557529,13.328447,0.962627,0.498969,12.357761,0.000000,124
6899,85698074885976,13.331949,1.043492,0.469263,12.281573,0.000000,124
6900,85698088217925,13.333298,1.086767,0.479635,12.239204,0.000000,124
6901,85698101551223,13.333715,0.861190,0.467018,12.464978,0.000000,124
6902,85698114884938,13.335226,1.080707,0.527323,12.248860,0.000000,124
6903,85698128220164,13.332368,3.389690,0.517537,9.935153,0.000000,124
6904,85698141552532,13.331020,1.089550,0.474066,12.234166,0.000000,124
6905,85698154883552,13.333853,1.148553,0.496787,12.178827,0.000000,124
6906,85698168217405,13.332832,1.076553,0.576487,12.249749,0.000000,124
6907,85698181550237,13.335843,1.301689,0.504262,12.025452,0.000000,124
6908,85698194886080,13.331627,0.935898,0.515445,12.388499,0.000000,124
6909,85698208217707,13.332056,0.986881,0.535776,12.339454,0.000000,124
6910,85698221549763,13.342053,0.865166,0.542757,12.468111,0.000000,124
6911,85698234891816,13.327612,3.734258,0.502925,9.585251,0.000000,124
6912,85698248219428,13.332264,1.079814,0.484251,12.245081,0.000000,124
6913,85698261551692,13.333305,0.974878,0.463816,12.351958,0.000000,124
6914,85698274884997,13.334777,1.139015,0.425759,12.187959,0.000000,124
6915,85698288219774,13.334404,1.552999,0.465975,11.771721,0.000000,124
6916,85698301554178,13.336892,1.036930,0.357328,12.289577,0.000000,124
6917,85698314891070,13.329297,1.002015,0.339598,12.318295,0.000000,124
6918,85698328220367,13.332844,1.062595,0.390541,12.262697,0.000000,124
6919,85698341553211,13.334276,3.571721,0.328222,9.753782,0.000000,124
6920,85698354887487,13.336451,1.189764,0.479974,12.135975,0.000000,124
6921,85698368223938,13.332577,1.070630,0.483535,12.251122,0.000000,124
6922,85698381556515,13.329977,0.987016,0.500721,12.335308,0.000000,124
6923,85698394886492,13.331256,1.265530,0.471753,12.058554,0.000000,124
6924,85698408217748,13.335001,1.092607,0.542385,12.235107,0.000000,124
6925,85698421552749,13.339232,0.882241,0.491798,12.446076,0.000000,124
6926,85698434891981,13.327877,1.189734,0.435098,12.130643,0.000000,124
6927,85698448219858,13.337028,3.709246,0.539544,9.620178,0.000000,124
6928,85698461556886,13.331133,0.898654,0.538302,12.425723,0.000000,124
6929,85698474888019,13.331718,1.166539,0.533717,12.158574,0.000000,124
6930,85698488219737,13.336562,1.128788,0.473117,12.199388,0.000000,124
6931,85698501556299,13.332126,1.284529,0.560467,12.039454,0.000000,124
6932,85698514888425,13.331643,1.175837,0.446267,12.149283,0.000000,124
6933,85698528220068,13.334667,1.212838,0.479745,12.114597,0.000000,124
6934,85698541554735,13.333074,0.927370,0.500850,12.398095,0.000000,124
6935,85698554887809,13.333580,3.451852,0.524021,9.874389,0.000000,124
6936,85698568221389,13.335260,0.917325,0.497259,12.410802,0.000000,124
6937,85698581556649,13.332161,0.826540,0.578493,12.498913,0.000000,124
6938,85698594888810,13.334112,0.993571,0.539487,12.333028,0.000000,124
6939,85698608222922,13.336067,1.288369,0.509880,12.039583,0.000000,124
6940,85698621558989,13.331571,1.127211,0.575102,12.193667,0.000000,124
6941,85698634890560,13.336852,1.196894,0.527344,12.131545,0.000000,124
6942,85698648227412,13.329649,1.008194,0.522789,12.313589,0.000000,124
6943,85698661557061,13.332733,3.734635,0.513515,9.589925,0.000000,124
6944,85698674889794,13.332533,0.985128,0.527882,12.340328,0.000000,124
6945,85698688222327,13.334639,1.013170,0.511430,12.313859,0.000000,124
6946,85698701556966,13.339632,0.961412,0.484691,12.366225,0.000000,124
6947,85698714896598,13.336754,1.315865,0.570252,12.005889,0.000000,124
6948,85698728233352,13.323697,1.115796,0.556485,12.198415,0.000000,124
6949,85698741557049,13.336496,1.073658,0.493503,12.253941,0.000000,124
6950,85698754893545,13.328587,1.081499,0.567903,12.238063,0.000000,124
6951,85698768222132,13.336505,3.726108,0.456803,9.602429,0.000000,124
6952,85698781558637,13.341327,1.191352,0.454552,12.137118,0.000000,124
6953,85698794899964,13.325026,1.104780,0.475503,12.210662,0.000000,124
6954,85698808224990,13.332200,1.083941,0.513825,12.240363,0.000000,124
6955,85698821557190,13.336311,1.267618,0.578051,12.060099,0.000000,124
6956,85698834893501,13.329190,1.174982,0.350641,12.146177,0.000000,124
6957,85698848222691,13.337205,1.081421,0.480757,12.247672,0.000000,124
6958,85698861559896,13.332379,1.084118,0.525563,12.238455,0.000000,124
6959,85698874892275,13.333772,3.885545,0.501302,9.439528,0.000000,124
6960,85698888226047,13.334196,1.182063,0.493893,12.142637,0.000000,124
6961,85698901560243,13.331828,1.037502,0.490836,12.287344,0.000000,124
6962,85698914892071,13.334471,1.068057,0.572198,12.258506,0.000000,124
6963,85698928226542,13.331673,1.409906,0.540595,11.913846,0.000000,124
6964,85698941558215,13.334560,0.939044,0.529091,12.387565,0.000000,124
6965,85698954892775,13.335236,1.301911,0.582219,12.025278,0.000000,124
6966,85698968228011,13.331956,1.097731,0.499949,12.224911,0.000000,124
6967,85698981559967,13.331073,3.678191,0.430698,9.644154,0.000000,124
6968,85698994891040,13.334735,1.077428,0.504832,12.250235,0.000000,124
6969,85699008225775,13.332121,0.991475,0.487750,12.333500,0.000000,124
6970,85699021557896,13.334150,0.962389,0.493617,12.364801,0.000000,124
6971,85699034892046,13.334524,1.335112,0.515822,11.991611,0.000000,124
6972,85699048226570,13.339486,1.106843,0.513052,12.221154,0.000000,124
6973,85699061566056,13.325825,1.024836,0.489665,12.292484,0.000000,124
6974,85699074891881,13.334368,1.055817,0.510231,12.271221,0.000000,124
6975,85699088226249,13.332237,3.851544,0.463890,9.473158,0.000000,124
6976,85699101558486,13.334630,0.923218,0.488379,12.404180,0.000000,124
6977,85699114893116,13.335601,1.089521,0.519969,12.237787,0.000000,124
6978,85699128228717,13.340368,1.119673,0.502254,12.208033,0.000000,124
6979,85699141569085,13.324718,1.257756,0.515831,12.056558,0.000000,124
6980,85699154893803,13.332152,1.008706,0.534169,12.315363,0.000000,124
6981,85699168225955,13.332920,0.987044,0.448375,12.338771,0.000000,124
6982,85699181558875,13.334453,1.028472,0.448467,12.299894,0.000000,124
6983,85699194893328,13.333255,3.594235,0.434149,9.733312,0.000000,124
6984,85699208226583,13.336251,1.231197,0.464896,12.096684,0.000000,124
6985,85699221562834,13.331016,0.949446,0.389216,12.374297,0.000000,124
6986,85699234893850,13.335991,0.902373,0.375495,12.425550,0.000000,124
6987,85699248229841,13.331749,1.248081,0.389464,12.075018,0.000000,124
6988,85699261561590,13.331331,0.954480,0.371614,12.370477,0.000000,124
6989,85699274892921,13.332299,0.873373,0.808261,12.452762,0.000000,124
6990,85699288225220,13.346097,0.986189,0.393976,12.350131,0.000000,124
6991,85699301571317,13.322320,3.474485,0.467771,9.839799,0.000000,124
6992,85699314893637,13.334822,1.027077,0.804943,12.300616,0.000000,124
6993,85699328228459,13.336303,1.038808,0.510828,12.288944,0.000000,124
6994,85699341564762,13.329718,1.056581,0.496668,12.264273,0.000000,124
6995,85699354894480,13.335259,1.163964,0.483466,12.163391,0.000000,124
6996,85699368229739,13.335559,1.008230,0.800140,12.318906,0.000000,124
6997,85699381565298,13.328904,0.897445,0.838841,12.425072,0.000000,124
6998,85699394894202,13.334531,1.052144,0.942657,12.274953,0.000000,124
6999,85699408228733,13.333941,3.631823,0.877675,9.692254,0.000000,124
7000,85699421562674,13.333107,0.974537,0.723845,12.349493,0.000000,124
7001,85699434895781,13.333338,1.021957,0.845142,12.302640,0.000000,124
7002,85699448229119,13.329056,0.948126,0.613056,12.375070,0.000000,124
7003,85699461558175,13.336713,1.139972,0.685943,12.189317,0.000000,124
7004,85699474894888,13.333748,1.089143,0.579137,12.237057,0.000000,124
7005,85699488228636,13.331528,1.038221,0.506579,12.285169,0.000000,124
7006,85699501560164,13.336416,0.818505,0.469766,12.510342,0.000000,124
7007,85699514896580,13.329328,3.551216,1.585281,9.770929,0.000000,124
7008,85699528225908,13.335632,0.849912,0.795403,12.480303,0.000000,124
7009,85699541561540,13.336583,0.850471,1.159553,12.477545,0.000000,124
7010,85699554898123,13.332089,1.063122,0.884455,12.259285,0.000000,124
7011,85699568230212,13.334553,1.282647,0.850735,12.042740,0.000000,124
7012,85699581564765,13.329924,0.939667,0.578301,12.381256,0.000000,124
7013,85699594894689,13.331952,1.050215,0.611873,12.276395,0.000000,124
7014,85699608226641,13.335974,1.068044,0.389181,12.260940,0.000000,124
7015,85699621562615,13.332864,3.595360,0.438933,9.728966,0.000000,124
7016,85699634895479,13.333077,0.950160,0.503081,12.376974,0.000000,124
7017,85699648228556,13.333115,0.993841,0.537243,12.331741,0.000000,124
7018,85699661561671,13.337099,0.888389,0.404508,12.441128,0.000000,124
7019,85699674898770,13.332055,1.241469,0.483134,12.081057,0.000000,124
7020,85699688230825,13.330824,1.078185,0.509792,12.244715,0.000000,124
7021,85699701561649,13.336529,0.894233,0.571928,12.433342,0.000000,124
7022,85699714898178,13.327762,0.963202,0.466742,12.357053,0.000000,124
7023,85699728225940,13.333984,3.457428,0.540347,9.871014,0.000000,124
7024,85699741559924,13.336100,0.784041,0.436961,12.545239,0.000000,124
7025,85699754896024,13.333720,1.048881,0.423096,12.277710,0.000000,124
7026,85699768229744,13.332327,0.980751,0.487037,12.344829,0.000000,124
7027,85699781562071,13.337027,1.009237,0.414636,12.320005,0.000000,124
7028,85699794899098,13.329843,0.968444,0.448172,12.354143,0.000000,124
7029,85699808228941,13.330655,0.925301,0.388364,12.398818,0.000000,124
7030,85699821559596,13.336061,0.775547,0.580701,12.553529,0.000000,124
7031,85699834895657,13.333169,3.523497,0.424236,9.802980,0.000000,124
7032,85699848228826,13.332151,0.959437,0.403248,12.367070,0.000000,124
7033,85699861560977,13.337759,0.797939,0.481144,12.533253,0.000000,124
7034,85699874898736,13.328477,0.973116,0.502171,12.347938,0.000000,125
7035,85699888227213,13.333700,1.057330,0.463361,12.269564,0.000000,125
7036,85699901560913,13.336293,0.826680,0.514971,12.502868,0.000000,125
7037,85699914897206,13.332683,1.035573,0.401919,12.290575,0.000000,125
7038,85699928229889,13.333818,0.964742,0.433709,12.362222,0.000000,125
7039,85699941563707,13.331628,3.363437,0.411789,9.960956,0.000000,125
7040,85699954895335,13.335728,0.969464,0.385701,12.359290,0.000000,125
7041,85699968231063,13.332391,1.128213,0.513204,12.197137,0.000000,125
7042,85699981563454,13.332781,0.909248,0.520200,12.416286,0.000000,125
7043,85699994896235,13.335649,1.124258,0.510561,12.203853,0.000000,125
7044,85700008231884,13.331334,0.969472,0.350565,12.354416,0.000000,125
7045,85700021563218,13.333096,0.942084,0.500763,12.383834,0.000000,125
7046,85700034896314,13.334507,0.911532,0.528783,12.415745,0.000000,125
7047,85700048230821,13.333274,3.353480,0.494874,9.973552,0.000000,125
7048,85700061564095,13.333137,0.948717,0.424493,12.376715,0.000000,125
7049,85700074897232,13.335438,0.898832,0.679628,12.428936,0.000000,125
7050,85700088232670,13.332207,1.087798,0.501449,12.236635,0.000000,125
7051,85700101564877,13.332873,1.048171,0.501398,12.276951,0.000000,125
7052,85700114897750,13.333193,0.945683,0.506510,12.380337,0.000000,125
7053,85700128230943,13.333118,1.022154,0.504584,12.303626,0.000000,125
7054,85700141564061,13.333969,0.968861,0.530161,12.358189,0.000000,125
7055,85700154898030,13.332336,3.549681,0.540250,9.775393,0.000000,125
7056,85700168230366,13.333947,0.925904,0.421291,12.400444,0.000000,125
7057,85700181564313,13.333505,0.918785,0.496208,12.406570,0.000000,125
7058,85700194897818,13.332059,0.972003,0.537790,12.353425,0.000000,125
7059,85700208229877,13.334098,1.186121,0.519028,12.141205,0.000000,125
7060,85700221563975,13.335528,0.820539,0.603748,12.507728,0.000000,125
7061,85700234899503,13.333861,1.001420,0.516774,12.324791,0.000000,125
7062,85700248233364,13.330542,0.932098,0.526875,12.390785,0.000000,125
7063,85700261563906,13.335092,3.519368,0.452272,9.807687,0.000000,125
7064,85700274898998,13.333204,1.106239,0.528959,12.219608,0.000000,125
7065,85700288232202,13.333867,1.153667,0.646937,12.171732,0.000000,125
7066,85700301566069,13.334782,1.040922,0.533912,12.287207,0.000000,125
7067,85700314900851,13.332540,1.392064,0.528011,11.931422,0.000000,125
7068,85700328233391,13.333949,1.118084,0.543455,12.206168,0.000000,125
7069,85700341567340,13.332859,0.995184,0.563679,12.328943,0.000000,125
7070,85700354900199,13.335007,1.171734,0.543687,12.155001,0.000000,125
7071,85700368235206,13.334185,3.543121,0.528872,9.782672,0.000000,125
7072,85700381569391,13.330338,1.061744,0.410316,12.257879,0.000000,125
7073,85700394899729,13.333485,0.966968,0.419783,12.358829,0.000000,125
7074,85700408233214,13.334053,0.985367,0.544831,12.341402,0.000000,125
7075,85700421567267,13.333367,1.094145,0.595677,12.230487,0.000000,125
7076,85700434900634,13.330325,1.073320,0.373657,12.248495,0.000000,125
7077,85700448230959,13.337624,0.983614,0.533268,12.345509,0.000000,125
7078,85700461568583,13.339825,1.019772,0.451706,12.307335,0.000000,125
7079,85700474908408,13.320095,4.037855,0.577631,9.274320,0.000000,125
7080,85700488228503,13.338473,0.870941,0.499369,12.460497,0.000000,125
7081,85700501566976,13.331033,0.982859,0.583596,12.340409,0.000000,125
7082,85700514898009,13.332978,1.336124,0.481993,11.989270,0.000000,125
7083,85700528230987,13.333070,1.175353,0.394191,12.151250,0.000000,125
7084,85700541564057,13.337530,0.878495,0.508336,12.451212,0.000000,125
7085,85700554901587,13.333002,1.029980,0.431687,12.294119,0.000000,125
7086,85700568234589,13.331174,0.960456,0.513706,12.363801,0.000000,125
7087,85700581565763,13.333988,3.422126,0.542616,9.905056,0.000000,125
7088,85700594899751,13.333449,0.913288,0.446483,12.412173,0.000000,125
7089,85700608233200,13.332858,0.898054,0.419258,12.428989,0.000000,125
7090,85700621566058,13.336089,0.818958,0.555573,12.510872,0.000000,125
7091,85700634902147,13.331734,1.098594,0.527196,12.225975,0.000000,125
7092,85700648233881,13.333024,0.944683,0.540021,12.381085,0.000000,125
7093,85700661566905,13.335344,0.944159,0.524283,12.384168,0.000000,125
7094,85700674902249,13.330483,1.151066,0.611189,12.173001,0.000000,125
7095,85700688232732,13.335318,3.511466,0.365256,9.815929,0.000000,125
7096,85700701568050,13.334275,0.834940,0.473267,12.492748,0.000000,125
7097,85700714902325,13.330487,1.612714,0.494587,11.711275,0.000000,125
7098,85700728232812,13.335265,0.959772,0.513295,12.369101,0.000000,125
7099,85700741568077,13.334432,1.209391,0.603581,12.116758,0.000000,125
7100,85700754902509,13.331727,1.210644,0.468163,12.112069,0.000000,125
7101,85700768234236,13.332224,0.878601,0.414280,12.447016,0.000000,125
7102,85700781566460,13.332370,5.761405,0.386162,7.565082,0.000000,125
7103,85700794898830,13.333510,3.453322,0.454711,9.873792,0.000000,125
7104,85700808232340,13.334928,0.877776,0.517335,12.451156,0.000000,125
7105,85700821567268,13.333564,0.777649,0.474539,12.549700,0.000000,125
7106,85700834900832,13.333151,0.878928,0.453899,12.447346,0.000000,125
7107,85700848233983,13.354459,1.118720,0.490429,12.229924,0.000000,125
7108,85700861588442,13.333420,0.851545,0.439915,12.476153,0.000000,125
7109,85700874921862,13.336806,0.891964,0.351384,12.437731,0.000000,125
7110,85700888258668,13.331748,0.992438,0.581560,12.334189,0.000000,125
7111,85700901590416,13.334548,3.518805,0.509193,9.809839,0.000000,125
7112,85700914924964,13.335218,0.989757,0.477352,12.336204,0.000000,125
7113,85700928260182,13.331604,0.930531,0.506186,12.393136,0.000000,125
7114,85700941591786,13.334913,0.769334,0.492516,12.553942,0.000000,125
7115,85700954926699,13.334325,1.321231,0.562921,12.003080,0.000000,125
7116,85700968261024,13.330750,1.009403,0.572598,12.313464,0.000000,125
7117,85700981591774,13.339458,1.066144,0.483036,12.258605,0.000000,126
7118,85700994931232,13.330013,1.051239,0.533169,12.268423,0.000000,126
7119,85701008261245,13.330065,3.854133,0.731086,9.467640,0.000000,126
7120,85701021591310,13.334327,0.905406,0.463632,12.417825,0.000000,126
7121,85701034925637,13.332871,1.002250,0.503184,12.323693,0.000000,126
7122,85701048258508,13.339984,1.493598,0.539478,11.834298,0.000000,126
7123,85701061598492,13.326767,1.138056,0.509503,12.182015,0.000000,126
7124,85701074925259,13.333836,1.075385,0.420863,12.251262,0.000000,126
7125,85701088259095,13.338670,0.991324,0.414921,12.336399,0.000000,126
7126,85701101597765,13.328328,1.010886,0.513773,12.309774,0.000000,126
7127,85701114926093,13.332491,3.802518,0.525516,9.523853,0.000000,126
7128,85701128258584,13.338448,0.951108,0.530133,12.375921,0.000000,126
7129,85701141597032,13.328572,1.009042,0.496870,12.311392,0.000000,126
7130,85701154925604,13.335693,0.958923,0.466866,12.369595,0.000000,126
7131,85701168261297,13.339804,1.189802,0.524591,12.138248,0.000000,126
7132,85701181601101,13.325734,1.034443,0.347591,12.285664,0.000000,126
7133,85701194926835,13.333125,0.912094,0.473338,12.415325,0.000000,126
7134,85701208259960,13.342310,0.948041,0.521700,12.381462,0.000000,126
7135,85701221602270,13.325417,3.900885,0.467174,9.417574,0.000000,126
7136,85701234927687,13.336126,1.006151,0.454194,12.321530,0.000000,126
7137,85701248263813,13.338416,1.168395,0.570629,12.161694,0.000000,126
7138,85701261602229,13.324615,1.066923,0.476958,12.250127,0.000000,126
7139,85701274926844,13.333449,1.224813,0.475404,12.102270,0.000000,126
7140,85701288260293,13.340838,0.916716,0.486690,12.415249,0.000000,126
7141,85701301601131,13.328089,0.963681,0.360529,12.356230,0.000000,126
7142,85701314929220,13.334975,1.026381,0.364910,12.299169,0.000000,126
7143,85701328264195,13.339895,3.938973,0.409852,9.393183,0.000000,126
7144,85701341604090,13.333809,0.819949,0.445779,12.507586,0.000000,126
7145,85701354937899,13.337166,0.977826,0.528496,12.350532,0.000000,126
7146,85701368275065,13.331162,1.052745,0.478473,12.270160,0.000000,126
7147,85701381606227,13.330908,1.157442,0.474129,12.166832,0.000000,126
7148,85701394937135,13.336376,0.951573,0.486627,12.377696,0.000000,126
7149,85701408273511,13.333915,1.076407,0.437559,12.249269,0.000000,126
7150,85701421607426,13.331219,0.999437,0.609775,12.325460,0.000000,126
7151,85701434938645,13.332145,3.920179,0.466396,9.405517,0.000000,126
7152,85701448270790,13.335979,1.058777,0.485329,12.270181,0.000000,126
7153,85701461606769,13.333155,0.895190,0.471021,12.430609,0.000000,126
7154,85701474939924,13.334800,0.964754,0.403356,12.361711,0.000000,126
7155,85701488274724,13.378953,1.085829,0.603358,12.286522,0.000000,126
7156,85701501653677,13.334588,0.752373,0.292896,12.574215,0.000000,126
7157,85701514988265,13.335961,0.891045,0.395615,12.435861,0.000000,126
7158,85701528324226,13.331859,1.266848,0.523380,12.057357,0.000000,126
7159,85701541656085,13.332551,3.444281,0.487418,9.880999,0.000000,126
7160,85701554988636,13.335334,1.296564,0.467722,12.030630,0.000000,126
7161,85701568323970,13.329783,1.826680,0.513756,11.496739,0.000000,126
7162,85701581653753,13.335943,1.151638,0.430594,12.178114,0.000000,126
7163,85701594989696,13.331871,1.394487,0.547253,11.931450,0.000000,126
7164,85701608321567,13.335610,1.080123,0.463684,12.247581,0.000000,126
7165,85701621657177,13.341586,1.087647,0.619352,12.246082,0.000000,126
7166,85701634998763,13.333157,1.391306,0.493858,11.934538,0.000000,126
7167,85701648331920,13.334806,3.791650,0.773607,9.534316,0.000000,126
7168,85701661666726,13.333043,0.793107,0.605768,12.531088,0.000000,126
7169,85701674999769,13.331184,1.235930,0.507009,12.087017,0.000000,126
7170,85701688330953,13.335449,1.068626,0.543011,12.259331,0.000000,126
7171,85701701666402,13.332568,1.414792,0.466567,11.906862,0.000000,126
7172,85701714998970,13.331304,1.260794,0.437029,12.063943,0.000000,126
7173,85701728330274,13.333652,1.088798,0.298350,12.238209,0.000000,126
7174,85701741663926,13.332465,0.972055,0.395529,12.353892,0.000000,126
7175,85701754996391,13.333262,3.918202,0.342471,9.408994,0.000000,126
7176,85701768329653,13.335824,0.952864,0.490263,12.376349,0.000000,126
7177,85701781665477,13.331366,0.975184,0.444610,12.350452,0.000000,126
7178,85701794996843,13.499104,0.950584,0.547402,12.542501,0.000000,126
7179,85701808495947,13.333650,1.391497,0.542517,11.934871,0.000000,126
7180,85701821829597,13.333267,0.969852,0.385251,12.355964,0.000000,126
7181,85701835162864,13.337163,1.105561,0.483560,12.223894,0.000000,126
7182,85701848500027,13.335228,1.233684,0.369160,12.092714,0.000000,126
7183,85701861835255,13.328181,3.671303,0.458108,9.649425,0.000000,126
7184,85701875163436,13.336347,0.910253,0.617626,12.419263,0.000000,126
7185,85701888499783,13.329365,1.156501,0.477419,12.166103,0.000000,126
7186,85701901829148,13.336428,0.957848,0.421160,12.371926,0.000000,126
7187,85701915165576,13.333684,1.518314,0.517205,11.807890,0.000000,126
7188,85701928499260,13.331452,1.377916,0.485423,11.947095,0.000000,126
7189,85701941830712,13.334018,1.176895,0.536027,12.150852,0.000000,126
7190,85701955164730,13.336024,0.943731,0.522832,12.385511,0.000000,126
7191,85701968500754,13.328900,4.929064,0.647715,8.392119,0.000000,126
7192,85701981829654,13.335735,0.841657,0.406578,12.488180,0.000000,126
7193,85701995165389,13.331947,2.084492,0.380618,11.241233,0.000000,126
7194,85702008497336,13.335755,1.213954,0.503486,12.115250,0.000000,126
7195,85702021833091,13.382321,1.218282,0.501813,12.157634,0.000000,126
7196,85702035215412,13.341831,1.119429,0.532536,12.207716,0.000000,126
7197,85702048557243,13.324113,1.061837,0.533456,12.255479,0.000000,126
7198,85702061881356,13.334936,0.933373,0.536487,12.394575,0.000000,126
7199,85702075216292,13.347629,3.449157,0.465753,9.891740,0.000000,126
7200,85702088563921,13.334083,0.800356,0.490722,12.526731,0.000000,126
7201,85702101898004,13.333976,1.051181,0.455409,12.276227,0.000000,126
7202,85702115231980,13.334546,1.049674,0.461450,12.277098,0.000000,126
7203,85702128566526,13.331528,1.587774,0.573845,11.736080,0.000000,126
7204,85702141898054,13.336253,0.941621,0.428377,12.387461,0.000000,126
7205,85702155234307,13.332532,1.050537,0.478515,12.275379,0.000000,126
7206,85702168566839,13.333555,1.141331,0.395542,12.184510,0.000000,126
7207,85702181900394,13.331734,3.361634,0.562617,9.963100,0.000000,126
7208,85702195232128,13.332796,1.130710,0.530252,12.194732,0.000000,126
7209,85702208564924,13.336614,1.095983,0.388637,12.233773,0.000000,126
7210,85702221901538,13.334806,1.016615,0.463967,12.309846,0.000000,126
7211,85702235236344,13.329709,1.334270,0.548366,11.988003,0.000000,126
7212,85702248566053,13.334339,1.138604,0.510619,12.187840,0.000000,126
7213,85702261900392,13.333068,1.115965,0.479412,12.209364,0.000000,126
7214,85702275233460,13.334572,1.222621,0.402124,12.104895,0.000000,126
7215,85702288568032,13.501709,3.577726,0.354532,9.917501,0.000000,126
7216,85702302069741,13.334577,0.905547,0.777978,12.421849,0.000000,126
7217,85702315404318,13.334805,1.025083,0.645599,12.303584,0.000000,126
7218,85702328739123,13.331579,0.996655,0.567827,12.329012,0.000000,126
7219,85702342070702,13.333798,1.265446,0.569326,12.062593,0.000000,126
7220,85702355404500,13.349429,1.069329,0.536659,12.273743,0.000000,126
7221,85702368753929,13.338339,1.165276,0.553274,12.166217,0.000000,126
7222,85702382092268,13.331472,1.068676,0.504340,12.255571,0.000000,126
7223,85702395423740,13.331644,3.866032,0.502535,9.460046,0.000000,126
7224,85702408755384,13.334185,1.002625,0.501480,12.326421,0.000000,126
7225,85702422089569,13.613507,1.054365,0.460199,12.553030,0.000000,126
7226,85702435703076,13.335197,1.221686,0.464677,12.105019,0.000000,126
7227,85702449038273,13.334305,1.326058,0.483608,12.001425,0.000000,126
7228,85702462372578,13.331723,1.038142,0.394184,12.286277,0.000000,126
7229,85702475704301,13.332658,1.283209,0.329924,12.042550,0.000000,126
7230,85702489036959,13.336863,1.028948,0.446404,12.300461,0.000000,126
7231,85702502373822,13.331653,3.536818,0.446344,9.785157,0.000000,126
7232,85702515705475,13.329939,0.988618,0.547399,12.335320,0.000000,126
7233,85702529035414,13.336929,0.909591,0.525247,12.421352,0.000000,126
7234,85702542372343,13.331863,1.098425,0.475865,12.226687,0.000000,126
7235,85702555704206,13.339319,1.360434,0.383945,11.968600,0.000000,126
7236,85702569043525,13.327136,0.980082,0.560607,12.339995,0.000000,126
7237,85702582370661,13.337752,0.949153,0.513269,12.379915,0.000000,126
7238,85702595708413,13.343720,0.964894,0.457634,12.371147,0.000000,126
7239,85702609052133,13.333259,3.579201,0.542551,9.746671,0.000000,126
7240,85702622385392,13.726207,0.957087,0.436075,12.761899,0.000000,126
7241,85702636111599,13.399788,0.851025,0.548846,12.542384,0.000000,126
7242,85702649511387,13.331766,1.008991,0.477248,12.315057,0.000000,126
7243,85702662843153,13.334532,1.188573,0.481518,12.138900,0.000000,126
7244,85702676177685,13.330746,1.118242,0.468628,12.206463,0.000000,126
7245,85702689508431,13.336645,1.052870,0.580872,12.277760,0.000000,126
7246,85702702845076,13.332248,1.194861,0.589419,12.130723,0.000000,126
7247,85702716177324,13.331739,3.669854,0.535054,9.654750,0.000000,126
7248,85702729509063,13.335192,0.930066,0.518582,12.399767,0.000000,126
7249,85702742844255,13.335091,0.856131,0.592596,12.473065,0.000000,126
7250,85702756179346,13.330015,1.133804,0.494088,12.186442,0.000000,126
7251,85702769509361,13.335855,1.129718,0.491808,12.199533,0.000000,126
7252,85702782845216,13.332229,1.169360,0.585098,12.155715,0.000000,126
7253,85702796177445,13.332227,1.038249,0.540710,12.288026,0.000000,126
7254,85702809509672,13.336713,1.001788,0.656920,12.327803,0.000000,126
7255,85702822846385,13.329038,3.830856,0.482407,9.490486,0.000000,126
7256,85702836175423,13.334759,0.860384,0.562763,12.469405,0.000000,126
7257,85702849510182,13.334457,0.964713,0.573642,12.363532,0.000000,126
7258,85702862844639,13.335454,1.001280,0.398191,12.326749,0.000000,126
7259,85702876180093,13.330652,1.359535,0.350308,11.964880,0.000000,126
7260,85702889510745,13.334572,1.047615,0.554657,12.280088,0.000000,126
7261,85702902845317,13.332436,1.067029,0.387453,12.259009,0.000000,126
7262,85702916177753,13.333346,0.974533,0.531908,12.352075,0.000000,126
7263,85702929511099,13.333105,3.852751,0.466282,9.475061,0.000000,126
7264,85702942844204,13.335551,0.818701,0.543519,12.510661,0.000000,126
7265,85702956179755,13.332525,0.995377,0.388585,12.331320,0.000000,126
7266,85702969512280,13.333232,1.085429,0.511872,12.241176,0.000000,126
7267,85702982845512,13.333255,1.166022,0.583038,12.159147,0.000000,126
7268,85702996178767,13.374540,1.061666,0.527855,12.306066,0.000000,126
7269,85703009553307,13.331974,1.074811,0.439221,12.249847,0.000000,126
7270,85703022885281,13.334254,0.977655,0.554358,12.350307,0.000000,126
7271,85703036219535,13.332541,3.859852,0.582614,9.465372,0.000000,126
7272,85703049552076,13.332860,1.340084,0.525607,11.987027,0.000000,126
7273,85703062884936,13.334206,0.923685,0.511763,12.402849,0.000000,126
7274,85703076219142,13.334077,1.155916,0.436533,12.171373,0.000000,126
7275,85703089553219,13.333950,1.333282,0.560608,11.993230,0.000000,126
7276,85703102887169,13.332096,1.016374,0.510001,12.308482,0.000000,126
7277,85703116219265,13.335163,0.992466,0.547143,12.335759,0.000000,126
7278,85703129554428,13.332220,1.104753,0.472750,12.220250,0.000000,126
7279,85703142886648,13.331117,3.438473,0.530048,9.857874,0.000000,126
7280,85703156217765,13.336362,0.867082,0.490333,12.462534,0.000000,127
7281,85703169554127,13.331803,1.055259,0.389685,12.270117,0.000000,127
7282,85703182885930,13.334970,0.828664,0.455608,12.500649,0.000000,127
7283,85703196220900,13.332355,1.657116,0.538526,11.668732,0.000000,127
7284,85703209553255,13.332638,1.060521,0.574492,12.265538,0.000000,127
7285,85703222885893,13.335397,0.918901,0.526830,12.409797,0.000000,127
7286,85703236221290,13.333277,1.171803,0.602740,12.153720,0.000000,127
7287,85703249554567,13.331816,3.627272,0.417383,9.698400,0.000000,127
7288,85703262886383,13.335440,0.977345,0.511985,12.351425,0.000000,127
7289,85703276221823,13.333105,1.107043,0.576599,12.219613,0.000000,127
7290,85703289554928,13.332981,1.127903,0.564533,12.197220,0.000000,127
7291,85703302887909,13.335659,1.264684,0.505142,12.062633,0.000000,127
7292,85703316223568,13.329805,1.092489,0.524295,12.230963,0.000000,127
7293,85703329553373,13.333808,1.120225,0.547093,12.207154,0.000000,127
7294,85703342887181,13.333634,1.067399,0.587580,12.260246,0.000000,127
7295,85703356220815,13.332331,3.747467,0.333497,9.578215,0.000000,127
7296,85703369553146,13.335448,0.834871,0.519687,12.494719,0.000000,127
7297,85703382888594,13.333412,0.853865,1.098646,12.473330,0.000000,127
7298,85703396222006,13.332829,0.899316,0.813199,12.427034,0.000000,127
7299,85703409554835,13.333772,1.169405,0.943030,12.155426,0.000000,127
7300,85703422888607,13.334628,0.996109,0.905361,12.331198,0.000000,127
7301,85703436223235,13.333460,0.948183,0.794759,12.375315,0.000000,127
7302,85703449556695,13.334644,1.086637,1.126268,12.238335,0.000000,127
7303,85703462891339,13.330579,3.929995,0.815534,9.390578,0.000000,127
7304,85703476221918,13.333816,0.864950,0.945012,12.459292,0.000000,127
7305,85703489555734,13.335411,1.024996,0.949887,12.302127,0.000000,127
7306,85703502891145,13.332606,0.996718,0.748211,12.326552,0.000000,127
7307,85703516223751,13.389728,1.524179,0.777505,11.856986,0.000000,127
7308,85703529613479,13.334336,1.141275,1.080055,12.182268,0.000000,127
7309,85703542947815,13.330731,1.063529,0.894047,12.259073,0.000000,127
7310,85703556278546,13.334372,1.133299,1.353213,12.192005,0.000000,127
7311,85703569612918,14.001027,3.890609,0.484463,10.098616,0.000000,127
7312,85703583613945,13.330357,1.452932,0.449332,11.866266,0.000000,127
7313,85703596944302,13.326798,1.170858,0.485602,12.148600,0.000000,127
7314,85703610271100,13.336928,1.039986,0.361062,12.287624,0.000000,127
7315,85703623608028,13.331082,1.331703,0.603117,11.992264,0.000000,127
7316,85703636939110,13.331962,1.476919,0.883697,11.848613,0.000000,127
7317,85703650271072,13.335529,1.194328,0.633682,12.135075,0.000000,127
7318,85703663606601,13.331051,1.576341,0.564651,11.748996,0.000000,127
7319,85703676937652,13.334247,3.715735,0.610936,9.610962,0.000000,127
7320,85703690271899,13.334261,1.162470,1.001222,12.165795,0.000000,127
7321,85703703606160,13.331980,1.083905,0.774114,12.241527,0.000000,127
7322,85703716938140,13.335767,1.055643,0.510794,12.273409,0.000000,127
7323,85703730273907,13.331588,1.449607,0.766004,11.874723,0.000000,127
7324,85703743605495,13.341020,0.954783,0.706706,12.377480,0.000000,127
7325,85703756946515,13.328882,1.119586,0.907913,12.200039,0.000000,127
7326,85703770275397,13.333385,1.376343,0.575395,11.949621,0.000000,127
7327,85703783608782,13.334194,3.840760,0.528644,9.485426,0.000000,127
7328,85703796942976,13.332266,1.186359,0.628086,12.137491,0.000000,127
7329,85703810275242,13.332359,1.258756,0.583589,12.065038,0.000000,127
7330,85703823607601,13.332721,1.193852,0.588305,12.132301,0.000000,127
7331,85703836940322,13.334229,1.439713,0.574802,11.887918,0.000000,127
7332,85703850274551,13.336647,1.205916,0.595784,12.123794,0.000000,127
7333,85703863611198,13.334823,1.122568,0.606366,12.203406,0.000000,127
7334,85703876946021,13.332894,1.045850,0.647050,12.279343,0.000000,127
7335,85703890278915,13.331226,3.464075,0.519020,9.859145,0.000000,127
7336,85703903610141,13.332875,0.934639,0.513297,12.391935,0.000000,127
7337,85703916943016,13.334814,0.919168,0.525667,12.409046,0.000000,127
7338,85703930277830,13.354655,1.171408,0.566576,12.175168,0.000000,127
7339,85703943632485,13.472244,1.203762,0.514187,12.262330,0.000000,127
7340,85703957104729,13.327247,0.912308,0.592877,12.406665,0.000000,127
7341,85703970431976,13.333678,1.252627,0.449674,12.071553,0.000000,127
7342,85703983765654,13.332897,1.154984,0.566427,12.168583,0.000000,127
7343,85703997098551,13.329086,3.849758,0.537619,9.471852,0.000000,127
7344,85704010427637,13.336851,0.879650,0.569256,12.450662,0.000000,127
7345,85704023764488,13.329942,1.064996,0.467592,12.259403,0.000000,127
7346,85704037094430,13.335037,0.795521,0.610874,12.532981,0.000000,127
7347,85704050429467,13.333402,1.365767,0.401954,11.960739,0.000000,127
7348,85704063762869,13.331549,1.011853,0.453942,12.313840,0.000000,127
7349,85704077094418,13.336072,0.837409,0.517963,12.492391,0.000000,127
7350,85704090430490,13.333167,1.006649,0.651685,12.319965,0.000000,127
7351,85704103763657,13.331206,3.597712,0.541025,9.727271,0.000000,127
7352,85704117094863,13.337015,0.762201,0.569488,12.568512,0.000000,127
7353,85704130431878,13.330622,1.001953,0.435797,12.321292,0.000000,127
7354,85704143762500,13.333943,0.959723,0.554986,12.368067,0.000000,127
7355,85704157096443,13.335041,1.137909,0.454773,12.190803,0.000000,127
7356,85704170431484,13.332142,1.075023,0.516481,12.249683,0.000000,127
7357,85704183763626,13.332670,1.094833,0.570049,12.230308,0.000000,127
7358,85704197096296,13.332739,1.008106,0.613274,12.317852,0.000000,127
7359,85704210429035,13.332322,3.567001,0.560032,9.759612,0.000000,127
7360,85704223761357,13.333288,1.496899,0.451647,11.830916,0.000000,127
7361,85704237094645,13.337397,1.298576,0.516826,12.032441,0.000000,127
7362,85704250432042,13.331885,1.105184,0.348080,12.220246,0.000000,127
7363,85704263763927,13.332068,2.126784,0.561176,11.198878,0.000000,127
7364,85704277095995,13.641637,1.535279,0.488039,12.100358,0.000000,127
7365,85704290737632,13.336758,1.454217,0.893539,11.874644,0.000000,127
7366,85704304074390,13.673090,1.176852,0.482832,12.488602,0.000000,127
7367,85704317747480,13.335602,4.102833,0.376881,9.223933,0.000000,127
7368,85704331083082,13.332355,1.109527,0.555463,12.216028,0.000000,127
7369,85704344415437,13.332911,1.104686,0.532175,12.220725,0.000000,127
7370,85704357748348,13.333981,1.142165,0.503238,12.184731,0.000000,127
7371,85704371082329,13.336627,1.436152,0.526404,11.891973,0.000000,127
7372,85704384418956,13.328511,1.106227,0.610440,12.214107,0.000000,127
7373,85704397747467,13.331384,0.929457,0.533096,12.396131,0.000000,127
7374,85704411078851,13.335987,1.004993,0.586553,12.324934,0.000000,127
7375,85704424414838,13.331622,3.549027,0.616999,9.775952,0.000000,127
7376,85704437746460,13.332711,0.973830,0.524214,12.353572,0.000000,127
7377,85704451079171,13.341714,1.087122,0.567616,12.246794,0.000000,127
7378,85704464420885,13.326636,1.231651,0.324046,12.086964,0.000000,127
7379,85704477747521,13.336244,3.178840,0.506555,10.148946,0.000000,127
7380,85704491083765,13.331921,1.229557,0.439819,12.092783,0.000000,127
7381,85704504415686,13.333737,1.207720,0.365940,12.118589,0.000000,127
7382,85704517749423,13.332922,1.428329,0.582732,11.898701,0.000000,127
7383,85704531082345,13.331939,3.474863,0.545211,9.850831,0.000000,127
7384,85704544414284,13.334506,1.068456,0.563914,12.260185,0.000000,127
7385,85704557748790,13.335187,0.969102,0.505336,12.359128,0.000000,127
7386,85704571083977,13.335917,1.242555,0.453276,12.083299,0.000000,127
7387,85704584419894,13.328893,1.488848,0.536728,11.830964,0.000000,127
7388,85704597748787,13.332941,1.015321,0.521694,12.309856,0.000000,127
7389,85704611081728,13.331187,1.052448,0.502660,12.271973,0.000000,127
7390,85704624412915,13.344036,1.007835,0.514433,12.330260,0.000000,127
7391,85704637756951,13.330731,3.760988,0.480735,9.562612,0.000000,127
7392,85704651087682,13.333425,1.015202,0.506021,12.312985,0.000000,127
7393,85704664421107,13.334677,1.456765,0.471308,11.871649,0.000000,127
7394,85704677755784,13.332732,1.191380,0.562042,12.135150,0.000000,127
7395,85704691088516,13.333057,1.254193,0.552785,12.073023,0.000000,127
7396,85704704421573,13.333552,0.896946,0.633707,12.430831,0.000000,127
7397,85704717755125,13.334956,1.219259,0.449726,12.108781,0.000000,127
7398,85704731090081,13.331079,0.964652,0.452004,12.360583,0.000000,127
7399,85704744421160,13.335758,3.812335,0.418217,9.516487,0.000000,127
7400,85704757756918,13.330951,0.946070,0.464770,12.379501,0.000000,127
7401,85704771087869,13.334479,0.900894,0.517511,12.427245,0.000000,127
7402,85704784422348,13.334584,0.970561,0.626405,12.357055,0.000000,127
7403,85704797756932,13.331450,1.396912,0.461817,11.928354,0.000000,127
7404,85704811088382,13.334664,0.867880,0.511575,12.461601,0.000000,127
7405,85704824423046,13.336609,0.856960,0.412039,12.472980,0.000000,127
7406,85704837759655,13.330566,1.002241,0.511740,12.320683,0.000000,127
7407,85704851090221,13.331124,3.815297,0.529018,9.509899,0.000000,127
7408,85704864421345,13.337148,0.859004,0.504778,12.471973,0.000000,127
7409,85704877758493,13.332235,1.075005,0.547586,12.248935,0.000000,127
7410,85704891090728,13.344431,1.100094,0.568955,12.237579,0.000000,127
7411,85704904435159,13.332908,1.476916,0.593882,11.849466,0.000000,127
7412,85704917768067,13.337936,1.017050,0.608108,12.313172,0.000000,127
7413,85704931106003,13.329642,1.186343,0.554840,12.136510,0.000000,127
7414,85704944435645,13.332224,1.142686,0.552250,12.183490,0.000000,127
7415,85704957767869,13.332960,3.528103,0.484037,9.798508,0.000000,127
7416,85704971100829,13.335938,0.912086,0.417710,12.418132,0.000000,127
7417,85704984436767,13.343032,0.967670,0.473317,12.365052,0.000000,127
7418,85704997779799,13.325671,0.963787,0.454172,12.352546,0.000000,127
7419,85705011105470,13.330255,1.378461,0.521209,11.945790,0.000000,127
7420,85705024435725,13.336775,1.103766,0.551435,12.224891,0.000000,127
7421,85705037772500,13.333020,1.099982,0.550561,12.225601,0.000000,127
7422,85705051105520,13.330839,1.195095,0.584149,12.129529,0.000000,127
7423,85705064436359,13.331275,3.550635,0.480639,9.774210,0.000000,127
7424,85705077767634,13.337553,0.682876,0.433385,12.649279,0.000000,127
7425,85705091105187,13.333445,0.905179,0.539739,12.421834,0.000000,127
7426,85705104438632,13.330480,1.029550,0.510840,12.295065,0.000000,127
7427,85705117769112,13.334971,1.182241,0.539639,12.146962,0.000000,127
7428,85705131104083,13.332430,1.096998,0.493864,12.228696,0.000000,127
7429,85705144436513,13.334037,0.878502,0.485056,12.448584,0.000000,127
7430,85705157770550,13.332602,0.783266,0.487915,12.543347,0.000000,127
7431,85705171103152,13.332088,3.496886,0.435656,9.829965,0.000000,127
7432,85705184435240,13.335050,0.826401,0.476347,12.503678,0.000000,127
7433,85705197770290,13.334837,0.722319,0.485556,12.606661,0.000000,127
7434,85705211105127,13.335037,0.993818,0.496569,12.334423,0.000000,127
7435,85705224440164,13.330859,1.234014,0.370180,12.089632,0.000000,127
7436,85705237771023,13.332812,0.875504,0.488867,12.450800,0.000000,127
7437,85705251103835,13.334549,1.104370,0.578430,12.223647,0.000000,127
7438,85705264438384,13.332426,1.056236,0.434236,12.270280,0.000000,127
7439,85705277770810,13.332846,3.753933,0.523828,9.573315,0.000000,127
7440,85705291103656,13.336415,0.968726,0.481421,12.359174,0.000000,127
7441,85705304440071,13.333353,0.859127,0.465781,12.468704,0.000000,127
7442,85705317773424,13.331650,0.785789,0.349626,12.538755,0.000000,127
7443,85705331105074,13.334865,1.204644,0.360211,12.123841,0.000000,127
7444,85705344439939,13.332916,0.996967,0.356777,12.329390,0.000000,127
7445,85705357772855,13.332105,0.827658,0.464021,12.498388,0.000000,127
7446,85705371104960,13.334288,0.964806,0.553568,12.363470,0.000000,127
7447,85705384439248,13.330443,3.604722,0.484880,9.719331,0.000000,127
7448,85705397769691,13.334905,0.770457,0.471617,12.558429,0.000000,128
7449,85705411104596,13.336380,1.057249,0.463653,12.272338,0.000000,128
7450,85705424440976,13.330293,1.273168,0.513050,12.050173,0.000000,128
7451,85705437771269,13.332599,2.598244,0.474922,10.727882,0.000000,128
7452,85705451103868,13.338393,0.932361,0.627512,12.398871,0.000000,128
7453,85705464442261,13.331847,1.353983,0.589183,11.968555,0.000000,128
7454,85705477774108,13.332356,1.109745,0.560664,12.215363,0.000000,128
7455,85705491106464,13.332075,3.769122,0.529067,9.555862,0.000000,128
7456,85705504438539,13.333075,0.969610,0.443411,12.356823,0.000000,128
7457,85705517771614,13.332889,1.019292,0.361318,12.307146,0.000000,128
7458,85705531104503,13.336984,0.919837,0.542606,12.409925,0.000000,128
7459,85705544441487,13.331399,1.263785,0.403613,12.060208,0.000000,128
7460,85705557772886,13.334409,0.850788,0.462134,12.476747,0.000000,128
7461,85705571107295,13.332878,1.406553,0.559309,11.918953,0.000000,128
7462,85705584440173,13.332640,1.065238,0.504965,12.259771,0.000000,128
7463,85705597772813,13.331668,3.822525,0.499420,9.502442,0.000000,128
7464,85705611104481,13.336888,1.002117,0.482618,12.328499,0.000000,128
7465,85705624441369,13.332195,1.019481,0.538319,12.305770,0.000000,128
7466,85705637773564,13.334898,1.987631,0.485658,11.340347,0.000000,128
7467,85705651108462,13.332698,1.187403,0.463931,12.139245,0.000000,128
7468,85705664441160,13.336373,0.939626,0.511542,12.389328,0.000000,128
7469,85705677777533,13.332621,0.982272,0.479977,12.341861,0.000000,128
7470,85705691110154,13.331270,0.968591,0.413729,12.356205,0.000000,128
7471,85705704441424,13.332667,4.039468,0.437922,9.287195,0.000000,128
7472,85705717774091,13.334113,0.908332,0.487782,12.420160,0.000000,128
7473,85705731108204,13.332985,0.980312,0.495739,12.346759,0.000000,128
7474,85705744441189,13.336942,0.927050,0.576577,12.403078,0.000000,128
7475,85705757778131,13.329754,1.339057,0.550716,11.983332,0.000000,128
7476,85705771107885,13.334685,1.007507,0.506811,12.321730,0.000000,128
7477,85705784442570,13.337557,1.131044,0.540470,12.199043,0.000000,128
7478,85705797780127,13.333651,1.076348,0.616343,12.246948,0.000000,128
7479,85705811113778,13.328420,4.022401,0.521636,9.298004,0.000000,128
7480,85705824442198,13.333296,0.972763,0.419169,12.354239,0.000000,128
7481,85705837775494,13.332336,1.391218,0.347017,11.933926,0.000000,128
7482,85705851107830,13.334504,0.845262,0.331378,12.483627,0.000000,128
7483,85705864442334,13.333845,0.976069,0.323917,12.352071,0.000000,128
7484,85705877776179,13.333830,0.763999,0.458067,12.563186,0.000000,128
7485,85705891110009,13.333258,0.818922,0.481261,12.508331,0.000000,128
7486,85705904443267,13.332994,0.812572,0.451589,12.514507,0.000000,128
7487,85705917776261,13.330887,4.143253,0.438754,9.182213,0.000000,128
7488,85705931107148,13.335528,0.678355,0.482218,12.651931,0.000000,128
7489,85705944442676,13.335606,0.798481,0.482462,12.529751,0.000000,128
7490,85705957778282,13.331126,0.788932,0.510649,12.536070,0.000000,128
7491,85705971109408,13.332972,0.991784,0.400196,12.335018,0.000000,128
7492,85705984442380,13.334234,0.772401,0.333410,12.556346,0.000000,128
7493,85705997776614,13.334905,0.728630,0.413984,12.600276,0.000000,128
7494,85706011111519,13.333256,0.817735,0.566686,12.509054,0.000000,128
7495,85706024444775,13.331358,4.104228,0.326801,9.221394,0.000000,128
7496,85706037776133,13.334664,0.821317,0.329658,12.508336,0.000000,128
7497,85706051110797,13.333432,1.000803,0.440248,12.326222,0.000000,128
7498,85706064444229,13.331894,1.077741,0.493018,12.247498,0.000000,128
7499,85706077776123,13.334651,0.968809,0.439075,12.360641,0.000000,128
7500,85706091110774,13.333580,0.937185,0.456025,12.390259,0.000000,128
7501,85706104444354,13.332223,0.966291,0.360455,12.359579,0.000000,128
7502,85706117776577,13.336166,0.831009,0.567921,12.499407,0.000000,128
7503,85706131112743,13.331587,4.034705,0.379645,9.288995,0.000000,128
7504,85706144444330,13.333727,0.877900,0.334076,12.449458,0.000000,128
7505,85706157778057,13.334502,0.857622,0.480328,12.469340,0.000000,128
7506,85706171112559,13.333214,0.952392,0.443840,12.373171,0.000000,128
7507,85706184445773,13.333232,1.182946,0.480636,12.143317,0.000000,128
7508,85706197779005,13.331929,0.899181,0.498070,12.426463,0.000000,128
7509,85706211110934,13.335733,1.025858,0.504287,12.303557,0.000000,128
7510,85706224446667,13.334222,0.992686,0.471108,12.334217,0.000000,128
7511,85706237780889,13.330426,3.901204,0.440907,9.421719,0.000000,128
7512,85706251111315,13.335116,0.961043,0.486736,12.367962,0.000000,128
7513,85706264446431,13.331625,0.867075,0.473028,12.456965,0.000000,128
7514,85706277778056,13.335899,0.756687,0.482938,12.572496,0.000000,128
7515,85706291113955,13.331310,1.314465,0.466967,12.009458,0.000000,128
7516,85706304445265,13.341969,0.992546,0.466348,12.342641,0.000000,128
7517,85706317787234,13.334276,0.848356,0.352090,12.478478,0.000000,128
7518,85706331121510,13.331345,1.077014,0.338944,12.246899,0.000000,128
7519,85706344452855,13.333477,3.600716,0.306146,9.726461,0.000000,128
7520,85706357786332,13.335154,0.814053,0.448138,12.515255,0.000000,128
7521,85706371121486,13.335150,0.915680,0.495026,12.411792,0.000000,128
7522,85706384456636,13.329309,0.877609,0.470461,12.444153,0.000000,128
7523,85706397785945,13.335713,0.976511,0.291933,12.353425,0.000000,128
7524,85706411121658,13.334342,0.967867,0.519207,12.358932,0.000000,128
7525,85706424456000,13.331644,1.022708,0.362792,12.301882,0.000000,128
7526,85706437787644,13.333789,0.851164,0.593989,12.476730,0.000000,128
7527,85706451121433,13.332600,3.577812,0.450738,9.747853,0.000000,128
7528,85706464454033,13.333937,0.937859,0.398656,12.390377,0.000000,128
7529,85706477787970,13.334297,0.834717,0.349153,12.492476,0.000000,128
7530,85706491122267,13.333967,0.955337,0.485865,12.371175,0.000000,128
7531,85706504456234,13.332266,1.214778,0.464708,12.110236,0.000000,128
7532,85706517788500,13.332158,0.859556,0.460413,12.465465,0.000000,128
7533,85706531120658,13.334344,0.996295,0.481448,12.331899,0.000000,128
7534,85706544455002,13.332881,0.910960,0.591447,12.415424,0.000000,128
7535,85706557787883,13.332102,3.569216,0.359530,9.757173,0.000000,128
7536,85706571119985,13.335230,0.780647,0.468654,12.549234,0.000000,128
7537,85706584455215,13.332741,0.904984,0.418021,12.419556,0.000000,128
7538,85706597787956,13.333731,0.780725,0.461703,12.546075,0.000000,128
7539,85706611121687,13.332206,1.222093,0.460668,12.102523,0.000000,128
7540,85706624453893,13.335345,0.872093,0.446075,12.457306,0.000000,128
7541,85706637789238,13.331827,0.780544,0.455826,12.543836,0.000000,128
7542,85706651121065,13.395080,1.015186,0.514233,12.371859,0.000000,128
7543,85706664516145,13.333124,3.843996,0.478781,9.482239,0.000000,128
7544,85706677849269,13.334263,0.775708,0.456284,12.551728,0.000000,128
7545,85706691183532,13.333025,0.803291,0.462184,12.521763,0.000000,128
7546,85706704516557,13.334657,0.806659,0.505906,12.520948,0.000000,128
7547,85706717851214,13.330430,1.015034,0.454233,12.308622,0.000000,128
7548,85706731181644,13.333306,0.882408,0.336556,12.445393,0.000000,128
7549,85706744514950,13.336506,0.862146,0.463443,12.468423,0.000000,128
7550,85706757851456,13.332671,0.829069,0.567805,12.495030,0.000000,128
7551,85706771184127,13.331939,3.521220,0.433261,9.805256,0.000000,128
7552,85706784516066,13.336077,0.744342,0.476556,12.584375,0.000000,128
7553,85706797852143,13.331928,0.716584,0.434761,12.608545,0.000000,128
7554,85706811184071,13.332901,0.865597,0.475923,12.459849,0.000000,128
7555,85706824516972,13.333877,1.038658,0.481016,12.287395,0.000000,128
7556,85706837850849,13.332558,0.817362,0.483009,12.508324,0.000000,128
7557,85706851183407,13.333926,0.897714,0.408021,12.429281,0.000000,128
7558,85706864517333,13.334207,0.898741,0.600688,12.429178,0.000000,128
7559,85706877851540,13.333098,3.334518,0.440195,9.992019,0.000000,128
7560,85706891184638,13.335332,0.919382,0.496858,12.407526,0.000000,128
7561,85706904519970,13.331564,0.989000,0.459010,12.335280,0.000000,128
7562,85706917851534,13.332230,0.863113,0.489991,12.461257,0.000000,128
7563,85706931183764,13.334734,1.173301,0.463216,12.154483,0.000000,128
7564,85706944518498,13.335431,0.930005,0.450965,12.398299,0.000000,128
7565,85706957853929,13.332413,0.881983,0.433332,12.442691,0.000000,128
7566,85706971186342,13.332987,0.947611,0.576685,12.378224,0.000000,128
7567,85706984519329,13.331709,3.515209,0.470856,9.810502,0.000000,128
7568,85706997851038,13.335264,0.726246,0.419323,12.601438,0.000000,128
7569,85707011186302,13.332152,0.857085,0.477556,12.468472,0.000000,128
7570,85707024518454,13.333080,0.809523,0.472782,12.517473,0.000000,128
7571,85707037851534,13.334993,1.038129,0.475915,12.289514,0.000000,128
7572,85707051186527,13.331175,1.050561,0.357646,12.273524,0.000000,128
7573,85707064517702,13.334567,0.898001,0.419300,12.430098,0.000000,128
7574,85707077852269,13.333561,0.808586,0.484272,12.518247,0.000000,128
7575,85707091185830,13.332398,3.895133,0.447487,9.431789,0.000000,128
7576,85707104518228,13.334408,0.876590,0.467532,12.451773,0.000000,128
7577,85707117852636,13.333741,0.835883,0.350305,12.491579,0.000000,128
7578,85707131186377,13.332006,0.975187,0.362405,12.350878,0.000000,128
7579,85707144518383,13.334069,1.481050,0.364061,11.847961,0.000000,128
7580,85707157852452,13.335511,0.878048,0.590007,12.450732,0.000000,128
7581,85707171187963,13.331891,0.989477,0.559216,12.335589,0.000000,128
7582,85707184519854,13.332577,1.049038,0.564485,12.277296,0.000000,128
7583,85707197852431,13.333419,3.615844,0.854071,9.711518,0.000000,128
7584,85707211185850,13.335463,0.921663,0.908692,12.406911,0.000000,128
7585,85707224521313,13.332491,0.922503,0.580078,12.402868,0.000000,128
7586,85707237853804,13.332750,0.979169,0.494323,12.347992,0.000000,128
7587,85707251186554,13.333781,1.132769,0.491175,12.193823,0.000000,128
7588,85707264520335,13.333273,1.031709,1.031905,12.295296,0.000000,128
7589,85707277853608,13.333934,1.038713,0.503302,12.288271,0.000000,128
7590,85707291187542,13.333421,0.970220,0.554228,12.355617,0.000000,128
7591,85707304520963,13.332134,3.578318,0.432819,9.747477,0.000000,128
7592,85707317853097,13.333973,0.964590,0.351464,12.363290,0.000000,129
7593,85707331187070,13.333151,0.894014,0.393734,12.433070,0.000000,129
7594,85707344520221,13.332816,0.937425,0.463174,12.389802,0.000000,129
7595,85707357853037,13.333776,1.530955,0.482991,11.796978,0.000000,129
7596,85707371186813,13.340568,1.226446,0.724997,12.107362,0.000000,129
7597,85707384527381,13.333236,1.627392,0.461276,11.692411,0.000000,129
7598,85707397860617,13.335313,1.295033,0.725134,12.026658,0.000000,129
7599,85707411195930,13.326469,4.821763,0.628105,8.494526,0.000000,129
7600,85707424522399,13.331551,1.025060,0.442077,12.300307,0.000000,129
7601,85707437853950,13.335180,0.883514,0.431823,12.445950,0.000000,129
7602,85707451189130,13.332831,1.034442,0.586071,12.291237,0.000000,129
7603,85707464521961,13.332173,1.287844,0.429308,12.037895,0.000000,129
7604,85707477854134,13.334733,0.952100,0.479416,12.376967,0.000000,129
7605,85707491188867,13.333475,0.962474,0.517186,12.364328,0.000000,129
7606,85707504522342,13.332197,0.896346,0.538649,12.429704,0.000000,129
7607,85707517854539,13.332342,3.240458,0.477599,10.086785,0.000000,129
7608,85707531186881,13.337348,0.844792,0.493386,12.486220,0.000000,129
7609,85707544524229,13.330982,0.855666,0.499664,12.468605,0.000000,129
7610,85707557855211,13.336437,0.808444,0.347529,12.521775,0.000000,129
7611,85707571191648,13.331812,1.171044,0.480187,12.152907,0.000000,129
7612,85707584523460,13.332605,0.869892,0.342347,12.456441,0.000000,129
7613,85707597856065,13.333027,0.848633,0.432207,12.477374,0.000000,129
7614,85707611189092,13.333975,0.905464,0.512188,12.422002,0.000000,129
7615,85707624523067,13.332391,3.404104,0.382650,9.921703,0.000000,129
7616,85707637855458,13.335889,0.739101,0.466021,12.589532,0.000000,129
7617,85707651191347,13.331321,0.930503,0.487163,12.393395,0.000000,129
7618,85707664522668,13.335147,0.870798,0.471133,12.458227,0.000000,129
7619,85707677857815,13.332182,0.996801,0.465502,12.328434,0.000000,129
7620,85707691189997,13.333711,0.869860,0.466310,12.456411,0.000000,129
7621,85707704523708,13.334308,0.863808,0.700608,12.463949,0.000000,129
7622,85707717858016,13.331054,0.769451,0.593439,12.554959,0.000000,129
7623,85707731189070,13.334675,4.116246,0.446842,9.210371,0.000000,129
7624,85707744523745,13.332836,0.854909,0.475309,12.471358,0.000000,129
7625,85707757856581,13.333014,0.785966,0.347630,12.541097,0.000000,129
7626,85707771189595,13.333988,0.852197,0.341666,12.476291,0.000000,129
7627,85707784523583,13.332524,1.094537,0.521438,12.232056,0.000000,129
7628,85707797856107,13.332394,0.728173,0.462905,12.598732,0.000000,129
7629,85707811188501,13.335766,0.795158,0.481117,12.534677,0.000000,129
7630,85707824524267,13.332650,0.841215,0.432995,12.484798,0.000000,129
7631,85707837856917,13.331433,3.201846,0.441549,10.123644,0.000000,129
7632,85707851188350,13.334980,0.835874,0.481751,12.493345,0.000000,129
7633,85707864523330,13.332429,0.827381,0.483338,12.498757,0.000000,129
7634,85707877855759,13.334154,0.733633,0.389039,12.594846,0.000000,129
7635,85707891189913,13.332832,0.997860,0.465471,12.329130,0.000000,129
7636,85707904522745,13.333345,0.794156,0.501571,12.532525,0.000000,129
7637,85707917856090,13.334016,0.723008,0.475089,12.604047,0.000000,129
7638,85707931190106,13.333261,0.786879,0.463666,12.540376,0.000000,129
7639,85707944523367,13.333179,3.222501,0.472770,10.104678,0.000000,129
7640,85707957856546,13.334057,0.694437,0.474318,12.633685,0.000000,129
7641,85707971190603,13.333029,0.814261,0.531540,12.513203,0.000000,129
7642,85707984523632,13.333924,0.790995,0.551132,12.536556,0.000000,129
7643,85707997857556,13.332597,0.924240,0.478770,12.401750,0.000000,129
7644,85708011190153,13.332252,0.798993,0.442991,12.527294,0.000000,129
7645,85708024522405,13.337831,0.845650,0.480594,12.485815,0.000000,129
7646,85708037860236,13.332592,0.898555,0.523080,12.425935,0.000000,129
7647,85708051192828,13.331651,3.714247,0.527129,9.611344,0.000000,129
7648,85708064524479,13.335788,0.905404,0.586915,12.423663,0.000000,129
7649,85708077860267,13.332756,0.889463,0.493082,12.436170,0.000000,129
7650,85708091193023,13.333609,1.137441,0.486467,12.188670,0.000000,129
7651,85708104526632,13.332692,1.075241,0.474367,12.250507,0.000000,129
7652,85708117859324,13.340406,0.803219,0.514878,12.527375,0.000000,129
7653,85708131199730,13.325234,0.878665,0.478270,12.439268,0.000000,129
7654,85708144524964,13.333889,0.879448,0.520887,12.447462,0.000000,129
7655,85708157858853,13.333793,3.405447,0.455496,9.921825,0.000000,129
7656,85708171192646,13.334664,0.825990,0.474725,12.501887,0.000000,129
7657,85708184527310,13.331921,0.852422,0.470894,12.472517,0.000000,129
7658,85708197859231,13.333309,0.753847,0.553677,12.572269,0.000000,129
7659,85708211192540,13.335989,1.014513,0.560797,12.314573,0.000000,129
7660,85708224528529,13.332570,0.995393,0.495348,12.329836,0.000000,129
7661,85708237861099,13.331778,0.810955,0.475354,12.513466,0.000000,129
7662,85708251192877,13.333549,1.245407,0.542193,12.080667,0.000000,129
7663,85708264526426,13.335294,3.537758,0.465141,9.791515,0.000000,129
7664,85708277861720,13.331765,0.844755,0.438962,12.479765,0.000000,129
7665,85708291193485,13.334075,0.975606,0.428702,12.351151,0.000000,129
7666,85708304527560,13.334902,0.971937,0.487116,12.355737,0.000000,129
7667,85708317862462,13.331627,1.063090,0.469190,12.259915,0.000000,129
7668,85708331194089,13.332372,0.963861,0.471706,12.360698,0.000000,129
7669,85708344526461,13.334588,0.918384,0.412886,12.409514,0.000000,129
7670,85708357861049,13.333092,0.741783,0.492034,12.585366,0.000000,129
7671,85708371194141,13.333881,4.689358,0.482010,8.636134,0.000000,129
7672,85708384528022,13.333139,0.942251,0.496059,12.383517,0.000000,129
7673,85708397861161,13.334808,0.909814,0.492524,12.416938,0.000000,129
7674,85708411195969,13.333107,0.969852,0.484776,12.354577,0.000000,129
7675,85708424529076,13.331617,1.138970,0.474813,12.186252,0.000000,129
7676,85708437860693,13.334377,0.752697,0.453939,12.575217,0.000000,129
7677,85708451195070,13.333500,1.010160,0.505635,12.315707,0.000000,129
7678,85708464528570,13.332199,0.966818,0.564536,12.357257,0.000000,129
7679,85708477860769,13.333490,3.460925,0.480476,9.865418,0.000000,129
7680,85708491194259,13.333507,1.034484,0.485118,12.291095,0.000000,129
7681,85708504527766,13.334133,0.940444,0.472829,12.386809,0.000000,129
7682,85708517861899,13.333178,0.850063,0.480014,12.475553,0.000000,129
7683,85708531195077,13.333476,1.232963,0.461575,12.092934,0.000000,129
7684,85708544528553,13.333315,0.960333,0.473818,12.365730,0.000000,129
7685,85708557861868,13.334062,0.782863,0.458594,12.544795,0.000000,129
7686,85708571195930,13.332620,0.862579,0.519242,12.463301,0.000000,129
7687,85708584528550,13.332128,4.453766,0.479214,8.871296,0.000000,129
7688,85708597860678,13.335581,0.845675,0.488865,12.483000,0.000000,129
7689,85708611196259,13.332075,1.011179,0.495950,12.313559,0.000000,129
7690,85708624528334,13.333749,0.950919,0.426501,12.375069,0.000000,129
7691,85708637862083,13.335035,1.124592,0.489965,12.203577,0.000000,129
7692,85708651197118,13.332770,0.971804,0.455220,12.351239,0.000000,129
7693,85708664529888,13.331426,0.981119,0.357816,12.343611,0.000000,129
7694,85708677861314,13.333654,0.877680,0.432361,12.449418,0.000000,129
7695,85708691194968,13.334678,3.703990,0.487105,9.623946,0.000000,129
7696,85708704529646,13.332020,1.025584,0.457249,12.299012,0.000000,129
7697,85708717861666,13.333086,0.810564,0.349409,12.515688,0.000000,129
7698,85708731194752,13.333443,0.895962,0.454659,12.430537,0.000000,129
7699,85708744528195,13.336072,1.085785,0.509893,12.243276,0.000000,129
7700,85708757864267,13.333225,0.889971,0.466465,12.436207,0.000000,129
7701,85708771197492,13.332408,0.934548,0.553188,12.389689,0.000000,129
7702,85708784529900,13.336303,0.827550,0.644631,12.501107,0.000000,129
7703,85708797866203,13.330079,3.281319,0.466906,10.041608,0.000000,129
7704,85708811196282,13.334443,0.846053,0.546890,12.481900,0.000000,129
7705,85708824530725,13.337591,0.903145,0.517044,12.426265,0.000000,129
7706,85708837868316,13.331187,0.918899,0.515019,12.404017,0.000000,129
7707,85708851199503,13.330570,1.084672,0.490797,12.238871,0.000000,129
7708,85708864530073,13.335809,0.906598,0.468916,12.422167,0.000000,129
7709,85708877865882,13.330657,0.952922,0.475982,12.369888,0.000000,129
7710,85708891196539,13.333055,0.932340,0.470687,12.394618,0.000000,129
7711,85708904529594,13.334871,3.657357,0.428739,9.670573,0.000000,129
7712,85708917864465,13.333726,0.997196,0.434548,12.329763,0.000000,129
7713,85708931198191,13.331433,0.971061,0.320442,12.352727,0.000000,129
7714,85708944529624,13.333376,0.955391,0.341751,12.371805,0.000000,129
7715,85708957863000,13.335565,1.137918,0.396731,12.190916,0.000000,129
7716,85708971198565,13.331920,1.026772,0.479025,12.298517,0.000000,129
7717,85708984530485,13.333466,1.044942,0.480723,12.280976,0.000000,129
7718,85708997863951,13.334201,0.861144,0.527714,12.465788,0.000000,129
7719,85709011198152,13.332767,3.889290,0.478130,9.435307,0.000000,129
7720,85709024530919,13.333549,1.017478,0.457765,12.309265,0.000000,129
7721,85709037864468,13.336011,0.853409,0.513383,12.475196,0.000000,129
7722,85709051200479,13.332659,1.089960,0.502650,12.234795,0.000000,129
7723,85709064533138,13.333595,1.098174,0.538619,12.227931,0.000000,129
7724,85709077866733,13.331814,0.837219,0.486632,12.487007,0.000000,129
7725,85709091198547,13.333761,0.937015,0.526618,12.389083,0.000000,129
7726,85709104532308,13.332221,0.876267,0.499991,12.449391,0.000000,129
7727,85709117864529,13.333955,3.225292,0.491194,10.102301,0.000000,129
7728,85709131198484,13.333332,0.880231,0.499986,12.446826,0.000000,129
7729,85709144531816,13.332751,0.986942,0.463559,12.339166,0.000000,129
7730,85709157864567,13.337069,0.846937,0.509682,12.482345,0.000000,129
7731,85709171201636,13.330724,1.305812,0.497229,12.015711,0.000000,129
7732,85709184532360,13.334085,0.953430,0.488625,12.373772,0.000000,130
7733,85709197866445,13.337759,0.921162,0.627022,12.407990,0.000000,130
7734,85709211204204,13.329671,1.145866,0.520582,12.174951,0.000000,130
7735,85709224533875,13.330987,3.705882,0.499874,9.616511,0.000000,130
7736,85709237864862,13.332390,0.795668,0.519074,12.530922,0.000000,130
7737,85709251197252,13.334395,0.849154,0.492673,12.479113,0.000000,130
7738,85709264531647,13.331981,0.839206,0.486421,12.486825,0.000000,130
7739,85709277863628,13.337002,1.046971,0.509963,12.284276,0.000000,130
7740,85709291200630,13.331084,0.977225,0.498704,12.345523,0.000000,130
7741,85709304531714,13.333928,0.932958,0.474471,12.394850,0.000000,130
7742,85709317865642,13.334504,0.832952,0.482997,12.495423,0.000000,130
7743,85709331200146,13.334948,3.777643,0.501330,9.548149,0.000000,130
7744,85709344535094,13.330473,1.125570,0.383588,12.197622,0.000000,130
7745,85709357865567,13.335398,0.880103,0.472264,12.448244,0.000000,130
7746,85709371200965,13.345170,0.980959,0.487365,12.351845,0.000000,130
7747,85709384546135,13.320439,1.294791,0.512086,12.014040,0.000000,130
7748,85709397866574,13.335628,0.794514,0.467756,12.533830,0.000000,130
7749,85709411202202,13.331018,1.034765,0.476687,12.289779,0.000000,130
7750,85709424533220,13.333321,0.854366,0.510675,12.473611,0.000000,130
7751,85709437866541,13.333303,3.217499,0.442515,10.109505,0.000000,130
7752,85709451199844,13.336117,0.934851,0.481161,12.393722,0.000000,130
7753,85709464535961,13.331939,1.058097,0.500369,12.265563,0.000000,130
7754,85709477867900,13.332918,0.828953,0.469817,12.497217,0.000000,130
7755,85709491200818,13.340934,3.047867,0.525354,10.281108,0.000000,130
7756,85709504541752,13.326065,1.097722,0.431241,12.218794,0.000000,130
7757,85709517867817,13.331655,0.931654,0.481499,12.393355,0.000000,130
7758,85709531199472,13.334282,0.955533,0.480136,12.372773,0.000000,130
7759,85709544533754,13.334097,3.655280,0.482861,9.672265,0.000000,130
7760,85709557867851,13.330734,0.895450,0.470639,12.428299,0.000000,130
7761,85709571198585,13.336642,0.910833,0.497322,12.417619,0.000000,130
7762,85709584535227,13.333137,1.056174,0.489883,12.269887,0.000000,130
7763,85709597868364,13.331741,1.164648,0.489306,12.159124,0.000000,130
7764,85709611200105,13.334812,0.829356,0.357423,12.499092,0.000000,130
7765,85709624534917,13.335019,0.947688,0.299307,12.379854,0.000000,130
7766,85709637869936,13.330547,0.889508,0.513293,12.433851,0.000000,130
7767,85709651200483,13.335062,3.355888,0.467790,9.972841,0.000000,130
7768,85709664535545,13.332415,1.038754,0.481250,12.286671,0.000000,130
7769,85709677867960,13.332126,0.767725,0.485120,12.558171,0.000000,130
7770,85709691200086,13.341253,0.822019,0.361337,12.510463,0.000000,130
7771,85709704541339,13.327562,1.268464,0.481117,12.050019,0.000000,130
7772,85709717868901,13.332473,0.923217,0.500617,12.402811,0.000000,130
7773,85709731201374,13.333922,0.976176,0.526468,12.350943,0.000000,130
7774,85709744535296,13.335247,0.910550,0.591377,12.418438,0.000000,130
7775,85709757870543,13.331579,3.273295,0.432600,10.051623,0.000000,130
7776,85709771202122,13.332978,0.845149,0.486188,12.481927,0.000000,130
7777,85709784535100,13.342085,0.871857,0.511907,12.460974,0.000000,130
7778,85709797877185,13.325754,1.109981,0.450681,12.207240,0.000000,130
7779,85709811202939,13.332553,1.214525,0.497353,12.110818,0.000000,130
7780,85709824535492,13.336231,0.878929,0.345577,12.449178,0.000000,130
7781,85709837871723,13.330581,0.850459,0.481767,12.473514,0.000000,130
7782,85709851202304,13.333415,0.913891,0.503290,12.412958,0.000000,130
7783,85709864535719,13.336873,3.698629,0.508747,9.630709,0.000000,130
7784,85709877872592,13.330870,0.977383,0.481352,12.345189,0.000000,130
7785,85709891203462,13.334576,0.951099,0.507532,12.376428,0.000000,130
7786,85709904538038,13.332291,0.999568,0.485676,12.324282,0.000000,130
7787,85709917870329,13.334480,1.135230,0.460751,12.191515,0.000000,130
7788,85709931204809,13.331709,1.015815,0.485324,12.309104,0.000000,130
7789,85709944536518,13.334517,0.919581,0.461392,12.408297,0.000000,130
7790,85709957871035,13.341122,1.077657,0.507166,12.251922,0.000000,130
7791,85709971212157,13.324061,3.783999,0.508600,9.532081,0.000000,130
7792,85709984536218,13.335318,0.847839,0.512122,12.479964,0.000000,130
7793,85709997871536,13.332171,0.926992,0.557741,12.398626,0.000000,130
7794,85710011203707,13.333558,0.925948,0.514382,12.402226,0.000000,130
7795,85710024537265,13.340534,1.216486,0.451565,12.113278,0.000000,130
7796,85710037877799,13.328499,1.056706,0.483355,12.263105,0.000000,130
7797,85710051206298,13.330824,1.003085,0.484353,12.320544,0.000000,130
7798,85710064537122,13.337864,0.936973,0.531931,12.392098,0.000000,130
7799,85710077874986,13.337145,3.647195,0.428235,9.678180,0.000000,130
7800,85710091212131,13.326366,1.101060,0.485079,12.215704,0.000000,130
7801,85710104538497,13.335754,0.948261,0.476655,12.378522,0.000000,130
7802,85710117874251,13.333258,0.851044,0.509333,12.473622,0.000000,130
7803,85710131207509,13.330117,1.315920,0.512018,12.006589,0.000000,130
7804,85710144537626,13.332553,0.837753,0.460320,12.489587,0.000000,130
7805,85710157870179,13.342226,0.779417,0.486045,12.552791,0.000000,130
7806,85710171212405,13.326247,1.114160,0.504522,12.202738,0.000000,130
7807,85710184538652,13.340983,3.336059,0.475473,9.994276,0.000000,130
7808,85710197879635,13.327642,0.923388,0.550697,12.397329,0.000000,130
7809,85710211207277,13.332408,1.102396,0.462473,12.222377,0.000000,130
7810,85710224539685,13.333393,0.879116,0.459123,12.446327,0.000000,130
7811,85710237873078,13.332960,1.072324,0.445422,12.254179,0.000000,130
7812,85710251206038,13.339597,0.973516,0.554048,12.356343,0.000000,130
7813,85710264545635,13.329363,0.923078,0.470104,12.396805,0.000000,130
7814,85710277874998,13.331410,0.950886,0.531632,12.373820,0.000000,130
7815,85710291206408,13.339619,3.435203,0.499046,9.891800,0.000000,130
7816,85710304546027,13.332263,1.034689,0.463645,12.286975,0.000000,130
7817,85710317878290,13.326898,0.796856,0.556148,12.521780,0.000000,130
7818,85710331205188,13.334681,0.975486,0.529574,12.351577,0.000000,130
7819,85710344539869,13.340456,1.119510,0.471095,12.208073,0.000000,130
7820,85710357880325,13.325495,0.827419,0.565206,12.489170,0.000000,130
7821,85710371205820,13.334943,1.086236,0.357895,12.241633,0.000000,130
7822,85710384540763,13.333336,0.874921,0.494822,12.449940,0.000000,130
7823,85710397874099,13.331857,3.232892,0.435201,10.092029,0.000000,130
7824,85710411205956,13.333763,1.129316,0.443735,12.198344,0.000000,130
7825,85710424539719,13.339085,1.044898,0.480891,12.284741,0.000000,130
7826,85710437878804,13.329104,0.762689,0.529670,12.558675,0.000000,130
7827,85710451207908,13.333058,1.127139,0.522053,12.199141,0.000000,130
7828,85710464540966,13.332083,0.895087,0.553315,12.429849,0.000000,130
7829,85710477873049,13.333240,0.762945,0.393825,12.563621,0.000000,130
7830,85710491206289,13.333880,0.853668,0.554008,12.473510,0.000000,130
7831,85710504540169,13.334434,3.317366,0.598556,10.010084,0.000000,130
7832,85710517874603,13.335520,1.004227,0.422732,12.322013,0.000000,130
7833,85710531210123,13.329593,0.856817,0.489798,12.465139,0.000000,130
7834,85710544539716,13.334932,1.084815,0.486486,12.243022,0.000000,130
7835,85710557874648,13.331455,0.997002,0.454774,12.328228,0.000000,130
7836,85710571206103,13.337063,1.103294,0.503055,12.226091,0.000000,130
7837,85710584543166,13.334124,0.945376,0.464003,12.379745,0.000000,130
7838,85710597877290,13.333359,0.933447,0.528568,12.392056,0.000000,130
7839,85710611210649,13.329944,3.364103,0.559781,9.959165,0.000000,130
7840,85710624540593,13.333681,1.048392,0.469473,12.278704,0.000000,130
7841,85710637874274,13.335682,0.795074,0.471493,12.531337,0.000000,130
7842,85710651209956,13.331081,0.959784,0.552445,12.363633,0.000000,130
7843,85710664541037,13.335165,1.230342,0.523313,12.097468,0.000000,130
7844,85710677876202,13.333817,1.004691,0.461329,12.319630,0.000000,130
7845,85710691210019,13.330643,0.964527,0.584529,12.358668,0.000000,130
7846,85710704540662,13.333575,0.963783,0.545639,12.363431,0.000000,130
7847,85710717874237,13.331749,3.330115,0.493372,9.995688,0.000000,130
7848,85710731205986,13.334454,1.009264,0.615579,12.318743,0.000000,130
7849,85710744540440,13.336031,1.131195,0.476898,12.197528,0.000000,130
7850,85710757876471,13.331686,1.006297,0.575677,12.317947,0.000000,130
7851,85710771208157,13.332091,1.312768,0.565656,12.012503,0.000000,130
7852,85710784540248,13.332947,0.981439,0.434929,12.344983,0.000000,130
7853,85710797873195,13.334215,0.941000,0.481168,12.386014,0.000000,130
7854,85710811207410,13.332040,1.076646,0.506045,12.249089,0.000000,130
7855,85710824539450,13.333031,3.569890,0.551340,9.757817,0.000000,130
7856,85710837872481,13.333722,0.819661,0.614143,12.507447,0.000000,130
7857,85710851206203,13.337981,0.970829,0.504114,12.357850,0.000000,130
7858,85710864544184,13.330516,0.937512,0.562533,12.384809,0.000000,130
7859,85710877874700,13.332445,1.315912,0.449391,12.010567,0.000000,130
7860,85710891207145,13.336539,1.103433,0.342529,12.225166,0.000000,130
7861,85710904543684,13.336026,0.994879,0.343966,12.331241,0.000000,130
7862,85710917879710,13.327322,0.868371,0.485612,12.451036,0.000000,130
7863,85710931207032,13.332747,3.701634,0.446234,9.625824,0.000000,130
7864,85710944539779,13.333965,1.030935,0.416796,12.297325,0.000000,130
7865,85710957873744,13.332721,0.923854,0.333589,12.402819,0.000000,130
7866,85710971206465,13.337232,1.079309,0.476957,12.248904,0.000000,130
7867,85710984543697,13.330284,1.150599,0.570092,12.172498,0.000000,130
7868,85710997873981,13.336681,0.906071,0.482597,12.422034,0.000000,130
7869,85711011210662,13.331314,1.010773,0.566628,12.313497,0.000000,130
7870,85711024541976,13.333690,1.165630,0.505716,12.161768,0.000000,130
7871,85711037875666,13.335266,3.589204,0.479033,9.738637,0.000000,130
7872,85711051210932,13.335992,1.081301,0.489223,12.245048,0.000000,130
7873,85711064546924,13.330359,1.063250,0.483191,12.258760,0.000000,130
7874,85711077877283,13.335494,0.949784,0.460503,12.375435,0.000000,130
7875,85711091212777,13.334317,1.344992,0.358342,11.979270,0.000000,131
7876,85711104547094,13.328652,1.132523,0.355337,12.188333,0.000000,131
7877,85711117875746,13.332867,0.878578,0.502267,12.446196,0.000000,131
7878,85711131208613,13.334551,0.901164,0.381137,12.427510,0.000000,131
7879,85711144543164,13.331543,3.699590,0.554816,9.625681,0.000000,131
7880,85711157874707,13.335630,0.900968,0.518769,12.427396,0.000000,131
7881,85711171210337,13.330856,0.960431,0.553976,12.364459,0.000000,131
7882,85711184541193,13.334100,1.000924,0.484714,12.326717,0.000000,131
7883,85711197875293,13.333601,1.124517,0.493120,12.203267,0.000000,131
7884,85711211208894,13.334535,1.016084,0.633184,12.312071,0.000000,131
7885,85711224543429,13.334092,1.095396,0.521220,12.232255,0.000000,131
7886,85711237877521,13.335977,1.165636,0.500913,12.161287,0.000000,131
7887,85711251213498,13.327897,3.732358,0.389771,9.588789,0.000000,131
7888,85711264541395,13.337630,1.011536,0.518173,12.317543,0.000000,131
7889,85711277879025,13.330726,0.974209,0.630470,12.350143,0.000000,131
7890,85711291209751,13.334644,0.989743,0.545192,12.338168,0.000000,131
7891,85711304544395,13.332267,1.425831,0.482610,11.900139,0.000000,131
7892,85711317876662,13.333860,0.926626,0.509094,12.400266,0.000000,131
7893,85711331210522,13.332946,0.991326,0.530766,12.335011,0.000000,131
7894,85711344543468,13.332540,1.138394,0.483711,12.188179,0.000000,131
7895,85711357876008,13.335328,3.322090,0.559991,10.007120,0.000000,131
7896,85711371211336,13.335559,0.999427,0.555516,12.328438,0.000000,131
7897,85711384546895,13.331416,1.079849,0.554074,12.243751,0.000000,131
7898,85711397878311,13.343645,0.945669,0.513764,12.384992,0.000000,131
7899,85711411221956,13.323129,1.353366,0.498216,11.960088,0.000000,131
7900,85711424545085,13.333623,1.173634,0.411501,12.153093,0.000000,131
7901,85711437878708,13.335067,0.952113,0.479792,12.375890,0.000000,131
7902,85711451213775,13.336535,1.041759,0.511525,12.284561,0.000000,131
7903,85711464550310,13.331263,3.657083,0.692905,9.665497,0.000000,131
7904,85711477881573,13.340206,1.057218,0.458940,12.271357,0.000000,131
7905,85711491221779,13.325044,1.139687,0.544635,12.175783,0.000000,131
7906,85711504546823,13.334327,0.984975,0.470863,12.341773,0.000000,131
7907,85711517881150,13.331018,1.309636,0.509979,12.013802,0.000000,131
7908,85711531212168,13.333971,1.086205,0.727596,12.241105,0.000000,131
7909,85711544546139,13.332565,1.247561,0.660156,12.078094,0.000000,131
7910,85711557878704,13.334755,1.166723,0.816669,12.161520,0.000000,131
7911,85711571213459,13.333200,3.830357,0.662943,9.495286,0.000000,131
7912,85711584546659,13.332992,1.343530,0.391547,11.981488,0.000000,131
7913,85711597879651,13.333114,1.427923,0.416851,11.898008,0.000000,131
7914,85711611212765,13.337815,1.231795,0.756741,12.096237,0.000000,131
7915,85711624550580,13.332608,1.369660,0.703058,11.952761,0.000000,131
7916,85711637883188,13.332315,0.995070,0.471830,12.327627,0.000000,131
7917,85711651215503,13.333811,1.072132,0.391530,12.253959,0.000000,131
7918,85711664549314,13.334950,1.275570,0.728440,12.049213,0.000000,131
7919,85711677884264,13.330809,3.942355,0.517114,9.379854,0.000000,131
7920,85711691215073,13.343828,1.216814,0.506184,12.112152,0.000000,131
7921,85711704558901,13.324620,1.360654,0.530907,11.953284,0.000000,131
7922,85711717883521,13.330086,1.085343,0.504898,12.237633,0.000000,131
7923,85711731213607,13.335046,1.367323,0.439124,11.960945,0.000000,131
7924,85711744548653,13.334318,1.143148,0.783160,12.183386,0.000000,131
7925,85711757882971,13.332127,0.867308,0.498713,12.458110,0.000000,131
7926,85711771215098,13.335711,1.144692,0.604544,12.182966,0.000000,131
7927,85711784550809,13.330376,3.850695,0.622133,9.466515,0.000000,131
7928,85711797881185,13.333812,0.952556,0.523949,12.374001,0.000000,131
7929,85711811214997,13.335426,1.299334,0.561660,12.026747,0.000000,131
7930,85711824550423,13.333019,1.364130,0.494154,11.951644,0.000000,131
7931,85711837883442,13.332296,1.375863,0.496413,11.948643,0.000000,131
7932,85711851215738,13.332542,1.031436,0.513233,12.293786,0.000000,131
7933,85711864548280,13.334360,1.043181,0.494737,12.283631,0.000000,131
7934,85711877882640,13.334957,1.518700,0.538392,11.808100,0.000000,131
7935,85711891217597,13.332577,3.455790,0.525533,9.869735,0.000000,131
7936,85711904550174,13.331827,0.916095,0.482141,12.408726,0.000000,131
7937,85711917882001,13.331656,0.917646,0.378562,12.407956,0.000000,131
7938,85711931213657,13.337368,0.943158,0.369483,12.386089,0.000000,131
7939,85711944551025,13.331945,1.365583,0.471935,11.954941,0.000000,131
7940,85711957882970,13.332363,0.974412,0.544983,12.350828,0.000000,131
7941,85711971215333,13.335760,1.058735,0.415605,12.268423,0.000000,131
7942,85711984551093,13.334410,0.999644,0.504746,12.321986,0.000000,131
7943,85711997885503,13.332154,3.578006,0.499246,9.745617,0.000000,131
7944,85712011217657,13.333013,1.156680,0.470665,12.167318,0.000000,131
7945,85712024550670,13.332458,1.013812,0.501776,12.311900,0.000000,131
7946,85712037883128,13.332982,0.791607,0.503828,12.534988,0.000000,131
7947,85712051216110,13.332938,1.136834,0.505166,12.188910,0.000000,131
7948,85712064549048,13.334579,0.929212,0.496821,12.398948,0.000000,131
7949,85712077883627,13.333178,0.823594,0.484106,12.502516,0.000000,131
7950,85712091216805,13.333015,0.877809,0.582482,12.447205,0.000000,131
7951,85712104549820,13.334595,3.428856,0.440329,9.899083,0.000000,131
7952,85712117884415,13.335388,0.832473,0.363549,12.494810,0.000000,131
7953,85712131219803,13.329632,1.057069,0.366762,12.265082,0.000000,131
7954,85712144549435,13.333443,0.907186,0.564571,12.420707,0.000000,131
7955,85712157882878,13.333201,1.085526,0.472091,12.241700,0.000000,131
7956,85712171216079,13.333619,0.974342,0.361982,12.353392,0.000000,131
7957,85712184549698,13.333815,0.957422,0.547955,12.369590,0.000000,131
7958,85712197883513,13.333199,0.829286,0.397304,12.497704,0.000000,131
7959,85712211216712,13.334911,3.486624,0.371559,9.841887,0.000000,131
7960,85712224551623,13.333227,1.101565,0.477094,12.215286,0.000000,131
7961,85712237884850,13.333110,0.917691,0.491366,12.408119,0.000000,131
7962,85712251217960,13.333313,1.073667,0.501319,12.251794,0.000000,131
7963,85712264551273,13.332656,1.171390,0.533490,12.138791,0.000000,131
7964,85712277883929,13.331066,0.955863,0.503870,12.368040,0.000000,131
7965,85712291214995,13.345720,0.928710,0.477812,12.409930,0.000000,131
7966,85712304560715,13.330412,1.195728,0.573739,12.127008,0.000000,131
7967,85712317891127,13.331663,3.859214,0.520636,9.464943,0.000000,131
7968,85712331222790,13.337823,1.012490,0.450856,12.312230,0.000000,131
7969,85712344560613,13.327307,0.949489,0.483304,12.370757,0.000000,131
7970,85712357887920,13.334905,0.934830,0.440239,12.393516,0.000000,131
7971,85712371222825,13.339887,1.185933,0.554688,12.139740,0.000000,131
7972,85712384562712,13.326433,0.982871,0.496083,12.335771,0.000000,131
7973,85712397889145,13.333386,0.875652,0.580378,12.451343,0.000000,131
7974,85712411222531,13.336952,0.958774,0.513465,12.366599,0.000000,131
7975,85712424559483,13.330108,3.742974,0.471927,9.580100,0.000000,131
7976,85712437889591,13.334677,0.931958,0.459523,12.394301,0.000000,131
7977,85712451224268,13.336362,1.032134,0.598851,12.296406,0.000000,131
7978,85712464560630,13.329895,1.181247,0.543689,12.141613,0.000000,131
7979,85712477890525,13.333943,1.183081,0.495264,12.143617,0.000000,131
7980,85712491224468,13.335832,0.893089,0.526951,12.434957,0.000000,131
7981,85712504560300,13.332673,0.897578,0.535285,12.427853,0.000000,131
7982,85712517892973,13.333194,0.974342,0.559314,12.350156,0.000000,131
7983,85712531226167,13.334138,3.850890,0.510815,9.475336,0.000000,131
7984,85712544560305,13.330618,1.060976,0.467843,12.261749,0.000000,131
7985,85712557890923,13.332016,0.903343,0.492566,12.422185,0.000000,131
7986,85712571222939,13.341302,0.951683,0.505839,12.382230,0.000000,131
7987,85712584564241,13.326842,1.351268,0.526916,11.968070,0.000000,131
7988,85712597891083,13.333156,0.828544,0.537170,12.498178,0.000000,131
7989,85712611224239,13.339956,0.932468,0.466441,12.399605,0.000000,131
7990,85712624564195,13.328771,0.901233,0.610929,12.419712,0.000000,131
7991,85712637892966,13.331719,3.964065,0.504331,9.359558,0.000000,131
7992,85712651224685,13.337698,0.983292,0.483123,12.347564,0.000000,131
7993,85712664562383,13.329391,1.002855,0.318586,12.319717,0.000000,131
7994,85712677891774,13.332456,0.858271,0.520179,12.468127,0.000000,131
7995,85712691224230,13.338672,1.298126,0.443080,12.033717,0.000000,131
7996,85712704562902,13.331265,0.779839,0.474290,12.543810,0.000000,131
7997,85712717894167,13.331428,0.865188,0.367567,12.458950,0.000000,131
7998,85712731225595,13.336177,0.961164,0.498556,12.368262,0.000000,131
7999,85712744561772,13.329013,3.414117,0.547032,9.909109,0.000000,131
8000,85712757890785,13.334827,0.802748,0.517977,12.525433,0.000000,131
8001,85712771225612,13.337168,0.906554,0.473557,12.423059,0.000000,131
8002,85712784562780,13.328761,0.874437,0.452474,12.447988,0.000000,131
8003,85712797891541,13.333898,1.011953,0.497437,12.315907,0.000000,131
8004,85712811225439,13.337631,0.888416,0.393123,12.442583,0.000000,131
8005,85712824563070,13.332747,0.884247,0.451213,12.441750,0.000000,131
8006,85712837895817,13.333239,0.884355,0.511243,12.441608,0.000000,131
8007,85712851229056,13.339328,3.329194,0.502030,9.999086,0.000000,131
8008,85712864568384,13.327829,0.958402,0.298304,12.361966,0.000000,131
8009,85712877896213,13.333554,0.893667,0.479261,12.433205,0.000000,131
8010,85712891229767,13.333412,1.003742,0.521172,12.323553,0.000000,131
8011,85712904563179,13.333303,1.134825,0.374640,12.192796,0.000000,131
8012,85712917896482,13.335148,0.905260,0.377194,12.422133,0.000000,131
8013,85712931231630,13.331194,1.094408,0.388684,12.230014,0.000000,131
8014,85712944562824,13.334742,1.202520,0.485958,12.125049,0.000000,131
8015,85712957897566,13.331134,3.825965,0.522793,9.498733,0.000000,131
8016,85712971228700,13.335135,0.983263,0.493281,12.344877,0.000000,131
8017,85712984563835,13.332602,1.023975,0.496166,12.301465,0.000000,131
8018,85712997896437,13.332728,0.875220,0.512211,12.450521,0.000000,132
8019,85713011229165,13.462765,1.025246,0.461138,12.431205,0.000000,132
8020,85713024691930,13.333151,0.814065,0.472316,12.513612,0.000000,132
8021,85713038025081,13.332952,0.756477,0.478334,12.571197,0.000000,132
8022,85713051358033,13.332627,1.397756,0.540739,11.929483,0.000000,132
8023,85713064690660,13.336220,3.337972,0.500047,9.992187,0.000000,132
8024,85713078026880,13.331896,0.846288,0.439130,12.478950,0.000000,132
8025,85713091358776,13.333323,0.873360,0.365559,12.453907,0.000000,132
8026,85713104692099,13.334261,0.820342,0.474307,12.507286,0.000000,132
8027,85713118026360,13.332578,1.008758,0.551292,12.317812,0.000000,132
8028,85713131358938,13.333113,0.999473,0.527868,12.327881,0.000000,132
8029,85713144692051,13.334933,0.900208,0.565065,12.428570,0.000000,132
8030,85713158026984,13.333147,0.790219,0.510994,12.535948,0.000000,132
8031,85713171360131,13.332139,3.343451,0.631662,9.982825,0.000000,132
8032,85713184692270,13.333750,0.792287,0.491837,12.535742,0.000000,132
8033,85713198026020,13.335163,0.726123,0.549519,12.602481,0.000000,132
8034,85713211361183,13.333108,0.905574,0.378020,12.421373,0.000000,132
8035,85713224694291,13.331558,1.087583,0.595073,12.237445,0.000000,132
8036,85713238025849,13.334959,0.976128,0.672748,12.352576,0.000000,132
8037,85713251360808,13.331939,0.992606,0.781854,12.332509,0.000000,132
8038,85713264692747,13.333460,0.984250,0.528081,12.343196,0.000000,132
8039,85713278026207,13.334029,3.486346,0.837647,9.841362,0.000000,132
8040,85713291360236,13.332508,0.901818,0.527928,12.424829,0.000000,132
8041,85713304692744,13.334670,0.881092,0.502020,12.446187,0.000000,132
8042,85713318027414,13.333028,0.897407,0.530365,12.429044,0.000000,132
8043,85713331360442,13.333772,1.213471,0.693936,12.113298,0.000000,132
8044,85713344694214,13.331996,0.934301,0.551351,12.390287,0.000000,132
8045,85713358026210,13.333969,1.005765,0.548985,12.322713,0.000000,132
8046,85713371360179,13.332065,1.175790,0.495998,12.149814,0.000000,132
8047,85713384692244,13.333200,3.346939,0.371207,9.980750,0.000000,132
8048,85713398025444,13.333519,0.675038,0.347667,12.653076,0.000000,132
8049,85713411358963,13.334252,0.898259,0.369445,12.429994,0.000000,132
8050,85713424693215,13.332527,0.867577,0.517504,12.459262,0.000000,132
8051,85713438025742,13.333865,1.015926,0.508495,12.312153,0.000000,132
8052,85713451359607,13.339706,0.805499,0.585307,12.525135,0.000000,132
8053,85713464699313,13.327180,0.873112,0.478143,12.447375,0.000000,132
8054,85713478026493,13.334760,0.708057,0.629645,12.620718,0.000000,132
8055,85713491361253,13.342671,3.551173,0.567785,9.780658,0.000000,132
8056,85713504703924,13.323185,1.088575,0.532739,12.224941,0.000000,132
8057,85713518027109,13.334765,0.920005,0.508471,12.408455,0.000000,132
8058,85713531361874,13.332835,0.985873,0.507136,12.338509,0.000000,132
8059,85713544694709,13.333564,1.241912,0.504309,12.084731,0.000000,132
8060,85713558028273,13.332094,0.893408,0.480152,12.433055,0.000000,132
8061,85713571360367,13.336369,0.896770,1.113087,12.433208,0.000000,132
8062,85713584696736,13.331533,0.968764,0.440483,12.355471,0.000000,132
8063,85713598028269,13.353843,3.720149,0.616244,9.627557,0.000000,132
8064,85713611382112,13.336807,0.957585,0.595113,12.371194,0.000000,132
8065,85713624718919,13.329927,1.058166,0.481465,12.264702,0.000000,132
8066,85713638048846,13.335221,0.871022,0.542091,12.457573,0.000000,132
8067,85713651384067,13.333161,1.441052,0.503824,11.884716,0.000000,132
8068,85713664717228,13.334012,1.001733,0.507072,12.325023,0.000000,132
8069,85713678051240,13.344269,0.903022,0.471680,12.433918,0.000000,132
8070,85713691395509,13.333188,0.989570,0.549796,12.337183,0.000000,132
8071,85713704728697,13.332725,3.841300,0.470361,9.484514,0.000000,132
8072,85713718061422,13.333508,0.922122,0.469321,12.404486,0.000000,132
8073,85713731394930,13.334799,0.949818,0.460667,12.377891,0.000000,132
8074,85713744729729,13.333934,1.254125,0.544637,12.072289,0.000000,132
8075,85713758063663,13.332236,1.324187,0.763689,11.999447,0.000000,132
8076,85713771395899,13.332716,1.056074,0.731569,12.269779,0.000000,132
8077,85713784728615,13.334787,1.317248,0.726002,12.011040,0.000000,132
8078,85713798063402,13.331754,1.141146,0.529660,12.182204,0.000000,132
8079,85713811395156,13.333269,3.894675,0.527696,9.432484,0.000000,132
8080,85713824728425,13.345436,1.501612,1.080699,11.831637,0.000000,132
8081,85713838073861,13.323149,1.334032,1.128569,11.977789,0.000000,132
8082,85713851397010,13.334486,1.017815,0.790495,12.307769,0.000000,132
8083,85713864731496,13.334017,1.253249,0.899350,12.070202,0.000000,132
8084,85713878065513,13.342411,1.023288,1.013761,12.304240,0.000000,132
8085,85713891407924,13.323269,0.964201,0.727783,12.348657,0.000000,132
8086,85713904731193,13.334473,1.202393,0.874067,12.122811,0.000000,132
8087,85713918065666,13.333627,3.388725,0.771944,9.934306,0.000000,132
8088,85713931399293,13.335345,1.228819,1.038279,12.094682,0.000000,132
8089,85713944734638,13.328670,1.183287,0.851376,12.136703,0.000000,132
8090,85713958063308,13.337280,0.901516,0.773968,12.427684,0.000000,132
8091,85713971400588,13.333075,1.207376,1.012048,12.116095,0.000000,132
8092,85713984733663,13.332824,1.229919,0.848665,12.094177,0.000000,132
8093,85713998066487,13.331064,1.470925,0.995903,11.851708,0.000000,132
8094,85714011397551,13.334068,1.156933,0.704615,12.169238,0.000000,132
8095,85714024731619,13.331545,3.856892,0.826987,9.466593,0.000000,132
8096,85714038063164,13.339406,0.701662,0.766714,12.629782,0.000000,132
8097,85714051402570,13.329796,1.102288,0.786792,12.217992,0.000000,132
8098,85714064732366,13.334175,1.503482,0.800296,11.821448,0.000000,132
8099,85714078066541,13.333305,1.185150,0.764169,12.139203,0.000000,132
8100,85714091399846,13.332170,1.952763,0.859599,11.371228,0.000000,132
8101,85714104732016,13.334370,1.445944,0.834910,11.879373,0.000000,132
8102,85714118066386,13.334254,1.335185,1.149057,11.989309,0.000000,132
8103,85714131400640,13.330810,3.724794,0.762120,9.596615,0.000000,132
8104,85714144731450,13.339043,0.892044,0.910917,12.436945,0.000000,132
8105,85714158070493,13.330808,0.958622,0.428804,12.362271,0.000000,132
8106,85714171401301,13.331354,1.022692,0.721041,12.300055,0.000000,132
8107,85714184732655,13.331746,1.205356,0.795482,12.119472,0.000000,132
8108,85714198064401,13.336471,0.839680,0.711150,12.490312,0.000000,132
8109,85714211400872,13.333390,1.226747,0.608169,12.098979,0.000000,132
8110,85714224734262,13.330017,1.202550,0.445394,12.119261,0.000000,132
8111,85714238064279,13.333766,3.466499,0.532004,9.860453,0.000000,132
8112,85714251398045,13.335802,0.991687,0.533934,12.337758,0.000000,132
8113,85714264733847,13.330244,1.043296,0.416556,12.280588,0.000000,132
8114,85714278064091,13.335463,1.072899,0.567825,12.256168,0.000000,132
8115,85714291399554,13.341816,1.372130,0.542585,11.959512,0.000000,132
8116,85714304741370,13.323667,1.208384,0.530043,12.105288,0.000000,132
8117,85714318065037,13.337588,1.295550,0.617333,12.034741,0.000000,132
8118,85714331402625,13.327472,1.765980,0.616806,11.553475,0.000000,132
8119,85714344730097,13.337100,3.523138,0.907456,9.806572,0.000000,132
8120,85714358067197,13.328447,1.651517,0.676334,11.672037,0.000000,132
8121,85714371395644,13.341906,1.223244,0.512287,12.111702,0.000000,132
8122,85714384737550,13.328311,1.359215,0.803186,11.961972,0.000000,132
8123,85714398065861,13.332772,1.504635,0.982524,11.821207,0.000000,132
8124,85714411398633,13.338292,0.910375,0.657376,12.419728,0.000000,132
8125,85714424736925,13.329001,1.178626,0.527163,12.143199,0.000000,132
8126,85714438065926,13.338415,1.209728,0.923718,12.119146,0.000000,132
8127,85714451404341,13.326583,3.509926,0.555383,9.811540,0.000000,132
8128,85714464730924,13.338647,1.157280,0.712083,12.175153,0.000000,132
8129,85714478069571,13.330138,1.023417,0.866382,12.299267,0.000000,132
8130,85714491399709,13.333653,2.220059,0.517275,11.106785,0.000000,132
8131,85714504733362,13.333591,3.510003,0.516351,9.815885,0.000000,132
8132,85714518066953,13.331052,1.225934,0.548088,12.098186,0.000000,132
8133,85714531398005,13.334788,1.663792,0.562415,11.664731,0.000000,132
8134,85714544732793,13.370497,1.283116,1.028683,12.078790,0.000000,132
8135,85714558103290,13.328304,3.958429,0.921012,9.361791,0.000000,132
8136,85714571431594,13.339953,0.987199,0.804614,12.343242,0.000000,132
8137,85714584771547,13.330136,1.278695,0.885715,12.042100,0.000000,132
8138,85714598101683,13.334852,2.014929,1.042476,11.308821,0.000000,132
8139,85714611436535,13.330551,1.362900,1.125026,11.956140,0.000000,132
8140,85714624767086,13.338313,1.435452,0.889209,11.891823,0.000000,132
8141,85714638105399,13.329687,1.229555,1.224190,12.089288,0.000000,132
8142,85714651435086,13.334133,1.498180,0.724647,11.824709,0.000000,132
8143,85714664769219,13.530496,3.840665,0.609087,9.680148,0.000000,132
8144,85714678299715,13.329768,1.314611,0.614588,12.005972,0.000000,132
8145,85714691629483,13.335012,1.230690,0.599169,12.097272,0.000000,132
8146,85714704964495,13.334125,2.407424,0.541786,10.919804,0.000000,132
8147,85714718298620,13.335753,1.124289,0.575270,12.203734,0.000000,132
8148,85714731634373,13.426284,1.220300,0.393298,12.195537,0.000000,132
8149,85714745060657,13.335867,1.215074,0.485491,12.112264,0.000000,132
8150,85714758396524,13.328110,1.088474,0.537642,12.232002,0.000000,132
8151,85714771724634,13.334322,3.737305,0.479135,9.590334,0.000000,132
8152,85714785058956,13.345341,1.077867,0.531346,12.257859,0.000000,132
8153,85714798404297,13.331728,1.150860,0.513014,12.171640,0.000000,132
8154,85714811736025,13.331087,1.121201,0.492976,12.201916,0.000000,132
8155,85714825067112,13.336553,1.365010,0.570600,11.963358,0.000000,132
8156,85714838403665,13.328827,1.121199,0.609612,12.198134,0.000000,132
8157,85714851732492,13.335285,1.257013,0.488819,12.070773,0.000000,132
8158,85714865067777,13.335592,1.131145,0.552914,12.196681,0.000000,132
8159,85714878403369,13.330101,3.840499,0.458031,9.481778,0.000000,132
8160,85714891733470,13.335356,1.128543,0.573102,12.199413,0.000000,132
8161,85714905068826,13.337397,1.035024,0.487697,12.292284,0.000000,132
8162,85714918406223,13.332410,1.020248,0.505020,12.302615,0.000000,132
8163,85714931738633,13.331917,1.452694,0.586575,11.869578,0.000000,133
8164,85714945070550,13.332497,1.203222,0.497684,12.121498,0.000000,133
8165,85714958403047,13.335984,1.123906,0.468604,12.204353,0.000000,133
8166,85714971739031,13.330721,1.076985,0.586583,12.246355,0.000000,133
8167,85714985069752,13.331863,3.502081,0.388992,9.823414,0.000000,133
8168,85714998401615,13.333851,1.276026,0.374940,12.051554,0.000000,133
8169,85715011735466,13.331349,1.173673,0.366762,12.151346,0.000000,133
8170,85715025066815,13.340149,1.127585,0.690695,12.203678,0.000000,133
8171,85715038406964,13.331271,1.299133,0.523100,12.023901,0.000000,133
8172,85715051738235,13.333667,1.462556,0.767756,11.862567,0.000000,133
8173,85715065071902,13.330260,1.234919,0.487695,12.088461,0.000000,133
8174,85715078402162,13.335393,1.053557,0.560466,12.274613,0.000000,133
8175,85715091737555,13.329611,3.947178,0.532795,9.374994,0.000000,133
8176,85715105067166,13.333593,1.512355,0.526077,11.814149,0.000000,133
8177,85715118400759,13.341998,0.824106,0.560517,12.509585,0.000000,133
8178,85715131742757,13.325558,1.243393,0.524958,12.074040,0.000000,133
8179,85715145068315,13.333124,1.113159,0.592813,12.214054,0.000000,133
8180,85715158401439,13.336717,0.881415,0.487917,12.448932,0.000000,133
8181,85715171738156,13.332339,1.276636,0.360522,12.047405,0.000000,133
8182,85715185070495,13.333108,1.160767,0.496952,12.165187,0.000000,133
8183,85715198403603,13.334359,3.738251,0.442457,9.587744,0.000000,133
8184,85715211737962,13.332919,1.297004,0.558575,12.028061,0.000000,133
8185,85715225070881,13.334091,1.165179,0.593455,12.161404,0.000000,133
8186,85715238404972,13.330456,0.971712,0.613607,12.352366,0.000000,133
8187,85715251735428,13.335917,1.232219,0.502312,12.097621,0.000000,133
8188,85715265071345,13.333570,1.191806,0.475128,12.134019,0.000000,133
8189,85715278404915,13.334881,1.052987,0.463846,12.273947,0.000000,133
8190,85715291739796,13.334015,1.185931,0.438469,12.140327,0.000000,133
8191,85715305073811,13.329704,3.866489,0.546232,9.455746,0.000000,133
8192,85715318403515,13.337263,0.989704,0.493168,12.338394,0.000000,133
8193,85715331740778,13.329409,1.513487,0.471057,11.807612,0.000000,134
8194,85715345070187,13.334750,1.244464,0.721574,12.083292,0.000000,134
8195,85715358404937,13.330031,1.363834,0.647501,11.960286,0.000000,134
8196,85715371734968,13.337531,1.198799,0.547236,12.132509,0.000000,134
8197,85715385072499,13.333539,1.179257,0.490656,12.146118,0.000000,134
8198,85715398406038,13.334094,1.001864,0.495042,12.324924,0.000000,134
8199,85715411740132,13.338973,3.876588,0.623870,9.452497,0.000000,134
8200,85715425079105,13.330522,1.190782,0.556622,12.127891,0.000000,134
8201,85715438409627,13.327908,0.969081,0.532591,12.352570,0.000000,134
8202,85715451737535,13.334977,1.054233,0.504600,12.274880,0.000000,134
8203,85715465072512,13.329619,1.707333,0.362811,11.614311,0.000000,134
8204,85715478402131,13.333756,0.883954,0.365708,12.444790,0.000000,134
8205,85715491735887,13.338200,1.217721,0.478359,12.113163,0.000000,134
8206,85715505074087,13.331005,1.170398,0.549816,12.152619,0.000000,134
8207,85715518405092,13.333157,3.414493,0.531710,9.911630,0.000000,134
8208,85715531738249,13.335050,1.069604,0.557361,12.258655,0.000000,134
8209,85715545073299,13.330523,1.154878,0.516650,12.168052,0.000000,134
8210,85715558403822,13.334244,0.938380,0.582035,12.390444,0.000000,134
8211,85715571738066,13.333505,1.273317,0.524215,12.054056,0.000000,134
8212,85715585071571,13.337826,1.074906,0.569839,12.254537,0.000000,134
8213,85715598409397,13.330052,1.103070,0.528900,12.220312,0.000000,134
8214,85715611739449,13.332014,1.123260,0.614302,12.203026,0.000000,134
8215,85715625071463,13.333614,3.937278,0.414639,9.390667,0.000000,134
8216,85715638405077,13.335923,0.807744,0.398507,12.521372,0.000000,134
8217,85715651741000,13.339523,1.087247,0.439801,12.241805,0.000000,134
8218,85715665080523,13.326373,1.392421,0.566964,11.925272,0.000000,134
8219,85715678406896,13.334554,1.344266,0.415369,11.983611,0.000000,134
8220,85715691741450,13.330212,1.105922,0.542450,12.215334,0.000000,134
8221,85715705071662,13.336626,1.037122,0.590026,12.292872,0.000000,134
8222,85715718408288,13.331591,1.084447,0.524826,12.239692,0.000000,134
8223,85715731739879,13.331854,3.749793,0.427052,9.576733,0.000000,134
8224,85715745071733,13.337776,0.871035,0.519904,12.459890,0.000000,134
8225,85715758409509,13.332473,1.029606,0.490021,12.294598,0.000000,134
8226,85715771741982,13.332267,1.080984,0.361198,12.243412,0.000000,134
8227,85715785074249,13.330754,5.746433,0.520795,7.577340,0.000000,134
8228,85715798405003,13.336500,0.864569,0.528039,12.465483,0.000000,134
8229,85715811741503,13.332647,1.046019,0.595450,12.279484,0.000000,134
8230,85715825074150,13.337343,1.148211,0.631273,12.179464,0.000000,134
8231,85715838411493,13.326872,3.848188,0.454238,9.471676,0.000000,134
8232,85715851738365,13.336261,1.155455,0.542311,12.174042,0.000000,134
8233,85715865074626,13.333127,1.465507,0.545720,11.860539,0.000000,134
8234,85715878407753,13.334641,1.041510,0.342861,12.285015,0.000000,134
8235,85715891742394,13.332473,1.454003,0.582163,11.871210,0.000000,134
8236,85715905074867,13.332366,1.184576,0.537993,12.140822,0.000000,134
8237,85715918407233,13.332564,0.851727,0.554164,12.475053,0.000000,134
8238,85715931739797,13.334269,0.983873,0.401486,12.344503,0.000000,134
8239,85715945074066,13.333543,3.417734,0.315862,9.909629,0.000000,134
8240,85715958407609,13.332657,0.906782,0.509965,12.419724,0.000000,134
8241,85715971740266,13.335694,1.086693,0.525280,12.242961,0.000000,134
8242,85715985075960,13.332118,1.127474,0.445668,12.197292,0.000000,134
8243,85715998408078,13.332222,1.301658,0.498389,12.024808,0.000000,134
8244,85716011740300,13.336470,1.072852,0.500170,12.257199,0.000000,134
8245,85716025076770,13.332561,1.159908,0.576620,12.164377,0.000000,134
8246,85716038409331,13.334725,0.840280,0.553532,12.486935,0.000000,134
8247,85716051744056,13.329404,3.323036,0.527863,10.000074,0.000000,134
8248,85716065073460,13.333868,0.917284,0.500231,12.411140,0.000000,134
8249,85716078407328,13.338379,1.021236,0.558219,12.309718,0.000000,134
8250,85716091745707,13.330412,1.089449,0.584457,12.232612,0.000000,134
8251,85716105076119,13.332547,1.603361,0.511940,11.722446,0.000000,134
8252,85716118408666,13.333888,1.052853,0.573948,12.274170,0.000000,134
8253,85716131742554,13.335045,1.164451,0.543694,12.163564,0.000000,134
8254,85716145077599,13.330357,1.154091,0.579698,12.169470,0.000000,134
8255,85716158407956,13.332663,6.076520,0.502375,7.250583,0.000000,134
8256,85716171740619,13.338897,0.903784,0.546492,12.428558,0.000000,134
8257,85716185079516,13.331632,1.127937,0.521335,12.195483,0.000000,134
8258,85716198411148,13.340613,0.978725,0.593361,12.354896,0.000000,134
8259,85716211751761,13.331984,1.288896,0.524709,12.036991,0.000000,134
8260,85716225083745,13.336034,1.296000,0.554565,12.033994,0.000000,134
8261,85716238419779,13.332164,0.923437,0.536997,12.401064,0.000000,134
8262,85716251751943,13.333139,0.971596,0.501756,12.355110,0.000000,134
8263,85716265085082,13.335882,3.913707,0.527551,9.415650,0.000000,134
8264,85716278420964,13.335545,1.007709,0.492025,12.319453,0.000000,134
8265,85716291756509,13.327177,1.359685,0.562525,11.959928,0.000000,134
8266,85716305083686,13.338928,1.260638,0.459321,12.071591,0.000000,134
8267,85716318422614,13.333140,1.380559,0.444139,11.944232,0.000000,134
8268,85716331755754,13.331390,1.192178,0.495191,12.130360,0.000000,134
8269,85716345087144,13.333951,1.202946,0.488285,12.124218,0.000000,134
8270,85716358421095,13.330946,1.084694,0.480140,12.239397,0.000000,134
8271,85716371752041,13.333143,3.830629,0.507181,9.497099,0.000000,134
8272,85716385085184,13.337214,1.058690,0.532288,12.270824,0.000000,134
8273,85716398422398,13.329571,1.046910,0.554186,12.274906,0.000000,134
8274,85716411751969,13.350548,1.071298,0.551004,12.272166,0.000000,134
8275,85716425102517,13.331916,1.417989,0.819709,11.906514,0.000000,134
8276,85716438434433,13.331213,2.111004,0.475688,11.214739,0.000000,134
8277,85716451765646,13.337681,0.892538,0.474149,12.439643,0.000000,134
8278,85716465103327,13.333170,0.957996,0.645292,12.367186,0.000000,134
8279,85716478436497,13.330717,3.482383,0.462241,9.842439,0.000000,134
8280,85716491767214,13.337948,0.812031,0.533140,12.519363,0.000000,134
8281,85716505105162,13.330692,0.984527,0.489216,12.338214,0.000000,134
8282,85716518435854,13.359424,0.891334,0.515424,12.461525,0.000000,134
8283,85716531795278,13.334979,1.354750,0.477631,11.973690,0.000000,134
8284,85716545130257,13.330757,0.942940,0.527456,12.381524,0.000000,134
8285,85716558461014,13.337075,0.883254,0.555185,12.446368,0.000000,134
8286,85716571798089,13.332539,1.239735,0.532796,12.085056,0.000000,134
8287,85716585130628,13.330872,3.578923,0.392690,9.745955,0.000000,134
8288,85716598461500,13.336832,0.755838,0.305183,12.574386,0.000000,134
8289,85716611798332,13.332174,1.357346,0.447766,11.967498,0.000000,134
8290,85716625130506,13.332413,1.134199,0.505908,12.191976,0.000000,134
8291,85716638462919,13.334168,1.005841,0.563814,12.322398,0.000000,134
8292,85716651797087,13.334710,1.050641,0.610915,12.277592,0.000000,134
8293,85716665131797,13.332229,1.160873,0.589428,12.164881,0.000000,134
8294,85716678464026,13.332853,1.825345,0.573501,11.501269,0.000000,135
8295,85716691796879,13.332039,3.833742,0.480587,9.493065,0.000000,135
8296,85716705128918,13.335920,0.979854,0.573795,12.349775,0.000000,135
8297,85716718464838,13.331541,1.008909,0.606338,12.316809,0.000000,135
8298,85716731796379,13.332449,0.881978,0.506270,12.443960,0.000000,135
8299,85716745128828,13.335364,1.026348,0.440445,12.303037,0.000000,135
8300,85716758464192,13.331713,0.854034,0.510878,12.471888,0.000000,135
8301,85716771795905,13.334570,0.916662,0.426864,12.412522,0.000000,135
8302,85716785130475,13.335131,1.138682,0.503962,12.190322,0.000000,135
8303,85716798465606,13.329312,3.652079,0.389524,9.671100,0.000000,135
8304,85716811794918,13.336697,0.695397,0.413922,12.636575,0.000000,135
8305,85716825131615,13.333130,0.809931,0.508646,12.517074,0.000000,135
8306,85716838464745,13.332632,0.797277,0.443347,12.529526,0.000000,135
8307,85716851797377,13.332126,1.007030,0.492161,12.318415,0.000000,135
8308,85716865129503,13.335165,0.756043,0.582840,12.573531,0.000000,135
8309,85716878464668,13.332794,0.763671,1.466399,12.563151,0.000000,135
8310,85716891797462,13.333601,0.798080,0.605036,12.530212,0.000000,135
8311,85716905131063,13.331945,3.321932,0.411876,10.004934,0.000000,135
8312,85716918463008,13.334811,0.722767,0.408145,12.606037,0.000000,135
8313,85716931797819,13.334004,0.819083,0.397392,12.509009,0.000000,135
8314,85716945131823,13.333965,0.801268,0.473591,12.525728,0.000000,135
8315,85716958465788,13.331526,0.993535,0.403672,12.332509,0.000000,135
8316,85716971797314,13.333811,0.856678,0.488367,12.472145,0.000000,135
8317,85716985131125,13.333354,0.805207,0.489079,12.522767,0.000000,135
8318,85716998464479,13.332893,0.740499,0.579124,12.586787,0.000000,135
8319,85717011797372,13.332086,3.282896,0.458849,10.043924,0.000000,135
8320,85717025129458,13.335764,0.725383,0.452169,12.605105,0.000000,135
8321,85717038465222,13.332399,0.705068,0.432254,12.621999,0.000000,135
8322,85717051797621,13.334358,0.861205,0.440137,12.467508,0.000000,135
8323,85717065131979,13.333072,1.012503,0.462234,12.314649,0.000000,135
8324,85717078465051,13.335544,0.770584,0.491492,12.559012,0.000000,135
8325,85717091800595,13.331413,0.986639,0.398956,12.338452,0.000000,135
8326,85717105132008,13.333450,0.824281,0.463854,12.503374,0.000000,135
8327,85717118465458,13.332645,3.437335,0.455523,9.889024,0.000000,135
8328,85717131798103,13.333511,0.769661,0.415987,12.559004,0.000000,135
8329,85717145131614,13.333912,0.871927,0.463156,12.456512,0.000000,135
8330,85717158465526,13.333782,0.730294,0.457695,12.597951,0.000000,135
8331,85717171799308,13.332412,1.077876,0.390930,12.249461,0.000000,135
8332,85717185131720,13.334444,0.851523,0.440078,12.477210,0.000000,135
8333,85717198466164,13.333526,0.756255,0.472212,12.571409,0.000000,135
8334,85717211799690,13.333793,0.942413,0.517805,12.385293,0.000000,135
8335,85717225133483,13.330647,3.605932,0.391934,9.719097,0.000000,135
8336,85717238464130,13.335913,0.661766,0.416881,12.668209,0.000000,135
8337,85717251800043,13.333206,0.895821,0.429967,12.431281,0.000000,135
8338,85717265133249,13.332424,0.878305,0.429995,12.448519,0.000000,135
8339,85717278465673,13.335082,0.943291,0.407575,12.386138,0.000000,135
8340,85717291800755,13.330926,0.921165,0.437273,12.402928,0.000000,135
8341,85717305131681,13.334847,0.847443,0.427969,12.482235,0.000000,135
8342,85717318466528,13.333671,0.761306,0.433838,12.566943,0.000000,135
8343,85717331800199,13.331597,3.488447,0.391749,9.838005,0.000000,135
8344,85717345131796,13.334602,0.765973,0.395958,12.562845,0.000000,135
8345,85717358466398,13.333375,0.704777,0.502403,12.622846,0.000000,135
8346,85717371799773,13.333560,1.731130,1.424787,11.596785,0.000000,135
8347,85717385133333,13.334506,1.001975,0.473528,12.326855,0.000000,135
8348,85717398467839,13.332058,0.769747,0.428024,12.556434,0.000000,135
8349,85717411799897,13.335383,0.862862,0.427504,12.466330,0.000000,135
8350,85717425135280,13.331393,0.853644,0.454879,12.470775,0.000000,135
8351,85717438466673,13.331550,3.368031,0.326898,9.958295,0.000000,135
8352,85717451798223,13.336261,0.731740,1.206281,12.599085,0.000000,135
8353,85717465134484,13.332769,0.840991,0.484673,12.485964,0.000000,135
8354,85717478467253,13.333178,0.793820,0.499304,12.533801,0.000000,135
8355,85717491800431,13.335876,1.691471,0.459569,11.637960,0.000000,135
8356,85717505136307,13.331222,1.555209,0.440317,11.769267,0.000000,135
8357,85717518467529,13.334629,0.771365,0.369546,12.556154,0.000000,135
8358,85717531802158,13.334750,0.873862,0.423380,12.454139,0.000000,135
8359,85717545136908,13.329331,3.570803,0.319535,9.751951,0.000000,135
8360,85717558466239,13.333639,0.785416,0.314647,12.543636,0.000000,135
8361,85717571799878,13.334816,0.794953,0.411204,12.534281,0.000000,135
8362,85717585134694,13.332289,0.824127,0.444758,12.502148,0.000000,135
8363,85717598466983,13.333588,0.934241,0.494447,12.393546,0.000000,135
8364,85717611800571,13.334048,1.503187,0.420559,11.824415,0.000000,135
8365,85717625134619,13.333481,1.027657,0.499595,12.299322,0.000000,135
8366,85717638468100,13.333198,0.767559,0.510961,12.559248,0.000000,135
8367,85717651801298,13.331929,3.774395,0.423785,9.552464,0.000000,135
8368,85717665133227,13.336604,0.775023,0.432192,12.556149,0.000000,135
8369,85717678469831,13.331100,0.720678,1.238913,12.604757,0.000000,135
8370,85717691800931,13.334234,0.793228,0.473246,12.535300,0.000000,135
8371,85717705135165,13.333999,1.008021,0.432641,12.321295,0.000000,135
8372,85717718469164,13.332086,0.759954,0.475222,12.566249,0.000000,135
8373,85717731801250,13.332237,1.374453,1.329384,11.952968,0.000000,135
8374,85717745133487,13.337687,0.818669,0.343370,12.513328,0.000000,135
8375,85717758471174,13.330199,3.441792,0.383753,9.881544,0.000000,135
8376,85717771801373,13.334395,0.853346,0.483056,12.475297,0.000000,135
8377,85717785135768,13.333651,0.922140,0.474785,12.405819,0.000000,135
8378,85717798469419,13.332283,0.734165,0.471674,12.591888,0.000000,135
8379,85717811801702,13.333783,1.876129,0.447439,11.452387,0.000000,135
8380,85717825135485,13.333986,0.841594,0.484633,12.486955,0.000000,135
8381,85717838469471,13.332180,0.743233,0.444801,12.583182,0.000000,135
8382,85717851801651,13.333903,0.804686,0.579772,12.523862,0.000000,135
8383,85717865135554,13.332692,3.432874,0.466505,9.894185,0.000000,135
8384,85717878468246,13.335482,0.671472,1.136813,12.658515,0.000000,135
8385,85717891803728,13.332492,0.832918,0.476210,12.492469,0.000000,135
8386,85717905136220,13.334771,0.988448,0.466817,12.339769,0.000000,135
8387,85717918470991,13.333588,1.016118,0.487540,12.310955,0.000000,135
8388,85717931804579,13.332033,0.915453,0.366947,12.410495,0.000000,135
8389,85717945136612,13.334277,0.894738,0.450083,12.432918,0.000000,135
8390,85717958470889,13.331418,0.763277,0.643045,12.561808,0.000000,135
8391,85717971802307,13.332844,3.404763,0.415419,9.922320,0.000000,135
8392,85717985135151,13.336722,0.862453,0.491342,12.468389,0.000000,135
8393,85717998471873,13.330483,0.789550,0.475194,12.534890,0.000000,135
8394,85718011802356,13.333083,0.790091,0.487791,12.537216,0.000000,135
8395,85718025135439,13.334870,1.008469,0.448131,12.320356,0.000000,135
8396,85718038470309,13.334612,0.804541,0.495421,12.523905,0.000000,135
8397,85718051804921,13.331490,0.969765,0.404287,12.354777,0.000000,135
8398,85718065136411,13.334880,0.857644,0.427471,12.470989,0.000000,135
8399,85718078471291,13.331142,3.627846,0.479771,9.697069,0.000000,135
8400,85718091802433,13.334511,0.842116,0.471999,12.487412,0.000000,135
8401,85718105136944,13.334325,0.926566,0.435259,12.401993,0.000000,135
8402,85718118471269,13.334102,0.758120,0.517117,12.569663,0.000000,135
8403,85718131805371,13.331550,1.082239,0.461359,12.242636,0.000000,135
8404,85718145136921,13.333662,0.788446,0.481782,12.539272,0.000000,135
8405,85718158470583,13.333581,0.729029,0.488109,12.598394,0.000000,135
8406,85718171804164,13.334111,0.937413,0.639244,12.389848,0.000000,135
8407,85718185138275,13.331960,3.491202,0.428343,9.834097,0.000000,135
8408,85718198470235,13.336509,0.717836,0.360578,12.613145,0.000000,135
8409,85718211806744,13.332610,0.862654,0.355691,12.462346,0.000000,135
8410,85718225139354,13.331629,0.905194,0.384834,12.420443,0.000000,135
8411,85718238470983,13.334186,1.022987,0.485114,12.304916,0.000000,135
8412,85718251805169,13.331023,0.949903,0.400939,12.374767,0.000000,135
8413,85718265136192,13.337296,0.917823,0.488249,12.413878,0.000000,135
8414,85718278473488,13.332602,0.839900,0.569316,12.485706,0.000000,135
8415,85718291806090,13.330092,3.351146,0.452612,9.972832,0.000000,135
8416,85718305136182,13.333057,0.843119,0.431168,12.484890,0.000000,135
8417,85718318469239,13.338878,0.652589,0.390788,12.679899,0.000000,135
8418,85718331808117,13.331742,1.049984,0.481786,12.274410,0.000000,135
8419,85718345139859,13.333019,1.063779,0.517261,12.263329,0.000000,135
8420,85718358472878,13.332734,0.743448,0.431283,12.583428,0.000000,135
8421,85718371805612,13.334867,0.819187,0.501100,12.509552,0.000000,135
8422,85718385140479,13.334640,0.873864,0.472733,12.453905,0.000000,135
8423,85718398475119,13.330971,3.354482,0.485084,9.970461,0.000000,135
8424,85718411806090,13.592463,0.841533,0.526749,12.743793,0.000000,135
8425,85718425398553,13.331342,0.986746,0.416215,12.336421,0.000000,135
8426,85718438729895,13.331388,0.783970,0.386058,12.541425,0.000000,135
8427,85718452061283,13.334478,1.136698,0.503072,12.192053,0.000000,135
8428,85718465395761,13.332926,0.858575,0.507505,12.467913,0.000000,135
8429,85718478728687,13.334935,0.768322,0.513087,12.559826,0.000000,135
8430,85718492063622,13.332934,0.888730,0.491896,12.437550,0.000000,135
8431,85718505396556,13.330433,3.417731,0.471771,9.905995,0.000000,135
8432,85718518726989,13.334908,0.736672,0.581853,12.592902,0.000000,135
8433,85718532061897,13.334054,0.916725,0.383744,12.411478,0.000000,135
8434,85718545395951,13.333704,0.838814,0.455987,12.488486,0.000000,135
8435,85718558729655,13.333452,1.069921,0.525705,12.256981,0.000000,135
8436,85718572063107,13.332154,0.918124,0.467885,12.405914,0.000000,135
8437,85718585395261,13.333572,0.869365,0.464118,12.457930,0.000000,135
8438,85718598728833,13.334068,0.795131,0.353639,12.533394,0.000000,135
8439,85718612062901,13.333227,3.286559,0.434269,10.040337,0.000000,135
8440,85718625396128,13.333150,0.824080,0.420957,12.503681,0.000000,136
8441,85718638729278,13.334916,0.760704,0.482244,12.568151,0.000000,136
8442,85718652064194,13.332068,0.835449,0.491244,12.490443,0.000000,136
8443,85718665396262,13.332429,1.541500,0.471751,11.785294,0.000000,136
8444,85718678728691,13.334965,0.704602,0.563923,12.624056,0.000000,136
8445,85718692063656,13.332113,0.891028,0.470443,12.435076,0.000000,136
8446,85718705395769,13.335878,0.857101,0.530368,12.472947,0.000000,136
8447,85718718731647,13.331517,3.281787,0.537210,10.042993,0.000000,136
8448,85718732063164,13.333875,0.918841,0.470222,12.408173,0.000000,136
8449,85718745397039,13.336744,0.854803,0.471189,12.475448,0.000000,136
8450,85718758733783,13.330132,0.878947,0.488487,12.444761,0.000000,136
8451,85718772063915,13.332355,1.210049,0.447126,12.116025,0.000000,136
8452,85718785396270,13.336260,0.925485,0.503635,12.404020,0.000000,136
8453,85718798732530,13.331286,0.917416,0.484650,12.406377,0.000000,136
8454,85718812063816,13.332813,0.933777,0.514484,12.391601,0.000000,136
8455,85718825396629,13.337513,3.548919,0.545725,9.780886,0.000000,136
8456,85718838734142,13.328555,0.913529,0.357284,12.408151,0.000000,136
8457,85718852062697,13.332554,0.935079,0.493248,12.391537,0.000000,136
8458,85718865395251,13.337924,0.866130,0.489936,12.465949,0.000000,136
8459,85718878733175,13.331734,1.060674,0.364692,12.264050,0.000000,136
8460,85718892064909,13.330954,1.072097,0.366695,12.252144,0.000000,136
8461,85718905395863,13.335133,0.958202,0.358462,12.371352,0.000000,136
8462,85718918730996,13.332801,0.905223,0.500287,12.421499,0.000000,136
8463,85718932063797,13.333593,3.793604,0.483459,9.533839,0.000000,136
8464,85718945397390,13.334158,1.050128,0.391203,12.277148,0.000000,136
8465,85718958731548,13.335423,0.910238,0.474827,12.416925,0.000000,136
8466,85718972066971,13.332263,1.118049,0.480297,12.207085,0.000000,136
8467,85718985399234,13.334527,1.343321,0.474957,11.983758,0.000000,136
8468,85718998733761,13.333682,0.877615,0.359317,12.448351,0.000000,136
8469,85719012067443,13.332406,0.984008,0.473607,12.341278,0.000000,136
8470,85719025399849,13.331988,0.840595,0.568520,12.485160,0.000000,136
8471,85719038731837,13.333457,3.173198,0.479206,10.153979,0.000000,136
8472,85719052065294,13.333567,0.890797,0.489083,12.436860,0.000000,136
8473,85719065398861,13.334488,0.823216,0.507139,12.504948,0.000000,136
8474,85719078733349,13.333582,0.793091,0.487927,12.534107,0.000000,136
8475,85719092066931,13.331615,1.045326,0.476778,12.279593,0.000000,136
8476,85719105398546,13.333903,0.822990,0.457483,12.504623,0.000000,136
8477,85719118732449,13.335409,0.729534,0.479634,12.599212,0.000000,136
8478,85719132067858,13.332477,0.943174,0.411148,12.382035,0.000000,136
8479,85719145400335,13.331329,3.510507,0.331240,9.813880,0.000000,136
8480,85719158731664,13.336491,0.819011,0.355124,12.510734,0.000000,136
8481,85719172068155,13.331059,0.947814,0.365644,12.377023,0.000000,136
8482,85719185399214,13.333457,0.832773,0.469121,12.494586,0.000000,136
8483,85719198732671,13.334888,0.929540,0.405593,12.399311,0.000000,136
8484,85719212067559,13.333175,0.943319,0.481170,12.383198,0.000000,136
8485,85719225400734,13.333596,0.853518,0.429538,12.473772,0.000000,136
8486,85719238734330,13.332664,0.741728,0.569007,12.583632,0.000000,136
8487,85719252066994,13.331149,3.360742,0.537322,9.964905,0.000000,136
8488,85719265398143,13.334674,0.785212,0.401247,12.544007,0.000000,136
8489,85719278732817,13.334432,0.722911,0.483560,12.605639,0.000000,136
8490,85719292067249,13.334262,0.832914,0.443613,12.494221,0.000000,136
8491,85719305401511,13.332584,1.032324,0.495178,12.293328,0.000000,136
8492,85719318734095,13.333055,0.867064,0.487523,12.460081,0.000000,136
8493,85719332067150,13.332646,0.967653,0.896499,12.358010,0.000000,136
8494,85719345399796,13.332390,0.856314,0.953766,12.469955,0.000000,136
8495,85719358732186,13.334501,3.549201,0.576517,9.779173,0.000000,136
8496,85719372066687,13.335198,0.853393,0.427128,12.475725,0.000000,136
8497,85719385401885,13.333227,0.885517,0.486384,12.441331,0.000000,136
8498,85719398735112,13.331022,0.770490,0.474494,12.553843,0.000000,136
8499,85719412066134,13.335214,0.949162,0.480271,12.379901,0.000000,136
8500,85719425401348,13.331719,0.834279,0.463130,12.491053,0.000000,136
8501,85719438733067,13.333185,0.691240,0.442000,12.636439,0.000000,136
8502,85719452066252,13.336281,0.746630,0.668928,12.583894,0.000000,136
8503,85719465402533,13.328972,3.524696,0.430909,9.798147,0.000000,136
8504,85719478731505,13.336001,0.678135,0.395736,12.652653,0.000000,136
8505,85719492067506,13.335615,0.784160,0.344056,12.545246,0.000000,136
8506,85719505403121,13.331309,0.848486,0.496485,12.475018,0.000000,136
8507,85719518734430,13.331650,0.932191,0.367088,12.393613,0.000000,136
8508,85719532066080,13.338184,0.834648,0.534430,12.497749,0.000000,136
8509,85719545404264,13.329859,0.932545,0.417111,12.390236,0.000000,136
8510,85719558734123,13.333388,0.734171,0.419864,12.593120,0.000000,136
8511,85719572067511,13.333785,3.246139,0.527821,10.081014,0.000000,136
8512,85719585401296,13.334179,0.889532,0.557724,12.438314,0.000000,136
8513,85719598735475,13.331629,0.872988,0.469125,12.452733,0.000000,136
8514,85719612067104,13.334947,0.999803,0.491439,12.328970,0.000000,136
8515,85719625402051,13.333367,1.269600,0.406089,12.056617,0.000000,136
8516,85719638735418,13.333103,0.874757,0.477841,12.451746,0.000000,136
8517,85719652068521,13.333590,0.973735,0.494024,12.353427,0.000000,136
8518,85719665402111,13.336671,0.955320,0.389923,12.373196,0.000000,136
8519,85719678738782,13.327192,4.244061,0.330469,9.076861,0.000000,136
8520,85719692065974,13.337219,0.952403,0.351811,12.379084,0.000000,136
8521,85719705403193,13.333580,0.952680,0.482869,12.373907,0.000000,136
8522,85719718736773,13.332373,0.908467,0.465861,12.417185,0.000000,136
8523,85719732069146,13.334031,1.255826,0.493100,12.071151,0.000000,136
8524,85719745403177,13.344944,0.919775,0.494633,12.413265,0.000000,136
8525,85719758748121,13.321425,0.896114,0.462381,12.414392,0.000000,136
8526,85719772069546,13.333304,0.928623,0.623990,12.397663,0.000000,136
8527,85719785402850,13.336549,3.669648,0.553992,9.659072,0.000000,136
8528,85719798739399,13.329695,1.319793,0.455350,12.002330,0.000000,136
8529,85719812069094,13.335727,0.817931,0.485243,12.511689,0.000000,136
8530,85719825404821,13.331882,0.893786,0.445924,12.430572,0.000000,136
8531,85719838736703,13.335843,0.987009,0.558646,12.342132,0.000000,136
8532,85719852072546,13.331147,1.022133,0.503176,12.301462,0.000000,136
8533,85719865403693,13.334603,1.008864,0.647249,12.319713,0.000000,136
8534,85719878738296,13.334192,0.809886,0.478069,12.517599,0.000000,136
8535,85719892072488,13.331464,4.081079,0.350715,9.243766,0.000000,136
8536,85719905403952,13.334983,0.884648,0.485564,12.443865,0.000000,136
8537,85719918738935,13.332863,0.806821,0.408066,12.518585,0.000000,136
8538,85719932071798,13.333676,0.930151,0.530800,12.395942,0.000000,136
8539,85719945405474,13.331774,1.296617,0.496691,12.027507,0.000000,136
8540,85719958737248,13.337036,0.865731,0.485782,12.464544,0.000000,136
8541,85719972074284,13.331187,1.097157,0.501045,12.225054,0.000000,136
8542,85719985405471,13.332658,1.060678,0.532646,12.264498,0.000000,136
8543,85719998738129,13.335436,3.699574,0.521315,9.627766,0.000000,136
8544,85720012073565,13.331412,1.079356,0.517333,12.244181,0.000000,136
8545,85720025404977,13.334491,0.913461,0.508138,12.413376,0.000000,136
8546,85720038739468,13.345508,0.928578,0.505965,12.403773,0.000000,136
8547,85720052084976,13.319599,1.406371,0.500991,11.904086,0.000000,136
8548,85720065404575,13.334789,0.901271,0.486355,12.425967,0.000000,136
8549,85720078739364,13.334805,0.858110,0.476986,12.469308,0.000000,136
8550,85720092074169,13.333219,0.987502,0.429947,12.336709,0.000000,136
8551,85720105407388,13.333360,3.415796,0.487680,9.909140,0.000000,136
8552,85720118740748,13.333843,0.903857,0.502725,12.421042,0.000000,136
8553,85720132074591,13.330447,0.955569,0.402517,12.367005,0.000000,136
8554,85720145405038,13.335431,0.829781,0.471157,12.498601,0.000000,136
8555,85720158740469,13.331323,0.986618,0.519445,12.337749,0.000000,136
8556,85720172071792,13.338109,0.992782,0.357687,12.337761,0.000000,136
8557,85720185409901,13.330228,0.930893,0.538013,12.391792,0.000000,136
8558,85720198740129,13.332085,0.812403,0.525243,12.513734,0.000000,136
8559,85720212072214,13.346896,3.744152,0.472730,9.592061,0.000000,136
8560,85720225419110,13.321730,0.947948,0.497012,12.364907,0.000000,136
8561,85720238740840,13.338430,0.917886,0.476434,12.411289,0.000000,136
8562,85720252079270,13.333332,1.030918,0.475942,12.290976,0.000000,136
8563,85720265412602,13.336351,1.323230,0.496954,12.000682,0.000000,136
8564,85720278748953,13.325150,1.130689,0.486651,12.185322,0.000000,136
8565,85720292074103,13.333501,0.897886,0.496475,12.428426,0.000000,136
8566,85720305407604,13.333360,0.853112,0.495864,12.473226,0.000000,136
8567,85720318740964,13.332139,3.216850,0.389541,10.108341,0.000000,136
8568,85720332073103,13.335393,0.844311,0.598505,12.484086,0.000000,136
8569,85720345408496,13.332058,1.041717,0.553475,12.281901,0.000000,136
8570,85720358740554,13.333397,1.116421,0.486381,12.208760,0.000000,136
8571,85720372073951,13.335115,1.187353,0.306201,12.139912,0.000000,136
8572,85720385409066,13.331974,1.124160,0.463792,12.200613,0.000000,136
8573,85720398741040,13.332798,0.791456,0.576011,12.534317,0.000000,136
8574,85720412073838,13.336980,1.054547,0.505718,12.273561,0.000000,136
8575,85720425410818,13.329088,3.432399,0.473768,9.888125,0.000000,136
8576,85720438739906,13.351038,0.747931,0.433013,12.591514,0.000000,136
8577,85720452090944,13.318478,1.222925,0.614400,12.083840,0.000000,136
8578,85720465409422,13.329704,1.146270,0.489209,12.175395,0.000000,136
8579,85720478739126,13.339580,1.085267,0.516538,12.244517,0.000000,136
8580,85720492078706,13.330737,1.073307,0.578687,12.248569,0.000000,136
8581,85720505409443,13.332996,1.300406,0.465533,12.024478,0.000000,136
8582,85720518742439,13.332105,0.965229,0.537222,12.359325,0.000000,136
8583,85720532074544,13.332813,3.330006,0.421829,9.995917,0.000000,136
8584,85720545407357,13.337274,0.820451,0.367638,12.507523,0.000000,136
8585,85720558744631,13.334750,0.874468,0.489607,12.447247,0.000000,136
8586,85720572079381,13.328943,0.859163,0.491944,12.461168,0.000000,137
8587,85720585408324,13.337683,1.056660,0.522757,12.270861,0.000000,137
8588,85720598746007,13.327838,0.821673,0.390243,12.498900,0.000000,137
8589,85720612073845,13.342300,0.849565,0.354487,12.482826,0.000000,137
8590,85720625416145,13.332051,1.001779,0.378097,12.319763,0.000000,137
8591,85720638748196,13.337079,3.273772,0.416761,10.049460,0.000000,137
8592,85720652085275,13.322352,0.927869,0.372844,12.384917,0.000000,137
8593,85720665407627,13.334388,0.850982,0.382317,12.476672,0.000000,137
8594,85720678742015,13.333074,0.813928,0.522210,12.512616,0.000000,137
8595,85720692075089,13.333233,1.067830,0.381808,12.258681,0.000000,137
8596,85720705408322,13.335124,0.845644,0.387797,12.482309,0.000000,137
8597,85720718743446,13.330794,0.804205,0.474087,12.520040,0.000000,137
8598,85720732074240,13.333022,0.846309,0.556011,12.480540,0.000000,137
8599,85720745407262,13.335713,3.243007,0.467627,10.086570,0.000000,137
8600,85720758742975,13.332568,0.780567,0.549666,12.544861,0.000000,137
8601,85720772075543,13.332776,0.869526,0.527335,12.457043,0.000000,137
8602,85720785408319,13.333995,0.816528,0.480945,12.511206,0.000000,137
8603,85720798742314,13.332677,0.948035,0.371621,12.378480,0.000000,137
8604,85720812074991,13.334129,0.834552,0.347413,12.492784,0.000000,137
8605,85720825409120,13.333788,0.813661,0.479672,12.513798,0.000000,137
8606,85720838742908,13.331621,0.769990,0.572166,12.554983,0.000000,137
8607,85720852074529,13.334790,3.206783,0.368696,10.122093,0.000000,137
8608,85720865409319,13.333924,0.871887,0.473440,12.455806,0.000000,137
8609,85720878743243,13.332206,0.787585,0.679349,12.538235,0.000000,137
8610,85720892075449,13.333797,0.816366,0.487948,12.510743,0.000000,137
8611,85720905409246,13.335446,1.027659,0.573321,12.299514,0.000000,137
8612,85720918744692,13.331015,0.830605,0.476784,12.493590,0.000000,137
8613,85720932075707,13.332821,0.848701,0.464865,12.478259,0.000000,137
8614,85720945408528,13.339160,0.793624,0.513785,12.536350,0.000000,137
8615,85720958747688,13.327296,3.240670,0.473735,10.078241,0.000000,137
8616,85720972074984,13.334148,0.914752,0.469854,12.412535,0.000000,137
8617,85720985409132,13.343812,0.941502,0.365754,12.391355,0.000000,137
8618,85720998752944,13.323171,0.838839,0.467214,12.476798,0.000000,137
8619,85721012076115,13.332334,1.047057,0.471023,12.278708,0.000000,137
8620,85721025408449,13.338342,0.790579,0.498547,12.539288,0.000000,137
8621,85721038746791,13.329356,0.848457,0.383589,12.473382,0.000000,137
8622,85721052076147,13.332576,0.909155,0.496358,12.417210,0.000000,137
8623,85721065408723,13.338119,3.227995,0.469564,10.101510,0.000000,137
8624,85721078746842,13.329271,0.855674,0.411571,12.465502,0.000000,137
8625,85721092076113,13.334063,0.824208,0.479850,12.503478,0.000000,137
8626,85721105410176,13.332408,0.898361,0.357639,12.427431,0.000000,137
8627,85721118742584,13.334053,0.917543,0.468102,12.409937,0.000000,137
8628,85721132076637,13.332210,0.864362,0.505666,12.461496,0.000000,137
8629,85721145408847,13.333997,0.865729,0.422763,12.462510,0.000000,137
8630,85721158742844,13.337733,0.729211,0.522433,12.600319,0.000000,137
8631,85721172080577,13.327865,3.349597,0.465657,9.969446,0.000000,137
8632,85721185408442,13.334057,0.830828,0.427391,12.498141,0.000000,137
8633,85721198742499,13.334305,0.733763,0.461692,12.593882,0.000000,137
8634,85721212076804,13.334397,1.179866,0.478888,12.147857,0.000000,137
8635,85721225411201,13.339193,1.135587,0.487008,12.194076,0.000000,137
8636,85721238750394,13.327425,1.315935,0.829147,12.005159,0.000000,137
8637,85721252077819,13.332370,1.077580,0.528253,12.248068,0.000000,137
8638,85721265410189,13.332758,0.854384,0.804209,12.472648,0.000000,137
8639,85721278742947,13.335675,3.316141,0.455713,10.013307,0.000000,137
8640,85721292078622,13.331873,1.008633,0.433167,12.316176,0.000000,137
8641,85721305410495,13.332945,0.898128,0.357953,12.428931,0.000000,137
8642,85721318743440,13.333930,0.859560,0.487939,12.467913,0.000000,137
8643,85721332077370,13.333104,1.359475,0.476166,11.966045,0.000000,137
8644,85721345410474,13.335845,0.948324,0.466483,12.379275,0.000000,137
8645,85721358746319,13.335263,0.830744,0.473277,12.495286,0.000000,137
8646,85721372081582,13.328805,1.052132,0.408603,12.269337,0.000000,137
8647,85721385410387,13.334991,3.294679,0.486822,10.033700,0.000000,137
8648,85721398745378,13.331266,0.864318,0.500382,12.460820,0.000000,137
8649,85721412076644,13.339657,1.118768,0.372296,12.212675,0.000000,137
8650,85721425416301,13.329142,1.115276,0.481257,12.206401,0.000000,137
8651,85721438745443,13.332990,1.131763,0.486944,12.194357,0.000000,137
8652,85721452078433,13.335078,0.946251,0.524128,12.381127,0.000000,137
8653,85721465413511,13.331750,1.245030,0.484112,12.079473,0.000000,137
8654,85721478745261,13.332655,0.944751,0.503975,12.380938,0.000000,137
8655,85721492077916,13.342972,3.480726,0.491664,9.851353,0.000000,137
8656,85721505420888,13.326996,1.081880,0.486893,12.234274,0.000000,137
8657,85721518747884,13.330558,0.943700,0.362636,12.379638,0.000000,137
8658,85721532078442,13.341189,0.916154,0.478042,12.411129,0.000000,137
8659,85721545419631,13.329020,1.309185,0.445618,12.009229,0.000000,137
8660,85721558748651,13.333906,1.080193,0.338967,12.244311,0.000000,137
8661,85721572082557,13.330139,0.889822,0.354596,12.432830,0.000000,137
8662,85721585412696,13.334365,1.064352,0.514735,12.262721,0.000000,137
8663,85721598747061,13.336384,3.269682,0.474900,10.058515,0.000000,137
8664,85721612083445,13.329496,0.949545,0.368464,12.373105,0.000000,137
8665,85721625412941,13.332662,1.160039,0.462046,12.165035,0.000000,137
8666,85721638745603,13.340061,0.958647,0.464651,12.370764,0.000000,137
8667,85721652085664,13.327163,1.299175,0.504829,12.020590,0.000000,137
8668,85721665412827,13.336019,1.062666,0.481929,12.265022,0.000000,137
8669,85721678748846,13.335062,0.803268,0.552767,12.522650,0.000000,137
8670,85721692083908,13.331983,1.108383,0.537531,12.214812,0.000000,137
8671,85721705415891,13.330319,3.279205,0.488210,10.044685,0.000000,137
8672,85721718746210,13.332440,0.731942,0.465071,12.594712,0.000000,137
8673,85721732078650,13.334886,0.804084,0.573770,12.524720,0.000000,137
8674,85721745413536,13.333161,0.978150,0.473419,12.348395,0.000000,137
8675,85721758746697,13.331980,1.021477,0.570041,12.304481,0.000000,137
8676,85721772078677,13.334577,0.890427,0.545978,12.438520,0.000000,137
8677,85721785413254,13.336813,1.074942,0.566999,12.252616,0.000000,137
8678,85721798750067,13.329509,0.958568,0.546821,12.364067,0.000000,137
8679,85721812079576,13.332790,3.197476,0.548879,10.129585,0.000000,137
8680,85721825412366,13.335803,0.901065,0.682046,12.428365,0.000000,137
8681,85721838748169,13.340198,0.879249,0.623316,12.450623,0.000000,137
8682,85721852088367,13.328578,0.967954,0.475122,12.349449,0.000000,137
8683,85721865416945,13.331022,1.356085,0.535955,11.967694,0.000000,137
8684,85721878747967,13.332618,0.918508,0.463611,12.406693,0.000000,137
8685,85721892080585,13.332631,0.979267,0.557523,12.347318,0.000000,137
8686,85721905413216,13.340470,0.924462,0.517393,12.405385,0.000000,137
8687,85721918753686,13.332356,3.215352,0.463978,10.107212,0.000000,137
8688,85721932086042,13.327435,0.852783,0.546125,12.468128,0.000000,137
8689,85721945413477,13.334193,0.789849,0.581860,12.537890,0.000000,137
8690,85721958747670,13.336535,0.882939,0.472567,12.444826,0.000000,137
8691,85721972084205,13.330319,1.077478,0.460416,12.246146,0.000000,137
8692,85721985414524,13.340723,0.879552,0.567351,12.446645,0.000000,137
8693,85721998755247,13.331263,0.810764,0.458281,12.507158,0.000000,137
8694,85722012086510,13.328920,1.049985,0.522276,12.270835,0.000000,137
8695,85722025415430,13.339002,3.257136,0.545929,10.071179,0.000000,137
8696,85722038754432,13.325821,0.902955,0.595148,12.415681,0.000000,137
8697,85722052080253,13.333418,0.888372,0.510077,12.439852,0.000000,137
8698,85722065413671,13.335136,0.883712,0.654778,12.444920,0.000000,137
8699,85722078748807,13.333838,1.053457,0.474254,12.272333,0.000000,137
8700,85722092082645,13.332312,1.061275,0.433112,12.263188,0.000000,137
8701,85722105414957,13.338480,1.066892,0.478358,12.263117,0.000000,137
8702,85722118753437,13.327284,0.879590,0.425467,12.440776,0.000000,137
8703,85722132080721,13.340701,3.362742,0.350112,9.967148,0.000000,137
8704,85722145421422,13.325877,1.120395,0.365096,12.199190,0.000000,137
8705,85722158747299,13.334690,0.888516,0.499719,12.439974,0.000000,137
8706,85722172081989,13.337260,0.901342,0.366910,12.426648,0.000000,137
8707,85722185419249,13.329067,1.159713,0.551241,12.161461,0.000000,137
8708,85722198748316,13.333936,0.900712,0.486234,12.427011,0.000000,137
8709,85722212082252,13.333558,0.944642,0.637868,12.381768,0.000000,137
8710,85722225415810,13.333063,0.909308,0.519487,12.417806,0.000000,137
8711,85722238748873,13.335206,3.159370,0.493972,10.169253,0.000000,137
8712,85722252084079,13.335173,0.909147,0.513552,12.417528,0.000000,137
8713,85722265419252,13.332068,1.035652,0.496067,12.287903,0.000000,137
8714,85722278751320,13.331131,0.824772,0.504430,12.499806,0.000000,137
8715,85722292082451,13.333082,1.192930,0.574531,12.133873,0.000000,137
8716,85722305415533,13.332993,1.006902,0.503629,12.320101,0.000000,137
8717,85722318748526,13.334530,0.974194,0.648937,12.354148,0.000000,137
8718,85722332083056,13.331149,0.946394,0.532315,12.378472,0.000000,137
8719,85722345414205,13.333977,3.331664,0.429737,9.996712,0.000000,137
8720,85722358748182,13.335816,0.809491,0.503048,12.519832,0.000000,137
8721,85722372083998,13.331412,1.015181,0.571148,12.310202,0.000000,137
8722,85722385415410,13.332821,1.030371,0.603921,12.297328,0.000000,137
8723,85722398748231,13.335840,1.121247,0.495403,12.208142,0.000000,137
8724,85722412084071,13.333989,1.071126,0.602348,12.255552,0.000000,137
8725,85722425418060,13.331214,0.941110,0.393971,12.383717,0.000000,137
8726,85722438749274,13.334561,0.880069,0.505257,12.448003,0.000000,137
8727,85722452083835,13.332524,3.333925,0.444937,9.992349,0.000000,137
8728,85722465416359,13.332445,1.021285,0.583680,12.305385,0.000000,137
8729,85722478748804,13.334260,0.934319,0.581440,12.393735,0.000000,137
8730,85722492083064,13.333532,1.034404,0.573672,12.292993,0.000000,137
8731,85722505416596,13.332274,1.300821,0.617993,12.025625,0.000000,138
8732,85722518748870,13.335216,0.788634,0.401398,12.539910,0.000000,138
8733,85722532084086,13.334838,0.985896,0.738120,12.341665,0.000000,138
8734,85722545418924,13.331099,1.592067,0.468964,11.731906,0.000000,138
8735,85722558750023,13.337910,3.201842,0.514062,10.126183,0.000000,138
8736,85722572087933,13.330327,0.982414,0.381591,12.336022,0.000000,138
8737,85722585418260,13.332467,0.940695,0.552131,12.384727,0.000000,138
8738,85722598750727,13.334351,0.978869,0.599080,12.348592,0.000000,138
8739,85722612085078,13.333566,1.250251,0.487632,12.076016,0.000000,138
8740,85722625418644,13.330487,1.048949,0.602222,12.275310,0.000000,138
8741,85722638749131,13.335713,0.843685,0.388645,12.485048,0.000000,138
8742,85722652084844,13.335991,0.919806,0.500708,12.408229,0.000000,138
8743,85722665420835,13.330145,3.364941,0.576262,9.958179,0.000000,138
8744,85722678750980,13.333068,0.969747,0.547367,12.356642,0.000000,138
8745,85722692084048,13.335408,1.152545,0.508456,12.176062,0.000000,138
8746,85722705419456,13.331430,0.935105,0.464656,12.389313,0.000000,138
8747,85722718750886,13.332799,1.174496,0.532221,12.152524,0.000000,138
8748,85722732083685,13.334146,0.946436,0.503261,12.381372,0.000000,138
8749,85722745417831,13.335829,0.939792,0.518851,12.388142,0.000000,138
8750,85722758753660,13.331819,0.851280,0.562420,12.473019,0.000000,138
8751,85722772085479,13.335684,3.238124,0.405267,10.091539,0.000000,138
8752,85722785421163,13.330466,0.915567,0.346364,12.408194,0.000000,138
8753,85722798751629,13.342404,0.831200,0.496157,12.499619,0.000000,138
8754,85722812094033,13.324041,0.860886,0.488037,12.455472,0.000000,138
8755,85722825418074,13.334598,1.119069,0.554764,12.208371,0.000000,138
8756,85722838752672,13.333169,0.921032,0.550548,12.404880,0.000000,138
8757,85722852085841,13.335390,0.999428,0.491963,12.326665,0.000000,138
8758,85722865421231,13.335165,0.879310,0.518343,12.446626,0.000000,138
8759,85722878756396,13.330301,3.206049,0.505421,10.116922,0.000000,138
8760,85722892086697,13.332708,0.884024,0.516264,12.441883,0.000000,138
8761,85722905419405,13.333554,0.972231,0.614029,12.354392,0.000000,138
8762,85722918752959,13.332080,0.850948,0.555198,12.474735,0.000000,138
8763,85722932085039,13.333231,1.249960,0.439372,12.077685,0.000000,138
8764,85722945418270,13.337071,1.093262,0.374272,12.236106,0.000000,138
8765,85722958755341,13.329589,0.957093,0.409200,12.364648,0.000000,138
8766,85722972084930,13.334497,1.040258,0.498828,12.287330,0.000000,138
8767,85722985419427,13.334672,3.593349,0.514743,9.734356,0.000000,138
8768,85722998754099,13.333001,0.924628,0.557892,12.401715,0.000000,138
8769,85723012087100,13.332561,1.083095,0.477065,12.241847,0.000000,138
8770,85723025419661,13.335229,1.169012,0.502724,12.157964,0.000000,138
8771,85723038754890,13.331403,1.168638,0.575366,12.153913,0.000000,138
8772,85723052086293,13.332504,1.135848,0.541628,12.190052,0.000000,138
8773,85723065418797,13.335747,1.123284,0.480500,12.204146,0.000000,138
8774,85723078754544,13.330720,0.954261,0.499537,12.368837,0.000000,138
8775,85723092085264,13.336555,3.678309,0.582191,9.650834,0.000000,138
8776,85723105421819,13.331705,1.140046,0.408278,12.183860,0.000000,138
8777,85723118753524,13.332535,0.940027,0.564912,12.385524,0.000000,138
8778,85723132086059,13.332576,1.305609,0.480986,12.020278,0.000000,138
8779,85723145418635,13.333795,1.232122,0.515552,12.095930,0.000000,138
8780,85723158752430,13.336122,0.867612,0.474292,12.458621,0.000000,138
8781,85723172088552,13.334407,1.039097,0.412105,12.287156,0.000000,138
8782,85723185422959,13.331163,1.111024,0.481706,12.211494,0.000000,138
8783,85723198754122,13.334230,3.324327,0.555169,10.002427,0.000000,138
8784,85723212088352,13.338730,1.252179,0.556233,12.080070,0.000000,138
8785,85723225427082,13.328662,1.075814,0.464258,12.245980,0.000000,138
8786,85723238755744,13.332394,0.838762,0.444451,12.486164,0.000000,138
8787,85723252088138,13.330922,1.192511,0.575905,12.131702,0.000000,138
8788,85723265419060,13.335870,0.957209,0.483946,12.371680,0.000000,138
8789,85723278754930,13.332377,0.827000,0.517467,12.498721,0.000000,138
8790,85723292087307,13.334532,1.274162,0.515145,12.053253,0.000000,138
8791,85723305421839,13.332217,3.264053,0.520467,10.061264,0.000000,138
8792,85723318754056,13.333215,0.882403,0.533995,12.443597,0.000000,138
8793,85723332087271,13.332962,0.882633,0.583229,12.444303,0.000000,138
8794,85723345420233,13.334220,0.952091,0.564446,12.376005,0.000000,138
8795,85723358754453,13.333200,1.208921,0.556880,12.117633,0.000000,138
8796,85723372087653,13.332970,0.999124,0.424637,12.327014,0.000000,138
8797,85723385420623,13.332899,1.047477,1.030536,12.279378,0.000000,138
8798,85723398753522,13.334593,0.902201,0.539277,12.426520,0.000000,138
8799,85723412088115,13.332754,3.417544,0.494097,9.908969,0.000000,138
8800,85723425420869,13.332733,0.852571,0.485312,12.475059,0.000000,138
8801,85723438753602,13.333461,0.800963,0.489274,12.526444,0.000000,138
8802,85723452087063,13.335423,0.828757,0.481279,12.500618,0.000000,138
8803,85723465422486,13.331132,1.116252,0.501703,12.209128,0.000000,138
8804,85723478753618,13.335403,0.814148,0.431073,12.514599,0.000000,138
8805,85723492089021,13.334242,0.989809,0.378026,12.337654,0.000000,138
8806,85723505423263,13.331449,1.045803,0.374248,12.278158,0.000000,138
8807,85723518754712,13.336737,3.605951,0.488984,9.722238,0.000000,138
8808,85723532091449,13.331630,1.096183,0.430438,12.228000,0.000000,138
8809,85723545423079,13.339248,1.090480,0.473219,12.238373,0.000000,138
8810,85723558762327,13.333624,1.028488,0.493981,12.291350,0.000000,138
8811,85723572095951,13.325428,1.147825,0.529469,12.171287,0.000000,138
8812,85723585421379,13.335164,0.802978,0.491786,12.525006,0.000000,138
8813,85723598756543,13.332995,0.780195,0.490687,12.546787,0.000000,138
8814,85723612089538,13.333105,0.933114,0.443589,12.392708,0.000000,138
8815,85723625422643,13.333372,3.872724,0.590754,9.453985,0.000000,138
8816,85723638756015,13.331149,0.832380,0.498192,12.493061,0.000000,138
8817,85723652087164,13.338099,0.763306,0.572235,12.568265,0.000000,138
8818,85723665425263,13.331114,0.902805,0.499370,12.420561,0.000000,138
8819,85723678756377,13.333463,1.025024,0.528372,12.301039,0.000000,138
8820,85723692089840,13.332305,0.886421,0.519959,12.439237,0.000000,138
8821,85723705422145,13.334435,0.965328,0.466105,12.362311,0.000000,138
8822,85723718756580,13.332291,0.950406,0.519615,12.376098,0.000000,138
8823,85723732088871,13.333710,3.488157,0.474093,9.839212,0.000000,138
8824,85723745422581,13.337476,0.875373,0.540715,12.454384,0.000000,138
8825,85723758760057,13.330291,0.856422,0.400386,12.466267,0.000000,138
8826,85723772090348,13.334228,0.859044,0.543470,12.468199,0.000000,138
8827,85723785424576,13.473482,1.062713,0.607114,12.401779,0.000000,138
8828,85723798898058,13.331487,1.107442,0.550367,12.215599,0.000000,138
8829,85723812229545,13.333911,1.065063,0.514989,12.261654,0.000000,138
8830,85723825563456,13.332929,1.084357,0.537908,12.239917,0.000000,138
8831,85723838896385,13.333185,3.703316,0.589140,9.622145,0.000000,138
8832,85723852229570,13.333574,1.333028,0.544519,11.991009,0.000000,138
8833,85723865563144,13.332129,1.098340,0.581984,12.226390,0.000000,138
8834,85723878895273,13.342792,1.076090,0.443394,12.253401,0.000000,138
8835,85723892238065,13.325770,1.398038,0.417292,11.918212,0.000000,138
8836,85723905563835,13.334163,1.023697,0.356881,12.303009,0.000000,138
8837,85723918897998,13.391144,1.010631,0.432788,12.372145,0.000000,138
8838,85723932289142,13.335478,1.015936,0.561152,12.312319,0.000000,138
8839,85723945624620,13.334005,3.787348,0.508630,9.537037,0.000000,138
8840,85723958958625,13.333208,1.089364,0.372066,12.234855,0.000000,138
8841,85723972291833,13.332705,1.090059,0.415871,12.231967,0.000000,138
8842,85723985624538,13.333265,1.113303,0.391820,12.210936,0.000000,138
8843,85723998957803,13.334173,1.263916,0.497103,12.062680,0.000000,138
8844,85724012291976,13.332227,1.193456,0.502875,12.131028,0.000000,138
8845,85724025624203,13.332602,1.081229,0.771487,12.243141,0.000000,138
8846,85724038956805,13.335589,0.870802,0.552938,12.456615,0.000000,138
8847,85724052292394,13.330306,3.874559,0.511157,9.448464,0.000000,138
8848,85724065622700,13.334464,0.826197,0.503941,12.501577,0.000000,138
8849,85724078957164,13.335485,0.895164,0.511268,12.432233,0.000000,138
8850,85724092292649,13.335278,0.915657,0.554327,12.411266,0.000000,138
8851,85724105627927,13.329971,1.158698,0.520974,12.163447,0.000000,138
8852,85724118957898,13.333893,0.842242,0.502141,12.482019,0.000000,138
8853,85724132291791,13.332634,0.926698,0.413430,12.397916,0.000000,138
8854,85724145624425,13.332415,0.993605,0.587575,12.332384,0.000000,138
8855,85724158956840,13.333654,3.328194,0.376983,9.997630,0.000000,138
8856,85724172290494,13.335781,0.892051,0.510725,12.437025,0.000000,138
8857,85724185626275,13.331388,1.326645,0.454909,11.996180,0.000000,138
8858,85724198957663,13.337763,0.964120,0.503559,12.366403,0.000000,138
8859,85724212295426,13.336709,1.415811,0.576246,11.912014,0.000000,138
8860,85724225632135,13.331318,1.081941,0.535556,12.240656,0.000000,138
8861,85724238963453,13.334714,0.985464,0.490485,12.341476,0.000000,138
8862,85724252298167,13.330265,1.149020,0.589680,12.171791,0.000000,138
8863,85724265628432,13.334052,3.482641,0.517813,9.844548,0.000000,138
8864,85724278962484,13.335393,0.833917,0.525020,12.494606,0.000000,138
8865,85724292297877,13.330798,1.018646,0.494047,12.304969,0.000000,138
8866,85724305628675,13.335742,1.029265,0.479953,12.298982,0.000000,138
8867,85724318964417,13.331090,1.144608,0.562116,12.178293,0.000000,138
8868,85724332295507,13.337654,1.026976,0.531387,12.302388,0.000000,138
8869,85724345633161,13.328857,1.107873,0.502405,12.212981,0.000000,138
8870,85724358962018,13.334283,0.820791,0.529867,12.506435,0.000000,138
8871,85724372296301,13.334465,3.469895,0.530337,9.857517,0.000000,138
8872,85724385630766,13.330569,1.039831,0.503023,12.283667,0.000000,138
8873,85724398961335,13.334214,0.811533,0.585767,12.515779,0.000000,138
8874,85724412295549,13.337687,0.920436,0.461775,12.409346,0.000000,138
8875,85724425633236,13.329318,1.357230,0.484461,11.963640,0.000000,138
8876,85724438962554,13.332918,1.033904,0.514555,12.291828,0.000000,138
8877,85724452295472,13.347060,1.071459,0.532027,12.268798,0.000000,138
8878,85724465642532,13.333737,0.976975,0.512627,12.350334,0.000000,138
8879,85724478976269,13.333366,3.951780,0.480540,9.374697,0.000000,138
8880,85724492309635,13.334565,1.007993,0.547386,12.319978,0.000000,138
8881,85724505644200,13.333296,1.056139,0.564696,12.270526,0.000000,138
8882,85724518977496,13.330626,0.922483,0.502028,12.401927,0.000000,138
8883,85724532308122,13.338583,0.987807,0.615495,12.343875,0.000000,138
8884,85724545646705,13.331338,1.009934,0.619086,12.314188,0.000000,138
8885,85724558978043,13.332937,0.870408,0.436929,12.454676,0.000000,138
8886,85724572310980,13.333712,1.072256,0.615265,12.253435,0.000000,138
8887,85724585644692,13.330488,3.384552,0.494877,9.939691,0.000000,138
8888,85724598975180,13.337089,0.758951,0.505278,12.571719,0.000000,138
8889,85724612312269,13.335733,1.023795,0.481560,12.304248,0.000000,138
8890,85724625648002,13.329133,0.967620,0.504043,12.354970,0.000000,138
8891,85724638977135,13.334274,1.031278,0.549570,12.295427,0.000000,138
8892,85724652311409,13.336816,1.070532,0.439773,12.257293,0.000000,138
8893,85724665648225,13.331062,0.918206,0.557687,12.405824,0.000000,138
8894,85724678979287,13.333684,0.882288,0.494566,12.444200,0.000000,138
8895,85724692312971,13.331964,3.373601,0.498039,9.949785,0.000000,138
8896,85724705644935,13.335765,0.877413,0.509294,12.450764,0.000000,139
8897,85724718980700,13.331406,0.803217,0.598639,12.521409,0.000000,139
8898,85724732312106,13.335944,0.900035,0.526872,12.428397,0.000000,139
8899,85724745648050,13.354165,2.025205,0.484485,11.316294,0.000000,139
8900,85724759002215,13.322004,1.041619,0.475303,12.269405,0.000000,139
8901,85724772324219,13.334881,0.965271,0.498199,12.362208,0.000000,139
8902,85724785659100,13.338178,1.162692,0.623596,12.165864,0.000000,139
8903,85724798997278,13.333695,3.988586,0.583836,9.334069,0.000000,139
8904,85724812330973,13.331480,1.343272,0.463310,11.975476,0.000000,139
8905,85724825662453,13.334921,1.080541,0.547627,12.246667,0.000000,139
8906,85724838997374,13.328071,0.982350,0.561512,12.338553,0.000000,139
8907,85724852325445,13.332916,1.428979,0.495140,11.896515,0.000000,139
8908,85724865658361,13.333304,0.985030,0.467838,12.340399,0.000000,139
8909,85724878991665,13.334496,0.922206,0.528824,12.404714,0.000000,139
8910,85724892326161,13.331570,1.095432,0.492204,12.228759,0.000000,139
8911,85724905657731,13.336250,3.794397,0.511774,9.534405,0.000000,139
8912,85724918993981,13.333414,0.950395,0.590819,12.372027,0.000000,139
8913,85724932327395,13.332113,1.176661,0.309702,12.148350,0.000000,139
8914,85724945659508,13.334850,1.157078,0.624054,12.170538,0.000000,139
8915,85724958994358,13.331835,1.320911,0.514988,12.002422,0.000000,139
8916,85724972326193,13.333556,1.064852,0.507021,12.261711,0.000000,139
8917,85724985659749,13.332133,1.111867,0.547784,12.213265,0.000000,139
8918,85724998991882,13.338684,0.882398,0.562585,12.448649,0.000000,139
8919,85725012330566,13.329753,4.008950,0.684316,9.312220,0.000000,139
8920,85725025660319,13.332289,1.100300,0.491776,12.224779,0.000000,139
8921,85725038992608,13.337091,0.926005,0.511149,12.402876,0.000000,139
8922,85725052329699,13.329159,1.072464,0.515405,12.248061,0.000000,139
8923,85725065658858,13.334041,1.299558,0.488396,12.027563,0.000000,139
8924,85725078992899,13.335765,1.026044,0.546460,12.301851,0.000000,139
8925,85725092328664,13.331036,1.119322,0.547134,12.203602,0.000000,139
8926,85725105659700,13.333707,0.972163,0.432063,12.353907,0.000000,139
8927,85725118993407,13.335989,3.875758,0.353059,9.452304,0.000000,139
8928,85725132329396,13.330652,1.055441,0.535203,12.267068,0.000000,139
8929,85725145660048,13.333275,1.092912,0.524706,12.234110,0.000000,139
8930,85725158993323,13.333897,0.949505,0.687808,12.376024,0.000000,139
8931,85725172327220,13.343190,1.374086,0.515319,11.957457,0.000000,139
8932,85725185670410,13.324567,1.148795,0.491060,12.165526,0.000000,139
8933,85725198994977,13.332613,0.893720,0.535160,12.430404,0.000000,139
8934,85725212327590,13.336418,1.060868,0.521258,12.267538,0.000000,139
8935,85725225664008,13.328869,3.950705,0.526568,9.370427,0.000000,139
8936,85725238992877,13.339120,0.887236,0.538010,12.444425,0.000000,139
8937,85725252331997,13.330791,1.623420,0.529699,11.697792,0.000000,139
8938,85725265662788,13.330711,1.135472,0.504188,12.187711,0.000000,139
8939,85725278993499,13.336771,1.201806,0.535583,12.126879,0.000000,139
8940,85725292330270,13.331472,1.026322,0.530047,12.296082,0.000000,139
8941,85725305661742,13.333954,1.019833,0.503109,12.306334,0.000000,139
8942,85725318995696,13.332567,0.887782,0.532478,12.437494,0.000000,139
8943,85725332328263,13.338183,3.872425,0.492262,9.456487,0.000000,139
8944,85725345666446,13.329053,1.106360,0.419576,12.214568,0.000000,139
8945,85725358995499,13.333801,0.884635,0.542339,12.442057,0.000000,139
8946,85725372329300,13.335009,1.168620,0.501812,12.158602,0.000000,139
8947,85725385664309,13.331105,1.279207,0.406539,12.045313,0.000000,139
8948,85725398995414,13.334375,0.872565,0.418817,12.454844,0.000000,139
8949,85725412329789,13.334638,1.115672,0.364362,12.211318,0.000000,139
8950,85725425664427,13.332121,1.153424,0.514470,12.170182,0.000000,139
8951,85725438996548,13.332948,3.744980,0.567000,9.580596,0.000000,139
8952,85725452329496,13.334141,0.975143,0.526613,12.350834,0.000000,139
8953,85725465663637,13.333182,1.271194,0.496272,12.054017,0.000000,139
8954,85725478996819,13.332890,0.940726,0.529684,12.385387,0.000000,139
8955,85725492329709,13.333226,1.306934,0.537667,12.019861,0.000000,139
8956,85725505662935,13.333762,1.019427,0.544482,12.306786,0.000000,139
8957,85725518996697,13.332518,0.960609,0.500733,12.365709,0.000000,139
8958,85725532329215,13.336209,0.971593,0.586498,12.355614,0.000000,139
8959,85725545665424,13.330510,3.901252,0.508802,9.422122,0.000000,139
8960,85725558995934,13.333615,0.744907,0.521243,12.582774,0.000000,139
8961,85725572329549,13.334008,0.957195,1.062634,12.370843,0.000000,139
8962,85725585663557,13.333155,0.967171,0.524612,12.359653,0.000000,139
8963,85725598996712,13.332349,1.140528,0.507824,12.186324,0.000000,139
8964,85725612329061,13.333077,0.903563,0.510446,12.424400,0.000000,139
8965,85725625662138,13.334763,0.820520,0.502412,12.506254,0.000000,139
8966,85725638996901,13.332470,0.764994,0.579777,12.560978,0.000000,139
8967,85725652329371,13.334042,3.381503,0.542301,9.947494,0.000000,139
8968,85725665663413,13.336061,0.973595,0.475033,12.355124,0.000000,139
8969,85725678999474,13.332893,0.971852,0.474738,12.351195,0.000000,139
8970,85725692332367,13.332221,1.090952,0.472830,12.232935,0.000000,139
8971,85725705664588,13.333742,1.215884,0.501536,12.111123,0.000000,139
8972,85725718998330,13.333096,0.955590,0.427750,12.369542,0.000000,139
8973,85725732331426,13.335991,1.011748,0.498972,12.316653,0.000000,139
8974,85725745667417,13.333283,1.110474,0.594960,12.215216,0.000000,139
8975,85725759000700,13.328991,3.799533,0.468053,9.522752,0.000000,139
8976,85725772329691,13.333365,0.978985,0.531597,12.347428,0.000000,139
8977,85725785663056,13.335324,0.985441,0.528986,12.343229,0.000000,139
8978,85725798998380,13.332035,0.997487,0.520550,12.327760,0.000000,139
8979,85725812330415,13.333066,1.359305,0.499029,11.967807,0.000000,139
8980,85725825663481,13.335933,0.958937,0.428419,12.370675,0.000000,139
8981,85725838999414,13.330943,0.951335,0.362660,12.373463,0.000000,139
8982,85725852330357,13.334723,1.009009,0.452257,12.319598,0.000000,139
8983,85725865665080,13.331790,4.028718,0.452954,9.297167,0.000000,139
8984,85725878996870,13.334607,0.834010,0.443717,12.494697,0.000000,139
8985,85725892331477,13.332824,1.054598,0.408647,12.272559,0.000000,139
8986,85725905664301,13.336763,1.250482,0.525984,12.079073,0.000000,139
8987,85725919001064,13.329611,1.405533,0.466544,11.916235,0.000000,139
8988,85725932330675,13.335026,1.069022,0.377637,12.259696,0.000000,139
8989,85725945665701,13.335261,1.999329,0.414320,11.329328,0.000000,139
8990,85725959000962,13.331284,1.386064,0.513996,11.937577,0.000000,139
8991,85725972332246,13.332247,3.930962,0.457277,9.395293,0.000000,139
8992,85725985664493,13.333953,0.800678,0.449716,12.527514,0.000000,139
8993,85725998998446,13.333899,1.114904,0.457215,12.213321,0.000000,139
8994,85726012332345,13.334982,0.924563,0.477252,12.402097,0.000000,139
8995,85726025667327,13.330573,1.093304,0.519088,12.231872,0.000000,139
8996,85726038997900,13.340691,0.821215,0.476727,12.510374,0.000000,139
8997,85726052338591,13.326395,0.947075,0.464689,12.372116,0.000000,139
8998,85726065664986,13.332545,0.766410,0.457358,12.560822,0.000000,139
8999,85726078997531,13.335826,3.248860,0.490186,10.079328,0.000000,139
9000,85726092333357,13.331899,0.841508,0.498628,12.484826,0.000000,139
9001,85726105665256,13.334802,0.863495,0.608578,12.465452,0.000000,139
9002,85726119000058,13.331668,0.779473,0.606378,12.546306,0.000000,139
9003,85726132331726,13.336216,1.096762,0.473417,12.232824,0.000000,139
9004,85726145667942,13.337205,1.125699,0.488551,12.204508,0.000000,139
9005,85726159005147,13.329532,0.792956,0.495180,12.528234,0.000000,139
9006,85726172334679,13.334639,1.015701,0.505046,12.311519,0.000000,139
9007,85726185669318,13.329735,3.427907,0.439933,9.895991,0.000000,139
9008,85726198999053,13.336230,0.642097,0.420189,12.686951,0.000000,139
9009,85726212335283,13.333997,1.033190,0.469361,12.293593,0.000000,139
9010,85726225669280,13.332608,1.055367,0.591106,12.270384,0.000000,139
9011,85726239001888,13.331563,1.392584,0.543098,11.931596,0.000000,139
9012,85726252333451,13.334503,1.276785,0.646894,12.050417,0.000000,139
9013,85726265667954,13.333291,0.933466,0.534568,12.393789,0.000000,139
9014,85726279001245,13.332846,0.912891,0.568208,12.412756,0.000000,139
9015,85726292334091,13.332568,3.321614,0.463592,10.004139,0.000000,139
9016,85726305666659,13.335642,0.807537,0.495899,12.521740,0.000000,139
9017,85726319002301,13.332626,0.891198,1.027202,12.433931,0.000000,139
9018,85726332334927,13.333771,0.860887,0.487200,12.465323,0.000000,139
9019,85726345668698,13.329696,1.251913,0.488717,12.072214,0.000000,139
9020,85726358998394,13.333997,0.873989,0.604596,12.455167,0.000000,139
9021,85726372332391,13.335050,0.891695,0.506776,12.436644,0.000000,139
9022,85726385667441,13.339445,1.006450,0.592361,12.323423,0.000000,139
9023,85726399006886,13.326788,3.402222,0.561386,9.917825,0.000000,139
9024,85726412333674,13.337214,1.787713,0.497466,11.542155,0.000000,139
9025,85726425670888,13.329383,1.197292,0.384751,12.125878,0.000000,139
9026,85726439000271,13.332962,0.860705,0.558956,12.466686,0.000000,139
9027,85726452333233,13.337978,1.490195,0.561383,11.840770,0.000000,139
9028,85726465671211,13.329576,1.173749,0.521382,12.149034,0.000000,139
9029,85726479000787,13.333482,0.965074,0.535809,12.362608,0.000000,139
9030,85726492334269,13.334516,1.424885,0.579408,11.902586,0.000000,139
9031,85726505668785,13.351610,4.121335,0.356981,9.222898,0.000000,139
9032,85726519020395,13.334855,0.751354,0.654892,12.577072,0.000000,139
9033,85726532355250,13.334342,0.917466,0.572643,12.410125,0.000000,139
9034,85726545689592,13.333851,0.995948,0.518964,12.330949,0.000000,139
9035,85726559023443,13.373749,1.233131,0.958678,12.124762,0.000000,139
9036,85726572397192,13.309236,2.288184,0.483276,10.996233,0.000000,139
9037,85726585706428,13.335142,1.145610,0.607479,12.182336,0.000000,139
9038,85726599041570,13.334246,0.922947,0.570859,12.404630,0.000000,139
9039,85726612375816,13.333443,4.063847,0.491866,9.261688,0.000000,139
9040,85726625709259,13.332211,1.064411,0.535460,12.262474,0.000000,139
9041,85726639041470,13.333507,1.067535,0.493351,12.259631,0.000000,139
9042,85726652374977,13.332697,1.096124,0.490491,12.230730,0.000000,139
9043,85726665707674,13.336938,1.221480,0.490282,12.106907,0.000000,139
9044,85726679044612,13.330605,0.969306,0.521624,12.353791,0.000000,139
9045,85726692375217,13.332475,1.060990,0.566236,12.265657,0.000000,139
9046,85726705707692,13.336823,0.929751,0.533512,12.400168,0.000000,139
9047,85726719044515,13.328745,3.940193,0.476649,9.383044,0.000000,140
9048,85726732373260,13.335271,1.048715,0.471506,12.280252,0.000000,140
9049,85726745708531,13.334329,1.011309,0.519349,12.315649,0.000000,140
9050,85726759042860,13.333886,0.994492,0.514881,12.332118,0.000000,140
9051,85726772376746,13.332485,1.331097,0.489547,11.994410,0.000000,140
9052,85726785709231,13.332708,1.112280,0.519331,12.213490,0.000000,140
9053,85726799041939,13.334933,0.960066,0.461962,12.368018,0.000000,140
9054,85726812376872,13.332269,1.119085,0.582298,12.205427,0.000000,140
9055,85726825709141,13.332765,3.738966,0.446720,9.586950,0.000000,140
9056,85726839041906,13.336444,0.892300,0.560173,12.436840,0.000000,140
9057,85726852378350,13.331873,1.116317,0.591202,12.208996,0.000000,140
9058,85726865710223,13.333050,1.247882,0.525160,12.078384,0.000000,140
9059,85726879043273,13.333212,1.403571,0.400936,11.922718,0.000000,140
9060,85726892376485,13.331712,0.983139,0.287672,12.342324,0.000000,140
9061,85726905708197,13.336642,0.972806,0.398768,12.357330,0.000000,140
9062,85726919044839,13.332816,0.970856,0.602444,12.353788,0.000000,140
9063,85726932377655,13.330844,3.823756,0.554099,9.501149,0.000000,140
9064,85726945708499,13.337032,0.898608,0.568324,12.430520,0.000000,140
9065,85726959045531,13.333427,1.012121,0.453970,12.312888,0.000000,140
9066,85726972378958,13.331936,1.256179,0.507215,12.068456,0.000000,140
9067,85726985710894,13.333284,1.332865,0.522804,11.993599,0.000000,140
9068,85726999044178,13.334696,1.468886,0.370928,11.859401,0.000000,140
9069,85727012378874,13.331743,1.614543,0.516412,11.711175,0.000000,140
9070,85727025710617,13.333878,1.045512,0.405437,12.282836,0.000000,140
9071,85727039044495,13.333593,3.743584,0.537135,9.583219,0.000000,140
9072,85727052378088,13.333399,1.169084,1.076962,12.157825,0.000000,140
9073,85727065711487,13.332588,1.135539,0.474828,12.191038,0.000000,140
9074,85727079044075,13.336134,0.925292,0.429941,12.404152,0.000000,140
9075,85727092380209,13.338927,1.480589,0.481709,11.844870,0.000000,140
9076,85727105719136,13.324690,1.145357,0.537664,12.172832,0.000000,140
9077,85727119043826,13.334759,0.948293,0.594808,12.380793,0.000000,140
9078,85727132378585,13.334112,1.050763,0.702909,12.276114,0.000000,140
9079,85727145712697,13.331073,3.730812,0.361179,9.594691,0.000000,140
9080,85727159043770,13.335736,0.777085,0.379786,12.551856,0.000000,140
9081,85727172379506,13.333011,0.944392,0.540708,12.382946,0.000000,140
9082,85727185712517,13.331190,0.969604,0.485822,12.356213,0.000000,140
9083,85727199043707,13.335147,0.926643,0.594492,12.403215,0.000000,140
9084,85727212378854,13.334072,1.146438,0.537472,12.181665,0.000000,140
9085,85727225712926,13.331639,0.925933,0.528399,12.399486,0.000000,140
9086,85727239044565,13.333410,0.795649,0.540372,12.532479,0.000000,140
9087,85727252377975,13.332061,3.427458,0.464107,9.899381,0.000000,140
9088,85727265710036,13.335826,0.712264,0.580762,12.618212,0.000000,140
9089,85727279045862,13.332883,0.743527,0.550576,12.582079,0.000000,140
9090,85727292378745,13.333017,0.968838,1.416836,12.358645,0.000000,140
9091,85727305711762,13.333207,1.072018,0.509956,12.255391,0.000000,140
9092,85727319044969,13.335511,0.755142,0.594407,12.574374,0.000000,140
9093,85727332380480,13.334764,0.926663,0.533310,12.399755,0.000000,140
9094,85727345715244,13.330117,1.006298,0.389898,12.318186,0.000000,140
9095,85727359045361,13.333923,3.223083,0.579495,10.104951,0.000000,140
9096,85727372379284,13.334143,0.933360,0.549639,12.395036,0.000000,140
9097,85727385713427,13.332315,0.960679,0.574354,12.366028,0.000000,140
9098,85727399045742,13.333987,0.933564,0.532339,12.394930,0.000000,140
9099,85727412379729,13.333320,1.184589,0.507732,12.142802,0.000000,140
9100,85727425713049,13.332122,1.030737,0.757813,12.295676,0.000000,140
9101,85727439045171,13.333948,0.733191,0.578080,12.595635,0.000000,140
9102,85727452379119,13.333376,0.954791,0.589266,12.372880,0.000000,140
9103,85727465712495,13.332694,3.784631,0.645199,9.542938,0.000000,140
9104,85727479045189,13.334100,0.686986,0.978080,12.642372,0.000000,140
9105,85727492379289,13.334814,0.833939,1.011963,12.495281,0.000000,140
9106,85727505714103,13.332374,1.061874,0.585343,12.264364,0.000000,140
9107,85727519046477,13.333166,1.148471,0.535072,12.179415,0.000000,140
9108,85727532379643,13.333509,1.238775,0.441304,12.089181,0.000000,140
9109,85727545713152,13.334303,1.033714,1.404638,12.294828,0.000000,140
9110,85727559047455,13.333207,1.034826,0.802926,12.291668,0.000000,140
9111,85727572380662,13.333829,3.677306,0.565376,9.649028,0.000000,140
9112,85727585714491,13.333466,0.717583,0.412655,12.608225,0.000000,140
9113,85727599047957,13.333534,0.688329,1.020376,12.638733,0.000000,140
9114,85727612381491,13.332669,0.927119,0.687763,12.399386,0.000000,140
9115,85727625714160,13.332307,1.188800,0.485566,12.138075,0.000000,140
9116,85727639046467,13.334224,0.693860,0.614646,12.634991,0.000000,140
9117,85727652380691,13.333964,0.847667,0.631909,12.480906,0.000000,140
9118,85727665714655,13.332793,1.050646,0.524709,12.276030,0.000000,140
9119,85727679047448,13.332848,3.281320,0.600262,10.046186,0.000000,140
9120,85727692380296,13.333771,1.025530,0.521779,12.303091,0.000000,140
9121,85727705714067,13.335368,0.798249,0.540589,12.530971,0.000000,140
9122,85727719049435,13.333514,0.916173,0.689917,12.410392,0.000000,140
9123,85727732382949,13.331783,1.750191,0.408766,11.574758,0.000000,140
9124,85727745714732,13.335469,1.318217,0.496180,12.010759,0.000000,140
9125,85727759050201,13.333022,1.015862,0.562854,12.310198,0.000000,140
9126,85727772383223,13.332145,1.310754,0.487561,12.014949,0.000000,140
9127,85727785715368,13.336005,3.410546,0.576991,9.918657,0.000000,140
9128,85727799051373,13.331266,0.884103,0.488928,12.439824,0.000000,140
9129,85727812382639,13.331389,0.921630,0.523121,12.404477,0.000000,140
9130,85727825714028,13.335699,0.798140,0.563903,12.531883,0.000000,140
9131,85727839049727,13.332529,1.112111,0.510697,12.213511,0.000000,140
9132,85727852382256,13.335495,1.072037,0.528320,12.256653,0.000000,140
9133,85727865717751,13.333101,1.040416,0.485126,12.284416,0.000000,140
9134,85727879050852,13.331398,1.030938,0.525953,12.292903,0.000000,140
9135,85727892382250,13.333234,3.386717,0.620527,9.940277,0.000000,140
9136,85727905715484,13.334446,1.019956,0.555379,12.307232,0.000000,140
9137,85727919049930,13.331558,1.047037,0.491411,12.278550,0.000000,140
9138,85727932381488,13.335810,1.012735,0.544543,12.317094,0.000000,140
9139,85727945717298,13.330432,1.253437,0.507682,12.070713,0.000000,140
9140,85727959047730,13.333418,0.791410,0.483229,12.536800,0.000000,140
9141,85727972381148,13.335762,0.828794,0.592763,12.500929,0.000000,140
9142,85727985716910,13.331623,0.855864,0.638902,12.470452,0.000000,140
9143,85727999048533,13.333242,3.256712,0.444310,10.070771,0.000000,140
9144,85728012381775,13.335885,0.787508,1.374328,12.541566,0.000000,140
9145,85728025717660,13.331666,0.838255,0.453009,12.486628,0.000000,140
9146,85728039049326,13.334052,0.738474,0.502427,12.589304,0.000000,140
9147,85728052383378,13.332503,1.032066,0.530451,12.293946,0.000000,140
9148,85728065715881,13.333500,0.788451,1.345541,12.539209,0.000000,140
9149,85728079049381,13.334294,0.692128,0.489885,12.636190,0.000000,140
9150,85728092383675,13.333964,0.869184,0.565163,12.458649,0.000000,140
9151,85728105717639,13.330947,3.488828,0.466617,9.835829,0.000000,140
9152,85728119048586,13.333992,1.806333,0.470659,11.521692,0.000000,140
9153,85728132382578,13.333374,0.797372,0.478095,12.530614,0.000000,140
9154,85728145715952,13.333630,0.817117,0.419588,12.510962,0.000000,140
9155,85728159049582,13.335634,0.905475,0.528208,12.424298,0.000000,140
9156,85728172385216,13.331187,0.892272,0.395632,12.432675,0.000000,140
9157,85728185716403,13.336539,0.775449,0.459458,12.554745,0.000000,140
9158,85728199052942,13.332601,0.800770,0.511131,12.524777,0.000000,140
9159,85728212385543,13.330643,3.423250,0.507513,9.901421,0.000000,140
9160,85728225716186,13.334695,0.766611,0.448708,12.562442,0.000000,140
9161,85728239050881,13.333955,0.781820,0.532721,12.545859,0.000000,140
9162,85728252384836,13.331740,0.867939,0.489278,12.457240,0.000000,140
9163,85728265716576,13.334458,1.010981,0.410746,12.318167,0.000000,140
9164,85728279051034,13.333924,0.775278,0.604245,12.552724,0.000000,140
9165,85728292384958,13.331062,0.872245,0.472147,12.453030,0.000000,140
9166,85728305716020,13.336081,0.885430,0.505636,12.444977,0.000000,140
9167,85728319052101,13.330764,3.494920,0.462671,9.829111,0.000000,140
9168,85728332382865,13.336193,0.804207,0.491358,12.526092,0.000000,140
9169,85728345719058,13.333941,0.951259,0.496963,12.374951,0.000000,140
9170,85728359052999,13.332638,0.921669,1.563624,12.404079,0.000000,140
9171,85728372385637,13.333684,1.140880,0.483970,12.185802,0.000000,140
9172,85728385719321,13.332616,0.848755,0.567943,12.477494,0.000000,140
9173,85728399051937,13.333059,1.857227,0.477078,11.469056,0.000000,140
9174,85728412384996,13.333901,0.825162,0.416777,12.502700,0.000000,140
9175,85728425718897,13.332602,3.503722,0.279634,9.822807,0.000000,140
9176,85728439051499,13.333055,0.779683,0.513616,12.547751,0.000000,140
9177,85728452384554,13.333478,0.830663,0.468784,12.496887,0.000000,140
9178,85728465718032,13.335154,0.850638,0.485230,12.478161,0.000000,140
9179,85728479053186,13.331940,0.980700,0.484073,12.344865,0.000000,140
9180,85728492385126,13.335583,0.857171,0.486998,12.472277,0.000000,140
9181,85728505720709,13.331174,0.869048,0.472909,12.456381,0.000000,140
9182,85728519051883,13.334973,0.753526,0.477876,12.575175,0.000000,140
9183,85728532386856,13.332035,3.456970,0.484220,9.869177,0.000000,140
9184,85728545718891,13.333262,0.825456,0.485758,12.502114,0.000000,140
9185,85728559052153,13.334715,0.732426,0.497186,12.596169,0.000000,140
9186,85728572386868,13.333760,0.854105,0.463941,12.472849,0.000000,140
9187,85728585720628,13.331316,1.037658,0.474141,12.287476,0.000000,140
9188,85728599051944,13.335159,0.739354,0.470909,12.589258,0.000000,140
9189,85728612387103,13.332082,0.864192,0.415549,12.460953,0.000000,140
9190,85728625719185,13.334102,0.826135,0.504125,12.502833,0.000000,140
9191,85728639053287,13.332238,3.395886,0.364114,9.931543,0.000000,140
9192,85728652385525,13.333791,0.811130,0.401134,12.516831,0.000000,141
9193,85728665719316,13.333081,0.813921,1.329664,12.514060,0.000000,141
9194,85728679052397,13.333195,0.743778,0.453123,12.583697,0.000000,141
9195,85728692385592,13.332361,1.576051,0.468182,11.750602,0.000000,141
9196,85728705717953,13.335711,0.754533,1.258596,12.575626,0.000000,141
9197,85728719053664,13.331546,0.753414,0.451507,12.572070,0.000000,141
9198,85728732385210,13.333729,0.759153,0.501675,12.569469,0.000000,141
9199,85728745718939,13.335375,3.352504,0.487257,9.977013,0.000000,141
9200,85728759054314,13.332192,0.741700,0.463879,12.584327,0.000000,141
9201,85728772386506,13.332636,0.799008,0.485327,12.527339,0.000000,141
9202,85728785719142,13.335147,0.769330,0.496168,12.560593,0.000000,141
9203,85728799054289,13.331899,1.016789,0.504390,12.308963,0.000000,141
9204,85728812386188,13.333060,0.801395,0.467280,12.526184,0.000000,141
9205,85728825719248,13.334466,0.788107,0.519765,12.540323,0.000000,141
9206,85728839053714,13.332719,0.781433,0.478500,12.544530,0.000000,141
9207,85728852386433,13.333341,3.385058,0.481935,9.942345,0.000000,141
9208,85728865719774,13.334534,0.829612,0.556734,12.498626,0.000000,141
9209,85728879054308,13.333365,0.795179,0.566713,12.531590,0.000000,141
9210,85728892387673,13.332897,0.833522,0.488831,12.493217,0.000000,141
9211,85728905720570,13.333536,1.028359,0.516074,12.298944,0.000000,141
9212,85728919054106,13.333989,0.813497,0.498252,12.514178,0.000000,141
9213,85728932388095,13.332334,0.913960,0.484045,12.412283,0.000000,141
9214,85728945720429,13.332801,0.841002,0.599035,12.486204,0.000000,141
9215,85728959053230,13.332732,3.380243,0.479025,9.946736,0.000000,141
9216,85728972385962,13.334375,0.917576,0.476343,12.411386,0.000000,141
9217,85728985720337,13.334904,0.853455,0.517731,12.475769,0.000000,141
9218,85728999055241,13.331797,0.807999,0.470859,12.517224,0.000000,141
9219,85729012387038,13.333466,1.057625,0.549484,12.271050,0.000000,141
9220,85729025720504,13.332650,0.852543,0.495557,12.475195,0.000000,141
9221,85729039053154,13.335756,0.823616,0.487161,12.505976,0.000000,141
9222,85729052388910,13.333059,0.916534,0.673938,12.410382,0.000000,141
9223,85729065721969,13.331065,3.491172,0.434639,9.833567,0.000000,141
9224,85729079053034,13.336407,0.709101,0.477779,12.621590,0.000000,141
9225,85729092389441,13.332702,0.925691,0.478866,12.400136,0.000000,141
9226,85729105722143,13.333308,0.819241,0.537225,12.507919,0.000000,141
9227,85729119055451,13.333220,2.935032,0.478354,10.392383,0.000000,141
9228,85729132388671,13.332755,0.839802,0.521617,12.486682,0.000000,141
9229,85729145721426,13.333067,0.799067,0.538333,12.527976,0.000000,141
9230,85729159054493,13.335564,0.724090,0.603853,12.605279,0.000000,141
9231,85729172390057,13.331794,3.566701,0.451124,9.757894,0.000000,141
9232,85729185721851,13.333424,0.899339,0.456083,12.427795,0.000000,141
9233,85729199055275,13.335397,0.753271,0.525208,12.575810,0.000000,141
9234,85729212390672,13.333297,0.937141,0.468646,12.389528,0.000000,141
9235,85729225723969,13.330655,1.048294,0.464640,12.275823,0.000000,141
9236,85729239054624,13.334124,0.736287,0.490848,12.591928,0.000000,141
9237,85729252388748,13.334808,0.840788,0.770007,12.488178,0.000000,141
9238,85729265723556,13.331257,0.878817,0.520904,12.446410,0.000000,141
9239,85729279054813,13.333098,3.427233,0.472387,9.900396,0.000000,141
9240,85729292387911,13.335106,0.765801,0.491647,12.563133,0.000000,141
9241,85729305723017,13.333557,0.883296,0.473960,12.444352,0.000000,141
9242,85729319056574,13.333798,0.757255,0.577545,12.570193,0.000000,141
9243,85729332390372,13.333535,1.036941,0.499699,12.290307,0.000000,141
9244,85729345723907,13.333269,0.849779,0.492352,12.477387,0.000000,141
9245,85729359057176,13.332313,0.733710,0.471540,12.593201,0.000000,141
9246,85729372389489,13.333492,0.825223,0.612820,12.502625,0.000000,141
9247,85729385722981,13.333134,3.662035,0.479083,9.664694,0.000000,141
9248,85729399056115,13.332934,0.756610,0.506138,12.569983,0.000000,141
9249,85729412389049,13.335259,0.981218,0.476546,12.347537,0.000000,141
9250,85729425724308,13.333953,0.953557,0.497890,12.373457,0.000000,141
9251,85729439058261,13.332495,1.103729,0.356838,12.222397,0.000000,141
9252,85729452390756,13.335587,0.917282,0.342685,12.410685,0.000000,141
9253,85729465726343,13.328999,1.007020,0.483442,12.315230,0.000000,141
9254,85729479055342,13.333476,0.759972,0.608207,12.568280,0.000000,141
9255,85729492388818,13.335380,3.364925,0.486694,9.964251,0.000000,141
9256,85729505724198,13.333219,0.832938,0.481037,12.493550,0.000000,141
9257,85729519057417,13.332004,0.760665,0.468493,12.565110,0.000000,141
9258,85729532389421,13.335073,0.811711,0.481628,12.517488,0.000000,141
9259,85729545724494,13.332328,1.041806,0.493319,12.284037,0.000000,141
9260,85729559056822,13.333131,0.738349,0.930336,12.587902,0.000000,141
9261,85729572389953,13.334250,0.781845,0.523607,12.546648,0.000000,141
9262,85729585724203,13.334022,0.839754,0.362571,12.487692,0.000000,141
9263,85729599058225,13.332116,3.359905,0.476650,9.965261,0.000000,141
9264,85729612390341,13.333039,0.820502,0.517095,12.507540,0.000000,141
9265,85729625723380,13.333910,0.829179,0.350076,12.498249,0.000000,141
9266,85729639057290,13.333300,0.752286,0.550583,12.574821,0.000000,141
9267,85729652390590,13.332587,0.989482,0.481871,12.337768,0.000000,141
9268,85729665723177,13.334678,0.783414,0.416915,12.545276,0.000000,141
9269,85729679057855,13.333475,0.761030,0.458054,12.566773,0.000000,141
9270,85729692391330,13.335298,0.829514,0.557222,12.499446,0.000000,141
9271,85729705726628,13.332601,3.284158,0.450318,10.041293,0.000000,141
9272,85729719059229,13.333837,0.927801,0.509798,12.398700,0.000000,141
9273,85729732393066,13.331689,0.922376,0.479186,12.402268,0.000000,141
9274,85729745724755,13.336105,0.900833,0.479795,12.428005,0.000000,141
9275,85729759060860,13.330518,1.092372,0.390072,12.230960,0.000000,141
9276,85729772391378,13.334688,1.045104,0.456336,12.283510,0.000000,141
9277,85729785726066,13.335426,0.941938,0.443408,12.385619,0.000000,141
9278,85729799061492,13.329941,0.908744,0.583511,12.414117,0.000000,141
9279,85729812391433,13.333143,3.747676,0.456082,9.579714,0.000000,141
9280,85729825724576,13.335894,0.966776,0.504836,12.363084,0.000000,141
9281,85729839060470,13.334165,0.915062,0.504938,12.411019,0.000000,141
9282,85729852394635,13.331605,0.949697,0.476962,12.375043,0.000000,141
9283,85729865726240,13.333011,1.340472,0.451194,11.984956,0.000000,141
9284,85729879059251,13.333671,0.825168,0.468923,12.501709,0.000000,141
9285,85729892392922,13.334489,0.919508,0.446392,12.407338,0.000000,141
9286,85729905727411,13.334784,0.950131,0.609979,12.377467,0.000000,141
9287,85729919062195,13.329872,3.886046,0.456277,9.437338,0.000000,141
9288,85729932392067,13.335227,0.919752,0.490640,12.409583,0.000000,141
9289,85729945727294,13.335536,0.958022,0.459879,12.370608,0.000000,141
9290,85729959062830,13.332096,0.951308,0.462319,12.370610,0.000000,141
9291,85729972394926,13.330101,1.242668,0.456951,12.080510,0.000000,141
9292,85729985725027,13.334655,0.872495,0.353383,12.456570,0.000000,141
9293,85729999059682,13.336555,0.909859,0.458828,12.418751,0.000000,141
9294,85730012396237,13.331627,1.011595,0.517853,12.312504,0.000000,141
9295,85730025727864,13.332917,3.574440,0.356613,9.752377,0.000000,141
9296,85730039060781,13.334434,0.868952,0.311827,12.458842,0.000000,141
9297,85730052395215,13.332106,0.947594,0.490536,12.378325,0.000000,141
9298,85730065727321,13.332479,0.987573,0.501401,12.338997,0.000000,141
9299,85730079059800,13.336171,1.134337,0.560454,12.195716,0.000000,141
9300,85730092395971,13.332833,1.008995,0.525570,12.316220,0.000000,141
9301,85730105728804,13.332357,0.973244,0.486603,12.351513,0.000000,141
9302,85730119061161,13.335435,0.863420,0.526540,12.465286,0.000000,141
9303,85730132396596,13.331756,3.889745,0.482670,9.434814,0.000000,141
9304,85730145728352,13.334367,1.009375,0.508299,12.318107,0.000000,141
9305,85730159062719,13.333963,0.843760,0.523105,12.482858,0.000000,141
9306,85730172396682,13.331910,1.014219,0.467754,12.310284,0.000000,141
9307,85730185728592,13.333351,1.071347,0.464135,12.255719,0.000000,141
9308,85730199061943,13.336596,0.806939,0.487867,12.522570,0.000000,141
9309,85730212398539,13.331683,0.897251,0.488428,12.426386,0.000000,141
9310,85730225730222,13.329878,0.857814,0.562641,12.466050,0.000000,141
9311,85730239060100,13.334154,3.119749,0.505737,10.208145,0.000000,141
9312,85730252394254,13.334728,0.871976,0.477519,12.456580,0.000000,141
9313,85730265728982,13.331507,0.848631,0.532052,12.476294,0.000000,141
9314,85730279060489,13.333768,0.766922,0.509812,12.560286,0.000000,141
9315,85730292394257,13.333427,1.022291,0.384848,12.305070,0.000000,141
9316,85730305727684,13.333171,0.828336,0.333588,12.498838,0.000000,141
9317,85730319060855,13.334562,0.737084,0.342992,12.590977,0.000000,141
9318,85730332395417,13.333603,0.817693,0.428753,12.508923,0.000000,141
9319,85730345729020,13.332949,3.228457,0.452668,10.097806,0.000000,141
9320,85730359061969,13.333429,0.737182,0.497993,12.590181,0.000000,141
9321,85730372395398,13.333122,0.851246,0.492370,12.474207,0.000000,141
9322,85730385728520,13.334343,0.875241,0.346596,12.453249,0.000000,141
9323,85730399062863,13.332735,1.088256,0.371330,12.237166,0.000000,141
9324,85730412395598,13.336114,0.942453,0.363721,12.386649,0.000000,141
9325,85730425731712,13.331528,1.097180,0.332353,12.226990,0.000000,141
9326,85730439063240,13.332775,0.872975,0.459822,12.452306,0.000000,141
9327,85730452396015,13.336115,3.413490,0.335825,9.914418,0.000000,141
9328,85730465732130,13.330465,1.098868,0.445517,12.224479,0.000000,141
9329,85730479062595,13.333320,0.840306,0.455107,12.485927,0.000000,141
9330,85730492395915,13.335687,0.936427,0.474961,12.391532,0.000000,141
9331,85730505731602,13.332208,1.208258,0.459529,12.115907,0.000000,141
9332,85730519063810,13.332166,0.857797,0.483575,12.468061,0.000000,141
9333,85730532395976,13.336439,0.906626,0.473145,12.422845,0.000000,141
9334,85730545732415,13.331832,0.977072,0.462161,12.346994,0.000000,141
9335,85730559064247,13.333219,3.575113,0.485538,9.750768,0.000000,141
9336,85730572397466,13.333783,0.922958,0.307254,12.404406,0.000000,141
9337,85730585731249,13.334151,1.071224,0.356206,12.255597,0.000000,142
9338,85730599065400,13.332358,0.913075,0.451827,12.412188,0.000000,142
9339,85730612397758,13.333899,1.205855,0.530815,12.121175,0.000000,142
9340,85730625731657,13.333576,1.045786,0.363315,12.280545,0.000000,142
9341,85730639065233,13.332224,0.903443,0.452725,12.422420,0.000000,142
9342,85730652397457,13.332791,0.839725,0.492695,12.487774,0.000000,142
9343,85730665730248,13.335184,3.220744,0.504722,10.108174,0.000000,142
9344,85730679065432,13.331925,1.217604,0.470311,12.107952,0.000000,142
9345,85730692397357,13.332334,0.836942,0.439410,12.489301,0.000000,142
9346,85730705729691,13.336485,0.882170,0.499530,12.448004,0.000000,142
9347,85730719066176,13.330121,1.016690,0.522657,12.306747,0.000000,142
9348,85730732396297,13.334370,1.123866,0.472084,12.205029,0.000000,142
9349,85730745730667,13.335555,1.265396,0.483239,12.064473,0.000000,142
9350,85730759066222,13.331707,0.800790,0.524486,12.523963,0.000000,142
9351,85730772397929,13.332048,3.608526,0.460529,9.717426,0.000000,142
9352,85730785729977,13.333491,1.109988,0.496135,12.218586,0.000000,142
9353,85730799063468,13.333536,0.743886,0.501810,12.583855,0.000000,142
9354,85730812397004,13.334483,1.078752,0.500458,12.250164,0.000000,142
9355,85730825731487,13.333017,1.335618,0.482223,11.991261,0.000000,142
9356,85730839064504,13.332411,0.774151,0.492850,12.551900,0.000000,142
9357,85730852396915,13.334223,0.983513,0.438559,12.345292,0.000000,142
9358,85730865731138,13.337970,1.095278,0.552187,12.235753,0.000000,142
9359,85730879069108,13.333822,3.259839,0.510363,10.064662,0.000000,142
9360,85730892402930,13.330007,1.487167,0.512359,11.833990,0.000000,142
9361,85730905732937,13.333372,1.208566,0.503529,12.116861,0.000000,142
9362,85730919066309,13.337532,0.858064,0.523891,12.470070,0.000000,142
9363,85730932403841,13.329892,1.584825,0.489299,11.736418,0.000000,142
9364,85730945733733,13.330810,1.265138,0.475826,12.058839,0.000000,142
9365,85730959064543,13.333143,1.129330,0.471471,12.197873,0.000000,142
9366,85730972397686,13.333548,0.781619,0.510194,12.546391,0.000000,142
9367,85730985731234,13.336476,3.223786,0.452432,10.106710,0.000000,142
9368,85730999067710,13.331672,0.782656,0.467328,12.542834,0.000000,142
9369,85731012399382,13.333220,0.894128,0.481557,12.433275,0.000000,142
9370,85731025732602,13.333962,0.808447,0.478374,12.519325,0.000000,142
9371,85731039066564,13.331961,0.939434,0.451398,12.386732,0.000000,142
9372,85731052398525,13.334324,0.804392,0.443185,12.524139,0.000000,142
9373,85731065732849,13.333406,0.773090,0.471182,12.554513,0.000000,142
9374,85731079066255,13.333139,0.719295,0.513774,12.607321,0.000000,142
9375,85731092399394,13.339312,3.242910,0.359067,10.088043,0.000000,142
9376,85731105738706,13.328008,0.956579,0.459209,12.362170,0.000000,142
9377,85731119066714,13.332510,0.757334,0.518251,12.568106,0.000000,142
9378,85731132399224,13.333110,0.786232,0.469642,12.540634,0.000000,142
9379,85731145732334,13.333088,0.972770,0.467623,12.354355,0.000000,142
9380,85731159065422,13.334035,0.712468,0.480644,12.615969,0.000000,142
9381,85731172399457,13.333266,0.822014,0.460331,12.505057,0.000000,142
9382,85731185732723,13.335316,0.778712,0.510666,12.550969,0.000000,142
9383,85731199068039,13.337120,3.207158,0.550009,10.120497,0.000000,142
9384,85731212405159,13.329312,0.922458,0.497494,12.398095,0.000000,142
9385,85731225734471,13.331830,0.838385,0.462591,12.487141,0.000000,142
9386,85731239066301,13.334626,0.749603,0.549156,12.578925,0.000000,142
9387,85731252400927,13.331632,0.996710,0.479915,12.329002,0.000000,142
9388,85731265732559,13.334079,0.805618,0.458744,12.522449,0.000000,142
9389,85731279066638,13.333903,0.741390,0.482627,12.585659,0.000000,142
9390,85731292400541,13.333192,0.827378,0.505131,12.499174,0.000000,142
9391,85731305733733,13.337096,3.235865,0.443977,10.092187,0.000000,142
9392,85731319070829,13.332727,0.841010,0.519700,12.484516,0.000000,142
9393,85731332403556,13.330569,0.913264,0.452548,12.410387,0.000000,142
9394,85731345734125,13.333769,0.829175,0.472613,12.498090,0.000000,142
9395,85731359067894,13.333873,0.970803,0.411101,12.356647,0.000000,142
9396,85731372401767,13.332252,0.847463,0.446898,12.478392,0.000000,142
9397,85731385734019,13.332274,0.926844,0.456196,12.399229,0.000000,142
9398,85731399066293,13.335262,0.744721,0.492888,12.584580,0.000000,142
9399,85731412401555,13.334747,3.218694,0.470402,10.108534,0.000000,142
9400,85731425736302,13.330973,0.854688,0.463925,12.469759,0.000000,142
9401,85731439067275,13.333281,0.756490,0.474791,12.570259,0.000000,142
9402,85731452400556,13.336090,0.892788,0.479205,12.436252,0.000000,142
9403,85731465736646,13.335080,1.212332,0.505701,12.114621,0.000000,142
9404,85731479071726,13.329400,0.910011,0.464810,12.412100,0.000000,142
9405,85731492401126,13.335039,0.947675,0.466100,12.380329,0.000000,142
9406,85731505736165,13.331690,0.940092,0.588922,12.384557,0.000000,142
9407,85731519067855,13.332879,3.140536,0.451409,10.186590,0.000000,142
9408,85731532400734,13.334341,0.775257,0.426326,12.553241,0.000000,142
9409,85731545735075,13.333122,0.815696,0.458843,12.511275,0.000000,142
9410,85731559068197,13.332272,0.734452,0.482040,12.592617,0.000000,142
9411,85731572400469,13.341071,1.004690,0.476709,12.328503,0.000000,142
9412,85731585741540,13.327360,0.994740,0.566362,12.324665,0.000000,142
9413,85731599068900,13.333749,0.802361,0.559044,12.525389,0.000000,142
9414,85731612402649,13.334714,0.823261,0.454074,12.505483,0.000000,142
9415,85731625737363,13.332426,3.574436,0.458005,9.750871,0.000000,142
9416,85731639069789,13.336613,0.859949,0.475748,12.468061,0.000000,142
9417,85731652406402,13.329419,1.038413,0.456106,12.282858,0.000000,142
9418,85731665735821,13.334226,0.918413,0.495220,12.408931,0.000000,142
9419,85731679070047,13.334582,1.131490,0.352000,12.196500,0.000000,142
9420,85731692404629,13.331295,0.920696,0.519744,12.402630,0.000000,142
9421,85731705735924,13.337240,1.076357,0.475833,12.251433,0.000000,142
9422,85731719073164,13.329844,0.959265,0.633008,12.364176,0.000000,142
9423,85731732403008,13.337711,3.233861,0.364906,10.095674,0.000000,142
9424,85731745740719,13.331882,1.012866,0.428993,12.310840,0.000000,142
9425,85731759072601,13.332462,0.982347,0.353164,12.342032,0.000000,142
9426,85731772405063,13.333574,0.870731,0.574835,12.454720,0.000000,142
9427,85731785738637,13.330091,6.962993,0.464969,6.359693,0.000000,142
9428,85731799068728,13.335103,0.843641,0.466448,12.485638,0.000000,142
9429,85731812403831,13.338372,0.876848,0.363162,12.452262,0.000000,142
9430,85731825742203,13.330224,0.961676,0.522070,12.359212,0.000000,142
9431,85731839072427,13.331076,3.244379,0.465487,10.078609,0.000000,142
9432,85731852403503,13.341398,0.820270,0.479864,12.511083,0.000000,143
9433,85731865744901,13.325968,0.978369,0.343149,12.339098,0.000000,143
9434,85731879070869,13.343372,0.794175,0.494089,12.537964,0.000000,143
9435,85731892414241,13.325058,1.740550,0.469924,11.574462,0.000000,143
9436,85731905739299,13.334931,0.978408,0.480870,12.348548,0.000000,143
9437,85731919074230,13.331661,1.037444,0.530368,12.285900,0.000000,143
9438,85731932405891,13.332882,0.956067,0.500165,12.368838,0.000000,143
9439,85731945738773,13.330602,3.814242,0.481844,9.508939,0.000000,143
9440,85731959069375,13.338779,0.940858,0.484639,12.389939,0.000000,143
9441,85731972408154,13.341209,1.098289,0.446816,12.230504,0.000000,143
9442,85731985749363,13.323773,1.067568,0.412417,12.247253,0.000000,143
9443,85731999073136,13.332435,1.143076,0.377954,12.181093,0.000000,143
9444,85732012405571,13.333864,0.917598,0.351767,12.408768,0.000000,143
9445,85732025739435,13.334340,0.866718,0.494475,12.460602,0.000000,143
9446,85732039073775,13.334702,1.062751,0.403257,12.263159,0.000000,143
9447,85732052408477,13.330583,3.397572,0.364091,9.925223,0.000000,143
9448,85732065739060,13.335728,0.919113,0.288614,12.409754,0.000000,143
9449,85732079074788,13.337562,0.922135,0.453969,12.403435,0.000000,143
9450,85732092412350,13.328082,1.040851,0.399223,12.278043,0.000000,143
9451,85732105740432,13.334130,1.087604,0.302303,12.238409,0.000000,143
9452,85732119074562,13.334739,0.924433,0.477753,12.401460,0.000000,143
9453,85732132409301,13.328863,0.985447,0.364750,12.334612,0.000000,143
9454,85732145738164,13.341301,0.877647,0.421467,12.453874,0.000000,143
9455,85732159079465,13.326466,3.204226,0.349883,10.114739,0.000000,143
9456,85732172405931,13.334312,0.844749,0.357389,12.482280,0.000000,143
9457,85732185740243,13.335880,0.887018,0.517959,12.440844,0.000000,143
9458,85732199076123,13.331373,0.967079,0.416470,12.355537,0.000000,143
9459,85732212407496,13.342565,1.106379,0.484353,12.225202,0.000000,143
9460,85732225750061,13.323508,0.891610,0.480002,12.421768,0.000000,143
9461,85732239073569,13.333589,0.963199,0.469224,12.361297,0.000000,143
9462,85732252407158,13.337567,0.868520,0.445106,12.459790,0.000000,143
9463,85732265744725,13.334678,3.405179,0.382852,9.916756,0.000000,143
9464,85732279079403,13.328041,1.029798,0.473559,12.288198,0.000000,143
9465,85732292407444,13.333281,1.014394,0.566507,12.310816,0.000000,143
9466,85732305740725,13.335216,1.326440,0.525406,11.999370,0.000000,143
9467,85732319075941,13.331455,1.342762,0.381408,11.981637,0.000000,143
9468,85732332407396,13.334216,1.015959,0.382963,12.310421,0.000000,143
9469,85732345741612,13.331216,1.100730,0.355125,12.223281,0.000000,143
9470,85732359072828,13.334500,0.775292,0.489829,12.552305,0.000000,143
9471,85732372407328,13.334586,3.419476,0.534238,9.906909,0.000000,143
9472,85732385741914,13.331751,1.272971,0.404924,12.052083,0.000000,143
9473,85732399073665,13.332756,0.875468,0.553046,12.450247,0.000000,143
9474,85732412406421,13.336313,1.021389,0.466887,12.307743,0.000000,143
9475,85732425742734,13.330956,1.304731,0.482317,12.018460,0.000000,143
9476,85732439073690,13.334721,0.850843,0.423724,12.475997,0.000000,143
9477,85732452408411,13.334698,1.295722,0.563401,12.030430,0.000000,143
9478,85732465743109,13.336620,1.225620,0.404778,12.100110,0.000000,143
9479,85732479079729,13.332586,3.756698,0.492016,9.566637,0.000000,143
9480,85732492412315,13.328160,1.753499,0.496932,11.564876,0.000000,143
9481,85732505740475,13.334919,1.065437,0.455778,12.262925,0.000000,143
9482,85732519075394,13.334307,0.800328,0.528808,12.526429,0.000000,143
9483,85732532409701,13.333154,1.180102,0.412887,12.144680,0.000000,143
9484,85732545742855,13.334515,0.976540,0.480640,12.350292,0.000000,143
9485,85732559077370,13.333762,0.906158,0.383443,12.418920,0.000000,143
9486,85732572411132,13.329978,1.088748,0.503056,12.233367,0.000000,143
9487,85732585741110,13.335079,3.405525,0.383323,9.923093,0.000000,143
9488,85732599076189,13.339470,0.873015,0.381444,12.459182,0.000000,143
9489,85732612415659,13.328823,1.084374,0.548241,12.235593,0.000000,143
9490,85732625744482,13.331600,1.167006,0.571621,12.155557,0.000000,143
9491,85732639076082,13.341015,1.264304,0.500801,12.066366,0.000000,143
9492,85732652417097,13.325233,0.897996,0.512546,12.420002,0.000000,143
9493,85732665742330,13.334517,0.971044,0.433438,12.355151,0.000000,143
9494,85732679076847,13.331993,0.935140,0.455746,12.389437,0.000000,143
9495,85732692408840,13.337172,3.273867,0.559414,10.055241,0.000000,143
9496,85732705746012,13.328775,0.967947,0.482297,12.353193,0.000000,143
9497,85732719074787,13.333825,0.819254,0.577273,12.508914,0.000000,143
9498,85732732408612,13.338350,1.001421,0.505309,12.327100,0.000000,143
9499,85732745746962,13.330652,1.108010,0.506748,12.214501,0.000000,143
9500,85732759077614,13.331345,0.899838,0.542698,12.423954,0.000000,143
9501,85732772408959,13.334841,0.915863,0.536386,12.411082,0.000000,143
9502,85732785743800,13.333126,0.933160,0.520404,12.392026,0.000000,143
9503,85732799076926,13.331854,3.172597,0.472160,10.151896,0.000000,143
9504,85732812408780,13.333273,1.100482,0.462394,12.226308,0.000000,143
9505,85732825742053,13.333095,0.909487,0.404449,12.417121,0.000000,143
9506,85732839075148,13.335204,0.852945,0.478058,12.475636,0.000000,143
9507,85732852410352,13.331985,1.087877,0.417377,12.237035,0.000000,143
9508,85732865742337,13.337460,0.839461,0.360895,12.489429,0.000000,143
9509,85732879079797,13.342738,0.890198,0.413775,12.440782,0.000000,143
9510,85732892422535,13.329229,1.027844,0.383141,12.290423,0.000000,143
9511,85732905751764,13.328929,4.167144,0.406816,9.152909,0.000000,143
9512,85732919080693,13.329194,1.040931,0.347794,12.280859,0.000000,143
9513,85732932409887,13.332009,1.015131,0.376002,12.310572,0.000000,143
9514,85732945741896,13.335034,1.006363,0.352020,12.321517,0.000000,143
9515,85732959076930,13.331807,1.118389,0.439427,12.207488,0.000000,143
9516,85732972408737,13.333910,0.981257,0.478116,12.346147,0.000000,143
9517,85732985742647,13.336103,1.068359,0.403888,12.260816,0.000000,143
9518,85732999078750,13.332809,0.822250,0.392493,12.503109,0.000000,143
9519,85733012411559,13.333406,3.387187,0.338315,9.939388,0.000000,143
9520,85733025744965,13.341213,0.930108,0.497580,12.403173,0.000000,143
9521,85733039086178,13.477697,2.046581,0.511625,11.416156,0.000000,143
9522,85733052563875,13.464577,2.387891,0.479249,11.045796,0.000000,143
9523,85733066028452,13.308142,2.052250,0.548246,11.231806,0.000000,143
9524,85733079336594,13.335339,0.991727,0.464211,12.335012,0.000000,143
9525,85733092671933,13.330292,0.905222,0.551069,12.417172,0.000000,143
9526,85733106002225,13.336543,0.982139,0.518203,12.348566,0.000000,143
9527,85733119338768,13.332327,3.213254,0.382889,10.111645,0.000000,143
9528,85733132671095,13.331170,1.045736,0.467712,12.278591,0.000000,143
9529,85733146002265,13.334302,0.961929,0.484035,12.361785,0.000000,143
9530,85733159336567,13.333418,0.874150,0.492476,12.452618,0.000000,143
9531,85733172669985,13.333849,1.478676,0.531443,11.847971,0.000000,143
9532,85733186003834,13.343079,1.054830,0.511572,12.276669,0.000000,143
9533,85733199346913,13.325090,0.891780,0.526222,12.422856,0.000000,143
9534,85733212672003,13.333322,0.903436,0.525775,12.422252,0.000000,143
9535,85733226005325,13.340967,3.451534,0.489399,9.878235,0.000000,143
9536,85733239346292,13.325883,0.873043,0.485079,12.443866,0.000000,143
9537,85733252672175,13.331459,0.925107,0.567204,12.400203,0.000000,143
9538,85733266003634,13.333923,1.110257,0.555572,12.216935,0.000000,143
9539,85733279337557,13.334522,1.107953,0.493641,12.219035,0.000000,143
9540,85733292672079,13.334712,1.018948,0.423450,12.308529,0.000000,143
9541,85733306006791,13.366550,0.983582,0.420652,12.374975,0.000000,143
9542,85733319373341,13.332666,0.868847,0.408250,12.455298,0.000000,143
9543,85733332706007,13.334179,3.663368,0.385859,9.662387,0.000000,143
9544,85733346040186,13.330757,1.105720,0.359208,12.215992,0.000000,143
9545,85733359370943,13.345744,0.908535,0.394503,12.423172,0.000000,143
9546,85733372716687,13.320099,1.035063,0.353580,12.274569,0.000000,143
9547,85733386036786,13.334720,1.231441,0.422015,12.095750,0.000000,143
9548,85733399371506,13.333983,1.018593,1.336279,12.307685,0.000000,143
9549,85733412705489,13.331509,0.922735,0.853667,12.401558,0.000000,143
9550,85733426036998,13.337018,0.893076,0.703291,12.435801,0.000000,143
9551,85733439374016,13.335432,3.297931,0.837504,10.028173,0.000000,143
9552,85733452709448,13.332796,1.114416,0.791979,12.209143,0.000000,143
9553,85733466042244,13.343476,1.029467,0.851228,12.300911,0.000000,143
9554,85733479385720,13.323171,0.926559,0.509189,12.384982,0.000000,143
9555,85733492708891,13.329291,1.232502,0.409801,12.088081,0.000000,143
9556,85733506038182,13.333576,1.180575,0.471272,12.145923,0.000000,143
9557,85733519371758,13.333897,1.004566,0.372696,12.322080,0.000000,143
9558,85733532705655,13.335741,1.027912,0.472351,12.299741,0.000000,143
9559,85733546041396,13.329534,3.362931,0.376136,9.958983,0.000000,143
9560,85733559370930,13.332785,0.852301,0.501490,12.474415,0.000000,143
9561,85733572703715,13.334744,0.908095,0.526348,12.419558,0.000000,143
9562,85733586038459,13.336398,1.010982,0.537173,12.317011,0.000000,143
9563,85733599374857,13.332635,1.301144,0.564062,12.022297,0.000000,143
9564,85733612707492,13.333692,1.080244,0.391327,12.245026,0.000000,143
9565,85733626041184,13.330978,1.037411,0.406531,12.285766,0.000000,143
9566,85733639372162,13.332135,0.845906,0.402653,12.480430,0.000000,143
9567,85733652704297,13.335144,3.452727,0.414179,9.874320,0.000000,143
9568,85733666039441,13.332376,1.091916,0.465025,12.233630,0.000000,143
9569,85733679371817,13.336955,0.994314,0.589314,12.333204,0.000000,143
9570,85733692708772,13.332716,1.047466,0.496546,12.277018,0.000000,143
9571,85733706041488,13.333267,1.311893,0.527231,12.013357,0.000000,143
9572,85733719374755,13.332219,0.925824,0.418239,12.396279,0.000000,143
9573,85733732706974,13.334296,0.970158,0.524246,12.356994,0.000000,143
9574,85733746041270,13.332263,1.091621,0.473583,12.232805,0.000000,143
9575,85733759373533,13.333062,3.399740,0.563039,9.926131,0.000000,143
9576,85733772706595,13.335985,0.994128,0.452041,12.334679,0.000000,143
9577,85733786042580,13.331412,1.026353,0.584400,12.297544,0.000000,143
9578,85733799373992,13.331666,0.921254,0.356396,12.402607,0.000000,143
9579,85733812705658,13.335077,1.292895,0.474009,12.035371,0.000000,143
9580,85733826040735,13.336070,1.055228,0.448185,12.270560,0.000000,143
9581,85733839376805,13.328675,1.137528,0.426863,12.181996,0.000000,143
9582,85733852705480,13.336306,1.021051,0.584005,12.308127,0.000000,143
9583,85733866041786,13.333986,3.454230,0.470850,9.870938,0.000000,143
9584,85733879375772,13.333903,1.263471,0.629748,12.060970,0.000000,144
9585,85733892709675,13.329532,1.113797,0.967877,12.207448,0.000000,144
9586,85733906039207,13.338242,1.152145,0.632893,12.178826,0.000000,144
9587,85733919377449,13.349344,1.774638,0.601208,11.566776,0.000000,144
9588,85733932726793,13.345733,1.326208,0.594886,12.011914,0.000000,144
9589,85733946072526,13.351645,1.022810,0.545391,12.322042,0.000000,144
9590,85733959424171,13.368597,0.961452,0.832255,12.398190,0.000000,144
9591,85733972792768,13.327935,3.789807,1.086805,9.529793,0.000000,144
9592,85733986120703,13.339450,1.379594,0.991034,11.951715,0.000000,144
9593,85733999460153,13.330485,0.941025,1.007524,12.378752,0.000000,144
9594,85734012790638,13.349766,1.083338,0.784183,12.250803,0.000000,144
9595,85734026140404,13.316152,1.415124,0.834601,11.886713,0.000000,144
9596,85734039456556,13.342284,0.925400,0.885749,12.408496,0.000000,144
9597,85734052798840,13.322789,1.070361,0.963997,12.242863,0.000000,144
9598,85734066121629,13.332703,1.084705,0.838361,12.239313,0.000000,144
9599,85734079454332,13.343064,4.012015,0.885568,9.316961,0.000000,144
9600,85734092797396,13.324953,1.140864,0.942002,12.172135,0.000000,144
9601,85734106122349,13.334104,0.964514,0.844070,12.361372,0.000000,144
9602,85734119456453,13.334477,0.960763,0.926357,12.365746,0.000000,144
9603,85734132790930,13.341582,1.476889,0.816965,11.851773,0.000000,144
9604,85734146132512,13.327044,0.971762,1.133447,12.344637,0.000000,144
9605,85734159459556,13.332638,1.213909,1.023264,12.110057,0.000000,144
9606,85734172792194,13.332967,1.044219,0.579385,12.275012,0.000000,144
9607,85734186125161,13.330571,3.329938,0.501367,9.991794,0.000000,144
9608,85734199455732,13.334722,1.067337,0.469712,12.261117,0.000000,144
9609,85734212790454,13.333022,0.961791,0.550192,12.363759,0.000000,144
9610,85734226123476,13.331930,1.196722,0.565118,12.128286,0.000000,144
9611,85734239455406,13.333485,1.178649,0.522305,12.148439,0.000000,144
9612,85734252788891,13.334139,1.059191,0.596333,12.268098,0.000000,144
9613,85734266123030,13.393626,1.094694,0.579950,12.287549,0.000000,144
9614,85734279516656,13.322609,1.067345,0.524616,12.244651,0.000000,144
9615,85734292839265,13.331032,3.527973,0.472850,9.795105,0.000000,144
9616,85734306170297,13.340810,0.948211,0.352942,12.382059,0.000000,144
9617,85734319511107,13.326989,0.872468,0.438441,12.446572,0.000000,144
9618,85734332838096,13.334924,1.185105,0.498284,12.142639,0.000000,144
9619,85734346173020,13.330868,1.250252,0.507015,12.073920,0.000000,144
9620,85734359503888,13.333575,0.870968,0.457648,12.456478,0.000000,144
9621,85734372837463,13.335855,1.294728,0.465804,12.033499,0.000000,144
9622,85734386173318,13.330779,1.123552,0.508838,12.199341,0.000000,144
9623,85734399504097,13.339767,3.352465,0.517613,9.978015,0.000000,144
9624,85734412843864,13.329612,1.046672,0.481210,12.275867,0.000000,144
9625,85734426173476,13.340999,0.968059,0.514065,12.361591,0.000000,144
9626,85734439514475,13.328254,0.858886,0.361983,12.458521,0.000000,144
9627,85734452842729,13.331087,1.211208,0.478712,12.111634,0.000000,144
9628,85734466173816,13.330787,1.028362,0.505355,12.295614,0.000000,144
9629,85734479504603,13.333849,0.783517,0.597887,12.544113,0.000000,144
9630,85734492838452,13.332545,0.975386,0.422894,12.349761,0.000000,144
9631,85734506170997,13.334580,3.559241,0.316893,9.767775,0.000000,144
9632,85734519505577,13.333142,0.909305,0.407494,12.417456,0.000000,144
9633,85734532838719,13.334206,1.011229,0.491015,12.317014,0.000000,144
9634,85734546172925,13.333668,1.212500,0.366999,12.114053,0.000000,144
9635,85734559506593,13.335193,1.245786,0.492553,12.080791,0.000000,144
9636,85734572841786,13.333034,1.066601,0.568967,12.258609,0.000000,144
9637,85734586174820,13.331034,1.166192,0.572711,12.156431,0.000000,144
9638,85734599505854,13.332953,0.994599,0.441686,12.332254,0.000000,144
9639,85734612838807,13.340892,3.342582,0.500158,9.990753,0.000000,144
9640,85734626179699,13.335225,1.378404,0.517311,11.944696,0.000000,144
9641,85734639514924,13.329357,0.904617,0.361311,12.415498,0.000000,144
9642,85734652844281,13.331209,0.943263,0.493378,12.380421,0.000000,144
9643,85734666175490,13.330875,1.273225,0.503421,12.050373,0.000000,144
9644,85734679506365,13.336069,0.910833,0.536145,12.416946,0.000000,144
9645,85734692842434,13.331252,0.993702,0.529329,12.330172,0.000000,144
9646,85734706173686,13.334170,1.033429,0.538314,12.290974,0.000000,144
9647,85734719507856,13.331147,3.245944,0.408557,10.078607,0.000000,144
9648,85734732839003,13.334770,1.357312,0.461658,11.971545,0.000000,144
9649,85734746173773,13.335711,1.120761,0.505299,12.206560,0.000000,144
9650,85734759509484,13.330247,0.846326,0.530297,12.477353,0.000000,144
9651,85734772839731,13.330874,1.218159,0.536067,12.106679,0.000000,144
9652,85734786170605,13.337158,0.813891,0.499363,12.516708,0.000000,144
9653,85734799507763,13.329818,0.857034,0.489821,12.467493,0.000000,144
9654,85734812837581,13.333457,0.775374,0.487268,12.552592,0.000000,144
9655,85734826171038,13.337369,3.284218,0.528501,10.044574,0.000000,144
9656,85734839508407,13.332631,0.820158,0.485769,12.503547,0.000000,144
9657,85734852841038,13.333366,0.908947,0.490492,12.417298,0.000000,144
9658,85734866174404,13.332588,0.948081,0.491258,12.377803,0.000000,144
9659,85734879506992,13.332587,1.100170,0.487380,12.224658,0.000000,144
9660,85734892839579,13.332376,0.837828,0.511266,12.488167,0.000000,144
9661,85734906171955,13.335546,0.817759,0.414621,12.511926,0.000000,144
9662,85734919507501,13.333134,0.877103,0.508393,12.449092,0.000000,144
9663,85734932840635,13.332452,3.525996,0.748287,9.800739,0.000000,144
9664,85734946173087,13.333372,1.025270,0.427527,12.302486,0.000000,144
9665,85734959506459,13.335518,0.813275,0.490329,12.515773,0.000000,144
9666,85734972841977,13.331683,1.258796,0.545213,12.065542,0.000000,144
9667,85734986173660,13.334668,1.111008,0.669615,12.217263,0.000000,144
9668,85734999508328,13.332988,0.865620,0.497318,12.461344,0.000000,144
9669,85735012841316,13.332813,0.916316,0.594958,12.410465,0.000000,144
9670,85735026174129,13.334210,0.948254,0.561749,12.379064,0.000000,144
9671,85735039508339,13.334619,3.452042,0.558815,9.875320,0.000000,144
9672,85735052842958,13.331382,1.008427,0.518594,12.315834,0.000000,144
9673,85735066174340,13.332905,0.893851,0.548895,12.431549,0.000000,144
9674,85735079507245,13.336055,0.899668,0.495115,12.429992,0.000000,144
9675,85735092843300,13.331237,1.168073,0.520324,12.156328,0.000000,144
9676,85735106174537,13.333652,1.035145,0.448697,12.291708,0.000000,144
9677,85735119508189,13.350946,0.888444,0.461345,12.447738,0.000000,144
9678,85735132859135,13.316254,1.331105,0.669240,11.975739,0.000000,144
9679,85735146175389,13.332058,4.159570,0.475793,9.165421,0.000000,144
9680,85735159507447,13.335912,0.901734,0.493639,12.428131,0.000000,144
9681,85735172843359,13.330923,1.121897,0.543938,12.201991,0.000000,144
9682,85735186174282,13.340319,1.068557,0.423146,12.263640,0.000000,144
9683,85735199514601,13.331352,1.167776,0.368166,12.153577,0.000000,144
9684,85735212845953,13.330902,1.058494,0.517688,12.263732,0.000000,144
9685,85735226176855,13.332466,0.978301,0.502747,12.346935,0.000000,144
9686,85735239509321,13.335035,0.895136,0.405571,12.433783,0.000000,144
9687,85735252844356,13.330381,3.421111,0.415655,9.901437,0.000000,144
9688,85735266174737,13.333855,0.918613,0.470054,12.408690,0.000000,144
9689,85735279508592,13.335588,0.852421,0.372838,12.476319,0.000000,144
9690,85735292844180,13.331448,1.044986,0.511983,12.279892,0.000000,144
9691,85735306175628,13.334647,1.181591,0.481954,12.145880,0.000000,144
9692,85735319510275,13.331386,0.845454,0.488673,12.479877,0.000000,144
9693,85735332841661,13.334617,0.958322,0.504668,12.370090,0.000000,144
9694,85735346176278,13.332118,0.974058,0.518423,12.351681,0.000000,144
9695,85735359508396,13.333784,3.212207,0.531860,10.115444,0.000000,144
9696,85735372842180,13.333609,0.963405,0.385417,12.364561,0.000000,144
9697,85735386175789,13.333420,0.994283,0.602737,12.333025,0.000000,144
9698,85735399509209,13.332561,0.862010,0.480105,12.465244,0.000000,144
9699,85735412841770,13.340718,3.082135,0.520367,10.248459,0.000000,144
9700,85735426182488,13.327105,0.985629,0.412979,12.332509,0.000000,144
9701,85735439509593,13.334277,0.985398,0.472363,12.341703,0.000000,144
9702,85735452843870,13.333060,0.894010,0.409918,12.431357,0.000000,144
9703,85735466176930,13.334365,3.913055,0.296094,9.414196,0.000000,144
9704,85735479511295,13.332284,0.952292,0.528666,12.372941,0.000000,144
9705,85735492843579,13.333999,1.682569,0.499595,11.644188,0.000000,144
9706,85735506177578,13.332634,1.220126,0.525916,12.105877,0.000000,144
9707,85735519510212,13.332424,1.240576,0.474573,12.085956,0.000000,144
9708,85735532842636,13.335558,0.904273,0.542675,12.424630,0.000000,144
9709,85735546178194,13.331063,0.986516,0.509322,12.337232,0.000000,144
9710,85735559509257,13.334715,0.904874,0.508579,12.423985,0.000000,144
9711,85735572843972,13.334452,3.399210,0.538318,9.927850,0.000000,144
9712,85735586178424,13.332516,0.893288,0.542606,12.431616,0.000000,144
9713,85735599510940,13.331935,0.933300,0.536562,12.392854,0.000000,144
9714,85735612842875,13.334723,1.020887,0.468755,12.306742,0.000000,144
9715,85735626177598,13.332261,1.131142,0.666030,12.194715,0.000000,144
9716,85735639509859,13.332544,0.877976,0.483338,12.448504,0.000000,144
9717,85735652842403,13.335305,0.875390,0.371896,12.453608,0.000000,144
9718,85735666177708,13.333610,0.883107,0.870054,12.444347,0.000000,144
9719,85735679511318,13.332456,3.492810,0.624923,9.832844,0.000000,144
9720,85735692843774,13.333265,0.873309,0.642105,12.454190,0.000000,144
9721,85735706177039,13.336244,1.029680,0.539692,12.298582,0.000000,144
9722,85735719513283,13.331120,0.855378,0.582034,12.468771,0.000000,144
9723,85735732844403,13.333314,1.332762,0.525463,11.993773,0.000000,144
9724,85735746177717,13.334673,0.879608,0.411598,12.448169,0.000000,144
9725,85735759512390,13.332194,0.875911,0.667317,12.448236,0.000000,144
9726,85735772844584,13.331095,1.015549,0.513113,12.309710,0.000000,144
9727,85735786175679,13.335100,4.174750,0.540793,9.154532,0.000000,144
9728,85735799510779,13.333887,0.895592,0.511037,12.431325,0.000000,144
9729,85735812844666,13.334497,0.936063,0.401181,12.389938,0.000000,144
9730,85735826179163,13.332680,0.933654,0.390309,12.391945,0.000000,144
9731,85735839511843,13.333380,1.065182,0.474704,12.261908,0.000000,144
9732,85735852845223,13.333287,0.915265,0.498756,12.411665,0.000000,144
9733,85735866178510,13.393172,0.937280,0.458734,12.448602,0.000000,144
9734,85735879571682,13.334929,0.977611,0.446426,12.347271,0.000000,145
9735,85735892906611,13.327673,3.597199,0.507775,9.723539,0.000000,145
9736,85735906234284,13.332990,0.883201,0.498395,12.442202,0.000000,145
9737,85735919567274,13.334383,0.841608,0.473763,12.485960,0.000000,145
9738,85735932901657,13.334040,0.957926,0.505756,12.369215,0.000000,145
9739,85735946235697,13.333578,1.181316,0.369710,12.145337,0.000000,145
9740,85735959569275,13.331747,0.887898,0.398364,12.437313,0.000000,145
9741,85735972901022,13.335006,0.985242,0.816499,12.343119,0.000000,145
9742,85735986236028,13.333328,0.967138,0.542669,12.358277,0.000000,145
9743,85735999569356,13.330653,3.419911,0.470272,9.904927,0.000000,145
9744,85736012900009,13.334404,0.808775,0.481034,12.520523,0.000000,145
9745,85736026234413,13.332456,0.929722,0.590443,12.396597,0.000000,145
9746,85736039566869,13.335257,0.770137,0.913744,12.557186,0.000000,145
9747,85736052902126,13.331634,1.310725,0.484223,12.013186,0.000000,145
9748,85736066233760,13.333738,0.958347,0.494864,12.368483,0.000000,145
9749,85736079567498,13.336617,0.765485,0.505606,12.564299,0.000000,145
9750,85736092904115,13.329923,0.998312,0.456294,12.325036,0.000000,145
9751,85736106234038,13.334190,3.517173,0.499183,9.811011,0.000000,145
9752,85736119568228,13.333268,0.812483,0.491263,12.515018,0.000000,145
9753,85736132901496,13.332591,0.985949,0.422978,12.339979,0.000000,145
9754,85736146234087,13.333966,0.939619,0.452389,12.388984,0.000000,145
9755,85736159568053,13.335969,0.975842,0.798251,12.354029,0.000000,145
9756,85736172904022,13.330396,1.071438,0.639257,12.252724,0.000000,145
9757,85736186234418,13.335248,0.838084,0.590822,12.491597,0.000000,145
9758,85736199569666,13.332882,0.868531,0.855092,12.458094,0.000000,145
9759,85736212902548,13.335307,3.538156,0.889580,9.789437,0.000000,145
9760,85736226237855,13.333044,1.060511,0.879920,12.264435,0.000000,145
9761,85736239570899,13.334043,1.411212,0.471189,11.915862,0.000000,145
9762,85736252904942,13.330540,1.219214,0.808820,12.103223,0.000000,145
9763,85736266235482,13.334323,1.180774,0.702398,12.146985,0.000000,145
9764,85736279569805,13.333921,1.057031,0.711840,12.270515,0.000000,145
9765,85736292903726,13.330410,1.088770,0.510405,12.236382,0.000000,145
9766,85736306234136,13.567042,1.001921,0.732396,12.558079,0.000000,145
9767,85736319801178,13.334731,3.505153,0.526509,9.822455,0.000000,145
9768,85736333135909,13.335142,0.921269,0.743196,12.404672,0.000000,145
9769,85736346471051,13.331306,1.098508,0.492332,12.225202,0.000000,145
9770,85736359802357,13.331015,1.020767,0.830294,12.304495,0.000000,145
9771,85736373133372,13.336440,1.228091,0.612958,12.100026,0.000000,145
9772,85736386469812,13.331321,0.890961,0.421492,12.433285,0.000000,145
9773,85736399801133,13.332789,0.818530,0.442535,12.508124,0.000000,145
9774,85736413133922,13.332893,0.891018,0.454548,12.435617,0.000000,145
9775,85736426466815,13.333681,3.399467,0.519689,9.924967,0.000000,145
9776,85736439800496,13.332799,0.954215,0.666286,12.372952,0.000000,145
9777,85736453133295,13.338224,0.814470,0.360826,12.514250,0.000000,145
9778,85736466471519,13.331559,1.069204,0.521410,12.255330,0.000000,145
9779,85736479803078,13.330946,1.130413,0.480104,12.194188,0.000000,145
9780,85736493134024,13.337642,0.973467,0.541514,12.355428,0.000000,145
9781,85736506471666,13.330357,0.950331,0.440308,12.373281,0.000000,145
9782,85736519802023,13.333096,0.851341,0.555485,12.476081,0.000000,145
9783,85736533135119,13.335471,3.426594,0.523342,9.900505,0.000000,145
9784,85736546470590,13.330271,0.994690,0.528614,12.329670,0.000000,145
9785,85736559800861,13.337952,0.798930,0.441705,12.530853,0.000000,145
9786,85736573138813,13.333694,1.077819,0.445117,12.245728,0.000000,145
9787,85736586472507,13.333022,1.220648,0.577473,12.102945,0.000000,145
9788,85736599805529,13.328473,0.800208,0.355472,12.522546,0.000000,145
9789,85736613134002,13.337321,0.821837,0.506733,12.506947,0.000000,145
9790,85736626471323,13.330250,0.859676,0.649112,12.464887,0.000000,145
9791,85736639801573,13.332280,3.315422,0.498219,10.010810,0.000000,145
9792,85736653133853,13.338971,0.854784,0.396250,12.475034,0.000000,145
9793,85736666472824,13.329065,0.882299,0.483196,12.440427,0.000000,145
9794,85736679801889,13.334465,0.991303,0.456929,12.337194,0.000000,145
9795,85736693136354,13.336993,1.265064,0.567813,12.060399,0.000000,145
9796,85736706473347,13.329596,0.987313,0.462573,12.335662,0.000000,145
9797,85736719802943,13.332281,1.034848,0.483428,12.291374,0.000000,145
9798,85736733135224,13.336097,1.124401,0.495709,12.202119,0.000000,145
9799,85736746471321,13.332924,3.992461,0.449398,9.334094,0.000000,145
9800,85736759804245,13.330922,1.078457,0.465408,12.244945,0.000000,145
9801,85736773135167,13.338905,1.021011,0.496129,12.310917,0.000000,145
9802,85736786474072,13.327740,1.119730,0.487670,12.201227,0.000000,145
9803,85736799801812,13.334667,1.249748,0.507560,12.078637,0.000000,145
9804,85736813136479,13.338696,1.245434,0.522448,12.085704,0.000000,145
9805,85736826475175,13.326736,1.198433,0.497134,12.120840,0.000000,145
9806,85736839801911,13.335349,0.867916,0.512008,12.461126,0.000000,145
9807,85736853137260,13.333010,3.873979,0.457944,9.449094,0.000000,145
9808,85736866470270,13.337872,1.211041,0.518213,12.118894,0.000000,145
9809,85736879808142,13.330021,1.052274,0.513842,12.270413,0.000000,145
9810,85736893138163,13.335681,1.418048,0.500742,11.909623,0.000000,145
9811,85736906473844,13.366213,1.350890,0.491704,12.007173,0.000000,145
9812,85736919840057,13.329321,1.130166,0.491758,12.191544,0.000000,145
9813,85736933169378,13.337621,1.208768,0.489481,12.120735,0.000000,145
9814,85736946506999,13.332111,1.240679,0.571918,12.083101,0.000000,145
9815,85736959839110,13.332667,3.767334,0.365817,9.558137,0.000000,145
9816,85736973171777,13.350368,0.982107,0.481704,12.359654,0.000000,145
9817,85736986522145,13.330312,1.113909,0.510397,12.208847,0.000000,145
9818,85736999852457,13.332466,0.940381,0.501605,12.385139,0.000000,145
9819,85737013184923,13.333185,1.102954,0.497643,12.224235,0.000000,145
9820,85737026518108,13.333590,0.857983,0.551817,12.470096,0.000000,145
9821,85737039851698,13.333183,0.800409,0.516819,12.526131,0.000000,145
9822,85737053184881,13.332995,0.871830,0.578506,12.454850,0.000000,145
9823,85737066517876,13.333226,3.340806,0.501732,9.986781,0.000000,145
9824,85737079851102,13.336052,0.853819,0.541260,12.474890,0.000000,145
9825,85737093187154,13.335889,1.270258,0.476815,12.053091,0.000000,145
9826,85737106523043,13.332090,1.215500,0.505000,12.107476,0.000000,145
9827,85737119855133,13.331259,1.301393,0.483440,12.021298,0.000000,145
9828,85737133186392,13.335309,0.928921,0.476821,12.398689,0.000000,145
9829,85737146521701,13.331855,1.200100,0.586349,12.123072,0.000000,145
9830,85737159853556,13.332984,1.020670,0.613800,12.306362,0.000000,145
9831,85737173186540,13.330313,3.663834,0.485068,9.660077,0.000000,145
9832,85737186516853,13.336239,0.884036,0.555868,12.447223,0.000000,145
9833,85737199853092,13.333734,0.886961,0.492794,12.440475,0.000000,145
9834,85737213186826,13.334205,1.236619,0.462295,12.090482,0.000000,145
9835,85737226521031,13.332344,1.714989,0.489823,11.609891,0.000000,145
9836,85737239853375,13.332882,1.057662,0.445390,12.268784,0.000000,145
9837,85737253186257,13.334602,1.151871,0.531852,12.175869,0.000000,145
9838,85737266520859,13.332655,1.093237,0.491718,12.232691,0.000000,145
9839,85737279853514,13.331667,3.821365,0.431694,9.503988,0.000000,145
9840,85737293185181,13.334554,1.062681,0.482536,12.265783,0.000000,145
9841,85737306519735,13.332976,1.594923,0.424800,11.731095,0.000000,145
9842,85737319852711,13.337770,1.129764,0.460721,12.198350,0.000000,145
9843,85737333190481,13.329706,1.459130,0.485149,11.861271,0.000000,145
9844,85737346520187,13.335189,0.855931,0.486334,12.472045,0.000000,145
9845,85737359855376,13.332850,1.248930,0.969252,12.074756,0.000000,145
9846,85737373188226,13.332648,1.189050,0.545556,12.136353,0.000000,145
9847,85737386520874,13.332040,4.094119,0.488139,9.231469,0.000000,145
9848,85737399852914,13.335223,0.855249,0.517341,12.472486,0.000000,145
9849,85737413188137,13.333153,1.290956,0.487657,12.034858,0.000000,145
9850,85737426521290,13.334716,1.169000,0.500848,12.157121,0.000000,145
9851,85737439856006,13.337908,1.216131,0.474946,12.110742,0.000000,145
9852,85737453193914,13.328202,1.200135,0.560212,12.120027,0.000000,145
9853,85737466522116,13.333980,1.031177,0.486646,12.294323,0.000000,145
9854,85737479856096,13.331738,0.908693,0.531127,12.415159,0.000000,145
9855,85737493187834,13.332934,3.919999,0.479642,9.406890,0.000000,145
9856,85737506520768,13.333509,0.964456,0.515876,12.363502,0.000000,145
9857,85737519854277,13.334317,1.034385,0.506344,12.292801,0.000000,145
9858,85737533188594,13.337742,1.176691,0.513638,12.152484,0.000000,145
9859,85737546526336,13.327221,1.509779,0.453662,11.809500,0.000000,145
9860,85737559853557,13.337271,0.975129,0.527054,12.354156,0.000000,145
9861,85737573190828,13.329176,1.245596,0.445317,12.076603,0.000000,145
9862,85737586520004,13.332747,1.062605,0.418803,12.264625,0.000000,145
9863,85737599852751,13.334529,3.576683,0.510635,9.751601,0.000000,145
9864,85737613187280,13.334947,0.996954,0.536007,12.332025,0.000000,145
9865,85737626522227,13.330766,1.345635,0.519746,11.978780,0.000000,145
9866,85737639852993,13.334803,0.932892,0.466873,12.396655,0.000000,145
9867,85737653187796,13.333417,1.479275,0.511438,11.848387,0.000000,145
9868,85737666521213,13.335528,1.203821,0.489623,12.125439,0.000000,145
9869,85737679856741,13.331442,1.046413,0.551838,12.278491,0.000000,145
9870,85737693188183,13.332835,1.087911,0.526206,12.239361,0.000000,145
9871,85737706521018,13.332340,3.336730,0.520399,9.990638,0.000000,145
9872,85737719853358,13.333689,0.759700,0.535573,12.568909,0.000000,145
9873,85737733187047,13.336134,0.817230,0.479735,12.513854,0.000000,145
9874,85737746523181,13.334386,0.935558,0.567410,12.391780,0.000000,145
9875,85737759857567,13.332897,1.155857,0.549300,12.169519,0.000000,145
9876,85737773190464,13.333343,1.187731,0.612650,12.139489,0.000000,145
9877,85737786523807,13.333385,0.963931,0.538196,12.363073,0.000000,145
9878,85737799857192,13.332973,1.022170,0.605528,12.302467,0.000000,145
9879,85737813190165,13.332382,3.923197,0.340693,9.402686,0.000000,145
9880,85737826522547,13.338835,1.031453,0.452499,12.298504,0.000000,146
9881,85737839861382,13.326589,1.204385,0.633810,12.115176,0.000000,146
9882,85737853187971,13.334081,1.056720,0.525655,12.272311,0.000000,146
9883,85737866522052,13.335339,3.005745,0.513586,10.322375,0.000000,146
9884,85737879857391,13.334468,0.968829,0.365980,12.359017,0.000000,146
9885,85737893191859,13.331702,1.185430,0.424932,12.140524,0.000000,146
9886,85737906523561,13.332795,1.138307,0.515596,12.188418,0.000000,146
9887,85737919856356,13.332710,3.784957,0.519324,9.542393,0.000000,146
9888,85737933189066,13.337472,1.004545,0.474047,12.325794,0.000000,146
9889,85737946526538,13.338425,1.012354,0.517023,12.317681,0.000000,146
9890,85737959864963,13.329616,1.020388,0.622135,12.301059,0.000000,146
9891,85737973194579,13.342787,1.410882,0.557547,11.925782,0.000000,146
9892,85737986537366,13.334365,1.124795,0.598078,12.202671,0.000000,146
9893,85737999871731,13.333210,1.323826,0.516676,12.002536,0.000000,146
9894,85738013204941,13.334711,1.076824,0.587099,12.251425,0.000000,146
9895,85738026539652,13.331470,3.912586,0.355061,9.412734,0.000000,146
9896,85738039871122,13.336375,0.865155,0.391737,12.464249,0.000000,146
9897,85738053207497,13.331171,1.109121,0.574512,12.214682,0.000000,146
9898,85738066538668,13.331973,1.063004,0.487226,12.263309,0.000000,146
9899,85738079870641,13.335992,1.089123,0.583743,12.241266,0.000000,146
9900,85738093206633,13.332626,1.119654,0.527917,12.206226,0.000000,146
9901,85738106539259,13.334026,1.001877,0.462752,12.325951,0.000000,146
9902,85738119873285,13.333056,0.911254,0.657853,12.415380,0.000000,146
9903,85738133206341,13.332634,3.669532,0.454485,9.656015,0.000000,146
9904,85738146538975,13.335226,0.978492,0.473022,12.350425,0.000000,146
9905,85738159874201,13.333678,0.940761,0.527995,12.385529,0.000000,146
9906,85738173207879,13.332398,1.044313,0.556296,12.280892,0.000000,146
9907,85738186540277,13.333773,1.246675,0.570775,12.080733,0.000000,146
9908,85738199874050,13.333403,0.882582,0.492376,12.444420,0.000000,146
9909,85738213207453,13.336238,1.031006,0.578149,12.297472,0.000000,146
9910,85738226543691,13.328790,1.017350,0.645270,12.304577,0.000000,146
9911,85738239872481,13.334095,3.557583,0.493662,9.770598,0.000000,146
9912,85738253206576,13.334429,0.941003,0.494793,12.386883,0.000000,146
9913,85738266541005,13.332150,2.040558,0.469304,11.285485,0.000000,146
9914,85738279873155,13.335683,0.852644,0.544381,12.477053,0.000000,146
9915,85738293208838,13.330519,1.190139,0.530420,12.133907,0.000000,146
9916,85738306539357,13.333260,0.835169,0.490018,12.492419,0.000000,146
9917,85738319872617,13.335378,0.803598,0.487889,12.526052,0.000000,146
9918,85738333207995,13.334559,0.936915,0.615333,12.391185,0.000000,146
9919,85738346542554,13.329828,3.734522,0.516565,9.588475,0.000000,146
9920,85738359872382,13.334580,0.798735,0.553197,12.530185,0.000000,146
9921,85738373206962,13.339101,1.096262,0.395001,12.234531,0.000000,146
9922,85738386546063,13.331285,1.153256,0.356722,12.168743,0.000000,146
9923,85738399877348,13.330256,1.361571,0.550682,11.962507,0.000000,146
9924,85738413207604,13.335109,1.091938,0.520468,12.237246,0.000000,146
9925,85738426542713,13.330165,1.782251,0.480250,11.541911,0.000000,146
9926,85738439872878,13.335411,0.745083,0.380228,12.584759,0.000000,146
9927,85738453208289,13.333544,3.341130,0.511557,9.986736,0.000000,146
9928,85738466541833,13.333248,1.318093,0.521725,12.009018,0.000000,146
9929,85738479875081,13.332928,0.765495,1.096404,12.560915,0.000000,146
9930,85738493208009,13.334334,0.936719,0.558317,12.391489,0.000000,146
9931,85738506542343,13.331863,1.566504,0.496409,11.758727,0.000000,146
9932,85738519874206,13.334399,0.765726,0.478975,12.562567,0.000000,146
9933,85738533208605,13.335783,0.942081,0.488283,12.387214,0.000000,146
9934,85738546544388,13.332713,1.048322,0.590173,12.277421,0.000000,146
9935,85738559877101,13.330501,3.502447,0.364953,9.820901,0.000000,146
9936,85738573207602,13.333792,1.994605,0.538472,11.333494,0.000000,146
9937,85738586541394,13.332376,1.691165,0.428429,11.636222,0.000000,146
9938,85738599873770,13.335745,0.913874,0.365455,12.415785,0.000000,146
9939,85738613209515,13.334111,1.143355,0.501878,12.183895,0.000000,146
9940,85738626543626,13.332163,1.008685,0.485456,12.316806,0.000000,146
9941,85738639875789,13.334318,1.858004,1.427310,11.469452,0.000000,146
9942,85738653210107,13.333739,0.917747,0.407803,12.409709,0.000000,146
9943,85738666543846,13.330628,3.597345,0.461003,9.727475,0.000000,146
9944,85738679874474,13.334979,0.787085,0.379073,12.541379,0.000000,146
9945,85738693209453,13.331667,1.048469,0.368948,12.277706,0.000000,146
9946,85738706541120,13.335197,1.215753,0.474707,12.113742,0.000000,146
9947,85738719876317,13.333556,1.087505,0.663767,12.239365,0.000000,146
9948,85738733209873,13.331999,1.399343,0.478893,11.927060,0.000000,146
9949,85738746541872,13.336280,1.575947,0.568134,11.753775,0.000000,146
9950,85738759878152,13.330592,0.967978,0.400232,12.355785,0.000000,146
9951,85738773208744,13.332563,3.867965,0.527974,9.459202,0.000000,146
9952,85738786541307,13.336619,0.820923,0.565428,12.510443,0.000000,146
9953,85738799877926,13.330003,0.948500,0.490119,12.375440,0.000000,146
9954,85738813207929,13.335707,0.985243,0.541738,12.345541,0.000000,146
9955,85738826543636,13.332915,1.323178,0.521408,12.003888,0.000000,146
9956,85738839876551,13.333988,0.836827,0.460659,12.490930,0.000000,146
9957,85738853210539,13.332970,0.920359,0.498698,12.406680,0.000000,146
9958,85738866543509,13.336336,0.915823,0.464891,12.412689,0.000000,146
9959,85738879879845,13.328633,3.802008,0.491468,9.520135,0.000000,146
9960,85738893208478,13.336624,0.874858,0.503178,12.456330,0.000000,146
9961,85738906545102,13.332628,0.845996,0.470742,12.480513,0.000000,146
9962,85738919877730,13.335693,0.901110,0.502021,12.428302,0.000000,146
9963,85738933213423,13.330370,1.214448,0.519284,12.109053,0.000000,146
9964,85738946543793,13.336778,0.838837,0.475111,12.491815,0.000000,146
9965,85738959880571,13.330297,0.920730,0.488655,12.402618,0.000000,146
9966,85738973210868,13.344431,1.192925,0.560117,12.145455,0.000000,146
9967,85738986555299,13.331752,3.855524,0.448678,9.469920,0.000000,146
9968,85738999887051,13.338406,0.831444,0.484532,12.500407,0.000000,146
9969,85739013225457,13.332076,0.930240,0.416995,12.394726,0.000000,146
9970,85739026557533,13.331922,0.908442,0.481651,12.417916,0.000000,146
9971,85739039889455,13.336877,1.013406,0.520954,12.316613,0.000000,146
9972,85739053226332,13.329954,1.034723,0.370473,12.287299,0.000000,146
9973,85739066556286,13.332998,0.917735,0.359169,12.409397,0.000000,146
9974,85739079889284,13.335790,0.912099,0.374579,12.416833,0.000000,146
9975,85739093225074,13.331773,3.523296,0.315558,9.801928,0.000000,146
9976,85739106556847,13.333640,0.940801,0.464162,12.387046,0.000000,146
9977,85739119890487,13.335137,0.814054,0.516269,12.514908,0.000000,146
9978,85739133225624,13.330911,0.897923,0.496808,12.425591,0.000000,146
9979,85739146556535,13.335261,0.995664,0.537532,12.333076,0.000000,146
9980,85739159891796,13.334351,0.769822,0.416328,12.557429,0.000000,146
9981,85739173226147,13.332614,0.863299,0.499518,12.462398,0.000000,146
9982,85739186558761,13.332340,0.832779,0.916443,12.492542,0.000000,146
9983,85739199891101,13.334229,3.417503,0.777342,9.910057,0.000000,146
9984,85739213225330,13.335446,0.859423,0.534444,12.469507,0.000000,146
9985,85739226560776,13.331539,0.994691,0.473848,12.328580,0.000000,146
9986,85739239892315,13.332371,0.814849,0.532382,12.511411,0.000000,146
9987,85739253224686,13.334895,1.021290,0.499015,12.306989,0.000000,146
9988,85739266559581,13.332072,0.858374,0.494515,12.466435,0.000000,146
9989,85739279891653,13.333203,0.846331,0.493304,12.479407,0.000000,146
9990,85739293224856,13.332735,0.864709,0.505548,12.461940,0.000000,146
9991,85739306557591,13.331128,3.452462,0.419719,9.873807,0.000000,146
9992,85739319888719,13.335785,0.637534,0.468397,12.693785,0.000000,146
9993,85739333224504,13.336485,0.799482,0.505236,12.530020,0.000000,146
9994,85739346560989,13.331156,0.874150,0.404910,12.450289,0.000000,146
9995,85739359892145,13.332148,0.931179,0.471167,12.394565,0.000000,146
9996,85739373224293,13.335137,0.802696,0.487250,12.526509,0.000000,146
9997,85739386559430,13.331115,1.118349,0.480491,12.205436,0.000000,146
9998,85739399890545,13.333289,0.900931,0.625441,12.425561,0.000000,146
9999,85739413223834,13.334973,3.563394,0.451151,9.765087,0.000000,146
10000,85739426558807,13.334499,0.923975,0.352469,12.404727,0.000000,146
10001,85739439893306,13.331023,0.863659,0.472274,12.461396,0.000000,146
10002,85739453224329,13.337340,1.006050,0.435066,12.324353,0.000000,146
10003,85739466561669,13.330423,1.240881,0.485077,12.082051,0.000000,146
10004,85739479892092,13.334143,0.758628,0.438242,12.569826,0.000000,146
10005,85739493226235,13.332489,0.830638,0.395562,12.495608,0.000000,146
10006,85739506558724,13.334693,0.839920,0.645014,12.489119,0.000000,146
10007,85739519893417,13.330472,3.451118,0.479773,9.873250,0.000000,146
10008,85739533223889,13.338317,0.830522,0.485282,12.501296,0.000000,146
10009,85739546562206,13.330122,1.003633,0.474643,12.319526,0.000000,146
10010,85739559892328,13.333031,0.788703,0.489265,12.538737,0.000000,146
10011,85739573225359,13.334961,0.984562,0.411459,12.344407,0.000000,146
10012,85739586560320,13.331180,0.819049,0.445238,12.505378,0.000000,146
10013,85739599891500,13.334946,0.702414,0.358226,12.627522,0.000000,146
10014,85739613226446,13.333783,0.815949,0.525347,12.511671,0.000000,146
10015,85739626560229,13.331951,3.385992,0.483756,9.939646,0.000000,146
10016,85739639892180,13.335288,0.709617,0.460052,12.620143,0.000000,146
10017,85739653227468,13.332383,0.853341,0.483383,12.472776,0.000000,146
10018,85739666559851,13.335063,0.829032,0.487828,12.499371,0.000000,146
10019,85739679894914,13.330325,0.982145,0.413394,12.341369,0.000000,146
10020,85739693225239,13.335003,0.797338,0.463879,12.531597,0.000000,146
10021,85739706560242,13.336120,0.863877,0.565860,12.466283,0.000000,146
10022,85739719896362,13.330531,0.841791,0.460317,12.480961,0.000000,146
10023,85739733226893,13.331464,3.496823,0.457546,9.828723,0.000000,146
10024,85739746558357,13.337073,0.799897,0.489849,12.531518,0.000000,146
10025,85739759895430,13.331917,0.789484,0.463627,12.536052,0.000000,146
10026,85739773227347,13.334560,0.871828,0.501217,12.456515,0.000000,146
10027,85739786561907,13.334752,1.063177,0.503331,12.262674,0.000000,146
10028,85739799896659,13.330307,0.819810,0.503066,12.504058,0.000000,146
10029,85739813226966,13.335139,1.047693,0.484178,12.281499,0.000000,146
10030,85739826562105,13.334307,0.984291,0.534190,12.342155,0.000000,146
10031,85739839896412,13.330585,3.872189,0.365178,9.449994,0.000000,146
10032,85739853226997,13.334877,1.000386,0.486674,12.328335,0.000000,147
10033,85739866561874,13.333258,0.812070,0.502282,12.514489,0.000000,147
10034,85739879895132,13.335671,0.998208,0.488249,12.329522,0.000000,147
10035,85739893230803,13.334008,1.849194,0.529638,11.476198,0.000000,147
10036,85739906564811,13.330737,1.021386,0.490254,12.302097,0.000000,147
10037,85739919895548,13.334262,0.918853,0.515667,12.408379,0.000000,147
10038,85739933229810,13.331873,1.067031,0.662299,12.257575,0.000000,147
10039,85739946561683,13.332119,4.028804,0.497745,9.296755,0.000000,147
10040,85739959893802,13.337539,0.857630,0.481963,12.472963,0.000000,147
10041,85739973231341,13.332984,0.999968,0.385954,12.324943,0.000000,147
10042,85739986564325,13.334584,1.022205,0.488692,12.304868,0.000000,147
10043,85739999898909,13.332181,1.202872,0.502320,12.122133,0.000000,147
10044,85740013231090,13.331858,1.004383,0.490429,12.320403,0.000000,147
10045,85740026562948,13.335263,0.844495,1.057161,12.483640,0.000000,147
10046,85740039898211,13.333250,0.858416,1.106974,12.468297,0.000000,147
10047,85740053231461,13.330428,3.492862,0.698644,9.830568,0.000000,147
10048,85740066561889,13.335042,1.005473,0.522974,12.323671,0.000000,147
10049,85740079896931,13.334438,0.783467,0.971230,12.544564,0.000000,147
10050,85740093231369,13.333302,0.889690,0.680319,12.436071,0.000000,147
10051,85740106564671,13.332283,1.078466,0.461135,12.247627,0.000000,147
10052,85740119896954,13.337257,0.887146,0.589733,12.443848,0.000000,147
10053,85740133234211,13.329478,0.906691,0.440362,12.415908,0.000000,147
10054,85740146563689,13.335885,0.983411,0.590785,12.346078,0.000000,147
10055,85740159899574,13.334304,3.690339,0.477764,9.636992,0.000000,147
10056,85740173233878,13.331138,0.999778,0.490586,12.324091,0.000000,147
10057,85740186565016,13.334497,0.994333,0.496358,12.332301,0.000000,147
10058,85740199899513,13.333752,0.941538,0.487539,12.381382,0.000000,147
10059,85740213233265,13.332970,1.203925,0.530191,12.121133,0.000000,147
10060,85740226566235,13.333669,1.119690,0.567644,12.206344,0.000000,147
10061,85740239899904,13.333061,0.983857,0.492995,12.341213,0.000000,147
10062,85740253232965,13.335664,0.984063,0.545186,12.342560,0.000000,147
10063,85740266568629,13.329824,3.947363,0.457229,9.375372,0.000000,147
10064,85740279898453,13.333649,0.886222,0.474842,12.441503,0.000000,147
10065,85740293232102,13.336928,0.937730,0.625455,12.392310,0.000000,147
10066,85740306569030,13.332335,0.981494,0.905664,12.342465,0.000000,147
10067,85740319901365,13.332049,1.044964,0.466434,12.280076,0.000000,147
10068,85740333233414,13.334273,0.924034,0.477940,12.403420,0.000000,147
10069,85740346567687,13.331090,1.515930,0.726650,11.808511,0.000000,147
10070,85740359898777,13.336276,0.994495,0.572786,12.334987,0.000000,147
10071,85740373235053,13.330377,4.324217,0.502073,8.998587,0.000000,147
10072,85740386565430,13.333406,1.047241,0.506276,12.280606,0.000000,147
10073,85740399898836,13.335022,0.797120,0.476449,12.531627,0.000000,147
10074,85740413233858,13.334089,1.097062,0.582505,12.229928,0.000000,147
10075,85740426567947,13.330076,3.182089,1.070681,10.141015,0.000000,147
10076,85740439898023,13.335875,0.747508,0.703168,12.582809,0.000000,147
10077,85740453233898,13.335117,0.865791,0.797436,12.461099,0.000000,147
10078,85740466569015,13.330408,0.868365,1.115341,12.454464,0.000000,147
10079,85740479899423,13.333198,3.314631,0.828818,10.010993,0.000000,147
10080,85740493232621,13.335665,0.847840,0.822365,12.480252,0.000000,147
10081,85740506568286,13.332843,0.911952,0.795479,12.411163,0.000000,147
10082,85740519901129,13.332293,0.835447,0.561330,12.488662,0.000000,147
10083,85740533233422,13.334057,1.061047,0.394377,12.265475,0.000000,147
10084,85740546567479,13.333791,0.800545,0.455992,12.526973,0.000000,147
10085,85740559901270,13.333967,0.793334,0.507638,12.533565,0.000000,147
10086,85740573235237,13.332812,0.857965,0.657589,12.467299,0.000000,147
10087,85740586568049,13.331578,3.307320,1.295057,10.017309,0.000000,147
10088,85740599899627,13.333804,2.053213,0.545104,11.274490,0.000000,147
10089,85740613233431,13.335401,1.492889,0.548585,11.835306,0.000000,147
10090,85740626568832,13.332083,0.956066,0.501032,12.369217,0.000000,147
10091,85740639900915,13.336746,1.054253,0.549648,12.274941,0.000000,147
10092,85740653237661,13.334490,1.025043,0.618918,12.299782,0.000000,147
10093,85740666572151,13.332129,1.110309,0.552645,12.212364,0.000000,147
10094,85740679904280,13.333677,0.966747,0.606612,12.359307,0.000000,147
10095,85740693237957,13.332615,4.175695,0.631028,9.149121,0.000000,147
10096,85740706570572,13.331976,0.954872,0.509002,12.370007,0.000000,147
10097,85740719902548,13.331677,0.913210,0.519313,12.412043,0.000000,147
10098,85740733234225,13.333485,1.005193,0.511744,12.322246,0.000000,147
10099,85740746567710,13.334289,1.082948,0.549813,12.245399,0.000000,147
10100,85740759901999,13.332366,0.886154,0.513581,12.439441,0.000000,147
10101,85740773234365,13.333638,0.996545,0.497671,12.331701,0.000000,147
10102,85740786568003,13.333503,0.880521,0.662589,12.446777,0.000000,147
10103,85740799901506,13.331660,3.768504,0.516157,9.557176,0.000000,147
10104,85740813233166,13.334052,0.896485,0.513467,12.432350,0.000000,147
10105,85740826567218,13.334308,0.871371,0.520770,12.457191,0.000000,147
10106,85740839901526,13.334702,0.876632,0.525312,12.451462,0.000000,147
10107,85740853236228,13.331753,1.098994,0.538032,12.227433,0.000000,147
10108,85740866567981,13.334859,0.897910,0.535832,12.430319,0.000000,147
10109,85740879902840,13.332583,0.823933,0.544861,12.502420,0.000000,147
10110,85740893235423,13.335009,0.930889,0.695009,12.397791,0.000000,147
10111,85740906570432,13.331395,4.029593,0.513844,9.295602,0.000000,147
10112,85740919901827,13.333800,0.804204,0.521011,12.523242,0.000000,147
10113,85740933235627,13.333089,0.892576,0.564380,12.434306,0.000000,147
10114,85740946568716,13.334418,0.852584,0.392014,12.475456,0.000000,147
10115,85740959903134,13.332837,1.008830,0.529520,12.317530,0.000000,147
10116,85740973235971,13.332776,0.897032,0.418084,12.429779,0.000000,147
10117,85740986568747,13.337271,0.880676,0.401864,12.450288,0.000000,147
10118,85740999906018,13.330099,0.880229,0.460651,12.442103,0.000000,147
10119,85741013236117,13.331563,4.732143,0.376666,8.593105,0.000000,147
10120,85741026567680,13.336033,0.772933,0.379911,12.557628,0.000000,147
10121,85741039903713,13.333275,0.827349,0.575678,12.498684,0.000000,147
10122,85741053236988,13.331932,0.997222,0.539463,12.328774,0.000000,147
10123,85741066568920,13.333946,1.084031,0.542471,12.244158,0.000000,147
10124,85741079902866,13.332939,0.801216,0.373743,12.526035,0.000000,147
10125,85741093235805,13.333558,0.868921,0.547600,12.459030,0.000000,147
10126,85741106569363,13.333907,0.862469,0.555101,12.465289,0.000000,147
10127,85741119903270,13.332408,3.271290,0.617758,10.055269,0.000000,147
10128,85741133235678,13.333400,0.898418,0.530165,12.428871,0.000000,147
10129,85741146569078,13.334405,0.836720,0.524087,12.491045,0.000000,147
10130,85741159903483,13.332481,0.816973,0.470705,12.509646,0.000000,147
10131,85741173235964,13.334527,1.038383,0.590651,12.289543,0.000000,148
10132,85741186570491,13.332451,0.887111,0.482967,12.439556,0.000000,148
10133,85741199902942,13.335816,0.777556,0.563898,12.552069,0.000000,148
10134,85741213238758,13.332165,0.977289,0.604890,12.347902,0.000000,148
10135,85741226570923,13.332115,3.363330,0.538877,9.961653,0.000000,148
10136,85741239903038,13.333546,0.792306,0.522332,12.535157,0.000000,148
10137,85741253236584,13.333466,0.917864,0.570042,12.409523,0.000000,148
10138,85741266570050,13.333173,0.930702,0.535758,12.396120,0.000000,148
10139,85741279903223,13.334804,1.019248,0.500196,12.309532,0.000000,148
10140,85741293238027,13.331521,0.946968,0.619606,12.378627,0.000000,148
10141,85741306569548,13.334273,0.897079,0.506200,12.431612,0.000000,148
10142,85741319903821,13.333151,0.808237,0.527642,12.519041,0.000000,148
10143,85741333236972,13.333195,3.362914,0.507652,9.964213,0.000000,148
10144,85741346570167,13.333210,0.838072,0.527101,12.490051,0.000000,148
10145,85741359903377,13.334284,0.890608,0.524044,12.437094,0.000000,148
10146,85741373237661,13.333320,1.178716,0.519563,12.147364,0.000000,148
10147,85741386570981,13.332206,1.246029,0.535194,12.079053,0.000000,148
10148,85741399903187,13.334498,0.790966,0.519113,12.537270,0.000000,148
10149,85741413237685,13.333859,0.876639,0.532399,12.450681,0.000000,148
10150,85741426571544,13.332604,0.863993,0.554798,12.461788,0.000000,148
10151,85741439904148,13.333774,3.199281,0.549574,10.128172,0.000000,148
10152,85741453237922,13.334107,0.939810,0.544615,12.388010,0.000000,148
10153,85741466572029,13.333251,0.946906,0.542221,12.378937,0.000000,148
10154,85741479905280,13.332796,0.836728,0.403991,12.488928,0.000000,148
10155,85741493238076,13.333921,1.140700,0.367106,12.186752,0.000000,148
10156,85741506571997,13.332417,0.897035,0.364886,12.429211,0.000000,148
10157,85741519904414,13.333632,0.780562,0.436243,12.546875,0.000000,148
10158,85741533238046,13.332954,1.058274,0.383523,12.267636,0.000000,148
10159,85741546571000,13.334118,3.450228,0.438408,9.878142,0.000000,148
10160,85741559905118,13.333772,0.785814,0.348614,12.542309,0.000000,148
10161,85741573238890,13.333457,0.856507,0.387440,12.470718,0.000000,148
10162,85741586572347,13.331675,0.919807,0.509314,12.405717,0.000000,148
10163,85741599904022,13.334519,0.989484,0.517746,12.338889,0.000000,148
10164,85741613238541,13.333850,0.860004,0.491502,12.468033,0.000000,148
10165,85741626572391,13.332846,0.842923,0.399871,12.483921,0.000000,148
10166,85741639905237,13.334342,0.788254,0.580166,12.540271,0.000000,148
10167,85741653239579,13.332447,3.393701,0.499131,9.932610,0.000000,148
10168,85741666572026,13.333661,1.495579,0.500886,11.832393,0.000000,148
10169,85741679905687,13.332803,0.807383,0.507374,12.519127,0.000000,148
10170,85741693238490,13.333862,0.920588,0.562067,12.407793,0.000000,148
10171,85741706572352,13.332391,1.043829,0.485655,12.282865,0.000000,148
10172,85741719904743,13.335110,0.780624,0.484654,12.548564,0.000000,148
10173,85741733239853,13.332427,0.886569,0.407647,12.439261,0.000000,148
10174,85741746572280,13.334368,0.929030,0.540699,12.397306,0.000000,148
10175,85741759906648,13.333200,3.357891,0.410565,9.968124,0.000000,148
10176,85741773239848,13.334212,1.257886,0.362722,12.070059,0.000000,148
10177,85741786574060,13.333338,0.930033,0.456146,12.396246,0.000000,148
10178,85741799907398,13.332397,0.877776,0.411208,12.446347,0.000000,148
10179,85741813239795,13.332733,1.130896,0.359669,12.195490,0.000000,148
10180,85741826572528,13.332545,1.009680,0.417237,12.316064,0.000000,148
10181,85741839905073,13.333507,0.976037,0.462218,12.350927,0.000000,148
10182,85741853238580,13.335724,0.929230,0.540460,12.400356,0.000000,148
10183,85741866574304,13.332659,4.395922,0.402720,8.929912,0.000000,148
10184,85741879906963,13.334957,0.824108,0.347853,12.503940,0.000000,148
10185,85741893241920,13.331899,0.907473,0.487356,12.417868,0.000000,148
10186,85741906573819,13.334537,1.005554,0.448600,12.321332,0.000000,148
10187,85741919908356,13.332957,1.198137,0.374133,12.127007,0.000000,148
10188,85741933241313,13.331200,1.034198,0.490939,12.290790,0.000000,148
10189,85741946572513,13.337221,0.975872,0.359521,12.354016,0.000000,148
10190,85741959909734,13.330574,1.021286,0.466399,12.300950,0.000000,148
10191,85741973240308,13.343197,3.744394,0.480775,9.588363,0.000000,148
10192,85741986583505,13.325824,1.123487,0.471486,12.195529,0.000000,148
10193,85741999909329,13.334325,0.957080,0.399443,12.369266,0.000000,148
10194,85742013243654,13.331285,1.102249,0.340175,12.221359,0.000000,148
10195,85742026574939,13.333852,1.172034,0.340034,12.154691,0.000000,148
10196,85742039908791,13.333279,0.895847,0.468201,12.430104,0.000000,148
10197,85742053242070,13.334554,1.078053,0.484134,12.249482,0.000000,148
10198,85742066576624,13.332880,0.977956,0.528644,12.348279,0.000000,148
10199,85742079909504,13.332069,3.832489,0.594457,9.491635,0.000000,148
10200,85742093241573,13.334122,1.148019,0.568733,12.179155,0.000000,148
10201,85742106575695,13.332716,1.065126,0.559698,12.260594,0.000000,148
10202,85742119908411,13.335657,0.973576,0.544930,12.354447,0.000000,148
10203,85742133244068,13.330379,1.366585,0.448145,11.956892,0.000000,148
10204,85742146574447,13.335566,1.093347,0.368512,12.235740,0.000000,148
10205,85742159910013,13.333098,1.005697,0.544658,12.319711,0.000000,148
10206,85742173243111,13.333916,1.051856,0.523527,12.275156,0.000000,148
10207,85742186577027,13.332302,3.374736,0.426045,9.951654,0.000000,148
10208,85742199909329,13.333093,0.991385,0.617995,12.334926,0.000000,148
10209,85742213242422,13.335427,1.133246,0.512612,12.195328,0.000000,148
10210,85742226577849,13.331360,1.214336,0.384377,12.110595,0.000000,148
10211,85742239909209,13.334347,1.185290,0.603893,12.142734,0.000000,148
10212,85742253243556,13.332222,0.998491,0.502937,12.327400,0.000000,148
10213,85742266575778,13.333616,0.909757,0.404807,12.418243,0.000000,148
10214,85742279909394,13.332978,0.863750,0.559982,12.462768,0.000000,148
10215,85742293242372,13.334424,3.338385,0.554957,9.988025,0.000000,148
10216,85742306576796,13.331462,0.849035,0.538577,12.476476,0.000000,148
10217,85742319908258,13.334141,0.911712,0.572728,12.416336,0.000000,148
10218,85742333242399,13.333457,0.912139,0.577615,12.415275,0.000000,148
10219,85742346575856,13.333704,1.178013,0.551000,12.149709,0.000000,148
10220,85742359909560,13.334337,0.941062,0.535884,12.386399,0.000000,148
10221,85742373243897,13.333924,1.065540,0.487463,12.261020,0.000000,148
10222,85742386577821,13.332759,1.084425,0.535099,12.241090,0.000000,148
10223,85742399910580,13.335210,3.699383,0.540472,9.628601,0.000000,148
10224,85742413245790,13.332350,1.152118,0.514226,12.172595,0.000000,148
10225,85742426578140,13.332049,1.109204,0.408128,12.214345,0.000000,148
10226,85742439910189,13.332633,1.064206,0.323400,12.261701,0.000000,148
10227,85742453242822,13.332722,1.270680,1.319034,12.056107,0.000000,148
10228,85742466575544,13.335029,0.968415,0.709177,12.360779,0.000000,149
10229,85742479910573,13.334210,0.800986,0.792714,12.525728,0.000000,149
10230,85742493244783,13.333845,0.872397,0.844132,12.453764,0.000000,149
10231,85742506578628,13.330675,4.246365,0.322437,9.077122,0.000000,149
10232,85742519909303,13.334139,0.769911,0.420326,12.558808,0.000000,149
10233,85742533243442,13.334866,0.888021,0.393489,12.440814,0.000000,149
10234,85742546578308,13.332435,1.006094,0.400900,12.320653,0.000000,149
10235,85742559910743,13.332104,1.020402,0.289435,12.306232,0.000000,149
10236,85742573242847,13.334884,0.822477,0.404899,12.506193,0.000000,149
10237,85742586577731,13.332502,0.865553,0.295167,12.461370,0.000000,149
10238,85742599910233,13.334375,0.875545,0.309211,12.453144,0.000000,149
10239,85742613244608,13.335485,3.356962,0.292368,9.969025,0.000000,149
10240,85742626580093,13.330001,0.946207,0.266713,12.376859,0.000000,149
10241,85742639910094,13.333552,0.849511,0.285405,12.478042,0.000000,149
10242,85742653243646,13.336274,1.054694,0.289782,12.274250,0.000000,149
10243,85742666579920,13.331807,1.367060,0.279065,11.956979,0.000000,149
10244,85742679911727,13.331267,0.970670,0.288478,12.353532,0.000000,149
10245,85742693242994,13.338616,0.992150,0.436035,12.340175,0.000000,149
10246,85742706581610,13.333019,0.910424,0.431208,12.415337,0.000000,149
10247,85742719914629,13.333219,3.752854,0.416881,9.572862,0.000000,149
10248,85742733247848,13.334171,1.053573,0.435239,12.273236,0.000000,149
10249,85742746582019,13.331864,1.052619,0.425089,12.271986,0.000000,149
10250,85742759913883,13.334807,1.018020,0.442671,12.309044,0.000000,149
10251,85742773248690,13.338957,1.277529,0.323754,12.052029,0.000000,149
10252,85742786587647,13.327526,1.081312,0.296168,12.237838,0.000000,149
10253,85742799915173,13.332265,0.945482,0.412762,12.380335,0.000000,149
10254,85742813247438,13.334430,0.936566,0.403461,12.391180,0.000000,149
10255,85742826581868,13.334555,3.416448,0.409994,9.910091,0.000000,149
10256,85742839916423,13.330948,0.806815,0.404637,12.517624,0.000000,149
10257,85742853247371,13.333714,0.841745,0.457043,12.485722,0.000000,149
10258,85742866581085,13.336329,1.009092,0.410370,12.320319,0.000000,149
10259,85742879917414,13.330999,1.290995,0.396630,12.033172,0.000000,149
10260,85742893248413,13.333011,0.934838,0.432253,12.392643,0.000000,149
10261,85742906581424,13.334595,0.949049,0.412461,12.378200,0.000000,149
10262,85742919916019,13.331551,0.850159,0.395583,12.474537,0.000000,149
10263,85742933247570,13.333140,3.313140,0.389064,10.014768,0.000000,149
10264,85742946580710,13.342455,0.839963,0.423635,12.493034,0.000000,149
10265,85742959923165,13.324457,0.847423,0.418456,12.468512,0.000000,149
10266,85742973247622,13.334361,1.011709,0.376621,12.316101,0.000000,149
10267,85742986581983,13.333439,1.230711,0.378622,12.095535,0.000000,149
10268,85742999915422,13.333716,1.017252,0.397778,12.309454,0.000000,149
10269,85743013249138,13.333366,0.991304,0.376142,12.335798,0.000000,149
10270,85743026582504,13.339063,1.052151,0.375748,12.276392,0.000000,149
10271,85743039921567,13.327361,3.631303,0.371745,9.686684,0.000000,149
10272,85743053248928,13.339636,0.953279,0.370969,12.376386,0.000000,149
10273,85743066588564,13.334287,0.888958,0.367264,12.435811,0.000000,149
10274,85743079922851,13.325855,0.878503,0.376173,12.439202,0.000000,149
10275,85743093248706,13.334090,1.152267,0.360635,12.176189,0.000000,149
10276,85743106582796,13.337040,0.886253,0.356857,12.442044,0.000000,149
10277,85743119919836,13.328220,0.795444,0.359667,12.526412,0.000000,149
10278,85743133248056,13.333718,0.814575,0.277378,12.513768,0.000000,149
10279,85743146581774,13.334065,3.226586,0.350089,10.101588,0.000000,149
10280,85743159915839,13.334309,0.789681,0.357454,12.538482,0.000000,149
10281,85743173250148,13.331985,0.869122,0.384981,12.456711,0.000000,149
10282,85743186582133,13.333195,0.886168,0.325372,12.440386,0.000000,149
10283,85743199915328,13.334839,0.964211,0.361499,12.364503,0.000000,149
10284,85743213250167,13.332529,0.932271,0.393375,12.393356,0.000000,149
10285,85743226582696,13.333145,0.869498,0.373777,12.456423,0.000000,149
10286,85743239915841,13.337078,0.768870,0.502318,12.560093,0.000000,149
10287,85743253252919,13.330217,3.444438,0.426176,9.878315,0.000000,149
10288,85743266583136,13.333200,0.922959,0.288746,12.403901,0.000000,149
10289,85743279916336,13.338535,0.796344,0.293656,12.533922,0.000000,149
10290,85743293254871,13.328507,1.001024,0.370641,12.320372,0.000000,149
10291,85743306583378,13.332823,1.098973,0.361779,12.227847,0.000000,149
10292,85743319916201,13.338246,0.896894,0.404237,12.431592,0.000000,149
10293,85743333254447,13.328937,0.987303,0.346822,12.335429,0.000000,149
10294,85743346583384,13.336492,0.846626,0.356974,12.482042,0.000000,149
10295,85743359919876,13.330970,3.166664,0.377991,10.157853,0.000000,149
10296,85743373250846,13.332645,0.970857,0.331777,12.355939,0.000000,149
10297,85743386583491,13.334761,0.917702,0.310290,12.409915,0.000000,149
10298,85743399918252,13.332706,1.032969,0.302659,12.291938,0.000000,149
10299,85743413250958,13.332710,1.308491,0.362937,12.016706,0.000000,149
10300,85743426583668,13.333196,0.903096,0.467454,12.424240,0.000000,149
10301,85743439916864,13.334763,0.806283,0.370630,12.522688,0.000000,149
10302,85743453251627,13.336057,0.914023,0.360274,12.413668,0.000000,149
10303,85743466587684,13.333589,3.386510,0.452939,9.938008,0.000000,149
10304,85743479921273,13.331328,0.843943,0.353464,12.480321,0.000000,149
10305,85743493252601,13.332682,1.400510,0.369688,11.924721,0.000000,149
10306,85743506585283,13.336923,0.950654,0.373664,12.377994,0.000000,149
10307,85743519922206,13.333786,1.125694,0.258808,12.198997,0.000000,149
10308,85743533255992,13.333968,0.940601,0.385634,12.380745,0.000000,149
10309,85743546589960,13.329584,1.116173,0.336640,12.203038,0.000000,149
10310,85743559919544,13.332595,1.059424,0.356940,12.266589,0.000000,149
10311,85743573252139,13.341429,3.789349,0.264675,9.540404,0.000000,149
10312,85743586593568,13.328111,1.048035,0.261204,12.269849,0.000000,149
10313,85743599921679,13.329690,0.828608,0.318299,12.494591,0.000000,149
10314,85743613251369,13.333873,0.870087,0.275920,12.457668,0.000000,149
10315,85743626585242,13.335973,1.290183,0.391037,12.036036,0.000000,149
10316,85743639921215,13.330304,0.996711,0.374939,12.326149,0.000000,149
10317,85743653251519,13.345169,1.043195,0.439342,12.295278,0.000000,149
10318,85743666596688,13.329631,1.205928,0.391012,12.113415,0.000000,149
10319,85743679926319,13.326689,3.247762,0.350002,10.070408,0.000000,149
10320,85743693253008,13.334969,0.973646,0.366265,12.353520,0.000000,149
10321,85743706587977,13.332056,0.932651,0.523367,12.392837,0.000000,149
10322,85743719920033,13.333374,0.867632,0.285953,12.458216,0.000000,149
10323,85743733253407,13.334301,1.142774,0.314721,12.184755,0.000000,149
10324,85743746587708,13.338809,1.273750,0.273473,12.057359,0.000000,149
10325,85743759926517,13.326540,1.027143,0.240520,12.291145,0.000000,149
10326,85743773253057,13.335231,1.087914,0.258592,12.240293,0.000000,149
10327,85743786588288,13.334780,3.832056,0.343688,9.494560,0.000000,149
10328,85743799923068,13.329946,1.053841,0.248106,12.266301,0.000000,149
10329,85743813253014,13.334668,1.058961,0.308636,12.268357,0.000000,149
10330,85743826587682,13.338220,1.253623,0.256402,12.073758,0.000000,149
10331,85743839925902,13.327854,1.291698,0.266354,12.027262,0.000000,149
10332,85743853253756,13.333142,1.182379,0.394780,12.142750,0.000000,149
10333,85743866586898,13.337206,1.367949,0.361993,11.961444,0.000000,149
10334,85743879924104,13.332832,1.031759,0.330323,12.291421,0.000000,149
10335,85743893256936,13.339530,3.386903,0.412408,9.940188,0.000000,149
10336,85743906596466,13.325879,1.072701,0.502290,12.244330,0.000000,149
10337,85743919922345,13.335973,1.205940,0.398330,12.121047,0.000000,149
10338,85743933258318,13.330465,1.297762,0.445149,12.023934,0.000000,149
10339,85743946588783,13.332968,1.503209,0.308809,11.822193,0.000000,149
10340,85743959921751,13.334996,1.078524,0.334077,12.249010,0.000000,149
10341,85743973256747,13.332549,1.072964,0.278373,12.250886,0.000000,149
10342,85743986589296,13.331762,1.175950,0.243751,12.149491,0.000000,149
10343,85743999921058,13.332346,3.646051,0.266787,9.678884,0.000000,149
10344,85744013253404,13.335376,1.214784,0.235618,12.110671,0.000000,149
10345,85744026588780,13.332381,1.244353,0.380610,12.080148,0.000000,149
10346,85744039921161,13.331908,1.062380,0.403177,12.263169,0.000000,149
10347,85744053253069,13.334544,1.210985,0.476219,12.115777,0.000000,149
10348,85744066587613,13.332146,1.055750,0.570976,12.268989,0.000000,149
10349,85744079919759,13.337811,0.766527,0.392425,12.564245,0.000000,149
10350,85744093257570,13.331731,1.041846,0.284813,12.281994,0.000000,149
10351,85744106589301,13.334200,3.396546,0.421477,9.929496,0.000000,149
10352,85744119923501,13.332714,0.835090,0.401570,12.489655,0.000000,149
10353,85744133256215,13.330970,1.223474,0.312879,12.100881,0.000000,149
10354,85744146587185,13.335131,1.101200,0.328810,12.227237,0.000000,149
10355,85744159922316,13.336180,1.285383,0.345730,12.042443,0.000000,149
10356,85744173258496,13.331345,1.343652,0.296988,11.977107,0.000000,149
10357,85744186589841,13.333287,1.192703,0.313157,12.132899,0.000000,149
10358,85744199923128,13.333098,1.051128,0.262241,12.273936,0.000000,149
10359,85744213256226,13.331794,3.969902,0.484103,9.354963,0.000000,149
10360,85744226588020,13.336961,1.121627,0.277014,12.207332,0.000000,149
10361,85744239924981,13.336583,1.079069,0.364543,12.247302,0.000000,149
10362,85744253261564,13.330804,1.081665,0.277021,12.241200,0.000000,149
10363,85744266592368,13.334452,1.529253,0.265637,11.795733,0.000000,149
10364,85744279926820,13.330711,0.974444,0.260926,12.346553,0.000000,149
10365,85744293257531,13.335420,1.150141,0.371950,12.177308,0.000000,149
10366,85744306592951,13.335306,1.183413,0.246602,12.141198,0.000000,149
10367,85744319928257,13.330094,3.226529,0.249488,10.096129,0.000000,149
10368,85744333258351,13.337306,1.048680,0.263387,12.277308,0.000000,150
10369,85744346595657,13.325436,1.109705,0.291800,12.207160,0.000000,150
10370,85744359921093,13.336797,0.871149,0.322172,12.458160,0.000000,150
10371,85744373257890,13.334124,1.852886,0.254380,11.473793,0.000000,150
10372,85744386592014,13.331797,1.069380,0.237402,12.254261,0.000000,150
10373,85744399923811,13.333227,0.802589,0.291718,12.525196,0.000000,150
10374,85744413257038,13.336399,1.372555,0.266143,11.956209,0.000000,150
10375,85744426593437,13.329403,3.756592,0.245294,9.563976,0.000000,150
10376,85744439922840,13.334005,0.785647,0.224305,12.542196,0.000000,150
10377,85744453256845,13.334371,0.810169,0.243183,12.517309,0.000000,150
10378,85744466591216,13.332000,0.959207,0.228014,12.366456,0.000000,150
10379,85744479923216,13.335524,0.859762,0.269270,12.468452,0.000000,150
10380,85744493258740,13.331044,0.904639,0.278592,12.419974,0.000000,150
10381,85744506589784,13.335414,0.773093,0.273456,12.555312,0.000000,150
10382,85744519925198,13.332419,0.993237,0.236291,12.332044,0.000000,150
10383,85744533257617,13.333229,3.676053,0.243533,9.649559,0.000000,150
10384,85744546590846,13.337530,0.973178,0.224379,12.355620,0.000000,150
10385,85744559928376,13.330357,0.859084,0.236560,12.463379,0.000000,150
10386,85744573258733,13.343527,0.975473,0.256131,12.355271,0.000000,150
10387,85744586602260,13.323281,1.298610,0.259193,12.013864,0.000000,150
10388,85744599925541,13.332941,0.909812,0.237928,12.414719,0.000000,150
10389,85744613258482,13.336959,1.107892,0.236863,12.217039,0.000000,150
10390,85744626595441,13.330987,0.944354,0.259818,12.378276,0.000000,150
10391,85744639926428,13.332596,3.544760,0.229437,9.778273,0.000000,150
10392,85744653259024,13.336389,1.027582,0.219836,12.300425,0.000000,150
10393,85744666595413,13.327909,0.959559,0.270363,12.360353,0.000000,150
10394,85744679923322,13.335363,0.909570,0.275521,12.419110,0.000000,150
10395,85744693258685,13.336434,1.237704,0.258739,12.090933,0.000000,150
10396,85744706595119,13.328208,1.053025,0.232766,12.267623,0.000000,150
10397,85744719923327,13.335103,0.812079,0.253707,12.516999,0.000000,150
10398,85744733258430,13.366738,0.950893,0.251348,12.409064,0.000000,150
10399,85744746625168,13.335253,3.585580,0.258374,9.741814,0.000000,150
10400,85744759960421,13.332884,0.898720,0.246791,12.425769,0.000000,150
10401,85744773293305,13.332689,1.062408,0.214228,12.262493,0.000000,150
10402,85744786625994,13.335576,0.921702,0.257202,12.404314,0.000000,150
10403,85744799961570,13.335199,1.168076,0.216905,12.157832,0.000000,150
10404,85744813296769,13.330746,1.021639,0.237501,12.299840,0.000000,150
10405,85744826627515,13.332322,0.992015,0.286045,12.333812,0.000000,150
10406,85744839959837,13.334909,0.915609,0.171385,12.411820,0.000000,150
10407,85744853294746,13.335491,3.794355,0.134376,9.531785,0.000000,150
10408,85744866630237,13.332249,0.991808,0.233366,12.331554,0.000000,150
10409,85744879962486,13.330699,0.914079,0.135679,12.408396,0.000000,150
10410,85744893293185,13.333349,0.995862,0.149061,12.331273,0.000000,150
10411,85744906626534,13.334098,1.238330,0.236541,12.088912,0.000000,150
10412,85744919960632,13.334297,0.888483,0.168860,12.437144,0.000000,150
10413,85744933294929,13.332004,0.952485,0.218399,12.372010,0.000000,150
10414,85744946626933,13.335384,1.042200,0.264966,12.285810,0.000000,150
10415,85744959962317,13.340723,3.658037,0.204454,9.670752,0.000000,150
10416,85744973303040,13.328411,1.062979,0.202830,12.253223,0.000000,150
10417,85744986631451,13.330966,0.993648,0.231306,12.327598,0.000000,150
10418,85744999962417,13.340992,0.912828,0.234573,12.415867,0.000000,150
10419,85745013303409,13.324754,1.221634,0.286129,12.094754,0.000000,150
10420,85745026628163,13.332420,1.046419,0.206850,12.278652,0.000000,150
10421,85745039960583,13.337294,0.844331,0.306854,12.485732,0.000000,150
10422,85745053297877,13.331135,1.123474,0.165183,12.198320,0.000000,150
10423,85745066629012,13.333406,3.660422,0.190056,9.666144,0.000000,150
10424,85745079962418,13.334164,0.854196,0.251748,12.473115,0.000000,150
10425,85745093296582,13.331456,0.998881,0.183496,12.324702,0.000000,150
10426,85745106628038,13.333722,0.944185,0.164263,12.382490,0.000000,150
10427,85745119961760,13.334092,1.098470,0.222185,12.228154,0.000000,150
10428,85745133295852,13.333028,0.997434,0.217807,12.328939,0.000000,150
10429,85745146628880,13.333872,0.893481,0.168672,12.433597,0.000000,150
10430,85745159962752,13.333588,0.781924,0.276618,12.544579,0.000000,150
10431,85745173296340,13.333506,3.714068,0.251235,9.610950,0.000000,150
10432,85745186629846,13.333480,0.936947,0.162306,12.388373,0.000000,150
10433,85745199963326,13.334180,0.775849,0.209955,12.550074,0.000000,150
10434,85745213297506,13.337121,1.104750,0.224464,12.222446,0.000000,150
10435,85745226634627,13.327360,1.401115,0.174075,11.916799,0.000000,150
10436,85745239961987,13.332384,0.780450,0.163350,12.545225,0.000000,150
10437,85745253294371,13.335408,1.067823,0.168894,12.260223,0.000000,150
10438,85745266629779,13.336007,0.941145,0.245045,12.386022,0.000000,150
10439,85745279965786,13.332582,3.188894,0.669460,10.137154,0.000000,150
10440,85745293298368,13.335782,1.657896,0.402374,11.665904,0.000000,150
10441,85745306634150,13.333667,1.589366,0.367437,11.732934,0.000000,150
10442,85745319967817,13.336257,1.420104,0.408597,11.904627,0.000000,150
10443,85745333304074,13.330634,2.218968,0.480540,11.098113,0.000000,150
10444,85745346634708,13.331053,1.831697,0.351960,11.488186,0.000000,150
10445,85745359965761,13.340501,1.459163,0.335052,11.870221,0.000000,150
10446,85745373306262,13.375435,1.681213,0.332489,11.679235,0.000000,150
10447,85745386681697,13.373092,6.154799,0.331501,7.200206,0.000000,150
10448,85745400054789,13.328385,1.773241,0.372131,11.534702,0.000000,150
10449,85745413383174,13.394478,1.762060,0.363100,11.617674,0.000000,150
10450,85745426777652,13.337149,1.993704,0.406992,11.325302,0.000000,150
10451,85745440114801,13.344370,4.316576,0.384172,9.009510,0.000000,150
10452,85745453459171,13.463182,1.600666,0.333618,11.847824,0.000000,150
10453,85745466922353,13.354166,2.014907,0.344595,11.321216,0.000000,150
10454,85745480276519,13.343313,1.707663,0.360407,11.620719,0.000000,150
10455,85745493619832,13.329520,3.932283,0.433947,9.384896,0.000000,150
10456,85745506949352,13.334544,1.008807,0.380286,12.315514,0.000000,150
10457,85745520283896,13.332300,0.847232,0.346752,12.475521,0.000000,150
10458,85745533616196,13.333313,1.015626,0.357260,12.306428,0.000000,150
10459,85745546949509,13.333496,1.210357,0.326109,12.112357,0.000000,150
10460,85745560283005,13.333862,0.815990,0.420935,12.506529,0.000000,150
10461,85745573616867,13.331835,1.048027,0.447093,12.271849,0.000000,150
10462,85745586948702,13.336285,0.902117,0.175313,12.423795,0.000000,150
10463,85745600284987,13.326495,3.477307,0.209764,9.839154,0.000000,150
10464,85745613611482,13.334976,0.858841,0.186603,12.469783,0.000000,150
10465,85745626946458,13.336161,0.870084,0.191239,12.457766,0.000000,150
10466,85745640282619,13.330010,0.891531,0.219872,12.431383,0.000000,150
10467,85745653612629,13.335788,1.028223,0.250463,12.301191,0.000000,150
10468,85745666948417,13.331110,0.991242,0.242784,12.332181,0.000000,150
10469,85745680279527,13.333702,0.814624,0.245920,12.512415,0.000000,150
10470,85745693613229,13.332707,0.885123,0.289819,12.441059,0.000000,150
10471,85745706945936,13.336922,3.973953,0.224234,9.355631,0.000000,150
10472,85745720282858,13.339512,0.885649,0.258412,12.440925,0.000000,150
10473,85745733622370,13.325964,0.932462,0.240485,12.385240,0.000000,150
10474,85745746948334,13.332425,0.922648,0.215595,12.401271,0.000000,150
10475,85745760280759,13.333696,1.050311,0.265039,12.276652,0.000000,150
10476,85745773614455,13.332909,0.865642,0.222033,12.461375,0.000000,150
10477,85745786947364,13.333663,0.891259,0.186376,12.435428,0.000000,150
10478,85745800281027,13.333036,0.764308,0.212178,12.562670,0.000000,150
10479,85745813614063,13.334153,3.566612,0.228049,9.760730,0.000000,150
10480,85745826948216,13.335638,0.892040,0.220337,12.436515,0.000000,150
10481,85745840283854,13.331074,0.827187,0.256689,12.496095,0.000000,150
10482,85745853614928,13.333689,0.983270,0.238069,12.343734,0.000000,150
10483,85745866948617,13.333770,1.205359,0.220282,12.120900,0.000000,150
10484,85745880282387,13.338536,0.765623,0.261555,12.564931,0.000000,150
10485,85745893620923,13.336038,0.919345,0.221552,12.404517,0.000000,150
10486,85745906956961,13.325145,0.865688,0.322322,12.450825,0.000000,150
10487,85745920282106,13.332891,3.742651,0.224683,9.583930,0.000000,150
10488,85745933614997,13.333786,0.832538,0.246654,12.494667,0.000000,150
10489,85745946948783,13.333003,0.980975,0.194165,12.344691,0.000000,150
10490,85745960281786,13.335080,0.765046,0.171304,12.562484,0.000000,150
10491,85745973616866,13.331914,1.079038,0.205666,12.245089,0.000000,150
10492,85745986948780,13.333998,0.829439,0.269963,12.497482,0.000000,150
10493,85746000282778,13.336140,1.436599,0.251825,11.891935,0.000000,150
10494,85746013618918,13.336353,1.554053,0.240861,11.768072,0.000000,150
10495,85746026955271,13.333223,5.864027,0.285765,7.455003,0.000000,150
10496,85746040288494,13.336795,1.481723,0.298583,11.838612,0.000000,150
10497,85746053625289,13.330394,1.730031,0.303991,11.585301,0.000000,150
10498,85746066955683,13.332695,1.652576,0.163525,11.667376,0.000000,150
10499,85746080288378,13.329645,0.925900,0.195207,12.398031,0.000000,150
10500,85746093618023,13.332329,0.909692,0.205563,12.416760,0.000000,150
10501,85746106950352,13.334923,0.847260,0.230096,12.480676,0.000000,150
10502,85746120285275,13.331840,0.792138,0.202537,12.533432,0.000000,150
10503,85746133617115,13.334556,3.229441,0.205596,10.098235,0.000000,150
10504,85746146951671,13.334529,0.759250,0.200583,12.568739,0.000000,150
10505,85746160286200,13.331005,0.702431,0.159579,12.622578,0.000000,150
10506,85746173617205,13.334075,0.802476,0.211050,12.526218,0.000000,151
10507,85746186951280,13.333651,0.988442,0.152210,12.338375,0.000000,151
10508,85746200284931,13.332800,0.695071,0.208868,12.632121,0.000000,151
10509,85746213617731,13.336063,1.377169,0.235220,11.952101,0.000000,151
10510,85746226953794,13.328933,0.896625,0.247512,12.424273,0.000000,151
10511,85746240282727,13.333029,3.211917,0.198978,10.115534,0.000000,151
10512,85746253615756,13.335087,0.661877,0.211394,12.666732,0.000000,151
10513,85746266950843,13.332688,0.845746,0.209782,12.481671,0.000000,151
10514,85746280283531,13.333708,0.815964,0.166696,12.512154,0.000000,151
10515,85746293617239,13.333928,1.202103,0.176983,12.124024,0.000000,151
10516,85746306951167,13.334253,0.915054,0.193632,12.413308,0.000000,151
10517,85746320285420,13.334576,0.800848,0.229228,12.526631,0.000000,151
10518,85746333619996,13.332060,1.036063,0.209548,12.287979,0.000000,151
10519,85746346952056,13.332008,3.719172,0.235352,9.607191,0.000000,151
10520,85746360284064,13.335943,0.800351,0.187045,12.527623,0.000000,151
10521,85746373620007,13.332764,0.943312,0.207716,12.379479,0.000000,151
10522,85746386952771,13.332987,0.942578,0.241649,12.383235,0.000000,151
10523,85746400285758,13.333146,1.121477,0.163548,12.204435,0.000000,151
10524,85746413618904,13.333302,0.958746,0.161996,12.366593,0.000000,151
10525,85746426952206,13.332850,0.974867,0.201925,12.350981,0.000000,151
10526,85746440285056,13.334170,0.869689,0.272737,12.457384,0.000000,151
10527,85746453619226,13.333423,3.694957,0.203461,9.631048,0.000000,151
10528,85746466952649,13.333609,0.848284,0.230250,12.476977,0.000000,151
10529,85746480286258,13.333418,0.819906,0.223586,12.506943,0.000000,151
10530,85746493619676,13.333746,0.931185,0.287158,12.395738,0.000000,151
10531,85746506953422,13.335796,1.388067,0.216007,11.940201,0.000000,151
10532,85746520289218,13.331371,0.940571,0.245431,12.383486,0.000000,151
10533,85746533620589,13.332745,1.044819,0.219934,12.280749,0.000000,151
10534,85746546953334,13.333397,1.032039,0.270631,12.295322,0.000000,151
10535,85746560286731,13.332567,3.885567,0.231597,9.440286,0.000000,151
10536,85746573619298,13.333645,0.998179,0.222155,12.327670,0.000000,151
10537,85746586952943,13.334410,0.928003,0.196319,12.400071,0.000000,151
10538,85746600287353,13.342053,0.942577,0.207379,12.387786,0.000000,151
10539,85746613629406,13.324759,1.286334,0.213744,12.028855,0.000000,151
10540,85746626954165,13.332444,1.081408,0.181329,12.243835,0.000000,151
10541,85746640286609,13.333462,0.872403,0.147516,12.454509,0.000000,151
10542,85746653620071,13.334502,1.040520,0.224421,12.287049,0.000000,151
10543,85746666954573,13.332405,4.071998,0.157759,9.253389,0.000000,151
10544,85746680286978,13.339348,0.821490,0.247570,12.509096,0.000000,151
10545,85746693626326,13.328562,0.850730,0.213873,12.470631,0.000000,151
10546,85746706954888,13.332076,0.833495,0.168347,12.492377,0.000000,151
10547,85746720286964,13.333228,0.902410,0.223947,12.425150,0.000000,151
10548,85746733620192,13.333167,0.865354,0.204329,12.461416,0.000000,151
10549,85746746953359,13.333798,0.899888,0.209259,12.427324,0.000000,151
10550,85746760287157,13.334347,0.817820,0.196601,12.510721,0.000000,151
10551,85746773621504,13.334454,3.416281,0.182035,9.910925,0.000000,151
10552,85746786955958,13.331608,0.910957,0.144616,12.414331,0.000000,151
10553,85746800287566,13.333712,0.681172,0.191361,12.647013,0.000000,151
10554,85746813621278,13.333074,0.703183,0.277000,12.623757,0.000000,151
10555,85746826954352,13.332022,1.039794,0.217396,12.286235,0.000000,151
10556,85746840286374,13.333301,0.543448,0.191094,12.782174,0.000000,151
10557,85746853619675,13.335290,0.587957,0.161233,12.740834,0.000000,151
10558,85746866954965,13.334054,0.803423,0.179963,12.523287,0.000000,151
10559,85746880289019,13.333861,3.181441,0.186535,10.145687,0.000000,151
10560,85746893622880,13.332346,0.838575,0.190062,12.486388,0.000000,151
10561,85746906955226,13.333857,0.806429,0.186501,12.521447,0.000000,151
10562,85746920289083,13.338603,0.746135,0.174478,12.586898,0.000000,151
10563,85746933627686,13.327359,0.966232,0.173265,12.355879,0.000000,151
10564,85746946955045,13.333301,0.839486,0.229081,12.487822,0.000000,151
10565,85746960288346,13.334558,0.652580,0.222398,12.675732,0.000000,151
10566,85746973622904,13.339784,0.767815,0.214776,12.561432,0.000000,151
10567,85746986962688,13.326009,3.377241,0.191225,9.942164,0.000000,151
10568,85747000288697,13.333477,0.638125,0.218185,12.689099,0.000000,151
10569,85747013622174,13.333232,0.686330,0.236861,12.639809,0.000000,151
10570,85747026955406,13.333287,0.816056,0.198675,12.511566,0.000000,151
10571,85747040288693,13.334111,0.855012,0.236982,12.472935,0.000000,151
10572,85747053622804,13.332920,0.777848,0.206975,12.548541,0.000000,151
10573,85747066955724,13.334136,0.749535,0.220615,12.578368,0.000000,151
10574,85747080289860,13.332846,1.073793,0.248913,12.251662,0.000000,151
10575,85747093622706,13.332007,3.534779,0.187925,9.791394,0.000000,151
10576,85747106954713,13.335677,0.657566,0.198092,12.672348,0.000000,151
10577,85747120290390,13.332521,0.645803,0.214846,12.680246,0.000000,151
10578,85747133622911,13.332496,0.757401,0.200034,12.569432,0.000000,151
10579,85747146955407,13.335919,1.014378,0.220900,12.314472,0.000000,151
10580,85747160291326,13.334235,0.792246,0.197451,12.534229,0.000000,151
10581,85747173625561,13.332132,0.943232,0.192920,12.381531,0.000000,151
10582,85747186957693,13.333975,0.918279,0.195382,12.408629,0.000000,151
10583,85747200291668,13.331010,3.586475,0.203821,9.737659,0.000000,151
10584,85747213622678,13.334997,0.842275,0.197974,12.486388,0.000000,151
10585,85747226957675,13.331044,0.907158,0.202341,12.417273,0.000000,151
10586,85747240288719,13.334119,0.762891,0.208140,12.564753,0.000000,151
10587,85747253622838,13.333259,1.129603,0.186448,12.197999,0.000000,151
10588,85747266956097,13.333843,0.817190,0.194027,12.509984,0.000000,151
10589,85747280289940,13.333189,0.780844,0.207482,12.545712,0.000000,151
10590,85747293623129,13.333357,0.884407,0.209547,12.442256,0.000000,151
10591,85747306956486,13.332845,3.767554,0.221475,9.558114,0.000000,151
10592,85747320289331,13.333810,0.788107,0.220301,12.539512,0.000000,151
10593,85747333623141,13.335686,0.843009,0.204395,12.485597,0.000000,151
10594,85747346958827,13.331378,0.914455,0.204507,12.410493,0.000000,151
10595,85747360290205,13.333761,0.970409,0.234083,12.357618,0.000000,151
10596,85747373623966,13.332100,0.881155,0.210216,12.444342,0.000000,151
10597,85747386956066,13.333611,0.978627,0.211360,12.349551,0.000000,151
10598,85747400289677,13.334718,0.734218,0.227609,12.593849,0.000000,151
10599,85747413624395,13.332161,3.654316,0.153488,9.671430,0.000000,151
10600,85747426956556,13.334286,0.782499,0.142187,12.545707,0.000000,151
10601,85747440290842,13.333213,0.718129,0.156292,12.608547,0.000000,151
10602,85747453624055,13.332714,0.875662,0.203650,12.451255,0.000000,151
10603,85747466956769,13.333723,1.076758,0.210193,12.251064,0.000000,151
10604,85747480290492,13.332633,0.704125,0.216779,12.622413,0.000000,151
10605,85747493623125,13.333821,0.758804,0.193969,12.569819,0.000000,151
10606,85747506956946,13.332812,0.784462,0.196625,12.543255,0.000000,151
10607,85747520289758,13.334379,3.466239,0.217294,9.863103,0.000000,151
10608,85747533624137,13.333856,0.820336,0.185790,12.505873,0.000000,151
10609,85747546957993,13.348711,0.824267,0.203809,12.519013,0.000000,151
10610,85747560306704,13.350891,0.778132,0.203198,12.566393,0.000000,151
10611,85747573657595,13.335915,1.116263,0.182822,12.212744,0.000000,151
10612,85747586993510,13.331327,0.868738,0.213891,12.455539,0.000000,151
10613,85747600324837,13.332803,0.711388,0.197903,12.615088,0.000000,151
10614,85747613657640,13.334052,0.862303,0.189844,12.465780,0.000000,151
10615,85747626991692,13.332336,3.673655,0.181772,9.652414,0.000000,151
10616,85747640324028,13.334710,0.709129,0.212068,12.619117,0.000000,151
10617,85747653658738,13.334760,0.873884,0.201055,12.453332,0.000000,151
10618,85747666993498,13.332834,0.908676,0.183328,12.417232,0.000000,151
10619,85747680326332,13.350007,1.010725,0.180252,12.331490,0.000000,151
10620,85747693676339,13.331459,0.863663,0.210879,12.461766,0.000000,151
10621,85747707007798,13.334644,0.857620,0.213609,12.469201,0.000000,151
10622,85747720342442,13.332040,0.737607,0.205039,12.586806,0.000000,151
10623,85747733674482,13.332660,3.620065,0.198217,9.705338,0.000000,151
10624,85747747007142,13.340723,0.764143,0.210562,12.569321,0.000000,151
10625,85747760347865,13.332311,0.739583,0.193057,12.585149,0.000000,151
10626,85747773680176,13.333267,0.955897,0.161589,12.371175,0.000000,151
10627,85747787013443,13.334599,1.078036,0.193585,12.248604,0.000000,151
10628,85747800348042,13.333323,0.757979,0.212298,12.568245,0.000000,151
10629,85747813681365,13.338538,0.841540,0.215417,12.488467,0.000000,151
10630,85747827019903,13.328131,1.062883,0.168091,12.256536,0.000000,151
10631,85747840348034,13.331435,3.638467,0.198423,9.686045,0.000000,151
10632,85747853679469,13.335892,0.813214,0.216397,12.514925,0.000000,151
10633,85747867015361,13.334643,0.880863,0.217421,12.446657,0.000000,151
10634,85747880350004,13.331326,0.833015,0.208283,12.491005,0.000000,151
10635,85747893681330,13.334373,1.092029,0.184090,12.236104,0.000000,151
10636,85747907015703,13.332268,0.893241,0.140709,12.431855,0.000000,151
10637,85747920347971,13.333679,0.759602,0.198729,12.567842,0.000000,151
10638,85747933681650,13.334186,0.841935,0.180879,12.485657,0.000000,151
10639,85747947015836,13.331044,3.711064,0.126804,9.613889,0.000000,151
10640,85747960346880,13.335132,0.685443,0.185690,12.643681,0.000000,151
10641,85747973682012,13.347147,1.363764,0.184344,11.972463,0.000000,151
10642,85747987029159,13.322026,1.169220,0.245112,12.142120,0.000000,151
10643,85748000351185,13.333506,1.220516,0.234840,12.105251,0.000000,151
10644,85748013684691,13.337092,1.052580,0.247881,12.273798,0.000000,151
10645,85748027021783,13.333714,1.237372,0.221494,12.084253,0.000000,151
10646,85748040355497,13.328695,0.971909,0.205373,12.348687,0.000000,151
10647,85748053684192,13.329786,3.684050,0.175144,9.638842,0.000000,151
10648,85748067013978,13.337060,0.709115,0.189972,12.621628,0.000000,152
10649,85748080351038,13.332274,0.711710,0.157410,12.613102,0.000000,152
10650,85748093683312,13.335509,0.798960,0.127553,12.528968,0.000000,152
10651,85748107018821,13.333705,2.145925,0.169652,11.177122,0.000000,152
10652,85748120352526,13.337411,0.696942,0.198605,12.634066,0.000000,152
10653,85748133689937,13.333017,1.275432,0.194075,12.050887,0.000000,152
10654,85748147022954,13.334383,0.786839,0.224919,12.540710,0.000000,152
10655,85748160357337,13.332533,3.490083,0.196794,9.835385,0.000000,152
10656,85748173689870,13.335306,0.914024,0.190753,12.414790,0.000000,152
10657,85748187025176,13.331153,0.926327,0.218179,12.399061,0.000000,152
10658,85748200356329,13.335280,0.800956,0.215168,12.528105,0.000000,152
10659,85748213691609,13.339336,1.136530,0.203396,12.191723,0.000000,152
10660,85748227030945,13.326862,1.024839,0.220667,12.294127,0.000000,152
10661,85748240357807,13.335507,0.822168,0.221569,12.505416,0.000000,152
10662,85748253693314,13.329565,0.910064,0.213985,12.412659,0.000000,152
10663,85748267022879,13.335443,3.561238,0.189707,9.768120,0.000000,152
10664,85748280358322,13.336311,0.688825,0.169332,12.640677,0.000000,152
10665,85748293694633,13.329494,0.915991,0.201139,12.406461,0.000000,152
10666,85748307024127,13.336548,0.839017,0.211645,12.490971,0.000000,152
10667,85748320360675,13.331975,1.034977,0.219043,12.289547,0.000000,152
10668,85748333692650,13.374024,0.899626,0.208205,12.466660,0.000000,152
10669,85748347066674,13.333559,0.831407,0.156222,12.494725,0.000000,152
10670,85748360400233,13.334544,0.723631,0.236489,12.603064,0.000000,152
10671,85748373734777,13.330582,3.646711,0.181462,9.675709,0.000000,152
10672,85748387065359,13.338149,0.768002,0.190198,12.563424,0.000000,152
10673,85748400403508,13.334431,0.828998,0.204755,12.495098,0.000000,152
10674,85748413737939,13.328507,0.869724,0.238409,12.452535,0.000000,152
10675,85748427066446,13.334344,0.937417,0.223841,12.390476,0.000000,152
10676,85748440400790,13.337698,0.657025,0.218287,12.673373,0.000000,152
10677,85748453738488,13.329355,0.822822,0.207570,12.499777,0.000000,152
10678,85748467067843,13.334437,0.833113,0.236637,12.494710,0.000000,152
10679,85748480402280,13.331797,3.130795,0.197695,10.194323,0.000000,152
10680,85748493734077,13.333028,0.709787,0.175225,12.618142,0.000000,152
10681,85748507067105,13.338569,0.702037,0.193988,12.628829,0.000000,152
10682,85748520405674,13.327222,0.707823,0.199691,12.612586,0.000000,152
10683,85748533732896,13.336197,0.869699,0.199598,12.460997,0.000000,152
10684,85748547069093,13.335414,0.730568,0.195792,12.596521,0.000000,152
10685,85748560404507,13.332674,0.806223,0.165705,12.517893,0.000000,152
10686,85748573737181,13.332097,0.946164,0.219150,12.378379,0.000000,152
10687,85748587069278,13.330815,3.804719,0.211062,9.520269,0.000000,152
10688,85748600400093,13.336601,0.688904,0.250749,12.641994,0.000000,152
10689,85748613736694,13.333250,0.815902,0.212127,12.510065,0.000000,152
10690,85748627069944,13.329579,0.869069,0.180743,12.453843,0.000000,152
10691,85748640399523,13.337545,0.797735,0.215973,12.532237,0.000000,152
10692,85748653737068,13.333959,0.766859,0.226566,12.559087,0.000000,152
10693,85748667071027,13.334475,0.833322,0.237004,12.493535,0.000000,152
10694,85748680405502,13.329699,0.866270,0.196202,12.455964,0.000000,152
10695,85748693735201,13.333240,3.310041,0.168833,10.016919,0.000000,152
10696,85748707068441,13.334312,0.622615,0.156959,12.706537,0.000000,152
10697,85748720402753,13.332196,0.628072,0.195271,12.698477,0.000000,152
10698,85748733734949,13.332496,0.761515,0.213477,12.565388,0.000000,152
10699,85748747067445,13.339113,0.985793,0.190877,12.345918,0.000000,152
10700,85748760406558,13.327803,0.718530,0.190560,12.602984,0.000000,152
10701,85748773734361,13.335030,0.688455,0.208454,12.640779,0.000000,152
10702,85748787069391,13.332739,0.771491,0.178884,12.554473,0.000000,152
10703,85748800402130,13.331014,3.185433,0.153055,10.140606,0.000000,152
10704,85748813733144,13.337820,0.631894,0.150952,12.698980,0.000000,152
10705,85748827070964,13.334427,0.703801,0.222634,12.623491,0.000000,152
10706,85748840405391,13.330760,0.784292,0.207055,12.539412,0.000000,152
10707,85748853736151,13.331236,1.064886,0.236176,12.259949,0.000000,152
10708,85748867067387,13.340480,0.893986,0.175764,12.438147,0.000000,152
10709,85748880407867,13.327468,0.742650,0.169445,12.576424,0.000000,152
10710,85748893735335,13.340295,0.723712,0.210682,12.607955,0.000000,152
10711,85748907075630,13.326095,3.222597,0.198205,10.096435,0.000000,152
10712,85748920401725,13.337297,0.688832,0.197598,12.642554,0.000000,152
10713,85748933739022,13.330233,0.924822,0.227705,12.398605,0.000000,152
10714,85748947069255,13.334137,0.969654,0.199966,12.358327,0.000000,152
10715,85748960403392,13.335650,1.106925,0.225231,12.221666,0.000000,152
10716,85748973739042,13.329986,0.968533,0.171251,12.354232,0.000000,152
10717,85748987069028,13.337990,0.812340,0.197524,12.518702,0.000000,152
10718,85749000407018,13.329494,0.748297,0.188267,12.573773,0.000000,152
10719,85749013736512,13.331231,3.211900,0.165864,10.114054,0.000000,152
10720,85749027067743,13.337359,0.594481,0.204446,12.737661,0.000000,152
10721,85749040405102,13.333700,0.835209,0.179627,12.490659,0.000000,152
10722,85749053738802,13.329903,0.801739,0.205806,12.522143,0.000000,152
10723,85749067068705,13.333757,1.077022,0.170292,12.251576,0.000000,152
10724,85749080402462,13.337036,0.703930,0.199340,12.626858,0.000000,152
10725,85749093739498,13.331190,0.790219,0.207325,12.534218,0.000000,152
10726,85749107070688,13.332382,0.821303,0.160754,12.505866,0.000000,152
10727,85749120403070,13.337006,3.528048,0.205758,9.800713,0.000000,152
10728,85749133740076,13.328847,1.029065,0.149541,12.292832,0.000000,152
10729,85749147068923,13.334866,0.774807,0.177739,12.555101,0.000000,152
10730,85749160403789,13.338118,0.708662,0.183601,12.622605,0.000000,152
10731,85749173741907,13.326790,1.276480,0.202488,12.043168,0.000000,152
10732,85749187068697,13.336326,0.809549,0.178507,12.521518,0.000000,152
10733,85749200405023,13.335739,0.693661,0.179939,12.634452,0.000000,152
10734,85749213740762,13.332484,0.928966,0.178301,12.395205,0.000000,152
10735,85749227073246,13.330148,3.393120,0.155579,9.930262,0.000000,152
10736,85749240403394,13.335763,0.569307,0.261064,12.760967,0.000000,152
10737,85749253739157,13.334800,0.870516,0.189653,12.457789,0.000000,152
10738,85749267073957,13.330436,0.817177,0.167226,12.507492,0.000000,152
10739,85749280404393,13.336264,0.778943,0.237160,12.551569,0.000000,152
10740,85749293740657,13.331783,0.948060,0.206251,12.377553,0.000000,152
10741,85749307072440,13.332787,0.719986,0.167644,12.606634,0.000000,152
10742,85749320405227,13.334518,0.632361,0.165158,12.695159,0.000000,152
10743,85749333739745,13.330603,3.167930,0.160836,10.156372,0.000000,152
10744,85749347070348,13.334406,0.614693,0.155042,12.714998,0.000000,152
10745,85749360404754,13.333565,0.580295,0.160406,12.747087,0.000000,152
10746,85749373738319,13.334682,0.640837,0.176194,12.687071,0.000000,152
10747,85749387073001,13.330828,0.902238,0.154709,12.422212,0.000000,152
10748,85749400403829,13.333826,0.530458,0.171384,12.798314,0.000000,152
10749,85749413737655,13.335458,0.606402,0.150873,12.723680,0.000000,152
10750,85749427073113,13.330981,0.745340,0.165361,12.579497,0.000000,152
10751,85749440404094,13.331903,3.165639,0.144006,10.161848,0.000000,152
10752,85749453735997,13.336886,0.540413,0.218597,12.791178,0.000000,152
10753,85749467072883,13.334456,0.667836,0.152186,12.660125,0.000000,152
10754,85749480407339,13.331408,0.665269,0.130368,12.659876,0.000000,152
10755,85749493738747,13.334986,0.937029,0.141967,12.391715,0.000000,152
10756,85749507073733,13.331914,0.769549,0.128242,12.555847,0.000000,152
10757,85749520405647,13.333476,0.580344,0.152845,12.747040,0.000000,152
10758,85749533739123,13.334143,0.690750,0.178501,12.637850,0.000000,152
10759,85749547073266,13.331853,3.183074,0.157806,10.142056,0.000000,152
10760,85749560405119,13.333717,0.538380,0.117587,12.788878,0.000000,152
10761,85749573738836,13.334373,0.611251,0.149560,12.716297,0.000000,152
10762,85749587073209,13.332687,0.816645,0.151988,12.508969,0.000000,152
10763,85749600405896,13.333881,0.748681,0.160201,12.579380,0.000000,152
10764,85749613739777,13.333587,0.662580,0.188458,12.665223,0.000000,152
10765,85749627073364,13.333940,0.819067,0.190630,12.508095,0.000000,152
10766,85749640407304,13.331917,0.628232,0.134177,12.697567,0.000000,152
10767,85749653739221,13.332792,3.131725,0.101337,10.195431,0.000000,152
10768,85749667072013,13.336193,0.654898,0.118359,12.675532,0.000000,152
10769,85749680408206,13.331519,0.655784,0.108745,12.668811,0.000000,152
10770,85749693739725,13.332695,0.655203,0.149320,12.672588,0.000000,152
10771,85749707072420,13.337201,0.834886,0.127344,12.496306,0.000000,152
10772,85749720409621,13.330113,0.633028,0.137839,12.690476,0.000000,152
10773,85749733739734,13.332827,0.819761,0.245901,12.507080,0.000000,152
10774,85749747072561,13.335713,0.666665,0.357139,12.663592,0.000000,152
10775,85749760408274,13.330896,3.168812,0.251411,10.155676,0.000000,152
10776,85749773739170,13.334541,0.784716,0.220376,12.544566,0.000000,152
10777,85749787073711,13.337169,0.815170,0.244226,12.515143,0.000000,152
10778,85749800410880,13.330388,0.722437,0.246296,12.601274,0.000000,152
10779,85749813741268,13.334369,1.047576,0.221900,12.280917,0.000000,152
10780,85749827075637,13.334881,0.749398,0.251816,12.579019,0.000000,152
10781,85749840410518,13.331730,0.691935,0.246122,12.632907,0.000000,152
10782,85749853742248,13.330741,0.771421,0.453153,12.553277,0.000000,152
10783,85749867072989,13.334630,3.147050,0.279370,10.181145,0.000000,152
10784,85749880407619,13.333060,0.659808,0.291438,12.667335,0.000000,152
10785,85749893740679,13.332525,0.725201,0.275283,12.601383,0.000000,152
10786,85749907073204,13.336144,0.671557,0.324042,12.657828,0.000000,152
10787,85749920409348,13.332632,0.923179,0.280455,12.402702,0.000000,152
10788,85749933741980,13.331703,0.823799,0.252852,12.501833,0.000000,152
10789,85749947073683,13.335261,0.702738,0.285058,12.626641,0.000000,152
10790,85749960408944,13.332331,0.730483,0.305983,12.595671,0.000000,152
10791,85749973741275,13.332087,3.289431,0.288116,10.036789,0.000000,152
10792,85749987073362,13.336185,0.685864,0.305522,12.644814,0.000000,153
10793,85750000409547,13.335266,0.683806,0.338728,12.644630,0.000000,153
10794,85750013744813,13.329178,0.899219,0.327650,12.422420,0.000000,153
10795,85750027073991,13.333489,1.912534,0.321632,11.415397,0.000000,153
10796,85750040407480,13.336688,0.612759,0.341425,12.717724,0.000000,153
10797,85750053744168,13.331362,0.931345,0.322308,12.391897,0.000000,153
10798,85750067075530,13.334003,0.890821,0.362168,12.436579,0.000000,153
10799,85750080409533,13.333811,3.431551,0.341836,9.896087,0.000000,153
10800,85750093743344,13.333656,0.863587,0.355121,12.463340,0.000000,153
10801,85750107077000,13.332556,0.886725,0.436312,12.440175,0.000000,153
10802,85750120409556,13.335150,0.706750,0.356097,12.620415,0.000000,153
10803,85750133744706,13.331235,1.057526,0.319069,12.267163,0.000000,153
10804,85750147075941,13.334346,0.851029,0.313879,12.477022,0.000000,153
10805,85750160410287,13.334922,0.693962,0.892535,12.634950,0.000000,153
10806,85750173745209,13.329058,0.924661,0.420715,12.398065,0.000000,153
10807,85750187074267,13.333536,3.455485,0.326019,9.873178,0.000000,153
10808,85750200407803,13.333680,0.683008,0.353747,12.645778,0.000000,153
10809,85750213741483,13.334847,0.932147,0.379873,12.396519,0.000000,153
10810,85750227076330,13.332280,0.835373,0.372703,12.490938,0.000000,153
10811,85750240408610,13.336142,0.868216,0.392330,12.462386,0.000000,153
10812,85750253744752,13.331479,0.882021,0.341029,12.443162,0.000000,153
10813,85750267076231,13.333655,0.771143,0.319502,12.555587,0.000000,153
10814,85750280409886,13.334268,0.813519,0.291295,12.514845,0.000000,153
10815,85750293744154,13.332123,4.147825,0.235569,9.177221,0.000000,153
10816,85750307076277,13.332729,1.004997,0.229928,12.321847,0.000000,153
10817,85750320409006,13.335695,0.788858,0.373307,12.540692,0.000000,153
10818,85750333744701,13.331480,1.046565,0.381293,12.279341,0.000000,153
10819,85750347076181,13.333521,1.222687,0.326760,12.104199,0.000000,153
10820,85750360409702,13.334177,0.649047,0.386169,12.679446,0.000000,153
10821,85750373743879,13.333859,0.845540,0.353040,12.482803,0.000000,153
10822,85750387077738,13.331619,0.735937,0.341927,12.589841,0.000000,153
10823,85750400409357,13.332923,3.923690,0.316421,9.403077,0.000000,153
10824,85750413742280,13.336496,0.862959,0.269145,12.467793,0.000000,153
10825,85750427078776,13.356859,0.920159,0.246104,12.430800,0.000000,153
10826,85750440435635,13.335997,0.761492,0.329830,12.568565,0.000000,153
10827,85750453771632,13.333071,1.057793,0.357062,12.269750,0.000000,153
10828,85750467104703,13.331695,0.930750,0.316002,12.395227,0.000000,153
10829,85750480436398,13.338452,0.639714,0.371878,12.692095,0.000000,153
10830,85750493774850,13.332147,0.831922,0.384109,12.491858,0.000000,153
10831,85750507106997,13.329505,3.531300,0.321242,9.791876,0.000000,153
10832,85750520436502,13.334556,0.654160,0.340270,12.675499,0.000000,153
10833,85750533771058,13.336221,0.871448,0.382092,12.458915,0.000000,153
10834,85750547107279,13.330759,0.973693,0.374661,12.348445,0.000000,153
10835,85750560438038,13.332901,0.899970,0.346555,12.426961,0.000000,153
10836,85750573770939,13.334229,0.990925,0.363299,12.337119,0.000000,153
10837,85750587105168,13.335152,0.899571,0.369739,12.429036,0.000000,153
10838,85750600440320,13.330647,0.744727,0.398994,12.580545,0.000000,153
10839,85750613770967,13.333297,3.537719,0.347372,9.789664,0.000000,153
10840,85750627104264,13.335211,0.803630,0.342072,12.525748,0.000000,153
10841,85750640439475,13.332604,0.734082,0.358524,12.591867,0.000000,153
10842,85750653772079,13.333077,0.765684,0.255081,12.561741,0.000000,153
10843,85750667105156,13.334699,0.956025,0.341284,12.372395,0.000000,153
10844,85750680439855,13.331149,0.747258,0.362454,12.577895,0.000000,153
10845,85750693771004,13.333938,0.923753,0.343495,12.404764,0.000000,153
10846,85750707104942,13.334097,0.862969,0.372171,12.465241,0.000000,153
10847,85750720439039,13.331545,3.187837,0.305948,10.138884,0.000000,153
10848,85750733770584,13.334511,0.832003,0.328364,12.497404,0.000000,153
10849,85750747105095,13.334213,0.840394,0.583169,12.488437,0.000000,153
10850,85750760439308,13.333186,0.708377,0.319174,12.619434,0.000000,153
10851,85750773772494,13.332939,0.950233,0.324283,12.377052,0.000000,153
10852,85750787105433,13.333340,0.803559,0.332770,12.524734,0.000000,153
10853,85750800438773,13.334719,0.736866,0.325929,12.591625,0.000000,153
10854,85750813773492,13.332093,0.863991,0.542588,12.461979,0.000000,153
10855,85750827105585,13.333389,3.328213,0.248813,9.999709,0.000000,153
10856,85750840438974,13.333229,0.673607,0.340334,12.653482,0.000000,153
10857,85750853772203,13.332582,0.732783,0.350795,12.594574,0.000000,153
10858,85750867104785,13.334186,0.696166,0.351974,12.632174,0.000000,153
10859,85750880438971,13.332949,0.839573,0.343114,12.487007,0.000000,153
10860,85750893771920,13.333709,0.724125,0.327691,12.604048,0.000000,153
10861,85750907105629,13.333945,0.749089,0.350293,12.578855,0.000000,153
10862,85750920439574,13.332327,0.647227,0.376414,12.679708,0.000000,153
10863,85750933771901,13.334766,3.220197,0.359331,10.108774,0.000000,153
10864,85750947106667,13.332563,0.747078,0.335151,12.579651,0.000000,153
10865,85750960439230,13.334406,0.650646,0.346021,12.678131,0.000000,153
10866,85750973773636,13.332390,0.778260,0.307888,12.547237,0.000000,153
10867,85750987106026,13.333950,0.910476,0.328930,12.418085,0.000000,153
10868,85751000439976,13.333607,0.653111,0.334202,12.674499,0.000000,153
10869,85751013773583,13.331982,0.710758,0.337112,12.615697,0.000000,153
10870,85751027105565,13.335121,0.694487,0.407231,12.635041,0.000000,153
10871,85751040440686,13.331639,3.906324,0.286592,9.419283,0.000000,153
10872,85751053772325,13.333681,0.693999,0.330701,12.634377,0.000000,153
10873,85751067106006,13.333874,0.707644,0.316037,12.620387,0.000000,153
10874,85751080439880,13.333800,0.618335,0.351844,12.709977,0.000000,153
10875,85751093773680,13.333074,0.931077,0.352739,12.395750,0.000000,153
10876,85751107106754,13.332808,0.689698,0.362457,12.637228,0.000000,153
10877,85751120439562,13.335455,0.601220,0.358455,12.728021,0.000000,153
10878,85751133775017,13.331253,0.705904,0.354747,12.619447,0.000000,153
10879,85751147106270,13.333885,3.123741,0.341103,10.204416,0.000000,153
10880,85751160440155,13.334546,0.595479,0.355673,12.732871,0.000000,153
10881,85751173774701,13.332448,0.751631,0.330991,12.574856,0.000000,153
10882,85751187107149,13.333593,0.706053,0.328548,12.621765,0.000000,153
10883,85751200440742,13.334710,0.904911,0.322265,12.423802,0.000000,153
10884,85751213775452,13.333562,0.826473,0.366147,12.500592,0.000000,153
10885,85751227109014,13.331870,0.849814,0.342054,12.476172,0.000000,153
10886,85751240440884,13.333078,0.662042,0.376985,12.665571,0.000000,153
10887,85751253773962,13.332637,3.280342,0.361178,10.046968,0.000000,153
10888,85751267106599,13.333599,0.726867,0.338209,12.601233,0.000000,153
10889,85751280440198,13.334164,0.626107,0.352778,12.702430,0.000000,153
10890,85751293774362,13.332477,0.793704,0.320025,12.533380,0.000000,153
10891,85751307106839,13.334867,1.106384,0.490297,12.223013,0.000000,153
10892,85751320441706,13.333204,0.948527,0.339194,12.379023,0.000000,153
10893,85751333774910,13.332265,0.832756,0.324852,12.494464,0.000000,153
10894,85751347107175,13.334587,0.783428,0.397903,12.544210,0.000000,153
10895,85751360441762,13.333084,3.287731,0.328634,10.039681,0.000000,153
10896,85751373774846,13.333042,0.833751,0.348123,12.493917,0.000000,153
10897,85751387107888,13.334022,0.774833,0.306573,12.553307,0.000000,153
10898,85751400441910,13.332150,0.665629,0.301216,12.660949,0.000000,153
10899,85751413774060,13.337265,0.983984,0.336302,12.346350,0.000000,153
10900,85751427111325,13.330360,0.975550,0.327524,12.348322,0.000000,153
10901,85751440441685,13.332457,0.668837,0.324868,12.658058,0.000000,153
10902,85751453774142,13.335650,0.766326,0.348578,12.563815,0.000000,153
10903,85751467109792,13.331605,3.257551,0.307909,10.069288,0.000000,153
10904,85751480441397,13.333559,0.692984,0.448897,12.635531,0.000000,153
10905,85751493774956,13.334743,0.811072,0.340622,12.517661,0.000000,153
10906,85751507109699,13.332671,0.790761,0.340022,12.535015,0.000000,153
10907,85751520442370,13.332864,0.864137,0.439916,12.463613,0.000000,153
10908,85751533775234,13.334894,0.747560,0.363146,12.582375,0.000000,153
10909,85751547110128,13.333066,0.771029,0.344202,12.554446,0.000000,153
10910,85751560443194,13.332798,0.642921,0.409562,12.683610,0.000000,153
10911,85751573775992,13.332361,3.276894,0.337776,10.049487,0.000000,153
10912,85751587108353,13.333154,0.665775,0.334567,12.662467,0.000000,153
10913,85751600441507,13.333630,0.659966,0.353691,12.668297,0.000000,153
10914,85751613775137,13.333187,0.790497,0.349189,12.536978,0.000000,153
10915,85751627108324,13.332984,1.011512,0.651089,12.315798,0.000000,153
10916,85751640441308,13.334892,0.614321,0.349214,12.715419,0.000000,153
10917,85751653776200,13.335557,0.941076,0.352768,12.387733,0.000000,153
10918,85751667111757,13.332771,0.933751,0.363753,12.392306,0.000000,153
10919,85751680444528,13.331254,3.157962,0.347443,10.167540,0.000000,153
10920,85751693775782,13.335763,0.762938,0.359267,12.566906,0.000000,153
10921,85751707111545,13.334126,0.811559,0.355600,12.515602,0.000000,153
10922,85751720445671,13.330537,0.717661,0.353231,12.607403,0.000000,153
10923,85751733776208,13.334977,0.966135,0.355134,12.362797,0.000000,154
10924,85751747111185,13.334459,0.809173,0.347823,12.517945,0.000000,154
10925,85751760445644,13.332256,0.732496,0.344912,12.592064,0.000000,154
10926,85751773777900,13.334336,0.798654,0.387456,12.529691,0.000000,154
10927,85751787112236,13.331133,3.474365,0.338787,9.850766,0.000000,154
10928,85751800443369,13.334631,0.675402,0.349046,12.653750,0.000000,154
10929,85751813778000,13.332956,0.801676,0.363832,12.524623,0.000000,154
10930,85751827110956,13.334573,0.828712,0.358062,12.498751,0.000000,154
10931,85751840445529,13.332573,0.914289,0.556273,12.412113,0.000000,154
10932,85751853778102,13.333072,1.026992,0.348168,12.298837,0.000000,154
10933,85751867111174,13.333362,0.963588,0.353787,12.362779,0.000000,154
10934,85751880444536,13.334657,0.946811,0.357561,12.381283,0.000000,154
10935,85751893779193,13.332005,3.245612,0.342550,10.079273,0.000000,154
10936,85751907111198,13.333314,0.892379,0.324033,12.434780,0.000000,154
10937,85751920444512,13.332568,0.679152,0.611560,12.647068,0.000000,154
10938,85751933777080,13.335119,0.812184,0.353843,12.516604,0.000000,154
10939,85751947112199,13.332447,1.021267,0.341705,12.304543,0.000000,154
10940,85751960444646,13.335053,0.820054,0.408864,12.508833,0.000000,154
10941,85751973779699,13.332711,0.890829,0.370991,12.434462,0.000000,154
10942,85751987112410,13.332963,0.979547,0.300193,12.346251,0.000000,154
10943,85752000445373,13.333174,3.184809,0.254767,10.142101,0.000000,154
10944,85752013778547,13.332591,0.836783,0.250504,12.489587,0.000000,154
10945,85752027111138,13.334455,0.789911,0.268028,12.537738,0.000000,154
10946,85752040445593,13.332428,0.704411,0.622520,12.621574,0.000000,154
10947,85752053778021,13.332741,1.006636,0.339479,12.319803,0.000000,154
10948,85752067110762,13.334559,0.769703,0.335550,12.558751,0.000000,154
10949,85752080445321,13.333957,0.695245,0.358312,12.632594,0.000000,154
10950,85752093779278,13.331723,0.806192,0.372113,12.519205,0.000000,154
10951,85752107111001,13.334078,3.310375,0.348991,10.017561,0.000000,154
10952,85752120445079,13.333138,0.785031,0.352735,12.541689,0.000000,154
10953,85752133778217,13.333427,0.892201,0.336946,12.435009,0.000000,154
10954,85752147111644,13.335592,0.783525,0.609042,12.545673,0.000000,154
10955,85752160447236,13.331831,0.938946,0.753745,12.385691,0.000000,154
10956,85752173779067,13.332926,0.932345,0.345714,12.394809,0.000000,154
10957,85752187111993,13.333796,1.066474,0.730975,12.260958,0.000000,154
10958,85752200445789,13.333994,0.683204,0.273479,12.644320,0.000000,154
10959,85752213779783,13.341148,3.417928,0.588098,9.912593,0.000000,154
10960,85752227120931,13.326165,1.130055,0.358220,12.187692,0.000000,154
10961,85752240447096,13.333115,0.835897,0.347334,12.490763,0.000000,154
10962,85752253780211,13.332872,1.237030,0.534164,12.089427,0.000000,154
10963,85752267113083,13.334509,1.013635,0.328754,12.314777,0.000000,154
10964,85752280447592,13.331906,0.735523,0.400974,12.589166,0.000000,154
10965,85752293779498,13.334642,0.819725,0.343669,12.508554,0.000000,154
10966,85752307114140,13.333524,0.851856,0.435552,12.474651,0.000000,154
10967,85752320447664,13.332254,3.165401,0.447402,10.160120,0.000000,154
10968,85752333779918,13.333597,0.945646,0.338178,12.381891,0.000000,154
10969,85752347113515,13.333494,0.818239,0.523269,12.508745,0.000000,154
10970,85752360447009,13.334919,0.719267,0.357726,12.609501,0.000000,154
10971,85752373781928,13.332437,1.120793,0.341861,12.204751,0.000000,154
10972,85752387114365,13.332109,0.961692,0.326156,12.363837,0.000000,154
10973,85752400446474,13.336191,0.689972,0.335480,12.639748,0.000000,154
10974,85752413782665,13.332605,0.893109,0.360430,12.432204,0.000000,154
10975,85752427115270,13.331713,3.761838,0.337346,9.563825,0.000000,154
10976,85752440446983,13.335247,0.810770,0.344239,12.518033,0.000000,154
10977,85752453782230,13.334018,0.967281,0.344719,12.358889,0.000000,154
10978,85752467116248,13.332468,0.997011,0.330777,12.328043,0.000000,154
10979,85752480448716,13.333689,1.235532,0.340088,12.091435,0.000000,154
10980,85752493782405,13.333146,0.999492,0.335081,12.325552,0.000000,154
10981,85752507115551,13.332307,0.996908,0.247827,12.327240,0.000000,154
10982,85752520447858,13.334817,0.820150,0.364121,12.507261,0.000000,154
10983,85752533782675,13.330699,3.949998,0.377529,9.374694,0.000000,154
10984,85752547113374,13.335852,0.892511,0.250836,12.437331,0.000000,154
10985,85752560449226,13.333113,0.728032,0.354173,12.598624,0.000000,154
10986,85752573782339,13.332826,0.838842,0.340303,12.487125,0.000000,154
10987,85752587115165,13.334337,1.026608,0.344683,12.301629,0.000000,154
10988,85752600449502,13.333774,0.735694,0.335914,12.591030,0.000000,154
10989,85752613783276,13.333981,0.853117,0.332920,12.473840,0.000000,154
10990,85752627117257,13.332944,0.820594,0.340478,12.505691,0.000000,154
10991,85752640450201,13.332636,3.139963,0.326563,10.186017,0.000000,154
10992,85752653782837,13.332585,0.819366,0.330704,12.506758,0.000000,154
10993,85752667115422,13.333054,0.794392,0.329575,12.532665,0.000000,154
10994,85752680448476,13.333034,0.710584,0.327751,12.616419,0.000000,154
10995,85752693781510,13.334346,0.967833,0.326762,12.360626,0.000000,154
10996,85752707115856,13.331601,0.786380,0.318556,12.539701,0.000000,154
10997,85752720447457,13.336032,0.746052,0.328309,12.584047,0.000000,154
10998,85752733783489,13.333598,0.912862,0.335139,12.413137,0.000000,154
10999,85752747117087,13.331409,3.200408,0.319166,10.125038,0.000000,154
11000,85752760448496,13.334860,0.688830,0.326308,12.640021,0.000000,154
11001,85752773783356,13.332890,0.782620,0.323737,12.544299,0.000000,154
11002,85752787116246,13.333390,0.807453,0.336005,12.520102,0.000000,154
11003,85752800449636,13.332745,0.910417,0.315838,12.416588,0.000000,154
11004,85752813782381,13.333036,0.779129,0.311010,12.548524,0.000000,154
11005,85752827115417,13.335759,0.762025,0.346640,12.567136,0.000000,154
11006,85752840451176,13.333053,0.740866,0.315919,12.585357,0.000000,154
11007,85752853784229,13.332839,3.222318,0.304327,10.104407,0.000000,154
11008,85752867117068,13.333049,0.795086,0.324349,12.531992,0.000000,154
11009,85752880450117,13.332132,0.748030,0.309393,12.578346,0.000000,154
11010,85752893782249,13.334110,0.871060,0.322527,12.456818,0.000000,154
11011,85752907116359,13.335177,0.943657,0.320546,12.384855,0.000000,154
11012,85752920451536,13.330779,0.724376,0.318468,12.600281,0.000000,154
11013,85752933782315,13.333129,0.779916,0.323194,12.548074,0.000000,154
11014,85752947115444,13.334650,0.777175,0.336655,12.552121,0.000000,154
11015,85752960450094,13.332182,3.233058,0.333872,10.093299,0.000000,154
11016,85752973782276,13.333620,0.778012,0.344018,12.550402,0.000000,154
11017,85752987115896,13.336759,0.860194,0.359820,12.470362,0.000000,154
11018,85753000452655,13.332800,0.838042,0.337056,12.486830,0.000000,154
11019,85753013785455,13.332239,1.154759,0.329300,12.170444,0.000000,154
11020,85753027117694,13.334264,0.905789,0.342698,12.421592,0.000000,154
11021,85753040451958,13.333129,0.841846,0.318597,12.484334,0.000000,154
11022,85753053785087,13.331781,0.927577,0.325811,12.397416,0.000000,154
11023,85753067116868,13.333731,3.190248,0.327105,10.137016,0.000000,154
11024,85753080450599,13.332841,0.689598,0.333504,12.637259,0.000000,154
11025,85753093783440,13.332012,0.800825,0.301060,12.525799,0.000000,154
11026,85753107115452,13.335954,0.777336,0.352695,12.553069,0.000000,154
11027,85753120451406,13.333427,0.908304,0.274032,12.418181,0.000000,154
11028,85753133784833,13.331373,0.806107,0.398641,12.519012,0.000000,154
11029,85753147116206,13.333559,0.803114,0.309469,12.524769,0.000000,154
11030,85753160449765,13.334588,0.642111,0.330068,12.685520,0.000000,154
11031,85753173784353,13.331481,3.226838,0.243387,10.098719,0.000000,154
11032,85753187115834,13.334755,0.699163,0.237881,12.629774,0.000000,154
11033,85753200450589,13.334899,0.783024,0.319117,12.544910,0.000000,154
11034,85753213785488,13.333252,0.912967,0.337089,12.413465,0.000000,154
11035,85753227118740,13.331294,0.928238,0.326574,12.396836,0.000000,154
11036,85753240450034,13.336922,0.700153,0.435777,12.630218,0.000000,154
11037,85753253786956,13.329722,1.185496,0.322911,12.136899,0.000000,154
11038,85753267116678,13.334197,0.840133,0.329331,12.488709,0.000000,154
11039,85753280450875,13.334756,3.571895,0.315967,9.754791,0.000000,154
11040,85753293785631,13.332780,1.026789,0.322699,12.299039,0.000000,154
11041,85753307118411,13.333037,0.893065,0.321725,12.433265,0.000000,154
11042,85753320451448,13.333619,0.753653,0.335576,12.573289,0.000000,154
11043,85753333785067,13.333519,1.473650,0.305637,11.852856,0.000000,154
11044,85753347118586,13.333958,0.834297,0.306363,12.492952,0.000000,154
11045,85753360452544,13.334262,0.657170,0.313689,12.671006,0.000000,154
11046,85753373786806,13.331374,0.780389,0.314633,12.544957,0.000000,154
11047,85753387118180,13.334083,3.148684,0.301027,10.180264,0.000000,154
11048,85753400452263,13.334559,0.617054,0.319624,12.711849,0.000000,154
11049,85753413786822,13.331897,1.052595,0.312412,12.273327,0.000000,154
11050,85753427118719,13.332917,0.737346,0.294275,12.589928,0.000000,154
11051,85753440451636,13.344943,0.854231,0.293263,12.480174,0.000000,154
11052,85753453796579,13.323248,0.901054,0.305969,12.413283,0.000000,154
11053,85753467119827,13.333107,0.782628,0.329681,12.544890,0.000000,154
11054,85753480452934,13.333021,0.712605,0.320137,12.615024,0.000000,154
11055,85753493785955,13.333083,3.239077,0.323330,10.088127,0.000000,154
11056,85753507119038,13.333372,0.790695,0.312928,12.537071,0.000000,155
11057,85753520452410,13.333496,0.684898,0.295217,12.643257,0.000000,155
11058,85753533785906,13.339898,0.755631,0.341287,12.575267,0.000000,155
11059,85753547125804,13.327770,1.314282,0.327369,12.005371,0.000000,155
11060,85753560453574,13.332822,0.777337,0.315454,12.548260,0.000000,155
11061,85753573786396,13.333018,0.902998,0.315874,12.423910,0.000000,155
11062,85753587119414,13.332995,0.980857,0.315930,12.345392,0.000000,155
11063,85753600452409,13.331913,3.456939,0.226329,9.869382,0.000000,155
11064,85753613784322,13.335751,0.968034,0.226935,12.361826,0.000000,155
11065,85753627120073,13.336475,0.872950,0.341681,12.455763,0.000000,155
11066,85753640456548,13.329205,0.844766,0.302550,12.477250,0.000000,155
11067,85753653785753,13.335817,1.091069,0.324533,12.238694,0.000000,155
11068,85753667121570,13.333084,0.799745,0.322000,12.526541,0.000000,155
11069,85753680454654,13.334596,0.701761,0.326473,12.626359,0.000000,155
11070,85753693789250,13.332521,0.841182,0.336601,12.485752,0.000000,155
11071,85753707121771,13.332104,3.201271,0.308255,10.124479,0.000000,155
11072,85753720453875,13.333065,0.688085,0.316001,12.639544,0.000000,155
11073,85753733786940,13.344162,0.836488,0.250822,12.497923,0.000000,155
11074,85753747131102,13.323923,1.059499,0.308842,12.254610,0.000000,155
11075,85753760455025,13.341418,0.921791,0.314640,12.409269,0.000000,155
11076,85753773796443,13.330133,1.131329,0.315222,12.187059,0.000000,155
11077,85753787126576,13.329754,0.983483,0.350068,12.337978,0.000000,155
11078,85753800456330,13.343083,0.838825,0.311894,12.491434,0.000000,155
11079,85753813799413,13.326325,3.352188,0.308321,9.963921,0.000000,155
11080,85753827125738,13.369852,0.803252,0.439020,12.560296,0.000000,155
11081,85753840495590,13.296951,0.934374,0.327751,12.355632,0.000000,155
11082,85753853792541,13.331976,0.812860,0.525794,12.512603,0.000000,155
11083,85753867124517,13.347660,1.085960,0.364935,12.250444,0.000000,155
11084,85753880472177,13.320572,0.927330,0.337121,12.383605,0.000000,155
11085,85753893792749,13.333004,0.854507,0.366549,12.472132,0.000000,155
11086,85753907125753,13.334216,0.806880,0.488881,12.521146,0.000000,155
11087,85753920459969,13.332750,3.183898,0.348399,10.142847,0.000000,155
11088,85753933792719,13.332399,0.851671,0.321606,12.474809,0.000000,155
11089,85753947125118,13.334131,0.744971,0.259822,12.583655,0.000000,155
11090,85753960459249,13.334248,0.683792,0.201454,12.641762,0.000000,155
11091,85753973793497,13.331808,1.031600,0.300661,12.294140,0.000000,155
11092,85753987125305,13.491126,0.761050,0.313936,12.718521,0.000000,155
11093,85754000616431,13.321113,1.498683,0.321866,11.802200,0.000000,155
11094,85754013937544,13.331139,0.914230,0.340184,12.410693,0.000000,155
11095,85754027268683,13.336588,3.208396,0.331720,10.120260,0.000000,155
11096,85754040605271,13.331041,0.974367,0.333297,12.348600,0.000000,155
11097,85754053936312,13.332415,0.923122,0.329885,12.402764,0.000000,155
11098,85754067268727,13.333897,0.866681,0.411112,12.461130,0.000000,155
11099,85754080602624,13.336453,1.157353,0.335647,12.171979,0.000000,155
11100,85754093939077,13.333670,0.874978,0.331617,12.448895,0.000000,155
11101,85754107272747,13.330556,1.092423,0.331869,12.229028,0.000000,155
11102,85754120603303,13.333937,0.815036,0.321076,12.511364,0.000000,155
11103,85754133937240,13.335658,3.310815,0.327147,10.016064,0.000000,155
11104,85754147272898,13.328550,1.064393,0.317613,12.257521,0.000000,155
11105,85754160601448,13.340374,0.733848,0.320632,12.598209,0.000000,155
11106,85754173941822,13.329003,1.167015,0.331789,12.154502,0.000000,155
11107,85754187270825,13.331960,1.194763,0.309897,12.131051,0.000000,155
11108,85754200602785,13.341673,0.817758,0.313816,12.514427,0.000000,155
11109,85754213944458,13.327981,1.293649,0.319746,12.025616,0.000000,155
11110,85754227272439,13.331687,0.985468,0.395104,12.338691,0.000000,155
11111,85754240604126,13.348699,3.320277,0.342338,10.014488,0.000000,155
11112,85754253952825,13.319034,0.934318,0.323847,12.374469,0.000000,155
11113,85754267271859,13.332294,0.811991,0.349461,12.513625,0.000000,155
11114,85754280604153,13.346123,0.723578,0.327275,12.608087,0.000000,155
11115,85754293950276,13.320303,1.250873,0.292580,12.059268,0.000000,155
11116,85754307270579,13.335869,0.783209,0.368851,12.545995,0.000000,155
11117,85754320606448,13.333428,0.796662,0.302418,12.529171,0.000000,155
11118,85754333939876,13.331697,1.052498,0.336366,12.272405,0.000000,155
11119,85754347271573,13.331372,3.196403,0.290583,10.128775,0.000000,155
11120,85754360602945,13.338061,0.662978,0.295571,12.667571,0.000000,155
11121,85754373941006,13.331989,1.052809,0.314817,12.272252,0.000000,155
11122,85754387272995,13.331133,0.829138,0.325414,12.495261,0.000000,155
11123,85754400604128,13.333684,0.900180,0.434679,12.426856,0.000000,155
11124,85754413937812,13.336669,1.017179,0.314482,12.311936,0.000000,155
11125,85754427274481,13.333707,1.102434,0.300734,12.221770,0.000000,155
11126,85754440608188,13.330805,0.993578,0.311141,12.329097,0.000000,155
11127,85754453938993,13.339321,3.323665,0.304128,10.004823,0.000000,155
11128,85754467278314,13.325712,0.884547,0.353097,12.434329,0.000000,155
11129,85754480604026,13.337061,0.769570,0.273577,12.559312,0.000000,155
11130,85754493941087,13.331791,1.058591,0.298545,12.265847,0.000000,155
11131,85754507272878,13.330747,1.275984,0.283175,12.048834,0.000000,155
11132,85754520603625,13.333259,0.643982,0.273806,12.684113,0.000000,155
11133,85754533936884,13.335623,0.700192,0.379606,12.629743,0.000000,155
11134,85754547272507,13.331914,0.894960,0.299366,12.430857,0.000000,155
11135,85754560604421,13.335910,3.087389,0.286186,10.240555,0.000000,155
11136,85754573940331,13.333938,0.792813,0.318346,12.533581,0.000000,155
11137,85754587274269,13.330686,1.012993,0.309811,12.310343,0.000000,155
11138,85754600604955,13.334333,0.713505,0.309593,12.614509,0.000000,155
11139,85754613939288,13.334001,1.071124,0.524897,12.255369,0.000000,155
11140,85754627273289,13.337907,1.384909,0.316863,11.942499,0.000000,155
11141,85754640611196,13.328507,0.908486,0.356368,12.411447,0.000000,155
11142,85754653939703,13.337608,1.068882,0.303338,12.260421,0.000000,155
11143,85754667277311,13.335948,3.757571,0.310711,9.568260,0.000000,155
11144,85754680613259,13.328795,0.853167,0.293383,12.466646,0.000000,155
11145,85754693942054,13.332506,1.069256,0.330916,12.255038,0.000000,155
11146,85754707274560,13.333433,1.060299,0.290439,12.266038,0.000000,155
11147,85754720607993,13.335301,1.121705,0.283931,12.202915,0.000000,155
11148,85754733943294,13.329221,1.152136,0.442549,12.169528,0.000000,155
11149,85754747272515,13.335348,1.239385,0.359393,12.087934,0.000000,155
11150,85754760607863,13.332342,0.821693,0.314453,12.504775,0.000000,155
11151,85754773940205,13.337984,3.978039,0.356004,9.350656,0.000000,155
11152,85754787278189,13.330177,1.106870,0.285041,12.216068,0.000000,155
11153,85754800608366,13.331565,0.770009,0.287424,12.554731,0.000000,155
11154,85754813939931,13.333193,0.956140,0.296122,12.371173,0.000000,155
11155,85754827273124,13.334467,1.046667,0.300325,12.281595,0.000000,155
11156,85754840607591,13.331384,0.736766,0.241283,12.588347,0.000000,155
11157,85754853938975,13.334201,0.929961,0.285833,12.398555,0.000000,155
11158,85754867273176,13.335381,0.887121,0.294821,12.441343,0.000000,155
11159,85754880608557,13.332696,3.271341,0.284523,10.054627,0.000000,155
11160,85754893941253,13.332736,0.769674,0.198003,12.556528,0.000000,155
11161,85754907273989,13.333667,0.750069,0.298990,12.577861,0.000000,155
11162,85754920607656,13.333977,0.686928,0.334587,12.640632,0.000000,155
11163,85754933941633,13.331396,1.040779,0.297451,12.284301,0.000000,155
11164,85754947273029,13.333524,1.012413,0.334995,12.315372,0.000000,155
11165,85754960606553,13.335376,0.774621,0.297701,12.553597,0.000000,155
11166,85754973941929,13.339162,0.783429,0.216873,12.545768,0.000000,155
11167,85754987281091,13.327656,3.303190,0.362386,10.016283,0.000000,155
11168,85755000608747,13.334424,0.806553,0.347165,12.520925,0.000000,155
11169,85755013943171,13.330872,0.860915,0.376042,12.462626,0.000000,155
11170,85755027274043,13.337040,1.006462,0.256865,12.322702,0.000000,155
11171,85755040611083,13.333192,0.931738,0.310171,12.392505,0.000000,155
11172,85755053944275,13.331855,0.975925,0.307318,12.347611,0.000000,155
11173,85755067276130,13.333746,1.011219,0.382147,12.316340,0.000000,155
11174,85755080609876,13.332157,0.869279,0.302523,12.456188,0.000000,155
11175,85755093942033,13.333259,3.217021,0.296350,10.110358,0.000000,155
11176,85755107275292,13.334197,0.778328,0.300888,12.548643,0.000000,155
11177,85755120609489,13.332573,0.689567,0.310115,12.635846,0.000000,155
11178,85755133942062,13.332258,0.816460,0.300234,12.508523,0.000000,155
11179,85755147274320,13.334533,0.955684,0.365747,12.372499,0.000000,155
11180,85755160608853,13.333498,0.819826,0.297974,12.507046,0.000000,155
11181,85755173942351,13.333031,0.951159,0.297943,12.375209,0.000000,155
11182,85755187275382,13.333240,0.782301,0.294316,12.543777,0.000000,155
11183,85755200608622,13.335518,3.130101,0.308725,10.198590,0.000000,155
11184,85755213944140,13.332210,0.872743,0.310363,12.452260,0.000000,155
11185,85755227276350,13.333517,0.825058,0.308423,12.500863,0.000000,155
11186,85755240609867,13.338723,0.849442,0.300164,12.479453,0.000000,155
11187,85755253948590,13.334104,1.193987,0.299043,12.130414,0.000000,155
11188,85755267282694,13.328604,0.865745,0.296569,12.454228,0.000000,155
11189,85755280611298,13.335601,0.730363,0.363495,12.595136,0.000000,155
11190,85755293946899,13.333488,1.022967,0.295024,12.301311,0.000000,155
11191,85755307280387,13.328741,3.352792,0.421517,9.967247,0.000000,155
11192,85755320609128,13.332034,1.070101,0.393995,12.255646,0.000000,156
11193,85755333941162,13.339598,1.072461,0.330360,12.259479,0.000000,156
11194,85755347280760,13.334305,0.990676,0.308671,12.332666,0.000000,156
11195,85755360615065,13.332671,1.663714,0.275429,11.659134,0.000000,156
11196,85755373947736,13.330923,1.126207,0.303799,12.195250,0.000000,156
11197,85755387278659,13.331379,0.978547,0.351579,12.345234,0.000000,156
11198,85755400610038,13.333531,0.946823,0.303690,12.379822,0.000000,156
11199,85755413943569,13.334177,3.750584,0.314233,9.575719,0.000000,156
11200,85755427277746,13.334303,1.172966,0.309585,12.153663,0.000000,156
11201,85755440612049,13.332632,0.976182,0.372879,12.348439,0.000000,156
11202,85755453944681,13.334767,1.266051,0.309124,12.060422,0.000000,156
11203,85755467279448,13.331127,1.467172,0.303296,11.855464,0.000000,156
11204,85755480610575,13.341045,0.806704,0.299271,12.524014,0.000000,156
11205,85755493951620,13.328645,1.078934,0.231504,12.240827,0.000000,156
11206,85755507280265,13.329451,1.203615,0.287558,12.118454,0.000000,156
11207,85755520609716,13.332616,3.577630,0.297599,9.748750,0.000000,156
11208,85755533942332,13.337550,0.857066,0.351815,12.472696,0.000000,156
11209,85755547279882,13.348850,1.000197,0.299337,12.333837,0.000000,156
11210,85755560628732,13.318006,0.954561,0.225700,12.351334,0.000000,156
11211,85755573946738,13.330108,1.301587,0.306692,12.020784,0.000000,156
11212,85755587276846,13.332308,0.906883,0.312238,12.417873,0.000000,156
11213,85755600609154,13.334738,1.006812,0.350101,12.321868,0.000000,156
11214,85755613943892,13.339738,0.979314,0.350469,12.349622,0.000000,156
11215,85755627283630,13.330550,3.320830,0.344851,10.000469,0.000000,156
11216,85755640614180,13.332294,1.000307,0.278662,12.325151,0.000000,156
11217,85755653946474,13.341628,0.851735,0.300169,12.479576,0.000000,156
11218,85755667288102,13.326231,0.870671,0.306057,12.449016,0.000000,156
11219,85755680614333,13.331751,0.994341,0.307185,12.331444,0.000000,156
11220,85755693946084,13.333877,0.758766,0.302483,12.569331,0.000000,156
11221,85755707279961,13.335046,0.811483,0.342714,12.516979,0.000000,156
11222,85755720615007,13.331209,0.745591,0.231458,12.578422,0.000000,156
11223,85755733946216,13.333988,3.206000,0.225081,10.121895,0.000000,156
11224,85755747280204,13.334834,0.851479,0.312256,12.475762,0.000000,156
11225,85755760615038,13.332098,0.884001,0.327523,12.441178,0.000000,156
11226,85755773947136,13.333860,0.797617,0.318618,12.530243,0.000000,156
11227,85755787280996,13.334191,1.083246,0.330300,12.244411,0.000000,156
11228,85755800615187,13.335762,0.815546,0.366085,12.510351,0.000000,156
11229,85755813950949,13.330171,1.074845,0.345308,12.247525,0.000000,156
11230,85755827281120,13.340421,1.107782,0.289028,12.220468,0.000000,156
11231,85755840621541,13.332637,3.515062,0.302564,9.806451,0.000000,156
11232,85755853954178,13.326289,1.040478,0.309947,12.279038,0.000000,156
11233,85755867280467,13.334045,1.307296,0.272127,12.018992,0.000000,156
11234,85755880614512,13.343733,0.821894,0.300387,12.509501,0.000000,156
11235,85755893958245,13.324003,1.265966,0.356692,12.048853,0.000000,156
11236,85755907282248,13.331158,1.179338,0.299887,12.143760,0.000000,156
11237,85755920613406,13.339836,0.870037,0.330732,12.461087,0.000000,156
11238,85755933953242,13.328903,0.982353,0.296297,12.339466,0.000000,156
11239,85755947282145,13.333853,3.768797,0.309373,9.557854,0.000000,156
11240,85755960615998,13.336387,0.899372,0.307669,12.426628,0.000000,156
11241,85755973952385,13.331338,1.056376,0.303342,12.266288,0.000000,156
11242,85755987283723,13.336118,1.155525,0.304574,12.171845,0.000000,156
11243,85756000619841,13.330401,1.231710,0.304131,12.089840,0.000000,156
11244,85756013950242,13.331044,1.027796,0.411988,12.297041,0.000000,156
11245,85756027281286,13.337546,1.222473,0.319672,12.106597,0.000000,156
11246,85756040618832,13.332040,0.932963,0.271949,12.389231,0.000000,156
11247,85756053950872,13.331316,3.323839,0.360508,10.000133,0.000000,156
11248,85756067282188,13.333966,0.993606,0.297344,12.333744,0.000000,156
11249,85756080616154,13.336268,0.888847,0.313831,12.439331,0.000000,156
11250,85756093952422,13.336263,1.203658,0.426604,12.123159,0.000000,156
11251,85756107288685,13.332894,1.475111,0.328249,11.848288,0.000000,156
11252,85756120621579,13.331695,1.001727,0.325518,12.319743,0.000000,156
11253,85756133953274,13.339890,1.058111,0.326899,12.271130,0.000000,156
11254,85756147293164,13.325803,1.039625,0.389547,12.273680,0.000000,156
11255,85756160618967,13.329491,3.697064,0.184287,9.625012,0.000000,156
11256,85756173948458,13.334159,1.122819,0.176409,12.205450,0.000000,156
11257,85756187282617,13.335116,1.004771,0.224138,12.322971,0.000000,156
11258,85756200617733,13.338212,0.896766,0.223971,12.427775,0.000000,156
11259,85756213955945,13.328915,1.296419,0.339284,12.022637,0.000000,156
11260,85756227284860,13.332087,0.998969,0.345511,12.325950,0.000000,156
11261,85756240616947,13.333798,0.957016,0.362201,12.369835,0.000000,156
11262,85756253950745,13.335389,1.185473,0.330078,12.142426,0.000000,156
11263,85756267286134,13.330259,4.060105,0.560206,9.262876,0.000000,156
11264,85756280616393,13.334699,0.865121,0.348608,12.462466,0.000000,156
11265,85756293951092,13.334075,1.082376,0.349103,12.243952,0.000000,156
11266,85756307285167,13.333639,1.059831,0.331195,12.264222,0.000000,156
11267,85756320618806,13.332213,1.147998,0.538224,12.177332,0.000000,156
11268,85756333951019,13.334412,0.902018,0.334506,12.425595,0.000000,156
11269,85756347285431,13.331918,1.219492,0.212303,12.105414,0.000000,156
11270,85756360617349,13.334634,0.794870,0.225267,12.533589,0.000000,156
11271,85756373951983,13.334611,3.800051,0.563170,9.526117,0.000000,156
11272,85756387286594,13.330448,1.018765,0.320753,12.304182,0.000000,156
11273,85756400617042,13.334442,0.884418,0.393323,12.444037,0.000000,156
11274,85756413951484,13.334687,0.951326,0.345875,12.376078,0.000000,156
11275,85756427286171,13.331963,1.289245,0.311749,12.035408,0.000000,156
11276,85756440618134,13.333949,0.816240,0.303880,12.510778,0.000000,156
11277,85756453952083,13.342917,1.162358,0.353312,12.169958,0.000000,156
11278,85756467295000,13.324447,1.078867,0.334079,12.237270,0.000000,156
11279,85756480619447,13.332775,3.614063,0.335278,9.712138,0.000000,156
11280,85756493952222,13.334739,1.031503,0.482575,12.295046,0.000000,156
11281,85756507286961,13.332788,0.924969,0.318765,12.400086,0.000000,156
11282,85756520619749,13.333702,0.934066,0.344921,12.393349,0.000000,156
11283,85756533953451,13.332636,1.343787,0.329422,11.980288,0.000000,156
11284,85756547286087,13.334570,1.081745,0.306567,12.245361,0.000000,156
11285,85756560620657,13.332747,0.943335,0.335840,12.381271,0.000000,156
11286,85756573953404,13.340773,1.036139,0.230246,12.294098,0.000000,156
11287,85756587294177,13.325934,3.723059,0.338262,9.594836,0.000000,156
11288,85756600620111,13.335383,0.977385,0.304083,12.350314,0.000000,156
11289,85756613955494,13.331598,1.042978,0.332172,12.280388,0.000000,156
11290,85756627287092,13.333906,1.001606,0.334205,12.324944,0.000000,156
11291,85756640620998,13.335729,1.182822,0.324257,12.143591,0.000000,156
11292,85756653956727,13.331149,1.090645,0.312551,12.231959,0.000000,156
11293,85756667287876,13.340257,1.045522,0.336731,12.280982,0.000000,156
11294,85756680628133,13.325083,0.919198,0.593807,12.397332,0.000000,156
11295,85756693953216,13.334923,3.712301,0.308080,9.616418,0.000000,156
11296,85756707288139,13.332247,0.919054,0.449446,12.405866,0.000000,156
11297,85756720620386,13.333025,0.761115,0.327482,12.565285,0.000000,156
11298,85756733953411,13.334133,0.871152,0.328240,12.456600,0.000000,156
11299,85756747287544,13.332000,1.309431,0.234611,12.014940,0.000000,156
11300,85756760619544,13.334086,0.845031,0.222386,12.482408,0.000000,156
11301,85756773953630,13.334111,1.018532,0.310406,12.309005,0.000000,156
11302,85756787287741,13.333970,1.038574,0.308045,12.287938,0.000000,156
11303,85756800621711,13.331888,3.563251,0.294436,9.761314,0.000000,156
11304,85756813953599,13.335053,0.955120,0.324472,12.372297,0.000000,156
11305,85756827288652,13.332467,0.832349,0.351321,12.493859,0.000000,156
11306,85756840621119,13.341719,0.825835,0.301944,12.504590,0.000000,156
11307,85756853962838,13.324965,1.059343,0.302053,12.257917,0.000000,156
11308,85756867287803,13.332031,0.834888,0.302910,12.491213,0.000000,156
11309,85756880619834,13.336074,0.707558,0.293182,12.621850,0.000000,156
11310,85756893955908,13.331288,0.820736,0.302480,12.504327,0.000000,156
11311,85756907287196,13.335797,3.187312,0.352740,10.141265,0.000000,156
11312,85756920622993,13.330996,0.777939,0.353182,12.545949,0.000000,156
11313,85756933953989,13.488441,1.284648,0.308264,12.193162,0.000000,156
11314,85756947442430,13.288417,1.449959,0.301594,11.818841,0.000000,156
11315,85756960730847,13.332289,0.951229,0.320643,12.372965,0.000000,156
11316,85756974063136,13.337148,0.937972,0.350702,12.388313,0.000000,156
11317,85756987400284,13.328077,0.859920,0.322245,12.461478,0.000000,156
11318,85757000728361,13.333342,0.707838,0.312347,12.619054,0.000000,156
11319,85757014061703,13.336937,3.189093,0.332218,10.138375,0.000000,156
11320,85757027398640,13.330209,0.853278,0.309078,12.470279,0.000000,156
11321,85757040728849,13.332793,0.759944,0.271105,12.565275,0.000000,156
11322,85757054061642,13.336585,0.871553,0.369637,12.456005,0.000000,156
11323,85757067398227,13.396223,1.448217,0.346539,11.935855,0.000000,156
11324,85757080794450,13.394605,1.731938,0.293973,11.637620,0.000000,156
11325,85757094189055,13.434748,1.814721,0.231341,11.592432,0.000000,156
11326,85757107623803,13.309513,1.689869,0.290967,11.594117,0.000000,156
11327,85757120933316,13.332097,3.197769,0.389246,10.126508,0.000000,157
11328,85757134265413,13.339490,0.937784,0.289874,12.392824,0.000000,157
11329,85757147604903,13.327397,0.974478,0.347234,12.344993,0.000000,157
11330,85757160932300,13.331686,1.647852,0.367862,11.676610,0.000000,157
11331,85757174263986,13.338752,1.035922,0.302830,12.293712,0.000000,157
11332,85757187602738,13.329134,0.812791,0.335029,12.509810,0.000000,157
11333,85757200931872,13.332517,0.797115,0.376141,12.529044,0.000000,157
11334,85757214264389,13.334800,0.967285,0.316440,12.361039,0.000000,157
11335,85757227599189,13.331578,3.282824,0.282105,10.042517,0.000000,157
11336,85757240930767,13.333062,0.730394,0.277715,12.597437,0.000000,157
11337,85757254263829,13.333885,0.826859,0.311838,12.501265,0.000000,157
11338,85757267597714,13.333692,0.765541,0.285869,12.562748,0.000000,157
11339,85757280931406,13.334424,0.855891,0.284510,12.472023,0.000000,157
11340,85757294265830,13.336278,0.781001,0.304982,12.546934,0.000000,157
11341,85757307602108,13.330004,0.833491,0.291890,12.489847,0.000000,157
11342,85757320932112,13.333261,0.748008,0.306574,12.578829,0.000000,157
11343,85757334265373,13.332418,3.309516,0.268026,10.016669,0.000000,157
11344,85757347597791,13.341082,0.793819,0.302608,12.537323,0.000000,157
11345,85757360938873,13.327779,0.796072,0.304843,12.524142,0.000000,157
11346,85757374266652,13.331848,0.847805,0.294193,12.477692,0.000000,157
11347,85757387598500,13.332543,0.968893,0.304732,12.358433,0.000000,157
11348,85757400931043,13.334061,0.715138,0.317380,12.613416,0.000000,157
11349,85757414265104,13.333493,0.926784,0.326511,12.399510,0.000000,157
11350,85757427598597,13.333522,0.980031,0.365400,12.347233,0.000000,157
11351,85757440932119,13.333199,3.733871,0.280103,9.591645,0.000000,157
11352,85757454265318,13.333747,0.879327,0.324893,12.447666,0.000000,157
11353,85757467599065,13.334317,0.931625,0.273354,12.395561,0.000000,157
11354,85757480933382,13.331704,0.838753,0.328588,12.486955,0.000000,157
11355,85757494265086,13.334033,1.213272,0.288175,12.113374,0.000000,157
11356,85757507599119,13.333102,0.935051,0.295401,12.391685,0.000000,157
11357,85757520932221,13.332632,0.777394,0.242472,12.549133,0.000000,157
11358,85757534264853,13.335464,0.986135,0.216571,12.342296,0.000000,157
11359,85757547600317,13.333464,3.595318,0.210447,9.730593,0.000000,157
11360,85757560933781,13.332866,0.867398,0.248503,12.458430,0.000000,157
11361,85757574266647,13.477613,1.027205,0.293769,12.442578,0.000000,157
11362,85757587744260,13.332896,1.093182,0.280971,12.231062,0.000000,157
11363,85757601077156,13.337662,1.127331,0.297825,12.199631,0.000000,157
11364,85757614414818,13.328182,0.946339,0.302975,12.374246,0.000000,157
11365,85757627743000,13.335416,1.009629,0.332443,12.319451,0.000000,157
11366,85757641078416,13.337025,0.904893,0.289424,12.422229,0.000000,157
11367,85757654415441,13.328964,3.786300,0.301453,9.535692,0.000000,157
11368,85757667744405,13.334771,0.749942,0.320473,12.579254,0.000000,157
11369,85757681079176,13.331670,0.737649,0.310034,12.588453,0.000000,157
11370,85757694410846,13.333285,1.218142,0.297791,12.109249,0.000000,157
11371,85757707744131,13.337729,1.153952,0.320953,12.174259,0.000000,157
11372,85757721081860,13.330130,0.812831,0.351441,12.508881,0.000000,157
11373,85757734411990,13.335141,1.141018,0.297676,12.187372,0.000000,157
11374,85757747747131,13.331053,1.029670,0.282543,12.293949,0.000000,157
11375,85757761078184,13.335316,3.682008,0.307406,9.645485,0.000000,157
11376,85757774413500,13.335800,1.022204,0.287121,12.306813,0.000000,157
11377,85757787749300,13.333794,0.908695,0.334756,12.417830,0.000000,157
11378,85757801083094,13.332609,0.840585,0.309121,12.485118,0.000000,157
11379,85757814415703,13.340259,1.225740,0.306963,12.105970,0.000000,157
11380,85757827755962,13.333324,0.966409,0.332170,12.359624,0.000000,157
11381,85757841089286,13.338943,0.824057,0.287283,12.504804,0.000000,157
11382,85757854428229,13.328101,0.959621,0.287419,12.360219,0.000000,157
11383,85757867756330,13.332091,3.827197,0.220630,9.497722,0.000000,157
11384,85757881088421,13.333559,0.831917,0.330807,12.494808,0.000000,157
11385,85757894421980,13.334755,0.916466,0.298384,12.411764,0.000000,157
11386,85757907756735,13.332497,1.059583,0.317528,12.266168,0.000000,157
11387,85757921089232,13.333626,1.090464,0.304342,12.237115,0.000000,157
11388,85757934422858,13.332967,1.018754,0.255521,12.307851,0.000000,157
11389,85757947755825,13.334896,0.945222,0.225091,12.382108,0.000000,157
11390,85757961090721,13.331387,0.838805,0.323526,12.485474,0.000000,157
11391,85757974422108,13.334000,3.810592,0.335690,9.517263,0.000000,157
11392,85757987756108,13.335460,0.945575,0.319481,12.381711,0.000000,157
11393,85758001091568,13.331521,0.871965,0.295547,12.451866,0.000000,157
11394,85758014423089,13.335611,0.904597,0.309182,12.423111,0.000000,157
11395,85758027758700,13.332818,1.352197,0.219658,11.971720,0.000000,157
11396,85758041091518,13.332748,0.815905,0.226620,12.509487,0.000000,157
11397,85758054424266,13.331382,1.375088,0.208313,11.949246,0.000000,157
11398,85758067755648,13.332440,0.888355,0.279964,12.438809,0.000000,157
11399,85758081088088,13.333787,3.518606,0.457064,9.809504,0.000000,157
11400,85758094421875,13.334781,0.909609,0.279743,12.418922,0.000000,157
11401,85758107756656,13.332975,0.872507,0.298178,12.453903,0.000000,157
11402,85758121089631,13.342199,0.799151,0.333735,12.535972,0.000000,157
11403,85758134431830,13.335019,1.353910,0.318934,11.973033,0.000000,157
11404,85758147766849,13.331063,0.963445,0.275560,12.359423,0.000000,157
11405,85758161097912,13.335049,0.764040,0.285932,12.563808,0.000000,157
11406,85758174432961,13.332778,1.020686,0.218343,12.303095,0.000000,157
11407,85758187765739,13.331750,3.677389,0.270105,9.647775,0.000000,157
11408,85758201097489,13.333185,0.765183,0.310681,12.561771,0.000000,157
11409,85758214430674,13.335234,0.910532,0.304760,12.417476,0.000000,157
11410,85758227765908,13.332567,1.154019,0.443805,12.171201,0.000000,157
11411,85758241098475,13.334566,1.074038,0.324490,12.252989,0.000000,157
11412,85758254433041,13.330857,1.032426,0.346819,12.292048,0.000000,157
11413,85758267763898,13.337241,0.979174,0.618005,12.351963,0.000000,157
11414,85758281101139,13.333590,0.820544,0.294235,12.504844,0.000000,157
11415,85758294434729,13.337914,3.673216,0.267439,9.658326,0.000000,157
11416,85758307772643,13.332937,0.817466,0.284008,12.509706,0.000000,157
11417,85758321105580,13.335038,0.767314,0.295672,12.559243,0.000000,157
11418,85758334440618,13.331793,1.133173,0.315445,12.190696,0.000000,157
11419,85758347772411,13.333465,1.122849,0.247352,12.204759,0.000000,157
11420,85758361105876,13.334858,0.778717,0.260874,12.548571,0.000000,157
11421,85758374440734,13.332336,0.995512,0.302298,12.329329,0.000000,157
11422,85758387773070,13.333704,0.977983,0.282444,12.349509,0.000000,157
11423,85758401106774,13.333963,3.442581,0.287490,9.883101,0.000000,157
11424,85758414440737,13.333480,0.933734,0.315239,12.393068,0.000000,157
11425,85758427774217,13.333852,0.942936,0.292160,12.383724,0.000000,157
11426,85758441108069,13.334934,0.840805,0.313035,12.487208,0.000000,157
11427,85758454443003,13.331109,1.235873,0.250360,12.088832,0.000000,157
11428,85758467774112,13.335199,1.064205,0.249134,12.263940,0.000000,157
11429,85758481109311,13.330880,0.862729,0.290231,12.463196,0.000000,157
11430,85758494440191,13.335865,0.846870,0.390517,12.483010,0.000000,157
11431,85758507776056,13.330192,3.836201,0.275453,9.488187,0.000000,157
11432,85758521106248,13.336949,0.763555,0.298867,12.567600,0.000000,157
11433,85758534443197,13.335739,1.077755,0.268913,12.248968,0.000000,157
11434,85758547778936,13.329317,1.039383,0.267663,12.283692,0.000000,157
11435,85758561108253,13.333054,1.130250,0.292842,12.196552,0.000000,157
11436,85758574441307,13.333272,0.989005,0.270546,12.337122,0.000000,157
11437,85758587774579,13.334813,0.958680,0.277796,12.370035,0.000000,157
11438,85758601109392,13.331742,0.900556,0.281321,12.424480,0.000000,157
11439,85758614441134,13.334878,3.731187,0.260773,9.596444,0.000000,157
11440,85758627776012,13.334646,0.939912,0.300518,12.387860,0.000000,157
11441,85758641110658,13.331880,1.340187,0.278653,11.984363,0.000000,157
11442,85758654442538,13.334646,0.975426,0.262929,12.353336,0.000000,157
11443,85758667777184,13.331593,1.203162,0.250149,12.121414,0.000000,157
11444,85758681108777,13.334341,0.819907,0.285384,12.507955,0.000000,157
11445,85758694443118,13.332804,0.983892,0.229568,12.342666,0.000000,157
11446,85758707775922,13.333859,0.937938,0.255408,12.389321,0.000000,157
11447,85758721109781,13.332303,3.621101,0.260581,9.705162,0.000000,158
11448,85758734442084,13.335759,0.887442,0.273553,12.442220,0.000000,158
11449,85758747777843,13.336582,1.063500,0.432090,12.264830,0.000000,158
11450,85758761114425,13.328873,3.117229,0.266010,10.205294,0.000000,158
11451,85758774443298,13.331649,1.090251,0.237435,12.235938,0.000000,158
11452,85758787774947,13.336294,0.942979,0.203204,12.387249,0.000000,158
11453,85758801111241,13.331924,0.815688,0.191650,12.510566,0.000000,158
11454,85758814443165,13.333488,0.855278,0.247720,12.472825,0.000000,158
11455,85758827776653,13.333903,3.807299,0.197393,9.520924,0.000000,158
11456,85758841110556,13.409725,0.849738,0.216046,12.552557,0.000000,158
11457,85758854520281,13.333535,0.969594,0.227706,12.356010,0.000000,158
11458,85758867853816,13.333400,0.963076,0.210530,12.363318,0.000000,158
11459,85758881187216,13.330407,1.105501,0.197638,12.218325,0.000000,158
11460,85758894517623,13.332049,0.933773,0.189846,12.393666,0.000000,158
11461,85758907849672,13.338905,0.946335,0.220966,12.385183,0.000000,158
11462,85758921188577,13.330835,0.899031,0.222657,12.424771,0.000000,158
11463,85758934519412,13.330159,3.785355,0.170554,9.539757,0.000000,158
11464,85758947849571,13.336999,0.832174,0.228461,12.499006,0.000000,158
11465,85758961186570,13.331542,0.833346,0.210005,12.492102,0.000000,158
11466,85758974518112,13.338466,0.931863,0.186250,12.397896,0.000000,158
11467,85758987856578,13.328184,1.083836,0.187223,12.238669,0.000000,158
11468,85759001184762,13.336638,0.810462,0.283541,12.518276,0.000000,158
11469,85759014521400,13.332407,1.048102,0.231974,12.276970,0.000000,158
11470,85759027853807,13.338043,0.984349,0.309227,12.343136,0.000000,158
11471,85759041191850,13.329130,3.230928,0.274267,10.089464,0.000000,158
11472,85759054520980,13.335734,0.795290,0.343609,12.532695,0.000000,158
11473,85759067856714,13.332560,1.051366,0.342039,12.272234,0.000000,158
11474,85759081189274,13.330141,1.467685,0.283107,11.855878,0.000000,158
11475,85759094519415,13.334238,1.265427,0.282191,12.062181,0.000000,158
11476,85759107853653,13.337729,1.058881,0.306433,12.269513,0.000000,158
11477,85759121191382,13.330604,1.011188,0.314939,12.311034,0.000000,158
11478,85759134521986,13.331798,1.030906,0.294584,12.293867,0.000000,158
11479,85759147853784,13.331031,3.750245,0.225986,9.576087,0.000000,158
11480,85759161184815,13.340037,0.666428,0.264704,12.666359,0.000000,158
11481,85759174524852,13.328821,1.162714,0.266967,12.158635,0.000000,158
11482,85759187853673,13.333693,1.069160,0.206217,12.258545,0.000000,158
11483,85759201187366,13.337023,0.980553,0.372413,12.349643,0.000000,158
11484,85759214524389,13.332148,0.903241,0.298529,12.422099,0.000000,158
11485,85759227856537,13.331143,0.909911,0.253032,12.413911,0.000000,158
11486,85759241187680,13.333644,0.719818,0.276377,12.608189,0.000000,158
11487,85759254521324,13.332355,3.553161,0.272908,9.772426,0.000000,158
11488,85759267853679,13.337695,1.005268,0.328158,12.323650,0.000000,158
11489,85759281191374,13.335123,0.944465,0.227930,12.379140,0.000000,158
11490,85759294526497,13.327695,1.114396,0.185287,12.205013,0.000000,158
11491,85759307854192,13.338211,1.315224,0.195058,12.015960,0.000000,158
11492,85759321192403,13.333770,0.975746,0.202918,12.348314,0.000000,158
11493,85759334526173,13.330783,1.183060,0.197335,12.140496,0.000000,158
11494,85759347856956,13.333261,1.104510,0.266917,12.221498,0.000000,158
11495,85759361190217,13.332877,3.786255,0.327818,9.539472,0.000000,158
11496,85759374523094,13.340203,1.276815,0.274242,12.053927,0.000000,158
11497,85759387863297,13.322749,1.089567,0.300123,12.226078,0.000000,158
11498,85759401186046,13.341724,0.988875,0.274451,12.344720,0.000000,158
11499,85759414527770,13.331067,1.278141,0.275652,12.045895,0.000000,158
11500,85759427858837,13.329911,1.129124,0.303495,12.193682,0.000000,158
11501,85759441188748,13.333595,0.756922,0.375187,12.570972,0.000000,158
11502,85759454522343,13.336398,1.216050,0.301113,12.112288,0.000000,158
11503,85759467858741,13.329623,4.192178,0.322003,9.128793,0.000000,158
11504,85759481188364,13.333127,0.752061,0.261927,12.574949,0.000000,158
11505,85759494521491,13.336614,1.080594,0.220334,12.249561,0.000000,158
11506,85759507858105,13.332638,1.115916,0.270157,12.209555,0.000000,158
11507,85759521190743,13.333228,0.999122,0.309304,12.327686,0.000000,158
11508,85759534523971,13.339319,0.972909,0.334290,12.356678,0.000000,158
11509,85759547863290,13.326022,1.062958,0.339181,12.255076,0.000000,158
11510,85759561189312,13.334726,0.874981,0.309320,12.453750,0.000000,158
11511,85759574524038,13.332211,3.827063,0.287627,9.498745,0.000000,158
11512,85759587856249,13.336017,0.915420,0.352079,12.414362,0.000000,158
11513,85759601192266,13.329987,0.968118,0.280320,12.356316,0.000000,158
11514,85759614522253,13.335264,0.818145,0.336962,12.509628,0.000000,158
11515,85759627857517,13.333380,1.171466,0.285535,12.155423,0.000000,158
11516,85759641190897,13.333820,0.851295,0.352053,12.475545,0.000000,158
11517,85759654524717,13.333897,0.986262,0.338780,12.340726,0.000000,158
11518,85759667858614,13.335184,1.021509,0.356413,12.307032,0.000000,158
11519,85759681193798,13.328985,3.779526,0.391689,9.542572,0.000000,158
11520,85759694522783,13.336284,1.124062,0.483917,12.206528,0.000000,158
11521,85759707859067,13.333281,1.453461,0.354197,11.871834,0.000000,158
11522,85759721192348,13.668724,1.504718,0.275855,12.157961,0.000000,158
11523,85759734861072,13.335825,1.346349,0.278382,11.982379,0.000000,158
11524,85759748196897,13.335587,1.267288,0.323877,12.058485,0.000000,158
11525,85759761532484,13.331428,0.987911,0.334189,12.336521,0.000000,158
11526,85759774863912,13.332681,1.078964,0.285558,12.247317,0.000000,158
11527,85759788196593,13.332744,3.831950,0.311243,9.494151,0.000000,158
11528,85759801529337,13.333099,0.913255,0.311996,12.412550,0.000000,158
11529,85759814862436,13.334812,0.956588,0.272665,12.370202,0.000000,158
11530,85759828197248,13.353414,0.887132,0.599214,12.451419,0.000000,158
11531,85759841550662,13.318131,2.897498,0.280275,10.405638,0.000000,158
11532,85759854868793,13.334675,0.820366,0.288736,12.507795,0.000000,158
11533,85759868203468,13.333445,0.812946,0.282952,12.512175,0.000000,159
11534,85759881536913,13.333261,0.864118,0.309915,12.460418,0.000000,159
11535,85759894870174,13.330725,3.657098,0.248195,9.666171,0.000000,159
11536,85759908200899,13.339956,0.820019,0.287559,12.511542,0.000000,159
11537,85759921540855,13.327729,0.916853,0.269029,12.403096,0.000000,159
11538,85759934868584,13.332149,0.919734,0.272992,12.406184,0.000000,159
11539,85759948200733,13.337445,1.118638,0.250051,12.211109,0.000000,159
11540,85759961538178,13.330409,0.843810,0.274225,12.479392,0.000000,159
11541,85759974868587,13.334206,0.913412,0.266643,12.413754,0.000000,159
11542,85759988202793,13.331523,0.898067,0.292822,12.427032,0.000000,159
11543,85760001534316,13.335025,3.744892,0.297103,9.584182,0.000000,159
11544,85760014869341,13.336249,1.005232,0.302279,12.324304,0.000000,159
11545,85760028205590,13.334985,0.960342,1.168724,12.364368,0.000000,159
11546,85760041540575,13.330289,4.922865,0.481489,8.400101,0.000000,159
11547,85760054870864,13.334557,1.665701,0.519430,11.660868,0.000000,159
11548,85760068205421,13.337903,1.381082,0.491310,11.946552,0.000000,159
11549,85760081543324,13.333712,1.284087,0.493071,12.035215,0.000000,159
11550,85760094877036,13.325096,1.415686,0.469826,11.899942,0.000000,159
11551,85760108202132,13.333451,5.048026,0.430558,8.279346,0.000000,159
11552,85760121535583,13.339903,1.146370,0.454140,12.186242,0.000000,159
11553,85760134875486,13.327140,1.382102,0.458367,11.939527,0.000000,159
11554,85760148202626,13.333360,1.273871,0.445529,12.054160,0.000000,160
11555,85760161535986,13.340765,1.357108,0.464603,11.974709,0.000000,160
11556,85760174876751,13.328440,1.309204,0.505673,12.011253,0.000000,160
11557,85760188205191,13.333288,2.138906,0.396404,11.186443,0.000000,160
11558,85760201538479,13.332428,1.262595,0.412215,12.063059,0.000000,160
11559,85760214870907,13.342759,3.719484,0.468274,9.613247,0.000000,160
11560,85760228213666,13.324339,1.220887,0.389696,12.095800,0.000000,160
11561,85760241538005,13.332143,0.896436,0.496516,12.429444,0.000000,160
11562,85760254870148,13.334825,1.382742,0.404097,11.945413,0.000000,160
11563,85760268204973,13.331645,1.560716,0.361138,11.763612,0.000000,160
11564,85760281536618,13.337571,1.179555,0.465285,12.151599,0.000000,160
11565,85760294874189,13.331712,1.349082,0.474976,11.974756,0.000000,160
11566,85760308205901,13.335031,1.341178,0.541381,11.983313,0.000000,160
11567,85760321540932,13.330794,3.972447,0.451472,9.352008,0.000000,160
11568,85760334871726,13.339807,1.271161,0.477813,12.059530,0.000000,160
11569,85760348211533,13.329137,1.464039,0.255032,11.853363,0.000000,160
11570,85760361540670,13.334921,1.304337,0.284530,12.021549,0.000000,160
11571,85760374875591,13.331548,1.420388,0.301086,11.901186,0.000000,160
11572,85760388207139,13.333542,1.040938,0.320781,12.283561,0.000000,160
11573,85760401540681,13.333337,0.944990,0.265650,12.379362,0.000000,160
11574,85760414874018,13.333535,0.850083,0.378871,12.475227,0.000000,160
11575,85760428207553,13.329014,3.402540,0.295058,9.920857,0.000000,160
11576,85760441536567,13.342453,0.659088,0.285578,12.673452,0.000000,160
11577,85760454879020,13.334057,0.935108,0.337710,12.389023,0.000000,160
11578,85760468213077,13.324207,1.212939,0.329122,12.102274,0.000000,160
11579,85760481537284,13.336768,1.199767,0.216716,12.129459,0.000000,160
11580,85760494874052,13.332429,1.022657,0.363152,12.302056,0.000000,160
11581,85760508206481,13.335876,1.058691,0.318496,12.269297,0.000000,160
11582,85760521542357,13.332884,1.035501,0.288784,12.289288,0.000000,160
11583,85760534875241,13.332112,3.978626,0.250846,9.345732,0.000000,160
11584,85760548207353,13.332982,1.124760,0.269858,12.200368,0.000000,160
11585,85760561540335,13.334632,0.852818,0.275300,12.473924,0.000000,160
11586,85760574874967,13.335208,0.982897,0.267208,12.342265,0.000000,160
11587,85760588210175,13.332364,1.354401,0.276674,11.968461,0.000000,160
11588,85760601542539,13.330017,0.955944,0.290409,12.365235,0.000000,160
11589,85760614872556,13.334099,0.971322,0.282932,12.355064,0.000000,160
11590,85760628206655,13.335298,1.038641,0.286735,12.289023,0.000000,160
11591,85760641541953,13.330813,3.633902,0.197199,9.690110,0.000000,160
11592,85760654872766,13.334121,1.010587,0.234036,12.316539,0.000000,160
11593,85760668206887,13.333492,1.349061,0.250521,11.976985,0.000000,160
11594,85760681540379,13.333290,0.861002,0.252101,12.465092,0.000000,160
11595,85760694873669,13.333489,1.203430,0.246839,12.123293,0.000000,160
11596,85760708207158,13.337396,0.945905,0.232891,12.380858,0.000000,160
11597,85760721544554,13.328502,0.869275,0.220384,12.451059,0.000000,160
11598,85760734873056,13.335311,0.883238,0.279622,12.444830,0.000000,160
11599,85760748208367,13.334327,3.671826,0.305003,9.653295,0.000000,160
11600,85760761542694,13.333313,0.874907,0.311945,12.447620,0.000000,160
11601,85760774876007,13.333197,0.941259,0.321777,12.385116,0.000000,160
11602,85760788209204,13.334264,1.117784,0.211614,12.207438,0.000000,160
11603,85760801543468,13.329699,1.363219,0.254785,11.958255,0.000000,160
11604,85760814873167,13.334547,0.879164,0.239893,12.449107,0.000000,160
11605,85760828207714,13.336123,0.786349,0.262904,12.541383,0.000000,160
11606,85760841543837,13.331050,0.628211,0.215393,12.696804,0.000000,160
11607,85760854874887,13.330827,3.246205,0.244209,10.079151,0.000000,160
11608,85760868205714,13.340366,0.744953,0.246674,12.589626,0.000000,160
11609,85760881546080,13.330277,0.821158,0.219471,12.502247,0.000000,160
11610,85760894876357,13.332437,1.132852,0.228174,12.192675,0.000000,160
11611,85760908208794,13.332946,1.270298,0.186621,12.056157,0.000000,160
11612,85760921541740,13.335700,0.832036,0.230619,12.494364,0.000000,160
11613,85760934877440,13.330282,0.888765,0.190418,12.434314,0.000000,160
11614,85760948207722,13.334323,0.831917,0.198606,12.496174,0.000000,160
11615,85760961542045,13.331260,3.046562,0.153481,10.279324,0.000000,160
11616,85760974873305,13.334857,0.747425,0.168595,12.581345,0.000000,160
11617,85760988208162,13.332619,0.838774,0.181395,12.488330,0.000000,160
11618,85761001540781,13.335844,0.754136,0.223886,12.575896,0.000000,160
11619,85761014876625,13.331879,1.430705,0.180214,11.894682,0.000000,160
11620,85761028208504,13.334851,1.004678,0.192719,12.323112,0.000000,160
11621,85761041543355,13.333710,0.804158,0.190237,12.522036,0.000000,160
11622,85761054877065,13.331918,0.990378,0.179190,12.334776,0.000000,160
11623,85761068208983,13.331979,3.616780,0.136364,9.709202,0.000000,160
11624,85761081540962,13.338867,0.601884,0.164750,12.729242,0.000000,160
11625,85761094879829,13.329568,1.094339,0.187271,12.227190,0.000000,160
11626,85761108209397,13.333519,1.040989,0.188919,12.285882,0.000000,160
11627,85761121542916,13.335183,1.140836,0.194391,12.186687,0.000000,161
11628,85761134878099,13.329797,1.079472,0.190812,12.243478,0.000000,161
11629,85761148207896,13.334113,1.084754,0.199229,12.244149,0.000000,161
11630,85761161542009,13.336433,0.818944,0.160770,12.510317,0.000000,161
11631,85761174878442,13.328977,3.712127,0.123125,9.611136,0.000000,161
11632,85761188207419,13.335696,0.776160,0.166953,12.553833,0.000000,161
11633,85761201543115,13.335658,0.696072,0.189918,12.632681,0.000000,161
11634,85761214878773,13.333135,1.040418,0.220215,12.285209,0.000000,161
11635,85761228211908,13.330662,1.339573,0.179346,11.984258,0.000000,161
11636,85761241542570,13.334341,0.718570,0.200871,12.608591,0.000000,161
11637,85761254876911,13.333306,0.907075,0.171254,12.420196,0.000000,161
11638,85761268210217,13.333719,0.840170,0.236604,12.487481,0.000000,161
11639,85761281543936,13.334749,3.010638,0.134706,10.317670,0.000000,161
11640,85761294878685,13.331238,0.729599,0.126547,12.596303,0.000000,161
11641,85761308209923,13.333162,0.686940,0.222936,12.641427,0.000000,161
11642,85761321543085,13.334447,0.597116,0.220477,12.732946,0.000000,161
11643,85761334877532,13.332121,0.923154,0.161147,12.404955,0.000000,161
11644,85761348209653,13.333343,0.711088,0.134150,12.617773,0.000000,161
11645,85761361542996,13.332679,0.588431,0.191099,12.739047,0.000000,161
11646,85761374875675,13.333090,0.755867,0.184606,12.573407,0.000000,161
11647,85761388208765,13.333548,3.143174,0.261923,10.185345,0.000000,161
11648,85761401542313,13.334844,0.583947,0.213143,12.746344,0.000000,161
11649,85761414877157,13.334995,0.692195,0.172388,12.638031,0.000000,161
11650,85761428212152,13.333472,0.842601,0.279654,12.485184,0.000000,161
11651,85761441545624,13.333183,0.908138,0.186975,12.419173,0.000000,161
11652,85761454878807,13.333379,0.726497,0.262783,12.601251,0.000000,161
11653,85761468212186,13.333235,0.795030,0.176881,12.531867,0.000000,161
11654,85761481545421,13.331813,0.750984,0.185407,12.575063,0.000000,161
11655,85761494877234,13.333990,3.367816,0.200439,9.960387,0.000000,161
11656,85761508211224,13.334877,0.847370,0.714971,12.482219,0.000000,161
11657,85761521546101,13.332697,0.780152,0.345472,12.547008,0.000000,161
11658,85761534878798,13.334266,0.884609,0.359205,12.444170,0.000000,161
11659,85761548213064,13.333572,1.277606,0.382386,12.049733,0.000000,161
11660,85761561546636,13.333795,0.811343,0.396280,12.516539,0.000000,161
11661,85761574880431,13.331473,0.913198,0.380058,12.412699,0.000000,161
11662,85761588211904,13.336097,1.001183,0.393196,12.328969,0.000000,161
11663,85761601548001,13.329160,3.594213,0.243806,9.728341,0.000000,161
11664,85761614877161,13.337805,0.799710,0.260682,12.532507,0.000000,161
11665,85761628214966,13.332452,1.186285,0.485642,12.139323,0.000000,161
11666,85761641547418,13.332946,0.933639,0.442781,12.391755,0.000000,161
11667,85761654880364,13.332773,1.286342,0.511333,12.039946,0.000000,161
11668,85761668213137,13.333924,1.152885,0.516368,12.174354,0.000000,161
11669,85761681547061,13.333541,1.091715,0.379484,12.235186,0.000000,161
11670,85761694880602,13.334525,1.015455,0.487909,12.312976,0.000000,161
11671,85761708215127,13.330786,3.491139,0.337569,9.833707,0.000000,161
11672,85761721545913,13.333883,0.797013,0.406584,12.531345,0.000000,161
11673,85761734879796,13.336266,0.950260,0.461690,12.380434,0.000000,161
11674,85761748216062,13.333017,1.105167,0.540189,12.222112,0.000000,161
11675,85761761549079,13.331643,1.166393,0.476231,12.158963,0.000000,161
11676,85761774880722,13.333132,1.061767,0.479718,12.265859,0.000000,161
11677,85761788213854,13.333968,1.019656,0.456695,12.307483,0.000000,161
11678,85761801547822,13.333038,0.940456,0.599826,12.386205,0.000000,161
11679,85761814880860,13.332340,3.477372,0.401779,9.849527,0.000000,161
11680,85761828213200,13.333845,0.947721,0.436430,12.381264,0.000000,161
11681,85761841547045,13.333447,0.916714,0.402912,12.410973,0.000000,161
11682,85761854880492,13.335473,0.990391,0.410021,12.339278,0.000000,161
11683,85761868215965,13.331899,1.322755,0.450227,12.002661,0.000000,161
11684,85761881547864,13.332591,0.914772,0.508142,12.411469,0.000000,161
11685,85761894880455,13.333316,1.109352,0.500501,12.218722,0.000000,161
11686,85761908213771,13.334152,1.122066,0.513322,12.205653,0.000000,161
11687,85761921547923,13.331988,3.343462,0.415016,9.983388,0.000000,161
11688,85761934879911,13.333891,0.938537,0.455918,12.390705,0.000000,161
11689,85761948213802,13.334283,0.963642,0.436249,12.365160,0.000000,161
11690,85761961548085,13.332539,0.878546,0.352038,12.448187,0.000000,161
11691,85761974880624,13.332841,1.167351,0.431811,12.159545,0.000000,161
11692,85761988213465,13.333913,1.072396,0.422799,12.256128,0.000000,161
11693,85762001547378,13.332529,1.512354,0.473905,11.815141,0.000000,161
11694,85762014879907,13.337195,0.979185,0.511518,12.352109,0.000000,161
11695,85762028217102,13.327997,3.499050,0.449431,9.823612,0.000000,161
11696,85762041545099,13.333791,0.748659,0.434234,12.580205,0.000000,161
11697,85762054878890,13.334918,0.917833,0.480703,12.411459,0.000000,161
11698,85762068213808,13.332597,0.944903,0.443874,12.382968,0.000000,161
11699,85762081546405,13.335802,1.164605,0.485226,12.164548,0.000000,161
11700,85762094882207,13.330902,0.995910,0.468055,12.329119,0.000000,161
11701,85762108213109,13.334670,0.864419,0.456094,12.464491,0.000000,161
11702,85762121547779,13.335759,0.778376,0.545573,12.552267,0.000000,161
11703,85762134883538,13.330360,3.606167,0.360166,9.718355,0.000000,161
11704,85762148213898,13.335218,0.866234,0.385089,12.463851,0.000000,161
11705,85762161549116,13.333072,1.781911,0.560678,11.545812,0.000000,161
11706,85762174882188,13.332730,2.029689,0.460702,11.297904,0.000000,161
11707,85762188214918,13.334019,1.120690,0.469344,12.207758,0.000000,161
11708,85762201548937,13.333679,0.802237,0.608095,12.525673,0.000000,161
11709,85762214882616,13.332847,1.982743,0.487089,11.343546,0.000000,161
11710,85762228215463,13.333046,0.949004,0.543311,12.377920,0.000000,161
11711,85762241548509,13.333616,3.533122,0.337399,9.794388,0.000000,161
11712,85762254882125,13.333263,1.091390,0.448262,12.236145,0.000000,161
11713,85762268215388,13.331997,1.023385,0.388131,12.303047,0.000000,161
11714,85762281547385,13.335868,0.879798,0.451083,12.449775,0.000000,161
11715,85762294883253,13.332433,1.127828,0.463819,12.198771,0.000000,161
11716,85762308215686,13.333724,0.911541,0.460168,12.416414,0.000000,161
11717,85762321549410,13.333339,0.781326,0.366627,12.547033,0.000000,161
11718,85762334882749,13.333607,1.017080,0.780778,12.310534,0.000000,161
11719,85762348216356,13.333725,3.606727,0.729856,9.720351,0.000000,161
11720,85762361550081,13.335972,0.761439,0.793522,12.567185,0.000000,161
11721,85762374886053,13.331451,1.019762,0.831280,12.303804,0.000000,161
11722,85762388217504,13.332864,1.036957,0.728687,12.288050,0.000000,161
11723,85762401550368,13.334254,1.061981,0.766297,12.264350,0.000000,161
11724,85762414884622,13.332698,2.096995,0.415934,11.227605,0.000000,161
11725,85762428217320,13.332666,0.870963,0.439693,12.454423,0.000000,161
11726,85762441549986,13.332882,0.799587,0.487704,12.528167,0.000000,161
11727,85762454882868,13.332567,3.482701,0.443665,9.844074,0.000000,161
11728,85762468215435,13.334824,0.964704,0.392361,12.364727,0.000000,161
11729,85762481550259,13.333828,0.772888,0.377455,12.555495,0.000000,161
11730,85762494884087,13.332996,0.898978,0.456310,12.427804,0.000000,161
11731,85762508217083,13.331934,1.108178,0.465534,12.217501,0.000000,161
11732,85762521549017,13.333264,0.779598,0.361734,12.547891,0.000000,161
11733,85762534882281,13.336500,0.862486,0.329499,12.468068,0.000000,161
11734,85762548218781,13.331946,0.926248,0.412805,12.399711,0.000000,161
11735,85762561550727,13.342877,4.922647,0.365434,8.412117,0.000000,161
11736,85762574893604,13.335979,1.794833,0.424623,11.525826,0.000000,161
11737,85762588229583,13.321013,1.194883,0.322934,12.113277,0.000000,161
11738,85762601550596,13.333453,0.772082,0.425504,12.555752,0.000000,161
11739,85762614884049,13.336039,1.151752,0.448047,12.178492,0.000000,161
11740,85762628220088,13.331503,1.179197,0.303360,12.144618,0.000000,161
11741,85762641551591,13.334459,0.934586,0.377884,12.393280,0.000000,161
11742,85762654886050,13.333699,1.092813,0.572060,12.234180,0.000000,161
11743,85762668219749,13.330973,3.616504,0.424252,9.708533,0.000000,161
11744,85762681550722,13.335326,0.743886,0.336108,12.586073,0.000000,161
11745,85762694886048,13.334414,0.930953,0.493993,12.397818,0.000000,161
11746,85762708220462,13.332975,1.008850,0.402254,12.317516,0.000000,161
11747,85762721553437,13.332722,1.021312,0.315559,12.305552,0.000000,161
11748,85762734886159,13.332496,0.922764,0.318383,12.403720,0.000000,161
11749,85762748218655,13.335073,1.006032,0.342027,12.322902,0.000000,161
11750,85762761553728,13.332559,0.925011,0.603557,12.400697,0.000000,161
11751,85762774886287,13.331041,3.577235,0.424337,9.748067,0.000000,161
11752,85762788217328,13.335335,0.832167,0.401792,12.498055,0.000000,161
11753,85762801552663,13.334088,0.793812,0.434032,12.533785,0.000000,161
11754,85762814886751,13.332132,0.893894,0.460461,12.432581,0.000000,161
11755,85762828218883,13.337514,1.074962,0.370524,12.254543,0.000000,161
11756,85762841556397,13.333247,0.935859,0.342939,12.388713,0.000000,161
11757,85762854889644,13.330071,0.990491,0.357766,12.332535,0.000000,161
11758,85762868219715,13.333915,0.968620,0.583459,12.356701,0.000000,161
11759,85762881553630,13.332128,3.490699,0.435847,9.834595,0.000000,161
11760,85762894885758,13.333341,0.912516,0.421735,12.415281,0.000000,161
11761,85762908219099,13.333962,0.876869,0.467669,12.450354,0.000000,161
11762,85762921553061,13.331970,0.884614,0.448688,12.441386,0.000000,161
11763,85762934885031,13.335369,1.223668,0.400782,12.105819,0.000000,161
11764,85762948220400,13.333270,0.893557,0.448138,12.432969,0.000000,161
11765,85762961553670,13.332476,0.837383,0.427034,12.488347,0.000000,161
11766,85762974886146,13.333405,0.896146,0.485054,12.431416,0.000000,161
11767,85762988219551,13.333477,3.526937,0.431023,9.800363,0.000000,161
11768,85763001553028,13.332737,0.813974,0.430964,12.513176,0.000000,161
11769,85763014885765,13.333905,1.256355,0.444116,12.071877,0.000000,161
11770,85763028219670,13.335206,1.026107,0.480172,12.302851,0.000000,161
11771,85763041554876,13.331499,1.057206,0.402430,12.268027,0.000000,161
11772,85763054886375,13.333813,0.925000,0.434449,12.402859,0.000000,161
11773,85763068220188,13.334462,0.887752,0.498495,12.439774,0.000000,162
11774,85763081554650,13.332558,0.862855,0.718667,12.462770,0.000000,162
11775,85763094887208,13.375849,3.939937,0.456964,9.430209,0.000000,162
11776,85763108263057,13.335310,1.974751,0.349644,11.354144,0.000000,162
11777,85763121598367,13.333299,0.935413,0.354225,12.391380,0.000000,162
11778,85763134931666,13.333180,1.028508,0.401894,12.297616,0.000000,162
11779,85763148264846,13.333491,1.265430,0.618885,12.061649,0.000000,162
11780,85763161598337,13.334666,0.942576,0.754565,12.382697,0.000000,162
11781,85763174933003,13.333786,1.015983,0.657449,12.308726,0.000000,162
11782,85763188266789,13.333336,0.980238,0.789972,12.343748,0.000000,162
11783,85763201600125,13.333064,3.513447,0.717424,9.811393,0.000000,162
11784,85763214933189,13.336667,1.191699,0.766539,12.136410,0.000000,162
11785,85763228269856,13.331349,1.144166,1.198006,12.178897,0.000000,162
11786,85763241601205,13.333384,1.030603,0.386037,12.293817,0.000000,162
11787,85763254934589,13.331125,1.432618,0.434630,11.891472,0.000000,162
11788,85763268265714,13.335209,1.229346,0.431759,12.099088,0.000000,162
11789,85763281600923,13.332842,1.019893,0.396670,12.306467,0.000000,162
11790,85763294933765,13.333454,1.039866,0.601652,12.286869,0.000000,162
11791,85763308267219,13.332416,3.644790,0.479994,9.681956,0.000000,162
11792,85763321599635,13.335745,0.891209,0.334915,12.438533,0.000000,162
11793,85763334935380,13.331572,1.052472,0.388831,12.272214,0.000000,162
11794,85763348266952,13.333311,0.945408,0.350159,12.381846,0.000000,162
11795,85763361600263,13.333464,1.092605,0.425264,12.234797,0.000000,162
11796,85763374933727,13.334157,1.014093,0.428050,12.314343,0.000000,162
11797,85763388267884,13.332787,1.004729,0.448964,12.321675,0.000000,162
11798,85763401600671,13.334369,0.856541,0.576983,12.471438,0.000000,162
11799,85763414935040,13.330278,3.468631,0.412395,9.855304,0.000000,162
11800,85763428265318,13.334378,0.895557,0.376903,12.433437,0.000000,162
11801,85763441599696,13.332361,0.815987,0.311401,12.510863,0.000000,162
11802,85763454932057,13.335964,0.932704,0.368852,12.397138,0.000000,162
11803,85763468268021,13.332264,1.231813,0.660824,12.093815,0.000000,162
11804,85763481600285,13.333257,0.974870,0.296969,12.351766,0.000000,162
11805,85763494933542,13.336118,1.070271,0.443953,12.258286,0.000000,162
11806,85763508269660,13.332358,1.164480,1.216642,12.161088,0.000000,162
11807,85763521602018,13.331590,3.297141,0.300704,10.029009,0.000000,162
11808,85763534933608,13.336582,0.966126,0.380752,12.365496,0.000000,162
11809,85763548270190,13.330903,1.527042,0.310207,11.796862,0.000000,162
11810,85763561601093,13.331896,0.909859,0.411601,12.417277,0.000000,162
11811,85763574932989,13.333901,1.700457,0.485279,11.627179,0.000000,162
11812,85763588266890,13.337453,0.877144,0.454360,12.454224,0.000000,162
11813,85763601604343,13.330215,0.981660,0.436767,12.336752,0.000000,162
11814,85763614934558,13.332522,0.931822,0.511219,12.394347,0.000000,162
11815,85763628267080,13.335598,3.331860,0.296966,9.998243,0.000000,162
11816,85763641602678,13.334619,0.841954,0.380710,12.487364,0.000000,162
11817,85763654937297,13.329879,1.356318,0.408389,11.967648,0.000000,162
11818,85763668267176,13.335158,1.353112,0.307143,11.975539,0.000000,162
11819,85763681602334,13.331261,1.217487,0.330270,12.107249,0.000000,162
11820,85763694933595,13.337216,1.015770,0.317516,12.315021,0.000000,162
11821,85763708270811,13.332992,1.003702,0.422393,12.322224,0.000000,162
11822,85763721603803,13.330453,1.138965,0.796096,12.184192,0.000000,162
11823,85763734934256,13.336317,3.302827,0.431587,10.027358,0.000000,162
11824,85763748270573,13.335822,0.945109,0.447217,12.382791,0.000000,162
11825,85763761606395,13.329931,1.146843,0.445435,12.176090,0.000000,162
11826,85763774936326,13.334139,0.922893,0.429104,12.404687,0.000000,162
11827,85763788270465,13.337130,1.136069,0.433745,12.193935,0.000000,162
11828,85763801607595,13.329562,0.920907,0.417718,12.400333,0.000000,162
11829,85763814937157,13.333541,0.914493,0.423226,12.412448,0.000000,162
11830,85763828270698,13.333824,0.929077,0.454128,12.397388,0.000000,162
11831,85763841604522,13.333874,3.262894,0.425062,10.062886,0.000000,162
11832,85763854938396,13.333339,0.958485,0.427008,12.367773,0.000000,162
11833,85763868271735,13.334332,0.947160,0.448142,12.380213,0.000000,162
11834,85763881606067,13.333958,1.010821,0.412987,12.315140,0.000000,162
11835,85763894940025,13.332046,1.170056,0.435084,12.154818,0.000000,162
11836,85763908272071,13.333265,0.984289,0.428916,12.341692,0.000000,162
11837,85763921605336,13.333395,0.917342,0.408159,12.408808,0.000000,162
11838,85763934938731,13.333847,1.158870,0.443645,12.168137,0.000000,162
11839,85763948272578,13.332886,3.379432,0.420611,9.946409,0.000000,162
11840,85763961605464,13.334927,0.880026,0.392767,12.447975,0.000000,162
11841,85763974940391,13.331064,0.958486,0.395546,12.365423,0.000000,162
11842,85763988271455,13.332852,0.898698,0.401467,12.427879,0.000000,162
11843,85764001604307,13.335326,1.049232,0.407064,12.278784,0.000000,162
11844,85764014939633,13.330633,0.970408,0.450031,12.352692,0.000000,162
11845,85764028270266,13.335888,0.909473,0.450502,12.419860,0.000000,162
11846,85764041606154,13.333128,0.926080,0.444643,12.399945,0.000000,162
11847,85764054939282,13.329940,3.411850,0.428427,9.911798,0.000000,162
11848,85764068269222,13.336503,0.921940,0.418387,12.408388,0.000000,162
11849,85764081605725,13.334454,0.856515,0.434450,12.471002,0.000000,162
11850,85764094940179,13.330131,0.973219,0.329217,12.351255,0.000000,162
11851,85764108270310,13.333726,1.190173,0.294658,12.136991,0.000000,162
11852,85764121604036,13.335819,0.905558,0.309605,12.422569,0.000000,162
11853,85764134939855,13.330548,1.095453,0.737164,12.227173,0.000000,162
11854,85764148270403,13.335716,0.930804,0.407764,12.397786,0.000000,162
11855,85764161606119,13.336456,3.265262,0.418169,10.063259,0.000000,162
11856,85764174942575,13.327998,0.970839,0.419394,12.349553,0.000000,162
11857,85764188270573,13.339061,0.937537,0.407903,12.392794,0.000000,162
11858,85764201609634,13.329940,0.913074,0.401360,12.410726,0.000000,162
11859,85764214939574,13.333601,1.299028,0.397427,12.026965,0.000000,162
11860,85764228273175,13.332679,1.065498,0.324780,12.259472,0.000000,162
11861,85764241605854,13.333320,0.937979,0.303029,12.387444,0.000000,162
11862,85764254939174,13.332988,1.110616,0.320926,12.214238,0.000000,162
11863,85764268272162,13.332520,3.976820,0.313415,9.347046,0.000000,162
11864,85764281604682,13.337444,0.934157,0.327902,12.395159,0.000000,162
11865,85764294942126,13.329557,1.181360,0.472953,12.139759,0.000000,162
11866,85764308271683,13.347403,1.291882,0.365779,12.048003,0.000000,162
11867,85764321619086,13.333452,1.254157,0.356987,12.071299,0.000000,162
11868,85764334952538,13.332160,1.221340,0.393924,12.103134,0.000000,162
11869,85764348284698,13.336032,1.270869,0.376078,12.058468,0.000000,162
11870,85764361620730,13.331677,0.851139,0.379282,12.472818,0.000000,162
11871,85764374952407,13.336067,3.321770,0.385449,10.007099,0.000000,162
11872,85764388288474,13.330281,0.983903,0.408153,12.338704,0.000000,162
11873,85764401618755,13.334973,0.811365,0.331106,12.516901,0.000000,162
11874,85764414953728,13.333700,0.926689,0.382569,12.399208,0.000000,162
11875,85764428287428,13.331346,1.368346,0.331451,11.955750,0.000000,162
11876,85764441618774,13.335207,0.812346,0.301175,12.516009,0.000000,162
11877,85764454953981,13.337026,0.982249,0.405631,12.346089,0.000000,162
11878,85764468291007,13.328322,1.115690,0.526280,12.204723,0.000000,162
11879,85764481619329,13.335537,3.211023,0.288909,10.117477,0.000000,162
11880,85764494954866,13.333861,1.049437,0.404617,12.276808,0.000000,162
11881,85764508288727,13.330331,0.996965,0.734081,12.325404,0.000000,162
11882,85764521619058,13.333823,0.812662,0.427325,12.515394,0.000000,162
11883,85764534952881,13.334596,1.161850,0.926047,12.165734,0.000000,162
11884,85764548287477,13.333528,0.926493,0.827329,12.399740,0.000000,162
11885,85764561621005,13.335009,0.889804,0.600669,12.436192,0.000000,162
11886,85764574956014,13.331219,1.181661,0.633221,12.140441,0.000000,162
11887,85764588287233,13.339002,3.347816,0.692605,9.980730,0.000000,162
11888,85764601626235,13.328700,0.993989,0.700901,12.325160,0.000000,162
11889,85764614954935,13.333937,0.946406,0.376301,12.379086,0.000000,162
11890,85764628288872,13.332834,1.016350,0.327925,12.309378,0.000000,162
11891,85764641621706,13.333966,1.087073,0.330457,12.239406,0.000000,162
11892,85764654955672,13.332507,0.972187,0.420790,12.352700,0.000000,162
11893,85764668288179,13.333644,1.000967,0.292850,12.325586,0.000000,162
11894,85764681621823,13.331071,0.851430,0.289654,12.472408,0.000000,162
11895,85764694952894,13.333448,3.394066,0.267183,9.933381,0.000000,162
11896,85764708286342,13.334900,0.872206,0.284755,12.456320,0.000000,162
11897,85764721621242,13.333423,0.846539,0.383621,12.479568,0.000000,162
11898,85764734954665,13.331661,0.880025,0.282137,12.445406,0.000000,162
11899,85764748286326,13.335088,1.061647,0.491996,12.266900,0.000000,162
11900,85764761621414,13.332086,0.818987,0.319566,12.506752,0.000000,162
11901,85764774953500,13.334545,0.877324,0.343557,12.451093,0.000000,162
11902,85764788288045,13.334038,0.887532,0.349910,12.439964,0.000000,162
11903,85764801622083,13.331320,3.247102,0.331382,10.077382,0.000000,162
11904,85764814953403,13.334450,0.982803,0.289825,12.345769,0.000000,162
11905,85764828287853,13.334277,0.896439,0.376727,12.430968,0.000000,162
11906,85764841622130,13.331292,0.845772,0.495647,12.479998,0.000000,162
11907,85764854953422,13.333008,1.104287,0.376251,12.222801,0.000000,162
11908,85764868286430,13.336306,0.859508,0.493093,12.470777,0.000000,162
11909,85764881622736,13.331069,0.968591,0.366402,12.354888,0.000000,162
11910,85764894953805,13.333258,0.917995,0.352471,12.409580,0.000000,162
11911,85764908287063,13.334446,3.808194,0.415841,9.518646,0.000000,162
11912,85764921621509,13.333906,0.914235,0.371134,12.412560,0.000000,162
11913,85764934955415,13.342788,1.202345,0.331823,12.133035,0.000000,162
11914,85764948298203,13.335147,1.395362,0.440049,11.932296,0.000000,162
11915,85764961633350,13.334748,1.101432,0.328214,12.226864,0.000000,162
11916,85764974968098,13.330315,1.032727,0.323621,12.291305,0.000000,162
11917,85764988298413,13.335040,0.874672,0.343025,12.454360,0.000000,162
11918,85765001633453,13.333744,0.820094,0.365134,12.507249,0.000000,162
11919,85765014967197,13.332719,3.302549,0.354787,10.023682,0.000000,162
11920,85765028299916,13.334561,0.874839,0.370717,12.453043,0.000000,162
11921,85765041634477,13.332781,0.855254,0.465702,12.470319,0.000000,162
11922,85765054967258,13.332558,0.899518,0.614322,12.426475,0.000000,162
11923,85765068299816,13.333895,1.055777,0.338712,12.271486,0.000000,162
11924,85765081633711,13.334864,0.905087,0.302237,12.422531,0.000000,162
11925,85765094968575,13.332318,0.970369,0.238311,12.354596,0.000000,162
11926,85765108300893,13.332453,0.913290,0.319221,12.412818,0.000000,162
11927,85765121633346,13.333630,3.204863,0.323393,10.122248,0.000000,162
11928,85765134966976,13.333234,0.903401,0.312241,12.423167,0.000000,162
11929,85765148300210,13.333996,0.820076,0.250773,12.508496,0.000000,162
11930,85765161634206,13.336756,0.790803,0.307253,12.537359,0.000000,162
11931,85765174970962,13.326907,1.147165,0.239025,12.172408,0.000000,162
11932,85765188297869,13.333710,0.878852,0.336010,12.449453,0.000000,162
11933,85765201631579,13.341120,0.801437,0.413942,12.532208,0.000000,162
11934,85765214972699,13.327901,1.003953,0.335028,12.315879,0.000000,162
11935,85765228300600,13.332746,3.332873,0.336954,9.993635,0.000000,162
11936,85765241633346,13.333293,0.754918,0.325872,12.572325,0.000000,163
11937,85765254966639,13.333574,0.879843,0.339011,12.446731,0.000000,163
11938,85765268300213,13.332043,0.870873,0.336560,12.454961,0.000000,163
11939,85765281632256,13.335821,0.980523,0.247570,12.349474,0.000000,163
11940,85765294968077,13.332457,0.896395,0.228009,12.429183,0.000000,163
11941,85765308300534,13.331615,0.834404,0.219196,12.491982,0.000000,163
11942,85765321632149,13.340270,0.712574,0.229138,12.618070,0.000000,163
11943,85765334972419,13.330214,3.235580,0.236759,10.088357,0.000000,163
11944,85765348302633,13.330084,0.892906,0.219590,12.430798,0.000000,163
11945,85765361632717,13.333488,0.709622,0.233366,12.618620,0.000000,163
11946,85765374966205,13.334494,0.831827,0.232542,12.496334,0.000000,163
11947,85765388300699,13.332432,1.013953,0.228668,12.313237,0.000000,163
11948,85765401633131,13.336465,0.677056,0.330847,12.653288,0.000000,163
11949,85765414969596,13.332179,1.006077,0.267309,12.319081,0.000000,163
11950,85765428301775,13.332511,0.847746,0.261090,12.478971,0.000000,163
11951,85765441634286,13.334469,3.141851,0.248892,10.186861,0.000000,163
11952,85765454968755,13.333909,0.813850,0.305507,12.514112,0.000000,163
11953,85765468302664,13.337434,0.863990,0.273790,12.464617,0.000000,163
11954,85765481640098,13.328497,0.695387,0.278750,12.625788,0.000000,163
11955,85765494968595,13.333646,1.018139,0.271253,12.309427,0.000000,163
11956,85765508302241,13.333074,0.843444,0.295974,12.482774,0.000000,163
11957,85765521635315,13.332251,0.707090,0.291600,12.619345,0.000000,163
11958,85765534967566,13.346243,0.798575,0.290394,12.536529,0.000000,163
11959,85765548313809,13.322120,3.365479,0.293688,9.948171,0.000000,163
11960,85765561635929,13.334238,0.767936,0.301209,12.559364,0.000000,163
11961,85765574970167,13.332434,0.851408,0.326785,12.474572,0.000000,163
11962,85765588302601,13.333479,0.890030,0.315317,12.436942,0.000000,163
11963,85765601636080,13.341658,1.087886,0.288605,12.243169,0.000000,163
11964,85765614977738,13.326927,1.088436,0.280837,12.227010,0.000000,163
11965,85765628304665,13.332521,0.864696,0.311650,12.461157,0.000000,163
11966,85765641637186,13.334152,0.762158,0.308138,12.565278,0.000000,163
11967,85765654971338,13.336806,3.283898,0.298754,10.043574,0.000000,163
11968,85765668308144,13.329589,0.913863,0.290957,12.408148,0.000000,163
11969,85765681637733,13.330780,0.818298,0.274192,12.505754,0.000000,163
11970,85765694968513,13.335124,0.828808,0.280603,12.500690,0.000000,163
11971,85765708303637,13.333609,1.011203,0.297836,12.315787,0.000000,163
11972,85765721637246,13.332017,0.769897,0.285178,12.556039,0.000000,163
11973,85765734969263,13.335298,0.904794,0.294090,12.424448,0.000000,163
11974,85765748304561,13.332155,1.017754,0.300853,12.307720,0.000000,163
11975,85765761636716,13.333373,3.165186,0.292265,10.161315,0.000000,163
11976,85765774970089,13.333999,0.814670,0.293090,12.513387,0.000000,163
11977,85765788304088,13.332204,0.973182,0.285248,12.352317,0.000000,163
11978,85765801636292,13.333167,0.688892,0.272817,12.638699,0.000000,163
11979,85765814969459,13.340911,1.078352,0.265025,12.253697,0.000000,163
11980,85765828310370,13.325512,0.887344,0.279605,12.431306,0.000000,163
11981,85765841635882,13.333980,0.707508,0.214435,12.621106,0.000000,163
11982,85765854969862,13.334470,0.818853,0.272029,12.508938,0.000000,163
11983,85765868304332,13.332618,3.284855,0.265458,10.041182,0.000000,163
11984,85765881636950,13.333130,0.712703,0.283794,12.614459,0.000000,163
11985,85765894970080,13.333122,0.805190,0.283094,12.522046,0.000000,163
11986,85765908303202,13.338469,0.791010,0.225237,12.537879,0.000000,163
11987,85765921641671,13.335632,1.023042,0.285948,12.302966,0.000000,163
11988,85765934977303,13.327100,0.854884,0.274864,12.465446,0.000000,163
11989,85765948304403,13.333546,0.812369,0.388778,12.514731,0.000000,163
11990,85765961637949,13.336013,0.899604,0.271607,12.427564,0.000000,163
11991,85765974973962,13.329817,3.243737,0.253195,10.079337,0.000000,163
11992,85765988303779,13.338210,0.784404,0.249917,12.545580,0.000000,163
11993,85766001641989,13.328923,0.817708,0.252466,12.504794,0.000000,163
11994,85766014970912,13.333404,0.810286,0.258799,12.517491,0.000000,163
11995,85766028304316,13.333936,0.989129,0.262787,12.339043,0.000000,163
11996,85766041638252,13.336452,0.844894,0.265496,12.484138,0.000000,163
11997,85766054974704,13.329616,0.893746,0.267482,12.429718,0.000000,163
11998,85766068304320,13.341133,0.795284,0.271602,12.535208,0.000000,163
11999,85766081645453,13.325270,3.138760,0.271691,10.179320,0.000000,163
12000,85766094970723,13.333760,0.819036,0.259182,12.508654,0.000000,163
12001,85766108304483,13.334533,0.803450,0.327140,12.524638,0.000000,163
12002,85766121639016,13.332166,0.886540,0.201401,12.439012,0.000000,163
12003,85766134971182,13.336335,1.006914,0.191703,12.322105,0.000000,163
12004,85766148307517,13.336072,0.867641,0.281237,12.458746,0.000000,163
12005,85766161643589,13.334130,1.241188,0.334031,12.083321,0.000000,163
12006,85766174977719,13.326065,1.320230,0.242361,11.995150,0.000000,163
12007,85766188303784,13.334247,3.216708,0.323705,10.112569,0.000000,163
12008,85766201638031,13.333297,0.755572,0.286923,12.571173,0.000000,163
12009,85766214971328,13.335890,0.817752,0.249160,12.510448,0.000000,163
12010,85766228307218,13.331050,0.821107,0.308985,12.503433,0.000000,163
12011,85766241638268,13.334408,1.097784,0.251737,12.230420,0.000000,163
12012,85766254972676,13.330784,0.891160,0.287060,12.434129,0.000000,163
12013,85766268303460,13.334092,0.823911,0.276208,12.504865,0.000000,163
12014,85766281637552,13.334361,0.740071,0.245596,12.588462,0.000000,163
12015,85766294971913,13.331993,3.196643,0.198751,10.129724,0.000000,163
12016,85766308303906,13.335357,0.821612,0.187844,12.507752,0.000000,163
12017,85766321639263,13.332628,0.851272,0.277663,12.475342,0.000000,163
12018,85766334971891,13.332881,0.913672,0.230502,12.413035,0.000000,163
12019,85766348304772,13.333365,1.072447,0.164484,12.255410,0.000000,163
12020,85766361638137,13.335387,0.662098,0.228657,12.667176,0.000000,163
12021,85766374973524,13.332718,1.079934,0.182402,12.245946,0.000000,163
12022,85766388306242,13.334932,0.819817,0.180194,12.507736,0.000000,163
12023,85766401641174,13.332739,3.154927,0.219495,10.170638,0.000000,163
12024,85766414973913,13.332387,0.855622,0.304116,12.470866,0.000000,163
12025,85766428306300,13.332763,0.989496,0.161998,12.337558,0.000000,163
12026,85766441639063,13.334990,0.676854,0.238115,12.651505,0.000000,163
12027,85766454974053,13.334879,1.191013,0.171017,12.134989,0.000000,163
12028,85766468308932,13.332872,0.934544,0.159430,12.389693,0.000000,163
12029,85766481641804,13.331052,0.694293,0.230843,12.629739,0.000000,163
12030,85766494972856,13.333145,0.947048,0.169409,12.380075,0.000000,163
12031,85766508306001,13.335199,3.170584,0.156866,10.156724,0.000000,163
12032,85766521641200,13.332416,0.684293,0.221418,12.641718,0.000000,163
12033,85766534973616,13.331969,0.766209,0.223332,12.559775,0.000000,163
12034,85766548305585,13.335707,0.935781,0.219787,12.392545,0.000000,163
12035,85766561641292,13.337981,1.116331,0.237118,12.211362,0.000000,163
12036,85766574979273,13.327051,0.925065,0.366529,12.394817,0.000000,163
12037,85766588306324,13.336124,0.890701,0.198073,12.437940,0.000000,163
12038,85766601642448,13.334349,0.870175,0.181888,12.456056,0.000000,163
12039,85766614976797,13.329907,3.215458,0.173725,10.107697,0.000000,163
12040,85766628306704,13.333403,0.771171,0.278213,12.555776,0.000000,163
12041,85766641640107,13.334483,0.740164,0.262801,12.587895,0.000000,163
12042,85766654974590,13.332732,0.816365,0.331409,12.510194,0.000000,163
12043,85766668307322,13.333569,1.050278,0.220529,12.277107,0.000000,163
12044,85766681640891,13.332435,0.645909,0.222968,12.680963,0.000000,163
12045,85766694973326,13.334535,0.754126,0.186912,12.573857,0.000000,163
12046,85766708307861,13.332498,0.773966,0.156461,12.552711,0.000000,163
12047,85766721640359,13.333460,3.085577,0.211403,10.241442,0.000000,163
12048,85766734973819,13.337426,1.074217,0.182369,12.255209,0.000000,163
12049,85766748311245,13.333828,0.826668,0.181734,12.497537,0.000000,163
12050,85766761645073,13.332453,0.795105,0.227711,12.529147,0.000000,163
12051,85766774977526,13.335188,1.155014,0.247068,12.171639,0.000000,163
12052,85766788312714,13.329296,0.954258,0.247627,12.366670,0.000000,163
12053,85766801642010,13.333824,0.781754,0.274584,12.545109,0.000000,163
12054,85766814975834,13.335447,1.112291,0.233389,12.215135,0.000000,163
12055,85766828311281,13.334979,3.686193,0.232470,9.638677,0.000000,163
12056,85766841646260,13.329196,0.809883,0.221045,12.512544,0.000000,163
12057,85766854975456,13.332798,0.853807,0.236180,12.471809,0.000000,163
12058,85766868308254,13.334414,1.039121,0.284389,12.288892,0.000000,163
12059,85766881642668,13.332875,1.167290,0.264999,12.158323,0.000000,163
12060,85766894975543,13.332900,0.974079,0.269234,12.352390,0.000000,163
12061,85766908308443,13.335432,1.033807,0.256503,12.294509,0.000000,163
12062,85766921643875,13.333183,0.836512,0.226958,12.489430,0.000000,163
12063,85766934977058,13.332369,3.614808,0.289608,9.710916,0.000000,163
12064,85766948309427,13.335595,1.068871,0.230886,12.258636,0.000000,163
12065,85766961645022,13.333600,0.866416,0.309822,12.459139,0.000000,163
12066,85766974978622,13.333682,1.021255,0.235324,12.304728,0.000000,163
12067,85766988312304,13.334490,1.201390,0.251451,12.125896,0.000000,163
12068,85767001646794,13.329182,0.779898,0.236447,12.542229,0.000000,163
12069,85767014975976,13.334766,0.749396,0.224763,12.574951,0.000000,163
12070,85767028310742,13.331608,0.776148,0.245334,12.549451,0.000000,163
12071,85767041642350,13.333580,3.206395,0.272459,10.120889,0.000000,163
12072,85767054975930,13.333539,0.976203,0.276137,12.350156,0.000000,163
12073,85767068309469,13.334807,0.997515,0.241564,12.330510,0.000000,163
12074,85767081644276,13.332360,0.883160,0.265646,12.442345,0.000000,163
12075,85767094976636,13.333667,1.213785,0.217077,12.111276,0.000000,163
12076,85767108310303,13.331751,0.848054,0.240948,12.476790,0.000000,163
12077,85767121642054,13.337829,0.773777,0.217650,12.552969,0.000000,163
12078,85767134979883,13.329847,0.952815,0.221509,12.369597,0.000000,163
12079,85767148309730,13.335075,3.565715,0.279589,9.762387,0.000000,163
12080,85767161644805,13.331800,0.845804,0.271093,12.479039,0.000000,163
12081,85767174976605,13.335538,0.913953,0.226094,12.412989,0.000000,163
12082,85767188312143,13.334387,0.769669,0.325466,12.554841,0.000000,163
12083,85767201646530,13.330897,0.886702,0.206296,12.436474,0.000000,163
12084,85767214977427,13.334182,0.689462,0.230143,12.638949,0.000000,163
12085,85767228311609,13.330140,0.745039,0.226631,12.579046,0.000000,163
12086,85767241641749,13.333873,0.657460,0.218774,12.670886,0.000000,163
12087,85767254975622,13.333360,3.052128,0.254501,10.275729,0.000000,164
12088,85767268308982,13.333329,0.714594,0.247298,12.613276,0.000000,164
12089,85767281642311,13.332918,0.647326,0.225832,12.681217,0.000000,164
12090,85767294975229,13.335343,0.635448,0.226598,12.694064,0.000000,164
12091,85767308310572,13.335301,0.911175,0.222790,12.417649,0.000000,164
12092,85767321645873,13.333007,0.758343,0.237141,12.567630,0.000000,164
12093,85767334978880,13.331711,0.782355,0.218020,12.542933,0.000000,164
12094,85767348310591,13.333408,0.767274,0.218153,12.559749,0.000000,164
12095,85767361643999,13.334262,3.025099,0.245409,10.302914,0.000000,164
12096,85767374978261,13.333433,0.949567,0.230327,12.377730,0.000000,164
12097,85767388311694,13.333364,0.815387,0.225089,12.512034,0.000000,164
12098,85767401645058,13.335467,0.635070,0.283174,12.694010,0.000000,164
12099,85767414980525,13.332301,1.122706,0.244662,12.201789,0.000000,164
12100,85767428312826,13.333664,0.959725,0.274262,12.364905,0.000000,164
12101,85767441646490,13.333243,0.934088,0.199507,12.391905,0.000000,164
12102,85767454979733,13.333969,0.950849,0.196416,12.375400,0.000000,164
12103,85767468313702,13.331084,3.681193,0.231539,9.643759,0.000000,164
12104,85767481644786,13.336399,0.806512,0.186876,12.522143,0.000000,164
12105,85767494981185,13.332275,1.134845,0.265287,12.189729,0.000000,164
12106,85767508313460,13.331941,1.085651,0.181759,12.240622,0.000000,164
12107,85767521645401,13.333709,1.019992,0.199726,12.307620,0.000000,164
12108,85767534979110,13.334088,0.940718,0.208999,12.385156,0.000000,164
12109,85767548313198,13.332189,0.856930,0.201141,12.469648,0.000000,164
12110,85767561645387,13.334178,0.854886,0.181383,12.472595,0.000000,164
12111,85767574979565,13.333097,3.648989,0.173954,9.676713,0.000000,164
12112,85767588312662,13.341930,0.861986,0.204199,12.473881,0.000000,164
12113,85767601654592,13.332948,0.824135,0.200410,12.502419,0.000000,164
12114,85767614987540,13.340546,0.925997,0.209048,12.407620,0.000000,164
12115,85767628328086,13.326295,1.260439,0.195034,12.056852,0.000000,164
12116,85767641654381,13.334526,0.722954,0.221610,12.605653,0.000000,164
12117,85767654988907,13.335280,0.908816,0.221804,12.417980,0.000000,164
12118,85767668324187,13.333072,0.956373,0.270066,12.369038,0.000000,164
12119,85767681657259,13.333465,3.778740,0.207526,9.546318,0.000000,164
12120,85767694990724,13.333959,0.924420,0.224328,12.402296,0.000000,164
12121,85767708324683,13.332982,0.877516,0.232880,12.448195,0.000000,164
12122,85767721657665,13.332443,0.747848,0.217606,12.577356,0.000000,164
12123,85767734990108,13.332324,1.117737,0.210468,12.209055,0.000000,164
12124,85767748322432,13.334144,0.741150,0.178371,12.587132,0.000000,164
12125,85767761656576,13.334580,0.662913,0.201803,12.665174,0.000000,164
12126,85767774991156,13.331169,0.928401,0.231760,12.396159,0.000000,164
12127,85767788322325,13.332524,3.299918,0.225407,10.026776,0.000000,164
12128,85767801654849,13.334175,0.608240,0.213437,12.720270,0.000000,164
12129,85767814989024,13.334058,0.811011,0.225859,12.516797,0.000000,164
12130,85767828323082,13.333722,0.757809,0.209784,12.568065,0.000000,164
12131,85767841656804,13.334677,0.932448,0.233741,12.394103,0.000000,164
12132,85767854991481,13.330815,0.788344,0.228722,12.534911,0.000000,164
12133,85767868322296,13.334127,0.887034,0.294139,12.441175,0.000000,164
12134,85767881656423,13.333414,0.754154,0.299155,12.572800,0.000000,164
12135,85767894989837,13.332935,3.715239,0.219687,9.610789,0.000000,164
12136,85767908322772,13.334149,0.786560,0.263588,12.540292,0.000000,164
12137,85767921656921,13.332937,0.715850,0.226587,12.610169,0.000000,164
12138,85767934989858,13.334049,0.930644,0.185618,12.397520,0.000000,164
12139,85767948323907,13.333271,1.164128,0.160505,12.161312,0.000000,164
12140,85767961657178,13.331558,0.821542,0.162029,12.504134,0.000000,164
12141,85767974988736,13.336813,0.913389,0.261362,12.416359,0.000000,164
12142,85767988325549,13.332294,1.102608,0.206865,12.219214,0.000000,164
12143,85768001657843,13.354033,3.448924,0.232276,9.897624,0.000000,164
12144,85768015011876,13.333831,1.011948,0.204774,12.314121,0.000000,164
12145,85768028345707,13.334474,0.805126,0.231561,12.521323,0.000000,164
12146,85768041680181,13.334277,0.726850,0.218948,12.599748,0.000000,164
12147,85768055014458,13.333288,1.197173,0.214486,12.128052,0.000000,164
12148,85768068347746,13.333701,0.931675,0.201422,12.394362,0.000000,164
12149,85768081681447,13.334254,0.773434,0.184338,12.553407,0.000000,164
12150,85768095015701,13.331916,0.954776,0.172156,12.368832,0.000000,164
12151,85768108347617,13.332488,3.701001,0.163758,9.624906,0.000000,164
12152,85768121680105,13.334002,0.821475,0.183086,12.505780,0.000000,164
12153,85768135014107,13.334360,0.942851,0.163436,12.384543,0.000000,164
12154,85768148348467,13.334498,0.862551,0.211928,12.464814,0.000000,164
12155,85768161682965,13.331283,0.896617,0.172905,12.427923,0.000000,164
12156,85768175014248,13.332839,0.754040,0.208401,12.573098,0.000000,164
12157,85768188347087,13.334768,0.729195,0.252413,12.599032,0.000000,164
12158,85768201681855,13.332564,0.727480,0.320540,12.598957,0.000000,164
12159,85768215014419,13.333781,3.350344,0.220773,9.976807,0.000000,164
12160,85768228348200,13.331830,0.715738,0.247115,12.609210,0.000000,164
12161,85768241680030,13.335583,0.712083,0.224425,12.617271,0.000000,164
12162,85768255015613,13.333183,0.776029,0.252138,12.550483,0.000000,164
12163,85768268348796,13.332140,1.223235,0.232161,12.101892,0.000000,164
12164,85768281680936,13.334022,0.823909,0.177688,12.503766,0.000000,164
12165,85768295014958,13.332334,0.919723,0.193124,12.406498,0.000000,164
12166,85768308347292,13.341119,0.752277,0.196083,12.582683,0.000000,164
12167,85768321688411,13.326697,3.076344,0.190339,10.243269,0.000000,164
12168,85768335015108,13.335584,0.773086,0.181208,12.555621,0.000000,164
12169,85768348350692,13.331042,0.895365,0.221576,12.425878,0.000000,164
12170,85768361681734,13.334604,0.717713,0.225095,12.609984,0.000000,164
12171,85768375016338,13.332574,1.037340,0.216631,12.288738,0.000000,164
12172,85768388348912,13.333598,0.737128,0.218659,12.590599,0.000000,164
12173,85768401682510,13.332043,0.738171,0.237828,12.587765,0.000000,164
12174,85768415014553,13.335730,0.710220,0.217345,12.618450,0.000000,164
12175,85768428350283,13.330379,4.164328,0.226892,9.160114,0.000000,164
12176,85768441680662,13.337071,0.808278,0.215961,12.521525,0.000000,164
12177,85768455017733,13.331999,0.912439,0.244895,12.411227,0.000000,164
12178,85768468349732,13.334265,0.935380,0.256259,12.387732,0.000000,164
12179,85768481683997,13.332045,1.156291,0.225156,12.167092,0.000000,164
12180,85768495016042,13.331477,0.897237,0.219916,12.425977,0.000000,164
12181,85768508347519,13.339089,0.875537,0.247451,12.457805,0.000000,164
12182,85768521686608,13.333581,0.778565,0.213688,12.547257,0.000000,164
12183,85768535020189,13.336962,3.596176,0.240383,9.729787,0.000000,164
12184,85768548357151,13.329648,0.821692,0.226976,12.500476,0.000000,164
12185,85768561686799,13.334588,0.638051,0.227241,12.690101,0.000000,164
12186,85768575021387,13.330417,0.746506,0.206027,12.577836,0.000000,164
12187,85768588351804,13.334256,0.907625,0.230413,12.418586,0.000000,164
12188,85768601686060,13.333466,0.594780,0.218864,12.733024,0.000000,164
12189,85768615019526,13.338314,0.696273,0.216566,12.630993,0.000000,164
12190,85768628357840,13.329220,0.694219,0.218292,12.628281,0.000000,164
12191,85768641687060,13.333757,3.313430,0.223785,10.013734,0.000000,164
12192,85768655020817,13.337031,0.862799,0.191513,12.463480,0.000000,164
12193,85768668357848,13.328253,0.859422,0.213123,12.463223,0.000000,164
12194,85768681686101,13.333443,0.661769,0.190750,12.665967,0.000000,164
12195,85768695019544,13.338168,0.930537,0.201361,12.398119,0.000000,164
12196,85768708357712,13.328299,0.733383,0.206990,12.589741,0.000000,164
12197,85768721686011,13.334785,0.609695,0.179607,12.719878,0.000000,164
12198,85768735020796,13.335477,0.702626,0.200494,12.623929,0.000000,164
12199,85768748356273,13.329805,3.130896,0.149980,10.193482,0.000000,164
12200,85768761686078,13.333689,0.580310,0.242674,12.748427,0.000000,164
12201,85768775019767,13.336727,0.763950,0.200009,12.564479,0.000000,164
12202,85768788356494,13.330159,0.615610,0.240686,12.709436,0.000000,164
12203,85768801686653,13.333120,0.782796,0.341424,12.545238,0.000000,164
12204,85768815019773,13.338790,0.713939,0.368248,12.614583,0.000000,164
12205,85768828358563,13.329847,0.618103,0.270288,12.705730,0.000000,164
12206,85768841688410,13.332065,0.713947,0.215358,12.611861,0.000000,164
12207,85768855020475,13.337598,3.239513,0.296256,10.088207,0.000000,164
12208,85768868358073,13.339880,0.641527,0.380414,12.685669,0.000000,164
12209,85768881697953,13.321666,0.642032,0.245258,12.672408,0.000000,164
12210,85768895019619,13.337770,0.642360,0.252878,12.686574,0.000000,164
12211,85768908357389,13.329573,0.892251,0.408698,12.431838,0.000000,164
12212,85768921686962,13.334913,0.564711,0.220632,12.764054,0.000000,164
12213,85768935021875,13.337149,0.790735,0.223502,12.535512,0.000000,164
12214,85768948359024,13.328924,0.595301,0.313661,12.728343,0.000000,164
12215,85768961687948,13.333023,3.148909,0.214794,10.178579,0.000000,164
12216,85768975020971,13.339487,0.684908,0.212317,12.648806,0.000000,164
12217,85768988360458,13.329603,0.689134,0.356639,12.633884,0.000000,164
12218,85769001690061,13.330644,0.656509,0.210499,12.667718,0.000000,164
12219,85769015020705,13.339199,0.914444,0.199137,12.419182,0.000000,164
12220,85769028359904,13.328111,0.610400,0.217199,12.710842,0.000000,164
12221,85769041688015,13.334219,0.568800,0.209353,12.759458,0.000000,164
12222,85769055022234,13.337114,0.717410,0.212887,12.613126,0.000000,164
12223,85769068359348,13.328559,3.125688,0.205363,10.196671,0.000000,165
12224,85769081687907,13.335896,0.545850,0.248126,12.783839,0.000000,165
12225,85769095023803,13.338003,0.746366,0.146376,12.584800,0.000000,165
12226,85769108361806,13.327294,0.738861,0.161840,12.582002,0.000000,165
12227,85769121689100,13.333441,0.940203,0.159178,12.387420,0.000000,165
12228,85769135022541,13.341097,0.846013,0.186931,12.485364,0.000000,165
12229,85769148363638,13.326350,0.822580,0.167317,12.496170,0.000000,165
12230,85769161689988,13.334469,0.686368,0.227893,12.641294,0.000000,165
12231,85769175024457,13.334788,3.244847,0.316444,10.084180,0.000000,165
12232,85769188359245,13.331435,0.709290,0.224317,12.616366,0.000000,165
12233,85769201690680,13.334155,0.657382,0.224207,12.670437,0.000000,165
12234,85769215024835,13.337680,0.764530,0.269908,12.565428,0.000000,165
12235,85769228362515,13.329401,1.016522,0.344410,12.305784,0.000000,165
12236,85769241691916,13.333362,0.781185,0.467730,12.545146,0.000000,165
12237,85769255025278,13.336708,0.922868,0.265622,12.406063,0.000000,165
12238,85769268361986,13.328058,1.124281,0.418066,12.197062,0.000000,165
12239,85769281690044,13.334130,3.127750,0.452254,10.200155,0.000000,165
12240,85769295024174,13.339291,0.810947,0.262045,12.521178,0.000000,165
12241,85769308363465,13.327385,0.851098,0.274266,12.468881,0.000000,165
12242,85769321690850,13.333880,0.774541,0.260717,12.552937,0.000000,165
12243,85769335024730,13.335768,1.017191,0.471436,12.311763,0.000000,165
12244,85769348360498,13.333490,0.854637,0.212726,12.472655,0.000000,165
12245,85769361693988,13.334890,0.780815,0.816368,12.547008,0.000000,165
12246,85769375028878,13.337573,0.977346,0.531753,12.350510,0.000000,165
12247,85769388366451,13.327958,3.541442,0.689278,9.777913,0.000000,165
12248,85769401694409,13.333496,0.809890,0.382045,12.516356,0.000000,165
12249,85769415027905,13.334231,1.104114,0.521062,12.223178,0.000000,165
12250,85769428362136,13.332892,0.898619,0.604742,12.428101,0.000000,165
12251,85769441695028,13.332386,1.054033,0.356956,12.271748,0.000000,165
12252,85769455027414,13.337689,0.917286,0.394514,12.413280,0.000000,165
12253,85769468365103,13.334474,1.274052,0.406179,12.050349,0.000000,165
12254,85769481699577,13.327960,1.019353,0.516010,12.301444,0.000000,165
12255,85769495027537,13.333777,3.461739,0.426189,9.865766,0.000000,165
12256,85769508361314,13.334870,0.799688,1.028549,12.528566,0.000000,165
12257,85769521696184,13.335625,0.959354,0.421020,12.370628,0.000000,165
12258,85769535031809,13.338751,0.983368,0.680923,12.344695,0.000000,165
12259,85769548370560,13.328974,1.310754,0.433244,12.009466,0.000000,165
12260,85769561699534,13.331490,0.923621,0.423823,12.399215,0.000000,165
12261,85769575031024,13.334439,0.957754,0.372723,12.369180,0.000000,165
12262,85769588365463,13.334730,1.080879,0.478298,12.246912,0.000000,165
12263,85769601700193,13.330483,3.701741,1.100265,9.621270,0.000000,165
12264,85769615030676,13.333781,1.007061,0.847618,12.319874,0.000000,165
12265,85769628364457,13.334753,1.405418,0.615021,11.923305,0.000000,165
12266,85769641699210,13.331661,1.311121,0.500943,12.014065,0.000000,165
12267,85769655030871,13.461872,1.828440,0.730035,11.625267,0.000000,165
12268,85769668492743,13.329483,1.250623,0.626207,12.070905,0.000000,165
12269,85769681822226,13.333271,1.102167,1.131725,12.223922,0.000000,165
12270,85769695155497,13.333005,1.287365,0.718005,12.038819,0.000000,165
12271,85769708488502,13.333839,4.055779,0.804892,9.271650,0.000000,165
12272,85769721822341,13.332667,1.126055,0.640693,12.200500,0.000000,165
12273,85769735155008,13.337846,1.226342,0.617652,12.103870,0.000000,165
12274,85769748492854,13.330618,1.310894,0.642882,12.011920,0.000000,165
12275,85769761823472,13.333195,1.397129,0.554626,11.928660,0.000000,165
12276,85769775156667,13.334334,1.229664,0.617310,12.096306,0.000000,165
12277,85769788491001,13.333373,1.397290,0.680235,11.928247,0.000000,165
12278,85769801824374,13.331575,1.358661,0.822419,11.966587,0.000000,165
12279,85769815155949,13.333162,3.793272,0.589394,9.533114,0.000000,165
12280,85769828489111,13.341399,1.171908,0.700072,12.159566,0.000000,165
12281,85769841830510,13.325697,1.263390,0.627878,12.052901,0.000000,165
12282,85769855156207,13.333369,1.255839,0.693432,12.070944,0.000000,165
12283,85769868489576,13.343540,1.536723,0.742497,11.795734,0.000000,165
12284,85769881833116,13.324284,1.715725,0.612113,11.598369,0.000000,165
12285,85769895157400,13.333895,1.353504,0.942714,11.973112,0.000000,165
12286,85769908491295,13.333072,1.307284,0.848248,12.017960,0.000000,165
12287,85769921824367,13.337970,4.079846,0.649638,9.247670,0.000000,165
12288,85769935162337,13.329097,1.155725,0.638777,12.165829,0.000000,165
12289,85769948491434,13.336820,1.343687,0.602793,11.984898,0.000000,165
12290,85769961828254,13.330034,1.366466,0.536264,11.955071,0.000000,165
12291,85769975158288,13.334357,1.611218,0.684624,11.715242,0.000000,165
12292,85769988492645,13.331587,1.341897,0.714352,11.981921,0.000000,165
12293,85770001824232,13.337770,1.338121,0.829797,11.990719,0.000000,165
12294,85770015162002,13.331852,2.156328,0.725467,11.167032,0.000000,165
12295,85770028493854,13.327429,4.135268,0.696828,9.186626,0.000000,165
12296,85770041821283,13.339062,1.188862,0.677177,12.143966,0.000000,165
12297,85770055160345,13.335185,1.268424,0.699656,12.054837,0.000000,165
12298,85770068495530,13.329881,1.244618,0.489897,12.077930,0.000000,165
12299,85770081825411,13.332543,1.539131,0.714602,11.787431,0.000000,165
12300,85770095157954,13.331332,1.294531,0.900613,12.030272,0.000000,165
12301,85770108489286,13.338963,1.019980,0.635059,12.311963,0.000000,165
12302,85770121828249,13.331317,1.082534,0.571489,12.240846,0.000000,165
12303,85770135159566,13.335775,3.648496,0.406402,9.678068,0.000000,165
12304,85770148495341,13.327243,1.069680,0.606805,12.251589,0.000000,165
12305,85770161822584,13.335728,0.993614,1.085268,12.336408,0.000000,165
12306,85770175158312,13.335210,1.083523,0.627413,12.244101,0.000000,165
12307,85770188493522,13.330143,1.348708,0.630348,11.975341,0.000000,165
12308,85770201823665,13.336018,1.057579,0.684685,12.271683,0.000000,165
12309,85770215159683,13.334213,1.232953,0.789457,12.093487,0.000000,165
12310,85770228493896,13.330560,1.230671,0.744262,12.093320,0.000000,165
12311,85770241824456,13.333679,3.622915,0.730635,9.703920,0.000000,165
12312,85770255158135,13.331786,1.204457,0.788437,12.122375,0.000000,165
12313,85770268489921,13.334408,1.766323,1.161488,11.562329,0.000000,165
12314,85770281824329,13.334176,0.867603,0.706488,12.459951,0.000000,165
12315,85770295158505,13.337634,1.358363,0.696191,11.969546,0.000000,165
12316,85770308496139,13.329624,1.192439,0.500855,12.130989,0.000000,165
12317,85770321825763,13.333861,1.008124,0.736725,12.317640,0.000000,165
12318,85770335159624,13.332421,1.487173,0.725550,11.837161,0.000000,165
12319,85770348492045,13.334653,3.687669,0.681570,9.638782,0.000000,165
12320,85770361826698,13.333393,0.997356,0.642025,12.329242,0.000000,165
12321,85770375160091,13.330558,1.090216,1.145717,12.233830,0.000000,165
12322,85770388490649,13.334019,1.573825,0.455225,11.754175,0.000000,165
12323,85770401824668,13.336571,1.141627,0.674717,12.187618,0.000000,165
12324,85770415161239,13.329630,1.240291,0.686430,12.083364,0.000000,165
12325,85770428490869,13.334686,1.454631,0.617332,11.873330,0.000000,165
12326,85770441825555,13.333470,1.465132,0.796317,11.861716,0.000000,165
12327,85770455159025,13.334860,4.202356,0.667639,9.125534,0.000000,165
12328,85770468493885,13.333297,1.309727,0.639875,12.015541,0.000000,165
12329,85770481827182,13.331498,1.253260,0.684881,12.071694,0.000000,165
12330,85770495158680,13.339060,1.512449,0.659803,11.817799,0.000000,165
12331,85770508497740,13.329725,2.187855,0.446358,11.133581,0.000000,165
12332,85770521827465,13.333674,1.268859,0.634072,12.057505,0.000000,165
12333,85770535161139,13.332408,1.380510,0.616517,11.943283,0.000000,165
12334,85770548493547,13.331565,1.183875,0.668815,12.142034,0.000000,165
12335,85770561825112,13.335887,3.449165,0.614633,9.879511,0.000000,165
12336,85770575160999,13.331074,1.122875,0.862970,12.201914,0.000000,165
12337,85770588492073,13.339370,1.214136,1.148594,12.118411,0.000000,165
12338,85770601831443,13.329242,1.400530,0.587930,11.920778,0.000000,165
12339,85770615160685,13.333397,1.539365,0.822971,11.786392,0.000000,165
12340,85770628494082,13.337535,1.304652,0.652873,12.023640,0.000000,165
12341,85770641831617,13.329788,1.100683,0.533976,12.222568,0.000000,165
12342,85770655161405,13.335851,1.170736,0.518253,12.158103,0.000000,165
12343,85770668497256,13.327521,4.069004,0.641576,9.252781,0.000000,165
12344,85770681824777,13.341406,1.196863,0.631765,12.133411,0.000000,165
12345,85770695166183,13.325924,1.126136,0.848291,12.192949,0.000000,165
12346,85770708492107,13.335232,1.571109,0.727830,11.757777,0.000000,165
12347,85770721827339,13.334159,1.364465,0.755862,11.962788,0.000000,165
12348,85770735161498,13.330114,1.313616,0.617947,12.011216,0.000000,165
12349,85770748491612,13.338335,1.065638,0.698347,12.266347,0.000000,165
12350,85770761829947,13.330796,1.285074,0.523379,12.039171,0.000000,165
12351,85770775160743,13.332487,3.610483,0.630559,9.716062,0.000000,165
12352,85770788493230,13.334904,1.342638,0.440106,11.986445,0.000000,165
12353,85770801828134,13.333334,1.018327,0.500033,12.308664,0.000000,165
12354,85770815161468,13.333945,1.113067,1.050131,12.214908,0.000000,165
12355,85770828495413,13.333017,1.431602,0.497928,11.896270,0.000000,165
12356,85770841828430,13.332530,1.154313,0.577376,12.171296,0.000000,165
12357,85770855160960,13.333848,1.215751,0.575339,12.111786,0.000000,165
12358,85770868494808,13.335081,1.361115,0.572960,11.965263,0.000000,165
12359,85770881829889,13.330666,4.011959,0.544655,9.310838,0.000000,165
12360,85770895160555,13.334447,1.264510,0.546921,12.063174,0.000000,166
12361,85770908495002,13.333956,1.271671,0.588489,12.055088,0.000000,166
12362,85770921828958,13.335415,1.277882,0.572983,12.050268,0.000000,166
12363,85770935164373,13.331189,2.228360,0.512268,11.097480,0.000000,166
12364,85770948495562,13.336783,1.102619,0.601665,12.227843,0.000000,166
12365,85770961832345,13.330977,1.076188,0.606399,12.248679,0.000000,166
12366,85770975163322,13.338132,1.074716,0.590263,12.256823,0.000000,166
12367,85770988501454,13.329272,3.724438,0.646310,9.597751,0.000000,166
12368,85771001830726,13.333976,1.034124,0.542288,12.293940,0.000000,166
12369,85771015164702,13.332937,1.170296,0.401712,12.156828,0.000000,166
12370,85771028497639,13.332861,1.074398,0.501404,12.252284,0.000000,166
12371,85771041830500,13.332811,1.131984,0.609638,12.194811,0.000000,166
12372,85771055163311,13.332945,1.098249,0.511618,12.229593,0.000000,166
12373,85771068496256,13.335253,1.004446,0.537427,12.325452,0.000000,166
12374,85771081831509,13.334244,0.917147,0.613971,12.411080,0.000000,166
12375,85771095165753,13.330193,3.712777,0.470208,9.610966,0.000000,166
12376,85771108495946,13.334686,0.893861,0.510050,12.435919,0.000000,166
12377,85771121830632,13.333987,0.955803,0.430727,12.372135,0.000000,166
12378,85771135164619,13.334297,1.156767,0.529623,12.171469,0.000000,166
12379,85771148498916,13.334370,1.393593,0.679633,11.935000,0.000000,166
12380,85771161833286,13.335408,1.215063,0.709473,12.111934,0.000000,166
12381,85771175168694,13.332537,1.619148,0.654958,11.704891,0.000000,166
12382,85771188501231,13.334363,1.167265,0.638647,12.157773,0.000000,166
12383,85771201835594,13.332987,1.173377,0.662168,12.151305,0.000000,166
12384,85771215168581,13.337009,1.158001,0.685545,12.168020,0.000000,166
12385,85771228505590,13.329386,1.182331,0.573533,12.138471,0.000000,166
12386,85771241834976,13.332889,1.079425,0.579379,12.245549,0.000000,166
12387,85771255167865,13.331092,1.151620,0.655370,12.173386,0.000000,166
12388,85771268498957,13.334647,1.053401,0.580192,12.273591,0.000000,166
12389,85771281833604,13.331319,0.897325,0.601031,12.428569,0.000000,166
12390,85771295164923,13.333341,1.020840,0.605981,12.307230,0.000000,166
12391,85771308498264,13.335350,0.951627,0.588364,12.377742,0.000000,166
12392,85771321833614,13.333522,1.047696,0.436246,12.278356,0.000000,166
12393,85771335167136,13.332166,1.084162,0.612236,12.242630,0.000000,166
12394,85771348499302,13.331795,1.051420,0.639102,12.275082,0.000000,166
12395,85771361831097,13.334792,1.244853,0.621534,12.083679,0.000000,166
12396,85771375165889,13.332868,0.860671,0.651083,12.465439,0.000000,166
12397,85771388498757,13.332002,1.049522,0.585204,12.277649,0.000000,166
12398,85771401830759,13.333945,0.926593,0.642277,12.402327,0.000000,166
12399,85771415164704,13.332565,0.964982,0.631305,12.363193,0.000000,166
12400,85771428497269,13.333818,0.970926,0.654316,12.357863,0.000000,166
12401,85771441831087,13.336246,0.899319,0.659836,12.431009,0.000000,166
12402,85771455167333,13.333038,1.052608,0.621650,12.273117,0.000000,166
12403,85771468500371,13.333094,1.277465,0.633127,12.048680,0.000000,166
12404,85771481833465,13.330828,1.041946,0.591615,12.283906,0.000000,166
12405,85771495164293,13.335763,0.995684,0.669838,12.333406,0.000000,166
12406,85771508500056,13.335902,1.074602,0.589624,12.252354,0.000000,166
12407,85771521835958,13.330133,0.950161,0.674783,12.374178,0.000000,166
12408,85771535166091,13.332182,0.972926,0.602562,12.354500,0.000000,166
12409,85771548498273,13.335647,0.970231,0.649703,12.358931,0.000000,166
12410,85771561833920,13.331390,1.086811,0.623162,12.238726,0.000000,166
12411,85771575165310,13.333381,1.195717,0.637614,12.132822,0.000000,166
12412,85771588498691,13.332814,0.941046,0.554134,12.387135,0.000000,166
12413,85771601831505,13.333168,0.748741,0.558116,12.580060,0.000000,166
12414,85771615164673,13.334377,0.791513,0.692319,12.537980,0.000000,166
12415,85771628499050,13.333346,1.819341,0.551519,11.508978,0.000000,166
12416,85771641832396,13.334621,0.823483,0.560667,12.505506,0.000000,166
12417,85771655167017,13.334200,0.825938,0.586721,12.502427,0.000000,166
12418,85771668501217,13.334267,0.856922,0.571955,12.470590,0.000000,166
12419,85771681835484,13.332399,1.098941,0.501240,12.227033,0.000000,166
12420,85771695167883,13.334772,0.892721,0.608428,12.435769,0.000000,166
12421,85771708502655,13.332727,0.895294,0.631651,12.430269,0.000000,166
12422,85771721835382,13.333017,1.038317,0.635054,12.288037,0.000000,166
12423,85771735168399,13.333193,1.093969,0.636050,12.233365,0.000000,166
12424,85771748501592,13.334267,1.012588,0.658262,12.314895,0.000000,166
12425,85771761835859,13.332868,1.051646,0.683188,12.274162,0.000000,166
12426,85771775168727,13.333177,0.997319,0.590314,12.328246,0.000000,166
12427,85771788501904,13.333028,1.247693,0.656428,12.079551,0.000000,166
12428,85771801834932,13.335434,1.313973,1.347072,12.012776,0.000000,166
12429,85771815170366,13.336459,1.251905,0.646953,12.075630,0.000000,166
12430,85771828506825,13.330556,1.291100,0.629617,12.031790,0.000000,166
12431,85771841837381,13.332090,1.323727,0.669622,12.000118,0.000000,166
12432,85771855169471,13.336193,1.246570,0.607511,12.081927,0.000000,166
12433,85771868505664,13.331644,1.270463,0.657372,12.052637,0.000000,166
12434,85771881837308,13.332258,1.223366,0.511561,12.101092,0.000000,166
12435,85771895169566,13.337059,1.362823,0.489582,11.966044,0.000000,166
12436,85771908506625,13.327821,1.278044,0.546580,12.042690,0.000000,166
12437,85771921834446,13.336341,0.959373,0.588719,12.370831,0.000000,166
12438,85771935170787,13.334366,1.108635,0.604778,12.215727,0.000000,166
12439,85771948505153,13.328990,1.355281,1.696869,11.967782,0.000000,166
12440,85771961834143,13.335159,0.898040,0.484794,12.430981,0.000000,166
12441,85771975169302,13.334878,0.915337,0.715401,12.413422,0.000000,166
12442,85771988504180,13.331795,1.018611,0.534212,12.306947,0.000000,166
12443,85772001835975,13.334714,1.180544,0.579367,12.147413,0.000000,166
12444,85772015170689,13.332894,0.986578,0.580044,12.339105,0.000000,166
12445,85772028503583,13.333251,0.943539,0.580925,12.383039,0.000000,166
12446,85772041836834,13.333565,0.958600,0.588138,12.368748,0.000000,166
12447,85772055170399,13.331663,0.910130,0.563346,12.415240,0.000000,166
12448,85772068502062,13.335388,0.837845,0.638957,12.491365,0.000000,166
12449,85772081837450,13.333620,1.032390,0.410716,12.293465,0.000000,166
12450,85772095171070,13.331837,1.000000,0.686754,12.324319,0.000000,166
12451,85772108502907,13.333213,1.316121,0.604112,12.011094,0.000000,166
12452,85772121836120,13.335759,1.015642,0.743160,12.313560,0.000000,166
12453,85772135171879,13.332097,1.826628,1.272823,11.496545,0.000000,166
12454,85772148503976,13.332800,0.873642,0.343411,12.452587,0.000000,166
12455,85772161836776,13.336728,0.886760,0.578171,12.443344,0.000000,166
12456,85772175173504,13.329968,0.916304,0.575276,12.407386,0.000000,166
12457,85772188503472,13.333869,0.869869,0.656608,12.456878,0.000000,166
12458,85772201837341,13.332434,0.939830,0.666985,12.386027,0.000000,166
12459,85772215169775,13.334699,1.083852,0.595324,12.244560,0.000000,166
12460,85772228504474,13.333663,0.888955,0.503734,12.438148,0.000000,166
12461,85772241838137,13.333596,0.878409,0.577912,12.449104,0.000000,166
12462,85772255171733,13.333558,0.871493,0.475183,12.455534,0.000000,166
12463,85772268505291,13.332375,1.970816,0.483288,11.355268,0.000000,166
12464,85772281837666,13.332758,1.989013,0.445661,11.336895,0.000000,166
12465,85772295170424,13.335133,0.877839,0.447241,12.450777,0.000000,166
12466,85772308505557,13.334580,0.880433,0.630350,12.447044,0.000000,166
12467,85772321840137,13.331283,2.099685,0.586880,11.225676,0.000000,166
12468,85772335171420,13.333847,0.911906,0.589009,12.415136,0.000000,166
12469,85772348505267,13.331628,0.907416,0.470017,12.418443,0.000000,166
12470,85772361836895,13.337835,0.874281,0.484765,12.457675,0.000000,166
12471,85772375174730,13.331484,1.049246,0.610425,12.274641,0.000000,166
12472,85772388506214,13.331292,1.028139,1.037937,12.295789,0.000000,166
12473,85772401837506,13.334596,0.890849,0.616040,12.437650,0.000000,169
12474,85772415172102,13.332821,2.054175,0.627105,11.272903,0.000000,169
12475,85772428504923,13.332904,1.455350,0.580923,11.871104,0.000000,169
12476,85772441837827,13.332867,3.541575,0.902794,9.785743,0.000000,169
12477,85772455170694,28.420137,28.414706,2.003358,0.000827,0.000000,169
12478,85772483590831,13.336628,4.185477,0.787771,9.147023,0.000000,169
12479,85772496927459,13.334177,1.799581,0.734786,11.529309,0.000000,169
12480,85772510261636,13.332922,1.591245,0.786552,11.734641,0.000000,169
12481,85772523594558,13.338224,1.060570,0.649794,12.268610,0.000000,169
12482,85772536932782,13.327333,1.476412,0.812957,11.842319,0.000000,169
12483,85772550260115,13.334113,0.935525,0.784095,12.392461,0.000000,169
12484,85772563594228,13.333163,0.945326,0.754249,12.382059,0.000000,169
12485,85772576927391,13.334690,1.602669,0.777491,11.724673,0.000000,169
12486,85772590262081,13.337175,1.205500,0.623139,12.124628,0.000000,169
12487,85772603599256,13.329757,1.126034,1.239281,12.196249,0.000000,170
12488,85772616929013,13.333507,1.360384,0.700997,11.966260,0.000000,170
12489,85772630262520,13.359251,1.074241,0.697370,12.278447,0.000000,170
12490,85772643621771,13.334411,2.532240,0.740252,10.794578,0.000000,170
12491,85772656956182,13.332030,1.191343,0.624010,12.133623,0.000000,170
12492,85772670288212,13.332445,1.217583,0.667999,12.108956,0.000000,170
12493,85772683620657,13.334109,1.060594,0.689850,12.267159,0.000000,170
12494,85772696954766,13.335491,1.296044,0.702382,12.032058,0.000000,170
12495,85772710290257,13.337574,1.867855,0.646696,11.455164,0.000000,170
12496,85772723627831,13.326424,0.896264,0.724850,12.424107,0.000000,170
12497,85772736954255,13.334648,1.067139,0.680129,12.261085,0.000000,170
12498,85772750288903,13.339543,1.546633,1.169896,11.785624,0.000000,170
12499,85772763628446,13.343995,4.348589,0.715906,8.977314,0.000000,170
12500,85772776972441,13.331193,1.971851,1.000444,11.339046,0.000000,170
12501,85772790303634,13.326540,2.583444,1.102136,10.728944,0.000000,170
12502,85772803630174,13.331781,2.257879,1.249627,11.062488,0.000000,170
12503,85772816961955,13.339471,2.068350,0.858473,11.258509,0.000000,170
12504,85772830301426,13.335326,2.291935,0.995604,11.024605,0.000000,170
12505,85772843636752,13.324798,2.355587,0.644914,10.953497,0.000000,170
12506,85772856961550,13.333259,1.924436,1.073863,11.397426,0.000000,170
12507,85772870294809,13.337726,3.191609,1.517843,10.134351,0.000000,170
12508,85772883632535,13.342080,2.787237,0.878579,10.535682,0.000000,170
12509,85772896974615,13.331005,2.245096,1.044630,11.068127,0.000000,170
12510,85772910305620,13.328997,2.194268,1.293419,11.115519,0.000000,170
12511,85772923634617,13.328204,2.168039,0.788359,11.147899,0.000000,170
12512,85772936962821,13.327117,1.413601,0.745572,11.905050,0.000000,170
12513,85772950289938,13.334610,1.137172,0.817055,12.190529,0.000000,170
12514,85772963624548,13.330818,1.364571,0.632333,11.959506,0.000000,170
12515,85772976955366,13.335162,1.152267,0.499838,12.176998,0.000000,170
12516,85772990290528,13.332948,1.167738,0.518047,12.158843,0.000000,170
12517,85773003623476,13.658346,1.380567,0.629289,12.271166,0.000000,170
12518,85773017281822,13.335962,1.079447,0.703754,12.250306,0.000000,170
12519,85773030617784,13.331960,1.676802,0.721924,11.648736,0.000000,170
12520,85773043949744,13.332814,1.144879,0.551062,12.180900,0.000000,170
12521,85773057282558,13.333505,1.308327,0.596284,12.018137,0.000000,170
12522,85773070616063,13.331407,1.444255,0.536983,11.880741,0.000000,170
12523,85773083947470,13.335057,0.909358,0.427275,12.419523,0.000000,170
12524,85773097282527,13.333815,1.605277,0.699360,11.722072,0.000000,170
12525,85773110616342,13.333103,1.206251,0.741394,12.120102,0.000000,170
12526,85773123949445,13.333647,1.438543,0.719580,11.888424,0.000000,170
12527,85773137283092,13.332601,1.026309,0.674785,12.300059,0.000000,170
12528,85773150615693,13.334139,1.078325,0.662586,12.250268,0.000000,170
12529,85773163949832,13.332722,1.011510,0.635879,12.315520,0.000000,170
12530,85773177282554,13.335115,1.472463,0.582199,11.856297,0.000000,170
12531,85773190617669,13.659141,1.122209,0.722307,12.530631,0.000000,170
12532,85773204276810,13.333951,1.082422,0.804628,12.244981,0.000000,170
12533,85773217610761,13.385886,1.079861,0.608849,12.299466,0.000000,170
12534,85773230996647,13.713999,1.212751,0.743236,12.494178,0.000000,170
12535,85773244710646,13.334580,1.238918,0.695157,12.088209,0.000000,170
12536,85773258045226,13.331906,1.269880,0.676777,12.054304,0.000000,170
12537,85773271377132,13.333003,1.321958,0.561489,12.003615,0.000000,170
12538,85773284710135,13.334030,1.303094,0.798910,12.024789,0.000000,170
12539,85773298044165,13.332554,1.392632,0.737145,11.932912,0.000000,170
12540,85773311376719,13.334018,1.175107,0.648772,12.153553,0.000000,170
12541,85773324710737,13.333591,1.112284,0.758050,12.215243,0.000000,170
12542,85773338044328,13.332744,1.345678,0.767660,11.980716,0.000000,170
12543,85773351377072,13.331812,1.311503,0.676809,12.014857,0.000000,170
12544,85773364708884,13.336476,1.000062,0.785059,12.330327,0.000000,170
12545,85773378045360,13.334003,1.213753,0.610207,12.112839,0.000000,170
12546,85773391379363,13.331413,1.378514,0.489816,11.947615,0.000000,170
12547,85773404710776,13.334930,1.084309,0.888108,12.244074,0.000000,170
12548,85773418045706,13.331262,1.450750,0.667750,11.873280,0.000000,170
12549,85773431376968,13.333394,1.016316,0.678682,12.310651,0.000000,170
12550,85773444710362,13.333164,1.899215,0.771795,11.428379,0.000000,170
12551,85773458043526,13.335804,1.115494,0.639613,12.214831,0.000000,170
12552,85773471379330,13.332894,1.256872,0.624889,12.067431,0.000000,170
12553,85773484712224,13.334417,1.047303,0.758183,12.280104,0.000000,170
12554,85773498046641,13.331965,1.533664,0.749824,11.792139,0.000000,170
12555,85773511378606,13.332547,1.078392,0.668413,12.248565,0.000000,170
12556,85773524711153,13.333991,0.956582,0.754578,12.371488,0.000000,170
12557,85773538045144,13.334292,1.001721,0.669232,12.325943,0.000000,170
12558,85773551379436,13.333735,1.268372,0.785985,12.058145,0.000000,170
12559,85773564713171,13.334050,1.761734,0.711837,11.564745,0.000000,170
12560,85773578047221,13.332925,1.172974,0.715986,12.152506,0.000000,170
12561,85773591380146,13.332803,1.071889,0.667347,12.253597,0.000000,170
12562,85773604712949,13.331894,1.205832,0.601791,12.119907,0.000000,170
12563,85773618044843,13.337650,0.931170,0.664668,12.399661,0.000000,170
12564,85773631382493,13.327343,1.266735,0.594404,12.054486,0.000000,170
12565,85773644709836,13.334037,0.942479,0.767824,12.386907,0.000000,170
12566,85773658043873,13.335572,0.992353,0.741042,12.337359,0.000000,170
12567,85773671379445,13.334297,1.093342,0.863107,12.234729,0.000000,170
12568,85773684713742,13.333775,0.946179,0.799070,12.379947,0.000000,170
12569,85773698047517,13.331459,1.091924,0.935823,12.234020,0.000000,170
12570,85773711378976,13.334401,1.358066,0.636968,11.970300,0.000000,170
12571,85773724713377,13.335148,1.068575,0.536236,12.259556,0.000000,170
12572,85773738048525,13.339189,1.205626,0.560140,12.122189,0.000000,170
12573,85773751387714,13.351077,1.421914,0.739742,11.920601,0.000000,170
12574,85773764738791,13.331993,1.189750,0.819831,12.135198,0.000000,170
12575,85773778070784,13.334511,1.207241,0.752524,12.120576,0.000000,170
12576,85773791405295,13.334076,1.577211,0.751629,11.750401,0.000000,170
12577,85773804739371,13.332823,1.078772,0.785819,12.246847,0.000000,170
12578,85773818072194,13.332639,1.616443,0.637142,11.709391,0.000000,170
12579,85773831404833,13.335810,1.100449,0.783688,12.228187,0.000000,170
12580,85773844740643,13.332329,1.193510,0.665418,12.130812,0.000000,170
12581,85773858072972,13.333366,1.051150,0.574534,12.275337,0.000000,170
12582,85773871406338,13.336356,1.237883,0.740167,12.090889,0.000000,170
