frame,elapsed_ms
0,13.253422
1,13.404217
2,13.327737
3,13.258830
4,13.423780
5,13.324123
6,13.253260
7,13.416942
8,13.336665
9,13.253407
10,13.411281
11,13.330463
12,13.261467
13,13.392550
14,13.392081
15,13.209093
16,13.406879
17,13.462290
18,13.128125
19,13.411471
20,13.350109
21,13.253657
22,13.431971
23,13.334348
24,13.238164
25,13.504121
26,13.292498
27,13.204952
28,13.416046
29,13.318061
30,13.254387
31,13.402017
32,13.346549
33,13.253590
34,13.411906
35,13.381066
36,13.213679
37,13.414518
38,13.356244
39,13.243479
40,13.432416
41,13.288829
42,13.301124
43,13.418596
44,13.284387
45,13.259795
46,13.408166
47,13.331322
48,13.260981
49,13.405487
50,13.323269
51,13.272005
52,13.415538
53,13.315817
54,13.273103
55,13.405448
56,13.334676
57,13.256333
58,13.408361
59,13.394187
60,13.208664
61,13.394347
62,13.324653
63,13.275517
64,13.405558
65,13.310483
66,13.261424
67,13.428212
68,13.345761
69,13.278240
70,13.410309
71,13.333595
72,13.263587
73,13.470659
74,13.295457
75,13.204280
76,13.422762
77,13.324397
78,13.244028
79,13.430953
80,13.379038
81,13.187775
82,13.410820
83,13.378839
84,13.243373
85,13.481387
86,13.255865
87,13.230709
88,13.431506
89,13.390501
90,13.177449
91,13.424655
92,13.374069
93,13.221555
94,13.388892
95,13.338423
96,13.244291
97,13.431095
98,13.389765
99,13.260254
100,13.478033
101,13.286571
102,13.167191
103,13.458049
104,13.290233
105,13.257417
106,13.404161
107,13.333201
108,13.247108
109,13.419335
110,13.390291
111,13.212429
112,13.439392
113,13.337514
114,13.199844
115,13.441792
116,13.313533
117,13.252057
118,13.427521
119,13.343716
120,13.244287
121,13.399739
122,13.361807
123,13.629566
124,13.143845
125,13.326113
126,13.258306
127,13.421763
128,13.356652
129,13.216630
130,13.409432
131,13.376775
132,13.235201
133,13.408200
134,13.331845
135,13.258713
136,13.418738
137,13.342987
138,13.223514
139,13.469198
140,13.819698
141,12.739512
142,13.534344
143,13.171896
144,13.270447
145,13.422226
146,13.333774
147,13.263756
148,13.456239
149,17.838824
150,8.767106
151,13.471524
152,13.307818
153,13.216354
154,13.463751
155,13.272096
156,13.256244
157,13.407926
158,13.409999
159,13.185146
160,13.466153
161,13.328636
162,13.178534
163,13.403595
164,13.371530
165,13.208954
166,13.543557
167,13.297970
168,13.212506
169,13.399011
170,13.340729
171,13.284907
172,13.379608
173,13.360659
174,13.182944
175,13.458194
176,13.302952
177,13.264656
178,13.526938
179,13.358776
180,13.144789
181,14.026851
182,12.702648
183,13.239340
184,13.408029
185,13.332292
186,13.257310
187,13.439811
188,13.307014
189,13.253821
190,13.641467
191,13.131004
192,13.224943
193,13.400414
194,13.341115
195,13.263680
196,13.483248
197,13.264619
198,13.249438
199,13.425332
200,13.326526
201,13.243198
202,13.516504
203,13.219209
204,13.254998
205,13.393030
206,13.367044
207,13.244203
208,16.496120
209,12.348909
210,13.236151
211,13.420635
212,13.411048
213,13.208125
214,13.392597
215,13.279394
216,13.282904
217,13.435871
218,13.281649
219,13.319446
220,13.533890
221,13.323742
222,13.120045
223,13.504311
224,13.252851
225,13.254784
226,13.461673
227,13.354162
228,13.193475
229,13.508026
230,13.311071
231,13.207751
232,14.215885
233,12.631958
234,13.209062
235,13.475920
236,13.226828
237,13.295192
238,13.344444
239,13.339222
240,13.249647
241,13.423844
242,13.351096
243,13.240581
244,13.396734
245,13.326699
246,13.242931
247,13.436768
248,13.330238
249,13.236759
250,13.402606
251,13.385464
252,13.207503
253,13.407071
254,13.371858
255,13.279741
256,13.425380
257,13.334372
258,13.192492
259,13.429335
260,13.310617
261,13.251368
262,13.431754
263,13.307635
264,13.286622
265,13.437598
266,13.290425
267,13.237808
268,13.435717
269,13.311707
270,13.261574
271,13.446886
272,13.323532
273,13.243955
274,13.502444
275,13.311191
276,13.218825
277,13.382150
278,13.338460
279,13.303537
280,13.361770
281,13.352381
282,13.216251
283,13.486052
284,13.259861
285,13.252968
286,13.487184
287,13.302478
288,13.211118
289,13.424899
290,13.356293
291,13.226270
292,13.426869
293,13.356593
294,13.206505
295,13.458928
296,13.286862
297,13.243399
298,13.461259
299,13.277639
300,13.270884
301,13.446295
302,13.404004
303,13.174126
304,13.437388
305,13.316600
306,13.235467
307,13.470327
308,13.273875
309,13.270284
310,13.411503
311,13.328929
312,13.230091
313,13.491248
314,13.350881
315,13.185347
316,13.493986
317,13.277918
318,13.204708
319,13.482805
320,13.320391
321,13.263375
322,13.397337
323,13.354113
324,13.212672
325,13.431685
326,13.341799
327,13.205728
328,13.472947
329,13.336793
330,13.191978
331,13.643954
332,13.132702
333,13.221210
334,13.490739
335,13.316876
336,13.191979
337,13.440704
338,13.371459
339,13.189237
340,13.539012
341,13.265478
342,13.222379
343,13.470546
344,13.309569
345,13.220373
346,13.501286
347,13.249448
348,13.238086
349,13.453438
350,13.322388
351,13.232665
352,13.449192
353,13.298810
354,13.232730
355,13.425312
356,13.361445
357,13.221064
358,13.414189
359,13.400089
360,13.176137
361,13.436814
362,13.340038
363,13.218435
364,13.427207
365,13.323602
366,13.256053
367,13.466122
368,13.286872
369,13.264876
370,13.417957
371,13.312513
372,13.245852
373,13.456132
374,13.308855
375,13.238034
376,13.445000
377,13.358286
378,13.222708
379,13.592577
380,13.182774
381,13.226210
382,13.725688
383,13.054315
384,13.217197
385,13.452112
386,13.318578
387,13.214867
388,13.524658
389,13.268296
390,13.216336
391,13.458693
392,13.319710
393,13.215220
394,13.410192
395,13.342138
396,13.233009
397,13.420929
398,13.388094
399,13.180403
400,13.422341
401,13.483866
402,13.079414
403,13.451271
404,13.452396
405,13.119356
406,13.480042
407,13.316095
408,13.224487
409,13.418855
410,13.318503
411,13.257910
412,13.432546
413,13.335991
414,13.227098
415,13.481523
416,13.299567
417,13.242060
418,13.492449
419,13.279576
420,13.302279
421,13.426307
422,13.256672
423,13.330382
424,13.348873
425,13.375115
426,13.247575
427,13.450312
428,13.233520
429,13.230505
430,13.509737
431,13.316618
432,13.200686
433,13.422877
434,13.352237
435,13.182717
436,13.484743
437,13.298820
438,13.250124
439,13.418158
440,13.347552
441,13.249181
442,13.464688
443,13.304545
444,13.256541
445,13.428448
446,13.254512
447,13.249615
448,13.439837
449,13.365305
450,13.218595
451,13.395167
452,13.434679
453,13.140125
454,13.441997
455,13.333614
456,13.269011
457,13.422062
458,13.289964
459,13.287239
460,13.408382
461,13.310042
462,13.263809
463,13.431194
464,13.401603
465,13.178427
466,13.410794
467,13.343560
468,13.210065
469,13.480655
470,13.347917
471,13.212823
472,13.571854
473,13.176955
474,13.287223
475,13.416305
476,13.412434
477,13.247568
478,13.376038
479,13.252097
480,13.228892
481,13.477179
482,13.298122
483,13.199908
484,13.494719
485,13.280507
486,13.234176
487,13.546345
488,13.220981
489,13.226332
490,13.437404
491,13.367595
492,13.221781
493,13.397501
494,13.309800
495,13.275821
496,13.474520
497,13.503223
498,13.020925
499,13.441721
500,13.369499
501,13.237447
502,13.577063
503,13.436934
504,12.971595
505,13.779309
506,12.981728
507,13.287656
508,13.422146
509,13.336292
510,13.198592
511,13.473632
512,13.277238
513,13.283558
514,13.408160
515,13.312088
516,13.271777
517,13.643419
518,13.089247
519,13.243405
520,13.414969
521,13.349885
522,13.227305
523,13.411906
524,13.317512
525,13.280064
526,13.399147
527,13.331733
528,13.227992
529,13.442513
530,13.334341
531,13.240546
532,13.682500
533,13.087144
534,13.249321
535,13.499152
536,13.262571
537,13.258612
538,13.468269
539,13.298990
540,13.198418
541,13.442204
542,13.367031
543,13.229915
544,13.559529
545,13.187234
546,13.216407
547,13.421655
548,13.326979
549,13.246345
550,13.477833
551,13.316013
552,13.216900
553,13.501148
554,13.272612
555,13.220559
556,13.436556
557,13.317708
558,13.253566
559,13.419005
560,13.322917
561,13.244104
562,13.459129
563,13.298452
564,13.246103
565,13.414098
566,13.327832
567,13.252464
568,13.430237
569,13.329594
570,13.268447
571,13.426619
572,13.288003
573,13.251496
574,13.424699
575,13.345509
576,13.238277
577,13.404920
578,13.323786
579,13.266045
580,13.419421
581,13.350405
582,13.223070
583,13.436550
584,13.316744
585,13.238844
586,13.588698
587,13.174964
588,13.251363
589,13.417730
590,13.523085
591,13.074110
592,13.454608
593,13.406598
594,13.136288
595,13.495438
596,13.233865
597,13.262762
598,13.530033
599,13.238853
600,13.237461
601,13.418773
602,13.307914
603,13.261463
604,13.435027
605,13.338980
606,13.244820
607,13.425056
608,13.336209
609,13.222195
610,13.440884
611,13.323626
612,13.252415
613,13.405273
614,13.346291
615,13.248193
616,17.230036
617,9.524755
618,13.256628
619,13.408117
620,13.368452
621,13.256906
622,13.400717
623,13.310189
624,15.780155
625,10.866735
626,13.338235
627,13.245739
628,13.430147
629,13.362700
630,13.213867
631,13.402624
632,15.870769
633,10.733408
634,13.429563
635,13.368206
636,13.199003
637,13.423492
638,13.385020
639,13.199304
640,15.832324
641,10.928458
642,13.266293
643,13.406926
644,13.337138
645,13.227153
646,13.510985
647,13.228154
648,15.683826
649,10.991044
650,13.358334
651,13.223705
652,13.448155
653,13.329407
654,13.224959
655,13.448639
656,15.701201
657,10.850784
658,13.408932
659,13.340341
660,13.243626
661,13.447523
662,13.297699
663,13.273125
664,15.954922
665,10.769901
666,13.280269
667,13.507709
668,13.238598
669,13.247449
670,13.431048
671,13.305866
672,15.652597
673,11.008821
674,13.321837
675,13.283375
676,13.458467
677,13.317193
678,13.233575
679,13.419260
680,15.741604
681,10.822481
682,13.436318
683,13.338639
684,13.227207
685,13.437797
686,13.368045
687,13.212063
688,15.870912
689,10.874366
690,13.238045
691,13.393866
692,13.337867
693,13.270547
694,13.414993
695,13.377948
696,15.714492
697,10.931477
698,13.323961
699,13.249155
700,13.426767
701,13.348759
702,13.227954
703,13.478751
704,15.676903
705,10.827422
706,13.436079
707,13.321385
708,13.251054
709,13.422013
710,13.362608
711,13.213884
712,15.813765
713,10.939814
714,13.252566
715,13.435332
716,13.335780
717,13.238312
718,13.438432
719,13.323079
720,15.922206
721,10.746404
722,13.344294
723,13.205861
724,13.422986
725,13.319779
726,13.286154
727,13.449340
728,16.009137
729,10.524480
730,13.445942
731,13.335930
732,13.286941
733,13.388760
734,13.295723
735,13.226040
736,15.846414
737,10.920402
738,13.236579
739,13.439708
740,13.316956
741,13.254526
742,13.423511
743,13.311586
744,15.636002
745,11.071400
746,13.336949
747,13.222228
748,13.436451
749,13.315303
750,13.253591
751,13.423371
752,15.729627
753,10.828868
754,13.406665
755,13.327411
756,13.263777
757,13.408814
758,13.327222
759,13.265933
760,15.795495
761,10.973158
762,13.230280
763,13.416441
764,13.328589
765,13.271085
766,13.433344
767,13.352680
768,15.619557
769,11.080438
770,13.283105
771,13.238229
772,13.433118
773,13.325780
774,13.259441
775,13.437948
776,15.729154
777,10.808959
778,13.442230
779,13.338362
780,13.218082
781,13.429596
782,13.332359
783,13.234282
784,15.832240
785,10.949077
786,13.224667
787,13.443277
788,13.370261
789,13.187117
790,13.459398
791,13.287941
792,16.019874
793,10.834001
794,13.215542
795,13.183369
796,13.455983
797,13.300195
798,13.281048
799,13.439639
800,15.662888
801,10.864420
802,13.417787
803,13.348107
804,13.232986
805,13.418221
806,13.374947
807,13.208505
808,15.815903
809,10.942117
810,13.229632
811,13.428110
812,13.342530
813,13.234840
814,13.600152
815,13.308985
816,15.501682
817,11.007104
818,13.327746
819,13.232215
820,13.444510
821,13.312653
822,13.244192
823,13.421354
824,15.743337
825,10.838992
826,13.462695
827,13.335913
828,13.203821
829,13.471779
830,13.346263
831,13.209772
832,15.820970
833,10.946508
834,13.243710
835,13.607484
836,13.351098
837,13.038408
838,13.696925
839,13.114890
840,15.918021
841,10.720455
842,13.420967
843,13.120270
844,13.449854
845,13.378289
846,13.152687
847,13.420130
848,15.726955
849,10.847584
850,13.437202
851,13.334716
852,13.247689
853,13.448321
854,13.303713
855,13.271656
856,15.786138
857,10.960856
858,13.234988
859,13.450095
860,13.294710
861,13.230888
862,13.471008
863,13.326101
864,15.957909
865,10.724419
866,13.317234
867,13.235123
868,13.452144
869,13.349137
870,13.193783
871,13.421663
872,15.704397
873,10.895047
874,13.386872
875,13.357026
876,13.238912
877,13.431431
878,13.321174
879,13.248763
880,15.865918
881,10.902929
882,13.215286
883,13.449368
884,13.298587
885,13.264264
886,13.449811
887,13.340695
888,15.722374
889,10.905311
890,13.333164
891,13.235866
892,13.511311
893,13.272997
894,13.205606
895,13.473803
896,15.740291
897,10.780025
898,13.484944
899,13.268481
900,13.247795
901,13.470713
902,13.372793
903,13.164852
904,15.836897
905,10.906271
906,13.251083
907,13.414943
908,13.324542
909,13.263440
910,13.413276
911,13.333506
912,15.648757
913,11.148607
914,13.209206
915,13.313621
916,13.521779
917,13.283463
918,13.182222
919,13.440924
920,15.723743
921,10.785458
922,13.441608
923,13.369811
924,13.197874
925,13.402750
926,13.327164
927,13.255995
928,15.823365
929,11.045746
930,13.145914
931,13.412381
932,13.365007
933,13.206181
934,13.415893
935,13.397430
936,15.570593
937,11.080468
938,13.299809
939,13.281726
940,13.372240
941,13.327746
942,13.299905
943,13.415788
944,15.665276
945,10.885997
946,13.445316
947,13.285599
948,15.920525
949,11.251121
950,13.368859
951,13.204731
952,15.791339
953,10.987587
954,13.219468
955,13.403489
956,13.350648
957,13.270600
958,13.375321
959,13.319390
960,15.690398
961,10.988399
962,13.320766
963,13.305833
964,13.390619
965,13.319394
966,13.293283
967,13.390356
968,15.748262
969,10.883151
970,13.429403
971,13.268494
972,13.258917
973,13.475268
974,13.247305
975,13.273601
976,15.834615
977,10.966794
978,13.200734
979,13.499913
980,13.271923
981,13.229111
982,13.459381
983,13.283898
984,15.667758
985,11.052965
986,13.265648
987,13.270928
988,13.440798
989,13.291925
990,13.271872
991,13.438523
992,15.683375
993,10.871641
994,13.462993
995,13.330086
996,13.246007
997,13.432350
998,13.278356
999,13.244940
1000,15.860411
1001,10.903281
1002,13.316072
1003,13.339221
1004,13.396735
1005,13.176481
1006,13.574620
1007,13.231284
1008,15.592494
1009,11.098848
1010,13.313187
1011,13.198224
1012,13.481535
1013,13.280729
1014,13.258589
1015,13.410537
1016,15.729504
1017,10.858775
1018,13.431628
1019,13.284004
1020,13.267790
1021,13.399404
1022,13.391239
1023,13.216242
1024,15.843867
1025,10.901678
1026,13.277026
1027,13.412716
1028,13.301031
1029,13.235344
1030,13.459198
1031,13.300653
1032,15.663281
1033,11.033535
1034,13.273059
1035,13.286097
1036,13.397285
1037,13.319775
1038,13.307708
1039,13.407694
1040,15.689359
1041,10.874067
1042,13.396972
1043,13.376618
1044,13.972493
1045,12.697910
1046,13.289643
1047,13.251364
1048,15.839831
1049,10.905263
1050,13.275772
1051,13.437844
1052,13.350879
1053,13.417807
1054,13.250770
1055,13.280151
1056,15.641844
1057,11.127849
1058,13.255281
1059,13.321981
1060,13.381027
1061,13.312110
1062,13.227247
1063,13.424431
1064,15.837616
1065,10.820899
1066,13.357015
1067,13.376347
1068,13.175563
1069,13.425989
1070,13.326999
1071,13.309098
1072,15.873496
1073,10.818979
1074,13.239461
1075,13.430533
1076,13.348703
1077,13.300717
1078,13.351028
1079,13.322231
1080,15.701538
1081,10.971800
1082,13.358091
1083,13.226472
1084,13.416873
1085,13.358273
1086,13.206453
1087,13.423252
1088,15.707812
1089,10.880102
1090,13.471252
1091,13.321669
1092,13.209286
1093,13.473187
1094,13.302881
1095,13.229313
1096,15.821053
1097,10.916669
1098,13.251124
1099,13.421712
1100,13.319816
1101,13.265488
1102,13.410090
1103,13.334526
1104,15.655840
1105,11.016126
1106,13.403606
1107,13.209556
1108,13.450998
1109,13.416577
1110,13.105538
1111,13.467863
1112,15.830915
1113,10.697193
1114,13.479151
1115,13.334275
1116,13.185598
1117,13.465166
1118,13.288354
1119,13.244368
1120,15.835355
1121,10.934430
1122,13.237691
1123,13.423992
1124,13.403092
1125,13.915040
1126,12.745736
1127,13.249023
1128,15.729441
1129,10.950500
1130,13.338345
1131,13.246556
1132,13.460062
1133,13.303709
1134,13.249679
1135,13.688751
1136,15.838448
1137,10.452779
1138,13.587569
1139,13.297424
1140,13.139365
1141,13.440124
1142,13.318424
1143,13.230362
1144,17.758863
1145,9.025350
1146,13.201735
1147,13.527673
1148,13.246185
1149,13.264264
1150,13.519004
1151,13.248894
1152,15.913435
1153,10.737211
1154,13.316485
1155,13.254552
1156,13.423801
1157,13.371263
1158,13.190161
1159,13.434323
1160,16.064475
1161,10.526522
1162,13.432087
1163,13.321774
1164,13.252772
1165,13.462267
1166,13.296606
1167,13.242007
1168,16.221390
1169,10.533764
1170,13.265234
1171,13.461520
1172,13.304883
1173,13.209876
1174,13.490394
1175,13.285982
1176,15.931204
1177,10.693899
1178,13.338105
1179,13.273843
1180,13.406649
1181,13.336933
1182,13.222766
1183,13.449839
1184,16.009378
1185,10.551381
1186,13.426143
1187,13.309164
1188,13.251579
1189,13.432744
1190,13.331257
1191,13.249666
1192,16.223180
1193,10.667454
1194,13.108086
1195,13.464610
1196,13.442233
1197,13.115650
1198,13.957489
1199,12.787461
1200,15.922739
1201,10.733438
1202,13.321260
1203,13.283722
1204,13.509480
1205,13.224294
1206,13.226401
1207,13.450545
1208,16.058970
1209,10.489231
1210,13.474155
1211,13.287429
1212,13.278701
1213,13.505907
1214,13.336433
1215,13.130442
1216,16.248237
1217,10.598502
1218,13.163039
1219,13.647063
1220,13.152844
1221,13.193093
1222,13.439924
1223,13.433475
1224,15.840036
1225,10.797745
1226,13.240453
1227,13.245078
1228,13.562184
1229,13.199153
1230,13.229925
1231,13.423038
1232,16.008595
1233,10.561463
1234,13.452515
1235,13.304308
1236,13.252098
1237,13.439855
1238,13.307344
1239,13.265459
1240,16.180525
1241,10.553394
1242,13.264047
1243,13.643708
1244,13.176800
1245,13.350201
1246,13.689265
1247,12.996614
1248,15.878152
1249,10.720696
1250,13.309300
1251,13.294330
1252,13.545855
1253,13.166985
1254,13.363408
1255,13.577559
1256,15.709504
1257,10.625382
1258,13.423434
1259,13.359005
1260,13.210275
1261,13.455620
1262,13.308301
1263,13.260632
1264,16.047472
1265,10.700499
1266,13.194698
1267,13.584024
1268,13.219044
1269,13.208706
1270,13.450099
1271,13.321254
1272,15.676293
1273,11.022546
1274,13.347067
1275,13.205105
1276,13.481792
1277,13.409678
1278,13.098800
1279,13.426750
1280,15.798046
1281,10.777695
1282,13.449219
1283,13.323671
1284,13.249892
1285,13.532279
1286,13.422947
1287,13.026942
1288,15.915928
1289,10.803466
1290,13.298366
1291,13.392849
1292,13.427029
1293,13.160317
1294,14.941238
1295,11.817623
1296,16.048821
1297,10.660763
1298,13.334964
1299,13.197165
1300,13.440972
1301,13.846030
1302,13.188470
1303,13.534356
1304,15.927568
1305,10.532274
1306,13.440176
1307,13.302562
1308,13.327618
1309,13.383843
1310,13.329561
1311,13.231024
1312,15.932675
1313,10.812846
1314,13.255629
1315,13.419102
1316,13.375786
1317,13.251287
1318,13.329572
1319,13.537170
1320,15.790369
1321,10.701686
1322,13.331790
1323,13.258183
1324,13.657151
1325,13.128771
1326,13.204632
1327,13.488714
1328,16.120242
1329,10.373614
1330,13.520821
1331,13.340069
1332,13.168904
1333,13.427906
1334,13.552505
1335,12.990929
1336,15.855104
1337,10.985933
1338,13.168313
1339,13.416973
1340,13.383181
1341,13.191263
1342,13.502328
1343,13.434425
1344,16.502132
1345,10.030982
1346,13.378659
1347,13.167556
1348,13.455110
1349,13.447167
1350,13.103367
1351,13.401782
1352,15.702846
1353,10.853184
1354,13.508794
1355,13.245094
1356,13.261111
1357,13.422105
1358,13.371489
1359,13.208109
1360,15.841256
1361,10.875017
1362,13.286034
1363,13.439254
1364,13.326270
1365,13.236257
1366,13.496070
1367,13.260487
1368,15.655475
1369,10.986758
1370,13.357593
1371,13.319877
1372,13.345478
1373,13.345232
1374,13.241462
1375,13.404523
1376,15.765398
1377,10.799759
1378,13.449358
1379,13.332216
1380,13.317939
1381,13.353065
1382,13.310317
1383,13.258720
1384,15.914476
1385,10.824012
1386,13.272395
1387,13.460615
1388,13.340142
1389,13.209890
1390,13.404109
1391,13.314066
1392,15.752527
1393,10.981433
1394,13.260541
1395,13.267051
1396,13.419357
1397,13.350695
1398,13.260366
1399,13.396771
1400,15.870373
1401,10.720150
1402,13.407774
1403,13.453713
1404,13.145705
1405,13.403806
1406,13.372737
1407,13.225449
1408,15.956586
1409,10.785720
1410,13.249253
1411,13.429276
1412,13.409029
1413,13.173550
1414,13.432072
1415,13.346364
1416,15.728679
1417,10.898178
1418,13.366621
1419,13.203015
1420,13.426143
1421,13.325634
1422,13.236399
1423,13.444972
1424,15.782730
1425,10.827836
1426,13.390417
1427,13.351586
1428,13.239719
1429,13.427402
1430,13.364185
1431,13.221964
1432,15.918642
1433,10.840106
1434,13.273866
1435,13.374868
1436,13.302624
1437,13.292936
1438,13.447004
1439,13.314290
1440,15.985569
1441,10.683422
1442,13.318149
1443,13.285550
1444,13.364550
1445,13.332160
1446,13.261396
1447,13.431718
1448,15.751123
1449,10.798949
1450,13.420022
1451,13.343491
1452,13.260881
1453,13.412060
1454,13.336826
1455,13.249613
1456,15.845870
1457,10.895570
1458,13.271737
1459,13.408525
1460,13.420435
1461,13.161212
1462,13.433164
1463,13.339011
1464,15.722924
1465,10.950348
1466,13.349608
1467,13.193702
1468,13.439948
1469,13.375121
1470,13.183189
1471,13.412593
1472,15.699407
1473,10.881671
1474,13.419619
1475,13.423563
1476,13.169786
1477,13.412580
1478,13.317196
1479,13.272948
1480,16.065426
1481,10.709337
1482,13.213966
1483,13.404664
1484,13.329847
1485,13.278056
1486,13.435605
1487,13.329823
1488,15.617059
1489,11.004984
1490,13.366458
1491,13.223662
1492,13.428309
1493,13.320507
1494,13.251089
1495,13.418890
1496,15.724958
1497,10.918448
1498,13.348870
1499,13.342417
1500,13.246967
1501,13.416861
1502,13.325257
1503,13.272084
1504,15.814794
1505,10.906404
1506,13.330071
1507,13.364359
1508,13.317284
1509,13.253594
1510,13.409059
1511,13.340690
1512,15.661058
1513,11.005631
1514,13.345607
1515,13.246241
1516,13.406323
1517,13.341265
1518,13.243389
1519,13.444717
1520,15.726821
1521,10.837708
1522,13.405763
1523,13.349731
1524,13.245133
1525,13.412178
1526,13.375458
1527,13.224907
1528,16.170677
1529,10.717108
1530,13.110374
1531,13.535974
1532,13.247455
1533,13.211025
1534,13.544909
1535,13.389166
1536,15.450130
1537,11.095712
1538,13.383455
1539,13.137389
1540,13.501610
1541,13.258231
1542,13.253608
1543,13.408960
1544,15.711072
1545,10.880097
1546,13.435339
1547,13.302939
1548,13.274341
1549,13.392414
1550,13.345957
1551,13.251988
1552,15.811729
1553,10.929612
1554,13.251448
1555,13.426877
1556,13.337505
1557,13.242175
1558,13.457785
1559,13.334667
1560,15.679228
1561,10.990309
1562,13.570383
1563,12.960779
1564,13.760860
1565,13.310618
1566,12.929880
1567,13.676964
1568,15.502263
1569,10.893569
1570,13.349709
1571,13.322495
1572,13.253920
1573,13.459098
1574,13.279824
1575,13.254565
1576,15.809737
1577,10.950318
1578,13.246309
1579,13.419150
1580,13.329610
1581,13.248034
1582,13.427846
1583,13.326876
1584,15.631408
1585,11.041859
1586,13.324996
1587,13.245571
1588,13.418112
1589,13.340145
1590,13.243747
1591,13.418229
1592,15.796850
1593,10.780243
1594,13.427884
1595,13.332167
1596,13.244470
1597,13.411003
1598,13.343246
1599,13.247958
1600,15.901974
1601,10.969247
1602,13.123201
1603,13.403101
1604,13.353425
1605,13.256320
1606,13.436948
1607,13.355138
1608,15.873109
1609,10.764406
1610,13.367011
1611,13.189848
1612,13.470477
1613,13.361477
1614,13.175702
1615,13.520359
1616,15.637489
1617,10.872629
1618,13.417484
1619,13.344648
1620,13.236355
1621,13.414534
1622,13.368537
1623,13.226187
1624,16.069613
1625,10.708037
1626,13.208704
1627,13.442961
1628,13.322173
1629,13.245726
1630,13.396226
1631,13.812410
1632,17.242895
1633,9.060568
1634,13.233422
1635,13.254922
1636,13.469094
1637,13.285216
1638,13.232577
1639,13.488510
1640,15.649293
1641,10.854670
1642,13.435686
1643,13.336568
1644,13.243192
1645,13.416820
1646,13.343782
1647,13.249691
1648,15.800320
1649,10.950589
1650,13.237599
1651,13.440469
1652,13.323074
1653,13.227481
1654,13.429079
1655,13.439338
1656,15.519409
1657,11.037599
1658,13.342299
1659,13.240631
1660,13.432221
1661,13.324733
1662,13.237751
1663,13.448894
1664,15.817558
1665,10.730006
1666,13.448358
1667,13.418673
1668,13.156947
1669,13.401794
1670,13.637937
1671,12.977479
1672,15.869595
1673,10.873703
1674,13.240998
1675,13.464302
1676,13.415007
1677,13.162416
1678,13.406743
1679,13.306592
1680,15.708411
1681,10.945551
1682,13.340202
1683,13.245792
1684,13.415924
1685,13.328208
1686,13.242886
1687,13.586314
1688,15.628731
1689,10.779218
1690,13.439869
1691,13.312411
1692,13.278186
1693,13.388701
1694,13.322656
1695,13.300288
1696,15.865706
1697,10.841697
1698,13.293387
1699,13.411161
1700,13.325655
1701,13.221395
1702,13.421404
1703,13.342763
1704,15.979021
1705,10.718388
1706,13.297602
1707,13.294506
1708,13.353897
1709,13.361153
1710,13.240242
1711,13.397076
1712,15.723042
1713,10.876167
1714,13.405305
1715,13.371043
1716,13.222099
1717,13.433857
1718,13.460379
1719,13.107379
1720,15.794674
1721,11.025121
1722,13.191118
1723,13.441623
1724,13.448261
1725,13.105140
1726,13.426718
1727,13.439667
1728,15.517837
1729,11.045798
1730,13.307001
1731,13.302229
1732,13.464349
1733,13.326915
1734,13.184532
1735,13.475002
1736,15.826959
1737,10.697673
1738,13.496879
1739,13.299591
1740,13.195801
1741,13.534360
1742,13.280966
1743,13.184288
1744,15.979550
1745,10.866155
1746,13.147528
1747,13.430092
1748,13.454563
1749,13.125892
1750,13.760861
1751,13.045225
1752,15.874148
1753,10.801267
1754,13.277264
1755,13.234237
1756,13.494645
1757,13.327171
1758,13.188419
1759,13.594044
1760,15.712760
1761,10.673235
1762,13.467631
1763,13.357810
1764,13.188303
1765,13.589740
1766,13.310559
1767,13.114178
1768,15.884549
1769,10.900377
1770,13.197806
1771,13.410018
1772,13.336445
1773,13.253816
1774,13.435806
1775,13.341100
1776,15.947534
1777,10.711798
1778,13.333733
1779,13.284491
1780,13.396996
1781,13.493111
1782,13.056668
1783,13.426882
1784,15.729469
1785,10.853305
1786,13.402420
1787,13.350578
1788,13.239405
1789,13.424003
1790,13.362842
1791,13.214413
1792,15.796375
1793,10.971098
1794,13.236447
1795,13.507205
1796,13.239790
1797,13.256190
1798,13.565120
1799,13.274621
1800,15.637678
1801,10.993354
1802,13.303597
1803,13.222688
1804,13.409557
1805,13.331100
1806,13.253182
1807,13.445813
1808,15.996993
1809,10.572318
1810,13.430452
1811,13.324487
1812,13.246837
1813,13.524479
1814,13.298137
1815,13.170907
1816,16.120475
1817,10.726499
1818,13.153318
1819,13.430488
1820,13.343876
1821,13.257630
1822,13.514231
1823,13.237542
1824,15.903591
1825,10.742645
1826,13.357728
1827,13.199181
1828,13.441161
1829,13.371708
1830,13.185419
1831,13.407444
1832,15.759202
1833,10.840723
1834,13.421704
1835,13.338525
1836,13.234636
1837,13.414337
1838,13.353038
1839,13.269123
1840,15.835909
1841,10.971494
1842,13.187779
1843,13.398043
1844,13.399432
1845,13.198663
1846,13.433336
1847,13.316787
1848,15.628437
1849,11.059042
1850,13.319076
1851,13.221411
1852,13.431454
1853,13.395569
1854,13.178019
1855,13.414750
1856,16.127650
1857,10.487547
1858,13.457683
1859,13.288783
1860,13.265662
1861,13.439179
1862,13.318498
1863,13.236808
1864,16.177100
1865,10.573255
1866,13.232330
1867,13.415055
1868,13.317833
1869,13.246186
1870,13.500118
1871,13.266448
1872,15.626524
1873,11.027817
1874,13.372357
1875,13.219151
1876,13.500939
1877,13.359223
1878,13.127990
1879,13.513308
1880,15.717488
1881,10.774419
1882,13.449216
1883,13.418603
1884,13.170702
1885,13.402341
1886,13.399742
1887,13.184455
1888,15.895540
1889,10.886441
1890,13.223744
1891,13.430872
1892,13.433622
1893,13.145476
1894,13.502218
1895,13.327405
1896,15.862891
1897,10.713801
1898,13.427032
1899,13.175770
1900,13.429521
1901,13.445866
1902,13.090351
1903,13.485723
1904,15.901263
1905,10.607896
1906,13.478303
1907,13.374074
1908,13.177407
1909,13.415574
1910,13.335770
1911,13.237282
1912,16.110615
1913,10.643884
1914,13.260587
1915,13.431378
1916,13.334807
1917,13.242848
1918,13.402105
1919,13.347628
1920,15.780631
1921,10.894372
1922,13.298684
1923,13.260642
1924,13.424430
1925,13.445686
1926,13.135841
1927,13.454171
1928,15.998279
1929,10.538611
1930,13.451015
1931,13.310904
1932,13.231973
1933,13.486146
1934,13.264315
1935,13.238923
1936,16.023702
1937,10.743843
1938,13.235871
1939,13.473320
1940,13.273904
1941,13.253324
1942,13.529201
1943,13.249531
1944,15.634286
1945,11.021487
1946,13.309817
1947,13.265016
1948,13.424877
1949,13.323534
1950,13.249871
1951,14.008761
1952,15.195998
1953,10.786540
1954,13.476927
1955,13.367680
1956,13.181578
1957,13.546052
1958,13.181106
1959,13.248580
1960,15.885672
1961,10.869466
1962,13.253770
1963,13.542193
1964,13.212587
1965,13.239551
1966,13.503232
1967,13.256225
1968,15.981008
1969,10.758726
1970,13.262322
1971,13.237312
1972,13.440781
1973,13.317296
1974,13.268969
1975,13.478297
1976,15.740273
1977,10.758868
1978,13.412323
1979,13.346981
1980,13.242364
1981,13.551996
1982,13.211582
1983,13.226017
1984,16.061292
1985,10.740059
1986,13.210133
1987,13.513625
1988,13.212016
1989,13.276695
1990,13.427276
1991,13.327124
1992,15.667945
1993,10.981492
1994,13.326083
1995,13.265430
1996,13.423302
1997,13.325290
1998,13.268261
1999,13.425215
2000,15.787427
2001,10.769723
2002,13.462166
2003,13.347246
2004,13.218585
2005,13.394539
2006,13.352437
2007,13.240248
2008,16.237166
2009,10.499913
2010,13.242004
2011,13.556259
2012,13.362537
2013,13.118707
2014,13.371190
2015,13.329528
2016,15.709118
2017,11.022058
2018,13.312633
2019,13.207043
2020,13.433750
2021,13.353016
2022,13.240378
2023,13.411901
2024,15.784927
2025,10.775421
2026,13.438195
2027,13.342049
2028,13.237249
2029,13.425845
2030,13.439645
2031,13.167652
2032,15.868270
2033,10.837854
2034,13.311314
2035,13.460044
2036,13.348807
2037,13.169501
2038,13.522084
2039,13.284241
2040,15.705689
2041,10.952992
2042,13.358024
2043,13.174430
2044,13.437011
2045,13.299510
2046,13.251491
2047,13.398876
2048,15.757533
2049,10.822836
2050,13.462522
2051,13.305124
2052,13.242057
2053,13.404067
2054,13.418334
2055,13.168125
2056,15.835483
2057,10.903204
2058,13.320048
2059,13.368234
2060,13.327714
2061,13.248406
2062,13.487242
2063,13.274517
2064,15.664402
2065,10.979527
2066,13.417241
2067,13.190198
2068,13.420113
2069,13.451418
2070,13.141309
2071,13.399512
2072,15.903242
2073,10.703096
2074,13.419648
2075,14.201129
2076,12.367607
2077,13.422387
2078,13.300444
2079,13.325020
2080,15.805962
2081,11.009799
2082,13.117375
2083,13.488239
2084,13.272238
2085,13.240487
2086,13.437183
2087,13.370901
2088,15.947374
2089,10.803000
2090,13.275221
2091,13.198834
2092,13.422119
2093,13.426259
2094,13.142147
2095,13.526424
2096,15.926957
2097,10.560904
2098,13.402904
2099,13.326548
2100,13.588922
2101,13.115366
2102,13.325716
2103,13.260837
2104,15.824583
2105,10.941669
2106,13.223680
2107,13.396771
2108,13.334479
2109,13.293984
2110,13.366847
2111,13.332439
2112,15.634721
2113,11.008390
2114,13.355520
2115,13.327365
2116,13.356121
2117,13.340445
2118,13.233010
2119,13.403297
2120,15.763357
2121,10.870170
2122,13.381436
2123,13.337268
2124,13.244789
2125,13.409854
2126,13.468015
2127,13.215160
2128,15.766738
2129,10.936260
2130,13.216073
2131,13.427950
2132,13.339558
2133,13.326426
2134,13.332668
2135,13.448652
2136,15.896521
2137,10.615940
2138,13.340438
2139,13.350571
2140,13.325441
2141,13.342775
2142,13.291443
2143,13.361717
2144,16.112502
2145,10.503008
2146,13.392707
2147,13.318669
2148,13.274250
2149,13.402979
2150,13.326104
2151,13.262776
2152,15.875333
2153,10.939636
2154,13.185648
2155,13.482648
2156,13.286928
2157,13.234091
2158,13.422354
2159,13.323813
2160,15.760710
2161,10.951022
2162,13.303750
2163,13.242853
2164,13.432985
2165,13.388853
2166,13.186523
2167,13.411205
2168,15.725897
2169,11.190075
2170,13.424542
2171,13.319094
2172,13.248547
2173,13.426483
2174,13.347519
2175,13.316498
2176,15.746655
2177,10.911363
2178,13.258312
2179,13.440670
2180,13.314232
2181,13.256472
2182,13.432439
2183,13.310333
2184,16.017584
2185,10.619146
2186,13.368049
2187,13.240408
2188,13.414680
2189,13.322201
2190,13.259757
2191,13.406995
2192,15.917962
2193,10.658962
2194,13.421829
2195,13.338712
2196,13.252271
2197,13.417624
2198,13.341212
2199,13.263652
2200,15.792520
2201,10.948278
2202,13.261536
2203,13.438229
2204,13.305296
2205,13.241087
2206,13.407005
2207,13.343195
2208,15.675703
2209,10.982177
2210,13.327725
2211,13.261602
2212,13.450726
2213,13.283739
2214,13.258887
2215,13.551035
2216,15.939771
2217,10.513400
2218,13.432357
2219,13.368212
2220,13.206004
2221,13.464407
2222,13.275228
2223,13.260339
2224,15.858573
2225,10.936851
2226,13.201539
2227,13.468071
2228,13.333094
2229,13.202856
2230,13.482141
2231,13.269252
2232,15.687340
2233,10.967063
2234,13.316081
2235,13.260031
2236,13.418308
2237,13.331120
2238,13.253602
2239,13.409949
2240,15.781333
2241,10.802524
2242,13.433141
2243,13.320710
2244,13.257177
2245,13.430947
2246,13.324587
2247,13.242641
2248,15.807710
2249,10.938860
2250,13.255777
2251,13.422648
2252,13.317915
2253,13.268992
2254,13.416727
2255,13.312849
2256,15.732464
2257,10.965801
2258,13.333854
2259,13.246105
2260,13.449584
2261,13.315264
2262,13.251623
2263,13.423184
2264,16.139152
2265,10.432522
2266,13.413268
2267,13.342005
2268,13.240444
2269,13.383902
2270,13.369016
2271,13.248064
2272,15.788828
2273,11.019850
2274,13.178952
2275,13.385943
2276,13.393611
2277,13.218859
2278,13.419719
2279,13.438348
2280,16.802817
2281,9.760413
2282,13.339421
2283,13.271038
2284,13.439917
2285,13.436679
2286,13.118048
2287,13.439380
2288,15.788011
2289,10.767661
2290,13.425402
2291,13.422372
2292,13.159790
2293,13.470107
2294,13.284754
2295,13.244987
2296,16.164451
2297,10.584477
2298,13.259869
2299,13.402003
2300,13.334413
2301,13.262346
2302,13.426530
2303,13.322892
2304,16.843578
2305,9.795953
2306,13.360381
2307,13.236605
2308,13.487674
2309,13.285062
2310,13.231843
2311,13.508585
2312,15.939063
2313,10.551345
2314,13.438785
2315,13.338345
2316,13.212495
2317,13.438179
2318,13.339552
2319,13.231524
2320,15.889749
2321,10.923013
2322,13.193528
2323,13.446383
2324,13.356565
2325,13.255468
2326,13.445516
2327,13.319641
2328,15.961861
2329,10.670804
2330,13.340870
2331,13.252364
2332,13.438528
2333,13.513153
2334,13.038595
2335,13.465196
2336,16.820225
2337,9.714627
2338,13.445804
2339,13.373444
2340,13.180413
2341,13.426897
2342,13.334207
2343,13.243371
2344,16.098849
2345,10.665051
2346,13.239859
2347,13.438717
2348,13.321935
2349,13.235588
2350,13.413145
2351,13.353208
2352,15.656598
2353,10.986129
2354,13.471115
2355,13.128265
2356,13.486288
2357,13.268656
2358,13.239558
2359,13.437656
2360,15.697191
2361,10.848545
2362,13.413299
2363,13.333446
2364,13.267596
2365,13.406787
2366,13.319602
2367,13.274368
2368,15.804122
2369,10.914257
2370,13.280280
2371,13.436636
2372,13.327068
2373,13.245112
2374,13.415822
2375,13.313326
2376,15.651838
2377,11.071483
2378,13.353634
2379,13.181660
2380,13.433168
2381,13.350305
2382,13.210285
2383,13.418596
2384,15.798697
2385,10.795449
2386,13.403431
2387,13.314267
2388,13.279649
2389,13.445826
2390,13.358796
2391,13.200132
2392,16.198650
2393,10.563678
2394,13.224870
2395,13.421890
2396,13.329003
2397,13.250825
2398,13.427592
2399,13.327628
2400,15.637284
2401,11.115230
2402,13.243076
2403,13.249775
2404,13.435853
2405,13.311294
2406,13.258899
2407,13.517250
2408,15.918876
2409,10.562866
2410,13.445176
2411,13.338933
2412,13.223420
2413,13.431557
2414,13.333361
2415,13.236422
2416,16.126207
2417,10.635834
2418,13.235591
2419,13.489261
2420,13.265568
2421,13.233841
2422,13.441759
2423,13.320451
2424,15.649288
2425,11.019470
2426,13.324770
2427,13.246564
2428,13.405669
2429,13.347314
2430,13.253028
2431,13.413154
2432,15.739354
2433,10.835365
2434,13.410091
2435,13.349273
2436,13.242700
2437,13.403195
2438,13.339392
2439,13.268683
2440,15.794851
2441,10.936273
2442,13.263919
2443,13.402632
2444,13.330662
2445,13.269736
2446,13.415526
2447,13.328722
2448,15.647806
2449,11.017007
2450,13.325631
2451,13.273424
2452,13.399000
2453,13.331893
2454,13.268459
2455,13.464173
2456,15.669637
2457,10.861373
2458,13.401035
2459,13.330693
2460,13.269985
2461,13.405671
2462,13.330424
2463,13.263927
2464,15.782607
2465,10.979885
2466,13.233667
2467,13.418780
2468,13.319453
2469,13.256513
2470,13.435367
2471,13.342889
2472,15.631580
2473,11.041888
2474,13.291374
2475,13.254319
2476,13.424550
2477,13.331864
2478,13.249792
2479,13.419621
2480,15.701789
2481,10.873260
2482,13.444524
2483,13.303160
2484,13.271478
2485,13.425092
2486,13.316286
2487,13.255646
2488,15.808351
2489,10.936961
2490,13.239869
2491,13.418087
2492,13.333705
2493,13.254912
2494,13.408600
2495,13.343395
2496,15.622087
2497,11.028236
2498,13.346455
2499,13.242470
2500,13.412864
2501,13.343032
2502,13.246312
2503,13.412760
2504,15.728072
2505,10.864904
2506,13.404516
2507,13.353828
2508,13.239879
2509,13.415560
2510,13.340438
2511,13.240240
2512,15.809354
2513,10.955947
2514,13.239461
2515,13.409552
2516,13.334248
2517,13.258512
2518,13.403993
2519,13.330423
2520,15.659500
2521,11.015291
2522,13.322857
2523,13.266756
2524,13.416797
2525,13.327625
2526,13.261994
2527,13.473884
2528,15.718856
2529,10.828295
2530,13.382940
2531,13.351329
2532,13.248858
2533,13.401602
2534,13.333745
2535,13.262456
2536,15.855939
2537,10.883291
2538,13.260152
2539,13.398857
2540,13.337116
2541,13.255724
2542,13.431635
2543,13.381352
2544,15.569260
2545,11.039245
2546,13.325308
2547,13.251307
2548,13.497233
2549,13.314398
2550,13.187691
2551,13.432710
2552,16.057723
2553,10.505718
2554,13.428102
2555,13.322084
2556,13.257995
2557,13.417311
2558,13.314859
2559,13.260985
2560,15.805306
2561,10.946218
2562,13.260940
2563,13.415316
2564,13.347847
2565,13.229143
2566,13.427425
2567,13.334524
2568,15.625989
2569,11.056907
2570,13.338381
2571,13.231159
2572,13.435639
2573,13.368358
2574,13.201093
2575,13.476901
2576,15.793732
2577,10.737911
2578,13.427461
2579,13.336972
2580,13.278199
2581,13.413035
2582,13.305386
2583,13.238376
2584,15.995666
2585,10.790690
2586,13.207501
2587,13.441053
2588,13.374554
2589,13.222201
2590,13.381907
2591,13.373751
2592,15.643026
2593,10.991596
2594,13.376045
2595,13.199777
2596,13.430803
2597,13.342059
2598,13.251475
2599,13.414681
2600,16.031623
2601,10.514999
2602,13.428759
2603,13.360056
2604,13.224863
2605,13.443293
2606,13.325853
2607,13.228607
2608,16.211761
2609,10.556214
2610,13.236773
2611,13.444356
2612,13.324684
2613,13.230685
2614,13.439277
2615,13.329143
2616,15.846372
2617,10.835026
2618,13.311952
2619,13.241573
2620,13.465450
2621,13.322245
2622,13.247833
2623,13.538491
2624,15.825917
2625,10.609017
2626,13.454259
2627,13.307921
2628,13.252681
2629,13.427181
2630,13.366164
2631,13.211632
2632,15.797790
2633,10.931808
2634,13.252193
2635,13.461491
2636,13.329957
2637,13.218959
2638,13.431243
2639,13.346748
2640,15.600599
2641,11.181397
2642,13.162998
2643,13.254965
2644,13.420080
2645,13.333146
2646,13.278855
2647,13.448306
2648,15.701577
2649,10.862019
2650,13.495302
2651,13.240615
2652,13.239185
2653,13.432471
2654,13.336512
2655,13.214157
2656,15.937861
2657,10.840227
2658,13.224297
2659,13.408040
2660,13.445160
2661,13.146478
2662,13.518563
2663,13.293701
2664,15.578868
2665,11.048980
2666,13.354536
2667,13.207416
2668,13.583639
2669,13.223127
2670,13.231012
2671,13.447814
2672,15.717276
2673,10.812701
2674,13.467376
2675,13.312047
2676,13.246077
2677,13.388580
2678,13.364148
2679,13.229790
2680,16.105664
2681,10.685648
2682,13.199365
2683,13.422647
2684,13.319528
2685,13.288695
2686,13.393365
2687,13.329877
2688,15.869378
2689,10.828734
2690,13.310669
2691,13.228477
2692,13.460732
2693,13.304409
2694,13.263350
2695,13.383608
2696,16.017711
2697,10.577109
2698,13.437354
2699,13.351055
2700,13.223392
2701,13.392962
2702,13.372931
2703,13.215609
2704,15.852593
2705,10.964051
2706,13.205417
2707,13.415723
2708,13.328806
2709,13.264606
2710,13.517265
2711,13.205390
2712,15.769233
2713,10.956567
2714,13.297160
2715,13.223893
2716,13.447739
2717,13.325742
2718,13.230057
2719,13.564293
2720,15.878444
2721,10.552870
2722,13.431997
2723,13.390558
2724,13.176665
2725,13.423202
2726,13.330035
2727,13.240064
2728,16.130600
2729,10.647680
2730,13.242417
2731,13.505782
2732,13.256276
2733,13.247726
2734,13.453015
2735,13.308913
2736,15.918765
2737,10.737921
2738,13.358833
2739,13.296677
2740,13.362854
2741,13.340964
2742,13.218651
2743,13.442733
2744,15.809313
2745,10.760912
2746,13.532177
2747,13.282653
2748,13.208951
2749,13.545718
2750,13.188054
2751,13.283207
2752,15.874524
2753,10.930448
2754,13.156178
2755,13.497859
2756,13.308456
2757,13.223373
2758,13.383011
2759,13.410908
2760,15.618472
2761,10.988338
2762,13.383694
2763,13.198237
2764,13.461061
2765,13.277664
2766,13.252033
2767,13.481041
2768,15.968258
2769,10.564294
2770,13.441807
2771,13.293673
2772,13.264721
2773,13.433101
2774,13.317408
2775,13.244118
2776,16.237943
2777,10.519882
2778,13.237675
2779,13.639334
2780,13.131645
2781,13.230389
2782,13.496517
2783,13.260454
2784,15.863795
2785,10.808769
2786,13.320690
2787,13.266631
2788,13.418652
2789,13.327289
2790,13.230093
2791,13.434167
2792,16.032060
2793,10.643666
2794,13.405252
2795,13.259433
2796,13.245540
2797,13.432781
2798,13.311702
2799,13.262070
2800,16.096518
2801,10.736522
2802,13.243556
2803,13.452579
2804,13.201536
2805,13.243185
2806,13.545429
2807,13.228826
2808,15.971841
2809,10.680747
2810,13.332050
2811,13.247733
2812,13.448767
2813,13.295586
2814,13.279739
2815,13.401021
2816,16.010746
2817,10.582120
2818,13.481171
2819,13.271664
2820,13.232622
2821,13.487205
2822,13.305326
2823,13.251761
2824,16.312214
2825,10.502846
2826,13.175812
2827,13.426583
2828,13.325699
2829,13.246379
2830,13.425496
2831,13.437106
2832,15.892071
2833,10.780326
2834,13.209697
2835,13.267608
2836,13.425099
2837,13.322716
2838,13.251296
2839,13.415861
2840,15.920244
2841,10.642625
2842,13.510041
2843,14.173612
2844,12.325100
2845,13.493421
2846,13.321691
2847,13.307871
2848,16.058207
2849,10.607947
2850,13.315775
2851,13.401380
2852,13.285867
2853,13.268829
2854,13.462356
2855,13.309433
2856,16.001008
2857,10.657678
2858,13.329968
2859,13.250361
2860,13.438785
2861,13.388181
2862,13.155199
2863,13.446877
2864,16.122383
2865,10.495015
2866,13.501300
2867,13.262054
2868,13.188102
2869,13.416447
2870,13.321223
2871,13.261860
2872,16.131871
2873,10.601468
2874,13.262262
2875,13.435942
2876,13.330030
2877,13.269091
2878,13.424449
2879,13.315043
2880,16.389868
2881,10.266166
2882,13.340533
2883,13.234048
2884,13.419203
2885,13.387157
2886,13.174997
2887,13.552794
2888,15.655123
2889,10.797729
2890,13.463258
2891,13.293436
2892,13.245911
2893,13.437369
2894,13.317913
2895,13.366590
2896,16.029962
2897,10.603086
2898,13.453212
2899,13.336873
2900,13.264216
2901,13.225411
2902,13.452658
2903,13.333936
2904,15.599247
2905,10.995596
2906,15.016545
2907,11.674563
2908,13.365543
2909,13.327003
2910,13.237718
2911,13.516098
2912,16.043590
2913,10.426259
2914,13.422974
2915,13.347254
2916,13.211291
2917,13.462425
2918,13.353022
2919,13.282931
2920,16.049214
2921,10.627290
2922,13.258911
2923,13.518128
2924,13.282734
2925,13.220646
2926,13.440549
2927,13.308942
2928,15.839607
2929,10.771549
2930,13.392608
2931,13.201377
2932,13.506985
2933,13.235794
2934,13.282016
2935,13.397380
2936,15.766963
2937,10.789269
2938,13.479854
2939,13.599946
2940,12.923877
2941,13.463022
2942,13.300714
2943,13.235859
2944,15.881960
2945,10.845319
2946,13.280328
2947,13.537810
2948,13.364831
2949,13.100269
2950,13.571407
2951,13.243022
2952,15.600414
2953,11.027270
2954,13.326220
2955,13.249562
2956,13.416704
2957,13.319771
2958,13.297625
2959,13.405863
2960,16.275413
2961,10.272880
2962,13.437653
2963,13.381645
2964,13.188417
2965,13.431999
2966,13.359003
2967,13.224483
2968,16.186302
2969,10.537339
2970,13.255466
2971,13.439030
2972,13.325418
2973,13.249879
2974,13.440877
2975,13.308052
2976,16.277465
2977,10.391012
2978,13.338777
2979,13.227661
2980,13.451998
2981,13.343205
2982,13.297227
2983,13.356442
2984,16.026061
2985,10.547770
2986,13.442849
2987,13.372412
2988,13.189723
2989,13.432181
2990,13.320436
2991,13.313713
2992,16.039186
2993,10.601978
2994,13.277546
2995,13.431349
2996,13.325420
2997,13.246720
2998,13.433587
2999,13.315856
3000,15.960839
3001,10.879122
3002,13.327112
3003,13.087374
3004,13.466848
3005,13.287776
3006,13.241399
3007,13.451845
3008,16.610049
3009,9.931663
3010,13.441751
3011,13.355471
3012,13.215067
3013,13.424455
3014,13.441085
3015,13.153307
3016,15.783500
3017,10.924276
3018,13.255146
3019,13.522055
3020,13.394373
3021,13.109251
3022,13.515153
3023,13.355484
3024,15.873837
3025,10.657980
3026,13.390447
3027,13.203225
3028,13.413311
3029,13.328214
3030,13.248341
3031,13.421829
3032,15.722265
3033,10.851240
3034,13.443037
3035,13.311358
3036,13.258193
3037,13.433448
3038,13.339493
3039,13.241001
3040,15.855954
3041,10.880555
3042,13.262962
3043,13.414163
3044,13.345351
3045,13.318023
3046,13.338708
3047,13.322561
3048,15.647361
3049,11.013485
3050,13.349977
3051,13.242897
3052,13.428410
3053,13.306771
3054,13.298991
3055,13.370583
3056,15.854468
3057,10.723817
3058,13.434111
3059,13.385567
3060,13.180006
3061,13.437476
3062,13.338399
3063,13.246362
3064,15.897360
3065,10.919023
3066,13.175285
3067,13.430281
3068,13.320913
3069,13.243751
3070,13.450815
3071,13.300389
3072,15.780461
3073,10.866671
3074,13.360245
3075,13.264444
3076,13.431879
3077,13.325003
3078,13.227434
3079,13.404050
3080,16.050293
3081,10.530022
3082,13.422965
3083,13.346630
3084,13.234748
3085,13.418335
3086,13.335459
3087,13.253388
3088,16.152775
3089,10.606785
3090,13.261585
3091,13.415580
3092,13.356249
3093,13.228095
3094,13.429656
3095,13.353150
3096,15.660073
3097,10.955212
3098,13.384450
3099,13.239576
3100,13.411921
3101,13.319532
3102,13.224095
3103,13.416234
3104,15.746210
3105,10.832244
3106,13.414303
3107,13.354855
3108,13.243320
3109,13.415225
3110,13.322123
3111,13.260107
3112,15.901729
3113,10.846282
3114,13.254905
3115,13.402436
3116,13.474983
3117,13.128450
3118,13.407098
3119,13.350401
3120,16.026392
3121,10.641459
3122,13.341657
3123,13.230514
3124,13.424028
3125,13.341701
3126,13.240008
3127,13.418822
3128,15.770851
3129,10.799921
3130,13.411400
3131,13.374663
3132,13.221683
3133,13.410635
3134,13.366710
3135,13.222041
3136,16.317390
3137,10.437306
3138,13.250710
3139,13.445400
3140,13.310861
3141,13.236030
3142,13.454139
3143,13.344056
3144,15.797432
3145,10.833103
3146,13.325669
3147,13.259288
3148,13.437947
3149,13.325657
3150,13.255905
3151,13.470446
3152,15.809774
3153,10.717212
3154,13.439348
3155,13.322661
3156,13.241445
3157,13.430990
3158,13.334748
3159,13.236199
3160,15.865856
3161,10.884235
3162,13.249606
3163,13.432743
3164,13.307692
3165,13.252635
3166,13.532745
3167,13.366023
3168,15.606033
3169,11.053595
3170,13.253228
3171,13.212169
3172,13.408314
3173,13.337066
3174,13.238547
3175,13.431632
3176,15.769396
3177,10.823450
3178,13.423384
3179,13.331523
3180,13.238228
3181,13.531309
3182,13.238644
3183,13.232748
3184,15.806583
3185,10.963647
3186,13.233572
3187,13.430236
3188,13.333435
3189,13.237146
3190,13.424357
3191,13.328224
3192,15.935128
3193,10.711788
3194,13.352007
3195,13.233787
3196,13.419959
3197,13.329971
3198,13.256477
3199,13.421471
3200,15.733345
3201,10.844854
3202,13.421239
3203,13.330816
3204,13.234830
3205,13.424188
3206,13.355649
3207,13.230863
3208,15.864603
3209,11.034480
3210,13.108519
3211,13.410474
3212,13.350270
3213,13.232922
3214,13.416631
3215,13.421277
3216,15.638488
3217,11.188064
3218,13.077425
3219,13.246710
3220,13.434853
3221,13.338076
3222,13.219038
3223,13.539923
3224,15.919056
3225,10.548375
3226,13.442302
3227,13.360887
3228,13.188849
3229,13.477667
3230,13.277686
3231,13.268815
3232,16.158418
3233,10.571404
3234,13.263073
3235,13.648144
3236,13.263583
3237,13.094725
3238,13.411738
3239,13.326909
3240,15.737071
3241,10.916953
3242,13.344024
3243,13.247458
3244,13.492980
3245,13.275377
3246,13.223468
3247,13.427788
3248,15.771475
3249,10.877024
3250,13.359234
3251,13.332153
3252,13.239087
3253,13.428260
3254,13.336064
3255,13.239287
3256,15.950611
3257,10.814316
3258,13.235264
3259,13.425377
3260,13.347863
3261,13.229403
3262,13.525660
3263,13.236059
3264,15.718036
3265,10.923644
3266,13.341883
3267,13.253838
3268,13.503663
3269,13.240063
3270,13.269821
3271,13.428664
3272,16.196260
3273,10.378159
3274,13.409496
3275,13.336817
3276,13.243025
3277,13.426591
3278,13.332609
3279,13.247968
3280,16.122527
3281,10.629896
3282,13.249255
3283,13.423411
3284,13.341952
3285,13.233701
3286,13.396165
3287,13.352866
3288,15.825448
3289,10.828253
3290,13.339241
3291,13.253568
3292,13.430795
3293,13.286659
3294,13.274744
3295,13.432584
3296,15.746864
3297,10.827031
3298,13.426755
3299,13.330054
3300,13.238907
3301,13.426442
3302,13.327269
3303,13.251024
3304,15.866025
3305,10.883727
3306,13.249808
3307,13.433798
3308,13.312458
3309,13.255586
3310,13.432837
3311,13.318886
3312,15.928006
3313,10.767299
3314,13.330159
3315,13.219182
3316,13.506894
3317,13.240363
3318,13.249313
3319,13.405735
3320,15.769875
3321,10.827577
3322,13.415119
3323,13.358843
3324,13.227231
3325,13.468364
3326,13.301033
3327,13.232795
3328,16.261702
3329,10.541604
3330,13.193936
3331,13.420545
3332,13.337114
3333,13.244010
3334,13.423751
3335,13.356298
3336,15.900073
3337,10.752443
3338,13.340011
3339,13.237718
3340,13.422049
3341,13.334408
3342,13.262239
3343,13.404865
3344,15.760352
3345,10.835768
3346,13.412552
3347,13.339716
3348,13.256682
3349,13.407763
3350,13.326852
3351,13.243880
3352,15.981457
3353,10.746184
3354,13.257747
3355,13.404401
3356,13.366378
3357,13.231873
3358,13.563243
3359,13.199812
3360,15.909094
3361,10.749178
3362,13.331131
3363,13.251559
3364,13.400417
3365,13.316755
3366,13.256494
3367,13.428264
3368,15.714655
3369,10.866135
3370,13.411153
3371,13.309477
3372,13.262358
3373,13.436517
3374,13.326771
3375,13.275107
3376,15.817057
3377,10.925778
3378,13.263300
3379,13.519997
3380,13.246170
3381,13.222860
3382,13.459534
3383,13.297332
3384,15.906763
3385,10.775662
3386,13.417646
3387,13.138698
3388,13.458799
3389,13.267514
3390,13.289037
3391,13.415092
3392,15.730555
3393,10.828850
3394,13.430458
3395,13.531314
3396,13.042340
3397,13.425395
3398,13.357980
3399,13.225119
3400,16.086690
3401,10.670748
3402,13.242190
3403,13.433411
3404,13.420802
3405,13.147483
3406,13.420270
3407,13.333897
3408,15.628992
3409,11.065301
3410,13.346863
3411,13.193694
3412,13.421094
3413,13.384218
3414,13.197580
3415,13.470348
3416,15.663352
3417,10.869636
3418,13.433257
3419,13.303084
3420,13.268201
3421,13.424983
3422,13.341782
3423,13.234375
3424,16.142426
3425,10.855475
3426,13.035733
3427,13.418617
3428,13.347016
3429,13.239043
3430,13.429223
3431,13.319882
3432,15.948454
3433,10.703520
3434,13.318102
3435,13.256582
3436,13.416233
3437,13.320984
3438,13.273909
3439,13.454274
3440,15.983581
3441,10.542386
3442,13.474049
3443,13.374262
3444,13.159874
3445,13.480260
3446,13.278852
3447,13.246342
3448,16.148261
3449,10.589588
3450,13.256889
3451,13.437181
3452,13.328964
3453,13.231732
3454,13.429698
3455,13.336029
3456,15.733959
3457,10.963181
3458,13.302133
3459,13.238689
3460,13.408972
3461,13.401111
3462,13.181923
3463,13.416988
3464,15.738371
3465,10.901968
3466,13.398847
3467,13.338771
3468,13.231786
3469,13.505062
3470,13.263740
3471,13.217043
3472,15.910251
3473,10.871984
3474,13.212163
3475,13.430782
3476,13.318246
3477,13.263823
3478,13.465360
3479,13.329604
3480,15.633736
3481,11.029973
3482,13.345936
3483,13.241370
3484,13.516604
3485,13.186965
3486,13.247114
3487,13.434486
3488,15.731132
3489,10.825206
3490,13.420653
3491,13.342735
3492,13.261257
3493,13.547034
3494,13.213336
3495,13.224436
3496,15.915097
3497,11.266823
3498,12.796565
3499,13.451348
3500,13.545110
3501,13.024247
3502,13.423355
3503,13.319164
3504,15.629052
3505,11.038398
3506,13.374131
3507,13.212988
3508,13.448226
3509,13.326299
3510,13.238997
3511,13.427394
3512,16.012318
3513,10.564392
3514,13.451130
3515,13.316384
3516,13.264288
3517,13.457896
3518,13.273640
3519,13.320991
3520,15.750817
3521,10.980616
3522,13.182146
3523,13.467638
3524,13.288533
3525,13.265901
3526,13.393274
3527,13.345063
3528,15.617003
3529,11.052779
3530,13.530848
3531,13.011664
3532,13.455352
3533,13.311726
3534,13.261817
3535,13.464183
3536,16.011532
3537,10.520571
3538,13.442624
3539,13.315012
3540,13.258984
3541,13.402923
3542,13.344004
3543,13.241699
3544,15.878701
3545,10.882860
3546,13.220715
3547,13.437813
3548,13.323177
3549,13.275676
3550,13.407808
3551,13.492633
3552,15.453802
3553,11.138270
3554,13.293964
3555,13.180207
3556,13.452732
3557,13.298824
3558,13.275108
3559,13.427854
3560,16.081080
3561,10.472833
3562,13.392756
3563,13.352385
3564,13.249523
3565,13.458532
3566,13.295447
3567,13.249956
3568,16.294884
3569,10.591671
3570,13.108387
3571,13.445262
3572,13.330135
3573,13.233244
3574,13.414072
3575,13.302987
3576,16.199719
3577,10.680591
3578,13.348946
3579,13.262159
3580,13.412073
3581,13.326887
3582,13.349652
3583,13.326359
3584,15.718527
3585,10.896088
3586,13.403778
3587,13.319609
3588,13.248605
3589,13.391639
3590,13.322970
3591,13.369776
3592,15.715436
3593,10.949624
3594,13.239750
3595,13.446896
3596,13.327742
3597,13.363841
3598,13.291037
3599,13.430808
3600,15.902382
3601,10.649605
3602,13.409424
3603,13.320504
3604,13.324343
3605,13.342781
3606,13.208987
3607,13.444526
3608,15.688375
3609,10.955759
3610,13.366330
3611,13.439716
3612,13.110698
3613,13.483811
3614,13.371280
3615,13.264201
3616,15.955717
3617,10.757499
3618,13.165783
3619,13.435626
3620,13.415888
3621,13.170045
3622,13.411200
3623,13.364926
3624,18.087941
3625,8.866994
3626,13.145502
3627,13.228369
3628,13.434217
3629,13.308674
3630,13.264737
3631,13.414681
3632,15.820798
3633,10.757848
3634,13.435319
3635,13.335725
3636,13.214483
3637,13.445197
3638,13.305504
3639,13.260615
3640,15.859178
3641,10.865880
3642,13.255110
3643,13.441487
3644,13.350293
3645,13.323686
3646,13.518619
3647,13.165977
3648,15.676168
3649,10.942899
3650,13.351720
3651,13.242042
3652,13.464828
3653,13.273554
3654,13.255676
3655,13.485333
3656,15.779564
3657,10.739612
3658,13.860275
3659,12.894371
3660,13.237796
3661,13.956042
3662,12.785942
3663,13.278434
3664,15.909882
3665,11.036178
3666,13.083815
3667,13.385913
3668,13.333806
3669,13.254962
3670,13.413778
3671,13.379156
3672,15.647873
3673,10.991531
3674,13.355101
3675,13.193192
3676,13.460620
3677,13.306445
3678,13.247693
3679,13.656202
3680,15.566081
3681,10.770804
3682,13.439602
3683,13.328097
3684,13.244852
3685,13.560893
3686,13.235105
3687,13.175343
3688,16.254539
3689,10.498272
3690,13.255445
3691,13.580386
3692,13.185211
3693,13.236730
3694,13.422612
3695,13.333913
3696,15.696541
3697,11.943930
3698,12.374183
3699,13.221145
3700,13.421285
3701,13.333996
3702,13.252369
3703,13.498772
3704,15.668616
3705,10.818414
3706,13.456080
3707,13.304402
3708,13.265260
3709,13.411499
3710,13.332602
3711,13.237737
3712,15.808038
3713,11.377908
3714,12.821229
3715,13.456463
3716,13.334969
3717,13.195658
3718,13.449776
3719,13.339633
3720,15.673709
3721,10.981609
3722,13.332720
3723,13.251095
3724,13.446531
3725,13.289906
3726,13.349016
3727,13.321662
3728,16.101257
3729,10.462601
3730,13.843507
3731,12.947806
3732,13.228343
3733,13.675367
3734,13.049660
3735,13.321252
3736,15.947576
3737,10.729777
3738,13.302310
3739,13.511191
3740,13.328075
3741,13.131560
3742,13.594734
3743,13.219492
3744,15.899819
3745,10.707399
3746,13.401578
3747,13.182570
3748,13.395190
3749,13.370108
3750,13.219293
3751,13.448056
3752,15.702701
3753,10.837000
3754,13.426610
3755,13.410372
3756,13.187073
3757,13.430955
3758,13.352806
3759,13.211378
3760,15.804459
3761,10.926442
3762,13.259423
3763,13.421886
3764,13.521792
3765,13.160138
3766,13.331148
3767,13.370619
3768,15.612923
3769,11.068652
3770,13.325577
3771,13.231442
3772,13.442854
3773,13.287339
3774,13.280907
3775,13.382130
3776,15.708950
3777,10.854872
3778,13.468725
3779,13.391868
3780,13.146170
3781,13.515322
3782,13.258118
3783,13.246027
3784,15.855939
3785,10.947262
3786,13.201805
3787,13.481014
3788,13.284010
3789,13.237997
3790,13.413441
3791,13.449348
3792,15.710882
3793,10.887090
3794,13.330556
3795,13.213246
3796,13.482350
3797,13.440645
3798,13.081501
3799,13.463430
3800,16.011105
3801,10.507800
3802,13.470848
3803,13.456389
3804,13.075425
3805,13.499611
3806,13.389750
3807,13.122008
3808,16.264050
3809,10.584300
3810,13.151987
3811,13.509818
3812,13.260153
3813,13.235216
3814,13.467498
3815,13.296930
3816,15.916094
3817,10.893914
3818,13.208101
3819,13.220460
3820,13.477327
3821,13.327516
3822,13.199022
3823,13.516955
3824,15.604853
3825,10.863891
3826,13.411219
3827,13.362734
3828,13.249353
3829,13.424448
3830,13.275483
3831,13.265310
3832,15.822583
3833,10.934180
3834,13.252228
3835,13.413954
3836,13.356475
3837,13.332048
3838,13.346372
3839,13.322331
3840,15.668961
3841,11.012222
3842,13.306923
3843,13.250594
3844,13.396839
3845,13.320065
3846,13.259840
3847,13.400131
3848,15.745236
3849,10.840544
3850,13.435769
3851,13.315668
3852,13.254936
3853,13.415499
3854,13.335167
3855,13.247792
3856,15.838903
3857,10.891234
3858,13.275965
3859,13.413021
3860,13.377389
3861,13.212622
3862,13.418950
3863,13.352944
3864,15.706726
3865,10.939750
3866,13.469281
3867,13.131982
3868,13.445998
3869,13.390160
3870,13.164157
3871,13.424596
3872,15.718670
3873,10.834334
3874,13.448617
3875,13.338644
3876,13.226337
3877,13.415603
3878,13.320907
3879,13.270091
3880,15.871588
3881,10.859055
3882,13.260670
3883,13.402081
3884,13.359581
3885,13.226543
3886,13.496699
3887,13.272482
3888,15.740017
3889,10.913246
3890,13.350327
3891,13.332515
3892,13.366949
3893,13.289551
3894,13.253430
3895,13.441492
3896,15.850507
3897,10.698435
3898,13.429365
3899,13.319009
3900,13.303858
3901,13.378786
3902,13.308309
3903,13.264015
3904,15.833178
3905,10.901747
3906,13.262080
3907,13.409288
3908,13.428704
3909,13.150445
3910,13.436463
3911,13.313923
3912,15.701190
3913,10.976442
3914,13.333895
3915,13.247126
3916,13.403325
3917,13.335077
3918,13.255337
3919,13.428442
3920,15.750538
3921,10.822308
3922,13.430201
3923,13.388777
3924,13.192046
3925,13.414364
3926,13.336636
3927,13.245039
3928,15.833307
3929,10.939215
3930,13.236316
3931,13.421481
3932,13.412443
3933,13.163063
3934,13.487159
3935,13.262472
3936,15.675650
3937,10.968367
3938,13.401018
3939,13.208670
3940,13.405829
3941,13.325408
3942,13.272671
3943,13.409115
3944,15.768876
3945,10.807945
3946,13.412818
3947,13.349912
3948,13.255390
3949,13.435269
3950,13.301090
3951,13.257992
3952,15.792984
3953,10.942442
3954,13.320460
3955,13.337687
3956,13.377303
3957,13.244862
3958,13.421872
3959,13.306459
3960,15.732591
3961,10.960573
3962,13.322395
3963,13.309663
3964,13.419402
3965,13.243391
3966,13.253833
3967,13.419435
3968,15.698665
3969,10.876790
3970,13.433826
3971,13.307639
3972,13.262299
3973,13.424388
3974,13.311673
3975,13.267877
3976,15.822088
3977,10.937740
3978,13.255310
3979,13.443081
3980,13.322606
3981,13.236937
3982,13.447420
3983,13.306393
3984,15.694852
3985,10.982620
3986,13.348938
3987,13.210777
3988,13.440447
3989,13.371218
3990,13.183949
3991,13.673151
3992,15.837305
3993,10.496257
3994,13.438649
3995,13.372751
3996,13.180113
3997,13.421121
3998,13.321445
3999,13.256254
4000,16.188613
4001,10.590105
4002,13.242287
4003,13.425590
4004,13.331276
4005,13.239560
4006,13.410770
4007,13.329941
4008,15.634151
4009,11.027167
4010,13.337245
4011,13.252996
4012,13.412919
4013,13.331126
4014,13.261243
4015,13.439499
4016,15.853831
4017,10.797770
4018,13.330445
4019,13.328914
4020,13.262349
4021,13.406375
4022,13.318798
4023,13.265045
4024,15.787148
4025,10.997521
4026,13.291659
4027,13.329158
4028,13.319093
4029,13.266951
4030,13.417835
4031,13.329792
4032,15.637879
4033,11.072417
4034,13.276302
4035,13.278802
4036,13.407074
4037,13.322731
4038,13.268942
4039,13.410892
4040,15.701630
4041,10.877344
4042,13.428975
4043,13.322022
4044,13.250507
4045,13.422610
4046,13.319322
4047,13.258873
4048,15.878055
4049,10.927427
4050,13.195779
4051,13.413295
4052,13.443532
4053,13.150759
4054,13.412741
4055,13.307333
4056,15.813631
4057,10.981611
4058,13.320675
4059,13.150391
4060,13.416537
4061,13.318007
4062,13.277075
4063,13.422637
4064,15.720997
4065,10.850947
4066,13.427668
4067,13.327077
4068,13.248436
4069,13.444204
4070,13.318916
4071,13.238449
4072,16.043231
4073,10.709967
4074,13.242968
4075,13.427858
4076,13.334650
4077,13.240363
4078,13.443080
4079,13.347614
4080,15.967170
4081,10.676108
4082,13.323437
4083,13.268475
4084,13.404622
4085,13.327955
4086,13.252354
4087,13.437524
4088,16.018144
4089,10.733797
4090,13.241031
4091,13.306181
4092,13.265154
4093,13.406493
4094,13.322414
4095,13.252960
4096,15.806916
4097,10.989936
4098,13.215385
4099,13.431683
4100,13.346396
4101,13.224478
4102,13.448896
4103,13.338984
4104,15.601687
4105,11.031050
4106,13.355202
4107,13.218470
4108,13.466947
4109,13.284446
4110,13.253085
4111,13.436550
4112,15.892809
4113,10.674921
4114,13.464752
4115,13.286966
4116,13.249903
4117,13.428407
4118,13.322221
4119,13.252554
4120,16.118094
4121,10.644365
4122,13.233421
4123,13.437736
4124,13.304629
4125,13.280113
4126,13.403751
4127,13.339391
4128,15.619457
4129,11.031348
4130,13.354644
4131,13.240679
4132,13.450181
4133,13.302250
4134,13.243734
4135,13.415739
4136,15.714256
4137,10.884267
4138,13.378957
4139,13.324786
4140,13.263865
4141,13.438698
4142,13.317620
4143,13.241966
4144,15.920008
4145,10.996524
4146,13.087139
4147,13.449188
4148,13.322904
4149,13.232600
4150,13.445324
4151,13.314785
4152,15.858769
4153,10.800630
4154,13.339171
4155,13.229521
4156,13.426620
4157,13.345864
4158,13.229604
4159,13.458390
4160,16.009343
4161,10.560247
4162,13.427197
4163,13.304315
4164,13.246973
4165,13.417474
4166,13.352700
4167,13.232816
4168,15.829419
4169,10.911387
4170,13.252128
4171,13.413164
4172,13.339070
4173,13.253013
4174,13.442297
4175,13.302692
4176,15.912609
4177,10.786584
4178,13.384906
4179,13.175960
4180,13.440025
4181,13.300785
4182,13.247168
4183,13.424907
4184,16.000375
4185,10.583416
4186,13.424101
4187,13.408392
4188,13.173677
4189,13.430204
4190,13.314874
4191,13.260454
4192,15.788896
4193,11.016661
4194,13.186130
4195,13.419881
4196,13.325619
4197,13.250994
4198,13.480719
4199,13.356088
4200,15.607850
4201,10.980945
4202,13.312453
4203,13.267153
4204,13.425372
4205,13.401472
4206,13.158273
4207,13.444615
4208,15.984245
4209,10.582478
4210,13.576327
4211,13.363729
4212,13.059797
4213,13.420483
4214,13.342028
4215,13.239309
4216,16.106794
4217,10.721582
4218,13.172641
4219,13.434713
4220,13.315204
4221,13.244466
4222,13.415810
4223,13.372637
4224,15.890858
4225,10.745913
4226,13.359377
4227,13.239669
4228,13.544695
4229,13.330861
4230,13.159763
4231,13.423273
4232,16.017804
4233,10.557898
4234,13.438318
4235,13.407817
4236,13.162563
4237,13.420925
4238,13.371615
4239,13.200972
4240,15.808443
4241,10.948194
4242,13.265695
4243,13.446935
4244,13.328043
4245,13.227229
4246,13.385427
4247,13.358783
4248,15.640902
4249,11.030423
4250,13.380869
4251,13.198043
4252,13.427933
4253,13.435503
4254,13.127842
4255,13.445259
4256,15.987584
4257,10.561808
4258,13.418593
4259,13.315732
4260,13.309570
4261,13.371923
4262,13.322839
4263,13.299503
4264,16.060132
4265,10.637385
4266,13.263455
4267,13.425917
4268,13.313067
4269,13.265581
4270,13.435112
4271,13.322047
4272,15.906122
4273,10.831060
4274,13.352077
4275,13.144144
4276,13.515769
4277,13.283208
4278,13.213160
4279,13.421570
4280,15.711994
4281,10.866967
4282,13.417290
4283,13.310228
4284,13.273363
4285,13.407151
4286,13.338688
4287,13.276600
4288,15.810865
4289,10.884680
4290,13.282061
4291,13.435310
4292,13.375985
4293,13.192077
4294,13.436945
4295,13.408473
4296,15.616009
4297,10.971229
4298,13.384237
4299,13.174159
4300,13.530493
4301,13.245338
4302,13.224186
4303,13.434155
4304,16.074197
4305,10.499794
4306,13.431794
4307,13.339091
4308,13.238399
4309,13.422809
4310,13.335382
4311,13.266425
4312,16.088027
4313,10.669700
4314,13.202836
4315,13.422616
4316,13.370139
4317,13.202382
4318,13.514701
4319,13.267329
4320,15.879861
4321,10.808621
4322,13.279850
4323,13.270209
4324,13.405456
4325,13.320350
4326,13.251642
4327,13.483859
4328,15.959206
4329,10.573725
4330,13.450642
4331,13.322563
4332,13.227136
4333,13.427647
4334,13.364817
4335,13.211935
4336,16.219524
4337,10.568383
4338,13.207186
4339,13.550208
4340,13.240903
4341,13.262570
4342,13.463088
4343,13.301639
4344,15.848749
4345,10.926798
4346,13.168431
4347,13.233527
4348,13.470793
4349,13.258192
4350,13.286819
4351,13.524783
4352,15.937258
4353,10.540767
4354,13.455736
4355,13.285031
4356,13.238140
4357,13.515680
4358,13.225146
4359,13.290686
4360,15.806699
4361,10.916549
4362,13.242076
4363,13.498406
4364,13.268169
4365,13.238787
4366,13.443867
4367,13.314467
4368,15.633489
4369,11.102056
4370,13.273128
4371,13.224303
4372,13.440955
4373,13.319242
4374,13.245037
4375,13.452804
4376,16.012291
4377,10.537439
4378,13.427604
4379,13.356322
4380,13.211862
4381,13.459903
4382,13.328224
4383,13.218581
4384,15.828573
4385,10.967313
4386,13.262377
4387,13.393315
4388,13.335133
4389,13.224219
4390,13.450581
4391,13.325501
4392,15.697620
4393,10.924586
4394,13.335765
4395,13.253514
4396,13.538314
4397,13.247855
4398,13.225164
4399,13.634933
4400,15.874570
4401,10.481110
4402,13.445921
4403,13.337692
4404,13.231832
4405,13.443606
4406,13.315865
4407,13.239451
4408,16.047938
4409,10.690749
4410,13.268501
4411,13.495456
4412,13.252369
4413,13.252479
4414,13.420421
4415,13.317659
4416,15.912938
4417,10.743255
4418,13.342102
4419,13.243331
4420,13.432990
4421,13.321015
4422,13.234914
4423,13.514889
4424,15.918597
4425,10.571364
4426,13.434668
4427,13.380725
4428,13.182466
4429,13.450395
4430,13.329156
4431,13.228963
4432,16.227035
4433,10.523744
4434,13.274518
4435,13.422519
4436,13.350526
4437,13.244399
4438,13.591558
4439,13.287525
4440,15.824542
4441,10.727233
4442,13.316047
4443,13.231152
4444,13.446194
4445,13.324094
4446,13.242702
4447,13.470416
4448,15.963862
4449,10.545636
4450,13.443475
4451,13.325326
4452,13.239059
4453,13.443438
4454,13.308752
4455,13.254891
4456,16.136766
4457,10.605681
4458,13.275546
4459,13.539331
4460,13.224866
4461,13.228934
4462,13.560523
4463,13.337170
4464,15.799431
4465,10.811944
4466,13.408405
4467,13.070516
4468,13.526367
4469,13.222774
4470,13.258254
4471,13.426069
4472,16.044603
4473,10.511379
4474,13.443251
4475,13.341080
4476,13.230824
4477,13.435688
4478,13.303201
4479,13.259982
4480,16.142536
4481,10.603954
4482,13.258754
4483,13.557013
4484,13.242208
4485,13.216865
4486,13.446376
4487,13.286970
4488,15.998436
4489,10.669708
4490,13.351859
4491,13.241428
4492,13.412030
4493,13.330700
4494,13.323165
4495,13.367970
4496,15.969885
4497,10.556148
4498,13.568012
4499,13.210912
4500,13.249837
4501,13.590824
4502,13.202897
4503,13.302758
4504,16.057400
4505,10.603985
4506,13.230163
4507,13.536172
4508,13.236623
4509,13.388194
4510,13.362253
4511,13.359628
4512,15.934858
4513,10.761415
4514,13.437807
4515,13.262326
4516,13.395130
4517,13.340346
4518,13.142455
4519,13.571099
4520,15.903300
4521,10.631961
4522,13.326081
4523,13.336048
4524,13.262607
4525,13.401315
4526,13.368681
4527,13.279347
4528,16.016779
4529,10.644146
4530,13.254488
4531,13.428472
4532,13.340581
4533,13.235352
4534,13.476452
4535,13.422510
4536,15.787124
4537,10.808834
4538,13.276955
4539,13.239622
4540,13.418390
4541,13.450823
4542,13.135523
4543,13.436526
4544,15.960384
4545,10.577966
4546,13.474717
4547,13.327920
4548,13.218224
4549,13.423687
4550,13.329717
4551,13.230427
4552,16.113786
4553,10.643016
4554,13.290999
4555,13.421519
4556,13.304319
4557,13.259251
4558,13.429790
4559,13.306580
4560,15.919699
4561,10.729341
4562,13.344445
4563,13.326892
4564,13.354974
4565,13.312384
4566,13.267089
4567,13.677337
4568,15.757361
4569,10.553806
4570,13.462219
4571,13.381052
4572,13.157148
4573,13.441235
4574,13.324244
4575,13.233254
4576,16.166191
4577,10.647854
4578,13.209687
4579,13.407781
4580,13.345373
4581,13.225359
4582,13.425142
4583,13.322275
4584,15.998423
4585,10.667154
4586,13.349695
4587,13.240197
4588,13.568825
4589,13.201252
4590,13.221781
4591,13.427833
4592,16.026538
4593,10.551379
4594,13.445078
4595,13.337321
4596,13.241337
4597,13.420223
4598,13.337680
4599,13.212119
4600,16.160056
4601,10.588779
4602,13.254102
4603,13.428126
4604,13.335917
4605,13.243539
4606,13.413448
4607,13.334440
4608,15.692493
4609,10.982123
4610,13.319116
4611,13.262143
4612,13.414757
4613,13.344426
4614,13.251634
4615,13.435314
4616,15.773295
4617,10.802497
4618,13.392502
4619,13.334418
4620,13.248047
4621,13.480499
4622,13.282336
4623,13.237115
4624,16.058447
4625,10.703616
4626,13.242654
4627,13.418667
4628,13.330237
4629,13.251116
4630,13.443026
4631,13.328516
4632,15.893605
4633,10.738184
4634,13.343005
4635,13.242556
4636,13.463831
4637,13.311597
4638,13.232724
4639,13.433290
4640,15.695190
4641,10.863298
4642,13.441934
4643,13.325321
4644,13.222715
4645,13.419872
4646,13.367670
4647,13.212318
4648,15.984111
4649,11.061152
4650,13.233293
4651,13.432065
4652,13.430115
4653,13.138077
4654,13.431140
4655,13.434418
4656,15.836335
4657,10.828206
4658,13.330636
4659,13.143415
4660,13.712271
4661,13.076600
4662,13.223725
4663,13.411927
4664,16.209290
4665,10.366114
4666,13.422817
4667,13.376921
4668,13.218451
4669,13.408798
4670,13.324929
4671,13.260959
4672,16.135963
4673,10.606853
4674,13.261194
4675,13.423053
4676,13.352783
4677,13.213013
4678,13.435702
4679,13.339709
4680,15.970329
4681,10.674211
4682,13.350581
4683,13.326275
4684,13.322093
4685,13.343745
4686,13.246262
4687,13.423184
4688,16.018725
4689,10.544231
4690,13.439096
4691,13.323710
4692,14.113125
4693,12.569913
4694,13.318250
4695,13.256908
4696,16.195256
4697,10.588188
4698,13.210423
4699,13.414066
4700,13.342506
4701,13.247432
4702,13.419623
4703,13.311664
4704,15.952550
4705,10.733309
4706,13.342480
4707,13.234511
4708,13.416258
4709,13.344675
4710,13.249749
4711,13.398999
4712,15.717962
4713,10.877293
4714,13.423754
4715,13.304801
4716,13.253262
4717,13.446984
4718,13.331604
4719,13.230555
4720,15.906905
4721,10.863821
4722,13.230689
4723,13.421578
4724,13.333294
4725,13.246806
4726,13.423434
4727,13.317566
4728,15.630965
4729,11.038984
4730,13.336685
4731,13.245775
4732,13.437457
4733,13.296945
4734,13.265141
4735,13.703570
4736,18.375975
4737,8.281432
4738,13.903376
4739,12.980150
4740,12.928487
4741,13.719529
4742,13.333889
4743,12.939712
4744,16.175585
4745,10.878808
4746,12.965493
4747,13.725206
4748,13.425470
4749,12.826446
4750,13.759432
4751,13.029618
4752,15.629020
4753,11.017098
4754,13.340584
4755,13.248770
4756,13.392039
4757,13.365192
4758,13.221795
4759,13.416394
4760,15.744217
4761,10.852178
4762,13.437437
4763,13.339498
4764,13.242661
4765,13.398282
4766,13.322530
4767,13.258117
4768,15.806005
4769,10.951669
4770,13.258653
4771,13.411610
4772,13.344197
4773,13.235094
4774,13.417069
4775,13.344189
4776,15.629672
4777,11.051329
4778,13.306809
4779,13.254359
4780,13.443503
4781,13.312572
4782,13.226925
4783,13.428308
4784,15.715568
4785,10.852254
4786,13.477798
4787,13.291257
4788,13.236979
4789,13.416905
4790,13.636253
4791,13.018561
4792,15.857813
4793,10.878281
4794,13.244520
4795,13.635148
4796,13.222666
4797,13.139624
4798,13.472140
4799,13.283828
4800,15.633099
4801,11.032626
4802,13.353745
4803,13.222205
4804,13.421690
4805,13.342395
4806,13.237372
4807,13.425905
4808,15.689050
4809,10.890259
4810,13.426777
4811,13.322004
4812,13.250579
4813,13.417022
4814,13.346219
4815,13.233146
4816,15.796832
4817,10.949107
4818,13.243579
4819,13.431722
4820,13.324984
4821,13.242824
4822,13.410466
4823,13.349185
4824,15.631972
4825,11.043423
4826,13.329978
4827,13.237366
4828,13.411528
4829,13.360894
4830,13.233264
4831,13.431137
4832,15.721505
4833,10.864772
4834,13.399098
4835,13.331767
4836,13.248988
4837,13.406321
4838,13.340927
4839,13.250616
4840,15.822560
4841,10.970561
4842,13.247196
4843,13.403611
4844,13.294388
4845,13.265500
4846,13.435228
4847,13.341823
4848,15.614701
4849,11.014439
4850,13.337949
4851,13.273625
4852,13.440317
4853,13.347232
4854,13.189399
4855,13.422611
4856,15.720903
4857,10.854668
4858,13.442202
4859,13.329382
4860,13.251696
4861,13.443493
4862,13.321726
4863,13.224068
4864,16.101152
4865,10.590081
4866,13.301302
4867,13.413887
4868,13.334314
4869,13.264867
4870,13.417689
4871,13.311938
4872,15.634427
4873,11.026713
4874,13.336777
4875,13.261647
4876,13.439931
4877,13.366099
4878,13.209306
4879,13.410268
4880,15.739456
4881,10.839353
4882,13.428945
4883,13.320886
4884,13.235882
4885,13.439691
4886,13.346323
4887,13.216360
4888,15.832084
4889,10.929835
4890,13.239277
4891,13.427558
4892,13.378101
4893,13.203262
4894,13.426127
4895,13.509162
4896,15.488057
4897,11.032118
4898,13.324764
4899,13.223481
4900,13.424139
4901,13.360492
4902,13.214580
4903,13.415832
4904,15.785424
4905,10.838756
4906,13.471401
4907,13.290218
4908,13.199736
4909,13.441117
4910,13.343714
4911,13.229392
4912,16.150727
4913,10.622309
4914,13.205132
4915,13.424010
4916,13.325756
4917,13.259766
4918,13.431972
4919,13.334959
4920,15.620849
4921,11.045434
4922,13.331081
4923,13.242322
4924,13.479570
4925,13.259851
4926,13.244495
4927,13.431978
4928,15.695994
4929,10.865052
4930,13.444159
4931,13.297132
4932,13.256494
4933,13.423186
4934,13.482068
4935,13.121752
4936,15.835884
4937,10.923546
4938,13.242857
4939,13.428794
4940,13.339766
4941,13.209887
4942,13.445532
4943,13.335818
4944,15.612981
4945,11.058744
4946,13.367799
4947,13.191658
4948,13.445791
4949,13.314525
4950,13.235202
4951,13.464618
4952,21.645276
4953,4.909401
4954,13.412446
4955,13.315708
4956,13.236545
4957,13.448404
4958,13.323050
4959,13.235747
4960,15.798013
4961,10.932671
4962,13.284248
4963,13.502843
4964,13.263607
4965,13.225093
4966,13.444604
4967,13.325494
4968,15.614553
4969,11.052024
4970,13.340791
4971,13.228165
4972,13.433225
4973,13.345883
4974,13.229669
4975,13.435390
4976,15.724138
4977,10.839674
4978,13.436740
4979,13.320944
4980,13.266569
4981,13.420102
4982,13.307506
4983,13.240150
4984,15.809742
4985,10.935853
4986,13.262567
4987,13.398777
4988,13.335323
4989,13.259520
4990,13.410172
4991,13.332826
4992,15.643381
4993,11.010487
4994,13.363620
4995,13.235628
4996,13.402690
4997,13.380808
4998,13.244699
4999,13.485839
5000,15.619807
5001,10.868926
5002,13.430030
5003,13.327039
5004,13.245767
5005,13.463016
5006,13.314512
5007,13.228970
5008,15.815378
5009,10.942029
5010,13.238133
5011,13.410580
5012,13.337485
5013,13.249268
5014,13.413262
5015,13.387657
5016,15.584199
5017,11.043363
5018,13.317457
5019,13.255266
5020,13.432556
5021,13.313743
5022,13.290156
5023,13.477984
5024,15.731057
5025,10.822693
5026,13.413584
5027,13.292738
5028,13.286073
5029,13.335758
5030,13.352249
5031,13.256575
5032,15.796319
5033,10.950158
5034,13.303266
5035,13.403012
5036,13.337450
5037,13.203822
5038,13.412048
5039,13.312101
5040,15.641160
5041,11.034804
5042,13.360721
5043,13.245252
5044,13.413773
5045,13.346348
5046,13.237642
5047,13.408894
5048,15.817376
5049,10.769456
5050,13.405393
5051,13.344330
5052,13.254015
5053,13.458115
5054,13.314579
5055,13.228173
5056,15.811895
5057,10.955848
5058,13.231273
5059,13.428296
5060,13.337920
5061,13.226792
5062,13.459124
5063,13.331855
5064,15.600868
5065,11.041484
5066,13.371334
5067,13.213262
5068,13.422321
5069,13.319872
5070,13.244381
5071,13.457203
5072,15.690531
5073,10.865591
5074,13.445153
5075,13.300458
5076,13.248326
5077,13.405398
5078,13.311935
5079,13.270778
5080,15.810400
5081,10.961263
5082,13.232970
5083,13.415188
5084,13.343486
5085,13.291669
5086,13.370919
5087,13.330051
5088,15.786583
5089,10.889658
5090,13.328429
5091,13.245789
5092,13.418544
5093,13.338771
5094,13.243786
5095,13.471576
5096,16.034757
5097,10.515005
5098,13.418768
5099,13.299265
5100,13.247772
5101,13.441316
5102,13.307075
5103,13.248142
5104,15.857708
5105,10.915227
5106,13.248245
5107,13.496966
5108,13.231537
5109,13.280463
5110,13.479938
5111,13.301803
5112,15.610968
5113,11.076824
5114,13.277078
5115,13.258054
5116,13.413038
5117,13.355412
5118,13.242445
5119,13.391104
5120,15.757982
5121,10.825937
5122,13.414201
5123,13.359136
5124,13.518328
5125,13.106899
5126,13.323604
5127,13.245388
5128,15.844459
5129,10.983080
5130,13.168175
5131,13.475283
5132,13.320669
5133,13.262799
5134,13.367520
5135,13.413596
5136,15.563625
5137,11.013600
5138,13.373745
5139,13.242293
5140,13.369889
5141,13.396906
5142,13.250831
5143,13.446189
5144,15.997093
5145,10.540502
5146,13.434105
5147,13.372413
5148,13.565618
5149,13.128594
5150,13.344435
5151,13.244453
5152,16.196069
5153,10.591810
5154,13.219493
5155,13.494007
5156,13.227673
5157,13.276791
5158,13.435296
5159,13.272680
5160,15.674864
5161,10.986282
5162,13.353551
5163,13.228568
5164,13.391550
5165,13.343539
5166,13.288474
5167,13.400127
5168,15.681759
5169,10.926535
5170,13.388693
5171,13.307409
5172,13.312581
5173,13.406018
5174,13.327419
5175,13.274461
5176,15.865710
5177,10.957095
5178,13.247975
5179,13.489083
5180,13.357364
5181,13.137626
5182,13.451988
5183,13.340606
5184,15.933007
5185,10.689717
5186,13.317161
5187,13.306208
5188,13.440700
5189,13.373554
5190,13.116674
5191,13.449811
5192,15.981113
5193,10.566930
5194,13.690410
5195,13.183800
5196,13.139348
5197,13.479065
5198,13.297281
5199,13.256239
5200,16.145136
5201,10.640495
5202,13.227648
5203,13.482011
5204,13.249212
5205,13.244350
5206,13.424942
5207,13.393257
5208,15.873313
5209,10.764003
5210,13.300970
5211,13.221610
5212,13.387371
5213,13.349340
5214,13.255634
5215,13.411046
5216,15.754929
5217,10.818525
5218,13.496240
5219,13.236315
5220,13.307084
5221,13.373621
5222,13.340339
5223,13.296122
5224,15.765553
5225,10.957718
5226,13.277927
5227,13.365729
5228,13.327595
5229,13.250932
5230,13.583405
5231,13.218783
5232,15.624828
5233,11.005257
5234,13.310042
5235,13.280737
5236,13.473119
5237,13.285753
5238,13.249266
5239,13.445394
5240,15.755689
5241,10.802652
5242,13.410032
5243,13.391723
5244,13.238816
5245,13.407835
5246,13.357708
5247,13.213345
5248,16.184610
5249,10.634350
5250,13.196352
5251,13.449308
5252,13.267477
5253,13.250904
5254,13.435060
5255,13.331351
5256,16.013850
5257,10.707637
5258,13.252898
5259,13.252511
5260,13.488567
5261,13.297207
5262,13.281253
5263,13.613378
5264,15.945395
5265,10.393483
5266,13.401285
5267,13.464488
5268,13.117675
5269,13.432625
5270,13.327313
5271,13.250893
5272,16.236938
5273,10.520457
5274,13.244319
5275,13.424148
5276,13.336882
5277,13.398087
5278,13.944938
5279,12.802971
5280,15.946201
5281,10.732328
5282,13.339350
5283,13.229689
5284,13.435414
5285,13.303442
5286,13.236914
5287,13.486635
5288,15.872984
5289,10.646639
5290,13.632286
5291,13.088881
5292,13.254075
5293,13.585218
5294,13.258099
5295,13.194739
5296,16.172869
5297,10.576781
5298,13.240615
5299,13.473512
5300,13.384145
5301,13.152224
5302,13.464276
5303,13.461784
5304,15.873995
5305,10.658714
5306,13.393479
5307,13.140898
5308,13.486126
5309,13.360927
5310,13.186110
5311,13.435087
5312,15.732929
5313,10.798981
5314,13.437708
5315,13.331451
5316,13.221349
5317,13.465307
5318,13.330688
5319,13.204072
5320,15.888950
5321,10.901996
5322,13.219906
5323,13.474574
5324,13.308879
5325,13.226276
5326,13.488461
5327,13.331070
5328,15.628664
5329,11.025672
5330,13.353046
5331,13.157792
5332,13.726493
5333,13.073568
5334,13.200212
5335,13.409938
5336,15.732236
5337,10.870846
5338,13.448010
5339,13.307921
5340,13.234526
5341,13.466073
5342,13.295612
5343,13.239434
5344,15.914130
5345,10.874656
5346,13.216471
5347,13.456198
5348,13.307045
5349,13.231159
5350,13.482968
5351,13.283009
5352,15.617731
5353,11.037686
5354,13.314731
5355,13.280945
5356,13.417481
5357,13.339246
5358,13.223754
5359,13.489930
5360,15.658906
5361,10.834241
5362,13.456740
5363,13.400639
5364,13.175642
5365,13.544811
5366,13.282559
5367,13.266402
5368,15.805816
5369,10.844542
5370,13.282759
5371,13.440380
5372,13.327796
5373,13.265994
5374,13.400154
5375,13.273508
5376,15.707044
5377,11.374368
5378,13.031463
5379,13.188482
5380,13.499733
5381,13.261475
5382,13.241498
5383,13.441778
5384,15.713509
5385,10.825558
5386,13.425517
5387,13.351488
5388,13.242868
5389,13.437006
5390,13.312668
5391,13.279351
5392,16.199598
5393,10.537356
5394,13.313075
5395,13.384185
5396,13.407914
5397,13.149709
5398,13.433242
5399,13.442625
5400,15.970254
5401,10.717654
5402,13.308392
5403,13.235979
5404,13.492206
5405,13.277960
5406,13.251441
5407,13.464685
5408,16.170692
5409,10.348959
5410,13.466942
5411,13.368712
5412,13.174962
5413,13.447728
5414,13.351368
5415,13.208984
5416,16.104124
5417,10.651246
5418,13.259160
5419,13.409624
5420,13.362162
5421,13.203713
5422,13.518135
5423,13.262920
5424,15.954106
5425,10.760836
5426,13.277340
5427,13.236691
5428,13.526281
5429,13.245687
5430,13.224784
5431,13.435826
5432,16.136501
5433,10.416687
5434,13.533986
5435,13.252159
5436,13.278328
5437,13.416407
5438,13.355586
5439,13.182078
5440,16.267034
5441,10.468748
5442,13.252667
5443,13.439655
5444,13.349931
5445,13.266966
5446,13.422373
5447,13.440980
5448,15.806445
5449,10.710618
5450,13.357692
5451,13.225981
5452,13.404850
5453,13.355307
5454,13.227054
5455,13.433331
5456,16.096391
5457,10.483417
5458,13.578780
5459,13.181647
5460,13.227909
5461,13.427255
5462,13.318264
5463,13.252626
5464,15.850387
5465,10.911119
5466,13.240692
5467,13.455549
5468,13.273968
5469,13.276947
5470,13.428777
5471,13.324290
5472,15.653199
5473,11.002161
5474,13.506966
5475,13.146117
5476,13.483256
5477,13.349475
5478,13.111283
5479,13.418253
5480,15.678853
5481,10.905051
5482,13.406988
5483,13.343112
5484,13.261669
5485,13.434603
5486,13.326896
5487,13.228552
5488,16.317412
5489,10.419730
5490,13.245707
5491,13.413113
5492,13.365186
5493,14.051678
5494,12.603768
5495,13.357046
5496,15.620062
5497,10.983266
5498,13.372548
5499,13.246284
5500,13.436567
5501,13.310703
5502,13.232298
5503,13.441375
5504,15.791672
5505,10.756534
5506,13.441393
5507,13.360049
5508,13.228931
5509,13.397911
5510,13.398181
5511,13.186345
5512,15.924782
5513,10.883112
5514,13.197522
5515,13.420446
5516,13.366513
5517,13.209772
5518,13.419908
5519,13.300080
5520,15.670896
5521,10.991413
5522,13.377308
5523,13.244456
5524,13.397849
5525,13.341295
5526,13.253652
5527,13.422371
5528,15.719910
5529,10.855672
5530,13.409145
5531,13.386584
5532,13.204273
5533,13.401679
5534,13.319795
5535,13.281574
5536,15.789657
5537,10.938591
5538,13.263401
5539,13.438949
5540,13.317261
5541,13.264093
5542,13.418030
5543,13.326419
5544,15.650414
5545,11.021013
5546,13.318254
5547,13.275869
5548,13.509070
5549,13.248387
5550,13.228507
5551,13.422275
5552,15.744582
5553,10.830378
5554,13.420427
5555,13.341931
5556,13.258707
5557,13.427490
5558,13.312469
5559,13.259820
5560,16.249512
5561,10.496132
5562,13.270022
5563,13.380028
5564,13.328943
5565,13.264309
5566,13.490126
5567,13.371379
5568,15.519522
5569,11.014104
5570,13.324698
5571,13.251626
5572,13.433494
5573,13.359351
5574,13.260063
5575,13.425122
5576,16.015885
5577,10.536402
5578,13.427217
5579,13.326944
5580,13.276773
5581,13.388785
5582,13.351849
5583,13.242431
5584,15.912467
5585,10.821776
5586,13.275010
5587,13.388846
5588,13.327562
5589,13.257643
5590,13.454894
5591,13.357262
5592,15.591355
5593,11.028219
5594,13.412415
5595,13.166647
5596,13.411353
5597,13.325563
5598,13.265087
5599,13.386225
5600,15.832019
5601,10.755193
5602,13.507711
5603,13.314463
5604,13.201344
5605,13.420265
5606,13.354271
5607,13.237554
5608,15.926416
5609,10.822322
5610,13.266432
5611,13.410436
5612,13.333984
5613,13.219936
5614,13.409705
5615,13.317145
5616,15.650526
5617,11.032091
5618,13.310912
5619,13.270960
5620,13.437365
5621,13.308585
5622,13.272680
5623,13.433820
5624,15.732105
5625,10.839498
5626,13.423139
5627,13.297542
5628,13.268838
5629,13.410163
5630,13.338351
5631,13.258681
5632,15.804224
5633,10.945541
5634,13.253832
5635,13.561369
5636,13.180250
5637,13.249091
5638,13.395453
5639,13.314055
5640,15.679249
5641,10.999517
5642,13.338275
5643,13.259067
5644,13.422757
5645,13.352971
5646,13.311129
5647,13.359444
5648,16.116037
5649,10.449068
5650,13.401099
5651,13.346546
5652,13.237749
5653,13.415740
5654,13.330754
5655,13.252531
5656,15.789181
5657,10.956326
5658,13.252682
5659,13.423152
5660,13.337400
5661,13.248664
5662,13.416019
5663,13.336666
5664,15.645672
5665,11.010807
5666,13.329892
5667,13.279486
5668,13.395903
5669,13.307616
5670,13.271809
5671,13.436793
5672,15.690631
5673,10.992684
5674,13.304399
5675,13.336431
5676,13.292611
5677,13.406313
5678,13.322831
5679,13.230700
5680,15.792841
5681,10.949672
5682,13.291448
5683,13.406142
5684,13.333306
5685,13.258785
5686,13.400616
5687,13.311912
5688,15.685071
5689,11.006735
5690,13.332294
5691,13.247704
5692,13.431724
5693,13.319539
5694,13.248748
5695,13.414016
5696,15.708296
5697,10.862505
5698,13.420949
5699,13.313225
5700,13.264823
5701,13.420633
5702,13.319086
5703,13.255711
5704,15.798686
5705,10.946896
5706,13.258830
5707,13.435018
5708,13.308669
5709,13.257758
5710,13.435490
5711,13.328827
5712,15.654426
5713,11.022789
5714,13.323122
5715,13.246689
5716,13.436013
5717,13.327050
5718,13.239878
5719,13.420236
5720,15.701652
5721,10.864715
5722,13.425244
5723,13.339243
5724,13.247534
5725,13.426041
5726,13.319622
5727,13.245201
5728,15.790800
5729,11.661297
5730,13.193356
5731,13.341173
5732,13.132694
5733,13.282693
5734,13.256171
5735,13.439362
5736,16.083587
5737,10.483094
5738,13.516592
5739,13.236288
5740,13.247012
5741,13.403933
5742,13.329348
5743,13.255721
5744,15.782706
5745,10.954412
5746,13.262616
5747,13.402651
5748,13.347061
5749,13.246150
5750,13.459115
5751,13.287856
5752,15.636427
5753,11.028333
5754,13.336847
5755,13.255716
5756,13.418610
5757,13.320586
5758,13.250541
5759,13.415523
5760,15.724935
5761,10.867003
5762,13.407398
5763,13.338251
5764,13.251907
5765,13.413831
5766,13.354601
5767,13.235188
5768,16.033718
5769,10.767742
5770,13.213963
5771,13.445895
5772,13.290584
5773,13.272690
5774,13.416156
5775,13.282589
5776,15.656718
5777,11.014948
5778,13.330393
5779,13.274473
5780,13.497327
5781,13.233823
5782,13.265720
5783,13.412258
5784,15.712477
5785,10.903026
5786,13.390511
5787,13.323669
5788,13.260507
5789,13.415470
5790,13.319582
5791,13.261831
5792,15.789080
5793,10.943813
5794,13.259927
5795,13.431802
5796,13.306978
5797,13.257776
5798,13.433876
5799,13.310026
5800,15.645318
5801,11.045353
5802,13.327777
5803,13.240168
5804,13.426201
5805,13.329593
5806,13.251175
5807,13.426698
5808,15.687768
5809,10.886655
5810,13.478592
5811,13.259724
5812,13.260659
5813,13.423189
5814,13.332416
5815,13.240642
5816,15.800827
5817,10.949022
5818,13.270919
5819,13.440120
5820,13.281063
5821,13.284388
5822,13.435473
5823,13.382464
5824,15.570930
5825,11.131379
5826,13.245284
5827,13.198177
5828,13.414405
5829,13.336160
5830,13.580915
5831,13.110845
5832,15.998902
5833,10.657893
5834,13.343211
5835,13.323497
5836,13.234265
5837,13.435933
5838,13.335030
5839,13.234767
5840,15.822374
5841,10.913308
5842,13.467906
5843,13.952194
5844,13.194942
5845,13.356582
5846,13.739447
5847,13.048502
5848,17.469351
5849,11.049726
5850,11.738015
5851,12.970200
5852,13.374492
5853,13.331079
5854,13.283248
5855,13.373183
5856,15.715364
5857,10.885874
5858,13.400976
5859,13.328076
5860,13.269854
5861,13.399744
5862,13.344684
5863,13.259669
5864,16.188797
5865,10.769203
5866,13.057475
5867,13.427443
5868,13.328622
5869,13.259203
5870,13.426347
5871,13.333322
5872,15.615666
5873,11.186347
5874,13.061510
5875,13.312732
5876,13.331309
5877,13.335081
5878,13.380993
5879,13.289825
5880,13.332153
5881,13.332297
5882,13.341196
5883,13.335279
5884,13.333173
5885,13.318729
5886,13.346515
5887,13.333037
5888,13.327118
5889,13.329010
5890,13.326486
5891,13.340867
5892,13.322610
5893,13.323305
5894,13.341345
5895,13.330176
5896,13.351154
5897,13.331526
5898,13.333826
5899,13.328317
5900,13.324692
5901,13.335549
5902,13.325930
5903,13.340644
5904,13.329587
5905,13.339607
5906,13.345311
5907,13.326704
5908,13.326442
5909,13.360414
5910,13.308817
5911,13.422327
5912,13.302096
5913,13.279415
5914,13.407178
5915,13.260124
5916,13.345629
5917,13.379728
5918,13.268668
5919,13.378544
5920,13.298332
5921,13.323533
5922,13.341339
5923,13.391943
5924,13.264851
5925,13.351197
5926,13.331841
5927,13.321533
5928,13.342299
5929,13.375078
5930,13.322467
5931,13.300469
5932,13.377806
5933,13.291270
5934,13.341755
5935,13.316780
5936,13.391760
5937,13.324238
5938,13.287745
5939,13.329269
5940,13.331527
5941,13.341547
5942,13.323209
5943,13.333675
5944,13.340071
5945,13.325712
5946,13.334525
5947,13.331606
5948,13.341228
5949,13.327385
5950,13.416353
5951,13.300767
5952,13.287993
5953,13.330205
5954,13.339691
5955,13.326452
5956,13.337896
5957,13.372992
5958,13.290657
5959,13.334240
5960,13.402185
5961,13.264613
5962,13.330271
5963,13.372886
5964,13.291495
5965,13.334243
5966,13.345169
5967,13.319243
5968,13.335364
5969,13.339673
5970,13.328778
5971,13.340183
5972,13.555662
5973,13.240799
5974,13.247453
5975,13.403276
5976,13.417750
5977,13.211539
5978,13.389496
5979,15.807415
5980,10.829396
5981,13.461005
5982,13.220871
5983,13.245620
5984,13.434751
5985,13.431998
5986,13.230555
5987,16.044664
5988,10.659581
5989,13.233175
5990,13.425225
5991,13.446324
5992,13.142537
5993,13.370723
5994,13.341698
5995,15.648500
5996,11.135331
5997,13.307744
5998,13.205270
5999,13.425333
6000,13.336597
6001,13.323254
6002,13.342049
6003,16.165784
6004,10.418971
6005,13.516028
6006,13.260009
6007,13.247971
6008,13.512052
6009,13.218821
6010,13.227181
6011,15.889000
6012,10.932190
6013,13.214472
6014,13.601220
6015,13.240060
6016,13.170127
6017,13.451925
6018,13.291353
6019,15.730646
6020,10.948165
6021,13.329933
6022,13.223053
6023,13.467192
6024,13.378213
6025,13.141339
6026,13.414668
6027,15.783986
6028,10.851451
6029,13.427084
6030,13.334265
6031,13.193059
6032,13.534992
6033,13.378225
6034,13.105143
6035,15.787477
6036,10.952171
6037,13.240551
6038,13.534382
6039,13.276419
6040,13.204625
6041,13.459345
6042,13.361996
6043,15.538324
6044,11.038599
6045,13.372936
6046,13.227955
6047,13.400714
6048,13.342565
6049,13.234313
6050,13.438133
6051,15.722148
6052,10.863732
6053,13.452102
6054,13.295854
6055,13.254447
6056,13.407682
6057,13.343183
6058,13.265633
6059,16.281310
6060,10.597328
6061,13.125929
6062,13.429501
6063,13.419341
6064,13.144572
6065,13.452854
6066,13.298632
6067,15.955240
6068,10.758970
6069,13.306375
6070,13.209392
6071,13.470002
6072,13.307772
6073,13.217268
6074,13.530206
6075,15.616558
6076,10.837904
6077,13.480180
6078,13.306089
6079,13.233906
6080,13.567975
6081,13.210975
6082,13.224367
6083,16.224392
6084,10.562385
6085,13.245199
6086,13.403104
6087,13.347789
6088,13.233956
6089,13.554748
6090,13.437654
6091,15.744479
6092,10.690625
6093,13.355402
6094,13.218574
6095,13.598397
6096,13.207287
6097,13.215483
6098,13.436239
6099,16.082662
6100,10.450193
6101,13.419485
6102,13.316201
6103,13.241788
6104,13.454246
6105,13.326540
6106,13.304362
6107,16.063621
6108,10.688958
6109,13.205847
6110,13.442743
6111,13.357515
6112,13.198623
6113,13.494600
6114,13.285466
6115,15.965776
6116,10.685421
6117,13.352706
6118,13.204975
6119,13.419595
6120,13.322858
6121,13.306739
6122,13.377601
6123,15.832578
6124,10.736529
6125,13.417013
6126,13.317115
6127,13.260808
6128,13.419301
6129,13.332248
6130,13.257468
6131,15.798223
6132,10.985970
6133,13.210960
6134,13.429805
6135,13.354840
6136,13.211625
6137,13.432803
6138,13.360962
6139,15.586914
6140,11.087057
6141,13.308609
6142,13.232038
6143,13.426343
6144,13.332739
6145,13.237264
6146,13.419492
6147,15.780683
6148,10.792659
6149,13.430429
6150,13.380050
6151,13.193775
6152,13.458667
6153,13.308769
6154,13.238760
6155,15.809375
6156,10.930329
6157,13.257465
6158,13.401947
6159,13.427908
6160,13.203050
6161,13.388111
6162,13.380635
6163,15.924471
6164,10.745510
6165,13.351359
6166,13.218326
6167,13.423480
6168,13.395367
6169,13.163900
6170,13.538840
6171,16.032750
6172,10.434320
6173,13.464634
6174,13.304250
6175,13.215390
6176,13.456137
6177,13.332944
6178,13.220597
6179,16.162043
6180,10.607941
6181,13.231783
6182,13.442149
6183,13.300899
6184,13.259353
6185,13.414607
6186,13.385718
6187,15.949189
6188,10.706947
6189,13.368614
6190,13.153000
6191,13.467762
6192,13.330568
6193,13.216583
6194,13.446191
6195,15.998361
6196,10.541687
6197,13.445557
6198,13.393320
6199,13.186332
6200,13.450718
6201,13.342232
6202,13.204747
6203,16.170612
6204,10.604998
6205,13.234192
6206,13.437954
6207,13.373970
6208,13.163498
6209,13.444132
6210,13.364238
6211,16.101652
6212,10.675100
6213,13.341670
6214,13.215042
6215,13.456648
6216,13.344387
6217,13.252798
6218,13.423433
6219,16.023031
6220,10.526580
6221,13.468372
6222,13.312246
6223,13.202554
6224,13.483100
6225,13.304852
6226,13.224692
6227,16.231753
6228,10.521081
6229,13.248889
6230,13.448387
6231,13.379682
6232,13.185200
6233,13.442383
6234,13.338222
6235,15.971954
6236,10.692094
6237,13.343851
6238,13.205242
6239,13.447929
6240,13.320247
6241,13.218426
6242,13.459842
6243,16.102677
6244,10.447060
6245,13.459613
6246,13.367445
6247,13.206636
6248,13.443725
6249,13.342667
6250,13.196420
6251,16.218575
6252,10.537010
6253,13.242598
6254,13.456688
6255,13.324059
6256,13.202011
6257,13.431282
6258,13.337030
6259,15.963785
6260,10.705743
6261,13.408591
6262,13.179581
6263,13.471385
6264,13.245443
6265,13.293003
6266,13.444979
6267,16.111786
6268,10.415148
6269,13.501212
6270,13.277470
6271,13.254883
6272,13.420541
6273,13.394343
6274,13.172643
6275,15.825337
6276,10.893630
6277,13.261770
6278,13.496609
6279,13.334778
6280,13.224476
6281,13.463543
6282,13.379001
6283,16.459797
6284,10.106442
6285,13.372121
6286,13.241664
6287,13.446808
6288,13.239167
6289,13.245500
6290,13.426350
6291,16.088769
6292,10.477146
6293,13.500137
6294,13.256161
6295,13.251377
6296,13.443483
6297,13.291805
6298,13.239248
6299,15.859310
6300,10.880769
6301,13.277950
6302,13.392875
6303,13.338936
6304,13.266640
6305,13.431817
6306,13.321916
6307,15.645274
6308,11.001808
6309,13.346836
6310,13.258458
6311,13.406412
6312,13.336233
6313,13.252639
6314,13.418262
6315,15.759594
6316,10.809227
6317,13.482822
6318,13.274126
6319,13.296992
6320,13.374140
6321,13.384590
6322,13.221240
6323,15.808558
6324,10.898470
6325,13.277552
6326,13.417625
6327,13.313583
6328,13.275298
6329,13.416775
6330,13.328417
6331,15.719075
6332,11.603875
6333,13.346282
6334,13.296706
6335,13.475147
6336,13.269533
6337,13.250267
6338,13.386465
6339,16.053890
6340,10.534859
6341,13.384544
6342,13.392092
6343,13.192059
6344,13.405340
6345,13.344207
6346,13.254637
6347,15.863987
6348,10.880164
6349,13.256264
6350,13.405890
6351,13.337346
6352,13.276782
6353,13.380197
6354,13.349667
6355,15.649158
6356,10.990649
6357,13.420336
6358,13.189037
6359,13.433497
6360,13.313807
6361,13.256970
6362,13.443905
6363,15.834685
6364,10.713495
6365,13.416212
6366,13.332915
6367,13.259220
6368,13.400892
6369,13.333010
6370,13.273313
6371,15.890815
6372,10.834117
6373,13.266324
6374,13.397588
6375,13.344760
6376,13.299339
6377,13.389899
6378,13.331409
6379,15.803793
6380,10.869432
6381,13.322143
6382,13.261711
6383,13.506674
6384,13.289298
6385,13.203639
6386,13.394318
6387,15.723277
6388,10.853991
6389,13.418848
6390,13.330573
6391,13.251600
6392,13.434893
6393,13.301177
6394,13.258587
6395,15.846768
6396,11.065233
6397,13.109831
6398,13.444195
6399,13.349546
6400,13.216898
6401,13.413610
6402,13.319586
6403,15.679197
6404,10.979358
6405,13.340352
6406,13.246046
6407,13.439169
6408,13.336358
6409,13.225665
6410,13.436693
6411,15.772541
6412,10.796503
6413,13.448729
6414,13.337718
6415,13.213331
6416,13.435220
6417,13.369265
6418,13.191966
6419,15.849034
6420,10.877603
6421,13.276392
6422,13.431984
6423,13.308380
6424,13.248252
6425,13.414357
6426,13.353881
6427,15.662397
6428,10.972755
6429,13.346427
6430,13.258921
6431,13.401625
6432,13.343785
6433,13.240664
6434,13.419400
6435,15.712445
6436,10.881909
6437,13.418229
6438,13.346103
6439,13.236770
6440,13.416249
6441,13.314555
6442,13.267935
6443,15.879048
6444,10.844970
6445,13.289735
6446,13.381440
6447,13.341905
6448,13.294080
6449,13.415423
6450,13.345134
6451,15.738165
6452,10.874936
6453,13.333439
6454,13.270800
6455,13.406464
6456,13.386821
6457,13.197721
6458,13.402328
6459,15.749322
6460,10.842433
6461,13.483440
6462,13.275113
6463,13.260726
6464,13.410402
6465,13.324429
6466,13.268706
6467,15.814893
6468,10.908382
6469,13.268428
6470,13.430513
6471,13.316600
6472,13.265222
6473,13.413638
6474,13.317472
6475,15.767741
6476,10.921862
6477,13.365464
6478,13.232788
6479,13.424209
6480,13.300530
6481,13.242746
6482,13.424898
6483,15.765208
6484,10.803329
6485,13.425994
6486,13.342803
6487,13.242408
6488,13.414022
6489,13.335777
6490,13.243023
6491,15.810288
6492,10.943636
6493,13.249953
6494,13.412889
6495,13.339780
6496,13.251106
6497,13.422403
6498,13.325722
6499,15.633407
6500,11.021155
6501,13.338704
6502,13.255880
6503,13.423819
6504,13.320478
6505,13.268581
6506,13.411589
6507,15.702142
6508,10.872385
6509,13.405012
6510,13.330614
6511,13.261780
6512,13.411303
6513,13.328773
6514,13.262109
6515,15.812185
6516,10.987102
6517,13.212091
6518,13.382079
6519,13.348467
6520,13.268618
6521,13.386042
6522,13.394591
6523,15.725752
6524,10.896633
6525,13.342710
6526,13.254326
6527,13.423551
6528,13.320393
6529,13.258915
6530,13.431435
6531,15.738769
6532,10.837961
6533,13.396087
6534,13.328843
6535,13.278727
6536,13.387787
6537,13.370097
6538,13.253885
6539,15.832931
6540,10.910659
6541,13.244925
6542,13.417318
6543,13.346534
6544,13.230558
6545,13.421197
6546,13.339828
6547,15.599283
6548,11.069044
6549,13.331108
6550,13.223373
6551,13.442391
6552,13.344115
6553,13.228564
6554,13.440204
6555,15.700565
6556,10.856967
6557,13.436401
6558,13.303386
6559,13.245154
6560,13.416595
6561,13.327800
6562,13.258490
6563,15.796188
6564,10.943856
6565,13.254913
6566,13.411455
6567,13.322949
6568,13.262315
6569,13.418800
6570,13.331111
6571,15.645283
6572,11.008945
6573,13.345587
6574,13.249039
6575,13.406203
6576,13.344062
6577,13.249263
6578,13.414255
6579,15.726085
6580,10.873158
6581,13.413391
6582,13.327860
6583,13.253586
6584,13.413932
6585,13.340861
6586,13.241518
6587,15.810095
6588,10.942608
6589,13.253882
6590,13.411103
6591,13.335050
6592,13.250629
6593,13.406605
6594,13.336051
6595,15.648826
6596,11.036121
6597,13.338588
6598,13.255200
6599,13.400109
6600,13.351667
6601,13.247815
6602,13.406037
6603,15.707492
6604,10.880820
6605,13.407868
6606,13.328751
6607,13.264952
6608,13.402541
6609,13.328116
6610,13.274468
6611,15.786443
6612,10.946366
6613,13.263952
6614,13.398183
6615,13.326658
6616,13.266494
6617,13.404034
6618,13.362489
6619,15.613741
6620,11.029558
6621,13.325775
6622,13.247996
6623,13.437446
6624,13.301625
6625,13.257621
6626,13.435722
6627,15.696521
6628,10.876862
6629,13.498422
6630,13.276080
6631,13.225175
6632,13.410042
6633,13.335704
6634,13.249231
6635,15.875137
6636,10.921911
6637,13.225796
6638,13.435498
6639,13.352919
6640,13.200085
6641,13.412628
6642,13.328531
6643,15.654249
6644,11.023280
6645,13.367577
6646,13.215308
6647,13.432871
6648,13.357665
6649,13.201851
6650,13.427331
6651,15.719767
6652,10.864027
6653,13.415859
6654,13.334551
6655,13.262073
6656,13.395216
6657,13.354088
6658,13.238698
6659,15.804983
6660,10.937678
6661,13.256167
6662,13.411283
6663,13.343500
6664,13.246611
6665,13.413438
6666,13.362489
6667,15.619550
6668,11.010246
6669,13.348968
6670,13.247196
6671,13.520014
6672,13.227020
6673,13.262848
6674,13.408322
6675,15.716737
6676,10.875253
6677,13.398586
6678,13.323704
6679,13.270196
6680,13.428467
6681,13.312572
6682,13.254618
6683,15.780996
6684,10.999613
6685,13.237639
6686,13.419794
6687,13.336859
6688,13.241758
6689,13.396545
6690,13.332250
6691,15.676857
6692,11.005848
6693,13.355330
6694,13.227199
6695,13.407632
6696,13.333528
6697,13.244768
6698,13.436351
6699,15.697006
6700,10.876155
6701,13.409607
6702,13.320595
6703,13.271648
6704,13.404663
6705,13.326995
6706,13.260173
6707,15.805121
6708,10.939581
6709,13.269903
6710,13.426679
6711,13.336503
6712,13.238279
6713,13.430920
6714,13.330402
6715,15.694826
6716,10.959727
6717,13.313431
6718,13.255848
6719,13.412918
6720,13.326037
6721,13.266762
6722,13.405289
6723,15.742003
6724,10.849547
6725,13.446299
6726,13.348293
6727,13.225678
6728,13.416950
6729,13.354948
6730,13.245571
6731,15.933536
6732,10.797451
6733,13.238075
6734,13.403723
6735,13.377148
6736,13.221134
6737,13.401459
6738,13.399333
6739,15.588100
6740,11.102711
6741,13.321481
6742,13.187796
6743,13.549342
6744,13.263599
6745,13.178947
6746,13.404742
6747,15.712357
6748,10.886010
6749,13.390906
6750,13.330712
6751,13.279300
6752,13.471613
6753,13.273784
6754,13.266050
6755,15.790312
6756,10.950050
6757,13.256485
6758,13.401640
6759,13.332629
6760,13.265145
6761,13.409780
6762,13.364728
6763,15.672462
6764,11.008332
6765,13.271006
6766,13.262370
6767,13.423295
6768,13.322066
6769,13.256995
6770,13.510194
6771,15.984364
6772,10.536364
6773,13.451240
6774,13.296881
6775,13.300141
6776,13.409033
6777,13.364655
6778,13.231181
6779,15.728898
6780,11.018654
6781,13.220722
6782,13.364433
6783,13.401347
6784,13.200850
6785,13.409648
6786,13.333532
6787,15.625720
6788,11.046389
6789,13.337185
6790,13.249276
6791,13.481009
6792,13.331160
6793,13.185091
6794,13.430061
6795,15.830547
6796,10.729186
6797,13.485974
6798,13.319623
6799,13.200084
6800,13.506828
6801,13.408269
6802,13.215228
6803,15.907965
6804,10.740540
6805,13.266133
6806,13.416796
6807,13.370496
6808,13.228116
6809,13.438337
6810,13.264009
6811,15.791508
6812,10.926095
6813,13.297095
6814,13.268634
6815,13.380942
6816,13.374971
6817,13.293942
6818,13.409012
6819,15.938325
6820,10.615596
6821,13.389419
6822,13.397213
6823,13.181344
6824,13.437849
6825,13.307671
6826,13.249464
6827,15.892451
6828,10.879190
6829,13.211525
6830,13.460588
6831,13.334883
6832,13.289409
6833,13.420467
6834,13.322845
6835,15.663394
6836,10.945476
6837,13.323319
6838,13.257716
6839,13.427078
6840,13.336363
6841,13.293663
6842,13.396561
6843,16.083272
6844,10.538933
6845,13.339711
6846,13.347394
6847,13.305292
6848,13.348915
6849,13.341889
6850,13.251429
6851,15.852767
6852,10.897150
6853,13.226700
6854,13.908194
6855,13.013555
6856,13.155572
6857,13.529927
6858,13.385495
6859,16.686055
6860,9.865881
6861,13.301026
6862,13.261205
6863,13.611160
6864,13.162524
6865,13.212853
6866,13.439828
6867,16.019131
6868,10.458465
6869,13.482359
6870,13.269972
6871,13.255249
6872,13.403852
6873,13.372580
6874,13.215343
6875,16.129640
6876,10.630444
6877,13.229686
6878,13.438622
6879,13.356700
6880,13.239386
6881,13.470329
6882,13.378719
6883,15.896729
6884,10.722949
6885,13.368487
6886,13.150432
6887,13.427087
6888,13.312090
6889,13.236480
6890,13.394232
6891,15.792041
6892,10.844624
6893,13.462520
6894,13.336229
6895,13.216046
6896,13.415089
6897,13.379799
6898,13.181422
6899,16.118060
6900,10.674019
6901,13.247585
6902,13.475989
6903,13.476986
6904,13.037642
6905,13.453652
6906,13.384698
6907,15.868701
6908,10.750633
6909,13.398812
6910,13.134161
6911,13.461688
6912,13.255132
6913,13.253934
6914,13.467676
6915,15.957687
6916,10.569500
6917,13.456081
6918,13.381367
6919,13.238647
6920,13.398709
6921,13.341074
6922,13.208137
6923,16.205534
6924,10.730159
6925,13.064741
6926,13.472709
6927,13.361039
6928,13.195495
6929,13.451270
6930,13.334573
6931,15.970155
6932,10.790911
6933,13.262412
6934,13.194244
6935,13.423270
6936,13.331477
6937,13.239578
6938,13.429028
6939,15.997676
6940,10.570345
6941,13.487403
6942,13.288416
6943,13.245606
6944,13.421581
6945,13.412542
6946,13.160979
6947,16.253732
6948,10.549845
6949,13.222984
6950,13.413472
6951,13.506494
6952,13.042362
6953,13.565647
6954,13.450803
6955,15.816900
6956,10.612021
6957,13.339801
6958,13.232981
6959,13.418484
6960,13.368525
6961,13.196481
6962,13.595723
6963,15.889956
6964,10.533157
6965,13.457562
6966,13.343963
6967,13.224213
6968,13.420473
6969,13.306344
6970,13.235477
6971,16.154795
6972,10.637315
6973,13.224111
6974,13.434770
6975,13.331890
6976,13.234242
6977,13.463942
6978,13.296106
6979,15.998636
6980,10.660075
6981,13.347643
6982,13.232516
6983,13.455853
6984,13.308742
6985,13.251744
6986,13.432369
6987,16.185173
6988,10.384531
6989,13.455418
6990,13.292729
6991,13.247731
6992,13.470801
6993,13.319901
6994,13.204987
6995,16.202153
6996,10.601769
6997,13.203403
6998,13.450038
6999,13.297681
7000,13.280617
7001,13.376272
7002,13.390699
7003,15.906544
7004,10.697636
7005,13.412348
7006,13.178343
7007,13.456244
7008,13.332653
7009,13.216928
7010,13.463007
7011,16.092131
7012,10.488610
7013,13.425152
7014,13.363340
7015,13.257386
7016,13.399993
7017,13.333717
7018,13.223953
7019,16.169010
7020,10.567987
7021,13.278240
7022,13.399828
7023,13.331908
7024,13.245948
7025,13.452731
7026,13.338914
7027,15.760145
7028,11.093860
7029,13.125075
7030,13.244757
7031,13.453475
7032,13.300658
7033,13.238356
7034,13.431395
7035,15.824723
7036,10.752796
7037,13.440519
7038,13.300222
7039,13.263232
7040,13.435219
7041,13.312079
7042,13.232310
7043,15.829472
7044,10.902518
7045,13.258109
7046,13.401340
7047,13.340686
7048,13.256311
7049,13.403583
7050,13.375869
7051,15.661665
7052,10.966778
7053,13.343752
7054,13.248429
7055,13.413979
7056,13.346322
7057,13.236657
7058,13.413392
7059,15.704743
7060,10.886577
7061,13.440628
7062,13.295013
7063,13.281472
7064,13.383393
7065,13.351781
7066,13.232252
7067,15.867218
7068,10.961058
7069,13.168041
7070,13.476399
7071,13.370115
7072,13.164886
7073,13.473350
7074,13.350877
7075,15.562431
7076,11.195291
7077,13.190222
7078,13.231718
7079,13.440484
7080,13.307393
7081,13.255836
7082,13.419369
7083,15.712596
7084,10.912543
7085,13.379247
7086,13.390164
7087,13.211078
7088,13.408987
7089,13.309863
7090,13.263175
7091,15.788070
7092,11.045953
7093,13.175721
7094,13.437951
7095,13.519461
7096,13.045466
7097,13.404695
7098,13.336398
7099,15.650552
7100,11.053982
7101,13.480492
7102,13.121344
7103,13.403524
7104,13.352756
7105,13.231672
7106,13.396628
7107,15.743418
7108,10.840676
7109,13.456754
7110,13.296848
7111,13.264978
7112,13.521282
7113,13.503675
7114,13.031591
7115,16.140260
7116,10.684992
7117,13.118897
7118,13.546526
7119,13.338328
7120,13.159932
7121,13.411170
7122,13.418247
7123,15.862265
7124,10.721382
7125,13.321051
7126,13.259762
7127,13.519635
7128,13.324830
7129,13.179395
7130,13.480154
7131,16.135354
7132,10.435991
7133,13.316716
7134,13.377819
7135,13.235047
7136,13.414905
7137,13.443625
7138,13.175025
7139,16.142736
7140,10.544299
7141,13.271075
7142,13.436031
7143,13.378483
7144,13.175798
7145,13.438836
7146,13.338375
7147,16.025461
7148,10.673300
7149,13.298267
7150,13.225169
7151,13.442255
7152,13.392424
7153,13.149495
7154,13.455794
7155,15.995131
7156,10.603339
7157,13.454213
7158,13.279802
7159,13.216764
7160,13.479966
7161,13.288858
7162,13.235425
7163,16.009990
7164,10.730036
7165,13.243975
7166,13.467588
7167,13.339591
7168,13.187271
7169,13.470080
7170,13.365937
7171,15.633723
7172,10.924621
7173,13.414150
7174,13.215193
7175,13.396246
7176,13.403411
7177,13.212371
7178,13.642325
7179,15.544501
7180,10.825813
7181,13.425545
7182,13.319969
7183,13.200870
7184,13.501103
7185,13.281482
7186,13.228746
7187,15.853666
7188,10.975152
7189,13.188525
7190,13.428705
7191,13.369933
7192,13.190657
7193,13.407148
7194,13.318416
7195,15.879092
7196,10.782552
7197,13.365579
7198,13.242234
7199,13.406872
7200,13.327832
7201,13.263102
7202,13.404393
7203,15.780954
7204,10.806548
7205,13.420223
7206,13.316939
7207,13.266248
7208,13.429142
7209,13.308760
7210,13.296619
7211,16.387558
7212,10.304581
7213,13.281175
7214,13.405543
7215,13.313631
7216,13.265682
7217,13.424861
7218,13.334678
7219,15.688417
7220,10.965665
7221,13.342348
7222,13.260068
7223,13.406175
7224,13.333697
7225,13.239498
7226,13.418402
7227,15.734658
7228,10.849636
7229,13.428520
7230,13.325775
7231,13.248582
7232,13.431498
7233,13.445225
7234,13.125528
7235,15.928706
7236,10.887086
7237,13.195027
7238,13.486131
7239,13.262116
7240,13.246912
7241,13.410958
7242,13.341754
7243,15.642734
7244,11.002733
7245,13.345040
7246,13.254667
7247,13.407607
7248,13.337311
7249,13.259893
7250,13.425554
7251,15.791468
7252,10.782114
7253,13.430594
7254,13.340350
7255,13.247912
7256,13.411288
7257,13.343012
7258,13.251971
7259,15.957151
7260,10.788620
7261,13.258035
7262,13.444663
7263,13.328698
7264,13.214936
7265,13.416762
7266,13.327948
7267,16.058246
7268,10.623354
7269,13.338839
7270,13.249301
7271,13.414659
7272,13.332130
7273,13.266792
7274,13.431068
7275,15.752670
7276,10.793343
7277,13.415125
7278,13.344967
7279,13.252342
7280,13.451989
7281,13.273859
7282,13.263007
7283,15.871939
7284,10.839099
7285,13.292168
7286,13.419293
7287,13.329489
7288,13.238435
7289,13.447510
7290,13.316393
7291,15.792354
7292,10.855658
7293,13.330661
7294,13.249922
7295,13.414243
7296,13.366326
7297,13.249219
7298,13.427582
7299,15.780024
7300,10.782035
7301,13.440078
7302,13.334202
7303,13.239533
7304,13.386806
7305,13.356140
7306,13.226768
7307,15.797721
7308,10.973644
7309,13.254819
7310,13.436952
7311,13.296018
7312,13.263887
7313,13.394749
7314,13.316274
7315,15.703254
7316,10.972640
7317,13.374556
7318,13.232491
7319,13.444919
7320,13.285413
7321,13.267942
7322,13.399290
7323,15.788964
7324,10.791171
7325,13.394057
7326,13.375583
7327,13.256567
7328,13.429380
7329,13.342265
7330,13.248515
7331,15.851576
7332,10.860373
7333,13.264388
7334,13.389117
7335,13.342028
7336,13.252110
7337,13.443499
7338,13.324722
7339,15.637469
7340,11.000992
7341,13.341008
7342,13.265331
7343,13.409494
7344,13.311556
7345,13.289928
7346,13.434116
7347,15.690449
7348,10.848265
7349,13.450003
7350,13.343862
7351,13.238784
7352,13.414467
7353,13.346647
7354,13.243714
7355,16.271915
7356,10.465517
7357,13.261748
7358,13.396630
7359,13.309327
7360,13.286842
7361,13.390940
7362,13.369035
7363,16.010170
7364,10.671115
7365,13.281975
7366,13.267439
7367,13.400660
7368,13.327509
7369,13.260506
7370,13.430660
7371,15.691503
7372,10.880988
7373,13.415267
7374,13.358436
7375,13.257338
7376,13.451230
7377,13.295355
7378,13.254281
7379,15.777707
7380,10.955752
7381,13.253380
7382,13.439538
7383,13.338960
7384,13.224505
7385,13.439611
7386,13.331635
7387,15.916628
7388,10.738784
7389,13.337163
7390,13.236716
7391,14.332751
7392,12.419321
7393,13.253459
7394,13.437974
7395,17.248472
7396,9.337277
7397,13.428025
7398,13.302009
7399,13.243197
7400,13.395134
7401,13.357360
7402,13.260948
7403,15.826989
7404,10.917419
7405,13.254044
7406,13.423247
7407,13.325685
7408,13.249184
7409,13.432435
7410,13.324551
7411,16.006710
7412,10.653332
7413,13.318670
7414,13.262122
7415,13.448268
7416,13.308016
7417,13.238736
7418,13.379933
7419,15.720262
7420,10.868914
7421,13.406656
7422,13.330604
7423,13.288823
7424,13.455640
7425,13.311500
7426,13.238737
7427,15.806527
7428,10.957587
7429,13.242884
7430,13.478581
7431,13.296171
7432,13.227560
7433,13.451184
7434,13.306765
7435,15.684002
7436,11.000861
7437,13.352288
7438,13.189480
7439,13.442181
7440,13.315060
7441,13.231447
7442,13.417870
7443,15.803514
7444,10.798409
7445,13.436746
7446,13.278959
7447,13.248595
7448,13.446527
7449,13.327659
7450,13.242979
7451,15.815264
7452,10.927933
7453,13.262853
7454,13.456284
7455,13.292485
7456,13.245543
7457,13.454276
7458,13.293195
7459,15.621007
7460,11.074540
7461,13.413885
7462,13.156491
7463,13.452106
7464,13.278370
7465,13.244263
7466,13.511646
7467,15.784244
7468,10.713476
7469,13.461814
7470,13.280577
7471,13.271795
7472,13.409978
7473,13.389938
7474,13.237148
7475,15.815252
7476,10.899933
7477,13.247766
7478,13.439870
7479,13.316896
7480,13.253282
7481,13.412241
7482,13.335870
7483,15.671104
7484,10.977051
7485,13.350845
7486,13.248964
7487,13.439664
7488,13.318578
7489,13.246417
7490,13.425865
7491,15.999958
7492,10.567920
7493,13.433541
7494,13.323563
7495,13.238742
7496,13.427567
7497,13.308783
7498,13.254532
7499,16.101546
7500,10.665340
7501,13.255659
7502,13.430989
7503,13.292328
7504,13.256357
7505,13.408031
7506,13.325615
7507,15.641755
7508,11.042663
7509,13.305574
7510,13.266662
7511,13.461659
7512,13.283636
7513,13.266856
7514,13.478546
7515,15.637037
7516,10.879380
7517,13.410516
7518,13.326705
7519,13.264666
7520,13.405591
7521,13.332990
7522,13.249344
7523,15.804567
7524,10.946425
7525,13.271993
7526,13.474235
7527,13.268354
7528,13.239919
7529,13.421352
7530,13.322693
7531,15.637247
7532,11.065523
7533,13.353583
7534,13.201047
7535,13.403937
7536,13.319806
7537,13.266940
7538,13.442016
7539,15.707104
7540,10.853615
7541,13.420822
7542,13.319301
7543,13.253567
7544,13.422984
7545,13.336408
7546,13.250281
7547,15.840461
7548,10.966831
7549,13.204354
7550,13.397718
7551,13.358959
7552,13.279452
7553,13.391620
7554,13.352972
7555,15.977751
7556,10.747834
7557,13.285001
7558,13.233000
7559,13.402269
7560,13.331558
7561,13.248111
7562,13.417686
7563,16.229388
7564,10.386934
7565,13.423362
7566,13.333163
7567,13.223286
7568,13.428471
7569,13.422916
7570,13.151510
7571,15.816530
7572,10.927027
7573,13.255165
7574,13.479782
7575,13.330844
7576,13.264533
7577,13.354871
7578,13.327773
7579,15.943361
7580,10.738184
7581,13.329523
7582,13.233609
7583,13.445747
7584,13.315018
7585,13.262178
7586,13.401862
7587,15.764867
7588,10.824484
7589,13.365316
7590,13.335609
7591,13.264707
7592,13.439884
7593,13.323101
7594,13.244239
7595,15.786338
7596,10.942364
7597,13.282212
7598,13.403817
7599,13.354730
7600,13.222135
7601,13.485876
7602,13.306383
7603,15.591477
7604,11.036855
7605,13.355255
7606,13.259826
7607,13.419272
7608,13.347789
7609,13.295480
7610,13.383709
7611,16.130593
7612,10.419492
7613,13.487193
7614,13.253987
7615,13.255304
7616,13.482759
7617,13.263682
7618,13.249250
7619,15.891518
7620,10.851771
7621,13.246694
7622,13.446357
7623,13.286792
7624,13.250451
7625,13.434773
7626,13.313775
7627,15.635465
7628,11.029957
7629,13.346240
7630,13.239086
7631,13.404785
7632,13.386383
7633,13.203371
7634,13.413914
7635,15.850085
7636,10.738621
7637,13.417074
7638,13.352007
7639,13.240346
7640,13.446239
7641,13.308194
7642,13.260355
7643,15.887198
7644,10.835623
7645,13.272344
7646,13.412336
7647,13.327664
7648,13.258837
7649,13.405591
7650,13.389339
7651,16.033345
7652,10.639052
7653,13.288082
7654,13.251375
7655,13.398338
7656,13.342499
7657,13.261214
7658,13.430697
7659,16.073151
7660,10.564500
7661,13.337932
7662,13.441902
7663,13.198149
7664,13.439056
7665,13.252720
7666,13.286123
7667,16.173498
7668,10.570729
7669,13.308289
7670,13.409547
7671,13.328869
7672,13.211692
7673,13.444427
7674,13.306056
7675,15.932590
7676,10.817015
7677,13.249392
7678,13.261286
7679,13.466968
7680,13.354329
7681,13.199562
7682,13.454235
7683,16.002258
7684,10.541238
7685,13.396048
7686,13.339900
7687,13.285679
7688,13.412339
7689,13.321624
7690,13.221359
7691,16.215885
7692,10.562790
7693,13.233412
7694,13.459902
7695,13.308636
7696,13.227990
7697,13.453353
7698,13.280347
7699,15.886617
7700,11.159273
7701,13.316224
7702,12.874126
7703,13.443606
7704,13.372130
7705,13.214499
7706,13.404649
7707,15.840485
7708,10.743396
7709,13.483998
7710,13.270090
7711,13.255422
7712,13.429971
7713,13.333373
7714,13.268373
7715,16.178357
7716,10.546517
7717,13.278951
7718,13.435168
7719,13.329937
7720,13.187868
7721,13.478510
7722,13.291772
7723,15.979044
7724,10.702257
7725,13.343707
7726,13.253611
7727,13.383381
7728,13.329542
7729,13.238585
7730,13.572616
7731,15.826559
7732,10.628754
7733,13.410014
7734,13.321159
7735,13.247625
7736,13.457748
7737,13.298380
7738,13.241432
7739,16.001170
7740,10.742827
7741,13.255150
7742,13.430785
7743,13.417030
7744,13.148223
7745,13.445119
7746,13.308704
7747,16.101086
7748,10.575528
7749,13.324582
7750,13.258180
7751,13.425768
7752,13.363789
7753,13.193197
7754,13.428666
7755,16.024691
7756,10.542790
7757,13.442880
7758,13.309603
7759,13.239456
7760,13.478832
7761,13.252335
7762,13.294324
7763,16.155667
7764,10.569814
7765,13.250543
7766,13.472748
7767,13.271740
7768,13.279948
7769,13.439314
7770,13.301091
7771,16.041545
7772,10.635850
7773,13.349731
7774,13.306068
7775,13.375643
7776,13.304567
7777,13.285201
7778,13.386911
7779,15.788454
7780,10.783693
7781,13.417890
7782,13.319619
7783,13.299343
7784,13.393728
7785,13.309481
7786,13.262210
7787,16.155470
7788,10.599849
7789,13.257896
7790,13.428136
7791,13.304759
7792,13.259192
7793,13.499746
7794,13.262853
7795,16.009737
7796,10.643699
7797,13.336208
7798,13.231774
7799,13.480560
7800,13.275552
7801,13.241507
7802,13.431844
7803,16.110571
7804,10.473763
7805,13.423522
7806,13.313555
7807,13.252666
7808,13.442984
7809,13.328322
7810,13.239011
7811,15.934840
7812,10.819184
7813,13.243898
7814,13.426194
7815,13.318002
7816,13.247388
7817,13.450572
7818,13.307193
7819,15.710498
7820,10.996292
7821,13.310701
7822,13.231763
7823,13.405109
7824,13.354423
7825,13.223953
7826,13.433490
7827,16.153195
7828,10.412502
7829,13.435311
7830,13.354448
7831,13.213577
7832,13.458554
7833,13.295259
7834,13.287924
7835,16.144086
7836,10.581500
7837,13.245834
7838,13.422646
7839,13.315078
7840,13.251910
7841,13.426837
7842,13.331388
7843,15.925064
7844,10.744084
7845,13.335013
7846,13.263733
7847,13.407604
7848,13.337100
7849,13.223769
7850,13.481193
7851,16.212270
7852,10.381760
7853,13.382889
7854,13.325337
7855,13.239696
7856,13.440999
7857,13.334596
7858,13.233665
7859,16.399189
7860,10.330001
7861,13.247883
7862,13.427162
7863,13.340687
7864,13.238624
7865,13.422085
7866,13.333417
7867,16.045467
7868,10.615723
7869,13.359984
7870,13.308618
7871,13.386716
7872,13.357946
7873,13.477850
7874,13.799326
7875,16.102811
7876,9.895958
7877,13.424723
7878,13.323657
7879,13.246359
7880,13.430071
7881,13.326942
7882,13.238195
7883,16.225370
7884,10.518125
7885,13.247483
7886,13.444509
7887,13.315980
7888,13.260807
7889,13.442293
7890,13.336679
7891,16.043264
7892,10.607251
7893,13.323173
7894,13.254534
7895,13.551008
7896,13.204414
7897,13.234676
7898,13.441614
7899,16.043351
7900,10.506912
7901,13.445478
7902,13.319223
7903,13.233016
7904,13.456242
7905,13.334247
7906,13.220699
7907,16.454513
7908,10.298840
7909,13.302625
7910,13.371092
7911,13.319931
7912,13.228004
7913,13.430531
7914,13.446814
7915,16.050549
7916,10.500455
7917,13.411516
7918,13.187459
7919,13.453404
7920,13.311746
7921,13.271670
7922,13.417804
7923,15.648126
7924,10.847236
7925,13.408683
7926,13.406602
7927,13.233170
7928,13.441575
7929,13.325201
7930,13.237257
7931,16.257558
7932,10.580221
7933,13.213962
7934,13.391601
7935,13.379797
7936,13.208713
7937,13.471985
7938,13.302466
7939,15.835682
7940,10.775456
7941,13.311708
7942,13.289639
7943,13.404240
7944,13.312022
7945,13.262646
7946,13.504720
7947,15.970047
7948,10.503189
7949,13.440250
7950,13.328610
7951,13.249454
7952,13.420242
7953,13.423276
7954,13.150101
7955,16.271385
7956,10.469818
7957,13.255278
7958,13.432208
7959,13.399737
7960,13.171208
7961,13.443983
7962,13.331303
7963,16.033668
7964,10.674287
7965,13.249173
7966,13.253133
7967,13.533938
7968,13.236387
7969,13.232956
7970,13.438306
7971,16.067163
7972,10.540772
7973,13.394651
7974,13.336753
7975,13.223805
7976,13.481353
7977,13.288425
7978,13.238209
7979,16.176834
7980,10.574855
7981,13.257248
7982,13.477439
7983,13.320582
7984,13.205818
7985,13.418006
7986,13.342775
7987,16.060567
7988,10.715603
7989,13.265370
7990,13.215029
7991,13.392130
7992,13.327054
7993,13.257503
7994,13.419716
7995,16.146231
7996,10.428593
7997,13.424658
7998,13.344190
7999,13.251034
8000,13.405357
8001,13.331634
8002,13.280859
8003,16.207982
8004,10.521107
8005,13.242254
8006,13.428491
8007,13.323587
8008,13.260004
8009,13.473921
8010,13.332039
8011,15.795575
8012,10.810130
8013,13.373685
8014,13.201192
8015,13.453042
8016,13.297045
8017,13.282004
8018,13.399657
8019,16.199004
8020,10.365273
8021,13.439216
8022,13.342323
8023,13.243725
8024,13.466016
8025,13.243605
8026,13.276284
8027,15.808645
8028,10.908619
8029,13.260427
8030,13.402451
8031,13.336876
8032,13.267069
8033,13.429753
8034,13.400475
8035,15.944585
8036,10.632860
8037,13.329245
8038,13.249097
8039,13.426295
8040,13.399904
8041,13.191068
8042,13.451582
8043,15.776676
8044,10.741373
8045,13.443715
8046,13.370025
8047,13.196553
8048,13.445384
8049,13.295657
8050,13.261206
8051,15.838021
8052,10.936825
8053,13.213467
8054,13.450303
8055,13.357741
8056,13.208280
8057,13.462224
8058,13.334031
8059,15.652989
8060,10.953872
8061,13.340089
8062,13.272179
8063,13.414681
8064,13.324771
8065,13.239280
8066,13.415775
8067,15.761083
8068,10.831786
8069,13.445337
8070,13.343108
8071,13.217583
8072,13.417639
8073,13.336443
8074,13.249177
8075,15.904272
8076,10.855202
8077,13.235351
8078,13.423736
8079,13.345028
8080,13.251353
8081,13.430105
8082,13.335143
8083,15.635080
8084,11.000036
8085,13.357375
8086,13.234029
8087,13.432334
8088,13.334655
8089,13.231489
8090,13.412585
8091,15.847403
8092,10.737063
8093,13.433867
8094,13.326118
8095,13.240425
8096,13.448170
8097,13.336920
8098,13.240860
8099,16.207474
8100,10.523943
8101,13.263029
8102,13.411607
8103,13.348224
8104,13.245194
8105,13.415407
8106,13.304949
8107,15.705913
8108,10.955897
8109,13.342584
8110,13.250478
8111,13.426702
8112,13.323678
8113,13.267513
8114,13.423979
8115,16.001851
8116,10.556354
8117,13.447216
8118,13.323894
8119,13.242361
8120,13.416644
8121,13.326100
8122,13.253360
8123,16.245723
8124,10.493751
8125,13.248348
8126,13.419924
8127,13.336678
8128,13.245083
8129,13.456369
8130,13.295163
8131,15.690561
8132,11.010992
8133,13.301435
8134,13.253314
8135,13.433486
8136,13.324967
8137,13.235847
8138,13.425754
8139,15.747436
8140,10.828298
8141,13.421562
8142,13.346238
8143,13.228497
8144,13.448855
8145,13.337702
8146,13.228602
8147,15.950140
8148,10.802083
8149,13.255827
8150,13.401835
8151,13.339283
8152,13.242935
8153,13.466873
8154,13.323497
8155,15.619307
8156,11.459152
8157,13.004233
8158,13.221084
8159,13.415583
8160,13.341065
8161,13.236699
8162,13.408869
8163,15.732077
8164,10.856296
8165,13.446793
8166,13.320207
8167,13.236123
8168,13.429302
8169,13.329256
8170,13.250374
8171,15.787225
8172,10.940790
8173,13.257759
8174,13.394140
8175,13.348841
8176,13.256644
8177,13.405726
8178,13.346784
8179,15.658023
8180,11.063841
8181,13.270317
8182,13.264785
8183,13.407915
8184,13.345617
8185,13.249979
8186,13.411755
8187,15.712123
8188,10.880201
8189,13.393457
8190,13.347600
8191,13.251918
8192,13.415642
8193,13.333482
8194,13.263774
8195,17.708734
8196,9.080248
8197,13.219762
8198,13.427731
8199,13.332902
8200,13.247915
8201,13.433599
8202,13.320649
8203,15.675551
8204,10.987006
8205,13.336735
8206,13.236836
8207,13.413128
8208,13.337747
8209,13.247120
8210,13.432509
8211,15.872929
8212,10.693439
8213,13.447358
8214,13.311359
8215,13.236880
8216,13.438824
8217,13.348112
8218,13.221563
8219,17.690650
8220,9.117395
8221,13.199456
8222,13.421287
8223,13.331607
8224,13.248542
8225,13.446855
8226,13.368127
8227,15.579266
8228,11.009739
8229,13.355236
8230,13.249922
8231,13.413431
8232,13.333000
8233,13.234458
8234,13.433391
8235,16.091525
8236,10.493168
8237,13.422695
8238,13.357604
8239,13.212778
8240,13.451924
8241,13.295318
8242,13.252791
8243,15.896103
8244,10.846525
8245,13.234691
8246,13.446134
8247,13.317508
8248,13.262806
8249,13.423359
8250,13.318752
8251,16.039514
8252,10.773950
8253,13.216624
8254,13.221955
8255,13.426423
8256,13.318245
8257,13.245661
8258,13.477314
8259,15.865708
8260,10.675031
8261,13.440971
8262,13.333822
8263,13.217832
8264,13.437406
8265,13.326032
8266,13.249131
8267,16.191743
8268,10.612129
8269,13.192612
8270,13.422961
8271,13.334772
8272,13.246406
8273,13.430271
8274,13.314953
8275,15.955794
8276,10.695723
8277,13.358729
8278,13.240357
8279,13.447096
8280,13.319249
8281,13.232055
8282,13.427569
8283,16.050813
8284,10.526260
8285,13.467859
8286,13.289807
8287,13.239753
8288,13.447738
8289,13.301918
8290,13.232559
8291,16.066470
8292,10.794776
8293,13.145213
8294,13.435496
8295,13.332794
8296,13.249895
8297,13.418617
8298,13.332812
8299,15.657177
8300,10.985434
8301,13.358860
8302,13.233741
8303,13.442047
8304,13.310635
8305,13.250108
8306,13.433324
8307,15.770842
8308,10.882764
8309,13.359570
8310,13.308817
8311,13.246703
8312,13.425896
8313,13.354655
8314,13.221729
8315,15.871436
8316,10.872759
8317,13.268742
8318,13.373288
8319,13.393192
8320,13.216030
8321,13.437953
8322,13.323746
8323,15.621399
8324,11.012946
8325,13.374733
8326,13.292419
8327,13.409808
8328,13.360039
8329,13.220248
8330,13.435165
8331,16.010528
8332,10.556383
8333,13.475636
8334,13.284733
8335,13.253098
8336,13.506104
8337,13.304481
8338,13.198414
8339,16.139909
8340,10.598424
8341,13.245887
8342,13.492650
8343,13.252195
8344,13.247144
8345,13.403186
8346,13.338029
8347,15.648230
8348,11.017602
8349,13.333469
8350,13.253810
8351,13.441056
8352,13.326620
8353,13.241360
8354,13.435124
8355,15.988459
8356,10.571863
8357,13.445178
8358,13.284832
8359,13.268568
8360,13.442759
8361,13.305442
8362,13.248399
8363,15.915956
8364,10.834571
8365,13.242898
8366,13.464699
8367,13.275629
8368,13.248178
8369,13.426659
8370,13.319161
8371,15.662255
8372,11.008695
8373,13.329034
8374,13.260024
8375,13.409874
8376,13.333629
8377,13.271787
8378,13.440352
8379,16.076955
8380,10.503864
8381,13.430853
8382,13.323196
8383,13.245676
8384,13.413883
8385,13.335959
8386,13.250561
8387,16.165789
8388,10.646457
8389,13.187874
8390,13.413860
8391,13.363983
8392,13.220258
8393,13.416867
8394,13.386906
8395,15.859928
8396,10.830647
8397,13.316351
8398,13.208004
8399,13.384714
8400,13.331054
8401,13.263720
8402,13.428229
8403,16.022502
8404,10.564839
8405,13.438030
8406,13.305422
8407,13.305145
8408,13.377504
8409,13.315245
8410,13.324191
8411,15.703398
8412,10.934519
8413,13.293420
8414,13.408554
8415,13.314356
8416,13.285646
8417,13.399678
8418,13.324837
8419,15.940836
8420,10.731275
8421,13.337550
8422,13.263246
8423,13.369414
8424,13.352065
8425,13.271345
8426,13.458724
8427,15.743217
8428,10.773698
8429,13.435316
8430,13.318049
8431,13.250983
8432,13.405080
8433,13.354651
8434,13.250581
8435,16.169915
8436,10.615431
8437,13.210999
8438,13.473505
8439,13.275313
8440,13.236376
8441,13.412380
8442,13.351578
8443,15.847900
8444,10.801005
8445,13.364842
8446,13.270796
8447,13.449634
8448,13.294373
8449,13.246315
8450,13.417907
8451,15.692712
8452,10.905032
8453,13.414032
8454,13.418338
8455,13.173713
8456,13.434943
8457,13.292121
8458,13.274976
8459,16.159581
8460,10.564297
8461,13.225326
8462,13.447035
8463,13.437800
8464,13.201441
8465,13.417524
8466,13.341826
8467,15.940773
8468,10.686288
8469,13.319837
8470,13.292381
8471,13.498221
8472,13.220090
8473,13.234556
8474,13.469816
8475,16.074196
8476,10.482799
8477,13.537427
8478,13.236885
8479,13.185900
8480,13.599379
8481,13.284441
8482,13.234529
8483,16.238990
8484,10.557497
8485,13.206137
8486,13.435860
8487,13.335457
8488,13.248183
8489,13.432633
8490,13.273672
8491,15.962388
8492,10.767451
8493,13.473708
8494,13.056047
8495,13.461242
8496,13.320524
8497,13.253376
8498,13.425926
8499,16.071594
8500,10.454329
8501,13.509022
8502,13.279595
8503,13.236192
8504,13.484473
8505,13.281101
8506,13.236822
8507,16.100228
8508,10.665722
8509,13.221629
8510,13.422372
8511,13.339694
8512,13.235193
8513,13.398077
8514,13.338910
8515,16.107993
8516,10.626876
8517,13.311431
8518,13.229661
8519,13.437589
8520,13.321078
8521,13.224530
8522,13.454933
8523,16.095468
8524,10.430891
8525,13.461963
8526,13.303884
8527,13.243243
8528,13.489403
8529,13.288242
8530,13.257394
8531,16.118377
8532,10.635916
8533,13.227109
8534,13.417998
8535,13.363321
8536,13.206840
8537,13.536825
8538,13.301037
8539,15.550146
8540,11.020075
8541,13.343866
8542,13.248120
8543,13.442249
8544,13.388587
8545,13.174491
8546,13.405175
8547,16.180004
8548,10.415786
8549,13.408406
8550,13.410868
8551,13.193658
8552,13.442339
8553,13.312627
8554,13.245563
8555,16.016369
8556,10.736916
8557,13.259517
8558,13.406482
8559,13.334072
8560,13.278583
8561,13.354999
8562,13.326459
8563,15.676891
8564,11.007591
8565,13.321697
8566,13.262639
8567,13.455152
8568,13.304869
8569,13.241389
8570,13.423931
8571,15.814010
8572,10.759209
8573,13.473541
8574,13.281373
8575,13.286373
8576,13.395141
8577,13.335942
8578,13.240316
8579,15.830903
8580,10.906056
8581,13.266583
8582,13.450924
8583,13.315849
8584,13.246974
8585,13.470007
8586,13.251708
8587,15.631949
8588,11.059073
8589,13.338939
8590,13.235340
8591,13.436827
8592,13.336599
8593,13.270912
8594,13.391518
8595,16.091025
8596,10.462965
8597,13.482839
8598,13.578576
8599,12.986028
8600,13.393564
8601,13.323728
8602,13.248152
8603,16.385998
8604,10.399686
8605,13.343935
8606,13.307179
8607,13.353317
8608,13.216022
8609,13.409743
8610,13.376021
8611,16.126192
8612,10.634869
8613,13.212452
8614,13.234827
8615,13.618396
8616,13.334952
8617,13.220501
8618,13.434807
8619,16.198494
8620,10.360192
8621,13.443742
8622,13.337026
8623,13.216389
8624,13.457868
8625,13.317259
8626,13.257477
8627,16.125190
8628,10.577948
8629,13.308643
8630,13.375583
8631,13.461603
8632,13.130404
8633,13.412130
8634,13.351788
8635,16.105498
8636,10.537756
8637,13.348534
8638,13.540195
8639,13.417800
8640,13.321060
8641,13.243158
8642,13.562380
8643,16.526463
8644,10.415191
8645,13.464613
8646,13.310513
8647,13.279050
8648,13.398301
8649,13.322193
8650,13.265009
8651,15.749302
8652,10.927350
8653,13.295105
8654,13.426555
8655,13.347086
8656,13.237177
8657,13.385867
8658,13.398168
8659,16.001341
8660,10.669698
8661,13.308966
8662,13.225114
8663,13.462980
8664,13.296677
8665,13.285672
8666,13.396470
8667,16.061675
8668,10.494012
8669,13.445104
8670,13.336679
8671,13.244359
8672,13.636438
8673,13.095593
8674,13.252052
8675,16.265827
8676,10.473142
8677,13.365641
8678,13.441774
8679,13.315341
8680,13.147708
8681,13.421352
8682,13.379862
8683,15.888975
8684,10.714429
8685,13.404076
8686,13.190610
8687,13.403879
8688,13.357694
8689,13.245809
8690,13.423228
8691,16.138608
8692,10.425570
8693,13.418014
8694,13.359330
8695,13.224954
8696,13.448416
8697,13.328222
8698,13.241247
8699,16.096860
8700,10.644738
8701,13.256125
8702,13.411307
8703,13.344879
8704,13.232594
8705,13.423490
8706,13.312236
8707,15.910968
8708,10.756713
8709,13.362807
8710,13.234940
8711,13.440653
8712,13.356533
8713,13.211293
8714,13.419544
8715,16.081806
8716,10.500140
8717,13.455885
8718,13.282939
8719,13.260864
8720,13.421131
8721,13.348351
8722,13.227884
8723,16.130072
8724,10.630600
8725,13.237623
8726,13.459930
8727,13.354151
8728,13.195392
8729,13.456446
8730,13.396636
8731,15.902972
8732,10.633761
8733,13.377542
8734,13.279075
8735,13.466322
8736,13.237195
8737,13.235465
8738,13.441240
8739,15.765306
8740,10.792990
8741,13.457612
8742,13.331213
8743,13.215452
8744,13.424951
8745,13.345991
8746,13.237376
8747,16.320385
8748,10.425351
8749,13.241433
8750,13.491240
8751,13.265205
8752,13.237796
8753,13.445360
8754,13.292955
8755,15.637989
8756,11.014909
8757,13.332273
8758,13.276567
8759,13.392644
8760,13.345979
8761,13.235386
8762,13.454383
8763,16.066299
8764,10.499896
8765,13.466851
8766,13.319983
8767,13.241899
8768,13.431513
8769,13.312800
8770,13.250751
8771,16.201570
8772,10.601946
8773,13.233868
8774,13.425750
8775,13.289839
8776,13.246403
8777,13.474131
8778,13.273633
8779,15.950909
8780,10.767592
8781,13.675427
8782,12.836084
8783,13.493518
8784,13.246205
8785,13.281041
8786,13.456138
8787,15.793362
8788,10.766919
8789,13.415638
8790,13.312625
8791,13.360364
8792,13.338716
8793,13.315109
8794,13.222401
8795,16.136570
8796,10.648594
8797,13.245803
8798,13.530375
8799,13.252087
8800,13.225436
8801,13.478541
8802,13.260298
8803,16.095133
8804,10.592972
8805,13.302366
8806,13.256293
8807,13.491215
8808,13.297701
8809,13.604654
8810,13.161293
8811,16.035646
8812,10.527232
8813,13.448824
8814,13.328589
8815,13.259063
8816,13.370043
8817,13.341941
8818,13.239815
8819,15.873188
8820,10.875040
8821,13.236092
8822,13.439869
8823,13.341972
8824,13.221435
8825,13.398688
8826,13.325773
8827,16.047183
8828,10.641716
8829,13.428783
8830,13.165251
8831,13.423292
8832,13.368825
8833,13.215415
8834,13.543418
8835,15.879179
8836,10.596084
8837,13.377648
8838,13.370234
8839,13.228591
8840,13.497622
8841,13.299215
8842,13.212393
8843,16.192443
8844,10.505135
8845,13.279499
8846,13.424202
8847,13.328913
8848,13.241540
8849,13.423973
8850,13.357095
8851,15.821805
8852,10.793774
8853,13.373120
8854,13.285534
8855,13.612232
8856,13.219938
8857,13.189695
8858,13.357265
8859,15.732642
8860,10.862660
8861,13.523762
8862,13.216517
8863,13.246223
8864,13.409665
8865,13.305063
8866,13.267265
8867,15.823660
8868,10.919783
8869,13.267801
8870,13.461802
8871,13.327022
8872,13.263171
8873,13.379831
8874,13.361858
8875,15.914871
8876,10.805708
8877,13.261469
8878,13.232900
8879,13.433337
8880,13.330488
8881,13.211033
8882,14.100237
8883,15.628726
8884,10.825503
8885,13.424778
8886,13.333949
8887,13.253948
8888,13.422040
8889,13.354754
8890,13.243478
8891,15.863294
8892,10.868482
8893,13.241833
8894,13.413430
8895,13.366735
8896,13.239380
8897,13.492572
8898,13.299911
8899,15.648384
8900,10.951413
8901,13.381956
8902,13.229789
8903,13.440853
8904,13.332044
8905,13.241312
8906,13.421498
8907,16.010568
8908,10.532428
8909,13.441713
8910,13.317657
8911,13.238030
8912,13.432042
8913,13.357883
8914,13.245440
8915,15.904659
8916,11.336788
8917,13.319698
8918,12.979756
8919,13.364006
8920,13.225812
8921,13.411634
8922,13.319437
8923,17.794772
8924,8.847619
8925,13.353184
8926,13.260913
8927,13.434734
8928,13.332757
8929,13.227090
8930,13.515841
8931,16.082469
8932,10.374731
8933,13.468578
8934,13.336757
8935,13.230502
8936,13.431279
8937,13.322427
8938,13.224554
8939,16.216895
8940,10.589324
8941,13.213453
8942,13.415762
8943,13.333449
8944,13.250311
8945,13.427906
8946,13.330784
8947,15.635727
8948,10.964597
8949,13.331983
8950,13.283796
8951,13.444181
8952,13.319193
8953,13.252161
8954,13.401617
8955,15.797490
8956,10.757766
8957,13.470644
8958,13.323455
8959,13.246325
8960,13.442036
8961,13.323727
8962,13.233913
8963,16.219425
8964,10.530582
8965,13.262775
8966,13.407102
8967,13.369355
8968,13.220185
8969,13.431973
8970,13.339355
8971,15.779247
8972,10.853736
8973,13.357940
8974,13.241421
8975,13.404263
8976,13.329198
8977,13.254974
8978,13.412781
8979,15.795538
8980,10.769420
8981,13.453880
8982,13.339464
8983,13.242752
8984,13.402534
8985,13.317795
8986,13.256299
8987,16.217500
8988,10.533549
8989,13.267595
8990,13.386524
8991,13.347576
8992,13.268950
8993,13.420075
8994,13.328066
8995,15.771587
8996,10.896299
8997,13.337568
8998,13.244683
8999,13.414277
9000,13.330547
9001,13.260390
9002,13.474353
9003,15.743266
9004,10.763942
9005,13.448861
9006,13.313204
9007,13.250320
9008,13.404686
9009,13.329665
9010,13.270075
9011,15.958479
9012,10.783059
9013,13.265493
9014,13.425307
9015,13.320874
9016,13.252382
9017,13.417043
9018,13.326295
9019,15.670780
9020,10.960227
9021,13.327755
9022,13.265904
9023,13.424099
9024,13.323621
9025,13.255681
9026,13.442791
9027,16.056795
9028,10.501373
9029,13.438587
9030,13.310347
9031,13.269463
9032,13.412114
9033,13.307904
9034,13.260823
9035,15.942138
9036,10.795184
9037,13.270367
9038,13.439773
9039,13.313506
9040,13.252028
9041,13.425892
9042,13.342232
9043,15.678924
9044,11.082666
9045,13.240044
9046,13.233223
9047,13.412029
9048,13.349180
9049,13.253443
9050,13.417201
9051,15.835728
9052,10.729447
9053,13.406484
9054,13.356829
9055,13.268311
9056,13.411828
9057,13.335939
9058,13.223525
9059,15.861837
9060,10.861710
9061,13.272611
9062,13.413708
9063,13.334025
9064,13.268718
9065,13.401852
9066,13.344327
9067,16.016826
9068,10.658227
9069,13.308344
9070,13.243560
9071,13.411830
9072,13.362378
9073,13.258376
9074,13.410434
9075,15.745027
9076,10.814241
9077,13.433696
9078,13.338681
9079,13.263602
9080,13.389150
9081,13.320077
9082,13.282383
9083,15.789161
9084,10.947634
9085,13.272583
9086,13.423308
9087,13.332499
9088,13.266591
9089,13.400639
9090,13.330067
9091,15.657489
9092,11.016560
9093,13.327715
9094,13.246933
9095,13.399306
9096,13.326967
9097,13.254336
9098,13.448272
9099,15.917318
9100,10.632028
9101,13.417842
9102,13.333110
9103,13.245920
9104,13.416227
9105,13.320318
9106,13.254847
9107,15.829687
9108,10.953865
9109,13.243874
9110,13.423067
9111,13.329899
9112,13.238271
9113,13.442529
9114,13.332381
9115,15.648701
9116,11.021457
9117,13.324498
9118,13.225626
9119,13.429081
9120,13.342415
9121,13.240353
9122,13.409827
9123,15.697004
9124,10.886812
9125,13.407618
9126,13.338103
9127,13.264981
9128,13.429466
9129,13.323183
9130,13.256792
9131,15.878380
9132,10.934496
9133,13.188062
9134,13.419263
9135,13.335695
9136,13.233653
9137,13.429120
9138,13.318725
9139,16.001353
9140,10.669952
9141,13.372544
9142,13.216281
9143,13.426872
9144,13.333593
9145,13.234699
9146,13.424767
9147,16.066643
9148,10.510890
9149,13.441941
9150,13.315019
9151,13.231166
9152,13.413597
9153,13.346947
9154,13.254135
9155,15.784376
9156,10.955810
9157,13.243977
9158,13.406406
9159,13.364412
9160,13.231010
9161,13.412038
9162,13.316020
9163,15.653248
9164,11.016294
9165,13.353557
9166,13.246396
9167,13.422335
9168,13.327834
9169,13.256331
9170,13.416432
9171,15.804974
9172,10.775667
9173,13.425553
9174,13.299927
9175,13.271336
9176,13.413151
9177,13.322555
9178,13.261301
9179,15.780561
9180,11.025278
9181,13.193909
9182,13.417331
9183,13.310038
9184,13.272281
9185,13.411588
9186,13.319365
9187,15.635888
9188,11.051921
9189,13.318096
9190,13.262226
9191,13.430467
9192,13.342590
9193,13.232531
9194,13.429911
9195,15.775157
9196,10.787863
9197,13.418680
9198,13.336433
9199,13.249940
9200,13.415682
9201,13.368588
9202,13.216411
9203,15.818979
9204,10.927405
9205,13.265022
9206,13.402656
9207,13.330235
9208,13.266112
9209,13.404029
9210,13.332397
9211,15.655048
9212,11.017145
9213,13.315760
9214,13.293642
9215,13.418239
9216,13.332847
9217,13.229839
9218,13.412106
9219,15.784274
9220,10.809815
9221,13.396162
9222,13.339725
9223,13.258064
9224,13.397612
9225,13.356839
9226,13.251513
9227,15.796954
9228,11.005207
9229,13.188340
9230,13.458451
9231,13.315275
9232,13.237692
9233,13.395199
9234,13.345507
9235,15.647498
9236,11.018589
9237,13.364374
9238,13.230135
9239,13.403095
9240,13.322534
9241,13.259369
9242,13.441461
9243,16.013732
9244,10.569443
9245,13.432213
9246,13.294845
9247,13.256704
9248,13.432247
9249,13.336230
9250,13.268098
9251,16.086230
9252,10.690986
9253,13.208564
9254,13.428801
9255,13.288975
9256,13.262082
9257,13.430849
9258,13.333070
9259,15.650006
9260,11.022783
9261,13.320877
9262,13.245437
9263,13.427413
9264,13.328448
9265,13.256275
9266,13.432659
9267,16.064047
9268,10.535445
9269,13.417599
9270,13.298324
9271,13.264143
9272,13.453597
9273,13.278492
9274,13.252063
9275,15.903199
9276,10.890835
9277,13.221083
9278,13.409144
9279,13.351756
9280,13.238217
9281,13.408925
9282,13.333407
9283,15.987420
9284,10.689492
9285,13.325122
9286,13.240796
9287,13.416813
9288,13.411225
9289,13.146341
9290,13.489949
9291,16.082955
9292,10.472656
9293,13.506123
9294,13.342600
9295,13.119851
9296,13.430906
9297,13.329544
9298,13.241201
9299,15.988798
9300,10.864656
9301,13.143935
9302,13.467032
9303,13.265065
9304,13.293100
9305,13.399273
9306,13.331680
9307,15.659240
9308,10.997340
9309,13.336477
9310,13.250212
9311,13.418681
9312,13.339351
9313,13.245495
9314,13.415747
9315,16.091917
9316,10.486412
9317,13.430399
9318,13.325728
9319,13.263596
9320,13.419805
9321,13.307333
9322,13.277329
9323,16.136630
9324,10.590042
9325,13.262132
9326,13.414507
9327,13.318160
9328,13.279806
9329,13.515159
9330,13.243262
9331,15.909204
9332,10.730950
9333,13.338753
9334,13.272933
9335,13.400941
9336,13.323680
9337,13.264069
9338,13.415558
9339,15.762675
9340,10.793496
9341,13.421478
9342,13.316690
9343,13.257616
9344,13.417499
9345,13.328313
9346,13.249246
9347,15.889786
9348,10.859916
9349,13.253015
9350,13.517378
9351,13.217834
9352,13.262065
9353,13.409943
9354,13.323895
9355,15.680031
9356,11.015324
9357,13.325301
9358,13.271946
9359,13.431680
9360,13.414264
9361,13.156183
9362,13.449677
9363,16.084483
9364,10.476474
9365,13.432197
9366,13.365314
9367,13.180039
9368,13.445993
9369,13.443372
9370,13.130251
9371,16.227844
9372,10.603596
9373,13.182960
9374,13.401279
9375,13.380638
9376,13.204181
9377,13.479289
9378,13.322258
9379,16.033128
9380,10.663208
9381,13.260345
9382,13.302301
9383,13.340746
9384,13.325899
9385,13.308595
9386,13.455261
9387,15.629845
9388,10.902683
9389,13.381704
9390,13.401973
9391,13.235084
9392,13.363231
9393,13.332752
9394,13.259762
9395,16.104760
9396,10.646345
9397,13.324760
9398,13.343862
9399,13.326742
9400,13.358260
9401,13.306225
9402,13.339622
9403,15.996408
9404,10.713332
9405,13.373214
9406,13.184933
9407,13.414665
9408,13.406640
9409,13.138164
9410,13.427855
9411,15.806876
9412,10.784983
9413,13.441778
9414,13.349606
9415,13.275709
9416,13.387110
9417,13.357204
9418,13.237720
9419,16.073422
9420,10.762768
9421,13.135082
9422,13.404253
9423,13.333945
9424,13.238165
9425,13.490170
9426,13.294076
9427,15.611023
9428,11.030827
9429,13.383358
9430,13.209564
9431,13.424793
9432,13.331448
9433,13.236672
9434,13.452096
9435,15.771472
9436,10.784481
9437,13.462662
9438,13.273021
9439,13.281576
9440,13.383511
9441,13.334813
9442,13.262651
9443,16.125695
9444,10.668046
9445,13.243468
9446,13.424400
9447,13.322654
9448,13.209089
9449,13.427439
9450,13.329168
9451,16.002729
9452,10.652019
9453,13.363016
9454,13.268939
9455,13.458294
9456,13.275814
9457,13.258154
9458,13.409545
9459,16.160397
9460,10.396903
9461,13.476308
9462,13.287076
9463,13.242709
9464,13.473601
9465,13.297665
9466,13.306755
9467,15.775176
9468,10.864343
9469,13.264734
9470,13.450760
9471,13.324689
9472,13.233195
9473,13.440942
9474,13.333748
9475,15.938856
9476,10.740609
9477,13.309401
9478,13.251681
9479,13.422855
9480,13.334484
9481,13.225722
9482,13.701639
9483,15.838487
9484,10.472585
9485,13.435794
9486,13.312274
9487,13.262589
9488,13.489950
9489,13.302043
9490,13.229494
9491,16.113797
9492,10.638656
9493,13.245785
9494,13.429919
9495,13.323933
9496,13.252142
9497,13.419267
9498,13.345780
9499,15.946822
9500,10.716614
9501,13.321995
9502,13.251009
9503,13.456222
9504,13.309104
9505,13.252805
9506,13.430271
9507,16.077310
9508,10.474436
9509,13.457942
9510,13.429270
9511,13.127406
9512,13.428390
9513,13.334878
9514,13.234016
9515,16.218740
9516,10.545663
9517,13.253155
9518,13.411226
9519,13.321117
9520,13.651930
9521,13.019828
9522,13.311262
9523,15.808568
9524,10.894462
9525,13.301047
9526,13.252070
9527,13.427529
9528,13.370428
9529,13.199786
9530,13.485315
9531,15.862972
9532,10.678365
9533,13.425194
9534,13.277892
9535,13.301726
9536,13.382699
9537,13.359560
9538,13.264241
9539,15.798403
9540,10.902689
9541,13.295233
9542,13.399550
9543,13.657609
9544,12.892962
9545,13.446421
9546,13.314725
9547,15.684109
9548,11.012152
9549,13.412108
9550,13.195192
9551,13.452939
9552,13.312788
9553,13.227393
9554,13.413918
9555,15.880957
9556,10.702788
9557,13.410572
9558,13.313799
9559,13.254840
9560,13.409672
9561,13.356546
9562,13.253074
9563,15.995938
9564,10.748608
9565,13.263660
9566,13.431104
9567,13.308876
9568,13.262059
9569,13.409097
9570,13.348535
9571,15.977599
9572,10.629766
9573,13.336572
9574,13.277580
9575,13.591529
9576,13.386238
9577,13.019831
9578,13.446711
9579,16.211639
9580,10.501818
9581,13.292858
9582,13.572843
9583,13.184531
9584,13.254917
9585,13.383783
9586,13.164714
9587,16.235889
9588,10.527077
9589,13.231924
9590,13.760767
9591,13.009656
9592,13.247353
9593,13.425921
9594,13.310230
9595,15.642781
9596,11.827457
9597,12.837658
9598,12.945203
9599,13.468931
9600,13.284972
9601,13.242289
9602,13.452369
9603,16.100927
9604,10.437467
9605,13.445023
9606,13.319788
9607,13.249083
9608,13.449880
9609,13.290976
9610,13.260524
9611,15.921031
9612,10.841965
9613,13.202606
9614,13.414040
9615,13.358658
9616,13.263017
9617,13.396191
9618,13.323873
9619,15.656437
9620,10.998088
9621,13.366172
9622,13.252640
9623,13.432252
9624,13.315080
9625,13.253403
9626,13.418011
9627,16.058542
9628,10.511874
9629,13.459404
9630,13.343229
9631,13.204975
9632,13.420221
9633,13.408518
9634,13.192888
9635,16.273312
9636,10.474894
9637,13.238703
9638,13.448728
9639,13.299629
9640,13.247031
9641,13.480166
9642,13.419971
9643,16.024043
9644,11.918204
9645,11.898497
9646,13.268498
9647,13.451928
9648,13.391647
9649,13.137670
9650,13.480228
9651,16.262240
9652,10.269782
9653,13.493519
9654,13.297466
9655,13.206669
9656,13.425102
9657,13.385630
9658,13.180964
9659,16.072147
9660,10.663342
9661,13.300550
9662,13.468379
9663,13.221038
9664,13.261746
9665,13.526570
9666,13.339201
9667,15.605160
9668,10.939603
9669,14.316564
9670,12.291953
9671,13.476018
9672,13.283194
9673,13.228759
9674,13.401424
9675,15.860156
9676,10.728547
9677,13.430008
9678,13.342513
9679,13.253578
9680,13.391748
9681,13.316663
9682,13.286398
9683,16.239385
9684,10.506476
9685,13.278313
9686,13.429066
9687,13.295228
9688,13.317505
9689,13.898049
9690,12.835638
9691,16.052370
9692,10.613297
9693,13.296506
9694,13.250451
9695,13.415370
9696,13.336001
9697,13.295250
9698,13.360635
9699,15.759094
9700,10.852024
9701,13.461434
9702,13.293229
9703,13.264308
9704,13.439288
9705,13.265544
9706,13.233339
9707,16.229277
9708,10.533592
9709,13.245966
9710,13.455078
9711,13.324332
9712,13.234404
9713,13.424612
9714,13.352157
9715,15.908089
9716,10.720529
9717,13.669253
9718,12.955779
9719,13.611766
9720,13.248167
9721,13.143498
9722,13.442102
9723,16.077710
9724,10.467839
9725,13.440121
9726,13.328295
9727,13.266674
9728,13.474199
9729,13.276739
9730,13.268500
9731,16.222280
9732,10.624363
9733,13.148176
9734,13.438115
9735,13.328040
9736,13.220774
9737,13.435936
9738,13.308512
9739,15.627367
9740,11.038285
9741,13.351961
9742,13.232512
9743,13.427639
9744,13.336082
9745,13.261570
9746,13.383171
9747,15.728470
9748,10.872136
9749,13.441408
9750,13.328725
9751,13.229999
9752,13.438378
9753,13.313652
9754,13.248438
9755,16.265780
9756,10.491275
9757,13.234894
9758,13.436285
9759,13.336459
9760,13.234630
9761,13.406202
9762,13.533700
9763,15.549742
9764,10.972093
9765,13.290765
9766,13.263497
9767,13.438308
9768,13.301419
9769,13.241230
9770,13.424384
9771,16.127268
9772,10.473023
9773,13.433952
9774,13.310952
9775,13.264416
9776,13.422704
9777,13.303672
9778,13.257329
9779,16.208437
9780,10.534741
9781,13.244072
9782,13.428379
9783,13.356698
9784,13.208341
9785,13.411879
9786,13.381167
9787,18.469277
9788,9.183230
9789,13.187087
9790,13.313761
9791,13.558115
9792,13.181381
9793,12.895544
9794,13.752636
9795,16.322658
9796,9.889138
9797,14.518614
9798,13.515123
9799,12.679264
9800,13.820083
9801,13.358344
9802,13.009803
9803,16.111741
9804,10.428529
9805,13.266053
9806,13.753245
9807,13.418894
9808,12.819872
9809,13.755664
9810,13.551860
9811,15.162514
9812,11.436195
9813,13.319347
9814,12.805926
9815,13.432015
9816,13.322333
9817,13.230848
9818,13.418401
9819,15.729835
9820,10.808890
9821,13.444260
9822,13.344449
9823,13.223844
9824,13.440675
9825,13.348510
9826,13.224457
9827,16.110750
9828,10.767814
9829,13.139702
9830,13.383044
9831,13.353107
9832,13.236363
9833,13.441132
9834,13.334462
9835,15.629313
9836,11.070128
9837,13.322590
9838,13.217082
9839,13.448917
9840,13.309607
9841,13.223167
9842,13.411897
9843,15.813798
9844,10.772283
9845,13.437840
9846,13.324622
9847,13.236453
9848,13.471597
9849,13.317669
9850,13.234724
9851,16.768409
9852,10.003495
9853,13.236317
9854,13.426138
9855,13.341709
9856,13.219430
9857,13.424521
9858,13.332767
9859,15.737135
9860,10.930354
9861,13.333770
9862,13.250480
9863,13.424632
9864,13.333595
9865,13.229561
9866,13.442863
9867,16.091504
9868,10.531515
9869,13.392930
9870,13.324486
9871,13.248489
9872,13.419257
9873,13.328048
9874,13.218911
9875,15.798872
9876,10.947663
9877,13.259276
9878,13.444996
9879,13.330925
9880,13.255912
9881,13.404470
9882,13.349504
9883,15.762768
9884,10.896054
9885,13.363667
9886,13.218139
9887,13.475669
9888,13.382165
9889,13.129329
9890,13.428863
9891,16.148234
9892,10.401052
9893,13.593896
9894,13.246183
9895,13.174637
9896,13.587707
9897,13.216360
9898,13.189629
9899,15.937511
9900,10.941821
9901,13.138452
9902,13.439464
9903,13.306433
9904,13.231467
9905,13.397429
9906,13.330532
9907,16.030219
9908,10.799367
9909,13.212239
9910,13.253196
9911,13.454101
9912,13.353679
9913,13.193323
9914,13.565474
9915,15.568390
9916,10.840697
9917,13.413925
9918,13.332843
9919,13.269899
9920,13.392707
9921,13.342009
9922,13.261682
9923,15.873700
9924,10.855593
9925,13.260638
9926,13.421461
9927,13.348851
9928,13.246830
9929,13.420185
9930,13.328410
9931,15.660988
9932,11.003662
9933,13.447420
9934,13.152533
9935,13.432266
9936,13.325051
9937,13.249128
9938,13.437477
9939,15.729658
9940,10.795350
9941,13.451903
9942,13.334657
9943,13.245010
9944,13.434193
9945,13.324827
9946,13.243756
9947,15.800583
9948,10.920787
9949,13.254025
9950,13.448229
9951,13.336536
9952,13.229778
9953,13.433557
9954,13.316061
9955,15.685801
9956,11.004411
9957,13.323785
9958,13.241774
9959,13.425880
9960,13.333611
9961,13.239496
9962,13.418810
9963,15.727177
9964,10.836476
9965,13.432472
9966,13.351090
9967,13.229772
9968,13.424256
9969,13.332835
9970,13.240639
9971,15.840799
9972,10.936135
9973,13.232644
9974,13.429242
9975,13.340195
9976,13.233671
9977,13.417613
9978,13.328089
9979,15.693301
9980,10.972015
9981,13.335317
9982,13.233048
9983,13.436583
9984,13.334382
9985,13.250199
9986,13.418243
9987,16.031119
9988,10.550369
9989,13.440386
9990,13.311510
9991,13.247495
9992,13.425382
9993,13.324185
9994,13.246938
9995,16.057219
9996,10.687646
9997,13.265511
9998,13.398139
9999,13.327900
10000,13.276098
10001,13.402367
10002,13.335936
10003,15.704702
10004,11.029477
10005,13.270498
10006,13.238477
10007,13.482898
10008,13.270444
10009,13.234792
10010,13.447508
10011,15.753436
10012,10.800841
10013,13.442855
10014,13.307676
10015,13.250710
10016,13.427445
10017,13.349977
10018,13.232512
10019,15.853911
10020,10.911383
10021,13.214564
10022,13.419415
10023,13.327808
10024,13.251193
10025,13.448375
10026,13.341091
10027,15.696005
10028,10.963654
10029,13.331773
10030,13.238957
10031,13.414855
10032,13.330096
10033,13.256811
10034,13.429963
10035,16.012931
10036,10.557231
10037,13.430742
10038,13.321943
10039,13.229719
10040,13.447206
10041,13.344673
10042,13.209586
10043,15.970276
10044,10.794990
10045,13.243081
10046,13.467775
10047,13.336982
10048,13.213415
10049,13.427578
10050,13.398725
10051,15.960826
10052,10.649281
10053,13.335508
10054,13.231903
10055,13.420226
10056,13.336825
10057,13.249444
10058,13.417975
10059,15.707302
10060,10.865439
10061,13.431831
10062,13.324853
10063,13.231146
10064,13.451328
10065,13.315728
10066,13.253017
10067,15.782045
10068,10.943855
10069,13.265198
10070,13.436231
10071,13.335225
10072,13.241193
10073,13.428827
10074,13.321680
10075,15.697896
10076,10.948869
10077,13.334110
10078,13.268506
10079,13.421904
10080,13.334559
10081,13.240720
10082,13.441008
10083,15.703025
10084,10.919381
10085,13.378375
10086,13.313094
10087,13.262868
10088,13.422809
10089,13.328313
10090,13.235799
10091,15.851638
10092,10.943034
10093,13.213073
10094,13.436757
10095,13.335644
10096,13.236131
10097,13.427613
10098,13.330152
10099,15.964508
10100,10.771435
10101,13.281810
10102,13.990075
10103,12.616835
10104,13.323599
10105,13.269419
10106,13.400543
10107,15.729797
10108,10.923250
10109,13.363630
10110,13.335569
10111,13.261177
10112,13.422035
10113,13.329439
10114,13.226839
10115,16.122519
10116,10.729941
10117,13.169103
10118,13.402548
10119,13.338434
10120,13.242337
10121,13.399448
10122,13.346420
10123,16.048951
10124,10.747253
10125,13.232953
10126,13.241415
10127,13.435023
10128,13.338260
10129,13.211613
10130,13.544520
10131,16.068859
10132,10.404890
10133,13.412957
10134,13.333695
10135,13.258497
10136,13.427221
10137,13.320120
10138,13.251007
10139,15.799385
10140,10.962211
10141,13.236088
10142,13.401426
10143,13.331190
10144,13.272650
10145,13.403302
10146,13.322158
10147,15.744738
10148,10.989899
10149,13.266350
10150,13.261763
10151,13.413704
10152,13.334449
10153,13.256453
10154,13.425689
10155,15.808445
10156,10.900115
10157,13.398500
10158,13.239719
10159,13.220240
10160,13.448615
10161,13.407530
10162,13.155533
10163,15.850542
10164,11.023285
10165,13.128111
10166,13.433752
10167,13.323481
10168,13.237476
10169,13.517627
10170,13.272968
10171,15.899979
10172,10.825227
10173,13.246386
10174,13.245060
10175,13.432409
10176,13.388605
10177,13.177788
10178,13.433253
10179,16.044106
10180,10.586190
10181,13.378686
10182,13.312394
10183,13.233882
10184,13.450541
10185,13.934034
10186,12.680973
10187,16.183214
10188,10.669768
10189,13.145326
10190,13.419664
10191,13.343584
10192,13.234621
10193,13.418295
10194,13.404886
10195,15.852761
10196,10.766873
10197,13.325437
10198,13.230098
10199,13.562201
10200,13.327054
10201,13.094975
10202,13.452285
10203,15.714073
10204,10.839406
10205,13.398836
10206,13.383256
10207,13.205564
10208,13.408488
10209,13.350847
10210,13.260521
10211,15.879218
10212,10.887657
10213,13.237374
10214,13.443336
10215,13.311558
10216,13.252213
10217,13.437252
10218,13.358649
10219,15.958755
10220,10.664550
10221,13.340404
10222,13.239628
10223,13.421780
10224,13.322176
10225,13.256913
10226,13.445392
10227,16.143468
10228,10.412792
10229,13.420769
10230,13.364656
10231,13.221945
10232,13.477750
10233,13.274371
10234,13.253469
10235,15.898203
10236,10.879443
10237,13.212410
10238,13.502085
10239,13.259088
10240,13.247726
10241,13.421324
10242,13.309879
10243,15.725347
10244,10.994509
10245,13.286000
10246,13.238437
10247,13.437384
10248,13.359214
10249,13.204984
10250,13.509063
10251,15.814076
10252,10.666353
10253,13.482781
10254,13.318839
10255,13.241653
10256,13.454478
10257,13.296946
10258,13.214573
10259,15.856678
10260,10.910125
10261,13.237821
10262,13.461559
10263,13.375166
10264,13.166497
10265,13.424927
10266,13.338783
10267,16.042552
10268,10.768535
10269,13.308434
10270,13.144570
10271,13.584489
10272,13.165835
10273,13.221587
10274,13.562158
10275,16.080014
10276,10.398663
10277,13.474838
10278,13.269941
10279,13.222886
10280,13.502397
10281,13.308110
10282,13.213696
10283,16.129724
10284,10.665445
10285,13.236924
10286,13.533460
10287,13.230125
10288,13.199847
10289,13.442958
10290,13.426922
10291,15.662071
10292,10.912330
10293,13.281566
10294,13.263375
10295,13.451882
10296,13.356701
10297,13.197283
10298,13.443779
10299,16.018772
10300,10.525551
10301,13.479619
10302,13.336819
10303,13.225782
10304,13.439767
10305,13.301274
10306,13.247086
10307,16.208715
10308,10.557385
10309,13.215206
10310,13.503796
10311,13.537877
10312,12.946389
10313,13.453928
10314,13.350786
10315,15.894865
10316,10.809161
10317,13.286983
10318,13.247595
10319,13.416013
10320,13.361120
10321,13.190584
10322,13.452655
10323,16.262786
10324,10.305662
10325,13.459153
10326,13.300692
10327,13.213734
10328,13.504892
10329,13.358933
10330,13.185107
10331,16.360854
10332,10.505451
10333,13.120270
10334,13.485764
10335,13.284879
10336,13.229378
10337,13.442473
10338,13.398715
10339,15.879413
10340,10.801269
10341,13.326601
10342,13.141801
10343,13.515690
10344,13.291466
10345,13.214210
10346,13.453639
10347,16.022895
10348,10.538338
10349,13.395573
10350,13.320253
10351,13.236966
10352,13.435205
10353,13.388301
10354,13.167608
10355,16.148157
10356,10.732728
10357,13.135342
10358,13.444149
10359,13.355350
10360,13.184593
10361,13.462199
10362,13.310273
10363,16.029506
10364,10.751197
10365,13.232466
10366,13.232744
10367,13.464480
10368,13.295776
10369,13.227797
10370,13.512634
10371,16.046497
10372,10.499869
10373,13.419470
10374,13.328947
10375,13.223740
10376,13.433025
10377,13.303223
10378,13.236538
10379,16.176031
10380,10.611959
10381,13.238290
10382,13.408677
10383,13.327838
10384,13.245651
10385,13.478493
10386,13.304961
10387,15.984372
10388,10.710153
10389,13.307275
10390,13.191298
10391,13.484698
10392,13.314210
10393,13.216502
10394,13.491085
10395,15.931044
10396,10.617343
10397,13.433937
10398,13.317444
10399,13.236979
10400,13.439528
10401,13.312642
10402,13.275801
10403,16.206503
10404,10.575526
10405,13.166957
10406,13.474200
10407,13.298527
10408,13.237199
10409,13.445865
10410,13.348698
10411,15.938709
10412,10.729255
10413,13.301642
10414,13.297754
10415,13.532777
10416,13.203142
10417,13.199625
10418,13.480386
10419,15.687170
10420,10.805467
10421,13.471550
10422,13.349520
10423,13.198401
10424,13.476402
10425,13.342137
10426,13.193890
10427,16.325563
10428,10.432511
10429,13.234095
10430,13.472618
10431,13.301560
10432,13.250457
10433,13.407033
10434,13.326960
10435,15.652641
10436,11.022250
10437,13.304733
10438,13.215856
10439,13.462396
10440,13.296278
10441,13.267619
10442,13.462222
10443,15.966252
10444,10.595901
10445,13.474078
10446,13.319168
10447,13.267312
10448,13.448198
10449,13.276218
10450,13.231021
10451,16.415049
10452,10.372153
10453,13.226456
10454,13.454019
10455,13.364795
10456,13.218837
10457,13.445218
10458,13.328589
10459,16.113442
10460,10.575198
10461,13.400159
10462,13.116702
10463,13.503023
10464,13.269093
10465,13.228012
10466,13.577806
10467,16.202781
10468,10.210027
10469,13.426357
10470,13.370438
10471,13.271363
10472,13.416208
10473,13.343517
10474,13.229721
10475,16.162973
10476,10.547771
10477,13.207113
10478,13.445076
10479,13.368652
10480,13.205958
10481,13.485113
10482,13.282785
10483,15.897489
10484,10.778043
10485,13.347496
10486,13.204164
10487,13.426750
10488,13.756904
10489,12.846357
10490,13.402695
10491,16.161959
10492,10.382808
10493,13.450941
10494,13.347103
10495,13.235251
10496,13.634100
10497,13.085746
10498,13.276288
10499,16.172341
10500,10.598042
10501,13.209905
10502,13.484235
10503,13.350552
10504,13.188551
10505,13.494400
10506,13.356958
10507,15.903178
10508,10.778136
10509,13.224615
10510,13.257626
10511,13.445956
10512,13.309669
10513,13.244593
10514,13.440067
10515,16.192593
10516,10.377439
10517,13.456383
10518,13.283335
10519,13.246214
10520,13.452839
10521,13.379923
10522,13.182285
10523,16.051457
10524,10.748349
10525,13.358516
10526,13.369775
10527,13.236512
10528,13.243069
10529,13.463117
10530,13.313623
10531,15.958469
10532,10.751828
10533,13.314358
10534,13.221889
10535,13.459334
10536,13.334744
10537,13.211699
10538,13.453488
10539,16.157085
10540,10.377894
10541,13.489743
10542,13.301539
10543,13.270058
10544,13.411791
10545,13.349698
10546,13.178168
10547,16.370925
10548,10.410587
10549,13.212412
10550,13.442185
10551,13.356712
10552,13.213502
10553,13.518857
10554,13.256678
10555,15.986609
10556,10.751856
10557,13.250242
10558,13.257006
10559,13.458774
10560,13.400462
10561,13.113246
10562,13.488133
10563,16.031817
10564,10.466573
10565,13.471427
10566,13.314204
10567,13.239343
10568,13.446557
10569,13.300907
10570,13.250259
10571,16.218038
10572,10.552805
10573,13.211829
10574,13.437278
10575,13.352340
10576,13.250867
10577,13.453741
10578,13.360747
10579,15.848770
10580,10.745385
10581,13.359709
10582,13.246324
10583,13.429028
10584,13.337981
10585,13.190691
10586,13.454186
10587,16.186248
10588,10.346616
10589,13.478704
10590,13.333705
10591,13.224147
10592,13.423050
10593,13.453106
10594,13.148445
10595,16.121613
10596,10.613362
10597,13.212988
10598,13.430805
10599,13.418014
10600,13.184256
10601,13.465561
10602,13.274304
10603,15.995751
10604,10.672345
10605,13.398971
10606,13.190023
10607,13.454583
10608,13.296755
10609,13.234047
10610,13.780380
10611,15.690182
10612,10.529648
10613,13.442504
10614,13.369567
10615,13.269232
10616,13.400027
10617,13.321208
10618,13.230421
10619,16.198314
10620,10.528724
10621,13.271421
10622,13.425272
10623,13.355596
10624,13.229845
10625,13.444285
10626,13.415084
10627,15.841694
10628,10.681166
10629,13.393945
10630,13.215284
10631,13.459338
10632,13.297029
10633,13.220354
10634,13.646551
10635,15.839762
10636,10.501854
10637,13.444608
10638,13.290797
10639,13.279364
10640,13.410697
10641,13.311719
10642,13.254266
10643,15.789688
10644,10.935907
10645,13.260962
10646,13.442287
10647,13.330362
10648,13.216683
10649,13.449543
10650,13.307173
10651,15.686538
10652,10.988585
10653,13.314302
10654,13.256889
10655,13.470118
10656,13.292825
10657,13.271103
10658,13.503614
10659,15.987452
10660,10.490783
10661,13.496294
10662,13.350599
10663,13.270307
10664,13.386423
10665,13.334395
10666,13.307453
10667,16.091250
10668,10.596801
10669,13.304473
10670,13.394047
10671,13.333711
10672,13.196414
10673,13.477399
10674,13.324125
10675,16.061985
10676,10.636933
10677,13.279069
10678,13.254829
10679,13.429667
10680,13.290432
10681,13.255314
10682,13.524018
10683,15.994272
10684,10.477123
10685,13.523543
10686,13.264793
10687,13.270093
10688,13.399942
10689,13.292124
10690,13.233739
10691,15.883247
10692,10.876679
10693,13.244194
10694,13.445697
10695,13.327311
10696,13.240311
10697,13.418231
10698,13.327624
10699,15.636533
10700,11.044425
10701,13.327960
10702,13.224947
10703,13.444192
10704,13.310722
10705,13.276979
10706,13.455689
10707,15.782084
10708,10.740518
10709,13.412302
10710,13.321802
10711,13.271206
10712,13.414406
10713,13.333353
10714,13.255653
10715,15.789027
10716,11.050808
10717,13.158651
10718,13.438781
10719,13.312438
10720,13.246106
10721,13.630658
10722,13.226873
10723,15.874554
10724,10.759492
10725,13.365523
10726,13.236693
10727,13.398032
10728,13.338583
10729,13.235299
10730,13.448358
10731,16.033980
10732,10.518139
10733,13.445418
10734,13.333775
10735,13.233090
10736,13.435371
10737,13.315329
10738,13.261442
10739,15.786004
10740,10.936195
10741,13.259085
10742,13.411786
10743,13.341758
10744,13.252417
10745,13.420615
10746,13.322454
10747,15.636547
10748,11.018224
10749,13.327031
10750,13.266171
10751,13.425886
10752,13.343355
10753,13.243017
10754,13.421341
10755,15.720059
10756,10.845067
10757,13.427961
10758,13.326335
10759,13.255628
10760,13.422497
10761,13.360786
10762,13.232814
10763,15.802096
10764,10.905187
10765,13.261718
10766,13.430246
10767,13.326364
10768,13.249466
10769,13.427039
10770,13.343651
10771,15.811597
10772,10.835592
10773,13.326603
10774,13.266802
10775,13.433766
10776,13.345923
10777,13.236954
10778,14.277149
10779,14.909099
10780,10.796301
10781,13.439528
10782,13.316404
10783,13.253681
10784,13.460280
10785,13.331832
10786,13.228619
10787,15.867434
10788,10.849041
10789,13.243279
10790,13.428657
10791,13.347063
10792,13.229074
10793,13.443823
10794,13.338680
10795,15.614880
10796,11.043784
10797,13.401739
10798,13.180217
10799,13.444535
10800,13.329048
10801,13.236431
10802,13.442583
10803,15.807760
10804,10.722974
10805,13.401842
10806,13.366623
10807,13.297295
10808,13.371514
10809,13.332747
10810,13.250356
10811,15.805414
10812,10.943712
10813,13.239050
10814,13.424063
10815,13.323201
10816,13.255980
10817,13.431092
10818,13.332194
10819,15.971868
10820,10.699940
10821,13.371161
10822,13.207070
10823,13.433432
10824,13.328499
10825,13.247044
10826,13.425804
10827,15.878222
10828,10.678228
10829,13.421737
10830,13.324075
10831,13.266101
10832,13.428872
10833,13.322419
10834,13.231059
10835,15.808357
10836,10.937750
10837,13.249339
10838,13.421268
10839,13.328244
10840,13.250115
10841,13.423462
10842,13.313066
10843,15.646947
10844,11.037401
10845,13.330253
10846,13.265969
10847,13.394692
10848,13.418594
10849,13.186384
10850,13.417545
10851,15.704597
10852,10.865621
10853,13.414962
10854,13.332832
10855,13.265725
10856,13.412631
10857,13.346907
10858,13.224878
10859,15.773763
10860,10.960462
10861,13.254523
10862,13.426427
10863,13.319588
10864,13.260575
10865,13.412208
10866,13.363145
10867,15.603777
10868,11.021185
10869,13.337773
10870,13.250410
10871,13.427608
10872,13.336740
10873,13.239886
10874,13.416745
10875,15.754464
10876,10.840631
10877,13.411509
10878,13.326407
10879,13.245956
10880,13.412307
10881,13.341126
10882,13.261768
10883,15.916937
10884,10.847824
10885,13.236621
10886,13.419750
10887,13.309235
10888,13.267986
10889,13.395925
10890,13.330607
10891,15.659477
10892,11.051799
10893,13.354824
10894,13.203491
10895,13.410070
10896,13.383932
10897,13.213120
10898,13.398736
10899,15.806282
10900,10.796669
10901,13.431574
10902,13.336611
10903,13.243031
10904,13.425081
10905,13.316676
10906,13.262729
10907,15.783422
10908,10.931431
10909,13.253561
10910,13.424057
10911,13.326501
10912,13.243248
10913,13.430104
10914,13.316988
10915,15.676931
10916,11.055407
10917,13.296930
10918,13.254444
10919,13.510423
10920,13.252765
10921,13.206877
10922,13.465315
10923,15.709251
10924,10.824490
10925,13.504232
10926,13.322514
10927,13.190025
10928,13.428836
10929,13.350214
10930,13.229829
10931,15.991301
10932,10.818340
10933,13.218150
10934,13.444645
10935,13.359229
10936,13.194851
10937,13.451391
10938,13.397813
10939,15.762134
10940,10.834827
10941,13.310313
10942,13.226823
10943,13.437479
10944,13.380180
10945,13.187983
10946,13.449960
10947,15.977811
10948,10.633945
10949,13.349710
10950,13.342524
10951,13.285089
10952,13.411710
10953,13.343937
10954,13.194239
10955,15.810071
10956,10.939845
10957,13.269727
10958,13.418859
10959,13.335628
10960,13.254972
10961,13.442211
10962,13.321417
10963,15.973187
10964,10.680454
10965,13.328812
10966,13.259894
10967,13.423470
10968,13.317934
10969,13.256807
10970,13.444201
10971,16.048161
10972,10.505521
10973,13.388002
10974,13.297588
10975,13.297216
10976,13.437645
10977,13.334729
10978,13.255130
10979,16.493605
10980,10.218369
10981,13.244610
10982,13.428083
10983,13.335242
10984,13.270417
10985,13.420246
10986,13.320638
10987,15.625023
10988,11.076994
10989,13.336542
10990,13.214851
10991,13.464488
10992,13.327596
10993,13.203481
10994,13.457422
10995,15.778544
10996,10.747028
10997,13.456714
10998,13.339388
10999,13.207771
11000,13.487292
11001,13.285825
11002,13.231536
11003,16.292951
11004,10.479736
11005,13.292581
11006,13.444519
11007,13.281985
11008,13.228980
11009,13.422636
11010,13.303458
11011,15.657375
11012,11.058897
11013,13.281850
11014,13.246459
11015,13.399951
11016,13.401648
11017,13.205015
11018,13.389703
11019,15.779745
11020,10.831176
11021,13.411641
11022,13.396751
11023,13.220285
11024,13.380438
11025,13.373841
11026,13.194321
11027,15.891349
11028,10.868307
11029,13.241854
11030,13.441349
11031,13.348368
11032,13.201960
11033,13.444211
11034,13.324742
11035,15.609851
11036,11.065788
11037,13.320730
11038,13.269321
11039,13.385146
11040,13.353438
11041,13.240997
11042,13.400726
11043,15.693951
11044,10.889304
11045,13.411054
11046,13.329817
11047,13.260042
11048,13.401369
11049,13.340985
11050,13.262656
11051,15.798895
11052,11.000270
11053,13.258692
11054,13.405950
11055,13.294981
11056,13.295520
11057,13.371494
11058,13.331225
11059,15.831848
11060,10.862214
11061,13.424430
11062,13.135916
11063,14.499726
11064,12.401499
11065,13.239506
11066,13.405850
11067,15.757115
11068,10.790135
11069,13.442733
11070,13.414792
11071,13.172592
11072,13.455750
11073,13.358010
11074,13.197886
11075,15.894238
11076,10.869574
11077,13.223728
11078,13.445095
11079,13.692227
11080,12.841743
11081,13.493123
11082,13.709289
11083,15.207946
11084,11.447100
11085,13.245299
11086,12.934639
11087,13.772270
11088,13.025067
11089,13.161003
11090,13.512874
11091,15.673825
11092,10.815704
11093,13.433960
11094,13.374081
11095,13.219998
11096,13.396324
11097,13.375851
11098,13.234487
11099,15.783029
11100,10.959336
11101,13.213189
11102,13.426367
11103,13.371365
11104,13.243715
11105,13.469430
11106,13.379350
11107,15.489659
11108,11.218204
11109,13.480668
11110,12.910348
11111,13.738974
11112,13.310133
11113,12.966655
11114,13.630517
11115,16.128639
11116,10.275806
11117,13.401978
11118,13.371731
11119,13.217008
11120,13.423892
11121,13.384235
11122,13.196709
11123,15.826857
11124,10.902679
11125,13.257849
11126,13.416230
11127,13.357976
11128,13.211019
11129,13.454289
11130,13.329202
11131,15.672883
11132,10.973484
11133,13.290559
11134,13.294635
11135,13.492969
11136,13.680067
11137,12.830778
11138,13.827917
11139,15.707032
11140,10.499790
11141,13.749867
11142,13.234967
11143,12.985154
11144,13.768511
11145,12.992618
11146,13.228483
11147,15.827118
11148,10.911924
11149,13.241294
11150,13.504463
11151,13.475729
11152,13.054004
11153,13.736496
11154,13.351397
11155,15.281434
11156,11.462659
11157,13.315939
11158,12.846604
11159,13.832538
11160,13.256471
11161,12.912415
11162,13.428770
11163,15.706774
11164,10.829188
11165,13.756206
11166,13.435975
11167,12.829474
11168,13.738850
11169,13.361437
11170,12.873500
11171,15.842420
11172,10.939400
11173,13.267030
11174,13.366861
11175,13.346868
11176,13.275354
11177,13.408712
11178,13.315465
11179,15.775626
11180,10.924492
11181,13.297346
11182,13.244382
11183,13.432455
11184,13.340307
11185,13.230012
11186,13.406057
11187,15.740582
11188,10.869409
11189,13.428725
11190,13.333636
11191,13.246849
11192,13.400794
11193,13.339949
11194,13.260590
11195,15.861513
11196,11.263120
11197,13.362597
11198,13.255378
11199,13.384211
11200,13.352326
11201,13.235900
11202,13.467696
11203,15.992749
11204,10.524059
11205,13.437771
11206,13.368137
11207,13.230627
11208,13.422946
11209,13.310631
11210,13.274225
11211,16.106193
11212,10.596711
11213,13.241932
11214,13.462455
11215,13.318326
11216,13.235773
11217,13.471723
11218,13.288859
11219,16.052550
11220,10.615996
11221,13.350689
11222,13.210784
11223,13.442849
11224,13.398358
11225,13.217879
11226,13.392305
11227,16.080480
11228,10.460321
11229,13.485144
11230,13.354957
11231,13.187630
11232,13.469048
11233,13.292606
11234,13.238949
11235,16.131538
11236,10.704341
11237,13.165960
11238,13.473670
11239,13.292693
11240,13.238455
11241,13.457192
11242,13.348611
11243,15.996038
11244,10.610011
11245,13.340425
11246,13.228368
11247,13.435152
11248,13.318200
11249,13.231731
11250,13.548160
11251,16.054275
11252,10.457422
11253,13.401175
11254,13.355020
11255,13.182712
11256,13.450888
11257,13.327746
11258,13.216693
11259,16.260733
11260,10.538373
11261,13.214759
11262,13.549063
11263,13.256860
11264,13.204056
11265,13.469651
11266,13.393313
11267,15.822607
11268,10.786293
11269,13.324115
11270,13.235712
11271,13.550870
11272,13.208348
11273,13.204033
11274,13.466906
11275,15.979183
11276,10.543396
11277,13.463757
11278,13.325607
11279,13.202855
11280,13.465294
11281,13.404515
11282,13.136281
11283,16.222267
11284,10.560879
11285,13.238647
11286,13.463388
11287,13.332675
11288,13.197673
11289,13.523526
11290,13.286446
11291,15.973972
11292,10.687404
11293,13.327302
11294,13.229191
11295,13.405586
11296,13.321193
11297,13.253985
11298,13.421949
11299,15.720074
11300,10.872326
11301,13.434388
11302,13.386530
11303,13.193941
11304,13.474328
11305,13.318812
11306,13.182267
11307,15.799255
11308,10.906409
11309,13.290463
11310,13.403435
11311,13.312584
11312,13.263495
11313,13.432790
11314,13.331493
11315,15.628805
11316,11.045855
11317,13.332538
11318,13.217785
11319,13.448563
11320,13.331468
11321,13.247080
11322,13.434044
11323,15.760566
11324,10.776410
11325,13.448565
11326,13.396353
11327,13.194758
11328,13.520602
11329,13.307492
11330,13.175892
11331,15.895538
11332,10.880106
11333,13.228878
11334,13.378972
11335,13.323097
11336,13.270013
11337,13.417636
11338,13.360780
11339,15.596676
11340,11.034351
11341,13.353834
11342,13.245922
11343,13.410217
11344,13.345204
11345,13.219782
11346,13.452939
11347,15.802737
11348,10.751641
11349,13.434160
11350,13.313405
11351,13.266827
11352,13.539952
11353,13.286137
11354,13.151133
11355,15.890992
11356,10.939079
11357,13.198270
11358,13.487264
11359,13.350235
11360,13.165687
11361,13.446007
11362,13.317826
11363,16.393499
11364,10.368157
11365,13.277136
11366,13.325559
11367,13.341967
11368,13.303619
11369,13.239997
11370,13.486765
11371,16.057888
11372,10.440110
11373,13.501238
11374,13.301759
11375,13.192052
11376,13.611811
11377,13.201163
11378,13.264258
11379,15.998204
11380,10.767304
11381,13.211005
11382,13.433914
11383,13.314863
11384,13.229039
11385,13.494338
11386,13.353420
11387,15.939137
11388,10.699814
11389,13.287895
11390,13.159797
11391,13.535314
11392,13.243720
11393,13.254659
11394,13.399161
11395,15.763395
11396,10.827803
11397,13.611094
11398,13.275881
11399,13.122239
11400,13.521865
11401,13.326880
11402,13.173158
11403,16.201945
11404,10.577519
11405,13.211152
11406,13.468859
11407,13.378656
11408,13.193101
11409,13.388302
11410,13.454449
11411,15.900809
11412,10.657569
11413,13.421510
11414,13.129443
11415,13.477882
11416,13.327918
11417,13.228400
11418,13.475842
11419,16.126520
11420,10.413364
11421,13.487984
11422,13.264513
11423,13.228179
11424,13.463035
11425,13.306906
11426,13.296991
11427,16.116697
11428,10.593252
11429,13.290030
11430,13.422246
11431,13.307123
11432,13.187301
11433,13.448419
11434,13.328385
11435,15.747013
11436,10.898006
11437,13.354128
11438,13.230859
11439,13.428047
11440,13.413632
11441,13.243521
11442,13.365283
11443,15.804473
11444,10.723589
11445,13.501283
11446,13.344602
11447,13.164542
11448,13.478694
11449,13.291280
11450,13.292536
11451,15.896930
11452,10.814712
11453,13.213112
11454,13.454915
11455,13.322053
11456,13.235674
11457,13.450131
11458,13.337320
11459,16.030595
11460,10.628710
11461,13.366491
11462,13.207511
11463,13.471378
11464,13.288926
11465,13.216597
11466,13.487920
11467,15.768514
11468,10.749355
11469,13.436059
11470,13.309409
11471,13.237227
11472,13.452592
11473,13.284731
11474,13.261846
11475,15.858255
11476,10.948705
11477,13.202502
11478,13.508133
11479,13.283312
11480,13.230392
11481,13.421865
11482,13.317189
11483,15.651735
11484,11.005445
11485,13.341432
11486,13.224157
11487,13.618596
11488,13.185872
11489,13.216852
11490,13.440160
11491,15.813039
11492,10.727763
11493,13.438416
11494,13.324876
11495,13.238632
11496,13.612720
11497,13.184035
11498,13.193582
11499,15.842603
11500,10.905959
11501,13.268814
11502,13.420545
11503,13.308589
11504,13.273123
11505,13.411427
11506,13.330609
11507,16.068512
11508,10.622856
11509,13.366729
11510,13.222381
11511,13.716916
11512,13.326860
11513,13.084522
11514,13.588337
11515,17.945275
11516,8.378096
11517,13.421360
11518,13.300792
11519,13.253535
11520,13.437535
11521,13.319359
11522,13.241218
11523,16.593569
11524,10.146276
11525,13.244494
11526,13.457019
11527,13.301251
11528,13.263547
11529,13.442878
11530,13.309001
11531,15.707240
11532,10.953428
11533,13.316093
11534,13.242874
11535,13.541478
11536,13.271808
11537,13.191426
11538,13.607239
11539,15.535522
11540,10.859206
11541,13.466240
11542,13.331136
11543,13.216952
11544,13.452278
11545,13.307917
11546,13.250383
11547,15.834291
11548,10.906247
11549,13.235695
11550,13.439391
11551,13.322730
11552,13.236614
11553,13.441950
11554,13.436610
11555,15.525514
11556,11.045447
11557,13.319326
11558,13.234605
11559,13.429431
11560,13.330272
11561,13.242432
11562,13.432624
11563,15.704000
11564,10.925055
11565,13.388242
11566,13.346631
11567,13.235535
11568,13.427547
11569,13.324981
11570,13.239852
11571,15.834148
11572,10.938307
11573,13.224459
11574,13.433920
11575,13.336904
11576,13.229537
11577,13.448173
11578,13.345701
11579,15.987758
11580,10.667127
11581,13.516814
11582,13.070243
11583,13.494081
11584,13.274716
11585,13.218240
11586,13.460384
11587,16.020614
11588,10.485852
11589,13.428269
11590,13.296021
11591,13.301786
11592,13.414790
11593,13.346518
11594,13.228959
11595,15.827601
11596,10.950652
11597,13.234581
11598,13.615721
11599,13.323717
11600,13.069126
11601,13.465663
11602,13.271299
11603,15.636447
11604,11.029382
11605,13.344478
11606,13.240784
11607,13.449500
11608,13.324619
11609,13.224140
11610,13.437831
11611,15.749595
11612,10.809199
11613,13.433183
11614,13.332332
11615,13.230892
11616,13.553803
11617,13.277868
11618,13.285510
11619,16.460229
11620,10.175534
11621,13.304064
11622,13.392587
11623,13.336077
11624,13.217451
11625,13.447968
11626,13.378478
11627,15.617089
11628,10.999528
11629,13.325141
11630,13.242386
11631,13.410580
11632,13.318669
11633,13.242982
11634,13.422596
11635,15.714297
11636,10.868763
11637,13.455019
11638,13.320074
11639,13.235553
11640,13.420425
11641,13.366751
11642,13.200099
11643,15.848034
11644,10.920357
11645,13.263627
11646,13.404900
11647,13.367615
11648,13.225214
11649,13.423638
11650,13.336357
11651,15.593554
11652,11.049541
11653,13.317876
11654,13.275126
11655,13.432005
11656,13.319623
11657,13.265429
11658,13.468454
11659,15.711591
11660,10.822926
11661,13.443176
11662,13.303886
11663,13.248078
11664,13.427063
11665,13.347280
11666,13.261671
11667,15.783427
11668,10.908796
11669,13.262840
11670,13.425427
11671,13.351852
11672,13.223074
11673,13.450446
11674,13.302077
11675,15.639091
11676,11.115054
11677,13.237752
11678,13.232042
11679,13.428944
11680,13.358758
11681,13.217464
11682,13.459180
11683,15.766701
11684,10.794451
11685,13.425221
11686,13.414231
11687,13.173642
11688,13.426680
11689,13.320644
11690,13.230163
11691,15.993776
11692,10.768716
11693,13.250394
11694,13.432148
11695,13.318884
11696,13.246209
11697,13.417867
11698,13.354782
11699,15.590985
11700,11.115815
11701,13.321615
11702,13.189872
11703,13.485208
11704,13.285567
11705,13.247323
11706,13.408519
11707,15.739548
11708,10.825425
11709,13.435056
11710,13.351953
11711,13.205948
11712,13.463645
11713,13.298120
11714,13.246874
11715,15.847140
11716,10.963507
11717,13.185143
11718,13.426685
11719,13.344898
11720,13.237065
11721,13.443945
11722,13.317155
11723,15.762077
11724,10.900808
11725,13.335848
11726,13.219128
11727,13.421287
11728,13.392219
11729,13.212528
11730,13.446069
11731,15.696954
11732,10.831172
11733,13.450037
11734,13.371653
11735,13.198455
11736,13.449654
11737,13.288822
11738,13.261455
11739,15.801799
11740,10.940071
11741,13.255817
11742,13.428048
11743,13.360785
11744,13.209980
11745,13.411889
11746,13.347085
11747,15.648300
11748,11.018642
11749,13.324457
11750,13.253881
11751,13.431837
11752,13.326785
11753,13.239496
11754,13.428880
11755,15.723389
11756,10.845041
11757,13.441958
11758,13.309657
11759,13.238631
11760,13.452617
11761,13.365988
11762,13.237847
11763,15.783462
11764,10.914201
11765,13.253958
11766,13.468038
11767,13.316992
11768,13.224454
11769,13.449027
11770,13.316682
11771,15.963858
11772,10.769220
11773,13.263694
11774,13.231952
11775,13.481640
11776,13.347571
11777,13.194740
11778,13.521026
11779,15.655423
11780,10.840191
11781,13.416088
11782,13.320787
11783,13.235806
11784,13.431626
11785,13.367274
11786,13.204945
11787,15.829100
11788,10.928905
11789,13.232611
11790,13.452913
11791,13.381598
11792,13.243134
11793,13.373046
11794,13.319503
11795,15.623142
11796,11.052723
11797,13.315086
11798,13.234967
11799,13.414195
11800,13.395688
11801,13.193061
11802,13.438972
11803,15.733371
11804,10.829270
11805,13.436036
11806,13.338870
11807,13.234567
11808,13.573029
11809,13.219433
11810,13.211440
11811,15.854448
11812,10.873393
11813,13.266867
11814,13.423541
11815,13.313392
11816,13.264447
11817,13.420057
11818,13.370074
11819,15.652212
11820,11.001601
11821,13.342459
11822,13.238102
11823,13.426086
11824,13.310280
11825,13.236116
11826,13.424835
11827,15.905179
11828,10.677467
11829,13.427792
11830,13.375980
11831,13.261353
11832,13.340863
11833,13.322699
11834,13.261806
11835,15.833677
11836,10.886371
11837,13.261401
11838,13.433626
11839,13.463761
11840,13.133551
11841,13.410362
11842,13.308205
11843,15.695973
11844,10.977619
11845,13.333250
11846,13.235227
11847,13.424525
11848,13.653455
11849,12.913017
11850,13.438851
11851,15.701742
11852,10.844608
11853,13.449262
11854,13.288320
11855,13.255308
11856,13.419975
11857,13.322543
11858,13.268569
11859,16.139222
11860,10.644260
11861,13.239672
11862,13.452360
11863,13.283788
11864,13.318369
11865,13.343082
11866,13.345225
11867,15.655480
11868,11.022240
11869,13.363083
11870,13.233484
11871,13.414360
11872,13.606589
11873,13.037352
11874,13.351255
11875,15.783038
11876,10.809450
11877,13.584970
11878,13.179755
11879,13.248906
11880,13.531012
11881,13.239409
11882,13.245056
11883,15.995261
11884,10.743707
11885,13.250436
11886,13.429390
11887,13.316015
11888,13.253585
11889,13.433203
11890,13.318327
11891,15.780888
11892,10.943902
11893,13.259422
11894,13.328749
11895,13.397179
11896,13.419412
11897,13.155926
11898,13.409986
11899,15.733397
11900,10.812581
11901,13.461898
11902,13.337399
11903,13.253915
11904,13.354457
11905,13.408269
11906,13.225196
11907,16.046394
11908,10.645965
11909,13.255265
11910,13.396701
11911,13.363532
11912,13.239280
11913,13.424488
11914,13.369016
11915,15.584243
11916,11.052082
11917,13.331190
11918,13.206726
11919,13.467569
11920,13.560950
11921,13.020173
11922,13.449973
11923,15.763259
11924,10.778188
11925,13.498568
11926,13.291642
11927,13.252897
11928,13.409872
11929,13.291651
11930,13.274110
11931,15.870551
11932,10.885325
11933,13.273135
11934,13.432890
11935,13.282333
11936,13.304294
11937,13.409472
11938,13.297765
11939,15.613273
11940,11.046806
11941,13.428973
11942,13.163619
11943,13.522106
11944,13.444915
11945,13.037385
11946,13.410382
11947,15.677388
11948,10.907059
11949,13.617473
11950,13.079028
11951,13.260809
11952,13.465389
11953,13.432814
11954,13.194557
11955,15.812082
11956,10.939417
11957,13.253087
11958,13.472769
11959,13.336004
11960,13.244184
11961,13.482491
11962,13.387495
11963,15.651651
11964,11.006487
11965,13.356245
11966,13.240498
11967,13.456937
11968,13.791319
11969,12.791116
11970,13.527289
11971,15.585032
11972,10.905442
11973,13.395440
11974,13.337263
11975,13.233470
11976,13.456955
11977,13.297865
11978,13.269803
11979,15.775126
11980,10.983777
11981,13.213247
11982,13.393881
11983,13.320248
11984,13.290495
11985,13.387158
11986,13.332941
11987,18.187330
11988,9.465507
11989,13.130439
11990,13.394076
11991,13.838887
11992,12.835588
11993,13.007151
11994,13.409994
11995,15.742635
11996,10.828557
11997,13.442954
11998,13.295519
11999,13.240084
12000,13.477649
12001,13.293036
12002,13.250396
12003,15.808450
12004,10.923457
12005,13.260713
12006,13.471605
12007,13.263756
12008,13.288908
12009,13.412375
12010,13.330979
12011,15.649221
12012,11.072306
12013,13.248443
12014,13.263491
12015,13.459139
12016,13.280321
12017,13.279596
12018,13.436170
12019,15.743277
12020,10.794917
12021,13.414890
12022,13.341309
12023,13.263798
12024,13.489658
12025,13.276285
12026,13.242044
12027,15.941998
12028,10.779045
12029,13.282454
12030,13.415501
12031,13.304234
12032,13.242936
12033,13.471754
12034,13.281840
12035,15.680904
12036,10.980235
12037,13.335666
12038,13.240630
12039,13.426434
12040,13.349228
12041,13.231681
12042,13.409744
12043,15.826644
12044,10.753808
12045,13.471207
12046,13.263769
12047,13.288943
12048,13.454210
12049,13.268806
12050,13.261378
12051,15.858649
12052,10.873306
12053,13.264290
12054,13.480357
12055,13.304062
12056,13.258911
12057,13.356682
12058,13.337230
12059,15.691128
12060,10.970456
12061,13.320050
12062,13.310041
12063,13.388702
12064,13.374627
12065,13.218442
12066,13.428872
12067,15.750405
12068,10.814620
12069,13.428958
12070,13.350943
12071,13.240843
12072,13.528000
12073,13.200224
12074,13.238913
12075,15.826665
12076,10.911273
12077,13.274827
12078,13.424237
12079,13.316203
12080,13.272856
12081,13.398479
12082,13.355596
12083,15.619412
12084,11.040276
12085,13.323786
12086,13.242877
12087,13.451011
12088,13.290517
12089,13.271902
12090,13.393626
12091,15.786605
12092,10.822187
12093,13.570378
12094,13.177902
12095,13.237018
12096,13.429644
12097,13.309955
12098,13.268035
12099,15.853147
12100,10.867544
12101,13.257706
12102,13.430127
12103,13.333147
12104,13.259157
12105,13.410750
12106,13.323523
12107,15.684385
12108,10.971222
12109,13.331364
12110,13.289914
12111,13.442170
12112,13.321714
12113,13.214498
12114,13.413218
12115,15.803601
12116,10.776868
12117,13.463147
12118,13.302374
12119,13.232102
12120,13.446676
12121,14.129049
12122,12.525067
12123,15.765303
12124,10.882062
12125,13.311508
12126,13.465394
12127,13.413639
12128,13.069295
12129,13.433667
12130,13.349968
12131,15.637559
12132,10.987774
12133,13.347439
12134,13.260217
12135,13.400701
12136,13.323128
12137,13.278144
12138,13.401284
12139,15.714980
12140,10.881731
12141,13.408524
12142,13.334555
12143,13.249697
12144,13.431234
12145,13.389230
12146,13.181208
12147,15.816868
12148,10.947320
12149,13.225792
12150,13.452568
12151,13.289568
12152,13.254727
12153,13.428804
12154,13.378131
12155,15.636946
12156,10.990397
12157,13.331295
12158,13.240162
12159,13.423715
12160,13.331737
12161,13.244092
12162,13.423676
12163,15.709956
12164,10.861934
12165,13.433377
12166,13.326326
12167,13.255484
12168,13.422183
12169,13.392066
12170,13.188106
12171,15.802099
12172,10.932555
12173,13.264036
12174,13.467753
12175,13.283343
12176,13.240162
12177,13.427876
12178,13.335220
12179,15.632650
12180,11.093227
12181,13.260735
12182,13.257542
12183,13.423863
12184,13.327331
12185,13.245037
12186,13.418621
12187,15.831363
12188,10.751462
12189,13.408804
12190,13.330298
12191,13.266515
12192,13.419758
12193,13.374828
12194,13.210330
12195,15.822248
12196,10.909941
12197,13.263618
12198,13.439774
12199,13.296806
12200,13.264645
12201,13.407987
12202,13.357214
12203,15.672758
12204,11.030768
12205,13.352749
12206,13.204055
12207,13.410081
12208,13.294340
12209,13.264297
12210,13.423101
12211,15.741621
12212,10.868422
12213,13.422950
12214,13.276820
12215,13.309946
12216,13.378847
12217,13.449163
12218,13.153749
12219,15.771397
12220,10.901135
12221,13.279298
12222,13.423400
12223,13.553524
12224,13.020134
12225,13.429688
12226,13.328473
12227,15.640345
12228,11.016248
12229,13.324525
12230,13.260302
12231,13.423082
12232,13.327094
12233,13.245971
12234,13.434197
12235,15.697150
12236,10.865169
12237,13.508541
12238,13.233353
12239,13.254616
12240,13.416197
12241,13.337271
12242,13.241421
12243,15.867249
12244,10.931054
12245,13.209522
12246,13.417822
12247,13.369080
12248,13.240361
12249,13.420197
12250,13.297149
12251,15.640851
12252,11.068627
12253,13.303596
12254,13.245144
12255,13.405877
12256,13.327055
12257,13.262092
12258,13.414976
12259,15.771285
12260,10.806440
12261,13.422806
12262,13.388539
12263,13.243370
12264,13.418716
12265,13.312935
12266,13.218323
12267,15.827825
12268,10.964867
12269,13.203492
12270,13.435380
12271,13.351705
12272,13.219047
12273,13.445815
12274,13.311135
12275,15.666078
12276,10.991576
12277,13.372260
12278,13.207928
12279,13.437548
12280,13.322317
12281,13.247545
12282,13.423974
12283,15.818840
12284,10.769563
12285,13.418798
12286,13.337630
12287,13.282617
12288,13.443509
12289,13.300497
12290,13.236097
12291,16.166210
12292,10.550860
12293,13.267385
12294,13.449780
12295,13.657747
12296,12.908487
12297,13.513453
12298,13.243147
12299,15.897584
12300,10.726821
12301,13.350608
12302,13.251380
12303,13.509985
12304,15.189369
12305,11.289021
12306,13.491751
12307,16.054807
12308,10.467149
12309,13.569624
12310,13.225280
12311,13.220533
12312,13.441567
12313,13.288852
12314,13.256939
12315,15.841314
12316,10.904500
12317,13.239264
12318,13.417436
12319,13.352438
12320,13.246061
12321,13.405716
12322,13.376126
12323,16.036027
12324,10.596823
12325,13.337030
12326,13.257217
12327,13.435669
12328,13.314151
12329,13.252046
12330,13.516950
12331,15.587007
12332,10.861906
12333,13.440216
12334,13.323728
12335,13.633741
12336,13.057171
12337,13.341173
12338,13.259427
12339,16.181675
12340,10.584520
12341,13.213886
12342,13.464456
12343,13.337283
12344,13.236085
12345,13.400606
12346,13.302966
12347,15.942588
12348,10.704199
12349,13.416162
12350,13.195949
12351,13.480508
12352,13.259651
12353,13.231693
12354,13.486250
12355,16.092904
12356,10.482150
12357,13.410376
12358,13.314987
12359,13.249221
12360,13.436247
12361,13.328315
12362,13.297375
12363,16.106556
12364,10.594172
12365,13.279153
12366,13.446048
12367,13.263262
12368,13.260437
12369,13.468617
12370,13.300750
12371,15.634624
12372,10.972936
12373,13.388150
12374,13.231021
12375,13.470904
12376,13.299742
12377,13.212776
12378,13.488351
12379,15.661523
12380,10.869030
12381,13.469887
12382,13.338145
12383,13.191768
12384,13.596505
12385,13.163383
12386,13.211455
12387,16.326825
12388,10.450609
12389,13.278785
12390,13.430695
12391,13.288636
12392,13.222398
12393,13.455434
12394,13.331943
12395,16.019966
12396,10.821489
12397,13.320509
12398,13.119898
12399,13.418441
12400,13.279878
12401,13.250210
12402,13.441561
12403,16.060343
12404,10.473840
12405,13.452870
12406,13.305829
12407,13.266512
12408,13.417146
12409,13.345814
12410,13.243115
12411,15.834487
12412,10.872965
12413,13.279532
12414,13.428648
12415,13.318609
12416,13.262869
12417,13.414294
12418,13.336449
12419,16.142373
12420,10.520267
12421,13.326203
12422,13.264869
12423,13.411023
12424,13.597402
12425,12.989829
12426,13.412528
12427,15.711170
12428,10.861149
12429,13.438616
12430,13.320302
12431,13.265328
12432,13.422721
12433,13.318625
12434,13.244471
12435,15.850357
12436,10.882422
12437,13.267462
12438,13.411961
12439,13.334073
12440,13.250950
12441,13.437883
12442,13.313142
12443,16.070292
12444,10.622297
12445,13.322912
12446,13.253181
12447,13.432152
12448,13.371889
12449,13.191778
12450,13.408987
12451,15.718420
12452,10.852853
12453,13.427822
12454,13.337584
12455,13.243959
12456,13.412764
12457,13.339163
12458,13.251940
12459,15.843038
12460,10.894939
12461,13.266759
12462,13.433313
12463,13.308527
12464,13.263521
12465,13.391949
12466,13.346141
12467,15.678696
12468,11.004682
12469,13.320779
12470,13.257059
12471,13.414393
12472,13.327079
12473,13.240230
12474,13.475805
12475,15.689233
12476,10.841676
12477,13.440857
12478,13.317580
12479,13.258763
12480,13.406111
12481,13.314226
12482,13.270478
12483,15.836391
12484,10.895916
12485,13.275937
12486,13.463906
12487,13.291041
12488,13.235861
12489,13.457061
12490,13.307148
12491,15.650018
12492,11.007779
12493,13.323376
12494,13.275045
12495,13.438659
12496,13.292813
12497,13.269182
12498,13.415654
12499,15.747753
12500,10.832164
12501,13.420707
12502,13.362095
12503,13.226273
12504,13.426605
12505,13.310975
12506,13.253216
12507,15.824691
12508,10.914185
12509,13.243861
12510,13.424672
12511,13.330865
12512,13.256386
12513,13.435639
12514,13.321888
12515,15.618340
12516,11.040089
12517,13.365636
12518,13.219612
12519,13.452103
12520,13.320099
12521,13.242362
12522,13.440168
12523,15.807420
12524,10.746190
12525,13.437286
12526,13.350870
12527,13.220118
12528,13.415931
12529,13.342566
12530,13.267555
12531,15.793995
12532,10.917753
12533,13.253683
12534,13.425151
12535,13.311927
12536,13.260508
12537,13.523943
12538,13.260441
12539,16.029785
12540,10.641731
12541,13.311894
12542,13.238009
12543,13.425216
12544,13.349901
12545,13.218648
12546,13.434316
12547,15.705576
12548,10.868030
12549,13.430279
12550,13.331794
12551,13.229546
12552,13.421995
12553,13.327558
12554,13.256230
12555,15.795275
12556,10.955480
12557,13.296987
12558,13.404728
12559,13.333336
12560,13.220829
12561,13.442896
12562,13.318730
12563,15.616326
12564,11.037276
12565,13.316579
12566,13.273174
12567,13.418390
12568,13.307354
12569,13.252257
12570,13.436952
12571,15.686770
12572,10.902009
12573,13.420441
12574,13.308524
12575,13.322594
12576,13.389783
12577,13.328093
12578,13.234984
12579,16.106961
12580,10.671235
12581,13.225131
12582,13.408045
12583,13.311135
12584,13.261972
12585,13.457701
12586,13.332150
12587,15.598459
12588,11.056545
12589,13.308113
12590,13.242598
12591,13.449039
12592,13.319191
12593,13.232777
12594,13.483371
12595,15.647314
12596,10.877303
12597,13.537551
12598,13.235367
12599,13.223435
12600,13.435573
12601,13.338624
12602,13.229946
12603,15.931200
12604,10.835933
12605,13.206737
12606,13.468059
12607,13.328603
12608,13.223505
12609,13.461607
12610,13.326613
12611,15.607158
12612,11.071244
12613,13.335781
12614,13.212184
12615,13.448030
12616,13.341741
12617,13.192035
12618,13.587350
12619,15.587163
12620,10.836370
12621,13.454066
12622,13.351101
12623,13.188055
12624,13.473132
12625,13.324553
12626,13.222960
12627,16.077014
12628,10.662669
12629,13.242432
12630,13.414025
12631,13.333828
12632,13.281717
12633,13.398083
12634,13.346720
12635,15.617296
12636,11.046885
12637,13.316197
12638,13.233135
12639,13.452225
12640,13.327374
12641,13.253608
12642,13.407134
12643,15.908318
12644,10.656762
12645,13.450602
12646,13.313122
12647,13.238436
12648,13.469546
12649,13.321764
12650,13.247773
12651,16.164155
12652,10.586853
12653,13.242052
12654,13.456898
12655,13.323983
12656,13.237953
12657,13.446078
12658,13.287816
12659,16.002270
12660,10.740549
12661,13.296761
12662,13.201857
12663,13.447300
12664,13.303291
12665,13.237177
12666,13.479129
12667,15.656541
12668,10.856187
12669,13.525783
12670,13.297825
12671,13.201801
12672,13.457889
12673,13.289761
12674,13.237778
12675,15.889025
12676,10.931916
12677,13.176937
12678,13.533653
12679,13.252880
12680,13.220684
12681,13.549022
12682,13.224731
12683,15.589720
12684,11.163808
12685,13.185807
12686,13.275442
12687,13.429621
12688,13.338522
12689,13.294385
12690,13.390552
12691,16.064246
12692,10.499133
12693,13.426064
12694,13.317617
12695,13.252166
12696,13.446384
12697,13.325790
12698,13.211768
12699,15.817240
12700,10.958434
12701,13.254816
12702,13.434739
12703,13.409544
12704,13.150183
12705,13.462666
12706,13.475587
12707,15.453525
12708,11.104591
12709,13.257905
12710,13.261241
12711,13.452081
12712,13.274223
12713,13.236970
12714,13.437886
12715,16.159029
12716,10.418177
12717,13.408969
12718,13.373951
12719,13.276668
12720,13.372227
12721,13.337305
12722,13.201461
12723,15.811063
12724,10.928870
12725,13.278309
12726,13.419819
12727,13.341338
12728,13.251723
12729,13.459517
12730,13.318466
12731,16.037476
12732,10.720623
12733,13.332595
12734,13.146254
12735,13.501963
12736,13.338472
12737,13.138354
12738,13.451944
12739,15.753270
12740,10.846213
12741,13.409683
12742,13.330621
12743,13.203105
12744,13.452350
12745,13.366693
12746,13.221482
12747,15.889595
12748,10.819684
12749,13.244086
12750,13.569048
12751,13.277376
12752,13.188976
12753,13.894161
12754,12.919538
12755,15.962633
12756,10.624158
12757,13.296594
12758,13.311863
12759,13.471412
12760,13.251653
12761,13.305693
12762,13.384233
12763,15.907872
12764,10.648407
12765,13.466270
12766,13.369918
12767,13.221815
12768,13.477651
12769,13.256409
12770,13.186504
12771,15.976276
12772,10.827004
12773,13.204779
12774,13.448150
12775,13.336673
12776,13.258185
12777,13.653038
12778,13.323295
12779,15.825342
12780,10.684018
12781,13.279669
12782,13.298779
12783,13.348649
12784,13.309966
12785,13.233205
12786,13.422099
12787,15.753479
12788,10.897877
12789,13.396553
12790,13.393604
12791,13.206241
12792,13.440585
12793,13.334894
12794,13.216228
12795,16.173575
12796,10.608450
12797,13.231756
12798,13.441253
12799,13.283270
12800,13.275402
12801,13.466296
12802,13.296090
12803,16.023543
12804,10.643082
12805,13.349181
12806,13.244662
12807,13.437470
12808,13.268250
12809,13.255557
12810,13.403102
12811,16.013983
12812,10.555191
12813,13.473660
12814,13.321992
12815,13.200079
12816,13.506532
12817,13.281986
12818,13.186880
12819,16.226068
12820,10.594213
12821,13.198078
12822,13.464974
12823,13.313109
12824,13.240550
12825,13.465785
12826,13.344790
12827,15.569069
12828,11.100277
12829,13.312989
12830,13.191383
12831,13.434971
12832,13.334297
12833,13.225669
12834,13.455057
12835,15.790266
12836,10.755879
12837,13.421903
12838,13.327785
12839,13.262347
12840,13.446965
12841,13.363435
12842,13.180700
12843,15.824760
12844,10.900701
12845,13.296583
12846,13.413019
12847,13.324992
12848,13.261318
12849,13.407345
12850,13.337343
12851,15.628350
12852,11.024281
12853,13.388422
12854,13.180475
12855,13.446339
12856,13.363250
12857,13.204264
12858,13.615551
12859,15.552607
12860,10.811508
12861,13.633438
12862,13.204578
12863,13.171689
12864,13.479239
12865,13.335887
12866,13.195259
12867,15.805789
12868,11.063121
12869,13.265138
12870,13.364332
12871,13.258363
12872,13.271338
12873,13.475864
12874,13.325952
12875,16.060521
12876,10.577813
12877,13.335722
12878,13.223535
12879,13.437404
12880,13.347964
12881,13.199752
12882,13.446623
12883,16.020192
12884,10.519649
12885,13.458303
12886,13.386896
12887,13.171965
12888,13.462912
12889,13.293678
12890,13.234010
12891,16.313371
12892,10.498155
12893,13.185959
12894,13.460259
12895,13.286830
12896,13.242192
12897,13.447502
12898,13.345061
12899,15.824738
12900,10.813340
12901,13.360956
12902,13.280525
12903,13.386021
12904,13.330812
12905,13.215864
12906,13.458588
12907,16.172383
12908,10.356691
12909,13.471191
12910,13.326216
12911,13.210471
12912,13.467599
12913,13.323725
12914,13.206026
12915,16.630986
12916,10.157756
12917,13.224503
12918,13.466040
12919,13.330026
12920,13.207624
12921,13.489143
12922,13.260823
12923,16.053736
12924,10.625536
12925,13.341117
12926,13.236754
12927,13.427597
12928,13.311921
12929,13.226993
12930,13.564833
12931,16.017865
12932,10.436159
12933,13.450074
12934,13.340770
12935,13.219069
12936,13.593614
12937,13.152174
12938,13.252318
12939,16.196042
12940,10.577085
12941,13.207383
12942,13.433583
12943,13.364884
12944,13.208468
12945,13.438413
12946,13.356605
12947,16.026159
12948,10.613521
12949,13.319464
12950,13.258861
12951,13.449765
12952,13.328964
12953,13.217860
12954,13.450357
12955,16.027859
12956,10.505526
12957,13.453283
12958,13.326278
12959,13.242100
12960,13.437221
12961,13.314447
12962,13.275535
12963,16.178541
12964,10.539046
12965,13.290451
12966,13.412587
12967,13.394370
12968,13.131962
12969,13.477791
12970,13.312304
12971,15.974162
12972,10.705394
12973,13.308301
12974,13.235660
12975,13.479674
12976,13.323211
12977,13.203467
12978,13.440511
12979,16.127656
12980,10.424748
12981,13.479249
12982,13.343149
12983,13.192729
12984,13.454651
12985,13.317799
12986,13.211872
12987,16.112243
12988,10.720948
12989,13.171560
12990,13.429068
12991,13.357059
12992,13.223128
12993,13.456459
12994,13.392899
12995,15.937187
12996,10.679991
12997,13.329273
12998,13.199903
12999,13.442496
13000,13.416630
13001,13.155225
13002,13.429550
13003,16.072086
13004,10.511664
13005,13.436489
13006,13.348617
13007,13.216953
13008,13.442376
13009,13.309035
13010,13.258926
13011,16.249849
13012,10.516979
13013,13.272232
13014,13.385118
13015,13.339385
13016,13.262786
13017,13.394496
13018,13.914582
13019,15.371370
13020,10.816187
13021,13.237173
13022,13.261915
13023,13.422882
13024,13.280598
13025,13.274815
13026,13.544106
13027,15.822780
13028,10.621568
13029,13.424856
13030,13.412365
13031,13.177207
13032,13.493403
13033,13.288017
13034,13.196840
13035,15.823515
13036,10.923259
13037,13.264875
13038,13.430129
13039,13.359662
13040,13.253040
13041,13.477550
13042,13.309084
13043,15.839744
13044,10.787786
13045,13.265930
13046,13.310716
13047,13.455805
13048,13.283240
13049,13.258188
13050,13.565600
13051,16.147911
13052,10.244411
13053,13.551436
13054,13.232311
13055,13.209192
13056,13.506273
13057,13.322589
13058,13.174445
13059,16.246576
13060,10.530298
13061,13.223123
13062,13.538021
13063,13.268893
13064,13.255857
13065,13.484258
13066,13.275691
13067,15.920193
13068,10.724994
13069,13.323279
13070,13.257449
13071,13.553665
13072,13.238903
13073,13.245138
13074,13.429885
13075,16.031063
13076,10.475229
13077,13.425962
13078,13.339792
13079,13.253480
13080,13.412240
13081,13.297194
13082,13.238451
13083,15.862319
13084,10.862350
13085,13.274674
13086,13.414476
13087,13.372592
13088,13.275763
13089,13.493037
13090,13.247997
13091,15.971565
13092,10.704784
13093,13.298023
13094,13.274944
13095,13.510354
13096,13.312638
13097,13.173487
13098,13.464519
13099,15.928688
13100,10.563693
13101,13.466423
13102,13.323361
13103,13.240393
13104,13.475448
13105,13.347330
13106,13.185548
13107,16.221474
13108,10.600092
13109,13.183901
13110,13.465882
13111,13.345931
13112,13.212200
13113,13.414058
13114,13.345039
13115,15.975598
13116,10.605788
13117,13.382431
13118,13.317639
13119,13.348798
13120,13.346425
13121,13.234834
13122,13.440693
13123,15.710033
13124,10.804807
13125,13.489315
13126,13.303280
13127,13.260791
13128,13.494411
13129,13.262125
13130,13.237053
13131,15.838755
13132,10.902034
13133,13.270995
13134,13.415058
13135,13.305333
13136,13.245381
13137,13.427517
13138,13.325080
13139,15.643303
13140,10.989349
13141,13.358774
13142,13.258649
13143,13.453176
13144,13.334180
13145,13.210044
13146,13.429760
13147,15.821521
13148,10.761133
13149,13.400124
13150,13.369945
13151,13.268722
13152,13.390020
13153,13.344811
13154,13.255647
13155,15.816032
13156,10.894552
13157,13.289377
13158,13.436515
13159,13.311115
13160,13.247275
13161,13.405141
13162,13.341946
13163,15.659474
13164,11.041604
13165,13.315147
13166,13.217224
13167,13.414139
13168,13.312022
13169,13.261595
13170,13.441795
13171,16.223810
13172,10.374811
13173,13.441850
13174,13.334593
13175,13.273809
13176,13.360959
13177,13.332620
13178,13.221743
13179,15.870540
13180,10.878674
13181,13.269773
13182,13.442702
13183,13.326004
13184,13.250236
13185,13.386790
13186,13.358350
13187,16.087010
13188,10.550409
13189,13.356319
13190,13.235225
13191,13.435627
13192,13.385699
13193,13.195297
13194,13.448162
13195,16.077000
13196,10.459730
13197,13.471179
13198,13.334346
13199,13.218448
13200,13.423173
13201,13.364923
13202,13.212503
13203,16.206754
13204,10.554858
13205,13.239928
13206,13.418291
13207,13.356306
13208,13.225339
13209,13.420952
13210,13.356178
13211,15.752183
13212,10.867586
13213,13.378465
13214,13.218676
13215,13.441260
13216,13.336759
13217,13.220126
13218,13.420943
13219,16.079425
13220,10.560375
13221,13.387806
13222,13.349222
13223,13.211718
13224,13.424557
13225,13.326881
13226,13.226487
13227,15.971731
13228,10.818430
13229,13.239412
13230,13.416877
13231,13.354147
13232,13.216105
13233,13.428745
13234,13.328311
13235,15.655176
13236,10.996050
13237,13.343887
13238,13.231323
13239,13.465570
13240,13.292921
13241,13.257165
13242,13.413732
13243,15.722254
13244,10.845529
13245,13.458145
13246,13.663607
13247,12.903376
13248,13.759451
13249,13.329956
13250,12.895759
13251,15.816452
13252,10.969526
13253,13.258816
13254,13.414298
13255,13.351545
13256,13.211149
13257,13.434106
13258,13.343779
13259,15.972099
13260,10.686340
13261,13.338530
13262,13.218741
13263,13.416467
13264,13.360730
13265,13.215443
13266,13.454908
13267,15.788523
13268,10.796825
13269,13.415329
13270,13.362068
13271,13.211902
13272,13.416890
13273,13.354727
13274,13.233077
13275,15.923964
13276,10.837361
13277,13.240198
13278,13.501098
13279,13.284880
13280,13.214464
13281,13.500001
13282,13.280073
13283,15.885175
13284,10.767475
13285,13.353133
13286,13.213903
13287,13.404190
13288,13.316011
13289,13.266553
13290,13.439398
13291,16.235737
13292,10.294749
13293,13.435358
13294,13.328263
13295,13.236315
13296,13.768755
13297,12.997815
13298,13.234232
13299,16.204370
13300,10.549362
13301,13.248092
13302,13.413609
13303,13.355319
13304,13.229222
13305,13.424722
13306,13.347759
13307,15.652621
13308,11.003803
13309,13.331072
13310,13.249395
13311,13.413233
13312,13.344761
13313,13.237502
13314,13.435405
13315,16.100704
13316,10.448956
13317,13.436915
13318,13.331506
13319,13.251524
13320,13.408304
13321,13.362094
13322,13.201900
13323,15.911267
13324,10.847047
13325,13.259420
13326,13.422939
13327,13.296691
13328,13.249329
13329,13.412891
13330,13.348190
13331,15.633720
13332,11.019725
13333,13.331812
13334,13.251371
13335,13.416828
13336,13.360878
13337,13.240137
13338,13.426557
13339,15.782760
13340,10.780310
13341,13.441394
13342,13.320214
13343,13.247175
13344,13.425583
13345,13.323766
13346,13.253041
13347,15.883543
13348,10.853810
13349,13.268974
13350,13.421108
13351,13.326529
13352,13.236071
13353,13.420542
13354,13.350128
13355,15.616422
13356,11.041878
13357,13.339339
13358,13.242214
13359,13.437229
13360,13.338769
13361,13.226646
13362,13.414997
13363,16.064902
13364,10.552017
13365,13.384789
13366,13.339239
13367,13.253559
13368,13.414247
13369,13.707767
13370,12.865876
13371,15.782151
13372,10.997762
13373,13.218347
13374,13.421001
13375,13.343996
13376,13.238962
13377,13.432827
13378,13.706043
13379,15.249102
13380,11.089351
13381,13.343883
13382,13.201779
13383,13.414245
13384,13.397358
13385,13.187041
13386,13.408367
13387,15.719893
13388,10.906620
13389,13.486844
13390,13.240018
13391,13.245622
13392,13.409972
13393,13.326535
13394,13.247356
13395,16.078964
13396,10.727570
13397,13.207815
13398,13.412773
13399,13.331334
13400,13.239822
13401,13.435148
13402,13.320723
13403,15.889016
13404,10.818182
13405,13.325204
13406,13.234342
13407,13.425222
13408,13.338934
13409,13.235479
13410,13.401487
13411,16.081164
13412,10.543848
13413,13.386507
13414,13.328123
13415,13.239387
13416,13.442684
13417,13.321152
13418,13.230060
13419,15.944496
13420,10.822311
13421,13.228471
13422,13.426443
13423,13.347474
13424,13.228547
13425,13.438203
13426,13.385016
13427,15.605226
13428,11.065167
13429,13.275357
13430,13.245790
13431,13.445247
13432,13.312930
13433,13.240329
13434,13.470173
13435,15.658187
13436,10.868796
13437,13.419329
13438,13.374601
13439,13.196412
13440,13.427415
13441,13.336695
13442,13.239445
13443,15.791681
13444,10.976555
13445,13.229160
13446,13.413544
13447,13.343809
13448,13.245474
13449,13.430463
13450,13.346257
13451,15.604512
13452,11.065062
13453,13.348762
13454,13.209249
13455,13.423872
13456,13.327991
13457,13.255856
13458,13.432259
13459,15.729489
13460,10.817285
13461,13.488643
13462,13.284359
13463,13.272049
13464,13.387481
13465,13.331935
13466,13.326403
13467,15.775264
13468,10.895578
13469,13.309991
13470,13.652957
13471,13.058547
13472,13.247914
13473,13.413507
13474,13.346650
13475,16.036667
13476,10.695995
13477,13.253529
13478,13.264848
13479,13.418492
13480,13.345213
13481,13.231031
13482,13.424408
13483,15.754529
13484,10.819015
13485,13.391684
13486,13.334280
13487,13.268609
13488,13.429121
13489,13.345550
13490,13.224587
13491,15.910984
13492,10.961329
13493,13.129536
13494,13.423808
13495,13.348792
13496,13.224704
13497,13.428578
13498,13.324369
13499,15.650320
13500,11.063622
13501,13.387771
13502,13.135768
13503,13.443619
13504,13.336753
13505,13.230399
13506,13.458739
13507,15.695888
13508,10.868030
13509,13.419846
13510,13.313350
13511,13.242763
13512,13.441736
13513,13.343035
13514,13.220830
13515,15.813998
13516,10.942064
13517,13.227391
13518,13.424892
13519,13.340450
13520,13.244881
13521,13.417846
13522,13.351939
13523,15.619725
13524,11.094344
13525,13.286744
13526,13.228644
13527,13.416712
13528,13.403625
13529,13.400350
13530,13.225585
13531,15.855033
13532,10.719956
13533,13.400074
13534,13.376204
13535,13.223726
13536,13.445020
13537,13.272845
13538,13.305596
13539,15.765053
13540,10.933017
13541,13.295951
13542,13.449549
13543,13.276982
13544,13.258587
13545,13.517528
13546,13.195406
13547,15.757147
13548,11.384873
13549,12.914935
13550,13.238433
13551,13.427018
13552,13.338792
13553,13.329445
13554,13.377813
13555,15.755052
13556,10.779852
13557,13.432284
13558,13.308932
13559,13.258148
13560,13.426994
13561,13.350157
13562,13.202129
13563,15.836734
13564,10.921989
13565,13.248068
13566,13.426669
13567,13.350979
13568,13.281395
13569,13.428124
13570,13.283409
13571,15.639615
13572,11.166068
13573,13.160160
13574,13.273342
13575,13.397372
13576,13.319063
13577,13.436056
13578,13.363408
13579,15.696061
13580,10.779296
13581,13.440399
13582,13.343772
13583,13.226351
13584,13.409428
13585,13.292583
13586,13.261619
13587,15.840647
13588,10.958711
13589,13.206163
13590,13.471350
13591,13.311109
13592,13.232090
13593,13.435561
13594,13.349820
13595,15.616817
13596,11.026479
13597,13.316395
13598,13.233355
13599,13.469760
13600,13.297624
13601,13.217197
13602,13.441720
13603,15.695550
13604,10.879802
13605,13.470286
13606,13.290486
13607,13.230360
13608,13.486535
13609,13.282844
13610,13.244110
13611,16.222085
13612,10.535622
13613,13.239179
13614,13.402440
13615,13.319439
13616,13.263344
13617,13.540863
13618,13.245290
13619,15.835576
13620,10.832286
13621,13.313745
13622,13.267606
13623,13.405515
13624,13.322251
13625,13.236463
13626,13.464582
13627,15.779927
13628,10.757896
13629,13.440266
13630,13.326586
13631,13.243587
13632,13.444923
13633,13.285477
13634,13.269077
13635,15.825015
13636,10.946754
13637,13.224880
13638,13.400976
13639,13.369259
13640,13.226632
13641,13.475592
13642,13.307947
13643,15.644838
13644,11.046495
13645,13.299647
13646,13.244725
13647,13.425150
13648,13.349302
13649,13.253390
13650,13.761879
13651,15.735378
13652,10.453787
13653,13.525174
13654,13.237917
13655,13.237402
13656,13.433710
13657,13.327247
13658,13.247522
13659,16.087440
13660,10.660122
13661,13.284590
13662,13.419712
13663,13.321914
13664,13.254549
13665,13.398738
13666,13.335973
13667,16.000479
13668,10.681806
13669,13.347735
13670,13.240603
13671,13.422354
13672,13.334795
13673,13.272788
13674,13.384395
13675,15.726589
13676,10.848408
13677,13.440942
13678,13.314921
13679,13.247391
13680,13.418716
13681,13.339826
13682,13.300693
13683,16.272713
13684,10.396636
13685,13.258208
13686,13.411675
13687,14.403811
13688,12.184147
13689,13.421248
13690,13.330969
13691,15.664367
13692,10.986701
13693,13.349258
13694,13.243040
13695,13.428014
13696,13.403806
13697,13.190433
13698,13.423316
13699,15.686023
13700,10.858384
13701,13.439116
13702,13.314147
13703,13.264664
13704,13.414918
13705,13.336226
13706,13.585557
13707,15.488126
13708,10.914575
13709,13.304185
13710,13.415935
13711,13.402885
13712,13.170225
13713,13.841955
13714,12.904875
13715,15.636013
13716,11.010756
13717,13.397157
13718,13.239101
13719,13.372853
13720,13.324613
13721,13.248983
13722,13.423049
13723,15.856381
13724,10.730354
13725,13.492448
13726,13.670500
13727,12.844755
13728,13.424310
13729,13.338803
13730,13.367955
13731,13.156624
13732,13.324635
13733,13.394825
13734,13.272993
13735,13.399878
13736,13.273087
13737,13.349345
13738,13.325728
13739,13.331420
13740,13.348002
13741,13.319101
13742,13.338259
13743,13.348148
13744,13.316312
13745,13.326240
13746,13.347900
13747,13.328016
13748,13.332408
13749,13.329637
13750,13.725461
13751,13.074160
13752,13.318161
13753,13.336643
13754,13.331606
13755,13.328007
13756,13.340294
13757,13.334488
13758,13.321959
13759,13.325044
13760,13.365836
13761,13.318072
13762,13.334030
13763,13.338863
13764,13.349669
13765,13.305853
13766,13.328808
13767,13.315678
13768,13.334148
13769,13.353636
13770,13.346034
13771,13.324763
13772,13.360236
13773,13.318381
13774,13.325121
13775,13.333480
13776,13.337977
13777,13.328543
13778,13.344438
13779,13.322663
13780,13.333524
13781,13.326383
13782,13.339118
13783,13.330524
13784,13.344869
13785,13.315432
13786,13.331541
13787,13.338557
13788,13.331240
13789,13.333843
13790,13.345414
13791,13.318729
13792,13.341981
13793,13.402742
13794,13.295488
13795,13.308305
13796,13.334571
13797,13.348389
13798,13.323934
13799,13.329362
13800,13.319726
13801,13.350995
13802,13.332897
13803,13.324682
13804,13.337716
13805,13.336885
13806,13.316749
13807,13.332432
13808,13.346403
13809,13.325775
13810,13.362877
13811,13.304345
13812,13.320842
13813,13.358185
13814,13.325197
13815,13.340965
13816,13.328676
13817,13.338184
13818,13.317688
13819,13.358862
13820,13.447973
13821,13.225289
13822,13.311221
13823,13.339686
13824,13.366339
13825,13.290139
13826,13.348568
13827,13.323175
13828,13.347823
13829,14.467947
13830,15.077853
13831,10.553429
13832,43.051319
13833,4.660363
13834,10.279580
13835,13.330673
13836,13.308654
13837,13.216934
13838,13.421456
13839,13.360433
13840,13.239098
13841,13.401195
13842,13.331340
13843,13.263044
13844,13.398735
13845,13.430491
13846,13.148883
13847,13.421203
13848,13.342771
13849,13.243582
13850,13.425746
13851,13.316220
13852,13.272001
13853,13.450552
13854,13.285408
13855,13.243221
13856,13.456812
13857,13.407974
13858,13.155751
13859,13.424207
13860,13.302860
13861,13.260725
13862,13.427148
13863,13.339022
13864,13.237897
13865,13.471703
13866,13.313818
13867,13.215773
13868,13.459729
13869,13.313683
13870,13.217709
13871,13.455646
13872,13.327531
13873,13.209930
13874,13.456119
13875,13.321322
13876,13.226411
13877,13.446531
13878,13.308223
13879,13.277749
13880,13.410624
13881,13.329052
13882,13.229440
13883,13.495255
13884,13.258867
13885,13.241071
13886,13.441923
13887,13.323680
13888,13.235856
13889,13.541504
13890,13.215289
13891,13.244990
13892,13.455487
13893,13.309776
13894,13.233466
13895,13.443612
13896,13.342478
13897,13.218981
13898,13.532489
13899,13.257094
13900,13.209947
13901,13.504358
13902,13.257153
13903,13.257554
13904,13.415373
13905,13.336624
13906,13.249223
13907,13.683285
13908,13.075004
13909,13.249493
13910,13.432883
13911,13.325352
13912,13.256415
13913,13.396696
13914,13.339289
13915,13.261356
13916,13.442461
13917,13.300338
13918,13.237048
13919,13.434300
13920,13.358518
13921,13.234492
13922,13.397609
13923,13.317309
13924,13.257394
13925,13.429470
13926,13.315035
13927,13.260630
13928,13.426274
13929,13.380118
13930,13.200868
13931,13.475273
13932,13.291709
13933,13.228834
13934,13.451876
