observation_frame,frame_timestamp,cpu_total_ms,main_work_ms,render_work_ms,present_wait_ms,gpu_ms,gc0_total
0,92021409518865,13.332016,0.858690,0.589970,12.468870,0.000000,45
1,92021422850881,13.335553,0.730553,0.628056,12.599767,0.000000,45
2,92021436186434,13.333307,0.838977,0.653428,12.489372,0.000000,45
3,92021449519741,13.333429,1.287765,0.632517,12.040044,0.000000,45
4,92021462853170,13.333555,3.068803,0.646681,10.258588,0.000000,45
5,92021476186725,13.331662,0.849732,0.648876,12.476017,0.000000,45
6,92021489518387,13.333819,0.816668,0.636133,12.512373,0.000000,45
7,92021502852206,13.333875,0.756206,0.664138,12.572540,0.000000,45
8,92021516186081,13.332139,0.873031,0.577444,12.453838,0.000000,45
9,92021529518220,13.333401,0.812791,0.551199,12.515995,0.000000,45
10,92021542851621,13.333650,0.755466,0.598804,12.573799,0.000000,45
11,92021556185271,13.334279,1.056386,0.503382,12.273291,0.000000,45
12,92021569519550,13.334165,0.887788,0.484971,12.441254,0.000000,45
13,92021582853715,13.332977,0.825602,0.550551,12.502267,0.000000,45
14,92021596186692,13.332842,0.896645,0.590082,12.431122,0.000000,45
15,92021609519534,13.334816,0.873045,0.650555,12.457204,0.000000,45
16,92021622854350,13.330971,0.846583,0.554370,12.478983,0.000000,45
17,92021636185321,13.335978,0.846911,0.498267,12.482730,0.000000,45
18,92021649521299,13.331594,1.082658,0.662477,12.243025,0.000000,45
19,92021662852893,13.332932,0.983649,0.637051,12.345024,0.000000,45
20,92021676185825,13.338033,0.836168,0.672963,12.493565,0.000000,45
21,92021689523858,13.328689,0.996021,0.714207,12.327328,0.000000,45
22,92021702852547,13.332976,0.770859,0.638016,12.556950,0.000000,45
23,92021716185523,13.334727,0.821607,0.630145,12.507573,0.000000,45
24,92021729520250,13.334752,1.286232,0.605231,12.043038,0.000000,45
25,92021742855002,13.333111,0.928162,0.640811,12.399410,0.000000,45
26,92021756188113,13.334019,1.017090,0.650593,12.309246,0.000000,45
27,92021769522132,13.332088,1.275653,0.517353,12.049371,0.000000,45
28,92021782854220,13.332124,0.929989,0.613059,12.395437,0.000000,45
29,92021796186344,13.340916,1.083224,0.631101,12.247488,0.000000,45
30,92021809527260,13.328908,1.047299,0.580954,12.272177,0.000000,45
31,92021822856168,13.331770,0.943248,0.617990,12.382110,0.000000,45
32,92021836187938,13.335235,0.960452,0.654178,12.368149,0.000000,45
33,92021849523173,13.332379,0.974750,0.608488,12.352168,0.000000,46
34,92021862855552,13.333335,0.945335,0.600029,12.382768,0.000000,46
35,92021876188887,13.333949,1.209176,0.668271,12.119350,0.000000,46
36,92021889522836,13.332619,0.914481,0.499556,12.412853,0.000000,46
37,92021902855455,13.333965,0.831506,0.541539,12.496505,0.000000,46
38,92021916189420,13.336378,0.913744,0.587854,12.415076,0.000000,46
39,92021929525798,13.331333,1.150317,0.563700,12.174826,0.000000,46
40,92021942857131,13.333190,0.879669,0.629473,12.447379,0.000000,46
41,92021956190321,13.334727,1.203283,0.518034,12.125146,0.000000,46
42,92021969525048,13.341149,1.130914,0.757085,12.199869,0.000000,46
43,92021982866197,13.326070,1.297634,0.551480,12.019534,0.000000,46
44,92021996192267,13.331025,0.927519,0.609024,12.396991,0.000000,46
45,92022009523292,13.334459,0.913163,0.601274,12.414195,0.000000,46
46,92022022857751,13.335711,1.019173,0.773045,12.308592,0.000000,46
47,92022036193462,13.329405,0.959836,0.671737,12.362707,0.000000,46
48,92022049522867,13.333730,1.150546,0.730906,12.177814,0.000000,46
49,92022062856597,13.334599,0.982815,0.533760,12.345311,0.000000,46
50,92022076191196,13.333384,0.919281,0.625179,12.408273,0.000000,46
51,92022089524580,13.333013,1.099845,0.472533,12.226688,0.000000,46
52,92022102857593,13.333524,0.924181,0.636944,12.402890,0.000000,46
53,92022116191117,13.332519,0.912710,0.641098,12.414194,0.000000,46
54,92022129523636,13.334028,0.894101,0.628734,12.434053,0.000000,46
55,92022142857664,13.337872,0.861518,0.507086,12.470321,0.000000,46
56,92022156195536,13.327698,0.916101,0.485270,12.406425,0.000000,46
57,92022169523234,13.335303,0.929632,0.616144,12.400407,0.000000,46
58,92022182858537,13.333483,0.881568,0.608792,12.445231,0.000000,46
59,92022196192020,13.333156,1.112291,0.641640,12.213991,0.000000,46
60,92022209525176,13.333481,0.942808,0.752674,12.383957,0.000000,46
61,92022222858657,13.338041,1.011776,0.618573,12.317293,0.000000,46
62,92022236196698,13.330919,0.874025,0.624902,12.448633,0.000000,46
63,92022249527617,13.330310,1.095217,0.737727,12.227922,0.000000,46
64,92022262857927,13.332880,0.912394,0.632498,12.415490,0.000000,46
65,92022276190807,13.333638,0.898468,0.651751,12.428933,0.000000,46
66,92022289524445,13.333722,0.929366,0.571553,12.398207,0.000000,46
67,92022302858167,13.333112,1.138386,0.648127,12.189322,0.000000,46
68,92022316191279,13.330412,1.189080,0.675809,12.136081,0.000000,46
69,92022329521691,13.334475,0.926851,0.659195,12.402882,0.000000,46
70,92022342856166,13.334373,0.845349,0.728864,12.484815,0.000000,46
71,92022356190539,13.332684,1.036220,0.618852,12.290208,0.000000,46
72,92022369523223,13.340700,1.233444,0.414007,12.100660,0.000000,46
73,92022382863923,13.343533,0.987527,0.588795,12.349056,0.000000,46
74,92022396207456,13.333307,1.037119,0.592580,12.288979,0.000000,46
75,92022409540763,13.334959,1.184742,0.624223,12.141858,0.000000,46
76,92022422875722,13.334318,0.879536,0.727160,12.447653,0.000000,46
77,92022436210040,13.331399,1.264435,0.592157,12.060186,0.000000,46
78,92022449541439,13.331443,1.092059,0.634381,12.233898,0.000000,46
79,92022462872882,13.337080,0.924794,0.489121,12.405174,0.000000,46
80,92022476209962,13.330707,1.040375,0.573535,12.283674,0.000000,46
81,92022489540669,13.333191,0.965463,0.427756,12.360891,0.000000,46
82,92022502873860,13.335703,0.940537,0.635717,12.389009,0.000000,46
83,92022516209563,13.336906,1.376527,0.612465,11.952298,0.000000,46
84,92022529546469,13.329867,1.031395,0.603112,12.291343,0.000000,46
85,92022542876336,13.333597,0.826529,0.582544,12.500360,0.000000,46
86,92022556209933,13.333994,1.065086,0.435328,12.262009,0.000000,46
87,92022569543927,13.335616,1.157259,0.497422,12.169626,0.000000,46
88,92022582879543,13.332155,1.050655,0.602035,12.274067,0.000000,46
89,92022596211698,13.330280,1.351847,0.989790,11.971257,0.000000,46
90,92022609541978,13.334325,1.461370,0.430622,11.866044,0.000000,46
91,92022622876303,13.332725,1.167177,0.406712,12.159066,0.000000,46
92,92022636209028,13.334997,1.003189,0.441973,12.324927,0.000000,46
93,92022649544025,13.331933,1.289181,0.696638,12.036746,0.000000,46
94,92022662875958,13.333233,0.919427,0.591052,12.407351,0.000000,46
95,92022676209191,13.344279,1.068515,0.566492,12.261767,0.000000,46
96,92022689553470,13.325076,1.124376,0.502060,12.190608,0.000000,46
97,92022702878546,13.332113,1.385901,0.495612,11.937542,0.000000,46
98,92022716210659,13.332560,0.869011,0.648900,12.455761,0.000000,46
99,92022729543219,13.330900,1.354372,0.465609,11.970677,0.000000,46
100,92022742874119,13.335202,0.761287,0.536233,12.568610,0.000000,46
101,92022756209321,13.334432,1.043097,0.513745,12.284531,0.000000,46
102,92022769543753,13.335682,1.338997,0.624478,11.988840,0.000000,46
103,92022782879435,13.333141,1.153122,0.608963,12.172007,0.000000,46
104,92022796212576,13.338856,1.137363,0.731962,12.190451,0.000000,46
105,92022809551432,13.325879,1.222819,0.566497,12.094345,0.000000,46
106,92022822877311,13.335981,1.177851,0.719269,12.148833,0.000000,46
107,92022836213292,13.330304,1.300160,0.627579,12.023470,0.000000,46
108,92022849543596,13.334514,1.055112,0.630286,12.272396,0.000000,46
109,92022862878110,13.332373,0.884064,0.663651,12.441727,0.000000,46
110,92022876210483,13.334347,1.016103,0.659192,12.311718,0.000000,46
111,92022889544830,13.331952,1.027400,0.759902,12.298238,0.000000,46
112,92022902876782,13.333384,0.877257,0.637703,12.450113,0.000000,46
113,92022916210166,13.334582,1.073108,0.570025,12.255713,0.000000,46
114,92022929544748,13.335233,1.100684,0.583675,12.226840,0.000000,46
115,92022942879981,13.331171,1.136246,0.626196,12.188775,0.000000,46
116,92022956211152,13.333965,1.074939,0.624313,12.253581,0.000000,46
117,92022969545117,13.332437,1.201237,0.622163,12.125588,0.000000,46
118,92022982877554,13.333956,0.831156,0.704139,12.497006,0.000000,46
119,92022996211510,13.332601,1.175815,0.762463,12.151120,0.000000,46
120,92023009544111,13.333790,0.999991,0.562729,12.328313,0.000000,46
121,92023022877901,13.339418,1.097292,0.590419,12.233088,0.000000,46
122,92023036217319,13.327808,1.061093,0.478646,12.259070,0.000000,46
123,92023049545127,13.333848,1.211237,0.670010,12.116498,0.000000,46
124,92023062878975,13.332984,0.901022,0.698578,12.426375,0.000000,46
125,92023076211959,13.332511,1.273940,0.602800,12.052008,0.000000,46
126,92023089544470,13.483954,1.920545,0.718320,11.550098,0.000000,46
127,92023103028424,13.311306,1.424511,0.707808,11.862760,0.000000,46
128,92023116339730,13.331359,1.154414,0.625168,12.171316,0.000000,46
129,92023129671089,13.334129,1.039986,0.737644,12.287454,0.000000,46
130,92023143005218,13.333698,1.151184,0.537800,12.174149,0.000000,46
131,92023156338916,13.334307,1.603248,0.496399,11.722610,0.000000,46
132,92023169673223,13.333031,1.119690,0.712471,12.206576,0.000000,46
133,92023183006254,13.331803,1.069648,0.704372,12.256302,0.000000,46
134,92023196338057,13.334940,1.338191,0.830749,11.989986,0.000000,46
135,92023209672997,13.333832,1.318939,0.579510,12.006975,0.000000,46
136,92023223006829,13.331931,1.111130,0.670699,12.212896,0.000000,47
137,92023236338760,13.334830,1.386200,0.628408,11.941236,0.000000,47
138,92023249673590,13.338823,1.100753,0.595352,12.227812,0.000000,47
139,92023263012413,13.326600,2.664590,0.427712,10.653303,0.000000,47
140,92023276339013,13.334072,1.251117,0.633336,12.075670,0.000000,47
141,92023289673085,13.334124,1.295068,0.620445,12.031147,0.000000,47
142,92023303007209,13.332996,1.186779,0.625918,12.137656,0.000000,47
143,92023316340205,13.331044,1.304345,1.142085,12.018321,0.000000,47
144,92023329671249,13.336146,1.586765,0.621604,11.741664,0.000000,47
145,92023343007395,13.329973,0.961603,0.739676,12.361159,0.000000,47
146,92023356337368,13.336420,1.187608,0.552762,12.142275,0.000000,47
147,92023369673788,13.333312,1.427712,0.536182,11.898635,0.000000,47
148,92023383007100,13.333444,1.189577,0.571135,12.136208,0.000000,47
149,92023396340544,13.333184,1.192351,0.680668,12.133132,0.000000,47
150,92023409673728,13.333410,1.180102,0.675257,12.146190,0.000000,47
151,92023423007138,13.333128,0.987200,0.731052,12.337720,0.000000,47
152,92023436340266,13.330037,1.203845,1.804684,12.119057,0.000000,47
153,92023449670303,13.337377,5.816285,1.808848,7.514710,0.000000,47
154,92023463007680,13.334606,0.956291,0.582123,12.370905,0.000000,47
155,92023476342286,13.331347,1.586770,0.564826,11.737966,0.000000,47
156,92023489673633,13.335730,1.357577,0.572192,11.971109,0.000000,47
157,92023503009363,13.331931,1.145979,0.609570,12.179329,0.000000,47
158,92023516341294,13.333586,1.394854,0.635137,11.930244,0.000000,47
159,92023529674880,13.349825,1.315443,0.557255,12.020504,0.000000,47
160,92023543024705,13.318531,1.052982,0.513624,12.258231,0.000000,47
161,92023556343236,13.330879,1.369914,0.605129,11.954866,0.000000,47
162,92023569674115,13.335359,1.379570,0.584368,11.948093,0.000000,47
163,92023583009474,13.334767,1.421489,0.652445,11.906129,0.000000,47
164,92023596344241,13.335805,1.180347,0.634900,12.145082,0.000000,47
165,92023609680046,13.328691,1.322813,0.596615,11.997259,0.000000,47
166,92023623008737,13.334461,0.945144,0.628210,12.382148,0.000000,47
167,92023636343198,13.330944,0.915027,0.446688,12.409998,0.000000,47
168,92023649674142,13.335069,0.986404,0.713288,12.343361,0.000000,47
169,92023663009211,13.335517,1.276856,0.654196,12.052915,0.000000,47
170,92023676344728,13.333966,1.354631,0.498847,11.970199,0.000000,47
171,92023689678694,13.331410,1.654983,0.668900,11.669053,0.000000,47
172,92023703010104,13.335078,1.238817,0.568753,12.088735,0.000000,47
173,92023716345182,13.332718,1.076841,0.544632,12.248609,0.000000,47
174,92023729677900,13.333847,1.191287,0.738704,12.134642,0.000000,47
175,92023743011747,13.334077,1.048292,0.520884,12.277572,0.000000,47
176,92023756345824,13.332253,1.014685,0.651243,12.311130,0.000000,47
177,92023769678077,13.332691,1.015137,0.583441,12.311774,0.000000,47
178,92023783010768,13.334588,1.001612,0.400733,12.326496,0.000000,47
179,92023796345356,13.330098,1.444768,0.687184,11.876782,0.000000,47
180,92023809675454,13.336413,1.037674,0.624099,12.291946,0.000000,47
181,92023823011867,13.334225,1.053138,0.600182,12.273497,0.000000,47
182,92023836346092,13.333584,1.205691,0.633980,12.119946,0.000000,47
183,92023849679676,13.333742,1.204705,0.621550,12.120591,0.000000,47
184,92023863013418,13.335332,1.174127,0.631193,12.151157,0.000000,47
185,92023876348750,13.330434,1.746444,0.382010,11.576189,0.000000,47
186,92023889679184,13.333749,0.944013,0.567238,12.381670,0.000000,47
187,92023903012933,13.332050,1.065397,0.574449,12.259883,0.000000,47
188,92023916344983,13.333894,1.055578,0.504925,12.271014,0.000000,47
189,92023929678877,13.333395,1.080963,0.460534,12.246336,0.000000,47
190,92023943012272,13.334763,0.877186,0.339561,12.451367,0.000000,47
191,92023956347035,13.331954,1.014022,0.479927,12.309991,0.000000,47
192,92023969678989,13.333507,0.963065,0.535869,12.364422,0.000000,47
193,92023983012496,13.334269,0.961788,1.175514,12.364149,0.000000,47
194,92023996346765,13.330995,2.100198,0.483975,11.224824,0.000000,47
195,92024009677760,13.334110,1.142315,0.498668,12.184855,0.000000,47
196,92024023011870,13.333623,0.928907,0.353990,12.398936,0.000000,47
197,92024036345493,13.332826,0.882053,0.456783,12.445046,0.000000,47
198,92024049678319,13.335255,0.890253,0.534876,12.439101,0.000000,47
199,92024063013574,13.331886,0.840836,0.456995,12.483699,0.000000,47
200,92024076345460,13.332637,1.003536,0.455889,12.323355,0.000000,47
201,92024089678097,13.334899,1.073816,0.454848,12.254418,0.000000,47
202,92024103012996,13.332341,1.005111,0.449107,12.320416,0.000000,47
203,92024116345337,13.333767,1.168909,0.485763,12.159047,0.000000,47
204,92024129679104,13.333779,0.907455,0.459478,12.420402,0.000000,47
205,92024143012883,13.332761,0.882723,0.451671,12.443068,0.000000,47
206,92024156345644,13.332900,1.103605,0.345135,12.223018,0.000000,47
207,92024169678544,13.333840,0.875316,0.495890,12.452439,0.000000,47
208,92024183012384,13.331450,0.816735,0.468902,12.509333,0.000000,47
209,92024196343834,13.335589,0.853581,0.485996,12.476030,0.000000,48
210,92024209679423,13.332919,0.949671,0.486455,12.377241,0.000000,48
211,92024223012342,13.335911,1.046817,1.625738,12.281760,0.000000,48
212,92024236348253,15.441455,15.434122,0.578878,0.001709,0.000000,48
213,92024251789708,13.334822,0.970395,0.476033,12.359189,0.000000,48
214,92024265124530,13.333454,0.838091,0.464889,12.489651,0.000000,48
215,92024278457984,13.334356,0.884821,0.490764,12.443935,0.000000,48
216,92024291792340,13.332022,1.353383,0.454794,11.972772,0.000000,48
217,92024305124362,13.334025,0.837329,0.476108,12.491157,0.000000,48
218,92024318458387,13.331478,0.926468,0.434612,12.399665,0.000000,48
219,92024331789865,13.334532,0.956098,0.465040,12.373492,0.000000,48
220,92024345124397,13.333921,0.803009,0.464510,12.525678,0.000000,48
221,92024358458318,13.332221,0.873402,0.431065,12.453925,0.000000,48
222,92024371790539,13.341607,0.855930,0.447425,12.476108,0.000000,48
223,92024385132146,13.328210,0.885805,0.470037,12.433934,0.000000,48
224,92024398460356,13.329672,1.090826,0.453071,12.231709,0.000000,48
225,92024411790028,13.338071,1.042007,0.563650,12.289244,0.000000,48
226,92024425128099,13.335206,0.982944,0.467900,12.337505,0.000000,48
227,92024438463305,13.326981,1.110417,0.367533,12.209419,0.000000,48
228,92024451790286,13.346174,0.873529,0.315054,12.460468,0.000000,48
229,92024465136460,13.325820,1.028344,0.466053,12.288493,0.000000,48
230,92024478462280,13.337567,1.058110,0.480684,12.270476,0.000000,48
231,92024491799847,13.335058,1.212188,0.528235,12.109882,0.000000,48
232,92024505134905,13.334315,1.183979,0.464112,12.138118,0.000000,48
233,92024518469220,13.328266,1.103197,0.530780,12.215679,0.000000,48
234,92024531797486,13.338686,1.359632,0.459936,11.967107,0.000000,48
235,92024545136172,13.326992,1.307809,0.473917,12.009867,0.000000,48
236,92024558463164,13.332260,1.811873,0.491431,11.512737,0.000000,48
237,92024571795424,13.339771,1.235407,0.334259,12.092859,0.000000,48
238,92024585135195,13.329615,0.957044,0.296020,12.362087,0.000000,48
239,92024598464810,13.331876,1.091045,0.359006,12.233445,0.000000,48
240,92024611796686,13.335859,1.188406,0.329642,12.137192,0.000000,48
241,92024625132545,13.327505,0.875028,0.535963,12.434107,0.000000,48
242,92024638460050,13.334994,0.992948,0.553573,12.336593,0.000000,48
243,92024651795044,13.337579,1.403617,0.473098,11.922767,0.000000,48
244,92024665132623,13.337921,0.929359,0.518366,12.397194,0.000000,48
245,92024678470544,13.325322,0.951702,0.462694,12.365993,0.000000,48
246,92024691795866,13.336739,0.995104,0.437829,12.331174,0.000000,48
247,92024705132605,13.328532,0.873205,0.475855,12.449015,0.000000,48
248,92024718461137,13.334993,1.031848,0.513183,12.296965,0.000000,48
249,92024731796130,13.335168,1.067494,0.496090,12.258745,0.000000,48
250,92024745131298,13.330458,0.866627,0.440172,12.458052,0.000000,48
251,92024758461756,13.333974,1.215236,0.503673,12.112901,0.000000,48
252,92024771795730,13.336252,1.063827,0.432130,12.263514,0.000000,48
253,92024785131982,13.330116,0.755120,0.446593,12.568668,0.000000,48
254,92024798462098,13.334616,0.829659,0.430776,12.498984,0.000000,48
255,92024811796714,13.335733,0.937054,0.443600,12.389285,0.000000,48
256,92024825132447,13.330096,0.725113,0.411492,12.598624,0.000000,48
257,92024838462543,13.343811,0.836579,0.424053,12.495950,0.000000,48
258,92024851806354,13.329137,0.871368,0.449286,12.444728,0.000000,48
259,92024865135491,13.326873,1.160589,0.402082,12.159690,0.000000,48
260,92024878462364,13.333862,0.892646,0.383083,12.434633,0.000000,48
261,92024891796226,13.333807,1.024094,0.406638,12.301759,0.000000,48
262,92024905130033,13.336947,0.885889,0.369943,12.444022,0.000000,48
263,92024918466980,13.330160,0.942667,0.452748,12.379504,0.000000,48
264,92024931797140,13.336075,0.959691,0.312186,12.366287,0.000000,48
265,92024945133215,13.331126,0.855568,0.364883,12.468264,0.000000,48
266,92024958464341,13.333883,0.852627,0.379348,12.473877,0.000000,48
267,92024971798224,13.337395,1.082642,0.388208,12.247172,0.000000,48
268,92024985135619,13.327849,0.931535,0.269331,12.389866,0.000000,48
269,92024998463468,13.333944,0.873306,0.305565,12.454348,0.000000,48
270,92025011797412,13.338033,0.886338,0.318778,12.445242,0.000000,48
271,92025025135445,13.329135,0.734030,0.440154,12.588287,0.000000,48
272,92025038464580,13.331986,0.998498,0.469516,12.326683,0.000000,48
273,92025051796566,13.337547,0.787248,0.453198,12.544072,0.000000,48
274,92025065134113,13.331466,0.767001,0.334525,12.556823,0.000000,48
275,92025078465579,13.333280,1.223179,0.302595,12.101710,0.000000,48
276,92025091798859,13.338169,1.039829,0.344350,12.289988,0.000000,48
277,92025105137028,13.335094,0.868462,0.321679,12.455333,0.000000,49
278,92025118472122,13.329400,1.031018,0.382322,12.290247,0.000000,49
279,92025131801522,13.338622,0.860832,0.416633,12.468235,0.000000,49
280,92025145140144,13.323981,0.815524,0.522381,12.501462,0.000000,49
281,92025158464125,13.338661,0.984171,0.445088,12.345340,0.000000,49
282,92025171802786,13.339108,0.875038,0.511542,12.456004,0.000000,49
283,92025185141894,13.322273,1.121876,0.311708,12.193039,0.000000,49
284,92025198464167,13.334454,0.813794,0.357201,12.514652,0.000000,49
285,92025211798621,13.336660,0.966302,0.277825,12.363644,0.000000,49
286,92025225135281,13.335675,0.693783,0.378495,12.631862,0.000000,49
287,92025238470956,13.324910,0.814073,0.382995,12.505143,0.000000,49
288,92025251795866,13.338368,0.761623,0.446319,12.571657,0.000000,49
289,92025265134234,13.335663,0.767814,0.353324,12.558414,0.000000,49
290,92025278469897,13.326692,0.775223,0.374494,12.545320,0.000000,49
291,92025291796589,13.337223,1.077752,0.409561,12.254184,0.000000,49
292,92025305133812,13.329423,0.707541,0.383723,12.616485,0.000000,49
293,92025318463235,13.335024,0.752718,0.391372,12.576575,0.000000,49
294,92025331798259,13.337192,0.796286,0.408860,12.534831,0.000000,49
295,92025345135451,13.328299,0.717428,0.492445,12.604791,0.000000,49
296,92025358463750,13.332998,0.942153,0.428041,12.385367,0.000000,49
297,92025371796748,13.337748,0.862289,0.386410,12.469674,0.000000,49
298,92025385134496,13.330750,0.719889,0.392092,12.604148,0.000000,49
299,92025398465246,13.332611,1.027001,0.389447,12.299435,0.000000,49
300,92025411797857,13.336561,0.801597,0.417355,12.529390,0.000000,49
301,92025425134418,13.333785,0.695257,0.376749,12.632537,0.000000,49
302,92025438468203,13.329895,0.810565,0.376552,12.511800,0.000000,49
303,92025451798098,13.336274,0.725780,0.440512,12.604739,0.000000,49
304,92025465134372,13.333952,0.805197,0.374299,12.522417,0.000000,49
305,92025478468324,13.331998,0.970255,0.273276,12.354369,0.000000,49
306,92025491800322,13.333856,0.888913,0.330902,12.438168,0.000000,49
307,92025505134178,13.331304,1.019090,0.294872,12.306829,0.000000,49
308,92025518465482,13.333292,0.821785,0.315790,12.505598,0.000000,49
309,92025531798774,13.338403,0.949100,0.319679,12.383440,0.000000,49
310,92025545137177,13.328577,0.757880,0.290330,12.564720,0.000000,49
311,92025558465754,13.332119,0.921462,0.374998,12.405608,0.000000,49
312,92025571797873,13.336399,0.830823,0.288484,12.500441,0.000000,49
313,92025585134272,13.330096,0.730198,0.273975,12.594248,0.000000,49
314,92025598464368,13.333090,0.772640,0.266880,12.556018,0.000000,49
315,92025611797458,13.333814,1.019422,0.313763,12.310032,0.000000,49
316,92025625131272,13.336018,0.686469,0.272657,12.644727,0.000000,49
317,92025638467290,13.333913,0.944935,0.260988,12.382334,0.000000,49
318,92025651801203,13.333870,0.894490,0.307993,12.433985,0.000000,49
319,92025665135073,13.336324,0.859350,0.267270,12.470657,0.000000,49
320,92025678471397,13.330744,0.969263,0.276099,12.353690,0.000000,49
321,92025691802141,13.331992,0.915028,0.283772,12.411128,0.000000,49
322,92025705134133,13.337467,0.726353,0.257761,12.605496,0.000000,49
323,92025718471600,13.330944,1.194815,0.346239,12.129607,0.000000,49
324,92025731802544,13.334674,1.023604,0.315776,12.305975,0.000000,49
325,92025745137218,13.333181,0.854253,0.264577,12.472743,0.000000,49
326,92025758470399,13.335545,0.834886,0.256534,12.494168,0.000000,49
327,92025771805944,13.330787,1.027759,0.368868,12.296829,0.000000,49
328,92025785136731,13.332962,0.859861,0.433772,12.467028,0.000000,49
329,92025798469693,13.334614,1.010291,0.379272,12.317607,0.000000,49
330,92025811804307,13.332637,0.993007,0.373007,12.332262,0.000000,49
331,92025825136944,13.333649,1.094165,0.422582,12.233038,0.000000,49
332,92025838470593,13.332499,0.998638,0.372356,12.328597,0.000000,49
333,92025851803092,13.333787,0.885751,0.378410,12.441410,0.000000,49
334,92025865136879,13.334139,0.856810,0.322037,12.470514,0.000000,49
335,92025878471018,13.333098,1.101433,0.371142,12.224564,0.000000,49
336,92025891804116,13.332335,0.877848,0.389346,12.448100,0.000000,49
337,92025905136451,13.337329,0.843497,0.351814,12.485468,0.000000,49
338,92025918473780,13.331493,0.897077,0.427110,12.426191,0.000000,49
339,92025931805273,13.332435,1.248861,0.374259,12.076259,0.000000,49
340,92025945137708,13.332637,0.824205,0.355756,12.503104,0.000000,49
341,92025958470345,13.334099,0.847550,0.359053,12.480541,0.000000,49
342,92025971804444,13.333883,0.918765,0.455202,12.409093,0.000000,49
343,92025985138327,13.335799,0.785659,0.353093,12.543317,0.000000,49
344,92025998474126,13.331465,0.963754,0.418565,12.360363,0.000000,49
345,92026011805591,13.331457,0.956748,0.362082,12.368452,0.000000,49
346,92026025137048,13.336465,0.837352,0.356052,12.493101,0.000000,49
347,92026038473513,13.332061,1.339595,0.368151,11.985242,0.000000,49
348,92026051805574,13.334068,0.948306,0.413033,12.379319,0.000000,49
349,92026065139642,13.336140,0.865837,0.369527,12.460664,0.000000,49
350,92026078475782,13.328046,0.933071,0.406793,12.387779,0.000000,49
351,92026091803828,13.335028,0.870299,0.401672,12.459124,0.000000,49
352,92026105138856,13.335271,0.842877,0.333836,12.485256,0.000000,49
353,92026118474127,13.332448,0.902824,0.401115,12.422990,0.000000,49
354,92026131806575,13.334485,0.936034,0.380834,12.391955,0.000000,49
355,92026145141060,13.332566,1.094672,0.392177,12.230573,0.000000,49
356,92026158473626,13.332546,1.047192,0.365167,12.279161,0.000000,49
357,92026171806172,13.334829,0.820408,0.341053,12.509138,0.000000,49
358,92026185141001,13.332043,0.700434,0.353197,12.626385,0.000000,49
359,92026198473044,13.335884,0.775152,0.422340,12.554753,0.000000,49
360,92026211808928,13.331833,0.844000,0.371028,12.481372,0.000000,49
361,92026225140761,13.331697,0.728456,0.367833,12.598082,0.000000,49
362,92026238472458,13.337439,0.744913,0.394947,12.586352,0.000000,49
363,92026251809897,13.329965,1.134819,0.428618,12.188344,0.000000,49
364,92026265139862,13.333269,0.774879,0.406556,12.553142,0.000000,49
365,92026278473131,13.332880,0.906977,0.377630,12.419879,0.000000,49
366,92026291806011,13.333418,0.920009,0.373623,12.407801,0.000000,49
367,92026305139429,13.332612,0.739854,0.357667,12.587256,0.000000,49
368,92026318472041,13.334117,0.876635,0.381324,12.452277,0.000000,49
369,92026331806158,13.334171,0.869192,0.427339,12.458796,0.000000,49
370,92026345140329,13.334973,0.780800,0.503411,12.547524,0.000000,49
371,92026358475302,13.331089,1.204435,0.409208,12.120094,0.000000,49
372,92026371806391,13.333015,0.901759,0.444558,12.424421,0.000000,49
373,92026385139406,13.334701,0.814162,0.388222,12.515035,0.000000,49
374,92026398474107,13.332393,0.946535,0.407448,12.379884,0.000000,49
375,92026411806500,13.333954,0.845883,0.370152,12.480633,0.000000,49
376,92026425140454,13.341088,0.758348,0.358059,12.575074,0.000000,49
377,92026438481542,13.332606,0.931967,0.387240,12.393828,0.000000,49
378,92026451814148,13.331565,0.920840,0.370877,12.404905,0.000000,49
379,92026465145713,13.336102,0.996952,0.398437,12.332843,0.000000,49
380,92026478481815,13.330348,0.912200,0.371650,12.412003,0.000000,49
381,92026491812163,13.335069,0.859071,0.354564,12.470696,0.000000,49
382,92026505147232,13.332795,0.794854,0.360465,12.532141,0.000000,49
383,92026518480027,13.333850,1.075932,0.363185,12.252363,0.000000,49
384,92026531813877,13.335605,0.926015,0.283762,12.403152,0.000000,49
385,92026545149482,13.333149,0.796660,0.422373,12.530628,0.000000,49
386,92026558482631,13.332262,1.267830,0.349189,12.058146,0.000000,49
387,92026571814893,13.333262,1.218125,0.265757,12.109450,0.000000,49
388,92026585148155,13.333139,0.811884,0.373104,12.515969,0.000000,49
389,92026598481294,13.332506,0.895423,0.430094,12.430806,0.000000,49
390,92026611813800,13.332371,0.934371,0.406287,12.393029,0.000000,49
391,92026625146171,13.336815,0.748076,0.393033,12.583286,0.000000,49
392,92026638482986,13.331765,0.993864,0.422293,12.331880,0.000000,50
393,92026651814751,13.331721,0.956243,0.358366,12.369517,0.000000,50
394,92026665146472,13.336914,0.795580,0.376015,12.534666,0.000000,50
395,92026678483386,13.332117,2.061469,0.375199,11.263473,0.000000,50
396,92026691815503,13.335388,0.905429,0.391038,12.423684,0.000000,50
397,92026705150891,13.330655,0.667836,0.394522,12.657484,0.000000,50
398,92026718481546,13.334391,0.766741,0.392594,12.562767,0.000000,50
399,92026731815937,13.330988,0.796550,0.341730,12.529082,0.000000,50
400,92026745146925,13.333713,0.621540,0.331447,12.707512,0.000000,50
401,92026758480638,13.335168,0.719170,0.360252,12.610294,0.000000,50
402,92026771815806,13.332053,0.796371,0.350997,12.530520,0.000000,50
403,92026785147859,13.332302,0.846352,0.375138,12.481677,0.000000,50
404,92026798480161,13.334615,0.692384,0.359449,12.636967,0.000000,50
405,92026811814776,13.331903,0.838909,0.356476,12.488357,0.000000,50
406,92026825146679,13.335221,0.603961,0.385901,12.725880,0.000000,50
407,92026838481900,13.332759,0.746295,0.376684,12.581500,0.000000,50
408,92026851814659,13.336665,0.917614,0.402734,12.414017,0.000000,50
409,92026865151324,13.333699,0.831055,0.587325,12.495917,0.000000,50
410,92026878485023,13.332623,0.996303,0.415809,12.328461,0.000000,50
411,92026891817646,13.332643,1.211382,0.434107,12.115510,0.000000,50
412,92026905150289,13.333971,0.841640,0.381684,12.486611,0.000000,50
413,92026918484260,13.333389,0.893655,0.356344,12.433045,0.000000,50
414,92026931817649,13.332985,0.880628,0.371336,12.445518,0.000000,50
415,92026945150634,13.333597,0.814247,0.371145,12.512961,0.000000,50
416,92026958484231,13.334450,0.899102,0.386477,12.427921,0.000000,50
417,92026971818681,13.331042,0.915888,0.393692,12.408664,0.000000,50
418,92026985149723,13.333488,0.825258,0.395488,12.502026,0.000000,50
419,92026998483211,13.333656,1.192577,0.373929,12.135516,0.000000,50
420,92027011816867,13.334720,0.927576,0.385471,12.401800,0.000000,50
421,92027025151587,13.335399,0.841527,0.392142,12.485824,0.000000,50
422,92027038486986,13.329932,0.976570,0.382997,12.347707,0.000000,50
423,92027051816918,13.337392,0.933048,0.381662,12.396254,0.000000,50
424,92027065154310,13.332389,0.930204,0.399038,12.394595,0.000000,50
425,92027078486699,13.329848,0.974509,0.363068,12.349301,0.000000,50
426,92027091816547,13.341893,0.976510,0.368678,12.354985,0.000000,50
427,92027105158440,13.326294,1.242410,0.362935,12.075502,0.000000,50
428,92027118484734,13.342562,0.944809,0.380667,12.391790,0.000000,50
429,92027131827296,13.340578,1.072195,0.405061,12.258665,0.000000,50
430,92027145167874,13.326919,0.890661,0.368529,12.428246,0.000000,50
431,92027158494793,13.331755,1.321136,0.358904,12.004093,0.000000,50
432,92027171826548,13.332526,0.860278,0.390976,12.467558,0.000000,50
433,92027185159074,13.340066,0.733336,0.436663,12.599205,0.000000,50
434,92027198499140,13.331230,1.083919,0.423942,12.237990,0.000000,50
435,92027211830370,13.331592,1.297489,0.409100,12.026830,0.000000,50
436,92027225161962,13.332376,0.765376,0.407856,12.560839,0.000000,50
437,92027238494338,13.339786,0.795008,0.356537,12.534586,0.000000,50
438,92027251834124,13.326239,0.748733,0.345699,12.571677,0.000000,50
439,92027265160363,13.336236,0.616049,0.392567,12.714413,0.000000,50
440,92027278496599,13.331008,0.932283,0.274170,12.392886,0.000000,50
441,92027291827607,13.335300,1.012523,0.385820,12.316512,0.000000,50
442,92027305162907,13.331993,0.814157,0.363199,12.511856,0.000000,50
443,92027318494900,13.333582,1.138692,0.366375,12.188921,0.000000,50
444,92027331828482,13.333703,0.920068,0.407500,12.408174,0.000000,50
445,92027345162185,13.334594,0.776647,0.480073,12.551702,0.000000,50
446,92027358496779,13.334095,1.027745,0.399421,12.299445,0.000000,50
447,92027371830874,13.330540,0.947511,0.380191,12.376697,0.000000,50
448,92027385161414,13.336862,0.863743,0.449523,12.465705,0.000000,50
449,92027398498276,13.328377,0.877699,0.385277,12.445183,0.000000,50
450,92027411826653,13.335081,0.761650,0.366944,12.568698,0.000000,50
451,92027425161734,13.339388,0.822699,0.408242,12.508527,0.000000,50
452,92027438501122,13.326773,0.704319,0.484941,12.617423,0.000000,50
453,92027451827895,13.336889,0.866422,0.397084,12.462662,0.000000,50
454,92027465164784,13.328603,0.623347,0.437066,12.699972,0.000000,50
455,92027478493387,13.336178,0.646910,0.378491,12.683381,0.000000,50
456,92027491829565,13.331027,0.774379,0.393157,12.551296,0.000000,50
457,92027505160592,13.332857,0.558682,0.395160,12.770220,0.000000,50
458,92027518493449,13.333833,0.686144,0.392064,12.642955,0.000000,50
459,92027531827282,13.337563,0.884609,0.400450,12.445668,0.000000,50
460,92027545164845,13.330011,0.588381,0.422315,12.736399,0.000000,50
461,92027558494856,13.332974,0.697699,0.404473,12.630842,0.000000,50
462,92027571827830,13.335516,0.778640,0.384441,12.550771,0.000000,50
463,92027585163346,13.334945,0.605441,0.359584,12.721177,0.000000,50
464,92027598498291,13.331148,0.632439,0.386903,12.693920,0.000000,50
465,92027611829439,13.332342,0.650165,0.369888,12.676400,0.000000,50
466,92027625161781,13.335891,0.546041,0.380511,12.785223,0.000000,50
467,92027638497672,13.333283,1.039249,0.409422,12.287165,0.000000,50
468,92027651830955,13.332202,0.945027,0.400210,12.381510,0.000000,50
469,92027665163157,13.331855,0.608265,0.395911,12.717651,0.000000,50
470,92027678495012,13.335999,0.723384,0.447197,12.607333,0.000000,50
471,92027691831011,13.331017,0.709867,0.347473,12.615273,0.000000,50
472,92027705162028,13.338037,0.670928,0.281388,12.660122,0.000000,50
473,92027718500065,13.331891,0.747106,0.314686,12.579403,0.000000,50
474,92027731831956,13.336382,0.963109,0.252675,12.366281,0.000000,50
475,92027745168338,13.332008,1.336693,0.286025,11.985820,0.000000,50
476,92027758500346,13.329660,1.148867,0.232564,12.173627,0.000000,50
477,92027771830006,13.335878,0.862712,0.262955,12.466561,0.000000,50
478,92027785165884,13.332825,0.920616,0.247575,12.405563,0.000000,50
479,92027798498709,13.338576,0.942071,0.283096,12.387445,0.000000,50
480,92027811837285,13.336434,1.112993,0.356560,12.211101,0.000000,50
481,92027825173719,13.332912,0.937995,0.358997,12.383769,0.000000,50
482,92027838506631,13.323437,1.049897,0.418393,12.265023,0.000000,50
483,92027851830068,13.332451,0.981568,0.370984,12.345938,0.000000,50
484,92027865162519,13.335425,0.593493,0.381205,12.735978,0.000000,50
485,92027878497944,13.332402,0.695660,0.382071,12.631304,0.000000,50
486,92027891830346,13.331379,0.743753,0.356857,12.583796,0.000000,50
487,92027905161725,13.336122,0.664536,0.371371,12.665986,0.000000,50
488,92027918497847,13.331502,0.787680,0.408771,12.538798,0.000000,50
489,92027931829349,13.334121,0.744197,0.400294,12.585718,0.000000,50
490,92027945163470,13.335164,0.602596,0.417579,12.727359,0.000000,50
491,92027958498634,13.329941,1.285628,0.427489,12.039575,0.000000,50
492,92027971828575,13.334020,0.648989,0.387131,12.681024,0.000000,50
493,92027985162595,13.334244,0.571429,0.375377,12.757973,0.000000,50
494,92027998496839,13.335089,0.798688,0.396423,12.530558,0.000000,50
495,92028011831928,13.332122,0.746714,0.481028,12.580122,0.000000,50
496,92028025164050,13.332179,0.651511,0.422572,12.676452,0.000000,50
497,92028038496229,13.332377,0.762667,0.404720,12.565987,0.000000,50
498,92028051828606,13.334574,0.616538,0.421377,12.714335,0.000000,50
499,92028065163180,13.334092,0.817986,0.389447,12.511857,0.000000,50
500,92028078497272,13.333625,0.768625,0.423108,12.560870,0.000000,50
501,92028091830897,13.332776,1.064474,0.565221,12.263152,0.000000,50
502,92028105163673,13.333930,0.899928,0.461156,12.429999,0.000000,50
503,92028118497603,13.335942,0.956172,0.506244,12.374472,0.000000,50
504,92028131833545,13.333762,0.992290,0.444941,12.335341,0.000000,50
505,92028145167307,13.334908,1.166863,0.473866,12.161632,0.000000,50
506,92028158502215,13.333055,1.329917,0.425886,11.993960,0.000000,50
507,92028171835270,13.331276,1.568323,0.457690,11.756751,0.000000,50
508,92028185166546,13.337961,0.939070,0.418629,12.388063,0.000000,50
509,92028198504507,13.329785,1.338901,0.484290,11.983124,0.000000,50
510,92028211834292,13.332591,1.024885,0.542025,12.299170,0.000000,50
511,92028225166883,13.338747,1.058844,0.476915,12.271203,0.000000,50
512,92028238505630,13.329478,1.108929,0.488623,12.212005,0.000000,51
513,92028251835108,13.332568,1.161631,0.373394,12.164675,0.000000,51
514,92028265167676,13.339199,1.042891,0.494381,12.285090,0.000000,51
515,92028278506875,13.326960,1.375200,0.499273,11.943545,0.000000,51
516,92028291833835,13.337953,0.934002,0.495726,12.395596,0.000000,51
517,92028305171788,13.329779,1.055670,0.463544,12.266641,0.000000,51
518,92028318501567,13.333049,1.094592,0.521228,12.232137,0.000000,51
519,92028331834616,13.332873,1.159981,0.505518,12.166796,0.000000,51
520,92028345167489,13.335252,1.062775,0.593003,12.264917,0.000000,51
521,92028358502741,13.331088,1.325094,0.387421,12.000049,0.000000,51
522,92028371833829,13.334971,1.134300,0.402948,12.194264,0.000000,51
523,92028385168800,13.331069,1.477820,0.417634,11.847745,0.000000,51
524,92028398499869,13.336252,1.054877,0.534695,12.274708,0.000000,51
525,92028411836121,13.330870,1.045625,0.558808,12.279611,0.000000,51
526,92028425166991,13.335114,0.909504,0.538292,12.420204,0.000000,51
527,92028438502105,13.332196,1.041910,0.637449,12.284692,0.000000,51
528,92028451834301,13.331509,0.871579,0.493250,12.455354,0.000000,51
529,92028465165810,13.333665,0.733887,0.489764,12.595304,0.000000,51
530,92028478499475,13.333276,0.897974,0.542072,12.431048,0.000000,51
531,92028491832751,13.333214,1.091133,0.603779,12.237650,0.000000,51
532,92028505165965,13.334253,0.656988,0.558774,12.672634,0.000000,51
533,92028518500218,13.332802,0.884309,0.548139,12.444038,0.000000,51
534,92028531833020,13.333734,0.945889,0.572246,12.382708,0.000000,51
535,92028545166754,13.336082,0.844441,0.564412,12.486195,0.000000,51
536,92028558502836,13.332869,1.266863,0.501467,12.060533,0.000000,51
537,92028571835705,13.333217,1.107871,0.628966,12.220171,0.000000,51
538,92028585168922,13.336278,0.985550,0.518260,12.343642,0.000000,51
539,92028598505200,13.329416,1.285761,0.483712,12.037603,0.000000,51
540,92028611834616,13.335895,0.989425,0.571150,12.341466,0.000000,51
541,92028625170511,13.332574,1.120228,0.569718,12.206572,0.000000,51
542,92028638503085,13.332728,1.270890,0.629649,12.055761,0.000000,51
543,92028651835813,13.333241,0.973948,0.540005,12.353121,0.000000,51
544,92028665169054,13.332176,0.926189,0.329522,12.400243,0.000000,51
545,92028678501230,13.334409,0.904454,0.335182,12.423867,0.000000,51
546,92028691835639,13.333691,1.056545,0.478209,12.272046,0.000000,51
547,92028705169330,13.332389,1.117311,0.518214,12.210129,0.000000,51
548,92028718501719,13.334368,1.269001,0.461794,12.060259,0.000000,51
549,92028731836087,13.332629,1.028812,0.569237,12.298317,0.000000,51
550,92028745168716,13.334148,0.748600,0.537187,12.580391,0.000000,51
551,92028758502864,13.334369,0.952703,0.503196,12.376196,0.000000,51
552,92028771837233,13.331756,0.852526,0.553406,12.473929,0.000000,51
553,92028785168989,13.337569,0.827049,0.586239,12.504511,0.000000,51
554,92028798506558,13.330690,1.550800,0.405347,11.773240,0.000000,51
555,92028811837248,13.331976,1.398664,0.472390,11.927286,0.000000,51
556,92028825169224,13.335604,0.868187,0.458387,12.461566,0.000000,51
557,92028838504828,13.332584,1.028526,0.563743,12.297764,0.000000,51
558,92028851837412,13.334001,0.933694,0.493345,12.394735,0.000000,51
559,92028865171413,13.332507,0.692266,0.504032,12.634458,0.000000,51
560,92028878503920,13.333085,0.840221,0.466128,12.487342,0.000000,51
561,92028891837005,13.334230,0.799172,0.447040,12.529858,0.000000,51
562,92028905171235,13.332740,0.735854,0.435924,12.591193,0.000000,51
563,92028918503975,13.331857,1.081576,0.519931,12.245254,0.000000,51
564,92028931835832,13.333214,0.795726,0.518098,12.533414,0.000000,51
565,92028945169046,13.336128,0.749368,0.316303,12.581775,0.000000,51
566,92028958505174,13.331683,0.832884,0.428640,12.493481,0.000000,51
567,92028971836857,13.333539,0.739943,0.461468,12.587306,0.000000,51
568,92028985170396,13.331277,0.710822,0.466405,12.616198,0.000000,51
569,92028998501673,13.334176,0.728626,0.450352,12.601366,0.000000,51
570,92029011835849,13.334016,0.730634,0.463332,12.598636,0.000000,51
571,92029025169865,13.332419,0.867861,0.497715,12.460209,0.000000,51
572,92029038502284,13.333882,0.872008,0.340619,12.457411,0.000000,51
573,92029051836166,13.333857,0.758839,0.485076,12.570138,0.000000,51
574,92029065170023,13.332319,0.778481,0.420017,12.548891,0.000000,51
575,92029078502342,13.333925,0.757174,0.428781,12.572746,0.000000,51
576,92029091836267,13.334149,0.731041,0.349389,12.598035,0.000000,51
577,92029105170416,13.332402,0.712572,0.445964,12.615683,0.000000,51
578,92029118502818,13.333764,0.819297,0.520481,12.509872,0.000000,51
579,92029131836582,13.334096,0.978470,0.461437,12.350841,0.000000,51
580,92029145170678,13.334049,0.716332,0.420814,12.613335,0.000000,51
581,92029158504727,13.331666,0.801429,0.445740,12.525522,0.000000,51
582,92029171836393,13.333876,0.724771,0.571109,12.604416,0.000000,51
583,92029185170269,13.332874,2.038530,0.448730,11.290109,0.000000,51
584,92029198503143,13.335082,0.803363,0.447141,12.526424,0.000000,51
585,92029211838225,13.333035,0.786256,0.425707,12.542234,0.000000,51
586,92029225171260,13.332549,0.612330,0.475824,12.715906,0.000000,51
587,92029238503809,13.332852,0.949618,0.414724,12.378289,0.000000,51
588,92029251836661,13.332695,0.686388,0.384885,12.642153,0.000000,51
589,92029265169356,13.336949,0.590351,0.405433,12.741762,0.000000,51
590,92029278506305,13.332168,0.930922,0.556233,12.394839,0.000000,51
591,92029291838473,13.333464,1.884876,0.387748,11.443662,0.000000,51
592,92029305171937,13.333042,0.677391,0.403001,12.650680,0.000000,51
593,92029318504979,13.333721,0.771482,0.374034,12.556697,0.000000,51
594,92029331838700,13.333302,0.937452,0.331342,12.389520,0.000000,51
595,92029345172002,13.335372,0.982275,0.265543,12.347303,0.000000,51
596,92029358507374,13.330813,0.940944,0.250978,12.383493,0.000000,51
597,92029371838187,13.335171,0.949237,0.357163,12.380562,0.000000,51
598,92029385173358,13.333704,0.665938,0.298905,12.662061,0.000000,51
599,92029398507062,13.331747,0.851324,0.250606,12.475219,0.000000,51
600,92029411838809,13.333810,0.760950,0.289659,12.568087,0.000000,51
601,92029425172619,13.335680,0.752572,0.443929,12.578172,0.000000,51
602,92029438508299,13.329944,2.289268,0.342430,11.034977,0.000000,51
603,92029451838243,13.335699,0.979994,0.310849,12.350276,0.000000,51
604,92029465173942,13.332497,0.635771,0.350034,12.690971,0.000000,51
605,92029478506439,13.331564,0.723099,0.383001,12.603512,0.000000,51
606,92029491838003,13.334126,0.648950,0.328121,12.680033,0.000000,51
607,92029505172129,13.333412,0.550484,0.358009,12.777846,0.000000,51
608,92029518505541,13.335326,0.670481,0.371062,12.659899,0.000000,51
609,92029531840867,13.332628,0.767496,0.364415,12.559481,0.000000,51
610,92029545173495,13.333073,0.719279,0.281912,12.608629,0.000000,51
611,92029558506568,13.333509,0.967721,0.263771,12.360119,0.000000,51
612,92029571840077,13.332440,0.769402,0.343771,12.558037,0.000000,51
613,92029585172517,13.333408,0.610873,0.331013,12.717823,0.000000,51
614,92029598505925,13.335163,0.747697,0.368104,12.582422,0.000000,51
615,92029611841088,13.333326,0.765649,0.331827,12.561942,0.000000,51
616,92029625174414,13.333634,0.662401,0.352140,12.666175,0.000000,51
617,92029638508048,13.334080,0.737704,0.360898,12.590840,0.000000,51
618,92029651842128,13.332524,0.772680,0.375217,12.553600,0.000000,51
619,92029665174652,13.331963,0.918690,0.450026,12.407995,0.000000,51
620,92029678506615,13.332342,4.894455,0.311275,8.432571,0.000000,51
621,92029691838957,13.334532,0.783337,0.332579,12.545794,0.000000,51
622,92029705173489,13.333168,0.717105,0.238671,12.609799,0.000000,51
623,92029718506657,13.335689,0.792559,0.275986,12.537114,0.000000,51
624,92029731842346,13.331407,0.866121,0.253915,12.460092,0.000000,52
625,92029745173753,13.335886,0.788834,0.354323,12.540318,0.000000,52
626,92029758509639,13.333461,0.900280,0.415492,12.426235,0.000000,52
627,92029771843100,13.331308,1.658319,0.397133,11.667651,0.000000,52
628,92029785174408,13.332017,3.440964,0.397841,9.885925,0.000000,52
629,92029798506425,13.334638,1.739149,0.359489,11.590331,0.000000,52
630,92029811841063,13.332934,0.705407,0.365312,12.623039,0.000000,52
631,92029825173997,13.333032,0.712171,0.348727,12.616232,0.000000,52
632,92029838507029,13.335404,0.815993,0.344864,12.513893,0.000000,52
633,92029851842433,13.333124,0.844358,0.339028,12.482005,0.000000,52
634,92029865175557,13.332871,0.634022,0.344385,12.694272,0.000000,52
635,92029878508428,13.333691,0.902195,0.375054,12.426108,0.000000,52
636,92029891842119,13.331134,3.617431,0.469117,9.708691,0.000000,52
637,92029905173253,13.335102,0.715061,0.254667,12.614838,0.000000,52
638,92029918508355,13.332827,0.825303,0.246908,12.501747,0.000000,52
639,92029931841182,13.332565,0.773261,0.247079,12.554550,0.000000,52
640,92029945173747,13.334634,0.929462,0.231071,12.399964,0.000000,52
641,92029958508381,13.333466,0.844152,0.226618,12.483565,0.000000,52
642,92029971841847,13.334455,0.800728,0.260938,12.527451,0.000000,52
643,92029985176302,13.332383,0.897414,0.349715,12.430050,0.000000,52
644,92029998508685,13.340769,3.536573,0.247754,9.799287,0.000000,52
645,92030011849454,13.334916,0.752042,0.254090,12.576451,0.000000,52
646,92030025184370,13.331365,0.797771,0.246406,12.527755,0.000000,52
647,92030038515735,13.335463,0.845673,0.358909,12.483311,0.000000,52
648,92030051851198,13.331996,0.823366,0.436014,12.502756,0.000000,52
649,92030065183194,13.334839,0.732020,0.264730,12.597836,0.000000,52
650,92030078518033,13.331424,0.901894,0.351173,12.423421,0.000000,52
651,92030091849457,13.335992,0.915242,0.437108,12.415530,0.000000,52
652,92030105185449,13.330611,3.381803,0.277374,9.943741,0.000000,52
653,92030118516060,13.333267,0.701413,0.396424,12.627616,0.000000,52
654,92030131849327,13.334778,0.761204,0.367211,12.567820,0.000000,52
655,92030145184105,13.332453,0.651668,0.391332,12.675550,0.000000,52
656,92030158516558,13.333561,0.779340,0.339876,12.549328,0.000000,52
657,92030171850119,13.334233,0.722391,0.358828,12.607038,0.000000,52
658,92030185184352,13.331559,0.635570,0.345221,12.691103,0.000000,52
659,92030198515911,13.334929,0.968434,0.491521,12.361536,0.000000,52
660,92030211850840,13.333478,3.260391,0.385042,10.067549,0.000000,52
661,92030225184318,13.333136,0.688584,0.447052,12.639335,0.000000,52
662,92030238517454,13.333264,0.774368,0.458846,12.554599,0.000000,52
663,92030251850718,13.332989,0.750173,0.425263,12.578145,0.000000,52
664,92030265183707,13.335551,0.747514,0.414977,12.582661,0.000000,52
665,92030278519258,13.331845,0.910782,0.429817,12.415054,0.000000,52
666,92030291851103,13.334533,0.797664,0.355712,12.531690,0.000000,52
667,92030305185636,13.334057,1.029225,0.549940,12.298260,0.000000,52
668,92030318519693,13.330219,3.565541,0.298565,9.758894,0.000000,52
669,92030331849912,13.335657,0.781019,0.285281,12.549580,0.000000,52
670,92030345185569,13.334135,0.843786,0.353036,12.483971,0.000000,52
671,92030358519704,13.332561,0.936370,0.454584,12.389719,0.000000,52
672,92030371852265,13.333581,0.980894,0.460709,12.347156,0.000000,52
673,92030385185846,13.332760,0.794458,0.431166,12.532751,0.000000,52
674,92030398518606,13.332633,0.908107,0.497262,12.418514,0.000000,52
675,92030411851239,13.334520,0.995814,0.582075,12.333555,0.000000,52
676,92030425185759,13.331896,3.267137,0.444308,10.059986,0.000000,52
677,92030438517655,13.333603,0.767660,0.486816,12.561213,0.000000,52
678,92030451851258,13.336170,0.854008,0.513661,12.476869,0.000000,52
679,92030465187428,13.336316,0.902036,0.571112,12.427164,0.000000,52
680,92030478523744,13.330639,1.078549,0.533461,12.244084,0.000000,52
681,92030491854383,13.334321,1.023012,0.480105,12.304458,0.000000,52
682,92030505188704,13.332531,0.855197,0.515498,12.470008,0.000000,52
683,92030518521235,13.333332,1.225685,0.550621,12.101011,0.000000,52
684,92030531854567,13.331264,3.553538,0.467220,9.772189,0.000000,52
685,92030545185831,13.334948,0.806579,0.484726,12.521716,0.000000,52
686,92030558520779,13.334507,0.993527,0.493126,12.333840,0.000000,52
687,92030571855286,13.330267,0.891449,0.484179,12.432219,0.000000,52
688,92030585185553,13.334757,0.886172,0.937110,12.443342,0.000000,52
689,92030598520310,13.335474,1.109194,0.568366,12.218793,0.000000,52
690,92030611855784,13.331695,1.105774,0.568407,12.218501,0.000000,52
691,92030625187479,13.333046,1.275838,0.703505,12.050788,0.000000,52
692,92030638520525,13.332795,3.806406,0.551146,9.520739,0.000000,52
693,92030651853320,13.334469,1.056146,0.571355,12.272760,0.000000,52
694,92030665187789,13.331245,0.855449,0.560310,12.470950,0.000000,52
695,92030678519034,13.334090,0.941939,0.600120,12.387845,0.000000,52
696,92030691853124,13.335644,1.024578,0.604437,12.306252,0.000000,52
697,92030705188768,13.332449,1.050378,0.591302,12.275419,0.000000,52
698,92030718521217,13.334639,1.022111,0.553087,12.306937,0.000000,52
699,92030731855856,13.332530,1.268296,0.455171,12.057335,0.000000,52
700,92030745188386,13.332898,3.561315,0.377477,9.765574,0.000000,52
701,92030758521284,13.335097,1.003168,0.586493,12.325976,0.000000,52
702,92030771856381,13.332185,1.016156,0.459539,12.310205,0.000000,52
703,92030785188566,13.334021,0.965736,0.547671,12.362088,0.000000,52
704,92030798522587,13.335955,1.077232,0.574262,12.251375,0.000000,52
705,92030811858542,13.330646,1.101377,0.474624,12.221704,0.000000,52
706,92030825189188,13.333697,1.015667,0.531982,12.311110,0.000000,52
707,92030838522885,13.332716,1.233904,0.498316,12.092087,0.000000,52
708,92030851855601,13.333067,3.452018,0.382850,9.875656,0.000000,52
709,92030865188668,13.334288,0.872644,0.397485,12.455844,0.000000,52
710,92030878522956,13.332082,0.967204,0.405017,12.359418,0.000000,52
711,92030891855038,13.334985,0.938450,0.585174,12.390783,0.000000,52
712,92030905190023,13.332046,0.855958,0.577142,12.470054,0.000000,52
713,92030918522069,13.332845,0.956830,0.565288,12.370574,0.000000,52
714,92030931854914,13.334622,0.971299,0.577771,12.357530,0.000000,52
715,92030945189536,13.332915,1.086760,0.648272,12.240468,0.000000,52
716,92030958522451,13.332900,3.392956,0.465532,9.934234,0.000000,52
717,92030971855351,13.335164,0.934703,0.602667,12.395306,0.000000,52
718,92030985190515,13.331531,0.891275,0.543916,12.434573,0.000000,52
719,92030998522046,13.334054,1.020701,0.577711,12.308204,0.000000,52
720,92031011856100,13.334588,1.070128,0.420861,12.257881,0.000000,52
721,92031025190688,13.332728,0.997100,0.397938,12.329063,0.000000,52
722,92031038523416,13.333094,1.065900,0.422006,12.260849,0.000000,52
723,92031051856510,13.332166,1.268390,0.670656,12.058161,0.000000,52
724,92031065188676,13.333103,3.973804,0.580576,9.353782,0.000000,52
725,92031078521779,13.334872,1.025233,0.545778,12.304410,0.000000,52
726,92031091856651,13.334236,0.941554,0.477443,12.388128,0.000000,52
727,92031105190887,13.332490,0.846671,0.537547,12.480647,0.000000,52
728,92031118523377,13.331910,0.965559,0.605866,12.361261,0.000000,52
729,92031131855287,13.337638,0.975866,0.397100,12.355755,0.000000,52
730,92031145192925,13.331914,1.041161,0.322683,12.284103,0.000000,52
731,92031158524839,13.332490,1.361571,0.348094,11.964100,0.000000,52
732,92031171857329,13.333879,3.827510,0.435695,9.499427,0.000000,52
733,92031185191208,13.333223,0.964140,0.510488,12.362654,0.000000,53
734,92031198524431,13.334483,1.071829,0.397604,12.256437,0.000000,53
735,92031211858914,13.333772,1.163884,0.548315,12.162616,0.000000,53
736,92031225192686,13.331671,1.061416,0.588889,12.263419,0.000000,53
737,92031238524357,13.333320,1.051535,0.560680,12.276074,0.000000,53
738,92031251857677,13.330624,0.932068,0.538905,12.393109,0.000000,53
739,92031265188301,13.334321,1.014752,0.620479,12.314919,0.000000,53
740,92031278522622,13.334850,4.825872,0.697696,8.504008,0.000000,53
741,92031291857472,13.333418,0.938784,0.558293,12.389422,0.000000,53
742,92031305190890,13.333579,0.851090,0.541802,12.477188,0.000000,53
743,92031318524469,13.330857,0.955225,0.549457,12.371214,0.000000,53
744,92031331855326,13.334166,0.907336,0.390608,12.422171,0.000000,53
745,92031345189492,13.335463,0.816639,0.530728,12.513682,0.000000,53
746,92031358524955,13.331833,0.975202,0.376929,12.351169,0.000000,53
747,92031371856788,13.333106,1.101425,0.574097,12.226723,0.000000,53
748,92031385189894,13.335171,3.265387,0.528320,10.064566,0.000000,53
749,92031398525065,13.334249,1.070419,0.534677,12.257202,0.000000,53
750,92031411859314,13.333431,1.099682,0.398454,12.227454,0.000000,53
751,92031425192745,13.334971,0.964740,0.309687,12.363142,0.000000,53
752,92031438527716,13.331941,1.114191,0.479003,12.210675,0.000000,53
753,92031451859657,13.332754,1.039881,0.558417,12.286280,0.000000,53
754,92031465192411,13.332836,1.031839,0.690213,12.294529,0.000000,53
755,92031478525247,13.333421,1.285532,0.600043,12.042332,0.000000,53
756,92031491858668,13.333080,3.367918,0.533291,9.959801,0.000000,53
757,92031505191748,13.334623,0.796790,0.526258,12.532510,0.000000,53
758,92031518526371,13.331714,0.879247,0.537867,12.448213,0.000000,53
759,92031531858085,13.333314,0.848369,0.557531,12.479646,0.000000,53
760,92031545191399,13.334397,0.772280,0.602848,12.556971,0.000000,53
761,92031558525796,13.332588,0.869567,0.552827,12.457943,0.000000,53
762,92031571858384,13.334869,0.854950,0.396679,12.474915,0.000000,53
763,92031585193253,13.332619,1.033373,0.400904,12.294416,0.000000,53
764,92031598525872,13.333368,3.284336,0.491433,10.043298,0.000000,53
765,92031611859240,13.333498,0.879688,0.493926,12.448293,0.000000,53
766,92031625192738,13.334273,0.759553,0.519545,12.569078,0.000000,53
767,92031638527011,13.333770,0.870753,0.528418,12.457406,0.000000,53
768,92031651860781,13.333652,0.857575,0.490877,12.469734,0.000000,53
769,92031665194433,13.332445,0.837875,0.612134,12.488579,0.000000,53
770,92031678526878,13.335865,1.000958,0.537699,12.328205,0.000000,53
771,92031691862743,13.332810,1.238758,0.552915,12.086649,0.000000,53
772,92031705195553,13.332066,3.312659,0.562365,10.013680,0.000000,53
773,92031718527619,13.334571,0.975404,0.542285,12.353170,0.000000,53
774,92031731862190,13.333830,0.947027,0.530678,12.380781,0.000000,53
775,92031745196020,13.332230,0.865048,0.540740,12.460694,0.000000,53
776,92031758528250,13.334128,0.928790,0.548062,12.399618,0.000000,53
777,92031771862378,13.333507,0.929487,0.527015,12.397348,0.000000,53
778,92031785195885,13.331942,0.900734,0.396976,12.424684,0.000000,53
779,92031798527827,13.335068,1.224981,0.434126,12.102916,0.000000,53
780,92031811862895,13.332036,3.394630,0.369379,9.930985,0.000000,53
781,92031825194931,13.333930,0.834458,0.512434,12.493518,0.000000,53
782,92031838528861,13.332460,0.971457,0.514268,12.354592,0.000000,53
783,92031851861321,13.333440,0.983020,0.523932,12.343721,0.000000,53
784,92031865194761,13.334690,0.845420,0.546426,12.484100,0.000000,53
785,92031878529451,13.333403,0.990123,0.525918,12.336144,0.000000,53
786,92031891862854,13.331514,0.924082,0.518759,12.400897,0.000000,53
787,92031905194368,13.334421,1.000581,0.429935,12.328332,0.000000,53
788,92031918528789,13.333972,3.351442,0.549409,9.976787,0.000000,53
789,92031931862761,13.332531,0.935076,0.532317,12.391155,0.000000,53
790,92031945195292,13.334283,0.820728,0.431455,12.507610,0.000000,53
791,92031958529575,13.332606,1.007855,0.529534,12.318532,0.000000,53
792,92031971862181,13.334984,0.950852,0.520375,12.377752,0.000000,53
793,92031985197165,13.332738,1.018500,0.503206,12.307859,0.000000,53
794,92031998529903,13.331793,1.029960,0.516823,12.295343,0.000000,53
795,92032011861696,13.333976,1.169052,0.571263,12.158716,0.000000,53
796,92032025195672,13.333648,3.718410,0.508408,9.608992,0.000000,53
797,92032038529320,13.333439,1.159367,0.513831,12.167418,0.000000,53
798,92032051862759,13.332273,1.030940,0.515084,12.295453,0.000000,53
799,92032065195032,13.335799,0.931622,0.521270,12.397637,0.000000,53
800,92032078530831,13.330368,1.056567,0.532112,12.267631,0.000000,53
801,92032091861199,13.334434,0.981184,0.441307,12.345091,0.000000,53
802,92032105195633,13.335482,0.910871,0.495638,12.417465,0.000000,53
803,92032118531115,13.330588,1.188675,0.570943,12.135766,0.000000,53
804,92032131861703,13.335555,3.298656,0.484068,10.031249,0.000000,53
805,92032145197258,13.332473,0.820726,0.489178,12.505675,0.000000,53
806,92032158529731,13.335139,0.921237,0.531764,12.407892,0.000000,53
807,92032171864870,13.332805,0.935871,0.474076,12.390575,0.000000,53
808,92032185197675,13.332217,0.824878,0.362930,12.500948,0.000000,53
809,92032198529892,13.335128,0.924941,0.553571,12.403656,0.000000,53
810,92032211865020,13.332402,1.340527,0.547519,11.985241,0.000000,53
811,92032225197422,13.331429,1.020014,0.570336,12.305633,0.000000,53
812,92032238528851,13.334607,3.283242,0.541122,10.046002,0.000000,53
813,92032251863458,13.332877,0.894108,0.552752,12.432729,0.000000,53
814,92032265196335,13.332706,0.805869,0.530143,12.521290,0.000000,53
815,92032278529041,13.335261,0.873342,0.550128,12.456510,0.000000,53
816,92032291864302,13.331187,0.925433,0.575920,12.400264,0.000000,53
817,92032305195489,13.332869,0.800119,0.533640,12.527597,0.000000,53
818,92032318528358,13.334083,1.034171,0.445989,12.294868,0.000000,53
819,92032331862441,13.335279,1.213433,0.507419,12.117267,0.000000,53
820,92032345197720,13.330607,3.243621,0.515494,10.081446,0.000000,53
821,92032358528327,13.333400,0.891670,0.495681,12.437048,0.000000,53
822,92032371861727,13.333787,0.856148,0.474201,12.472864,0.000000,53
823,92032385195514,13.334063,0.723768,0.489278,12.605350,0.000000,53
824,92032398529577,13.332026,0.876606,0.491217,12.449964,0.000000,53
825,92032411861603,13.333214,0.842509,0.502768,12.486197,0.000000,53
826,92032425194817,13.334190,0.735565,0.518239,12.593709,0.000000,53
827,92032438529007,13.334904,1.024817,0.548739,12.304632,0.000000,53
828,92032451863911,13.331785,3.339302,0.489336,9.987556,0.000000,53
829,92032465195696,13.334354,0.798481,0.483080,12.530329,0.000000,53
830,92032478530050,13.334016,0.897122,0.497049,12.430831,0.000000,53
831,92032491864066,13.331770,0.912765,0.504396,12.414276,0.000000,53
832,92032505195836,13.335349,0.752757,0.513768,12.576992,0.000000,53
833,92032518531185,13.333040,0.933883,0.466342,12.394241,0.000000,53
834,92032531864225,13.336087,0.927228,0.494325,12.402539,0.000000,53
835,92032545200312,13.331902,1.061267,0.572568,12.265128,0.000000,53
836,92032558532214,13.331251,3.419996,0.458750,9.905292,0.000000,53
837,92032571863465,13.336714,1.024942,0.440890,12.303937,0.000000,53
838,92032585200179,13.331873,0.940514,0.520234,12.384283,0.000000,53
839,92032598532052,13.332796,1.177854,0.506921,12.148343,0.000000,53
840,92032611864848,13.333765,1.170513,0.531323,12.156716,0.000000,53
841,92032625198613,13.335053,0.970852,0.551076,12.356336,0.000000,53
842,92032638533666,13.335277,1.358557,0.528971,11.967942,0.000000,53
843,92032651868943,13.330185,1.244705,0.503552,12.078178,0.000000,53
844,92032665199128,13.333352,3.625215,0.374136,9.701491,0.000000,53
845,92032678532480,13.334101,1.062438,0.510376,12.264679,0.000000,53
846,92032691866581,13.332492,1.149037,0.509774,12.176728,0.000000,53
847,92032705199073,13.334546,0.935789,0.518156,12.392664,0.000000,53
848,92032718533619,13.334212,1.052480,0.510840,12.274272,0.000000,53
849,92032731867831,13.330844,1.074011,0.483995,12.250088,0.000000,54
850,92032745198675,13.332985,0.777942,0.491965,12.549690,0.000000,54
851,92032758531660,13.333559,1.055263,0.536701,12.273517,0.000000,54
852,92032771865219,13.333139,3.962091,0.449211,9.365567,0.000000,54
853,92032785198358,13.333162,0.783472,0.439223,12.545140,0.000000,54
854,92032798531520,13.334994,0.884148,0.395572,12.444652,0.000000,54
855,92032811866514,13.333405,1.071325,0.506798,12.257050,0.000000,54
856,92032825199919,13.333321,0.901906,0.454765,12.424928,0.000000,54
857,92032838533240,13.334646,1.043572,0.489997,12.284058,0.000000,54
858,92032851867886,13.331061,0.933947,0.494027,12.391903,0.000000,54
859,92032865198947,13.334014,1.042418,0.503281,12.286135,0.000000,54
860,92032878532961,13.334192,3.291582,0.501622,10.036810,0.000000,54
861,92032891867153,13.333636,1.005635,0.499150,12.321738,0.000000,54
862,92032905200789,13.333008,0.940670,0.487568,12.386454,0.000000,54
863,92032918533797,13.333025,0.937640,0.493537,12.389246,0.000000,54
864,92032931866822,13.331659,0.881220,0.505154,12.445754,0.000000,54
865,92032945198481,13.334197,0.746928,0.468041,12.582928,0.000000,54
866,92032958532678,13.333610,0.900369,0.931524,12.428074,0.000000,54
867,92032971866288,13.332601,1.180842,0.358154,12.147073,0.000000,54
868,92032985198889,13.334509,3.640766,0.354249,9.688724,0.000000,54
869,92032998533398,13.333526,0.989046,0.336496,12.337710,0.000000,54
870,92033011866924,13.334614,0.979174,0.364843,12.348289,0.000000,54
871,92033025201538,13.332370,0.885301,0.340913,12.440419,0.000000,54
872,92033038533908,13.334169,1.004619,0.372510,12.322768,0.000000,54
873,92033051868077,13.334967,0.955519,0.500073,12.372383,0.000000,54
874,92033065203044,13.332660,0.810911,0.484696,12.515906,0.000000,54
875,92033078535704,13.331742,1.108820,0.509821,12.217732,0.000000,54
876,92033091867446,13.334589,3.316764,0.496213,10.012663,0.000000,54
877,92033105202035,13.332377,0.818658,0.490602,12.508004,0.000000,54
878,92033118534412,13.334104,0.910010,0.482759,12.418966,0.000000,54
879,92033131868516,13.334515,0.969719,0.501868,12.357886,0.000000,54
880,92033145203031,13.331923,0.931736,0.495125,12.392801,0.000000,54
881,92033158534954,13.333835,1.009778,0.485058,12.317606,0.000000,54
882,92033171868789,13.334021,0.976134,0.506045,12.350737,0.000000,54
883,92033185202810,13.332269,1.198073,0.528418,12.127080,0.000000,54
884,92033198535079,13.334963,3.500092,0.494331,9.828037,0.000000,54
885,92033211870042,13.332236,0.964576,0.522037,12.361018,0.000000,54
886,92033225202278,13.333724,0.807115,0.509401,12.520489,0.000000,54
887,92033238536002,13.332362,0.887750,0.492823,12.439106,0.000000,54
888,92033251868364,13.334607,0.898936,0.499196,12.429482,0.000000,54
889,92033265202971,13.333519,0.917855,0.484202,12.409660,0.000000,54
890,92033278536490,13.333627,1.033081,0.491692,12.293201,0.000000,54
891,92033291870117,13.333220,1.247435,0.471575,12.079115,0.000000,54
892,92033305203337,13.333030,3.352778,0.486214,9.973626,0.000000,54
893,92033318536367,13.332498,0.853943,0.509445,12.473124,0.000000,54
894,92033331868865,13.332915,0.893884,0.484577,12.433771,0.000000,54
895,92033345201780,13.337736,0.842156,0.455659,12.488381,0.000000,54
896,92033358539516,13.328979,1.166102,0.453336,12.156654,0.000000,54
897,92033371868495,13.333225,0.869122,0.481802,12.459615,0.000000,54
898,92033385201720,13.337779,0.735932,0.465098,12.595244,0.000000,54
899,92033398539499,13.330164,1.181930,0.471095,12.141824,0.000000,54
900,92033411869663,13.333185,3.475604,0.337450,9.852655,0.000000,54
901,92033425202848,13.336467,0.760423,0.331744,12.568708,0.000000,54
902,92033438539315,13.329755,1.073866,0.308185,12.249785,0.000000,54
903,92033451869070,13.333405,0.841558,0.446614,12.486971,0.000000,54
904,92033465202475,13.337609,0.772396,0.483760,12.558235,0.000000,54
905,92033478540084,13.331128,1.087210,0.474641,12.234656,0.000000,54
906,92033491871212,13.330897,0.973465,0.566883,12.351637,0.000000,54
907,92033505202109,13.333860,1.006181,0.557128,12.321914,0.000000,54
908,92033518535969,13.333101,3.311985,0.480874,10.016883,0.000000,54
909,92033531869070,13.332918,0.854966,0.469347,12.473691,0.000000,54
910,92033545201988,13.334262,0.768824,0.464667,12.560412,0.000000,54
911,92033558536250,13.332191,0.885164,0.477285,12.442314,0.000000,54
912,92033571868441,13.333210,0.826232,0.478679,12.502792,0.000000,54
913,92033585201651,13.333598,0.776262,0.498395,12.552710,0.000000,54
914,92033598535249,13.333321,0.864675,0.434723,12.462920,0.000000,54
915,92033611868570,13.334237,1.091932,0.356217,12.237577,0.000000,54
916,92033625202807,13.335848,3.209229,0.363818,10.119874,0.000000,54
917,92033638538655,13.330058,0.913752,0.319075,12.410291,0.000000,54
918,92033651868713,13.338629,0.774817,0.286812,12.557656,0.000000,54
919,92033665207342,13.331180,0.817373,0.340769,12.507100,0.000000,54
920,92033678538522,13.331931,0.980812,0.448702,12.345521,0.000000,54
921,92033691870453,13.338524,1.028666,0.340550,12.299545,0.000000,54
922,92033705208977,13.328574,0.792110,0.289067,12.529596,0.000000,54
923,92033718537551,13.331502,1.083041,0.379432,12.243274,0.000000,54
924,92033731869053,13.334418,3.344317,0.296676,9.984192,0.000000,54
925,92033745203471,13.333696,0.695557,0.336550,12.632829,0.000000,54
926,92033758537167,13.334300,0.847789,0.308153,12.481111,0.000000,54
927,92033771871467,13.334371,0.873337,0.352856,12.454645,0.000000,54
928,92033785205838,13.332980,0.737722,0.345318,12.589946,0.000000,54
929,92033798538818,13.331491,0.821534,0.344845,12.504937,0.000000,54
930,92033811870309,13.333899,0.762473,0.357687,12.565582,0.000000,54
931,92033825204208,13.333836,0.895960,0.425076,12.432743,0.000000,54
932,92033838538044,13.334956,3.329437,0.367675,9.999080,0.000000,54
933,92033851873000,13.330660,1.027168,0.350181,12.298033,0.000000,54
934,92033865203660,13.332910,0.760167,0.371857,12.568394,0.000000,54
935,92033878536570,13.335227,0.843428,0.425639,12.485326,0.000000,54
936,92033891871797,13.330848,1.017576,0.432284,12.308507,0.000000,54
937,92033905202645,13.333726,0.713049,0.363672,12.615769,0.000000,54
938,92033918536371,13.336404,0.806801,0.395680,12.522415,0.000000,54
939,92033931872775,13.329774,1.172901,0.362183,12.151793,0.000000,54
940,92033945202549,13.336081,3.144874,0.368010,10.185289,0.000000,54
941,92033958538630,13.333425,0.943728,0.448234,12.383054,0.000000,54
942,92033971872055,13.331739,1.008653,0.431092,12.317696,0.000000,54
943,92033985203794,13.332749,0.886907,0.456126,12.440426,0.000000,54
944,92033998536543,13.335007,0.828517,0.455989,12.500855,0.000000,54
945,92034011871550,13.335585,0.812360,0.373050,12.516860,0.000000,54
946,92034025207135,13.329096,0.908890,0.367097,12.414952,0.000000,54
947,92034038536231,13.334961,1.190255,0.366528,12.140199,0.000000,54
948,92034051871192,13.332922,3.249063,0.375829,10.078560,0.000000,54
949,92034065204114,13.334260,0.770005,0.423196,12.558622,0.000000,55
950,92034078538374,13.333086,0.986661,0.609190,12.341204,0.000000,55
951,92034091871460,13.333919,0.848019,6.721974,12.480352,0.000000,55
952,92034105205379,13.839688,13.832674,1.690387,0.001000,0.000000,55
953,92034119045067,13.335031,1.064775,0.500774,12.265465,0.000000,55
954,92034132380098,13.332300,0.922357,0.552890,12.404273,0.000000,55
955,92034145712398,13.333101,1.005648,0.505096,12.321892,0.000000,55
956,92034159045499,13.332520,3.278550,0.419470,10.049318,0.000000,55
957,92034172378019,13.334522,0.885553,0.410348,12.443840,0.000000,55
958,92034185712541,13.333237,0.804465,0.530088,12.523624,0.000000,55
959,92034199045778,13.335257,0.857217,0.660339,12.472409,0.000000,55
960,92034212381035,13.338448,0.912634,0.527423,12.416191,0.000000,55
961,92034225719483,13.325386,0.911531,0.533468,12.408264,0.000000,55
962,92034239044869,13.333115,0.797943,0.552554,12.531230,0.000000,55
963,92034252377984,13.337684,0.976414,0.572736,12.354314,0.000000,55
964,92034265715668,13.329411,3.198756,0.535340,10.125367,0.000000,55
965,92034279045079,13.333260,0.800292,0.414473,12.528630,0.000000,55
966,92034292378339,13.336466,0.793645,0.547622,12.537207,0.000000,55
967,92034305714805,13.332717,1.050285,0.559575,12.276896,0.000000,55
968,92034319047522,13.333039,0.842630,0.456517,12.485364,0.000000,55
969,92034332380561,13.336207,0.841549,0.589716,12.488982,0.000000,55
970,92034345716768,13.331116,1.035686,0.551058,12.288942,0.000000,55
971,92034359047884,13.334002,1.067244,0.546877,12.260569,0.000000,55
972,92034372381886,13.336502,3.313133,0.528002,10.015365,0.000000,55
973,92034385718388,13.331473,0.831993,0.539925,12.493882,0.000000,55
974,92034399049861,13.331817,1.019718,0.539418,12.306137,0.000000,55
975,92034412381678,13.332491,0.963363,0.499388,12.363634,0.000000,55
976,92034425714169,13.337551,0.830757,0.585348,12.500316,0.000000,55
977,92034439051720,13.329557,0.947339,0.550203,12.376480,0.000000,55
978,92034452381277,13.333392,0.851973,0.577258,12.476885,0.000000,55
979,92034465714669,13.334481,1.007390,0.571077,12.321776,0.000000,55
980,92034479049150,13.333712,3.352486,0.544052,9.975064,0.000000,55
981,92034492382862,13.331865,1.017634,0.442457,12.308834,0.000000,55
982,92034505714727,13.338503,0.796279,0.549143,12.534742,0.000000,55
983,92034519053230,13.332212,1.020281,0.574401,12.302973,0.000000,55
984,92034532385442,13.329986,0.915478,0.558834,12.407978,0.000000,55
985,92034545715428,13.336285,0.847443,0.571546,12.482184,0.000000,55
986,92034559051713,13.335358,1.109407,0.481605,12.217195,0.000000,55
987,92034572387071,13.329231,1.205331,0.426272,12.118067,0.000000,55
988,92034585716302,13.335103,3.297820,0.581306,10.030386,0.000000,55
989,92034599051405,13.330370,1.115171,0.540613,12.208669,0.000000,55
990,92034612381775,13.334449,0.865714,0.538540,12.463320,0.000000,55
991,92034625716224,13.334873,0.801689,0.600208,12.526509,0.000000,55
992,92034639051097,13.331558,1.116981,0.550780,12.207681,0.000000,55
993,92034652382655,13.332874,0.923511,0.553752,12.404263,0.000000,55
994,92034665715529,13.336294,0.837195,0.515218,12.492047,0.000000,55
995,92034679051823,13.331659,1.291852,0.431372,12.033251,0.000000,55
996,92034692383482,13.332893,3.327596,0.429426,9.999693,0.000000,55
997,92034705716375,13.337923,0.811117,0.525196,12.518500,0.000000,55
998,92034719054298,13.332317,0.936569,0.569920,12.387768,0.000000,55
999,92034732386615,13.333341,1.180641,0.550030,12.143796,0.000000,55
1000,92034745719956,13.333554,0.905451,0.359136,12.418695,0.000000,55
1001,92034759053510,13.330820,0.935557,0.630149,12.389718,0.000000,55
1002,92034772384330,13.331402,1.061662,0.535197,12.263885,0.000000,55
1003,92034785715732,13.334731,0.993176,0.445353,12.336151,0.000000,55
1004,92034799050463,13.334318,3.349673,0.650297,9.978189,0.000000,55
1005,92034812384781,13.336052,1.092825,0.829057,12.233290,0.000000,55
1006,92034825720833,13.328815,0.929041,0.691777,12.394121,0.000000,55
1007,92034839049648,13.335007,1.111624,0.513237,12.217319,0.000000,55
1008,92034852384655,13.332620,1.072362,0.461068,12.254858,0.000000,55
1009,92034865717275,13.335205,0.929323,0.459245,12.398945,0.000000,55
1010,92034879052480,13.332674,1.240264,0.651519,12.086678,0.000000,55
1011,92034892385154,13.332857,1.497167,0.615667,11.829347,0.000000,55
1012,92034905718011,13.333145,3.249956,0.440036,10.077514,0.000000,55
1013,92034919051156,13.334644,0.966685,0.636817,12.362258,0.000000,55
1014,92034932385800,13.339852,1.219112,0.551641,12.110361,0.000000,55
1015,92034945725652,13.329248,0.956430,0.433963,12.363281,0.000000,56
1016,92034959054900,13.337193,1.014969,0.420330,12.311033,0.000000,56
1017,92034972392093,13.332985,1.048450,0.418079,12.273039,0.000000,56
1018,92034985725078,13.330016,1.704483,0.570082,11.615469,0.000000,56
1019,92034999055094,13.336488,1.252604,0.580013,12.072727,0.000000,56
1020,92035012391582,13.326359,3.371950,0.568845,9.947866,0.000000,56
1021,92035025717941,13.336698,0.976552,0.558175,12.352573,0.000000,56
1022,92035039054639,13.329528,0.904755,0.573780,12.416440,0.000000,56
1023,92035052384167,13.334582,0.936926,0.654831,12.392248,0.000000,56
1024,92035065718749,13.332333,0.970185,0.690109,12.355837,0.000000,56
1025,92035079051082,13.333458,1.069571,0.643414,12.257861,0.000000,56
1026,92035092384540,13.335558,1.108971,0.497593,12.219842,0.000000,56
1027,92035105720098,13.331582,1.122902,0.636636,12.202512,0.000000,56
1028,92035119051680,13.333730,3.377719,0.530773,9.950244,0.000000,56
1029,92035132385410,13.336059,1.108227,0.621625,12.220619,0.000000,56
1030,92035145721469,13.333036,1.035515,0.586137,12.290406,0.000000,56
1031,92035159054505,13.330793,1.068410,0.578885,12.256470,0.000000,56
1032,92035172385298,13.331133,1.030104,0.487629,12.296034,0.000000,56
1033,92035185716431,13.336620,0.905469,0.388594,12.425335,0.000000,56
1034,92035199053051,13.332676,1.077102,0.904886,12.248721,0.000000,56
1035,92035212385727,13.331906,1.395722,0.576543,11.930452,0.000000,56
1036,92035225717633,13.332949,3.299108,0.565362,10.028060,0.000000,56
1037,92035239050582,13.332126,0.987829,0.674747,12.339645,0.000000,56
1038,92035252382708,13.336168,0.886618,0.575756,12.443747,0.000000,56
1039,92035265718876,13.331706,0.831744,0.806567,12.494583,0.000000,56
1040,92035279050582,13.332492,0.902079,0.719133,12.425732,0.000000,56
1041,92035292383074,13.334964,0.904152,0.579993,12.425048,0.000000,56
1042,92035305718038,13.332962,0.828865,0.559984,12.497776,0.000000,56
1043,92035319051000,13.333131,1.187989,0.578759,12.140164,0.000000,56
1044,92035332384131,13.334305,3.235356,0.594711,10.092921,0.000000,56
1045,92035345718436,13.331670,0.784625,0.571837,12.542753,0.000000,56
1046,92035359050106,13.334490,0.861941,0.571021,12.467959,0.000000,56
1047,92035372384596,13.337884,1.043684,0.909107,12.285265,0.000000,56
1048,92035385722480,13.330835,1.584132,0.750043,11.740179,0.000000,56
1049,92035399053315,13.330515,0.929078,0.669095,12.396779,0.000000,56
1050,92035412383830,13.332686,1.006050,0.648712,12.321771,0.000000,56
1051,92035425716516,13.335523,1.127132,0.561643,12.203448,0.000000,56
1052,92035439052039,13.332926,3.291690,0.617652,10.036174,0.000000,56
1053,92035452384965,13.334499,0.989172,0.634244,12.339967,0.000000,56
1054,92035465719464,13.334654,1.035401,0.564375,12.293624,0.000000,56
1055,92035479054118,13.335479,0.961785,0.561437,12.365583,0.000000,56
1056,92035492389597,13.329507,1.122577,0.663600,12.201261,0.000000,56
1057,92035505719104,13.343099,1.220680,0.563386,12.113987,0.000000,56
1058,92035519062203,13.325397,0.936178,0.540737,12.382972,0.000000,56
1059,92035532387600,13.332690,1.243207,0.371450,12.082905,0.000000,56
1060,92035545720290,13.335174,3.319935,0.543066,10.008526,0.000000,56
1061,92035559055464,13.330045,1.065665,0.637303,12.257631,0.000000,56
1062,92035572385509,13.334870,1.017452,0.618753,12.311913,0.000000,56
1063,92035585720379,13.335420,1.536164,0.549427,11.792399,0.000000,56
1064,92035599055799,13.331986,1.284494,1.112907,12.039891,0.000000,56
1065,92035612387785,13.334988,1.051076,0.651489,12.277792,0.000000,56
1066,92035625722773,13.332750,1.011028,0.580828,12.315505,0.000000,56
1067,92035639055523,13.334466,1.523689,0.706408,11.804353,0.000000,56
1068,92035652389989,13.332104,3.747008,0.851351,9.577809,0.000000,57
1069,92035665722093,13.333930,1.270215,0.896422,12.057539,0.000000,57
1070,92035679056023,13.333660,1.183555,0.632336,12.142974,0.000000,57
1071,92035692389683,13.332036,2.743816,0.654906,10.582180,0.000000,57
1072,92035705721719,13.333083,1.061267,0.959514,12.266494,0.000000,57
1073,92035719054802,13.335673,1.142309,0.699884,12.186247,0.000000,57
1074,92035732390475,13.330219,1.300441,1.066154,12.024128,0.000000,57
1075,92035745720694,13.336052,1.347644,0.859537,11.982372,0.000000,57
1076,92035759056746,13.333181,3.616424,0.730991,9.710290,0.000000,57
1077,92035772389927,13.330946,1.149294,0.615356,12.175913,0.000000,57
1078,92035785720873,13.335092,0.959805,0.557612,12.369538,0.000000,57
1079,92035799055965,13.333170,1.128921,1.057276,12.198617,0.000000,57
1080,92035812389135,13.332900,1.178806,0.637282,12.148281,0.000000,57
1081,92035825722035,13.334117,1.263892,0.596222,12.063913,0.000000,57
1082,92035839056152,13.333069,1.200724,0.554269,12.125949,0.000000,57
1083,92035852389221,13.332670,1.313266,0.735583,12.013242,0.000000,57
1084,92035865721891,13.334001,3.665819,1.017599,9.662540,0.000000,57
1085,92035879055892,13.336430,1.032060,0.845237,12.296713,0.000000,57
1086,92035892392322,13.328895,1.185974,1.269462,12.137315,0.000000,57
1087,92035905721217,13.335281,1.267846,0.441459,12.061276,0.000000,57
1088,92035919056498,13.334102,0.939022,1.200494,12.388072,0.000000,57
1089,92035932390600,13.328438,1.175284,1.006900,12.146738,0.000000,57
1090,92035945719038,13.334455,1.294109,0.798486,12.035607,0.000000,57
1091,92035959053493,13.333632,1.342440,1.577808,11.986195,0.000000,57
1092,92035972387125,13.333915,3.509753,1.217757,9.818559,0.000000,57
1093,92035985721040,13.337245,1.088029,0.961790,12.241607,0.000000,57
1094,92035999058285,13.331127,1.198597,1.208751,12.124070,0.000000,57
1095,92036012389412,13.333072,1.132306,1.000976,12.192787,0.000000,57
1096,92036025722484,13.338045,1.065917,0.950542,12.262279,0.000000,57
1097,92036039060529,13.329576,1.208718,1.300735,12.110259,0.000000,57
1098,92036052390105,13.332502,1.207525,1.170245,12.116711,0.000000,57
1099,92036065722607,13.332409,1.386896,0.849161,11.938732,0.000000,57
1100,92036079055016,13.334872,3.357347,1.349637,9.970616,0.000000,57
1101,92036092389888,13.333016,0.895319,1.170252,12.430165,0.000000,57
1102,92036105722904,13.333063,0.843470,1.059127,12.482602,0.000000,57
1103,92036119055967,13.332807,1.064740,0.993889,12.262046,0.000000,57
1104,92036132388774,13.333227,1.004322,1.136998,12.322744,0.000000,57
1105,92036145722001,13.333515,0.802299,0.475896,12.525363,0.000000,57
1106,92036159055516,13.332334,0.882233,0.590322,12.445659,0.000000,57
1107,92036172387850,13.333188,1.102212,0.582668,12.226279,0.000000,57
1108,92036185721038,13.333510,3.263619,0.560682,10.063748,0.000000,57
1109,92036199054548,13.336025,0.882215,0.596056,12.448308,0.000000,57
1110,92036212390573,13.333489,1.097825,0.574523,12.228649,0.000000,57
1111,92036225724062,13.331033,0.891540,0.597725,12.433718,0.000000,57
1112,92036239055095,13.333860,0.958673,0.592197,12.370361,0.000000,57
1113,92036252388955,13.334460,1.068449,0.630391,12.260152,0.000000,57
1114,92036265723415,13.333408,0.914216,0.597674,12.413367,0.000000,57
1115,92036279056823,13.332584,1.198838,0.592312,12.127945,0.000000,57
1116,92036292389407,13.333235,3.513068,0.688108,9.814646,0.000000,57
1117,92036305722642,13.334099,0.844147,0.602737,12.484316,0.000000,57
1118,92036319056741,13.333368,0.953157,0.525507,12.373448,0.000000,57
1119,92036332390109,13.334036,1.057333,0.352785,12.271296,0.000000,57
1120,92036345724145,13.331849,0.845891,0.555490,12.480579,0.000000,57
1121,92036359055994,13.334312,0.944882,0.638239,12.384778,0.000000,57
1122,92036372390306,13.332512,1.042345,0.658587,12.285168,0.000000,57
1123,92036385722818,13.335203,1.024977,0.626602,12.305081,0.000000,57
1124,92036399058021,13.332098,3.500992,0.599449,9.825585,0.000000,57
1125,92036412390119,13.334480,1.028342,0.609063,12.300254,0.000000,58
1126,92036425724599,13.334085,0.828368,0.589680,12.500306,0.000000,58
1127,92036439058684,13.332354,0.973503,0.641865,12.352786,0.000000,58
1128,92036452391038,13.333691,1.109981,0.539729,12.218466,0.000000,58
1129,92036465724729,13.333429,1.616766,0.494216,11.710577,0.000000,58
1130,92036479058158,13.332771,1.020078,0.598439,12.307340,0.000000,58
1131,92036492390929,13.334084,1.137070,0.599284,12.191521,0.000000,58
1132,92036505725013,13.332442,3.515065,0.559875,9.811162,0.000000,58
1133,92036519057455,13.334064,1.019262,0.589394,12.309500,0.000000,58
1134,92036532391519,13.332182,1.081064,0.586292,12.245218,0.000000,58
1135,92036545723701,13.336059,1.003066,0.584283,12.326232,0.000000,58
1136,92036559059760,13.332248,1.126438,0.597192,12.198484,0.000000,58
1137,92036572392008,13.335263,1.090123,0.479131,12.237998,0.000000,58
1138,92036585727271,13.333598,1.078117,0.558682,12.247550,0.000000,58
1139,92036599060869,13.330993,1.699216,0.597235,11.624874,0.000000,58
1140,92036612391862,13.331611,3.993300,0.603142,9.332051,0.000000,58
1141,92036625723473,13.336566,0.925373,0.629681,12.405129,0.000000,58
1142,92036639060039,13.331462,1.291316,0.682050,12.033173,0.000000,58
1143,92036652391501,13.336633,1.175942,0.403926,12.154118,0.000000,58
1144,92036665728134,13.331146,1.053436,0.565950,12.270538,0.000000,58
1145,92036679059280,13.332963,1.146838,0.535811,12.180380,0.000000,58
1146,92036692392243,13.334094,1.067756,0.529307,12.259751,0.000000,58
1147,92036705726337,13.334778,1.371384,0.712670,11.956582,0.000000,58
1148,92036719061115,13.334091,6.735678,0.623399,6.589296,0.000000,58
1149,92036732395206,13.330475,1.297228,0.561600,12.027046,0.000000,58
1150,92036745725681,13.333529,0.951545,0.656562,12.376818,0.000000,58
1151,92036759059210,13.334834,1.419818,0.560791,11.908613,0.000000,58
1152,92036772394044,13.333442,1.083632,0.554460,12.243029,0.000000,58
1153,92036785727486,13.331760,1.126177,0.567110,12.199176,0.000000,58
1154,92036799059246,13.335461,1.254682,0.672404,12.074151,0.000000,58
1155,92036812394707,13.332316,1.401080,0.686125,11.924771,0.000000,58
1156,92036825727023,13.331989,3.925830,0.547141,9.399976,0.000000,58
1157,92036839059012,13.335352,1.023286,0.566884,12.305987,0.000000,58
1158,92036852394364,13.335186,1.102516,0.614267,12.225746,0.000000,58
1159,92036865729550,13.331774,1.071358,0.575358,12.250869,0.000000,58
1160,92036879061324,13.333417,1.088639,1.091096,12.237274,0.000000,58
1161,92036892394741,13.332588,1.133527,0.593957,12.191437,0.000000,58
1162,92036905727329,13.334333,1.014592,0.643253,12.313113,0.000000,58
1163,92036919061662,13.333252,1.470136,0.672819,11.856497,0.000000,58
1164,92036932394914,13.331459,3.900760,0.532354,9.423719,0.000000,58
1165,92036945726373,13.335028,0.997188,0.631009,12.331918,0.000000,58
1166,92036959061401,13.343529,1.170951,0.596686,12.165579,0.000000,58
1167,92036972404930,13.335171,1.059386,0.552698,12.268153,0.000000,58
1168,92036985740101,13.333200,1.074074,0.609162,12.251843,0.000000,58
1169,92036999073301,13.332494,1.191161,0.642767,12.134258,0.000000,58
1170,92037012405795,13.333016,1.110630,0.600483,12.214878,0.000000,58
1171,92037025738811,13.333386,1.349163,0.582712,11.977234,0.000000,58
1172,92037039072197,13.334034,3.925675,0.415120,9.401798,0.000000,58
1173,92037052406231,13.334572,1.165725,0.594225,12.161289,0.000000,58
1174,92037065740803,13.336950,1.082326,0.695760,12.244754,0.000000,58
1175,92037079077753,13.329257,1.274359,0.640920,12.046638,0.000000,58
1176,92037092407010,13.332493,1.229316,0.712823,12.096679,0.000000,58
1177,92037105739503,13.333638,1.158992,0.537125,12.167490,0.000000,59
1178,92037119073141,13.334094,1.242573,0.615914,12.085163,0.000000,59
1179,92037132407235,13.332453,1.438345,0.677407,11.887137,0.000000,59
1180,92037145739688,13.331145,4.691681,0.537677,8.633064,0.000000,59
1181,92037159070833,13.334689,1.044391,0.554979,12.284614,0.000000,59
1182,92037172405522,13.339412,1.065329,0.576608,12.264853,0.000000,59
1183,92037185744934,13.327673,1.306069,0.588752,12.014839,0.000000,59
1184,92037199072607,13.335337,1.118515,0.678887,12.210055,0.000000,59
1185,92037212407944,13.331554,1.182159,0.531069,12.142223,0.000000,59
1186,92037225739498,13.335682,0.988349,0.634486,12.339601,0.000000,59
1187,92037239075180,13.332569,3.290266,0.578997,10.035572,0.000000,59
1188,92037252407749,13.333809,3.785286,0.720355,9.541458,0.000000,59
1189,92037265741558,13.331661,1.019522,0.752192,12.303985,0.000000,59
1190,92037279073219,13.330995,1.113060,0.686464,12.212520,0.000000,59
1191,92037292404214,13.335055,1.232998,0.739710,12.097202,0.000000,59
1192,92037305739269,13.333670,0.997269,0.618448,12.330548,0.000000,59
1193,92037319072939,13.334916,1.300152,0.586772,12.026614,0.000000,59
1194,92037332407855,13.333857,1.088414,0.577004,12.237826,0.000000,59
1195,92037345741712,13.333249,1.321208,0.588300,12.003206,0.000000,59
1196,92037359074961,13.332943,3.898266,0.622921,9.428011,0.000000,59
1197,92037372407904,13.334551,1.237083,0.453092,12.090064,0.000000,59
1198,92037385742455,13.331395,1.112134,0.383836,12.212807,0.000000,59
1199,92037399073850,13.333614,1.240341,0.589752,12.087335,0.000000,59
1200,92037412407464,13.337233,1.244660,0.610207,12.084596,0.000000,59
1201,92037425744697,13.329517,1.118500,0.567351,12.204544,0.000000,59
1202,92037439074214,13.335382,1.734266,0.648690,11.593510,0.000000,59
1203,92037452409596,13.330538,1.353883,0.599858,11.970774,0.000000,59
1204,92037465740134,13.333479,3.821837,0.531564,9.506538,0.000000,59
1205,92037479073613,13.333690,0.990103,0.606425,12.337820,0.000000,59
1206,92037492407303,13.333717,1.077245,0.577514,12.251618,0.000000,59
1207,92037505741020,13.334638,0.975142,0.587797,12.353667,0.000000,59
1208,92037519075658,13.333339,1.219971,0.596230,12.107237,0.000000,59
1209,92037532408997,13.332621,1.132155,0.484069,12.193708,0.000000,59
1210,92037545741618,13.334852,0.969594,0.547313,12.358497,0.000000,59
1211,92037559076470,13.333241,1.440488,0.584029,11.885608,0.000000,59
1212,92037572409711,13.331444,3.920481,0.586452,9.404200,0.000000,59
1213,92037585741155,13.343297,0.933369,0.717572,12.398784,0.000000,59
1214,92037599084452,13.323895,1.203187,0.392996,12.111063,0.000000,59
1215,92037612408347,13.335548,1.103500,0.287833,12.224380,0.000000,59
1216,92037625743895,13.332371,1.009652,0.623454,12.315458,0.000000,59
1217,92037639076266,13.331450,1.235595,0.561593,12.090202,0.000000,59
1218,92037652407716,13.340664,1.165740,0.675154,12.165410,0.000000,59
1219,92037665748380,13.325850,1.211672,0.597251,12.108864,0.000000,59
1220,92037679074230,13.333870,3.976468,0.446193,9.351991,0.000000,59
1221,92037692408100,13.335838,1.168161,0.595633,12.161181,0.000000,59
1222,92037705743938,13.336837,1.128173,0.704810,12.199834,0.000000,59
1223,92037719080775,13.330718,1.316911,0.657704,12.007073,0.000000,59
1224,92037732411493,13.332532,1.246717,0.432981,12.079052,0.000000,59
1225,92037745744025,13.333096,1.175144,0.407678,12.151311,0.000000,59
1226,92037759077121,13.334013,1.150941,0.670788,12.176472,0.000000,59
1227,92037772411134,13.332680,1.555851,0.565009,11.770488,0.000000,59
1228,92037785743814,13.331677,3.794104,0.560072,9.532420,0.000000,59
1229,92037799075491,13.336020,1.153462,0.539918,12.176029,0.000000,59
1230,92037812411511,13.333420,1.120391,0.605832,12.206346,0.000000,59
1231,92037825744931,13.337723,1.042715,0.580137,12.285212,0.000000,59
1232,92037839082654,13.327313,1.214791,0.592611,12.106037,0.000000,59
1233,92037852409967,13.333979,1.064694,0.594922,12.262620,0.000000,59
1234,92037865743946,13.332717,0.917527,0.665889,12.409572,0.000000,59
1235,92037879076663,13.332760,1.375236,0.602931,11.951978,0.000000,59
1236,92037892409423,13.333685,3.852732,0.569304,9.475757,0.000000,59
1237,92037905743108,13.334655,0.929096,0.646875,12.400036,0.000000,59
1238,92037919077763,13.332126,1.456310,0.747949,11.869198,0.000000,59
1239,92037932409889,13.334245,1.036823,0.556366,12.291822,0.000000,59
1240,92037945744134,13.334887,1.080065,0.682206,12.249033,0.000000,60
1241,92037959079021,13.330754,1.089436,0.667876,12.235460,0.000000,60
1242,92037972409775,13.337215,1.439918,0.608870,11.890963,0.000000,60
1243,92037985746990,13.331340,2.639185,0.613146,10.685551,0.000000,60
1244,92037999078330,13.332738,3.961944,0.546982,9.364959,0.000000,60
1245,92038012411068,13.335582,1.042315,0.648508,12.286763,0.000000,60
1246,92038025746650,13.375589,1.069780,1.178341,12.298946,0.000000,60
1247,92038039122239,13.337250,2.139634,1.064107,11.190366,0.000000,60
1248,92038052459489,13.333260,1.324460,0.787276,11.998379,0.000000,60
1249,92038065792749,13.331290,1.143399,0.389654,12.178775,0.000000,60
1250,92038079124039,13.333931,2.080880,0.402181,11.246221,0.000000,60
1251,92038092457970,13.334848,1.420575,0.889473,11.905937,0.000000,60
1252,92038105792818,13.327732,3.728759,1.604213,9.591521,0.000000,60
1253,92038119120550,13.336330,0.785005,1.203028,12.546279,0.000000,60
1254,92038132456880,13.338494,0.970561,1.007252,12.360456,0.000000,60
1255,92038145795374,13.328924,1.154346,1.023349,12.165977,0.000000,60
1256,92038159124298,13.336105,1.092379,1.090681,12.236850,0.000000,60
1257,92038172460403,13.333938,1.256084,1.067540,12.070390,0.000000,60
1258,92038185794341,13.331579,1.193997,1.058082,12.129442,0.000000,60
1259,92038199125920,13.334662,1.679815,1.090891,11.646566,0.000000,60
1260,92038212460582,13.333264,3.881509,1.113588,9.443145,0.000000,60
1261,92038225793846,13.331870,0.959328,0.571074,12.364763,0.000000,60
1262,92038239125716,13.332656,1.098386,0.994374,12.228194,0.000000,60
1263,92038252458372,13.333188,1.114271,0.802296,12.212862,0.000000,60
1264,92038265791560,13.333544,1.209661,0.689405,12.117150,0.000000,60
1265,92038279125104,13.330726,1.434947,0.955793,11.890617,0.000000,60
1266,92038292455830,13.341771,1.038549,0.768674,12.293290,0.000000,60
1267,92038305797601,13.328247,1.282679,0.992196,12.038873,0.000000,60
1268,92038319125848,13.331945,3.760711,0.536399,9.564170,0.000000,60
1269,92038332457793,13.330850,1.021370,0.794656,12.304850,0.000000,60
1270,92038345788643,13.339689,0.841815,0.522826,12.492016,0.000000,60
1271,92038359128332,13.332170,1.158498,0.778064,12.165154,0.000000,60
1272,92038372460502,13.329277,1.274714,1.334981,12.048790,0.000000,60
1273,92038385789779,13.338187,0.873349,1.225256,12.459244,0.000000,60
1274,92038399127966,13.331434,1.307349,1.042172,12.016338,0.000000,60
1275,92038412459400,13.336799,1.224982,0.962224,12.102979,0.000000,60
1276,92038425796199,13.329576,3.492022,1.017186,9.827936,0.000000,60
1277,92038439125775,13.334051,1.241064,1.145077,12.084112,0.000000,60
1278,92038452459826,13.335019,1.416334,1.140190,11.910314,0.000000,60
1279,92038465794845,13.334044,1.116099,1.042936,12.209748,0.000000,60
1280,92038479128889,13.331030,1.704984,0.675088,11.617394,0.000000,60
1281,92038492459919,13.331774,1.376186,0.592610,11.948498,0.000000,60
1282,92038505791693,13.334331,1.320657,0.719521,12.008330,0.000000,60
1283,92038519126024,13.335286,1.570854,1.315116,11.757478,0.000000,60
1284,92038532461310,13.330089,3.537388,1.385012,9.787607,0.000000,60
1285,92038545791399,13.339582,0.955380,0.980852,12.375251,0.000000,60
1286,92038559130981,13.330161,1.324889,1.036567,11.996255,0.000000,60
1287,92038572461142,13.337065,1.269035,1.311480,12.056446,0.000000,60
1288,92038585798207,13.340580,1.002419,0.996245,12.325018,0.000000,60
1289,92038599138787,13.327836,1.381265,1.146436,11.930923,0.000000,60
1290,92038612466623,13.327382,1.368473,1.144047,11.948798,0.000000,60
1291,92038625794005,13.331516,1.186281,1.404672,12.139051,0.000000,60
1292,92038639125521,13.334255,3.500215,1.364739,9.826521,0.000000,60
1293,92038652459776,13.337119,0.940289,1.221304,12.388852,0.000000,60
1294,92038665796895,13.329879,1.014055,1.481930,12.307650,0.000000,60
1295,92038679126774,13.337967,0.896208,0.782682,12.432208,0.000000,60
1296,92038692464741,13.328771,1.391158,0.366961,11.927740,0.000000,60
1297,92038705793512,13.335535,0.935978,0.362843,12.391023,0.000000,60
1298,92038719129047,13.330034,2.538966,0.552927,10.785121,0.000000,60
1299,92038732459081,13.333775,1.352717,0.760925,11.975464,0.000000,60
1300,92038745792856,13.331443,3.833439,0.777276,9.492424,0.000000,60
1301,92038759124299,13.336526,1.226363,0.981002,12.104471,0.000000,60
1302,92038772460825,13.331936,1.442792,0.775827,11.882862,0.000000,60
1303,92038785792761,13.333597,1.420929,0.594202,11.907323,0.000000,61
1304,92038799126358,13.801344,1.338765,0.617968,12.455528,0.000000,61
1305,92038812927702,13.330772,1.349143,0.939092,11.973418,0.000000,61
1306,92038826258474,13.333600,2.505522,0.915769,10.818753,0.000000,61
1307,92038839592074,13.332181,1.533147,1.175741,11.790804,0.000000,61
1308,92038852924255,13.332533,3.920228,0.807229,9.405772,0.000000,61
1309,92038866256788,13.339018,1.021830,0.548290,12.309511,0.000000,61
1310,92038879595806,13.327486,1.130843,0.737807,12.189971,0.000000,61
1311,92038892923292,13.333827,1.112924,0.401801,12.216181,0.000000,61
1312,92038906257119,13.335814,1.038476,0.378461,12.291001,0.000000,61
1313,92038919592933,13.334456,1.120534,0.549174,12.206398,0.000000,61
1314,92038932927389,13.334102,1.202881,0.577364,12.123374,0.000000,61
1315,92038946261491,13.333518,1.357878,0.672664,11.966349,0.000000,61
1316,92038959595009,13.328859,3.574708,0.628868,9.747489,0.000000,61
1317,92038972923868,13.341276,1.016528,0.595955,12.315941,0.000000,61
1318,92038986265144,13.326455,1.178195,0.728504,12.141382,0.000000,61
1319,92038999591599,13.331399,1.167268,0.569562,12.158163,0.000000,61
1320,92039012922998,13.334893,1.071447,0.694077,12.258771,0.000000,61
1321,92039026257891,13.331874,1.099465,0.485124,12.227338,0.000000,61
1322,92039039589765,13.332155,0.958779,0.616361,12.369343,0.000000,61
1323,92039052921920,13.336457,1.684149,0.588431,11.646988,0.000000,61
1324,92039066258377,13.331481,3.749485,0.462648,9.576246,0.000000,61
1325,92039079589858,13.335364,1.106731,0.631385,12.222867,0.000000,61
1326,92039092925222,13.335235,1.051772,0.612725,12.276640,0.000000,61
1327,92039106260457,13.334462,1.154614,0.571363,12.171925,0.000000,61
1328,92039119594919,13.333370,1.383237,0.994137,11.942507,0.000000,61
1329,92039132928289,13.331165,1.097472,0.691026,12.227162,0.000000,61
1330,92039146259454,13.334398,1.188336,0.591180,12.139368,0.000000,61
1331,92039159593852,13.331598,1.481011,0.679173,11.843767,0.000000,61
1332,92039172925450,13.331273,4.071462,0.719778,9.254251,0.000000,61
1333,92039186256723,13.336730,1.021379,0.590275,12.309676,0.000000,61
1334,92039199593453,13.340430,1.223151,0.616342,12.108564,0.000000,61
1335,92039212933883,13.328347,1.343236,0.701439,11.973245,0.000000,61
1336,92039226262230,13.332630,1.226151,0.508065,12.098501,0.000000,61
1337,92039239594860,13.340356,1.327624,0.376066,11.999186,0.000000,61
1338,92039252935216,13.322912,1.429308,0.393578,11.885953,0.000000,61
1339,92039266258128,13.337269,1.301295,0.608985,12.030097,0.000000,61
1340,92039279595397,13.329168,3.429522,0.621075,9.893580,0.000000,61
1341,92039292924565,13.337001,0.908721,0.555641,12.420791,0.000000,61
1342,92039306261566,13.332131,0.961821,0.469870,12.365290,0.000000,61
1343,92039319593697,13.331717,1.449165,0.561931,11.877604,0.000000,61
1344,92039332925414,13.333232,1.073872,0.435945,12.254817,0.000000,61
1345,92039346258646,13.341752,0.977565,0.960229,12.357889,0.000000,61
1346,92039359600398,13.332351,2.094312,0.728975,11.224269,0.000000,61
1347,92039372932749,13.334562,2.066763,0.757356,11.256761,0.000000,61
1348,92039386267311,13.327806,4.651925,0.672298,8.666666,0.000000,61
1349,92039399595117,13.332509,1.353136,0.728138,11.972790,0.000000,61
1350,92039412927626,13.333136,1.404203,0.605641,11.920961,0.000000,61
1351,92039426260762,13.343543,1.170900,0.411717,12.162081,0.000000,61
1352,92039439604305,13.324471,1.313274,0.636846,12.000962,0.000000,61
1353,92039452928776,13.332927,1.492679,0.636664,11.833302,0.000000,61
1354,92039466261703,13.331816,1.009147,0.709574,12.316751,0.000000,61
1355,92039479593519,13.331537,1.441060,0.674575,11.886104,0.000000,61
1356,92039492925056,13.332681,3.279091,0.522969,10.049635,0.000000,61
1357,92039506257737,13.337982,0.743389,0.578339,12.589311,0.000000,61
1358,92039519595719,13.330041,1.148153,0.640720,12.176274,0.000000,61
1359,92039532925760,13.333957,0.924853,0.598609,12.404271,0.000000,61
1360,92039546259717,13.334432,0.883365,0.588472,12.446023,0.000000,61
1361,92039559594149,13.334830,0.876032,0.653089,12.453598,0.000000,61
1362,92039572928979,13.330814,1.135251,0.649006,12.190631,0.000000,61
1363,92039586259793,13.332541,1.083203,0.585921,12.244466,0.000000,61
1364,92039599592334,13.332722,3.358301,0.538826,9.970460,0.000000,61
1365,92039612925056,13.335239,0.782294,0.519794,12.548508,0.000000,61
1366,92039626260295,13.336624,0.791294,0.705890,12.539518,0.000000,62
1367,92039639596919,13.334038,1.163187,0.873452,12.164643,0.000000,62
1368,92039652930957,13.329360,1.075653,0.495350,12.248146,0.000000,62
1369,92039666260317,13.335185,0.809356,0.443726,12.521060,0.000000,62
1370,92039679595502,13.332709,1.077350,0.702746,12.249713,0.000000,62
1371,92039692928211,13.335104,1.137429,0.606387,12.193001,0.000000,62
1372,92039706263315,13.329310,3.402366,0.509627,9.921552,0.000000,62
1373,92039719592625,13.336219,0.765452,0.529055,12.565722,0.000000,62
1374,92039732928844,13.333856,0.909051,0.565727,12.420049,0.000000,62
1375,92039746262700,13.331768,1.053455,0.584989,12.273439,0.000000,62
1376,92039759594468,13.335899,0.880620,0.651289,12.449252,0.000000,62
1377,92039772930367,13.332717,1.092588,0.583237,12.234663,0.000000,62
1378,92039786263084,13.331779,0.928367,0.692163,12.398202,0.000000,62
1379,92039799594863,13.335003,1.185636,0.603818,12.144267,0.000000,62
1380,92039812929866,13.330289,3.374400,0.564923,9.950955,0.000000,62
1381,92039826260155,13.336775,0.573673,0.889272,12.758189,0.000000,62
1382,92039839596930,13.333364,0.982533,0.633509,12.345473,0.000000,62
1383,92039852930294,13.332211,1.095249,0.673114,12.231806,0.000000,62
1384,92039866262505,13.333702,0.954803,0.707910,12.373489,0.000000,62
1385,92039879596207,13.331336,1.007528,0.600246,12.318405,0.000000,62
1386,92039892927543,13.333504,0.834712,0.618366,12.494357,0.000000,62
1387,92039906261047,13.336187,0.960045,0.604733,12.371041,0.000000,62
1388,92039919597234,13.330899,3.474347,0.651761,9.851435,0.000000,62
1389,92039932928133,13.335003,0.754755,0.790417,12.575366,0.000000,62
1390,92039946263136,13.335506,0.885816,0.735808,12.443402,0.000000,62
1391,92039959598642,13.331985,1.288007,0.694232,12.038375,0.000000,62
1392,92039972930627,13.333695,1.041406,0.561082,12.286194,0.000000,62
1393,92039986264322,13.331711,1.440189,0.744102,11.885716,0.000000,62
1394,92039999596033,13.332063,1.030252,0.614326,12.297344,0.000000,62
1395,92040012928096,13.334851,1.153935,0.434617,12.176075,0.000000,62
1396,92040026262947,13.336448,3.508365,0.406504,9.822186,0.000000,62
1397,92040039599395,13.328505,1.130229,0.343491,12.193157,0.000000,62
1398,92040052927900,13.334180,0.806467,0.352785,12.522859,0.000000,62
1399,92040066262080,13.334287,0.743742,0.420181,12.585336,0.000000,62
1400,92040079596367,13.333921,1.507215,0.360781,11.820746,0.000000,62
1401,92040092930288,13.336345,1.074655,0.514426,12.255984,0.000000,62
1402,92040106266633,13.329264,1.008283,0.615321,12.314620,0.000000,62
1403,92040119595897,13.334686,1.241370,0.585857,12.088222,0.000000,62
1404,92040132930583,13.333824,3.702807,0.544583,9.625288,0.000000,62
1405,92040146264407,13.333045,0.967996,0.558511,12.357954,0.000000,62
1406,92040159597452,13.333984,1.107327,0.440111,12.221030,0.000000,62
1407,92040172931436,13.334353,0.979483,0.523127,12.347713,0.000000,62
1408,92040186265789,13.331692,0.873359,0.537503,12.453021,0.000000,62
1409,92040199597481,13.335866,1.158774,0.686360,12.170884,0.000000,62
1410,92040212933347,13.332706,1.121878,0.469131,12.203329,0.000000,62
1411,92040226266053,13.332125,1.355937,0.579819,11.969583,0.000000,62
1412,92040239598178,13.332552,3.626964,0.585343,9.699927,0.000000,62
1413,92040252930730,13.334317,1.175980,0.658293,12.152376,0.000000,62
1414,92040266265047,13.333668,1.038296,0.593675,12.289495,0.000000,62
1415,92040279598715,13.331991,1.157272,0.778787,12.168880,0.000000,62
1416,92040292930706,13.336917,1.265877,0.594195,12.064825,0.000000,62
1417,92040306267623,13.335870,1.045719,0.582820,12.283660,0.000000,62
1418,92040319603493,13.334329,1.125209,0.569948,12.201904,0.000000,62
1419,92040332937822,13.331284,1.336173,0.596959,11.987931,0.000000,62
1420,92040346269106,13.333052,3.548677,0.608350,9.777728,0.000000,62
1421,92040359602158,13.334614,1.033626,0.628823,12.294611,0.000000,62
1422,92040372936772,13.330466,0.948059,0.594089,12.376199,0.000000,62
1423,92040386267238,13.335132,0.804769,0.579903,12.524782,0.000000,62
1424,92040399602370,13.332285,0.873812,0.643771,12.453679,0.000000,62
1425,92040412934655,13.331844,0.916193,0.660620,12.411758,0.000000,62
1426,92040426266499,13.334773,0.742517,0.603931,12.587764,0.000000,63
1427,92040439601272,13.338723,1.320089,0.635542,12.012972,0.000000,63
1428,92040452939995,13.332989,3.534014,0.775777,9.791109,0.000000,63
1429,92040466272984,13.328973,1.805832,0.641044,11.515478,0.000000,63
1430,92040479601957,13.337027,0.954948,0.682422,12.375850,0.000000,63
1431,92040492938984,13.332752,0.991272,0.638176,12.334383,0.000000,63
1432,92040506271736,13.335022,0.903088,0.677902,12.424354,0.000000,63
1433,92040519606758,13.335518,1.022599,0.645177,12.305345,0.000000,63
1434,92040532942276,13.333226,1.089380,0.769601,12.235896,0.000000,63
1435,92040546275502,13.334287,1.210163,0.871096,12.115569,0.000000,63
1436,92040559609789,13.329977,3.838431,0.637269,9.484033,0.000000,63
1437,92040572939766,13.330390,1.040355,0.645249,12.283462,0.000000,63
1438,92040586270156,13.336082,0.899907,0.601924,12.429870,0.000000,63
1439,92040599606238,13.328811,0.960342,0.552039,12.362613,0.000000,63
1440,92040612935049,13.338648,0.824288,0.617802,12.508951,0.000000,63
1441,92040626273697,13.334775,0.990531,0.673886,12.335797,0.000000,63
1442,92040639608472,13.332796,1.319425,0.605276,12.004648,0.000000,63
1443,92040652941268,13.329306,1.445139,0.613952,11.876731,0.000000,63
1444,92040666270574,13.330717,3.865488,0.494440,9.460724,0.000000,63
1445,92040679601291,13.336642,2.417109,0.552242,10.914486,0.000000,63
1446,92040692937933,13.330862,1.118367,1.879669,12.206438,0.000000,63
1447,92040706268795,13.334893,1.049713,0.573371,12.279657,0.000000,63
1448,92040719603688,13.334026,0.989304,0.677343,12.338747,0.000000,63
1449,92040732937714,13.350220,0.994583,0.572805,12.348613,0.000000,63
1450,92040746287934,13.332907,0.942151,0.579456,12.384686,0.000000,63
1451,92040759620841,13.333956,1.305000,0.652434,12.022175,0.000000,63
1452,92040772954797,13.331736,3.528457,0.562690,9.797170,0.000000,63
1453,92040786286533,13.333706,0.852471,0.576190,12.476216,0.000000,63
1454,92040799620239,13.333706,0.925548,0.621655,12.402817,0.000000,63
1455,92040812953945,13.335444,0.979833,0.555613,12.350422,0.000000,63
1456,92040826289389,13.331175,0.939083,0.568542,12.385643,0.000000,63
1457,92040839620564,13.334355,0.989452,0.422761,12.338351,0.000000,63
1458,92040852954919,13.334265,1.028574,0.563746,12.299194,0.000000,63
1459,92040866289184,13.331585,1.124739,0.460127,12.201056,0.000000,63
1460,92040879620769,13.333565,3.443324,0.502433,9.885531,0.000000,63
1461,92040892954334,13.338207,0.961112,0.467604,12.370415,0.000000,63
1462,92040906292541,13.329835,1.008633,0.543587,12.314098,0.000000,63
1463,92040919622376,13.331534,1.086363,0.550781,12.239886,0.000000,63
1464,92040932953910,13.336397,1.699924,0.595458,11.630417,0.000000,63
1465,92040946290307,13.332538,1.003280,0.578316,12.322938,0.000000,63
1466,92040959622845,13.332746,1.042116,0.394859,12.283708,0.000000,63
1467,92040972955591,13.334887,1.244033,0.567884,12.084474,0.000000,63
1468,92040986290478,13.336239,3.628184,0.557481,9.700046,0.000000,63
1469,92040999626717,13.329127,1.252608,0.527797,12.069740,0.000000,63
1470,92041012955844,13.334246,0.896789,0.410304,12.431918,0.000000,63
1471,92041026290090,13.331834,0.770784,0.355329,12.555408,0.000000,63
1472,92041039621924,13.334734,0.986843,0.554906,12.342646,0.000000,63
1473,92041052956658,13.331738,0.984408,0.487985,12.342406,0.000000,63
1474,92041066288396,13.333203,0.766651,0.592568,12.561397,0.000000,63
1475,92041079621599,13.331774,1.045145,0.473803,12.282148,0.000000,63
1476,92041092953373,13.335724,3.456533,0.342930,9.874719,0.000000,63
1477,92041106289097,13.334657,0.743613,0.636933,12.585539,0.000000,63
1478,92041119623754,13.331248,0.904764,0.574720,12.421725,0.000000,63
1479,92041132955002,13.335131,1.198330,0.555930,12.130969,0.000000,63
1480,92041146290133,13.331776,0.882952,0.558170,12.442776,0.000000,63
1481,92041159621909,13.332593,0.852203,0.586421,12.475505,0.000000,63
1482,92041172954502,13.337065,0.939919,0.560595,12.391385,0.000000,63
1483,92041186291567,13.331472,1.181019,0.618627,12.144353,0.000000,63
1484,92041199623039,13.333117,3.858958,0.567316,9.468905,0.000000,63
1485,92041212956156,13.333735,0.922233,0.567585,12.405464,0.000000,63
1486,92041226289891,13.331823,0.750246,0.565604,12.577035,0.000000,63
1487,92041239621714,13.334537,0.829849,0.381718,12.499968,0.000000,63
1488,92041252956251,13.335078,0.952020,0.662228,12.377805,0.000000,63
1489,92041266291329,13.335435,1.000730,0.928509,12.328044,0.000000,63
1490,92041279626764,13.330573,1.114810,0.561225,12.209308,0.000000,63
1491,92041292957337,13.332458,1.163504,0.677891,12.162438,0.000000,63
1492,92041306289795,13.332657,3.399375,1.943599,9.928045,0.000000,63
1493,92041319622452,13.335451,0.960555,1.956518,12.370160,0.000000,63
1494,92041332957903,13.330952,0.892739,0.509402,12.433520,0.000000,63
1495,92041346288855,13.336585,0.724904,2.058976,12.606381,0.000000,63
1496,92041359625440,13.331490,0.882402,0.546973,12.444714,0.000000,64
1497,92041372956930,13.332205,2.016042,0.545645,11.311967,0.000000,64
1498,92041386289135,13.333849,0.704890,0.558115,12.624445,0.000000,64
1499,92041399622984,13.333091,1.689776,0.655929,11.638626,0.000000,64
1500,92041412956075,13.334182,3.514369,0.532659,9.815146,0.000000,64
1501,92041426290257,13.332344,1.953610,0.547708,11.374291,0.000000,64
1502,92041439622601,13.333169,0.797614,0.569058,12.530250,0.000000,64
1503,92041452955770,13.333607,0.789634,0.554362,12.539334,0.000000,64
1504,92041466289377,13.333710,0.684366,0.529186,12.645292,0.000000,64
1505,92041479623087,13.332908,0.800027,0.497974,12.528470,0.000000,64
1506,92041492955995,13.334930,0.797997,0.521143,12.532450,0.000000,64
1507,92041506290925,13.335103,0.979338,0.701789,12.350674,0.000000,64
1508,92041519626028,13.329578,3.513994,0.497462,9.811265,0.000000,64
1509,92041532955606,13.335061,0.839338,0.516226,12.491394,0.000000,64
1510,92041546290667,13.334634,0.868346,0.538297,12.461651,0.000000,64
1511,92041559625301,13.331054,0.882209,0.528370,12.443662,0.000000,64
1512,92041572956355,13.333585,0.791449,0.553761,12.537905,0.000000,64
1513,92041586289940,13.333611,0.706023,0.542775,12.623235,0.000000,64
1514,92041599623551,13.334466,0.775265,0.396798,12.554844,0.000000,64
1515,92041612958017,13.332938,1.035092,0.657604,12.292943,0.000000,64
1516,92041626290955,13.333359,3.355692,0.527700,9.972546,0.000000,64
1517,92041639624314,13.334450,0.822357,0.595321,12.506606,0.000000,64
1518,92041652958764,13.333387,0.851829,0.622740,12.475969,0.000000,64
1519,92041666292151,13.332229,0.792093,0.527180,12.535059,0.000000,64
1520,92041679624380,13.333922,0.804857,0.526575,12.524381,0.000000,64
1521,92041692958302,13.332525,0.792023,0.535600,12.535570,0.000000,64
1522,92041706290827,13.333282,0.687393,0.593329,12.641353,0.000000,64
1523,92041719624109,13.337087,1.218677,0.707735,12.112790,0.000000,64
1524,92041732961196,13.330638,3.525740,0.523908,9.799528,0.000000,64
1525,92041746291834,13.332997,0.746082,0.510006,12.581922,0.000000,64
1526,92041759624831,13.335959,0.807786,0.552305,12.523154,0.000000,64
1527,92041772960790,13.331607,0.852870,0.495930,12.473569,0.000000,64
1528,92041786292397,13.333755,0.766973,0.525771,12.561743,0.000000,64
1529,92041799626152,13.335387,0.946476,0.545897,12.383168,0.000000,64
1530,92041812961539,13.331472,1.010403,0.374866,12.314815,0.000000,64
1531,92041826293011,13.335165,1.172587,0.679525,12.155019,0.000000,64
1532,92041839628176,13.331094,4.049100,0.562956,9.276483,0.000000,64
1533,92041852959270,13.333673,1.110225,0.541889,12.217920,0.000000,64
1534,92041866292943,13.333648,0.927323,0.550228,12.400244,0.000000,64
1535,92041879626591,13.333944,1.153941,0.569683,12.173897,0.000000,64
1536,92041892960535,13.333598,1.053760,0.479173,12.272984,0.000000,64
1537,92041906294133,13.331094,0.910819,0.505646,12.415026,0.000000,64
1538,92041919625227,13.337085,1.130184,0.552052,12.200915,0.000000,64
1539,92041932962312,13.330134,1.423284,0.531341,11.901289,0.000000,64
1540,92041946292446,13.333981,3.256793,0.439691,10.072170,0.000000,64
1541,92041959626427,13.333971,1.021919,0.547357,12.307376,0.000000,64
1542,92041972960398,13.334593,1.017561,0.560952,12.311230,0.000000,64
1543,92041986294991,13.332131,0.745123,0.605330,12.581053,0.000000,64
1544,92041999627122,13.335437,1.064306,0.568852,12.265366,0.000000,64
1545,92042012962559,13.333367,0.904604,0.434874,12.422616,0.000000,64
1546,92042026295926,13.332953,0.872111,0.421907,12.453369,0.000000,64
1547,92042039628879,13.332580,1.124756,0.479270,12.202760,0.000000,64
1548,92042052961459,13.334046,3.318119,0.430130,10.010394,0.000000,64
1549,92042066295505,13.333493,0.953182,0.441114,12.374062,0.000000,64
1550,92042079628998,13.330593,1.020461,0.411405,12.304774,0.000000,64
1551,92042092959591,13.337294,1.038509,0.495107,12.292601,0.000000,64
1552,92042106296885,13.332630,0.879126,0.475554,12.446614,0.000000,64
1553,92042119629515,13.333296,0.899574,0.484326,12.428834,0.000000,64
1554,92042132962811,13.335401,0.908212,0.390654,12.421199,0.000000,64
1555,92042146298212,13.331624,1.091078,0.483853,12.234182,0.000000,64
1556,92042159629836,13.333277,3.421252,0.557032,9.906343,0.000000,64
1557,92042172963113,13.333186,0.969899,0.382730,12.357836,0.000000,64
1558,92042186296299,13.333011,1.038214,0.397896,12.288724,0.000000,64
1559,92042199629310,13.335185,0.941853,0.499230,12.387479,0.000000,64
1560,92042212964495,13.334820,0.948390,0.381816,12.379714,0.000000,65
1561,92042226299315,13.329924,0.894678,0.478884,12.429925,0.000000,65
1562,92042239629239,13.332659,0.956722,0.595428,12.370968,0.000000,65
1563,92042252961898,13.336202,3.831189,0.602798,9.499501,0.000000,65
1564,92042266298100,13.332135,3.558315,0.459643,9.767575,0.000000,65
1565,92042279630235,13.332699,1.215912,0.547661,12.111210,0.000000,65
1566,92042292962934,13.333852,1.323787,0.350126,12.004323,0.000000,65
1567,92042306296786,13.334701,0.863099,0.598063,12.465829,0.000000,65
1568,92042319631487,13.331159,1.303617,0.396049,12.021715,0.000000,65
1569,92042332962646,13.334128,1.250478,0.664425,12.078327,0.000000,65
1570,92042346296774,13.334208,1.020307,0.393834,12.308361,0.000000,65
1571,92042359630982,13.331946,1.468768,0.846412,11.857299,0.000000,65
1572,92042372962928,13.334540,3.429659,0.516860,9.898526,0.000000,65
1573,92042386297468,13.333269,1.272678,0.482456,12.054631,0.000000,65
1574,92042399630737,13.332469,1.050324,0.885736,12.276133,0.000000,65
1575,92042412963206,13.334236,0.893552,0.577215,12.435292,0.000000,65
1576,92042426297442,13.333620,1.107568,0.465684,12.219698,0.000000,65
1577,92042439631062,13.332343,1.064829,0.454590,12.261311,0.000000,65
1578,92042452963405,13.332794,0.920006,0.451499,12.407753,0.000000,65
1579,92042466296199,13.335715,1.048059,0.585629,12.281791,0.000000,65
1580,92042479631914,13.332908,3.367208,0.450626,9.960109,0.000000,65
1581,92042492964822,13.332671,0.962174,0.392213,12.364349,0.000000,65
1582,92042506297493,13.334088,0.885345,0.517484,12.442742,0.000000,65
1583,92042519631581,13.332889,0.930129,0.506096,12.396612,0.000000,65
1584,92042532964470,13.332554,0.956568,0.379257,12.370165,0.000000,65
1585,92042546297024,13.334449,0.865516,0.407043,12.463126,0.000000,65
1586,92042559631473,13.332550,0.970129,0.386631,12.356629,0.000000,65
1587,92042572964023,13.333660,1.137789,0.421655,12.190421,0.000000,65
1588,92042586297683,13.334776,3.257440,0.548018,10.071474,0.000000,65
1589,92042599632459,13.331917,0.954487,0.409227,12.371545,0.000000,65
1590,92042612964376,13.333634,0.907801,0.548486,12.419618,0.000000,65
1591,92042626298010,13.332690,0.795904,0.551091,12.530951,0.000000,65
1592,92042639630700,13.334941,0.907967,0.537394,12.421285,0.000000,65
1593,92042652965641,13.331878,0.912179,0.409536,12.414094,0.000000,65
1594,92042666297519,13.335143,0.836998,0.597922,12.492595,0.000000,65
1595,92042679632662,13.333005,1.167055,0.587060,12.160241,0.000000,65
1596,92042692965667,13.331465,4.569615,0.519325,8.755812,0.000000,65
1597,92042706297132,13.335641,0.784430,0.468753,12.545019,0.000000,65
1598,92042719632773,13.333010,0.914181,0.440913,12.412744,0.000000,65
1599,92042732965783,13.332654,0.921432,0.515606,12.404668,0.000000,65
1600,92042746298437,13.333011,0.800546,0.545708,12.526369,0.000000,65
1601,92042759631448,13.335074,0.859458,0.444810,12.470041,0.000000,65
1602,92042772966522,13.331934,0.906784,0.350486,12.419740,0.000000,65
1603,92042786298456,13.333006,1.137205,0.479774,12.190136,0.000000,65
1604,92042799631462,13.336294,3.590892,0.383061,9.738990,0.000000,65
1605,92042812967756,13.329993,1.068292,0.514332,12.255473,0.000000,65
1606,92042826297749,13.332706,0.798160,0.534615,12.529904,0.000000,65
1607,92042839630455,13.335906,0.828690,0.435345,12.501604,0.000000,65
1608,92042852966361,13.333403,0.918112,0.433412,12.408873,0.000000,65
1609,92042866299764,13.332153,0.989042,0.502247,12.337027,0.000000,65
1610,92042879631917,13.335716,1.015616,0.460813,12.313568,0.000000,65
1611,92042892967633,13.329893,1.242138,0.508329,12.081198,0.000000,65
1612,92042906297526,13.335710,3.592475,0.477557,9.737181,0.000000,65
1613,92042919633236,13.333515,0.924861,0.369973,12.402548,0.000000,65
1614,92042932966751,13.332522,0.947302,0.453241,12.379684,0.000000,65
1615,92042946299273,13.333889,0.782143,0.507307,12.546824,0.000000,65
1616,92042959633162,13.332414,0.935539,0.555457,12.392292,0.000000,65
1617,92042972965576,13.335166,0.942949,0.578631,12.386350,0.000000,65
1618,92042986300742,13.355687,0.968845,0.547191,12.381377,0.000000,65
1619,92042999656429,13.334202,1.173290,0.477959,12.155246,0.000000,65
1620,92043012990631,13.334242,3.327297,0.401916,10.000599,0.000000,65
1621,92043026324873,13.332365,0.860307,0.534317,12.466002,0.000000,65
1622,92043039657238,13.332185,1.036975,0.598683,12.290063,0.000000,65
1623,92043052989423,13.335215,0.884007,0.472796,12.444884,0.000000,65
1624,92043066324638,13.333701,0.853318,0.395785,12.474682,0.000000,65
1625,92043079658339,13.333697,0.914254,0.474872,12.411755,0.000000,65
1626,92043092992036,13.334603,1.048590,0.523589,12.279743,0.000000,65
1627,92043106326639,13.331589,1.274804,0.396764,12.050498,0.000000,65
1628,92043119658228,13.331349,3.681569,0.389153,9.643917,0.000000,65
1629,92043132989577,13.336112,0.910764,0.432000,12.419252,0.000000,65
1630,92043146325689,13.331764,0.941397,0.411627,12.384963,0.000000,65
1631,92043159657453,13.333518,1.081715,0.542880,12.245740,0.000000,65
1632,92043172990971,13.336478,0.956500,0.538744,12.372817,0.000000,65
1633,92043186327449,13.328473,0.848373,0.392020,12.474912,0.000000,66
1634,92043199655922,13.336123,0.888423,0.527070,12.441940,0.000000,66
1635,92043212992045,13.349769,2.536260,0.526484,10.803095,0.000000,66
1636,92043226341814,13.319492,6.361367,0.533000,6.943127,0.000000,66
1637,92043239661306,13.332171,1.091278,0.576286,12.234862,0.000000,66
1638,92043252993477,13.334499,0.899343,0.405964,12.429629,0.000000,66
1639,92043266327976,13.330553,0.940120,0.379182,12.385201,0.000000,66
1640,92043279658529,13.334407,0.966289,0.449458,12.362455,0.000000,66
1641,92043292992936,13.332737,1.263922,0.478431,12.063837,0.000000,66
1642,92043306325673,13.334963,0.858792,0.424300,12.470386,0.000000,66
1643,92043319660636,13.333457,1.304885,0.587048,12.022056,0.000000,66
1644,92043332994093,13.330420,3.302166,0.493822,10.023093,0.000000,66
1645,92043346324513,13.335192,0.749228,0.449355,12.580619,0.000000,66
1646,92043359659705,13.333861,0.947688,0.538232,12.379685,0.000000,66
1647,92043372993566,13.334130,0.903675,0.466707,12.424739,0.000000,66
1648,92043386327696,13.332097,0.846003,0.402756,12.479803,0.000000,66
1649,92043399659793,13.333720,0.980042,0.517610,12.348130,0.000000,66
1650,92043412993513,13.333736,1.012108,0.351144,12.315279,0.000000,66
1651,92043426327249,13.333979,1.168401,0.558925,12.159421,0.000000,66
1652,92043439661228,13.331545,3.371611,0.355709,9.954288,0.000000,66
1653,92043452992773,13.334241,1.155607,0.427670,12.172017,0.000000,66
1654,92043466327014,13.334564,0.947134,0.562092,12.381663,0.000000,66
1655,92043479661578,13.331097,0.925179,0.532335,12.399350,0.000000,66
1656,92043492992675,13.334524,0.903991,0.619944,12.425798,0.000000,66
1657,92043506327199,13.333936,0.789876,0.376486,12.538349,0.000000,66
1658,92043519661135,13.333861,1.036086,0.569523,12.292212,0.000000,66
1659,92043532994996,13.331536,1.257244,0.584223,12.067966,0.000000,66
1660,92043546326532,13.334745,3.204158,0.494213,10.125249,0.000000,66
1661,92043559661277,13.333245,0.899709,0.361994,12.427770,0.000000,66
1662,92043572994522,13.332830,0.875538,0.394699,12.451626,0.000000,66
1663,92043586327352,13.334043,0.968028,0.400480,12.359679,0.000000,66
1664,92043599661395,13.332150,1.023046,0.547769,12.303215,0.000000,66
1665,92043612993545,13.333481,0.932201,0.492350,12.395953,0.000000,66
1666,92043626327026,13.335519,0.798876,0.558809,12.530108,0.000000,66
1667,92043639662545,13.331638,1.161364,0.596614,12.164036,0.000000,66
1668,92043652994183,13.333069,3.463278,0.586453,9.863959,0.000000,66
1669,92043666327252,13.336377,0.777106,0.449049,12.553154,0.000000,66
1670,92043679663629,13.331873,0.986323,0.406048,12.338967,0.000000,66
1671,92043692995502,13.334200,1.161565,0.653595,12.165812,0.000000,66
1672,92043706329702,13.333014,0.852225,0.513247,12.474222,0.000000,66
1673,92043719662716,13.332743,0.978385,0.465671,12.348217,0.000000,66
1674,92043732995459,13.335099,1.877378,0.565259,11.449845,0.000000,66
1675,92043746330558,13.331035,1.407840,0.661669,11.916609,0.000000,66
1676,92043759661593,13.332677,3.417085,0.588334,9.909903,0.000000,66
1677,92043772994270,13.336413,1.103164,0.557741,12.227447,0.000000,66
1678,92043786330683,13.331574,0.972946,0.578274,12.350969,0.000000,66
1679,92043799662257,13.335497,1.093145,0.351198,12.235938,0.000000,66
1680,92043812997754,13.334856,1.224637,0.555778,12.102170,0.000000,66
1681,92043826332610,13.330277,1.145325,0.587270,12.177979,0.000000,66
1682,92043839662887,13.333227,0.994731,0.444925,12.332316,0.000000,66
1683,92043852996114,13.331945,1.321922,0.507145,12.004043,0.000000,66
1684,92043866328059,13.335844,3.409045,0.498727,9.921023,0.000000,66
1685,92043879663903,13.333266,0.984220,0.386427,12.343297,0.000000,66
1686,92043892997169,13.333510,1.025507,0.571392,12.301543,0.000000,66
1687,92043906330679,13.333165,0.953992,0.598955,12.372666,0.000000,66
1688,92043919663844,13.331641,0.920096,0.568265,12.404985,0.000000,66
1689,92043932995485,13.333331,0.929385,0.585263,12.397666,0.000000,66
1690,92043946328816,13.336294,0.893719,0.438860,12.436582,0.000000,66
1691,92043959665110,13.336500,1.488086,0.593463,11.839335,0.000000,66
1692,92043973001610,13.327845,3.426834,0.416538,9.893826,0.000000,66
1693,92043986329455,13.339645,0.779950,0.643329,12.551117,0.000000,66
1694,92043999669100,13.325143,1.044356,0.601221,12.274356,0.000000,66
1695,92044012994243,13.337905,1.054827,0.543707,12.276282,0.000000,66
1696,92044026332148,13.330094,1.076052,0.502815,12.246609,0.000000,66
1697,92044039662242,13.332653,1.407556,0.530159,11.920841,0.000000,66
1698,92044052994895,13.335871,1.091593,0.505991,12.238019,0.000000,66
1699,92044066330766,13.333679,1.464606,1.146334,11.863905,0.000000,66
1700,92044079664445,13.331039,3.640212,0.454888,9.684990,0.000000,66
1701,92044092995484,13.338983,1.339776,0.351520,11.991655,0.000000,66
1702,92044106334467,13.331257,1.189705,0.469455,12.134113,0.000000,67
1703,92044119665724,13.332159,1.524602,0.380248,11.800695,0.000000,67
1704,92044132997883,13.332258,0.974758,0.453739,12.351174,0.000000,67
1705,92044146330141,13.333080,0.813889,0.537900,12.513709,0.000000,67
1706,92044159663221,13.338826,0.905940,0.578348,12.423072,0.000000,67
1707,92044173002047,13.329076,1.265488,0.584522,12.058005,0.000000,67
1708,92044186331123,13.332461,3.615465,0.541691,9.711060,0.000000,67
1709,92044199663584,13.334652,0.968113,0.407414,12.360706,0.000000,67
1710,92044212998236,13.332771,1.017982,0.591402,12.308747,0.000000,67
1711,92044226331007,13.331570,0.991037,0.488534,12.335342,0.000000,67
1712,92044239662577,13.336824,0.846222,0.567195,12.485845,0.000000,67
1713,92044252999401,13.331921,0.914839,0.576892,12.411250,0.000000,67
1714,92044266331322,13.331715,0.816526,0.569271,12.509238,0.000000,67
1715,92044279663037,13.333838,1.067364,0.554320,12.260957,0.000000,67
1716,92044292996875,13.333235,3.282686,0.473012,10.046004,0.000000,67
1717,92044306330110,13.334423,0.811843,0.533203,12.517418,0.000000,67
1718,92044319664533,13.336491,0.865345,0.896217,12.463786,0.000000,67
1719,92044333001024,13.329822,0.895243,0.403823,12.428382,0.000000,67
1720,92044346330846,13.343331,0.803269,0.539296,12.527171,0.000000,67
1721,92044359674177,13.333843,1.078839,0.595000,12.243682,0.000000,67
1722,92044373008020,13.323505,1.072520,0.538156,12.243073,0.000000,67
1723,92044386331525,13.332118,0.987392,0.556252,12.339874,0.000000,67
1724,92044399663643,13.334678,3.364000,0.528814,9.965394,0.000000,67
1725,92044412998321,13.333911,1.130446,0.550803,12.197459,0.000000,67
1726,92044426332232,13.335519,0.981780,0.566705,12.347363,0.000000,67
1727,92044439667751,13.333103,1.115852,0.575772,12.210190,0.000000,67
1728,92044453000854,13.331885,1.039877,0.531490,12.285450,0.000000,67
1729,92044466332739,13.334766,0.799488,0.549830,12.529364,0.000000,67
1730,92044479667505,13.333306,1.000463,0.678858,12.325941,0.000000,67
1731,92044493000811,13.331413,1.270421,0.596196,12.054354,0.000000,67
1732,92044506332224,13.335237,3.322603,0.504356,10.006197,0.000000,67
1733,92044519667461,13.329717,1.007023,0.557101,12.316537,0.000000,67
1734,92044532997178,13.342470,0.997043,0.503104,12.336855,0.000000,67
1735,92044546339648,13.327894,1.074262,0.595115,12.245127,0.000000,67
1736,92044559667542,13.332195,1.146070,0.387935,12.179501,0.000000,67
1737,92044572999737,13.335452,1.123783,0.391016,12.205704,0.000000,67
1738,92044586335189,13.333829,1.012095,0.586074,12.314326,0.000000,67
1739,92044599669018,13.331186,1.426479,0.629089,11.897425,0.000000,67
1740,92044613000204,13.335844,3.636212,0.602813,9.692767,0.000000,67
1741,92044626336048,13.333078,0.994355,0.530522,12.331146,0.000000,67
1742,92044639669126,13.331242,1.183648,0.442583,12.141074,0.000000,67
1743,92044653000368,13.333871,1.201808,0.632817,12.125158,0.000000,67
1744,92044666334239,13.333394,0.959187,0.573510,12.367811,0.000000,67
1745,92044679667633,13.332172,1.081976,0.395328,12.243833,0.000000,67
1746,92044692999805,13.334380,1.078020,0.544421,12.251002,0.000000,67
1747,92044706334185,13.333152,1.230826,0.398073,12.096112,0.000000,67
1748,92044719667337,13.335314,3.737584,0.403277,9.590947,0.000000,67
1749,92044733002651,13.331824,1.135783,0.441996,12.189810,0.000000,67
1750,92044746334475,13.333724,0.970978,0.497982,12.357219,0.000000,67
1751,92044759668199,13.334122,1.100816,0.569348,12.226012,0.000000,67
1752,92044773002321,13.332228,1.159135,0.407691,12.165958,0.000000,68
1753,92044786334549,13.331041,1.026267,0.573168,12.299226,0.000000,68
1754,92044799665590,13.337443,1.341742,0.600424,11.989646,0.000000,68
1755,92044813003033,13.332143,2.250874,0.568510,11.074139,0.000000,68
1756,92044826335176,13.333618,3.687010,0.544499,9.640478,0.000000,68
1757,92044839668794,13.335250,1.013832,0.550805,12.313395,0.000000,68
1758,92044853004044,13.330644,1.059083,0.388602,12.266037,0.000000,68
1759,92044866334688,13.334284,0.955462,0.573288,12.372536,0.000000,68
1760,92044879668972,13.333284,1.123884,0.594708,12.203108,0.000000,68
1761,92044893002256,13.334051,1.149908,0.559512,12.177259,0.000000,68
1762,92044906336307,13.333572,1.076844,0.567154,12.249390,0.000000,68
1763,92044919669879,13.333822,1.565218,0.529864,11.762261,0.000000,68
1764,92044933003701,13.330435,3.633970,0.597559,9.690221,0.000000,68
1765,92044946334136,13.332744,0.836897,0.417723,12.490629,0.000000,68
1766,92044959666880,13.336473,1.055489,0.553977,12.275831,0.000000,68
1767,92044973003353,13.333335,1.132430,0.429997,12.193350,0.000000,68
1768,92044986336688,13.335707,0.970471,0.401900,12.357680,0.000000,68
1769,92044999672395,13.331581,1.259879,0.566196,12.064638,0.000000,68
1770,92045013003976,13.342052,1.223279,0.387769,12.111887,0.000000,68
1771,92045026346028,13.331100,1.246971,0.579642,12.077674,0.000000,68
1772,92045039677128,13.334476,3.426153,0.571456,9.902324,0.000000,68
1773,92045053011604,13.331858,0.912391,0.585223,12.414108,0.000000,68
1774,92045066343462,13.332878,0.804584,0.556252,12.523360,0.000000,68
1775,92045079676340,13.332926,0.852299,0.535232,12.475352,0.000000,68
1776,92045093009266,13.334202,0.835455,0.527020,12.493743,0.000000,68
1777,92045106343468,13.334620,0.876745,0.536396,12.452967,0.000000,68
1778,92045119678088,13.335231,1.003838,0.392542,12.324850,0.000000,68
1779,92045133013319,13.338928,1.295587,0.580630,12.032405,0.000000,68
1780,92045146352247,13.326466,3.715708,0.467841,9.602176,0.000000,68
1781,92045159678713,13.333599,1.077041,0.345967,12.250120,0.000000,68
1782,92045173012312,13.338330,1.053302,0.569638,12.276565,0.000000,68
1783,92045186350642,13.328835,1.062585,0.551474,12.258182,0.000000,68
1784,92045199679477,13.334583,1.154032,0.594270,12.171997,0.000000,68
1785,92045213014060,13.330738,1.100160,0.590494,12.224880,0.000000,68
1786,92045226344798,13.333916,1.016713,0.568909,12.311787,0.000000,68
1787,92045239678714,13.334060,1.262918,0.426772,12.064583,0.000000,68
1788,92045253012774,13.333692,3.357185,0.549166,9.970107,0.000000,68
1789,92045266346466,13.333132,0.813356,0.569078,12.513775,0.000000,68
1790,92045279679598,13.333646,0.987841,0.544632,12.340348,0.000000,68
1791,92045293013244,13.332618,1.018967,0.583418,12.307481,0.000000,68
1792,92045306345862,13.332132,0.830954,0.406352,12.495379,0.000000,68
1793,92045319677994,13.332429,0.939754,0.349177,12.388227,0.000000,68
1794,92045333010423,13.335990,0.946683,0.528698,12.384209,0.000000,68
1795,92045346346413,13.331249,1.055624,0.603766,12.270712,0.000000,68
1796,92045359677662,13.333865,3.365625,0.583625,9.963227,0.000000,68
1797,92045373011527,13.335989,0.816392,0.546228,12.513672,0.000000,68
1798,92045386347516,13.343327,0.874461,0.582669,12.458938,0.000000,68
1799,92045399690843,13.319836,0.996537,0.533869,12.316556,0.000000,68
1800,92045413010679,13.337377,0.824613,0.560259,12.506641,0.000000,68
1801,92045426348056,13.332458,0.822066,0.551180,12.503120,0.000000,68
1802,92045439680514,13.333388,1.244709,0.495631,12.083045,0.000000,68
1803,92045453013902,13.333580,1.337325,0.524190,11.989426,0.000000,68
1804,92045466347482,13.334640,3.326204,0.536051,10.002220,0.000000,68
1805,92045479682122,13.331695,1.013942,0.524199,12.310566,0.000000,69
1806,92045493013817,13.331818,1.013189,0.594149,12.313086,0.000000,69
1807,92045506345635,13.333971,0.860990,0.635558,12.467684,0.000000,69
1808,92045519679606,13.333981,1.016837,0.606799,12.311811,0.000000,69
1809,92045533013587,13.334292,0.998406,0.444440,12.330686,0.000000,69
1810,92045546347879,13.332717,0.915371,0.420173,12.410750,0.000000,69
1811,92045559680596,13.333095,1.447448,0.384970,11.879658,0.000000,69
1812,92045573013691,13.334241,3.767608,0.398087,9.560026,0.000000,69
1813,92045586347932,13.334277,0.974398,0.585610,12.352541,0.000000,69
1814,92045599682209,13.333125,1.101950,0.592098,12.224082,0.000000,69
1815,92045613015334,13.334320,1.087200,0.571812,12.240120,0.000000,69
1816,92045626349654,13.333355,1.122373,0.572496,12.203753,0.000000,69
1817,92045639683009,13.330819,1.181988,0.552692,12.142069,0.000000,69
1818,92045653013828,13.336146,1.038285,0.555242,12.290898,0.000000,69
1819,92045666349974,13.332448,1.135306,0.592177,12.191412,0.000000,69
1820,92045679682422,13.336621,3.783543,0.541789,9.544633,0.000000,69
1821,92045693019043,13.331725,1.076251,0.582249,12.248175,0.000000,69
1822,92045706350768,13.331041,0.931619,0.582208,12.394132,0.000000,69
1823,92045719681809,13.334896,1.045603,0.617365,12.282445,0.000000,69
1824,92045733016705,13.335337,1.226962,0.551316,12.100135,0.000000,69
1825,92045746352042,13.331172,1.057770,0.398105,12.266596,0.000000,69
1826,92045759683214,13.333230,1.358450,0.606670,11.968508,0.000000,69
1827,92045773016444,13.332509,1.449867,0.566831,11.876390,0.000000,69
1828,92045786348953,13.333564,3.664005,0.548555,9.663525,0.000000,69
1829,92045799682517,13.339739,1.017408,0.543995,12.312804,0.000000,69
1830,92045813022256,13.325217,0.980908,0.568322,12.336880,0.000000,69
1831,92045826347473,13.337083,0.777869,0.558831,12.553907,0.000000,69
1832,92045839684556,13.335294,0.930688,0.544237,12.396651,0.000000,69
1833,92045853019850,13.327611,0.966465,0.564671,12.355165,0.000000,69
1834,92045866347461,13.332719,0.777002,0.527834,12.551031,0.000000,69
1835,92045879680180,13.340626,1.023309,0.486248,12.309810,0.000000,69
1836,92045893020806,13.327288,3.308571,0.549576,10.011774,0.000000,69
1837,92045906348094,13.334149,0.930312,0.375777,12.398530,0.000000,69
1838,92045919682243,13.333591,0.894455,0.577360,12.433487,0.000000,69
1839,92045933015834,13.332153,0.869849,0.558617,12.457578,0.000000,69
1840,92045946347987,13.332742,0.755138,0.610229,12.572874,0.000000,69
1841,92045959680729,13.336474,0.834224,0.571505,12.496991,0.000000,69
1842,92045973017203,13.333469,0.898760,0.555749,12.426892,0.000000,69
1843,92045986350672,13.330873,1.086986,0.575839,12.237225,0.000000,69
1844,92045999681545,13.336491,3.336365,0.400868,9.993582,0.000000,69
1845,92046013018036,13.333702,1.084303,0.553382,12.242798,0.000000,69
1846,92046026351738,13.331964,0.882466,0.583502,12.443419,0.000000,69
1847,92046039683702,13.344128,0.964980,0.681595,12.371855,0.000000,69
1848,92046053027830,13.333629,1.098067,0.629187,12.229132,0.000000,69
1849,92046066361459,13.334316,0.959635,0.573971,12.367468,0.000000,69
1850,92046079695775,13.330831,1.009483,0.560515,12.315976,0.000000,69
1851,92046093026606,13.334285,1.135817,0.451162,12.193017,0.000000,69
1852,92046106360891,13.334392,3.238297,0.561925,10.089323,0.000000,69
1853,92046119695283,13.330869,1.025374,0.621554,12.300611,0.000000,69
1854,92046133026152,13.332626,0.972007,0.611286,12.356076,0.000000,69
1855,92046146358778,13.335123,0.802220,0.597185,12.527738,0.000000,69
1856,92046159693901,13.337860,0.936885,0.624938,12.392221,0.000000,69
1857,92046173031761,13.327990,1.075698,0.425648,12.246576,0.000000,69
1858,92046186359751,13.333516,0.802406,0.451111,12.526432,0.000000,70
1859,92046199693267,13.336605,1.232724,0.413884,12.098137,0.000000,70
1860,92046213029872,13.333110,3.927422,0.458136,9.398302,0.000000,70
1861,92046226362982,13.334895,1.979022,0.535329,11.348607,0.000000,70
1862,92046239697877,13.330505,1.101797,0.677550,12.222236,0.000000,70
1863,92046253028382,13.336629,1.197651,0.587609,12.132202,0.000000,70
1864,92046266365011,13.332169,1.187538,0.382851,12.134790,0.000000,70
1865,92046279697180,13.331957,1.192579,0.436656,12.132669,0.000000,70
1866,92046293029137,13.335879,1.278972,0.579651,12.049240,0.000000,70
1867,92046306365016,13.334683,1.382688,0.652105,11.941062,0.000000,70
1868,92046319699699,13.331990,3.839842,0.455955,9.482066,0.000000,70
1869,92046333031689,13.331752,1.023308,0.566692,12.300153,0.000000,70
1870,92046346363441,13.331790,1.150181,0.578980,12.174970,0.000000,70
1871,92046359695231,13.333277,0.940747,0.554829,12.386280,0.000000,70
1872,92046373028508,13.332707,0.834967,0.552268,12.492506,0.000000,70
1873,92046386361215,13.340431,0.759318,0.498415,12.573421,0.000000,70
1874,92046399701646,13.328749,1.019183,0.543877,12.302970,0.000000,70
1875,92046413030395,13.330272,1.117584,0.576143,12.206902,0.000000,70
1876,92046426360667,13.334206,3.187822,0.594748,10.141419,0.000000,70
1877,92046439694873,13.334440,0.943486,0.562120,12.385034,0.000000,70
1878,92046453029313,13.333514,0.905457,0.672226,12.422504,0.000000,70
1879,92046466362827,13.333592,0.976648,0.657395,12.351003,0.000000,70
1880,92046479696419,13.335369,1.068224,0.553578,12.259279,0.000000,70
1881,92046493031788,13.329372,0.995434,0.642911,12.329446,0.000000,70
1882,92046506361160,13.337478,0.902133,0.663448,12.428007,0.000000,70
1883,92046519698638,13.329582,1.313045,0.564264,12.009566,0.000000,70
1884,92046533028220,13.333211,3.357849,0.650608,9.970394,0.000000,70
1885,92046546361431,13.336603,1.099759,0.541360,12.231202,0.000000,70
1886,92046559698034,13.338529,1.138283,0.715020,12.193025,0.000000,70
1887,92046573036563,13.332185,1.322604,0.527538,12.002911,0.000000,70
1888,92046586368748,13.335659,0.878095,0.542187,12.452351,0.000000,70
1889,92046599704407,13.335791,1.259940,0.522815,12.067667,0.000000,70
1890,92046613040198,13.329395,1.066141,0.375583,12.254654,0.000000,70
1891,92046626369593,13.333587,1.261127,0.581602,12.064940,0.000000,70
1892,92046639703180,13.331497,3.428237,0.519994,9.896942,0.000000,70
1893,92046653034677,13.332879,0.993094,0.519480,12.335549,0.000000,70
1894,92046666367556,13.335198,0.925089,0.696697,12.404531,0.000000,70
1895,92046679702754,13.332241,1.358162,0.401500,11.966464,0.000000,70
1896,92046693034995,13.335385,1.096258,0.536790,12.233325,0.000000,70
1897,92046706370380,13.334055,1.046883,0.538488,12.278862,0.000000,70
1898,92046719704435,13.336567,1.065431,0.580356,12.262561,0.000000,70
1899,92046733041002,13.332773,1.475080,0.587956,11.847387,0.000000,70
1900,92046746373775,13.327760,3.674943,0.628954,9.647161,0.000000,70
1901,92046759701535,13.340710,1.096580,0.601903,12.235877,0.000000,70
1902,92046773042245,13.325941,1.147224,0.593183,12.171904,0.000000,70
1903,92046786368186,13.337299,1.151119,0.554292,12.178752,0.000000,70
1904,92046799705485,13.333236,1.044305,0.472783,12.282033,0.000000,70
1905,92046813038721,13.332029,1.289915,0.447428,12.035053,0.000000,70
1906,92046826370750,13.333294,1.097235,0.639413,12.229888,0.000000,70
1907,92046839704044,13.333002,1.632894,0.601377,11.692699,0.000000,70
1908,92046853037046,13.333017,3.607683,0.599128,9.718084,0.000000,70
1909,92046866370063,13.333222,0.906099,0.664692,12.422472,0.000000,70
1910,92046879703285,13.335616,1.219505,0.556563,12.110671,0.000000,70
1911,92046893038901,13.333609,1.336578,0.565850,11.989423,0.000000,70
1912,92046906372510,13.330653,1.157471,0.627606,12.166750,0.000000,70
1913,92046919703163,13.334781,1.174242,0.605328,12.154741,0.000000,70
1914,92046933037944,13.332924,1.119650,0.446434,12.206469,0.000000,70
1915,92046946370868,13.333052,1.434180,0.536140,11.892614,0.000000,70
1916,92046959703920,13.334234,3.752304,0.567481,9.576114,0.000000,70
1917,92046973038154,13.336729,1.130078,0.664617,12.199357,0.000000,70
1918,92046986374883,13.333691,1.227702,0.464885,12.096919,0.000000,70
1919,92046999708574,13.332402,1.636823,0.625958,11.687997,0.000000,70
1920,92047013040976,13.339508,1.204410,0.537926,12.124697,0.000000,70
1921,92047026380484,13.323669,1.204238,0.626361,12.112666,0.000000,70
1922,92047039704153,13.336577,1.213959,0.558495,12.115143,0.000000,70
1923,92047053040730,13.332553,1.508673,0.545154,11.816932,0.000000,70
1924,92047066373283,13.335296,3.522096,0.581543,9.802897,0.000000,70
1925,92047079708579,13.332520,1.250687,0.674358,12.074990,0.000000,70
1926,92047093041099,13.334478,1.055099,0.585199,12.272164,0.000000,70
1927,92047106375577,13.328821,1.207442,0.669159,12.114894,0.000000,71
1928,92047119704398,13.333269,1.143092,0.434110,12.184202,0.000000,71
1929,92047133037667,13.338407,1.182073,0.492865,12.149213,0.000000,71
1930,92047146376074,13.331782,2.106093,0.446497,11.217029,0.000000,71
1931,92047159707856,13.333411,1.462094,0.547181,11.863178,0.000000,71
1932,92047173041267,13.333196,3.776333,0.581762,9.549007,0.000000,71
1933,92047186374463,13.333703,1.085398,0.539801,12.239467,0.000000,71
1934,92047199708166,13.333855,1.082708,0.563097,12.245267,0.000000,71
1935,92047213042021,13.331838,1.102702,0.586627,12.223928,0.000000,71
1936,92047226373859,13.333081,0.896919,0.510805,12.431042,0.000000,71
1937,92047239706940,13.333326,1.090425,0.559091,12.238388,0.000000,71
1938,92047253040266,13.335291,1.002405,0.571754,12.327378,0.000000,71
1939,92047266375557,13.331486,1.194769,0.511889,12.132036,0.000000,71
1940,92047279707043,13.333411,3.520569,0.528069,9.807068,0.000000,71
1941,92047293040454,13.333761,0.981561,0.467297,12.347253,0.000000,71
1942,92047306374215,13.333261,0.929930,0.566782,12.398299,0.000000,71
1943,92047319707476,13.331867,1.045312,0.392557,12.281434,0.000000,71
1944,92047333039343,13.335405,0.898879,0.557712,12.431387,0.000000,71
1945,92047346374748,13.333300,0.918699,0.576656,12.408489,0.000000,71
1946,92047359708048,13.333105,1.156680,0.577228,12.170586,0.000000,71
1947,92047373041153,13.332841,1.245656,0.684100,12.081825,0.000000,71
1948,92047386373994,13.333129,3.501776,0.587141,9.824483,0.000000,71
1949,92047399707123,13.332511,0.931049,0.586641,12.395692,0.000000,71
1950,92047413039634,13.335840,0.973622,0.697420,12.356698,0.000000,71
1951,92047426375474,13.333804,0.914726,0.413892,12.412838,0.000000,71
1952,92047439709278,13.333218,1.003546,0.599360,12.321944,0.000000,71
1953,92047453042496,13.332527,0.992044,0.580546,12.334363,0.000000,71
1954,92047466375023,13.334487,1.087455,0.612955,12.241780,0.000000,71
1955,92047479709510,13.332369,1.925810,0.569569,11.400940,0.000000,71
1956,92047493041879,13.331912,3.444620,0.650335,9.882294,0.000000,71
1957,92047506373791,13.334510,0.968974,0.594375,12.359203,0.000000,71
1958,92047519708301,13.334847,1.101788,0.553391,12.225508,0.000000,71
1959,92047533043148,13.331889,1.037591,0.553243,12.288083,0.000000,71
1960,92047546375037,13.335497,1.024141,0.560695,12.305049,0.000000,71
1961,92047559710534,13.331862,1.231104,0.594079,12.094357,0.000000,71
1962,92047573042396,13.333090,1.167681,0.499084,12.159303,0.000000,71
1963,92047586375486,13.333450,1.110597,0.626388,12.217230,0.000000,71
1964,92047599708936,13.333331,3.621828,0.590101,9.704918,0.000000,71
1965,92047613042267,13.334802,1.113063,0.525410,12.214579,0.000000,71
1966,92047626377069,13.332367,0.974111,0.629551,12.352356,0.000000,71
1967,92047639709436,13.334656,1.333475,0.602063,11.994385,0.000000,71
1968,92047653044092,13.332029,0.954755,0.440168,12.371750,0.000000,71
1969,92047666376121,13.334356,0.897809,0.641126,12.429750,0.000000,71
1970,92047679710477,13.332082,1.224300,0.409542,12.100942,0.000000,71
1971,92047693042559,13.333957,1.471555,0.448931,11.855479,0.000000,71
1972,92047706376516,13.332476,3.919109,0.399358,9.406553,0.000000,71
1973,92047719708992,13.336646,1.030230,0.559483,12.299077,0.000000,71
1974,92047733045638,13.330560,1.095524,0.685915,12.229107,0.000000,71
1975,92047746376198,13.333392,0.896233,0.559239,12.431394,0.000000,71
1976,92047759709590,13.334882,0.982613,0.611077,12.346504,0.000000,71
1977,92047773044472,13.333505,0.995188,0.990637,12.332150,0.000000,71
1978,92047786377977,13.333645,1.059396,0.608049,12.267705,0.000000,71
1979,92047799711622,13.331609,1.428170,0.521223,11.897522,0.000000,71
1980,92047813043231,13.334174,3.443575,0.608942,9.883837,0.000000,71
1981,92047826377405,13.333742,1.273124,0.666597,12.055062,0.000000,71
1982,92047839711147,13.333082,1.645423,0.673742,11.682396,0.000000,71
1983,92047853044229,13.334111,1.144567,0.817159,12.183937,0.000000,71
1984,92047866378340,13.335112,1.081382,1.530942,12.246910,0.000000,71
1985,92047879713452,13.331018,1.623577,1.108522,11.699650,0.000000,71
1986,92047893044470,13.334066,1.097831,1.156686,12.229697,0.000000,71
1987,92047906378536,13.334042,1.407711,0.875072,11.918909,0.000000,72
1988,92047919712578,13.339075,3.918915,1.117170,9.409060,0.000000,72
1989,92047933051653,13.331168,1.244026,1.136199,12.078149,0.000000,72
1990,92047946382821,13.334714,1.593156,1.241526,11.733481,0.000000,72
1991,92047959717535,13.330610,1.079351,1.066841,12.244120,0.000000,72
1992,92047973048145,13.335245,0.943914,1.298016,12.384315,0.000000,72
1993,92047986383390,13.333870,0.959400,1.026058,12.366072,0.000000,72
1994,92047999717260,13.331966,0.991146,0.937336,12.333121,0.000000,72
1995,92048013049226,13.334494,1.207417,0.864878,12.120616,0.000000,72
1996,92048026383720,13.329759,3.472172,0.447746,9.852232,0.000000,72
1997,92048039713479,13.334112,1.278021,0.930379,12.051719,0.000000,72
1998,92048053047591,13.335261,1.008428,0.541617,12.321982,0.000000,72
1999,92048066382852,13.331309,1.006088,0.765574,12.320182,0.000000,72
2000,92048079714161,13.333039,1.517823,0.763498,11.810119,0.000000,72
2001,92048093047200,13.335605,1.057703,0.735884,12.272852,0.000000,72
2002,92048106382805,13.333353,1.216843,0.830998,12.111072,0.000000,72
2003,92048119716158,13.334176,1.605629,0.793149,11.721475,0.000000,72
2004,92048133050334,13.332417,3.633630,1.041959,9.693157,0.000000,72
2005,92048146382751,13.332410,0.950128,0.492646,12.378056,0.000000,72
2006,92048159715161,13.335575,1.554693,1.265353,11.774872,0.000000,72
2007,92048173050736,13.335419,1.271943,1.614872,12.056392,0.000000,72
2008,92048186386155,13.330345,1.144748,1.738415,12.177602,0.000000,72
2009,92048199716500,13.334464,1.073285,0.505690,12.253890,0.000000,72
2010,92048213050964,13.333733,1.249313,0.409763,12.077621,0.000000,72
2011,92048226384697,13.332855,1.496583,0.765484,11.827906,0.000000,72
2012,92048239717552,13.335961,4.045287,1.295394,9.279638,0.000000,72
2013,92048253053513,13.328828,1.175228,0.710134,12.148474,0.000000,72
2014,92048266382341,13.334461,1.027563,0.615828,12.300297,0.000000,72
2015,92048279716802,13.335652,1.991051,0.773486,11.337721,0.000000,72
2016,92048293052454,13.335571,1.586890,0.711355,11.739352,0.000000,72
2017,92048306388025,13.326556,1.236301,0.551710,12.084221,0.000000,72
2018,92048319714581,13.333315,1.428276,0.574648,11.900363,0.000000,72
2019,92048333047896,13.334048,1.083216,0.408706,12.245456,0.000000,72
2020,92048346381944,13.333972,3.362086,0.572812,9.966595,0.000000,72
2021,92048359715916,13.345906,0.904039,0.605136,12.432385,0.000000,72
2022,92048373061822,13.320332,1.091371,0.501516,12.223116,0.000000,72
2023,92048386382154,13.334889,0.760969,0.551920,12.569174,0.000000,72
2024,92048399717043,13.332602,0.932079,0.526072,12.394917,0.000000,72
2025,92048413049645,13.336110,0.971858,0.558584,12.358164,0.000000,72
2026,92048426385755,13.330795,0.896250,0.617130,12.429367,0.000000,72
2027,92048439716550,13.334977,1.137317,0.694350,12.191537,0.000000,72
2028,92048453051527,13.330116,3.552639,0.643197,9.772012,0.000000,72
2029,92048466381643,13.334829,0.735801,0.615456,12.593743,0.000000,72
2030,92048479716472,13.333599,0.955419,0.411487,12.372923,0.000000,72
2031,92048493050071,13.334394,0.977412,0.629081,12.351320,0.000000,72
2032,92048506384465,13.334621,0.842018,0.492504,12.486327,0.000000,72
2033,92048519719086,13.335846,1.043206,0.566662,12.285049,0.000000,72
2034,92048533054932,13.339869,1.054893,0.639774,12.273210,0.000000,72
2035,92048546394801,13.325276,1.283487,0.587723,12.031967,0.000000,72
2036,92048559720077,13.329398,3.565206,0.494472,9.759238,0.000000,72
2037,92048573049475,13.339325,1.102647,0.342027,12.229766,0.000000,72
2038,92048586388800,13.334639,1.131023,0.373198,12.194399,0.000000,72
2039,92048599723439,13.329047,1.280962,0.567448,12.041239,0.000000,72
2040,92048613052486,13.335654,1.137126,0.474840,12.192993,0.000000,72
2041,92048626388140,13.333394,0.963201,0.483819,12.364155,0.000000,72
2042,92048639721534,13.329587,1.169655,0.547429,12.154115,0.000000,72
2043,92048653051121,13.333955,1.314421,0.613230,12.013818,0.000000,72
2044,92048666385076,13.330241,3.502684,0.463274,9.821731,0.000000,72
2045,92048679715317,13.338523,1.032249,0.582041,12.300902,0.000000,72
2046,92048693053840,13.331202,1.306357,0.568742,12.018155,0.000000,72
2047,92048706385042,13.333603,1.003573,0.550155,12.323175,0.000000,72
2048,92048719718645,13.332504,1.074651,0.585799,12.251276,0.000000,73
2049,92048733051149,13.332595,0.987268,0.499921,12.340575,0.000000,73
2050,92048746383744,13.335489,0.795398,0.611358,12.534662,0.000000,73
2051,92048759719233,13.331206,1.102866,0.531933,12.222439,0.000000,73
2052,92048773050439,13.334482,4.043307,0.552300,9.286125,0.000000,73
2053,92048786384921,13.332830,0.779637,0.421327,12.547259,0.000000,73
2054,92048799717751,13.334949,0.926409,0.566105,12.402709,0.000000,73
2055,92048813052700,13.332167,0.970750,0.518948,12.356285,0.000000,73
2056,92048826384867,13.333403,0.898463,0.395116,12.430022,0.000000,73
2057,92048839718270,13.333575,1.012187,0.397991,12.315671,0.000000,73
2058,92048853051845,13.332708,1.046374,0.318392,12.280309,0.000000,73
2059,92048866384553,13.332936,1.110022,0.445521,12.218349,0.000000,73
2060,92048879717489,13.333676,3.442395,0.382186,9.885931,0.000000,73
2061,92048893051165,13.336893,0.911090,0.565530,12.418646,0.000000,73
2062,92048906388058,13.330896,0.974440,0.553793,12.350066,0.000000,73
2063,92048919718954,13.334325,1.058024,0.554158,12.270752,0.000000,73
2064,92048933053279,13.332222,0.913440,0.565407,12.413242,0.000000,73
2065,92048946385501,13.336866,0.826417,0.551190,12.503489,0.000000,73
2066,92048959722367,13.330484,1.091327,0.482914,12.232213,0.000000,73
2067,92048973052851,13.332392,1.260365,0.494669,12.066582,0.000000,73
2068,92048986385243,13.332981,3.510650,0.566224,9.816719,0.000000,73
2069,92048999718224,13.333685,0.992757,0.585527,12.336079,0.000000,73
2070,92049013051909,13.334831,0.935532,0.615022,12.393784,0.000000,73
2071,92049026386740,13.341147,1.130279,0.565772,12.204124,0.000000,73
2072,92049039727887,13.331709,1.227858,0.569497,12.097581,0.000000,73
2073,92049053059596,13.333233,1.116445,0.583095,12.210455,0.000000,73
2074,92049066392829,13.332619,1.073025,0.582386,12.252912,0.000000,73
2075,92049079725448,13.335254,1.204879,0.515628,12.123438,0.000000,73
2076,92049093060702,13.332009,3.727327,0.549011,9.597687,0.000000,73
2077,92049106392711,13.334794,0.907506,0.414668,12.421070,0.000000,73
2078,92049119727505,13.336303,0.959790,0.576828,12.368720,0.000000,73
2079,92049133063808,13.327999,1.946980,0.556704,11.107930,0.000000,73
2080,92049146391807,13.335407,1.095761,0.628644,12.232827,0.000000,73
2081,92049159727214,13.330597,1.100046,0.680793,12.225825,0.000000,73
2082,92049173057811,13.346419,0.858963,0.623702,12.479214,0.000000,73
2083,92049186404230,13.322162,1.352849,0.611795,11.960644,0.000000,73
2084,92049199726392,13.331328,3.505238,0.638866,9.820472,0.000000,73
2085,92049213057720,13.333580,1.212269,0.583622,12.116624,0.000000,73
2086,92049226391300,13.340496,1.151529,0.582456,12.181797,0.000000,73
2087,92049239731796,13.328682,1.170719,0.617176,12.149558,0.000000,73
2088,92049253060478,13.331421,0.927984,0.443861,12.397575,0.000000,73
2089,92049266391899,13.335231,0.812825,0.569162,12.517772,0.000000,73
2090,92049279727130,13.332241,1.158575,0.571368,12.168456,0.000000,73
2091,92049293059371,13.335692,1.220004,0.466127,12.108561,0.000000,73
2092,92049306395063,13.329859,3.803685,0.559020,9.519525,0.000000,73
2093,92049319724922,13.335110,1.175313,0.569972,12.154294,0.000000,73
2094,92049333060032,13.334949,1.208768,0.835342,12.118266,0.000000,73
2095,92049346394981,13.333120,1.043730,0.585761,12.281803,0.000000,73
2096,92049359728101,13.332739,1.231326,0.902003,12.094509,0.000000,73
2097,92049373060840,13.333580,1.235703,0.356937,12.090838,0.000000,73
2098,92049386394420,13.360227,1.090238,0.566305,12.263131,0.000000,73
2099,92049399754647,13.330212,1.441786,0.623606,11.881239,0.000000,73
2100,92049413084859,13.332322,3.958138,0.524884,9.368449,0.000000,73
2101,92049426417181,13.332141,0.832454,0.556567,12.494173,0.000000,73
2102,92049439749322,13.333216,0.986270,0.440084,12.341091,0.000000,73
2103,92049453082538,13.339553,0.909751,0.541522,12.421658,0.000000,73
2104,92049466422091,13.329201,1.311405,0.565170,12.010212,0.000000,73
2105,92049479751292,13.333298,0.969080,0.566549,12.357502,0.000000,73
2106,92049493084590,13.334671,1.088844,0.382120,12.239170,0.000000,73
2107,92049506419261,13.333298,1.166170,0.617403,12.160809,0.000000,73
2108,92049519752559,13.331350,3.397776,0.659511,9.926669,0.000000,73
2109,92049533083909,13.334231,0.902235,0.628247,12.427246,0.000000,73
2110,92049546418140,13.331943,0.909160,0.574765,12.417232,0.000000,73
2111,92049559750083,13.333384,0.953662,0.556525,12.374855,0.000000,73
2112,92049573083467,13.332585,1.142657,0.626468,12.185056,0.000000,74
2113,92049586416052,13.334273,1.070001,0.623278,12.259712,0.000000,74
2114,92049599750325,13.333498,0.887363,1.134678,12.441094,0.000000,74
2115,92049613083823,13.331619,1.878173,0.599724,11.449022,0.000000,74
2116,92049626415442,13.333343,3.192112,0.538141,10.137123,0.000000,74
2117,92049639748785,13.334518,0.740239,0.528340,12.589936,0.000000,74
2118,92049653083303,13.334992,0.899300,0.628790,12.431067,0.000000,74
2119,92049666418295,13.331550,1.065034,0.500643,12.261443,0.000000,74
2120,92049679749845,13.336787,0.901170,0.641619,12.430396,0.000000,74
2121,92049693086632,13.331125,1.050661,0.513975,12.274818,0.000000,74
2122,92049706417757,13.332486,0.931043,0.678367,12.397059,0.000000,74
2123,92049719750243,13.332799,1.139207,0.628897,12.189021,0.000000,74
2124,92049733083042,13.333421,3.538219,0.508668,9.790144,0.000000,74
2125,92049746416463,13.335157,0.833237,0.613223,12.496888,0.000000,74
2126,92049759751620,13.332885,0.909502,0.698784,12.417462,0.000000,74
2127,92049773084505,13.333010,1.044396,0.454764,12.282437,0.000000,74
2128,92049786417515,13.333475,1.048030,0.621981,12.280023,0.000000,74
2129,92049799750990,13.334475,0.980987,0.617310,12.348107,0.000000,74
2130,92049813085465,13.334163,1.126073,0.683188,12.202330,0.000000,74
2131,92049826419628,13.335719,1.582120,0.609849,11.746136,0.000000,74
2132,92049839755347,13.331647,3.505818,0.555154,9.819191,0.000000,74
2133,92049853086994,13.331755,1.029359,0.626231,12.296846,0.000000,74
2134,92049866418749,13.332786,1.142183,0.654968,12.186060,0.000000,74
2135,92049879751535,13.340539,1.286457,0.688684,12.045408,0.000000,74
2136,92049893092074,13.327877,1.299524,0.529022,12.022028,0.000000,74
2137,92049906419951,13.332128,1.451268,0.904930,11.875567,0.000000,74
2138,92049919752079,13.335723,1.233486,0.605872,12.096214,0.000000,74
2139,92049933087802,13.332668,1.726018,0.567759,11.599714,0.000000,74
2140,92049946420470,13.330703,3.710450,0.557047,9.615161,0.000000,74
2141,92049959751173,13.333752,0.870478,0.637289,12.458748,0.000000,74
2142,92049973084925,13.335764,0.972272,0.545544,12.359075,0.000000,74
2143,92049986420689,13.330769,1.037903,0.714502,12.287598,0.000000,74
2144,92049999751458,13.335045,0.959324,0.810747,12.370441,0.000000,74
2145,92050013086503,13.337220,1.087320,0.658052,12.241713,0.000000,74
2146,92050026423723,13.328370,1.026021,0.690888,12.296535,0.000000,74
2147,92050039752093,13.333931,1.221096,0.582474,12.107278,0.000000,74
2148,92050053086024,13.334447,3.844095,0.639002,9.484759,0.000000,74
2149,92050066420471,13.332634,0.879955,0.433431,12.447558,0.000000,74
2150,92050079753105,13.332458,0.971437,0.664744,12.355711,0.000000,74
2151,92050093085563,13.336223,0.952395,0.596864,12.378883,0.000000,74
2152,92050106421786,13.331100,1.012099,0.601552,12.313559,0.000000,74
2153,92050119752886,13.334025,1.039327,0.533257,12.289901,0.000000,74
2154,92050133086911,13.332264,1.018017,0.682296,12.309783,0.000000,74
2155,92050146419175,13.335654,1.254541,0.692987,12.074716,0.000000,74
2156,92050159754829,13.332519,3.388495,0.521993,9.938439,0.000000,74
2157,92050173087348,13.334522,1.111895,0.692166,12.217285,0.000000,74
2158,92050186421870,13.330989,0.961614,0.655548,12.363443,0.000000,74
2159,92050199752859,13.337119,1.056027,0.710410,12.275561,0.000000,74
2160,92050213089978,13.331067,1.197190,0.710234,12.127731,0.000000,74
2161,92050226421045,13.334501,0.855682,0.694549,12.473572,0.000000,74
2162,92050239755546,13.332250,1.013590,0.611143,12.312844,0.000000,74
2163,92050253087796,13.334156,1.190322,0.615896,12.137800,0.000000,74
2164,92050266421952,13.334296,3.407122,0.507816,9.921081,0.000000,74
2165,92050279756248,13.332488,1.302235,0.396242,12.024132,0.000000,74
2166,92050293088736,13.332522,1.192704,0.513476,12.133963,0.000000,74
2167,92050306421258,13.335669,0.989656,0.584828,12.339724,0.000000,74
2168,92050319756927,13.333323,1.163078,0.454017,12.162994,0.000000,74
2169,92050333090250,13.332198,1.107643,0.530320,12.218495,0.000000,74
2170,92050346422448,13.335103,0.937707,0.436997,12.390464,0.000000,74
2171,92050359757551,13.330340,1.155705,0.445331,12.168529,0.000000,74
2172,92050373087891,13.671091,3.486670,0.297241,10.178738,0.000000,74
2173,92050386758982,13.334629,0.927723,0.489158,12.401660,0.000000,74
2174,92050400093611,13.333117,0.998409,0.400940,12.329306,0.000000,74
2175,92050413426728,13.332104,0.902285,0.544306,12.423955,0.000000,74
2176,92050426758832,13.333978,0.790237,0.614933,12.538160,0.000000,75
2177,92050440092810,13.334932,1.094925,0.745450,12.234128,0.000000,75
2178,92050453427742,13.330354,1.275352,0.550751,12.048434,0.000000,75
2179,92050466758096,13.334683,2.224787,0.455955,11.104823,0.000000,75
2180,92050480092779,13.331916,3.484677,0.445445,9.842301,0.000000,75
2181,92050493424695,13.334730,1.037866,0.512372,12.291624,0.000000,75
2182,92050506759425,13.335550,1.013350,0.350528,12.315893,0.000000,75
2183,92050520094975,13.330128,1.140157,0.451204,12.184671,0.000000,75
2184,92050533425103,13.335730,1.111993,0.347859,12.217215,0.000000,75
2185,92050546760833,13.333124,0.991268,0.598418,12.335910,0.000000,75
2186,92050560093957,13.334291,1.102435,0.571266,12.225106,0.000000,75
2187,92050573428248,13.332268,1.141843,0.566917,12.184746,0.000000,75
2188,92050586760516,13.330250,3.660980,0.460272,9.664592,0.000000,75
2189,92050600090766,13.338527,0.707563,0.626568,12.625628,0.000000,75
2190,92050613429293,13.331756,0.971009,0.464959,12.354861,0.000000,75
2191,92050626761049,13.332889,0.895296,0.571753,12.432335,0.000000,75
2192,92050640093938,13.333395,0.879899,0.408705,12.448386,0.000000,75
2193,92050653427333,13.334146,0.865546,0.528676,12.462936,0.000000,75
2194,92050666761479,13.331838,0.803794,0.570069,12.522919,0.000000,75
2195,92050680093317,13.335361,1.050165,0.793991,12.279347,0.000000,75
2196,92050693428678,13.329096,3.515973,0.508065,9.808617,0.000000,75
2197,92050706757774,13.336303,0.658036,0.581650,12.673750,0.000000,75
2198,92050720094077,13.333112,1.920066,0.567720,11.408286,0.000000,75
2199,92050733427189,13.333598,0.860699,0.450749,12.467893,0.000000,75
2200,92050746760787,13.335177,0.773423,0.554643,12.555791,0.000000,75
2201,92050760095964,13.331987,0.945444,0.440813,12.381056,0.000000,75
2202,92050773427951,13.333528,1.047698,0.599850,12.280141,0.000000,75
2203,92050786761479,13.331855,1.025903,0.562362,12.301244,0.000000,75
2204,92050800093334,13.334184,3.444850,0.490585,9.884045,0.000000,75
2205,92050813427518,13.333770,0.876550,0.394174,12.451797,0.000000,75
2206,92050826761288,13.332102,0.913731,0.470726,12.413244,0.000000,75
2207,92050840093390,13.334563,1.251533,0.623036,12.077183,0.000000,75
2208,92050853427953,13.332047,0.877228,0.564806,12.450215,0.000000,75
2209,92050866760000,13.333185,0.767906,0.763634,12.561005,0.000000,75
2210,92050880093185,13.334211,2.014384,0.573978,11.314546,0.000000,75
2211,92050893427396,13.333463,1.027373,0.647092,12.301195,0.000000,75
2212,92050906760859,13.332019,3.442711,0.527562,9.884956,0.000000,75
2213,92050920092878,13.335308,0.756423,0.536973,12.574317,0.000000,75
2214,92050933428186,13.333460,0.844753,0.640867,12.482717,0.000000,75
2215,92050946761646,13.331889,0.892446,0.582196,12.434321,0.000000,75
2216,92050960093535,13.333165,0.861169,0.547278,12.467506,0.000000,75
2217,92050973426700,13.334465,0.809626,0.492488,12.519702,0.000000,75
2218,92050986761165,13.335675,0.745224,0.547138,12.584425,0.000000,75
2219,92051000096840,13.331480,1.316771,0.589275,12.009226,0.000000,75
2220,92051013428320,13.332804,3.707016,0.559133,9.620214,0.000000,75
2221,92051026761124,13.335730,0.768085,0.567447,12.562942,0.000000,75
2222,92051040096854,13.331980,2.159804,0.510826,11.166728,0.000000,75
2223,92051053428834,13.334547,0.930014,0.474120,12.398687,0.000000,75
2224,92051066763381,13.333475,0.805725,0.634039,12.522447,0.000000,75
2225,92051080096856,13.333305,1.034454,0.586614,12.293077,0.000000,75
2226,92051093430161,13.334212,0.883345,0.574201,12.444861,0.000000,75
2227,92051106764373,13.331907,1.015996,0.603860,12.309838,0.000000,75
2228,92051120096280,13.331109,3.631787,0.580953,9.694315,0.000000,75
2229,92051133427389,13.336141,2.053912,0.650017,11.277099,0.000000,75
2230,92051146763530,13.333008,0.939944,0.621168,12.387662,0.000000,75
2231,92051160096538,13.333108,1.030750,0.575458,12.296442,0.000000,75
2232,92051173429646,13.334238,0.965020,0.573576,12.363289,0.000000,75
2233,92051186763884,13.333320,0.841094,0.509227,12.486773,0.000000,75
2234,92051200097204,13.333142,0.973316,0.388158,12.354417,0.000000,75
2235,92051213430346,13.334393,1.768587,0.616053,11.559811,0.000000,75
2236,92051226764739,13.329346,3.607062,0.552868,9.716933,0.000000,75
2237,92051240094085,13.333519,0.770358,0.524176,12.558933,0.000000,75
2238,92051253427604,13.333631,0.789467,0.618149,12.540006,0.000000,75
2239,92051266761235,13.335345,0.795061,0.651807,12.535901,0.000000,75
2240,92051280096580,13.332658,0.904567,0.551421,12.422909,0.000000,75
2241,92051293429238,13.333541,0.804148,0.518984,12.524661,0.000000,75
2242,92051306762779,13.334596,0.721437,0.594072,12.607641,0.000000,75
2243,92051320097375,13.331657,1.125972,0.595217,12.200565,0.000000,75
2244,92051333429032,13.333108,3.348891,0.491405,9.979280,0.000000,75
2245,92051346762140,13.336253,0.711686,0.482098,12.619313,0.000000,75
2246,92051360098393,13.332178,0.904867,0.393661,12.421757,0.000000,75
2247,92051373430571,13.333785,0.897936,0.571095,12.430398,0.000000,75
2248,92051386764356,13.333418,0.771814,0.491382,12.555769,0.000000,76
2249,92051400097774,13.333235,0.913363,0.530376,12.414549,0.000000,76
2250,92051413431009,13.331807,0.891169,0.602712,12.435413,0.000000,76
2251,92051426762816,13.334197,1.523106,0.686389,11.805898,0.000000,76
2252,92051440097013,13.333449,3.469694,0.565582,9.859162,0.000000,76
2253,92051453430462,13.333507,1.735847,0.480408,11.592888,0.000000,76
2254,92051466763969,13.335316,0.757827,0.537562,12.572163,0.000000,76
2255,92051480099285,13.331188,0.922203,0.601923,12.403299,0.000000,76
2256,92051493430473,13.335372,0.835934,0.572443,12.494229,0.000000,76
2257,92051506765845,13.332432,0.777492,0.563628,12.549431,0.000000,76
2258,92051520098277,13.332929,0.834830,0.540331,12.492496,0.000000,76
2259,92051533431206,13.332613,1.154041,0.776177,12.173441,0.000000,76
2260,92051546763819,13.334864,3.572421,1.242619,9.756230,0.000000,76
2261,92051560098683,13.332489,1.059889,0.435135,12.266697,0.000000,76
2262,92051573431172,13.334357,1.008733,0.566087,12.319631,0.000000,76
2263,92051586765529,13.335448,0.995441,0.593126,12.332462,0.000000,76
2264,92051600100977,13.332522,1.154006,0.600854,12.170454,0.000000,76
2265,92051613433499,13.334975,1.121185,0.588986,12.206477,0.000000,76
2266,92051626768474,13.333014,1.044702,0.594105,12.280225,0.000000,76
2267,92051640101488,13.331678,2.475896,0.643626,10.848645,0.000000,76
2268,92051653433166,13.336343,4.173858,1.977769,9.154138,0.000000,76
2269,92051666769509,13.330233,1.020557,0.519568,12.302405,0.000000,76
2270,92051680099742,13.336038,0.991066,0.563683,12.338048,0.000000,76
2271,92051693435780,13.332664,1.040279,0.604526,12.285400,0.000000,76
2272,92051706768444,13.331364,1.033380,0.574001,12.292527,0.000000,76
2273,92051720099808,13.334843,0.912434,0.560373,12.417115,0.000000,76
2274,92051733434651,13.334105,1.021942,0.576189,12.304552,0.000000,76
2275,92051746768756,13.331212,1.304125,0.637601,12.020415,0.000000,76
2276,92051760099968,13.332592,3.645488,0.671401,9.681368,0.000000,76
2277,92051773432560,13.333138,1.111582,0.592867,12.216336,0.000000,76
2278,92051786765698,13.334177,0.955277,0.558032,12.374165,0.000000,76
2279,92051800099875,13.335602,0.976948,0.566493,12.353126,0.000000,76
2280,92051813435477,13.331522,0.951468,0.434393,12.373667,0.000000,76
2281,92051826766999,13.333936,1.648137,0.592232,11.679927,0.000000,76
2282,92051840100935,13.334744,1.115004,0.633445,12.213856,0.000000,76
2283,92051853435679,13.333716,2.794634,0.629210,10.531545,0.000000,76
2284,92051866769395,13.332216,4.696606,0.541190,8.628748,0.000000,76
2285,92051880101611,13.334535,0.896798,0.536723,12.431500,0.000000,76
2286,92051893436146,13.351723,1.189218,0.541049,12.156184,0.000000,76
2287,92051906787869,13.335065,1.053772,0.537222,12.273640,0.000000,76
2288,92051920122934,13.333059,1.318734,0.588006,12.006782,0.000000,76
2289,92051933455993,13.330942,1.289793,0.533257,12.033742,0.000000,76
2290,92051946786935,13.335514,0.976041,0.538512,12.352721,0.000000,76
2291,92051960122449,13.333243,1.266327,0.479102,12.059610,0.000000,76
2292,92051973455692,13.331524,3.542148,0.499650,9.783201,0.000000,76
2293,92051986787216,13.336520,0.810375,0.492631,12.520269,0.000000,76
2294,92052000123736,13.330335,1.021755,0.539218,12.302404,0.000000,76
2295,92052013454071,13.333082,1.117916,0.441134,12.209102,0.000000,76
2296,92052026787153,13.335127,0.944472,0.584860,12.384543,0.000000,76
2297,92052040122280,13.332599,1.117707,0.463413,12.207519,0.000000,76
2298,92052053454879,13.332794,1.081710,0.405189,12.244328,0.000000,76
2299,92052066787673,13.333664,1.256899,0.665775,12.069634,0.000000,76
2300,92052080121337,13.331906,4.205478,0.454042,9.120455,0.000000,76
2301,92052093453243,13.336472,1.024509,0.343304,12.305509,0.000000,76
2302,92052106789715,13.335015,1.028302,0.396339,12.298608,0.000000,76
2303,92052120124730,13.330689,1.045260,0.328572,12.278920,0.000000,76
2304,92052133455419,13.333767,1.063043,0.509846,12.264034,0.000000,76
2305,92052146789186,13.334200,1.037140,0.492161,12.290008,0.000000,76
2306,92052160123386,13.331965,1.168213,0.490630,12.156531,0.000000,76
2307,92052173455351,13.333859,2.358759,0.493791,10.968861,0.000000,76
2308,92052186789210,13.329473,4.933169,0.388018,8.390299,0.000000,76
2309,92052200118683,13.338402,0.845298,0.393148,12.488133,0.000000,76
2310,92052213457085,13.331098,1.081578,0.346418,12.243172,0.000000,76
2311,92052226788183,13.333681,1.063910,0.483067,12.263036,0.000000,76
2312,92052240121864,13.335037,1.148442,0.370692,12.179613,0.000000,76
2313,92052253456901,13.331681,1.029826,0.377492,12.294361,0.000000,76
2314,92052266788582,13.335525,0.982855,0.349810,12.345603,0.000000,76
2315,92052280124107,13.332579,1.463980,0.655445,11.860999,0.000000,76
2316,92052293456686,13.331764,4.037014,0.478489,9.288271,0.000000,77
2317,92052306788450,13.335994,1.198219,0.747342,12.130871,0.000000,77
2318,92052320124444,13.332482,1.950248,0.557584,11.375547,0.000000,77
2319,92052333456926,13.330386,1.982074,0.535576,11.342046,0.000000,77
2320,92052346787312,13.336899,1.057858,0.481809,12.273318,0.000000,77
2321,92052360124211,13.333264,1.035418,0.567296,12.289701,0.000000,77
2322,92052373457475,13.331872,1.006488,0.544328,12.317587,0.000000,77
2323,92052386789347,13.335510,1.020156,0.604625,12.309123,0.000000,77
2324,92052400124857,13.331222,3.823948,0.517925,9.500992,0.000000,77
2325,92052413456079,13.333440,1.238883,0.551189,12.088166,0.000000,77
2326,92052426789519,13.340546,1.164907,0.559542,12.168434,0.000000,77
2327,92052440130065,13.368936,1.094359,0.556951,12.265613,0.000000,77
2328,92052453499001,13.335853,1.057592,0.435884,12.268971,0.000000,77
2329,92052466834854,13.333891,1.094508,0.406364,12.230815,0.000000,77
2330,92052480168745,13.331324,1.267991,0.397650,12.054795,0.000000,77
2331,92052493500069,13.330902,1.351170,0.882387,11.972517,0.000000,77
2332,92052506830971,13.333731,3.972078,0.743480,9.354950,0.000000,77
2333,92052520164702,13.334098,1.012323,0.555301,12.314992,0.000000,77
2334,92052533498800,13.334711,1.080157,0.564786,12.246810,0.000000,77
2335,92052546833511,13.333475,1.009785,0.450294,12.316173,0.000000,77
2336,92052560166986,13.331655,1.150228,0.327985,12.174006,0.000000,77
2337,92052573498641,13.333249,1.215318,0.335566,12.110880,0.000000,77
2338,92052586831890,13.335338,0.968399,0.338840,12.359552,0.000000,77
2339,92052600167228,13.333826,1.158342,0.738318,12.167917,0.000000,77
2340,92052613501054,13.330849,4.955499,0.619119,8.370157,0.000000,77
2341,92052626831903,13.337167,1.008260,0.465596,12.322313,0.000000,77
2342,92052640169070,13.332827,1.116540,0.396661,12.208184,0.000000,77
2343,92052653501897,13.332010,1.071493,0.544541,12.252713,0.000000,77
2344,92052666833907,13.332558,0.946728,0.547314,12.380401,0.000000,77
2345,92052680166465,13.334511,1.022013,0.555655,12.305412,0.000000,77
2346,92052693500976,13.332697,1.039239,0.558993,12.285808,0.000000,77
2347,92052706833673,13.333454,1.223292,0.763975,12.103695,0.000000,77
2348,92052720167127,13.333558,3.845159,0.552701,9.482185,0.000000,77
2349,92052733500685,13.334160,1.054864,0.537815,12.271285,0.000000,77
2350,92052746834845,13.332285,0.971197,0.518753,12.354780,0.000000,77
2351,92052760167130,13.332835,1.067790,0.535687,12.258000,0.000000,77
2352,92052773499965,13.333556,1.041206,0.379954,12.285857,0.000000,77
2353,92052786833521,13.333462,0.902323,0.397149,12.425023,0.000000,77
2354,92052800166983,13.335474,1.024673,0.335246,12.304937,0.000000,77
2355,92052813502457,13.330749,1.325878,0.374722,11.997565,0.000000,77
2356,92052826833206,13.331192,4.901465,0.296268,8.424439,0.000000,77
2357,92052840164398,13.337612,0.927680,0.506490,12.404475,0.000000,77
2358,92052853502010,13.332363,1.237818,0.552573,12.087715,0.000000,77
2359,92052866834373,13.333862,1.026922,0.438406,12.300416,0.000000,77
2360,92052880168235,13.333648,1.111256,0.516994,12.214751,0.000000,77
2361,92052893501883,13.333759,1.071841,0.534747,12.254772,0.000000,77
2362,92052906835642,13.333346,1.130294,0.553792,12.196161,0.000000,77
2363,92052920168988,13.332105,1.122862,0.845811,12.203659,0.000000,77
2364,92052933501093,13.331726,4.464662,0.539829,8.861749,0.000000,77
2365,92052946832819,13.334303,1.100147,0.531544,12.229343,0.000000,77
2366,92052960167122,13.334346,0.854613,0.596242,12.474367,0.000000,77
2367,92052973501468,13.334831,0.873518,0.694633,12.455634,0.000000,77
2368,92052986836299,13.332438,0.821530,0.620372,12.504981,0.000000,77
2369,92053000168737,13.332174,0.852362,0.581865,12.475080,0.000000,77
2370,92053013500911,13.335459,0.846574,0.537551,12.482718,0.000000,77
2371,92053026836370,13.332035,1.074502,0.568099,12.251914,0.000000,77
2372,92053040168405,13.332061,3.345218,0.558260,9.981756,0.000000,77
2373,92053053500466,13.335833,0.894745,0.561740,12.436014,0.000000,77
2374,92053066836299,13.333627,0.929570,0.565334,12.396850,0.000000,77
2375,92053080169926,13.332686,1.075143,0.400194,12.250601,0.000000,77
2376,92053093502612,13.334500,1.082902,0.339432,12.245125,0.000000,78
2377,92053106837112,13.332475,1.006117,0.482622,12.319642,0.000000,78
2378,92053120169587,13.332769,0.893416,0.543678,12.433231,0.000000,78
2379,92053133502356,13.334447,1.693696,0.671629,11.634776,0.000000,78
2380,92053146836803,13.332309,4.437629,0.541818,8.888706,0.000000,78
2381,92053160169112,13.332374,0.949034,0.549362,12.378132,0.000000,78
2382,92053173501486,13.334599,0.940473,0.403055,12.388805,0.000000,78
2383,92053186836085,13.333257,0.986476,0.325332,12.341104,0.000000,78
2384,92053200169342,13.336297,1.014430,0.382459,12.314343,0.000000,78
2385,92053213505639,13.328237,1.070158,0.356982,12.251862,0.000000,78
2386,92053226833876,13.335478,1.129440,0.368903,12.200322,0.000000,78
2387,92053240169354,13.333667,1.255652,0.377218,12.071629,0.000000,78
2388,92053253503021,13.333241,3.599076,0.341908,9.727261,0.000000,78
2389,92053266836262,13.333597,0.892551,0.438169,12.434881,0.000000,78
2390,92053280169859,13.332418,1.046457,0.528766,12.280447,0.000000,78
2391,92053293502277,13.334956,0.997485,0.532645,12.331737,0.000000,78
2392,92053306837233,13.334035,0.833534,0.530086,12.494075,0.000000,78
2393,92053320171268,13.332407,0.952032,0.545305,12.373818,0.000000,78
2394,92053333503675,13.334086,1.020672,0.424544,12.307442,0.000000,78
2395,92053346837761,13.332721,1.250388,0.586817,12.075370,0.000000,78
2396,92053360170482,13.331547,3.856795,0.545111,9.469687,0.000000,78
2397,92053373502029,13.334707,0.918376,0.381996,12.411396,0.000000,78
2398,92053386836736,13.335584,0.786698,0.474265,12.542912,0.000000,78
2399,92053400172320,13.331590,0.916698,0.499253,12.409222,0.000000,78
2400,92053413503910,13.332788,0.889405,0.514788,12.438036,0.000000,78
2401,92053426836698,13.336008,0.801193,0.485514,12.528640,0.000000,78
2402,92053440172706,13.331575,0.929706,0.385587,12.395910,0.000000,78
2403,92053453504281,13.333813,1.086193,0.560607,12.242237,0.000000,78
2404,92053466838094,13.333918,3.455407,0.594450,9.872091,0.000000,78
2405,92053480172012,13.332400,1.013128,0.542901,12.312440,0.000000,78
2406,92053493504412,13.333291,0.898992,0.456472,12.428648,0.000000,78
2407,92053506837703,13.334948,0.871579,0.480594,12.457635,0.000000,78
2408,92053520172651,13.332275,0.935274,0.463010,12.391055,0.000000,78
2409,92053533504926,13.333610,0.888139,0.379661,12.439404,0.000000,78
2410,92053546838536,13.334880,0.885071,0.383860,12.442537,0.000000,78
2411,92053560173416,13.331364,1.487982,0.540561,11.836440,0.000000,78
2412,92053573504780,13.332785,3.776119,0.528133,9.550238,0.000000,78
2413,92053586837565,13.335725,0.954593,0.584375,12.374687,0.000000,78
2414,92053600173290,13.334608,1.116588,0.562307,12.210268,0.000000,78
2415,92053613507898,13.331636,1.133491,0.593861,12.190362,0.000000,78
2416,92053626839534,13.332669,1.099505,0.562206,12.226425,0.000000,78
2417,92053640172203,13.333071,1.107205,0.397751,12.219772,0.000000,78
2418,92053653505274,13.333938,1.121669,0.659491,12.205924,0.000000,78
2419,92053666839212,13.333216,1.213258,0.562694,12.113462,0.000000,78
2420,92053680172428,13.335875,3.811892,0.411813,9.517084,0.000000,78
2421,92053693508303,13.330785,1.096108,0.535320,12.227828,0.000000,78
2422,92053706839088,13.333807,1.038830,0.553350,12.288030,0.000000,78
2423,92053720172895,13.335195,1.077020,0.535046,12.251489,0.000000,78
2424,92053733508090,13.330826,0.933298,0.571630,12.390886,0.000000,78
2425,92053746838916,13.334544,0.807586,0.699036,12.521610,0.000000,78
2426,92053760173460,13.334460,1.127256,0.573605,12.200694,0.000000,78
2427,92053773507920,13.331590,1.121647,0.622919,12.204414,0.000000,78
2428,92053786839510,13.332048,3.572862,0.568081,9.753934,0.000000,79
2429,92053800171558,13.335739,0.936354,0.544965,12.393158,0.000000,79
2430,92053813507297,13.332002,0.913760,0.577071,12.412295,0.000000,79
2431,92053826839299,13.333444,1.494100,0.505944,11.833971,0.000000,79
2432,92053840172743,13.335699,0.857389,0.559907,12.472291,0.000000,79
2433,92053853508442,13.332669,0.908845,0.528228,12.417692,0.000000,79
2434,92053866841111,13.333080,0.880312,0.548575,12.446316,0.000000,79
2435,92053880174191,13.333946,1.071434,0.577409,12.256457,0.000000,79
2436,92053893508137,13.330541,3.523716,0.546788,9.801333,0.000000,79
2437,92053906838678,13.334100,0.784171,0.443150,12.544404,0.000000,79
2438,92053920172778,13.334974,0.842634,0.545347,12.486403,0.000000,79
2439,92053933507752,13.332191,0.899124,0.628505,12.426903,0.000000,79
2440,92053946839943,13.332770,0.843082,0.491785,12.484414,0.000000,79
2441,92053960172713,13.334277,0.888289,0.379260,12.440854,0.000000,79
2442,92053973506990,13.334904,0.921699,0.547588,12.407357,0.000000,79
2443,92053986841894,13.332204,1.081796,0.595311,12.244303,0.000000,79
2444,92054000174098,13.333364,3.331766,0.622002,9.995516,0.000000,79
2445,92054013507462,13.333448,0.880316,0.552534,12.447884,0.000000,79
2446,92054026840910,13.332297,0.871388,0.539523,12.455441,0.000000,79
2447,92054040173207,13.333583,0.844433,0.944940,12.483935,0.000000,79
2448,92054053506790,13.334758,0.809404,0.524371,12.520054,0.000000,79
2449,92054066841548,13.332964,0.834357,0.681738,12.492138,0.000000,79
2450,92054080174512,13.333059,1.078130,0.731797,12.249090,0.000000,79
2451,92054093507571,13.334732,1.090296,0.593318,12.238687,0.000000,79
2452,92054106842303,13.332194,3.545494,0.452084,9.781032,0.000000,79
2453,92054120174497,13.332921,1.561226,0.414940,11.766556,0.000000,79
2454,92054133507418,13.334889,1.030236,0.664931,12.298784,0.000000,79
2455,92054146842307,13.332736,1.190820,0.447850,12.135786,0.000000,79
2456,92054160175043,13.332425,1.054195,0.409513,12.272806,0.000000,79
2457,92054173507468,13.335557,1.062415,1.212188,12.267532,0.000000,79
2458,92054186843025,13.332660,1.414339,0.838128,11.912298,0.000000,79
2459,92054200175685,13.332727,1.243265,0.535770,12.084085,0.000000,79
2460,92054213508412,13.334144,3.321834,0.854441,10.006087,0.000000,79
2461,92054226842556,13.331824,1.215108,0.552615,12.110137,0.000000,79
2462,92054240174380,13.332693,1.032896,0.617215,12.295195,0.000000,79
2463,92054253507073,13.336255,0.897522,0.756603,12.432799,0.000000,79
2464,92054266843328,13.331418,1.035555,0.610591,12.290190,0.000000,79
2465,92054280174746,13.334651,0.948947,1.509071,12.379429,0.000000,79
2466,92054293509397,13.334320,1.075355,0.622001,12.253309,0.000000,79
2467,92054306843717,13.331188,1.188890,0.664360,12.135344,0.000000,79
2468,92054320174905,13.333213,3.459228,0.618403,9.868574,0.000000,79
2469,92054333508118,13.334155,1.120070,0.508412,12.208178,0.000000,79
2470,92054346842273,13.334347,0.850893,0.558227,12.478293,0.000000,79
2471,92054360176620,13.332764,1.076422,0.484325,12.250537,0.000000,79
2472,92054373509384,13.333153,0.919141,0.616421,12.407979,0.000000,79
2473,92054386842537,13.334981,1.044754,0.484161,12.284414,0.000000,79
2474,92054400177518,13.333732,1.112374,0.578677,12.212957,0.000000,79
2475,92054413511250,13.334407,1.183884,0.613588,12.142678,0.000000,79
2476,92054426845657,13.339793,3.436966,0.645891,9.891896,0.000000,79
2477,92054440185450,13.322838,1.015182,0.583089,12.299812,0.000000,79
2478,92054453508288,13.333240,1.099409,0.546805,12.228809,0.000000,79
2479,92054466841528,13.335851,0.906770,1.196178,12.423580,0.000000,79
2480,92054480177379,13.332644,0.979698,0.633481,12.346956,0.000000,79
2481,92054493510023,13.333173,1.038045,0.423065,12.289234,0.000000,79
2482,92054506843196,13.334726,0.854680,0.784151,12.474006,0.000000,79
2483,92054520177922,13.331811,1.555486,0.434964,11.770303,0.000000,79
2484,92054533509733,13.332630,3.312826,0.527517,10.014013,0.000000,79
2485,92054546842363,13.334472,0.856393,0.414754,12.472772,0.000000,79
2486,92054560176835,13.331920,1.001408,0.333895,12.325120,0.000000,79
2487,92054573508755,13.333836,0.902161,0.371978,12.425775,0.000000,79
2488,92054586842591,13.335388,0.812110,0.474426,12.517579,0.000000,79
2489,92054600177979,13.332132,0.922795,0.556152,12.403656,0.000000,79
2490,92054613510111,13.333315,0.915011,0.586200,12.411734,0.000000,79
2491,92054626843426,13.334090,0.979984,0.550113,12.348450,0.000000,79
2492,92054640177516,13.332900,3.379776,0.541551,9.946845,0.000000,79
2493,92054653510416,13.332379,0.950771,0.543210,12.376287,0.000000,80
2494,92054666842795,13.333724,0.784944,0.496804,12.543614,0.000000,80
2495,92054680176519,13.333993,0.875493,0.383699,12.452673,0.000000,80
2496,92054693510512,13.333148,0.895949,0.532014,12.430917,0.000000,80
2497,92054706843660,13.332560,0.849504,0.532044,12.478099,0.000000,80
2498,92054720176220,13.334984,0.933392,0.551070,12.395813,0.000000,80
2499,92054733511204,13.332086,1.095183,0.618546,12.231489,0.000000,80
2500,92054746843290,13.333760,3.215833,0.505455,10.112577,0.000000,80
2501,92054760177050,13.333956,0.855587,0.556969,12.472464,0.000000,80
2502,92054773511006,13.332657,0.916968,0.549350,12.409393,0.000000,80
2503,92054786843663,13.333155,0.797866,0.558282,12.529821,0.000000,80
2504,92054800176818,13.334745,0.930396,0.514381,12.398887,0.000000,80
2505,92054813511563,13.332262,0.900702,0.498300,12.425238,0.000000,80
2506,92054826843825,13.333856,0.812242,0.571849,12.515476,0.000000,80
2507,92054840177681,13.333748,1.071275,0.529892,12.256683,0.000000,80
2508,92054853511429,13.333242,3.308561,0.594957,10.018404,0.000000,80
2509,92054866844671,13.332492,0.825361,0.576965,12.500772,0.000000,80
2510,92054880177163,13.334786,0.936432,0.483830,12.392261,0.000000,80
2511,92054893511949,13.331479,0.990977,0.389556,12.334488,0.000000,80
2512,92054906843428,13.334248,0.858704,0.560747,12.469754,0.000000,80
2513,92054920177676,13.334278,0.901333,0.542748,12.427590,0.000000,80
2514,92054933511954,13.332153,0.934026,0.549866,12.392860,0.000000,80
2515,92054946844107,13.332949,0.992001,0.614217,12.335049,0.000000,80
2516,92054960177056,13.335137,3.361735,0.556108,9.967501,0.000000,80
2517,92054973512193,13.332246,0.929637,0.637273,12.397231,0.000000,80
2518,92054986844439,13.334149,0.795545,0.578118,12.533293,0.000000,80
2519,92055000178588,13.334240,0.888681,0.594529,12.440111,0.000000,80
2520,92055013512828,13.333091,0.876362,0.557335,12.450978,0.000000,80
2521,92055026845919,13.332541,0.829946,0.572193,12.497420,0.000000,80
2522,92055040178460,13.333429,0.916399,0.458990,12.411741,0.000000,80
2523,92055053511889,13.334889,1.128878,0.576945,12.200479,0.000000,80
2524,92055066846778,13.332184,3.254951,0.546009,10.071342,0.000000,80
2525,92055080178962,13.332041,0.857517,0.569476,12.469039,0.000000,80
2526,92055093511003,13.334630,0.845086,0.583186,12.483752,0.000000,80
2527,92055106845633,13.334148,0.826114,0.587294,12.502108,0.000000,80
2528,92055120179781,13.331888,0.940155,0.578472,12.386109,0.000000,80
2529,92055133511669,13.334397,0.848950,0.400081,12.480410,0.000000,80
2530,92055146846066,13.332572,0.861478,0.382607,12.464736,0.000000,80
2531,92055160178638,13.333783,1.179758,0.402938,12.148443,0.000000,80
2532,92055173512421,13.341133,3.376594,0.548903,9.954680,0.000000,80
2533,92055186853554,13.325466,0.863479,0.848849,12.453090,0.000000,80
2534,92055200179020,13.335284,0.960124,0.577980,12.369101,0.000000,80
2535,92055213514304,13.332565,0.948701,0.408673,12.377655,0.000000,80
2536,92055226846869,13.332074,0.846304,0.503526,12.480605,0.000000,80
2537,92055240178943,13.334409,0.861569,0.537577,12.467216,0.000000,80
2538,92055253513352,13.335284,0.884493,0.559220,12.444165,0.000000,80
2539,92055266848636,13.331682,1.041642,0.541051,12.283508,0.000000,80
2540,92055280180318,13.332519,3.456856,0.522038,9.870023,0.000000,80
2541,92055293512837,13.334972,0.876984,0.549177,12.452327,0.000000,80
2542,92055306847809,13.331195,0.849475,0.553469,12.476064,0.000000,80
2543,92055320179004,13.334520,0.899417,0.388392,12.429491,0.000000,80
2544,92055333513524,13.333342,0.861030,0.312532,12.466555,0.000000,80
2545,92055346846866,13.333461,0.783546,0.503716,12.543831,0.000000,80
2546,92055360180327,13.332371,0.976523,0.528047,12.349281,0.000000,80
2547,92055373512698,13.333489,1.107944,0.549439,12.220154,0.000000,80
2548,92055386846187,13.335917,3.195091,0.402301,10.134826,0.000000,80
2549,92055400182104,13.331846,0.899591,0.529568,12.425863,0.000000,80
2550,92055413513950,13.333188,0.874359,0.527567,12.452859,0.000000,80
2551,92055426847138,13.334871,0.800936,0.540964,12.527906,0.000000,80
2552,92055440182009,13.331300,0.966305,0.547767,12.359284,0.000000,81
2553,92055453513309,13.333525,0.946214,0.535978,12.382131,0.000000,81
2554,92055466846834,13.335586,0.790019,0.574184,12.540221,0.000000,81
2555,92055480182420,13.331031,1.657295,1.663145,11.667783,0.000000,81
2556,92055493513451,13.332793,6.358513,0.527637,6.968809,0.000000,81
2557,92055506846244,13.335844,0.776789,0.448234,12.553664,0.000000,81
2558,92055520182088,13.332609,0.895319,0.538928,12.431442,0.000000,81
2559,92055533514697,13.333296,0.897895,0.533876,12.429775,0.000000,81
2560,92055546847993,13.333702,0.815746,0.574287,12.512074,0.000000,81
2561,92055560181695,13.332282,0.898143,0.516972,12.428895,0.000000,81
2562,92055573513977,13.332991,0.843184,0.544242,12.484917,0.000000,81
2563,92055586846968,13.334443,0.982561,0.574129,12.346818,0.000000,81
2564,92055600181411,13.332599,3.315150,0.543237,10.011813,0.000000,81
2565,92055613514010,13.335204,0.855102,0.577568,12.473930,0.000000,81
2566,92055626849214,13.333123,0.837966,0.489260,12.488977,0.000000,81
2567,92055640182337,13.334554,0.935086,0.383708,12.393422,0.000000,81
2568,92055653516891,13.330766,0.996101,0.521154,12.329377,0.000000,81
2569,92055666847657,13.335590,0.843272,0.482269,12.486315,0.000000,81
2570,92055680183247,13.333303,0.922917,0.573336,12.404049,0.000000,81
2571,92055693516550,13.331310,1.142850,0.402099,12.182503,0.000000,81
2572,92055706847860,13.335726,3.304817,0.392677,10.024768,0.000000,81
2573,92055720183586,13.333418,1.090831,0.419994,12.234967,0.000000,81
2574,92055733517004,13.332149,1.118272,0.381201,12.206663,0.000000,81
2575,92055746849153,13.335107,0.977685,0.390496,12.350266,0.000000,81
2576,92055760184260,13.334343,1.099640,0.388497,12.225441,0.000000,81
2577,92055773518603,13.332129,1.109507,0.576108,12.214163,0.000000,81
2578,92055786850732,13.338985,1.084762,0.537137,12.244276,0.000000,81
2579,92055800189717,13.328943,3.310268,0.597370,10.007226,0.000000,81
2580,92055813518660,13.331261,3.525046,0.527219,9.798409,0.000000,81
2581,92055826849921,13.333889,0.930707,0.529356,12.397181,0.000000,81
2582,92055840183810,13.332486,1.082525,0.562286,12.243126,0.000000,81
2583,92055853516296,13.337850,1.126728,0.546181,12.202312,0.000000,81
2584,92055866854146,13.330771,1.299337,0.458280,12.022572,0.000000,81
2585,92055880184917,13.333229,1.328307,0.577291,11.997117,0.000000,81
2586,92055893518146,13.334063,1.073152,0.564364,12.252767,0.000000,81
2587,92055906852209,13.332079,1.312077,0.547793,12.013345,0.000000,81
2588,92055920184288,13.335328,3.729321,0.527712,9.598285,0.000000,81
2589,92055933519616,13.331539,1.199330,0.461483,12.123741,0.000000,81
2590,92055946851155,13.333816,1.292572,0.621301,12.033909,0.000000,81
2591,92055960184971,13.336004,1.339982,0.563019,11.987260,0.000000,81
2592,92055973520975,13.333012,1.254882,0.537550,12.069042,0.000000,81
2593,92055986853987,13.330296,1.176103,0.565050,12.146781,0.000000,81
2594,92056000184283,13.336266,0.907314,0.584492,12.422209,0.000000,81
2595,92056013520549,13.331225,1.292486,0.604139,12.031611,0.000000,81
2596,92056026851774,13.331851,3.528757,0.558642,9.797526,0.000000,81
2597,92056040183625,13.336909,1.067246,0.597115,12.260954,0.000000,81
2598,92056053520534,13.332682,1.178427,0.572639,12.144308,0.000000,81
2599,92056066853216,13.332313,1.107424,0.576159,12.216969,0.000000,81
2600,92056080185529,13.342459,1.095956,0.603980,12.233893,0.000000,81
2601,92056093527988,13.329597,1.123112,0.575828,12.195636,0.000000,81
2602,92056106857585,13.328236,1.181640,0.543606,12.137788,0.000000,81
2603,92056120185821,13.336726,1.399419,0.568768,11.929627,0.000000,81
2604,92056133522547,13.329427,3.727015,0.662072,9.594678,0.000000,81
2605,92056146851974,13.333192,1.030925,0.577918,12.296422,0.000000,81
2606,92056160185166,13.336380,1.046334,0.674821,12.283027,0.000000,81
2607,92056173521546,13.333105,1.228898,0.583654,12.096667,0.000000,81
2608,92056186854651,13.332958,1.181836,0.945233,12.142519,0.000000,82
2609,92056200187609,13.334171,1.233110,0.646959,12.092525,0.000000,82
2610,92056213521780,13.332557,1.237302,0.574134,12.086676,0.000000,82
2611,92056226854337,13.336862,2.111246,0.594621,11.215551,0.000000,82
2612,92056240191199,13.328643,3.912375,0.583423,9.405291,0.000000,82
2613,92056253519842,13.335738,1.185852,0.589342,12.142571,0.000000,82
2614,92056266855580,13.334104,1.183218,0.661865,12.143149,0.000000,82
2615,92056280189684,13.332360,1.207670,0.620852,12.117083,0.000000,82
2616,92056293522044,13.332907,1.198184,0.598225,12.126690,0.000000,82
2617,92056306854951,13.332679,1.059714,0.558847,12.264973,0.000000,82
2618,92056320187630,13.331980,1.208025,0.400515,12.114744,0.000000,82
2619,92056333519610,13.335734,1.468262,0.403248,11.859465,0.000000,82
2620,92056346855344,13.332522,3.727624,0.483814,9.596547,0.000000,82
2621,92056360187866,13.332233,1.204837,0.396696,12.118893,0.000000,82
2622,92056373520099,13.335123,1.094121,0.501672,12.233402,0.000000,82
2623,92056386855222,13.333702,1.249002,0.405583,12.076814,0.000000,82
2624,92056400188924,13.332707,1.206095,0.537355,12.119093,0.000000,82
2625,92056413521631,13.335199,1.170340,0.615698,12.155999,0.000000,82
2626,92056426856830,13.333988,1.197410,0.556293,12.127379,0.000000,82
2627,92056440190818,13.330009,1.615919,0.578011,11.706493,0.000000,82
2628,92056453520827,13.334386,3.760515,0.596200,9.567810,0.000000,82
2629,92056466855213,13.333578,1.143429,0.608704,12.182865,0.000000,82
2630,92056480188791,13.330514,1.174127,0.502801,12.150240,0.000000,82
2631,92056493519305,13.337682,0.933800,0.554015,12.396660,0.000000,82
2632,92056506856987,13.330548,1.075961,0.553862,12.248098,0.000000,82
2633,92056520187535,13.335049,0.970390,0.618620,12.358090,0.000000,82
2634,92056533522584,13.335870,1.208176,0.565426,12.118717,0.000000,82
2635,92056546858454,13.332612,1.161961,0.665991,12.159558,0.000000,82
2636,92056560191066,13.352262,3.375881,0.621173,9.969064,0.000000,82
2637,92056573543328,13.332952,1.047809,0.659502,12.279528,0.000000,82
2638,92056586876280,13.332615,1.119241,0.549301,12.206859,0.000000,82
2639,92056600208895,13.335045,1.343852,0.552690,11.983446,0.000000,82
2640,92056613543940,13.333047,1.209903,0.604024,12.115044,0.000000,82
2641,92056626876987,13.332299,1.021802,0.587244,12.303407,0.000000,82
2642,92056640209286,13.336343,1.151070,0.466896,12.178323,0.000000,82
2643,92056653545629,13.329760,1.260488,0.572058,12.062832,0.000000,82
2644,92056666875389,13.344161,3.339010,0.566358,9.993157,0.000000,82
2645,92056680219550,13.323177,1.028039,0.547590,12.288440,0.000000,82
2646,92056693542727,13.333263,0.879741,0.530106,12.447867,0.000000,82
2647,92056706875990,13.333752,0.811605,0.564299,12.516094,0.000000,82
2648,92056720209742,13.333948,0.913573,0.423306,12.414764,0.000000,82
2649,92056733543690,13.333850,0.915641,0.445400,12.411443,0.000000,82
2650,92056746877540,13.335009,0.963294,0.519396,12.364114,0.000000,82
2651,92056760212549,13.330811,1.137048,0.545661,12.187510,0.000000,82
2652,92056773543360,13.334613,3.352485,0.578907,9.974761,0.000000,82
2653,92056786877973,13.334652,1.059445,0.434045,12.266835,0.000000,82
2654,92056800212625,13.331883,1.092430,0.519249,12.232810,0.000000,82
2655,92056813544508,13.332474,1.236434,0.549993,12.089512,0.000000,82
2656,92056826876982,13.336468,0.962709,0.466349,12.365624,0.000000,82
2657,92056840213450,13.331846,0.941827,0.622055,12.382308,0.000000,82
2658,92056853545296,13.330231,1.070341,0.575134,12.254253,0.000000,82
2659,92056866875527,13.336244,1.048657,0.699765,12.281365,0.000000,82
2660,92056880211771,13.333102,3.501296,0.648073,9.825220,0.000000,82
2661,92056893544873,13.331240,1.152568,0.593155,12.172049,0.000000,82
2662,92056906876113,13.333431,0.911721,0.585578,12.416639,0.000000,82
2663,92056920209544,13.338943,0.900902,0.497486,12.430054,0.000000,82
2664,92056933548487,13.328065,0.977669,0.559536,12.344351,0.000000,82
2665,92056946876552,13.333328,0.893980,0.563848,12.432961,0.000000,82
2666,92056960209880,13.333765,1.195340,0.588468,12.132666,0.000000,82
2667,92056973543645,13.332428,1.374457,0.580167,11.951824,0.000000,82
2668,92056986876073,13.333807,3.222461,0.558743,10.105896,0.000000,83
2669,92057000209880,13.341367,1.056155,0.513370,12.274759,0.000000,83
2670,92057013551247,13.326664,0.974767,1.264715,12.343613,0.000000,83
2671,92057026877911,13.333551,1.913113,0.577916,11.412558,0.000000,83
2672,92057040211462,13.336531,1.249763,0.592278,12.078393,0.000000,83
2673,92057053547993,13.335755,1.208799,0.553889,12.114674,0.000000,83
2674,92057066883748,13.332957,1.010427,0.568289,12.311042,0.000000,83
2675,92057080216705,13.328640,1.387388,0.593859,11.934056,0.000000,83
2676,92057093545345,13.335384,3.548886,0.615194,9.778230,0.000000,83
2677,92057106880729,13.334086,1.118740,0.639231,12.205925,0.000000,83
2678,92057120214815,13.330370,1.135767,0.583258,12.186947,0.000000,83
2679,92057133545185,13.338333,1.183825,0.393959,12.147352,0.000000,83
2680,92057146883518,13.327990,1.046535,0.380067,12.273996,0.000000,83
2681,92057160211508,13.334256,1.058182,0.393077,12.270039,0.000000,83
2682,92057173545764,13.335659,1.236047,0.397079,12.092061,0.000000,83
2683,92057186881423,13.330184,1.458523,0.599900,11.863913,0.000000,83
2684,92057200211607,13.341067,3.835111,0.573880,9.497801,0.000000,83
2685,92057213552674,13.327190,1.193637,0.650406,12.125885,0.000000,83
2686,92057226879864,13.331781,1.188144,0.577848,12.137290,0.000000,83
2687,92057240211645,13.333434,1.094888,0.391602,12.232182,0.000000,83
2688,92057253545079,13.338782,1.047194,0.586178,12.281959,0.000000,83
2689,92057266883861,13.329052,1.129179,0.592057,12.191716,0.000000,83
2690,92057280212913,13.332655,1.089259,0.560436,12.236488,0.000000,83
2691,92057293545568,13.335866,1.290470,0.620383,12.037898,0.000000,83
2692,92057306881434,13.334320,3.658496,0.543654,9.666642,0.000000,83
2693,92057320215754,13.331756,1.017506,0.615506,12.305504,0.000000,83
2694,92057333547510,13.332575,1.076288,0.637404,12.250014,0.000000,83
2695,92057346880085,13.334437,1.009903,0.560773,12.317537,0.000000,83
2696,92057360214522,13.338386,1.066667,0.547282,12.262416,0.000000,83
2697,92057373552908,13.330048,1.051568,0.572730,12.269731,0.000000,83
2698,92057386882956,13.328738,0.898519,0.645083,12.423900,0.000000,83
2699,92057400211694,13.334941,1.338981,0.471739,11.989914,0.000000,83
2700,92057413546635,13.334338,3.658688,0.396194,9.669016,0.000000,83
2701,92057426880973,13.333880,1.058969,0.606819,12.268131,0.000000,83
2702,92057440214853,13.331026,1.099661,0.639186,12.223775,0.000000,83
2703,92057453545879,13.336302,1.170689,0.538730,12.157855,0.000000,83
2704,92057466882181,13.332196,0.856471,0.454461,12.468531,0.000000,83
2705,92057480214377,13.332959,1.008292,0.530225,12.318465,0.000000,83
2706,92057493547336,13.333504,0.980755,0.685711,12.346213,0.000000,83
2707,92057506880840,13.334088,1.309333,0.584196,12.018647,0.000000,83
2708,92057520214928,13.336914,3.503581,0.654644,9.825416,0.000000,83
2709,92057533551842,13.330031,1.270524,0.595985,12.052708,0.000000,83
2710,92057546881873,13.333697,1.199124,0.641535,12.127306,0.000000,83
2711,92057560215570,13.331981,1.220759,0.615328,12.103902,0.000000,83
2712,92057573547551,13.338663,1.262378,0.591041,12.066487,0.000000,83
2713,92057586886214,13.351661,1.157630,0.701836,12.185598,0.000000,83
2714,92057600237875,13.309189,1.200952,0.618668,12.101624,0.000000,83
2715,92057613547064,13.333112,1.448328,0.587187,11.878619,0.000000,83
2716,92057626880176,13.335201,3.349039,0.568878,9.979530,0.000000,83
2717,92057640215377,13.332144,1.014099,0.632143,12.312452,0.000000,83
2718,92057653547521,13.333287,1.196109,0.609593,12.131540,0.000000,83
2719,92057666880808,13.334858,1.107086,0.605708,12.220565,0.000000,83
2720,92057680215666,13.333237,1.160020,0.688155,12.165716,0.000000,83
2721,92057693548903,13.332684,1.240491,0.634734,12.085726,0.000000,83
2722,92057706881587,13.334121,1.051410,0.579041,12.275509,0.000000,83
2723,92057720215708,13.331940,1.541008,0.609732,11.783997,0.000000,83
2724,92057733547648,13.332761,3.778719,0.633508,9.547080,0.000000,83
2725,92057746880409,13.335434,1.177810,0.671755,12.151263,0.000000,83
2726,92057760215843,13.334474,1.247481,0.634731,12.078996,0.000000,83
2727,92057773550317,13.331838,1.276483,0.619662,12.048579,0.000000,83
2728,92057786882155,13.331519,1.115768,0.609348,12.210020,0.000000,83
2729,92057800213674,13.333201,1.252606,0.567351,12.074705,0.000000,83
2730,92057813546875,13.333324,1.106524,0.634103,12.221103,0.000000,83
2731,92057826880199,13.336310,1.290003,0.572323,12.039029,0.000000,83
2732,92057840216509,13.331146,3.726492,0.567860,9.597597,0.000000,83
2733,92057853547655,13.334453,1.110709,0.609112,12.217876,0.000000,83
2734,92057866882108,13.336097,1.058404,0.570470,12.270070,0.000000,83
2735,92057880218205,13.333944,1.166755,0.584631,12.159554,0.000000,83
2736,92057893552149,13.338112,1.238477,0.582661,12.090801,0.000000,83
2737,92057906890261,13.327773,1.019068,0.521829,12.301869,0.000000,83
2738,92057920218034,13.333150,1.161586,0.561149,12.164674,0.000000,84
2739,92057933551184,13.331723,1.401870,0.562429,11.923372,0.000000,84
2740,92057946882907,13.337317,3.666492,0.653379,9.662606,0.000000,84
2741,92057960220224,13.332432,2.152853,0.625383,11.171692,0.000000,84
2742,92057973552656,13.331438,1.254549,0.566330,12.069211,0.000000,84
2743,92057986884094,13.358169,1.076729,0.646277,12.274075,0.000000,84
2744,92058000242263,13.334927,1.190008,0.562639,12.138147,0.000000,84
2745,92058013577190,13.330498,1.174936,0.610326,12.148314,0.000000,84
2746,92058026907688,13.334576,0.992208,0.605944,12.337127,0.000000,84
2747,92058040242264,13.334944,1.407558,0.591702,11.920335,0.000000,84
2748,92058053577208,13.332238,3.646188,0.619865,9.679987,0.000000,84
2749,92058066909446,13.333284,1.051198,0.631176,12.276096,0.000000,84
2750,92058080242730,13.334206,1.134638,0.577239,12.192734,0.000000,84
2751,92058093576936,13.334179,1.140131,0.645668,12.187329,0.000000,84
2752,92058106911115,13.331370,1.033102,0.614638,12.290640,0.000000,84
2753,92058120242485,13.332693,1.269935,0.554645,12.056648,0.000000,84
2754,92058133575178,13.343699,1.124205,0.623742,12.209758,0.000000,84
2755,92058146918877,13.323399,1.327525,0.669209,11.989128,0.000000,84
2756,92058160242276,13.335049,3.424731,0.543825,9.904544,0.000000,84
2757,92058173577325,13.333692,1.094879,0.598381,12.232547,0.000000,84
2758,92058186911017,13.333506,0.962299,0.605527,12.364651,0.000000,84
2759,92058200244523,13.336519,1.435615,0.619570,11.892193,0.000000,84
2760,92058213581042,13.332243,1.395586,0.666816,11.927945,0.000000,84
2761,92058226913285,13.328849,1.215566,0.629957,12.106346,0.000000,84
2762,92058240242134,13.334588,1.199599,0.644299,12.128652,0.000000,84
2763,92058253576722,13.336595,1.462442,0.603020,11.866958,0.000000,84
2764,92058266913317,13.331482,3.418116,0.650313,9.906071,0.000000,84
2765,92058280244799,13.335284,1.133503,0.593931,12.194096,0.000000,84
2766,92058293580083,13.332393,1.305112,0.567092,12.019572,0.000000,84
2767,92058306912476,13.333350,1.055115,0.555405,12.269317,0.000000,84
2768,92058320245826,13.332488,1.096420,0.570570,12.227757,0.000000,84
2769,92058333578314,13.332693,1.111228,0.611101,12.214507,0.000000,84
2770,92058346911007,13.342180,1.028488,0.618761,12.304067,0.000000,84
2771,92058360253187,13.330924,1.467871,0.585805,11.855781,0.000000,84
2772,92058373584111,13.334340,3.754260,0.591144,9.573149,0.000000,84
2773,92058386918451,13.336204,0.871690,0.573345,12.451522,0.000000,84
2774,92058400254655,13.328749,1.022491,0.570461,12.300139,0.000000,84
2775,92058413583404,13.336148,0.979657,0.610571,12.349815,0.000000,84
2776,92058426919552,13.331957,0.965898,0.612196,12.358971,0.000000,84
2777,92058440251509,13.332761,0.973954,0.568408,12.352848,0.000000,84
2778,92058453584270,13.333583,1.098309,0.579362,12.228251,0.000000,84
2779,92058466917853,13.334252,1.199747,0.586264,12.128663,0.000000,84
2780,92058480252105,13.332730,4.083112,0.527741,9.240934,0.000000,84
2781,92058493584835,13.333404,1.073665,0.552135,12.251218,0.000000,84
2782,92058506918239,13.331155,1.037464,0.558275,12.286591,0.000000,84
2783,92058520249394,13.335788,1.306043,0.608857,12.023975,0.000000,84
2784,92058533585182,13.331645,1.219865,0.543492,12.105176,0.000000,84
2785,92058546916827,13.337006,1.006839,0.699548,12.322757,0.000000,84
2786,92058560253833,13.329452,1.272780,0.667855,12.049947,0.000000,84
2787,92058573583285,13.333746,1.540592,0.677587,11.787189,0.000000,84
2788,92058586917031,13.335681,3.715870,0.557433,9.614290,0.000000,84
2789,92058600252712,13.332834,0.952314,0.540352,12.373916,0.000000,84
2790,92058613585546,13.335009,1.081580,0.558034,12.246922,0.000000,84
2791,92058626920555,13.331883,1.031270,0.569438,12.294039,0.000000,84
2792,92058640252438,13.333423,1.163347,0.411093,12.163289,0.000000,84
2793,92058653585861,13.332152,1.081278,0.537882,12.243883,0.000000,84
2794,92058666918013,13.335555,1.036192,0.545317,12.293055,0.000000,84
2795,92058680253568,13.332924,1.409862,0.600444,11.914785,0.000000,84
2796,92058693586492,13.331444,3.843376,0.549404,9.480934,0.000000,84
2797,92058706917936,13.336288,1.137547,0.625134,12.190625,0.000000,84
2798,92058720254224,13.331352,1.190651,0.598681,12.133220,0.000000,84
2799,92058733585576,13.335294,1.073074,0.587886,12.254489,0.000000,84
2800,92058746920870,13.333694,0.989357,0.540557,12.336218,0.000000,84
2801,92058760254564,13.332381,1.183868,0.660151,12.141742,0.000000,84
2802,92058773586945,13.335798,1.361754,0.638912,11.966779,0.000000,84
2803,92058786922743,13.330902,1.362193,0.577844,11.961582,0.000000,84
2804,92058800253645,13.333541,3.773744,0.599937,9.552158,0.000000,84
2805,92058813587186,13.332309,1.351326,0.558396,11.972816,0.000000,84
2806,92058826919495,13.334139,1.170055,0.602554,12.157001,0.000000,84
2807,92058840253634,13.332255,1.225083,0.588791,12.099926,0.000000,84
2808,92058853585889,13.333798,1.094651,0.579167,12.231751,0.000000,84
2809,92058866919687,13.334600,0.961894,0.615198,12.366341,0.000000,84
2810,92058880254287,13.334312,1.205765,0.576154,12.121233,0.000000,84
2811,92058893588599,13.331730,1.385066,0.579900,11.939764,0.000000,84
2812,92058906920329,13.334121,3.721366,0.586533,9.605694,0.000000,84
2813,92058920254450,13.332097,1.083341,0.587858,12.241703,0.000000,84
2814,92058933586547,13.333871,1.107726,0.574913,12.220034,0.000000,85
2815,92058946920418,13.340279,1.132926,0.579769,12.197423,0.000000,85
2816,92058960260697,13.325398,1.100482,0.705168,12.217115,0.000000,85
2817,92058973586095,13.336737,2.013581,0.562813,11.314623,0.000000,85
2818,92058986922832,13.331971,0.973175,0.548692,12.351093,0.000000,85
2819,92059000254803,13.332523,1.351560,0.474860,11.973858,0.000000,85
2820,92059013587326,13.335077,3.726023,0.385401,9.601128,0.000000,85
2821,92059026922403,13.334222,1.001822,0.627098,12.324933,0.000000,85
2822,92059040256625,13.333350,1.233872,0.657746,12.091389,0.000000,85
2823,92059053589975,13.331681,1.171508,0.709728,12.151363,0.000000,85
2824,92059066921656,13.368294,1.135169,0.452240,12.223129,0.000000,85
2825,92059080289950,13.333994,1.154108,0.641837,12.170738,0.000000,85
2826,92059093623944,13.330239,1.196507,0.439847,12.124776,0.000000,85
2827,92059106954183,13.338144,1.370512,0.541792,11.956073,0.000000,85
2828,92059120292327,13.323901,4.119630,0.555123,9.197574,0.000000,85
2829,92059133616228,13.338041,1.102290,0.557538,12.229831,0.000000,85
2830,92059146954269,13.332130,1.005664,0.646162,12.319296,0.000000,85
2831,92059160286399,13.332648,1.048530,0.541018,12.277227,0.000000,85
2832,92059173619047,13.334562,1.049321,0.618898,12.278828,0.000000,85
2833,92059186953609,13.333940,1.018594,0.640455,12.308460,0.000000,85
2834,92059200287549,13.335005,1.116978,0.447244,12.210371,0.000000,85
2835,92059213622554,13.331893,1.506992,0.681102,11.817370,0.000000,85
2836,92059226954447,13.334039,4.010067,0.599515,9.315902,0.000000,85
2837,92059240288486,13.331921,1.342902,0.602183,11.979928,0.000000,85
2838,92059253620407,13.336059,1.107691,0.476397,12.221138,0.000000,85
2839,92059266956466,13.330965,1.120538,0.589945,12.202959,0.000000,85
2840,92059280287431,13.334073,1.150824,0.601630,12.175925,0.000000,85
2841,92059293621504,13.336403,1.136567,0.593253,12.192997,0.000000,85
2842,92059306957907,13.331807,1.033475,0.588984,12.290648,0.000000,85
2843,92059320289714,13.332666,1.524247,0.434995,11.802368,0.000000,85
2844,92059333622380,13.333349,3.839913,0.557112,9.486389,0.000000,85
2845,92059346955729,13.335328,0.994930,0.433902,12.333633,0.000000,85
2846,92059360291057,13.332351,1.286008,0.556041,12.039140,0.000000,85
2847,92059373623408,13.333936,1.993747,0.584621,11.332714,0.000000,85
2848,92059386957344,13.388080,1.041976,0.616105,12.339662,0.000000,85
2849,92059400345424,13.333090,1.172049,0.576810,12.154229,0.000000,85
2850,92059413678514,13.342557,1.096728,1.206526,12.236103,0.000000,85
2851,92059427021071,13.324378,1.341909,1.130703,11.973908,0.000000,85
2852,92059440345449,13.331028,3.885026,0.586375,9.438979,0.000000,85
2853,92059453676477,13.337030,0.987872,0.628511,12.341319,0.000000,85
2854,92059467013507,13.335240,1.070154,0.544703,12.255114,0.000000,85
2855,92059480348747,13.329567,1.061077,0.788409,12.260362,0.000000,85
2856,92059493678314,13.333326,1.030080,0.588464,12.297858,0.000000,85
2857,92059507011640,13.335254,1.086097,0.611153,12.241948,0.000000,85
2858,92059520346894,13.333465,1.169876,1.383076,12.156513,0.000000,85
2859,92059533680359,13.332576,1.534534,0.669788,11.790706,0.000000,85
2860,92059547012935,13.333780,3.956541,0.569536,9.369203,0.000000,85
2861,92059560346715,13.333309,1.107826,0.573493,12.218266,0.000000,85
2862,92059573680024,13.332068,1.149283,0.555174,12.176117,0.000000,85
2863,92059587012092,13.340885,1.044581,0.417372,12.288933,0.000000,85
2864,92059600352977,13.325759,1.117632,0.391502,12.200202,0.000000,85
2865,92059613678736,13.332879,1.138023,0.401969,12.188819,0.000000,85
2866,92059627011615,13.334309,0.970250,0.383538,12.357379,0.000000,85
2867,92059640345924,13.333790,1.355469,0.422412,11.971204,0.000000,85
2868,92059653679714,13.330607,4.099551,0.553514,9.224920,0.000000,85
2869,92059667010321,13.335318,1.070564,0.585611,12.259148,0.000000,85
2870,92059680345639,13.336239,1.215807,0.614904,12.111526,0.000000,85
2871,92059693681878,13.333030,1.189165,0.544218,12.136602,0.000000,85
2872,92059707014908,13.331292,1.103531,0.416831,12.220550,0.000000,85
2873,92059720346200,13.333584,1.076594,0.614704,12.250606,0.000000,85
2874,92059733679784,13.333333,1.044381,0.577447,12.281998,0.000000,85
2875,92059747013117,13.333859,1.342260,0.595595,11.983988,0.000000,85
2876,92059760346976,13.333848,3.962144,0.583274,9.365362,0.000000,85
2877,92059773680824,13.333670,1.095521,0.569135,12.231361,0.000000,85
2878,92059787014494,13.332757,1.047041,0.417075,12.278804,0.000000,85
2879,92059800347251,13.334566,1.123781,0.573845,12.203528,0.000000,85
2880,92059813681817,13.337855,1.120425,0.595574,12.206762,0.000000,85
2881,92059827019672,13.337212,1.061791,0.580013,12.261634,0.000000,85
2882,92059840356884,13.324828,1.250008,0.687841,12.065018,0.000000,85
2883,92059853681712,13.332237,1.676521,0.625176,11.648630,0.000000,85
2884,92059867013949,13.334991,4.322465,0.468956,9.006364,0.000000,85
2885,92059880348940,13.334865,1.082387,0.610569,12.242912,0.000000,85
2886,92059893683805,13.332542,1.095477,0.549247,12.229129,0.000000,85
2887,92059907016347,13.335846,0.930100,0.533479,12.399326,0.000000,86
2888,92059920352193,13.332109,0.964005,0.574390,12.360940,0.000000,86
2889,92059933684302,13.329583,1.077424,0.606005,12.244614,0.000000,86
2890,92059947013885,13.336460,2.303075,0.381707,11.027316,0.000000,86
2891,92059960350345,13.331300,1.296456,0.600539,12.028673,0.000000,86
2892,92059973681645,13.332428,3.673784,0.544176,9.652720,0.000000,86
2893,92059987014073,13.337661,0.896254,0.567181,12.433645,0.000000,86
2894,92060000351734,13.330478,1.418290,0.606042,11.904835,0.000000,86
2895,92060013682212,13.333910,1.047343,0.444724,12.278529,0.000000,86
2896,92060027016122,13.333806,0.936760,0.565794,12.390367,0.000000,86
2897,92060040349928,13.333400,1.145602,0.570306,12.181185,0.000000,86
2898,92060053683328,13.332622,1.047670,0.587667,12.277707,0.000000,86
2899,92060067015950,13.335397,1.365553,0.579980,11.963466,0.000000,86
2900,92060080351347,13.332452,3.912718,0.585236,9.412801,0.000000,86
2901,92060093683799,13.346634,1.195986,0.569617,12.137615,0.000000,86
2902,92060107030433,13.337581,1.084177,0.601156,12.100521,0.000000,86
2903,92060120368014,13.329313,1.294140,0.411122,12.028288,0.000000,86
2904,92060133697327,13.335113,1.064552,0.572480,12.264627,0.000000,86
2905,92060147032440,13.340709,1.194675,0.527619,12.134912,0.000000,86
2906,92060160373149,13.333118,1.119071,0.566752,12.201237,0.000000,86
2907,92060173706267,13.325820,1.245842,0.572392,12.073002,0.000000,86
2908,92060187032087,13.332090,3.337613,0.896406,9.989059,0.000000,86
2909,92060200364177,13.341425,0.892747,0.592251,12.439242,0.000000,86
2910,92060213705602,13.343129,2.815018,0.430064,10.518111,0.000000,86
2911,92060227048731,13.322339,1.142392,0.796851,12.171421,0.000000,86
2912,92060240371070,13.333189,1.150037,0.587798,12.175098,0.000000,86
2913,92060253704259,13.337392,1.298353,0.559268,12.029163,0.000000,86
2914,92060267041651,13.329821,1.088460,0.777950,12.233526,0.000000,86
2915,92060280371472,13.333203,1.554789,0.632169,11.771052,0.000000,86
2916,92060293704675,13.337120,4.138804,0.577285,9.186832,0.000000,86
2917,92060307041795,13.328067,0.979959,0.656978,12.341993,0.000000,86
2918,92060320369862,13.334731,1.149046,0.694718,12.177611,0.000000,86
2919,92060333704593,13.330337,1.163965,0.818550,12.160880,0.000000,86
2920,92060347034930,13.338353,1.026847,0.800529,12.301978,0.000000,86
2921,92060360373283,13.331354,1.277389,0.422914,12.046581,0.000000,86
2922,92060373704637,13.330614,1.301116,0.755288,12.024066,0.000000,86
2923,92060387035251,13.335573,1.426417,1.463437,11.898886,0.000000,86
2924,92060400370824,13.331932,4.509337,1.610395,8.814614,0.000000,86
2925,92060413702756,13.339750,1.497438,1.248888,11.830653,0.000000,86
2926,92060427042506,13.333303,1.245396,0.926010,12.077845,0.000000,86
2927,92060440375809,13.330849,1.193025,1.040547,12.126649,0.000000,86
2928,92060453706658,13.342009,1.037266,1.237967,12.292603,0.000000,86
2929,92060467048667,13.324713,0.968125,0.874325,12.346147,0.000000,86
2930,92060480373380,13.333712,1.470048,0.434161,11.853861,0.000000,86
2931,92060493707092,13.337400,1.746276,0.762885,11.577146,0.000000,86
2932,92060507044492,13.325006,3.655490,0.688682,9.663009,0.000000,86
2933,92060520369498,13.338561,1.107251,0.702671,12.224224,0.000000,86
2934,92060533708059,13.332208,1.219927,0.527741,12.102953,0.000000,86
2935,92060547040267,13.333727,0.944635,0.549504,12.380925,0.000000,86
2936,92060560373994,13.329814,1.113342,0.570139,12.209659,0.000000,86
2937,92060573703808,13.341953,1.187972,0.645495,12.147527,0.000000,86
2938,92060587045761,13.324342,1.006784,0.517364,12.310470,0.000000,86
2939,92060600370103,13.343748,1.287723,0.879907,12.042256,0.000000,86
2940,92060613713851,13.321532,3.454526,0.970605,9.860963,0.000000,86
2941,92060627035383,13.335353,0.979057,0.604721,12.349767,0.000000,86
2942,92060640370736,13.332208,1.169352,0.810579,12.157341,0.000000,86
2943,92060653702944,13.332184,1.301164,1.128349,12.026670,0.000000,86
2944,92060667035128,13.335005,0.867267,0.629482,12.458409,0.000000,86
2945,92060680370133,13.332495,1.282846,0.544577,12.044575,0.000000,86
2946,92060693702628,13.332746,1.269346,1.464576,12.058739,0.000000,86
2947,92060707035374,13.334053,1.556910,0.839654,11.768868,0.000000,86
2948,92060720369427,13.333253,3.414132,1.046584,9.913861,0.000000,86
2949,92060733702680,13.338356,0.843483,1.375999,12.485409,0.000000,86
2950,92060747041036,13.332233,1.009075,1.035846,12.315617,0.000000,86
2951,92060760373269,13.332738,0.979495,1.057429,12.345037,0.000000,86
2952,92060773706007,13.335870,1.215040,1.075623,12.109691,0.000000,86
2953,92060787041877,13.341075,0.836249,0.999097,12.492847,0.000000,86
2954,92060800382952,13.322899,1.791610,1.105503,11.518487,0.000000,86
2955,92060813705851,13.342614,3.386487,0.547889,9.943777,0.000000,86
2956,92060827048465,13.328541,3.304698,0.617734,10.014502,0.000000,86
2957,92060840377006,13.327281,0.995837,0.589283,12.325048,0.000000,86
2958,92060853704287,13.337081,1.156550,0.582322,12.171570,0.000000,86
2959,92060867041368,13.328631,1.126339,0.524701,12.196240,0.000000,86
2960,92060880369999,13.333569,1.126865,0.560763,12.200714,0.000000,86
2961,92060893703568,13.337135,1.002641,0.587200,12.325193,0.000000,87
2962,92060907040703,13.334287,1.149963,0.585944,12.176958,0.000000,87
2963,92060920374990,13.332420,1.458737,0.868879,11.866025,0.000000,87
2964,92060933707410,13.336426,5.253683,0.577396,8.069225,0.000000,87
2965,92060947043836,13.334911,0.890728,0.583329,12.435230,0.000000,87
2966,92060960378747,13.329866,1.151907,0.601930,12.170637,0.000000,87
2967,92060973708613,13.333862,1.163645,0.507829,12.163920,0.000000,87
2968,92060987042475,13.331876,0.820389,0.526817,12.506216,0.000000,87
2969,92061000374351,13.330656,1.152680,0.556061,12.172192,0.000000,87
2970,92061013705007,13.349549,1.061862,0.578202,12.271610,0.000000,87
2971,92061027054556,13.321975,1.208471,0.677230,12.105819,0.000000,87
2972,92061040376531,13.328891,4.109075,0.430214,9.213442,0.000000,87
2973,92061053705422,13.337506,0.979245,0.337392,12.353354,0.000000,87
2974,92061067042928,13.332336,0.969489,0.615129,12.357164,0.000000,87
2975,92061080375264,13.330764,1.104683,0.542140,12.220529,0.000000,87
2976,92061093706028,13.340093,1.012853,0.569739,12.321855,0.000000,87
2977,92061107046121,13.329083,1.083237,0.433883,12.239427,0.000000,87
2978,92061120375204,13.331124,1.262971,0.533195,12.061780,0.000000,87
2979,92061133706328,13.341009,1.790347,0.592156,11.544248,0.000000,87
2980,92061147047337,13.323414,4.137239,0.463562,9.180988,0.000000,87
2981,92061160370751,13.335827,1.119879,0.455887,12.209684,0.000000,87
2982,92061173706578,13.336420,1.123346,0.538509,12.207005,0.000000,87
2983,92061187042998,13.331630,0.930198,0.836189,12.394714,0.000000,87
2984,92061200374628,13.343341,1.107823,0.460665,12.226029,0.000000,87
2985,92061213717969,13.329719,1.371089,0.595117,11.950210,0.000000,87
2986,92061227047688,13.328091,1.037074,0.718176,12.272188,0.000000,87
2987,92061240375779,13.334438,1.469832,0.694079,11.856554,0.000000,87
2988,92061253710217,13.337808,4.011345,0.569363,9.318118,0.000000,87
2989,92061267048025,13.327160,1.093404,0.444585,12.227088,0.000000,87
2990,92061280375185,13.337742,1.240784,0.651702,12.086155,0.000000,87
2991,92061293712927,13.332406,1.280792,0.396177,12.044250,0.000000,87
2992,92061307045333,13.331746,1.171186,0.421234,12.154170,0.000000,87
2993,92061320377079,13.335160,1.174863,0.374496,12.154063,0.000000,87
2994,92061333712239,13.332527,1.252408,0.638086,12.073940,0.000000,87
2995,92061347044766,13.335754,1.632530,0.708173,11.695303,0.000000,87
2996,92061360380520,13.329455,3.935935,0.514970,9.387485,0.000000,87
2997,92061373709975,13.336615,0.949615,0.612125,12.380965,0.000000,87
2998,92061387046590,13.333581,1.116622,0.588431,12.209555,0.000000,87
2999,92061400380171,13.338838,1.182619,0.481631,12.149625,0.000000,87
3000,92061413719009,13.336149,1.128248,0.542262,12.201373,0.000000,87
3001,92061427055158,13.335935,0.876574,0.585265,12.453665,0.000000,87
3002,92061440391093,13.332603,1.087475,0.626574,12.239124,0.000000,87
3003,92061453723696,13.333093,1.500426,0.676977,11.826939,0.000000,87
3004,92061467056789,13.331481,3.792397,0.621552,9.533195,0.000000,87
3005,92061480388270,13.337380,1.360992,0.651661,11.967475,0.000000,87
3006,92061493725650,13.332148,1.325520,0.607002,12.000283,0.000000,87
3007,92061507057798,13.333785,0.864081,0.646742,12.463442,0.000000,87
3008,92061520391583,13.331468,1.256840,0.552992,12.068795,0.000000,87
3009,92061533723051,13.334826,1.475479,0.604212,11.852208,0.000000,87
3010,92061547057877,13.335760,0.784375,0.598990,12.543926,0.000000,87
3011,92061560393637,13.330801,1.688483,0.622771,11.634838,0.000000,87
3012,92061573724438,13.331059,4.515323,0.437232,8.810516,0.000000,87
3013,92061587055497,13.335702,0.887451,0.413356,12.442867,0.000000,87
3014,92061600391199,13.336168,1.147061,0.574587,12.182540,0.000000,87
3015,92061613727367,13.331192,1.211127,0.642762,12.113183,0.000000,87
3016,92061627058559,13.334705,0.914629,0.596580,12.414349,0.000000,87
3017,92061640393264,13.334923,1.073199,0.592341,12.255482,0.000000,87
3018,92061653728187,13.338445,1.229433,0.593364,12.101442,0.000000,87
3019,92061667066632,13.328461,1.255449,0.590676,12.068150,0.000000,87
3020,92061680395093,13.332422,3.339933,0.408088,9.988607,0.000000,87
3021,92061693727515,13.333946,0.840515,0.445175,12.489808,0.000000,87
3022,92061707061461,13.335512,0.847950,0.425378,12.482754,0.000000,87
3023,92061720396973,13.334761,1.166926,0.453275,12.161151,0.000000,87
3024,92061733731734,13.332819,1.369639,0.552185,11.956474,0.000000,87
3025,92061747064553,13.341443,1.048355,0.649167,12.283126,0.000000,87
3026,92061760405996,13.326311,1.337705,0.476172,11.980898,0.000000,87
3027,92061773732307,13.331257,1.599106,0.742452,11.725142,0.000000,87
3028,92061787063564,13.333290,3.814473,0.578597,9.512787,0.000000,87
3029,92061800396854,13.338963,0.984965,0.730175,12.347384,0.000000,87
3030,92061813735817,13.328268,1.193486,0.265949,12.128432,0.000000,87
3031,92061827064085,13.334525,0.803397,0.602381,12.525279,0.000000,87
3032,92061840398610,13.331200,1.016172,0.611896,12.310735,0.000000,87
3033,92061853729810,13.333139,0.955085,0.577781,12.372843,0.000000,87
3034,92061867062949,13.336073,0.905289,0.587144,12.426254,0.000000,87
3035,92061880399022,13.332892,1.156016,0.632143,12.171526,0.000000,87
3036,92061893731914,13.331630,3.413468,0.628027,9.912921,0.000000,87
3037,92061907063544,13.335576,0.923938,0.475055,12.406609,0.000000,87
3038,92061920399120,13.332081,0.985271,0.580551,12.341022,0.000000,87
3039,92061933731201,13.333097,0.914171,0.593135,12.414184,0.000000,87
3040,92061947064298,13.334852,0.956602,0.582877,12.372525,0.000000,88
3041,92061960399150,13.334153,1.093819,0.440452,12.233581,0.000000,88
3042,92061973733303,13.333804,1.103776,0.736520,12.223724,0.000000,88
3043,92061987067107,13.330401,2.560854,0.433395,10.763456,0.000000,88
3044,92062000397508,13.335158,3.390220,0.601960,9.939747,0.000000,88
3045,92062013732666,13.334837,0.875053,0.712736,12.454910,0.000000,88
3046,92062027067503,13.332394,0.993856,0.613524,12.332523,0.000000,88
3047,92062040399897,13.335000,1.060485,0.577705,12.267783,0.000000,88
3048,92062053734897,13.333139,1.057005,0.560514,12.269094,0.000000,88
3049,92062067068036,13.332756,0.909732,0.546688,12.417023,0.000000,88
3050,92062080400792,13.333113,0.905095,0.632534,12.423002,0.000000,88
3051,92062093733905,13.333155,1.184353,0.608634,12.143145,0.000000,88
3052,92062107067060,13.331891,3.288693,0.600873,10.038311,0.000000,88
3053,92062120398951,13.333947,1.043147,0.545526,12.285461,0.000000,88
3054,92062133732898,13.333035,0.957049,0.567530,12.370183,0.000000,88
3055,92062147065933,13.335703,0.819097,0.378076,12.511341,0.000000,88
3056,92062160401636,13.329963,0.943209,0.411645,12.381932,0.000000,88
3057,92062173731599,13.333879,0.864430,0.399140,12.463892,0.000000,88
3058,92062187065478,13.333220,0.880762,0.776300,12.448326,0.000000,88
3059,92062200398698,13.336601,1.293123,0.615913,12.037535,0.000000,88
3060,92062213735299,13.330363,3.610300,0.572399,9.714117,0.000000,88
3061,92062227065662,13.333761,0.671641,0.541142,12.657120,0.000000,88
3062,92062240399423,13.333376,0.829477,0.514530,12.498693,0.000000,88
3063,92062253732799,13.332598,0.873371,0.568786,12.454101,0.000000,88
3064,92062267065397,13.335170,0.855511,0.623033,12.474320,0.000000,88
3065,92062280400567,13.332655,1.073254,0.586761,12.253468,0.000000,88
3066,92062293733222,13.335995,1.031478,0.575936,12.298605,0.000000,88
3067,92062307069217,13.332614,1.189562,0.564569,12.136704,0.000000,88
3068,92062320401831,13.331298,3.453676,0.574994,9.872520,0.000000,88
3069,92062333733129,13.334394,0.918798,0.671114,12.410863,0.000000,88
3070,92062347067523,13.332455,0.789159,0.585259,12.538137,0.000000,88
3071,92062360399978,13.333066,0.992776,0.580620,12.335749,0.000000,88
3072,92062373733044,13.333107,0.909063,0.378695,12.418502,0.000000,88
3073,92062387066151,13.337673,0.859724,0.423153,12.471659,0.000000,88
3074,92062400403824,13.330313,1.105269,0.538344,12.217686,0.000000,88
3075,92062413734137,13.335077,1.197205,0.611814,12.132168,0.000000,88
3076,92062427069214,13.330400,3.419753,0.502595,9.905150,0.000000,88
3077,92062440399614,13.336780,0.865804,0.540796,12.466413,0.000000,88
3078,92062453736394,13.334778,1.003366,0.521303,12.323520,0.000000,88
3079,92062467071172,13.332561,0.967556,0.585794,12.357423,0.000000,88
3080,92062480403733,13.331657,1.175958,0.586131,12.148863,0.000000,88
3081,92062493735390,13.332989,1.078718,0.546660,12.248165,0.000000,88
3082,92062507068379,13.332728,0.761410,0.582825,12.566093,0.000000,88
3083,92062520401107,13.333966,1.143969,0.637826,12.184918,0.000000,88
3084,92062533735073,13.332395,3.910858,0.536348,9.416274,0.000000,88
3085,92062547067468,13.334247,0.732159,1.321840,12.597301,0.000000,88
3086,92062560401715,13.332156,0.859561,0.552172,12.467783,0.000000,88
3087,92062573733871,13.333562,0.822888,0.506505,12.506208,0.000000,88
3088,92062587067433,13.335322,0.716084,0.574027,12.614891,0.000000,88
3089,92062600402755,13.332982,0.811576,0.567729,12.516989,0.000000,88
3090,92062613735737,13.332638,0.840401,0.603297,12.486346,0.000000,88
3091,92062627068375,13.334990,1.102975,0.691663,12.225723,0.000000,88
3092,92062640403365,13.332720,4.359303,0.544925,8.967137,0.000000,88
3093,92062653736085,13.333509,1.415106,0.545285,11.912915,0.000000,88
3094,92062667069594,13.333291,0.830454,0.584136,12.498421,0.000000,88
3095,92062680402885,13.333194,0.983907,0.578507,12.344122,0.000000,88
3096,92062693736079,13.332712,0.983415,0.584261,12.342971,0.000000,88
3097,92062707068791,13.336157,0.909529,0.444163,12.421554,0.000000,88
3098,92062720404948,13.332350,1.225222,0.656055,12.101024,0.000000,88
3099,92062733737298,13.330910,2.393282,0.598401,10.931541,0.000000,88
3100,92062747068208,13.332668,3.314924,0.533364,10.013324,0.000000,88
3101,92062760400876,13.339957,0.820676,0.614619,12.513697,0.000000,88
3102,92062773740833,13.332370,1.042892,0.559766,12.281785,0.000000,88
3103,92062787073203,13.330639,1.019176,0.519035,12.304438,0.000000,88
3104,92062800403842,13.333157,1.087950,0.597336,12.239428,0.000000,88
3105,92062813736999,13.334205,1.052522,0.545427,12.276856,0.000000,88
3106,92062827071204,13.332472,0.907269,0.583503,12.420998,0.000000,88
3107,92062840403676,13.334111,1.078280,0.669910,12.250673,0.000000,88
3108,92062853737787,13.330523,3.526332,1.139937,9.799426,0.000000,88
3109,92062867068310,13.334687,0.724193,0.321380,12.605762,0.000000,88
3110,92062880402997,13.334090,1.111210,0.353850,12.217420,0.000000,88
3111,92062893737087,13.333030,1.048302,0.359251,12.278987,0.000000,88
3112,92062907070117,13.332304,0.810782,0.500662,12.516895,0.000000,88
3113,92062920402421,13.333018,0.879941,0.550477,12.448508,0.000000,88
3114,92062933735439,13.334394,0.817936,1.293257,12.511509,0.000000,88
3115,92062947069833,13.335340,1.150839,0.503223,12.178759,0.000000,88
3116,92062960405173,13.330925,3.600687,0.535614,9.723534,0.000000,88
3117,92062973736098,13.336523,0.913067,0.532130,12.418461,0.000000,88
3118,92062987072621,13.330292,0.829993,0.529023,12.495726,0.000000,88
3119,92063000402913,13.335469,0.933156,0.509947,12.397316,0.000000,88
3120,92063013738382,13.332631,1.021691,0.552066,12.305047,0.000000,88
3121,92063027071013,13.334688,0.780714,0.537730,12.549583,0.000000,88
3122,92063040405701,13.332246,1.012894,0.565935,12.314305,0.000000,88
3123,92063053737947,13.336081,1.255970,0.692875,12.073248,0.000000,88
3124,92063067074028,13.331508,4.053801,0.526957,9.270512,0.000000,88
3125,92063080405536,13.331506,1.003224,0.546446,12.322910,0.000000,88
3126,92063093737042,13.334998,1.030466,0.548930,12.299712,0.000000,89
3127,92063107072040,13.331356,0.826458,0.505464,12.499704,0.000000,89
3128,92063120403396,13.336213,1.026914,0.519706,12.304409,0.000000,89
3129,92063133739609,13.334048,0.935524,0.564323,12.392712,0.000000,89
3130,92063147073657,13.332079,0.969810,0.572723,12.356291,0.000000,89
3131,92063160405736,13.333289,1.261518,0.697903,12.064957,0.000000,89
3132,92063173739025,13.333190,3.647152,0.545885,9.680274,0.000000,89
3133,92063187072215,13.332450,0.790326,0.655839,12.537872,0.000000,89
3134,92063200404665,13.336221,1.102194,0.575604,12.228728,0.000000,89
3135,92063213740886,13.332657,0.969207,0.538369,12.356150,0.000000,89
3136,92063227073543,13.332225,0.801386,0.386838,12.525834,0.000000,89
3137,92063240405768,13.334866,1.002783,0.379179,12.327042,0.000000,89
3138,92063253740634,13.332688,1.058130,0.535725,12.268762,0.000000,89
3139,92063267073322,13.335414,1.147247,0.687315,12.182128,0.000000,89
3140,92063280408736,13.328430,4.387618,1.818673,8.934750,0.000000,89
3141,92063293737166,13.336169,0.966360,0.535865,12.364229,0.000000,89
3142,92063307073335,13.334078,0.945123,1.359407,12.382551,0.000000,89
3143,92063320407413,13.340681,1.047837,0.467578,12.286830,0.000000,89
3144,92063333748094,13.331267,0.918491,0.517067,12.407001,0.000000,89
3145,92063347079361,13.337229,0.873696,0.532624,12.458326,0.000000,89
3146,92063360416590,13.329396,2.243250,0.423377,11.079578,0.000000,89
3147,92063373745986,13.336455,1.207228,0.445226,12.123611,0.000000,89
3148,92063387082441,13.332832,3.728362,0.504849,9.597479,0.000000,89
3149,92063400415273,13.333199,0.966258,0.532532,12.361015,0.000000,89
3150,92063413748472,13.334344,0.884443,0.567637,12.444375,0.000000,89
3151,92063427082816,13.332794,0.960396,0.650705,12.365578,0.000000,89
3152,92063440415610,13.333868,1.124274,0.544417,12.202744,0.000000,89
3153,92063453749478,13.352158,1.150798,0.559260,12.194291,0.000000,89
3154,92063467101636,13.338836,0.929433,0.596962,12.401258,0.000000,89
3155,92063480440472,13.329487,1.458865,0.641318,11.862598,0.000000,89
3156,92063493769959,13.331994,3.720972,0.459455,9.604782,0.000000,89
3157,92063507101953,13.334502,0.957837,0.535452,12.369326,0.000000,89
3158,92063520436455,13.331825,1.120094,0.542609,12.204407,0.000000,89
3159,92063533768280,13.334661,0.958240,1.499074,12.370115,0.000000,89
3160,92063547102941,13.331834,0.946540,0.562854,12.379560,0.000000,89
3161,92063560434775,13.333572,1.129194,0.559251,12.198834,0.000000,89
3162,92063573768347,13.334525,1.085106,0.565506,12.242395,0.000000,89
3163,92063587102872,13.331917,1.214473,0.685106,12.111455,0.000000,89
3164,92063600434789,13.332421,3.743658,0.528664,9.583907,0.000000,89
3165,92063613767210,13.335447,0.961660,0.552831,12.367886,0.000000,89
3166,92063627102657,13.333212,0.891558,0.573007,12.434851,0.000000,89
3167,92063640435869,13.332822,1.011017,0.534355,12.314807,0.000000,89
3168,92063653768691,13.334234,1.017342,0.578003,12.312501,0.000000,89
3169,92063667102925,13.332364,1.041698,0.530387,12.285193,0.000000,89
3170,92063680435289,13.335781,1.138450,1.919262,12.190905,0.000000,89
3171,92063693771070,13.331874,1.483489,0.819471,11.840333,0.000000,89
3172,92063707102944,13.332274,3.758034,0.566691,9.568480,0.000000,89
3173,92063720435218,13.335075,1.155139,0.561396,12.173592,0.000000,89
3174,92063733770293,13.335558,1.122624,0.536407,12.205817,0.000000,89
3175,92063747105851,13.331795,1.073102,0.532576,12.252150,0.000000,90
3176,92063760437646,13.335698,1.051595,0.565041,12.277366,0.000000,90
3177,92063773773344,13.329293,1.048677,0.491640,12.273912,0.000000,90
3178,92063787102637,13.333282,0.958259,0.564630,12.369905,0.000000,90
3179,92063800435919,13.336595,1.348285,0.586247,11.982407,0.000000,90
3180,92063813772514,13.332126,3.545954,0.505426,9.779710,0.000000,90
3181,92063827104640,13.332009,1.026935,0.535077,12.298179,0.000000,90
3182,92063840436649,13.336480,1.107181,0.579046,12.222655,0.000000,90
3183,92063853773129,13.329788,1.212165,0.364591,12.110857,0.000000,90
3184,92063867102917,13.335698,0.939991,0.559641,12.388716,0.000000,90
3185,92063880438615,13.333529,1.178150,0.532034,12.148005,0.000000,90
3186,92063893772144,13.332640,0.966067,0.597385,12.359671,0.000000,90
3187,92063907104784,13.335147,1.042686,0.447379,12.286448,0.000000,90
3188,92063920439931,13.332610,3.542716,0.414781,9.783353,0.000000,90
3189,92063933772541,13.331064,1.206046,0.566945,12.118159,0.000000,90
3190,92063947103605,13.336165,1.010702,0.513703,12.318563,0.000000,90
3191,92063960439770,13.333097,1.123540,0.611480,12.202168,0.000000,90
3192,92063973772867,13.332863,1.130906,0.417725,12.194570,0.000000,90
3193,92063987105730,13.332909,0.995783,0.397008,12.331012,0.000000,90
3194,92064000438639,13.332553,1.099791,0.536917,12.226123,0.000000,90
3195,92064013771192,13.334876,1.353461,0.608927,11.974510,0.000000,90
3196,92064027106068,13.332245,3.766091,0.554150,9.559244,0.000000,90
3197,92064040438313,13.333175,0.995516,0.525217,12.331656,0.000000,90
3198,92064053771488,13.335860,1.098173,0.567242,12.232007,0.000000,90
3199,92064067107348,13.333892,0.855390,0.537849,12.471716,0.000000,90
3200,92064080441240,13.331563,1.059574,0.592574,12.264743,0.000000,90
3201,92064093772803,13.334725,1.114216,0.512829,12.214127,0.000000,90
3202,92064107107528,13.333795,0.983340,0.594704,12.341918,0.000000,90
3203,92064120441323,13.329758,1.347473,1.806222,11.975176,0.000000,90
3204,92064133771081,13.337178,3.398373,0.462523,9.932414,0.000000,90
3205,92064147108259,13.332465,1.128401,0.547459,12.197239,0.000000,90
3206,92064160440724,13.332590,1.132139,0.496259,12.193491,0.000000,90
3207,92064173773314,13.332935,1.114377,0.553934,12.210649,0.000000,90
3208,92064187106249,13.333029,0.966768,0.529573,12.359484,0.000000,90
3209,92064200439278,13.336464,1.045629,0.546294,12.283804,0.000000,90
3210,92064213775742,13.332738,1.150828,0.585413,12.173895,0.000000,90
3211,92064227108480,13.332665,1.288248,0.414208,12.036401,0.000000,90
3212,92064240441145,13.334473,3.516647,0.521481,9.810778,0.000000,90
3213,92064253775618,13.332783,1.270428,0.544772,12.054495,0.000000,90
3214,92064267108401,13.330630,0.993147,0.526057,12.331235,0.000000,90
3215,92064280439031,13.335713,1.116679,0.566523,12.211528,0.000000,90
3216,92064293774744,13.334079,1.034596,0.443319,12.290821,0.000000,90
3217,92064307108823,13.331850,0.968343,0.552837,12.356565,0.000000,90
3218,92064320440673,13.333831,1.109155,0.571771,12.216430,0.000000,90
3219,92064333774504,13.333052,1.573664,0.557168,11.753063,0.000000,90
3220,92064347107556,13.335301,3.447302,0.572519,9.881504,0.000000,90
3221,92064360442857,13.332325,1.231174,0.574590,12.094191,0.000000,90
3222,92064373775182,13.333124,0.956552,0.543840,12.369858,0.000000,90
3223,92064387108306,13.334029,0.941878,0.586703,12.386025,0.000000,90
3224,92064400442335,13.333128,1.249292,0.565555,12.077321,0.000000,90
3225,92064413775463,13.331525,1.093199,0.535605,12.232119,0.000000,90
3226,92064427106988,13.336958,1.088854,0.557290,12.241725,0.000000,90
3227,92064440443946,13.332714,1.459762,0.597146,11.865449,0.000000,90
3228,92064453776660,13.332034,3.822442,0.588064,9.502795,0.000000,90
3229,92064467108694,13.335675,0.949806,0.390498,12.378546,0.000000,90
3230,92064480444369,13.335993,1.079237,0.510035,12.247501,0.000000,90
3231,92064493780362,13.326608,0.944864,0.558745,12.374679,0.000000,90
3232,92064507106970,13.337241,0.815776,0.564389,12.514595,0.000000,91
3233,92064520444211,13.330481,1.171660,0.390489,12.152079,0.000000,91
3234,92064533774692,13.335617,1.002800,0.346789,12.325299,0.000000,91
3235,92064547110309,13.336290,2.117033,0.538553,11.206943,0.000000,91
3236,92064560446599,13.326467,3.823132,0.366908,9.495471,0.000000,91
3237,92064573773066,13.337958,0.988367,0.543195,12.343106,0.000000,91
3238,92064587111024,13.332446,1.034958,0.549323,12.290497,0.000000,91
3239,92064600443470,13.329620,1.248543,0.560062,12.074029,0.000000,91
3240,92064613773090,13.338897,1.267714,0.555501,12.064186,0.000000,91
3241,92064627111987,13.330774,0.986876,0.555518,12.336367,0.000000,91
3242,92064640442761,13.332645,1.032363,0.532557,12.293544,0.000000,91
3243,92064653775406,13.333954,1.235412,0.588814,12.092455,0.000000,91
3244,92064667109360,13.334147,3.326256,0.560476,10.001440,0.000000,91
3245,92064680443507,13.332856,0.874432,0.543086,12.452689,0.000000,91
3246,92064693776363,13.333119,0.890930,0.565628,12.436422,0.000000,91
3247,92064707109482,13.333169,1.087498,0.552769,12.239945,0.000000,91
3248,92064720442651,13.334259,1.178034,0.545128,12.149715,0.000000,91
3249,92064733776910,13.330630,0.977746,0.624639,12.347134,0.000000,91
3250,92064747107540,13.336443,0.856626,0.529124,12.474807,0.000000,91
3251,92064760443983,13.335193,1.262800,0.577260,12.065753,0.000000,91
3252,92064773779176,13.330369,3.437722,0.572168,9.886203,0.000000,91
3253,92064787109545,13.334025,0.902885,0.636772,12.425083,0.000000,91
3254,92064800443570,13.335172,0.954470,0.598692,12.374815,0.000000,91
3255,92064813778742,13.332214,0.931395,0.596938,12.394417,0.000000,91
3256,92064827110956,13.331931,0.907829,0.603167,12.418977,0.000000,91
3257,92064840442887,13.335098,1.077276,0.586793,12.251181,0.000000,91
3258,92064853777985,13.333519,1.082073,0.570562,12.244129,0.000000,91
3259,92064867111504,13.332266,1.221057,0.593477,12.105064,0.000000,91
3260,92064880443770,13.333581,3.619929,0.534550,9.706839,0.000000,91
3261,92064893777351,13.332817,1.050936,0.518342,12.275808,0.000000,91
3262,92064907110168,13.335671,0.948090,0.541279,12.380710,0.000000,91
3263,92064920445839,13.332125,1.136746,0.492331,12.189397,0.000000,91
3264,92064933777964,13.332495,1.048855,0.511282,12.277154,0.000000,91
3265,92064947110459,13.333632,1.011964,0.526976,12.316019,0.000000,91
3266,92064960444091,13.334804,1.208751,0.543187,12.119721,0.000000,91
3267,92064973778895,13.332356,1.328648,0.561388,11.996610,0.000000,91
3268,92064987111251,13.333185,3.312517,0.533001,10.014751,0.000000,91
3269,92065000444436,13.332964,1.005469,0.532800,12.322063,0.000000,91
3270,92065013777400,13.334318,0.999406,0.565717,12.328485,0.000000,91
3271,92065027111718,13.332251,1.076081,0.545044,12.248813,0.000000,91
3272,92065040443969,13.334769,1.111404,0.538952,12.216816,0.000000,91
3273,92065053778738,13.335408,1.008112,0.507913,12.320933,0.000000,91
3274,92065067114146,13.333171,1.034160,0.567320,12.291405,0.000000,91
3275,92065080447317,13.331538,1.367763,0.596797,11.956904,0.000000,91
3276,92065093778855,13.334612,4.059550,0.587023,9.268478,0.000000,91
3277,92065107113467,13.333421,1.040429,0.551748,12.285782,0.000000,91
3278,92065120446888,13.333153,1.093413,0.541242,12.232844,0.000000,91
3279,92065133780041,13.333876,1.047655,0.537434,12.279806,0.000000,91
3280,92065147113917,13.332970,0.987599,0.551680,12.337844,0.000000,91
3281,92065160446887,13.333429,1.041062,0.534676,12.285885,0.000000,91
3282,92065173780316,13.335397,1.030856,0.562097,12.297727,0.000000,91
3283,92065187115713,13.331548,1.306262,0.612708,12.018005,0.000000,91
3284,92065200447261,13.333542,3.880575,0.561689,9.445423,0.000000,91
3285,92065213780803,13.334602,1.078236,0.619433,12.249274,0.000000,91
3286,92065227115405,13.332005,1.000360,0.383715,12.323902,0.000000,92
3287,92065240447410,13.333326,1.053450,0.354717,12.273407,0.000000,92
3288,92065253780736,13.335366,1.079375,0.638427,12.248470,0.000000,92
3289,92065267116102,13.328560,2.096787,0.557800,11.224903,0.000000,92
3290,92065280444662,13.336272,1.155293,0.543274,12.175766,0.000000,92
3291,92065293780934,13.334284,1.184073,0.588663,12.143193,0.000000,92
3292,92065307115218,13.331799,3.567617,0.382153,9.757707,0.000000,92
3293,92065320447017,13.333893,0.989537,0.565348,12.337837,0.000000,92
3294,92065333780910,13.333447,1.044736,0.589015,12.282647,0.000000,92
3295,92065347114357,13.334140,1.027464,0.608302,12.298415,0.000000,92
3296,92065360448497,13.330114,1.031194,0.395226,12.292449,0.000000,92
3297,92065373778611,13.335527,0.950421,0.520208,12.380081,0.000000,92
3298,92065387114138,13.334242,0.962175,0.561368,12.366079,0.000000,92
3299,92065400448380,13.333126,1.341052,0.623450,11.985165,0.000000,92
3300,92065413781506,13.333035,3.596992,0.446091,9.729674,0.000000,92
3301,92065427114541,13.334631,0.961165,0.563035,12.367011,0.000000,92
3302,92065440449172,13.332532,1.091807,0.559095,12.233867,0.000000,92
3303,92065453781704,13.333015,1.038906,0.546700,12.286985,0.000000,92
3304,92065467114719,13.335028,0.951634,0.570063,12.376925,0.000000,92
3305,92065480449747,13.332468,1.115924,0.552044,12.209613,0.000000,92
3306,92065493782215,13.332713,1.022122,0.565345,12.304140,0.000000,92
3307,92065507114928,13.335332,1.285473,0.663604,12.042566,0.000000,92
3308,92065520450260,13.332747,3.521114,0.530019,9.804530,0.000000,92
3309,92065533783007,13.332874,1.040623,0.591094,12.285972,0.000000,92
3310,92065547115881,13.333941,0.974651,0.577505,12.352365,0.000000,92
3311,92065560449822,13.332280,1.123675,0.602224,12.202123,0.000000,92
3312,92065573782102,13.333889,1.010815,0.414883,12.316696,0.000000,92
3313,92065587115991,13.333506,1.020686,0.357074,12.305736,0.000000,92
3314,92065600449497,13.333620,1.094707,0.526018,12.232778,0.000000,92
3315,92065613783117,13.332260,1.261933,0.618080,12.063703,0.000000,92
3316,92065627115377,13.337055,3.778463,0.593019,9.551805,0.000000,92
3317,92065640452432,13.332843,1.191268,0.446494,12.132722,0.000000,92
3318,92065653785275,13.332289,1.168537,0.582012,12.156883,0.000000,92
3319,92065667117564,13.330263,0.988147,0.593005,12.337092,0.000000,92
3320,92065680447827,13.335020,1.095620,0.581536,12.233670,0.000000,92
3321,92065693782847,13.334462,1.038090,0.547805,12.290165,0.000000,92
3322,92065707117309,13.331707,0.904778,0.549583,12.421479,0.000000,92
3323,92065720449016,13.335715,1.257165,0.604081,12.071496,0.000000,92
3324,92065733784731,13.333654,3.577922,0.500930,9.748729,0.000000,92
3325,92065747118385,13.332457,0.867416,0.546719,12.458386,0.000000,92
3326,92065760450842,13.333956,1.179166,0.537111,12.148820,0.000000,92
3327,92065773784798,13.331206,1.120661,0.512782,12.202773,0.000000,92
3328,92065787116004,13.331736,1.307401,0.506748,12.018142,0.000000,92
3329,92065800447740,13.337473,1.186427,0.741434,12.145462,0.000000,92
3330,92065813785213,13.332447,1.201473,0.946291,12.124950,0.000000,92
3331,92065827117660,13.333702,1.218682,0.604084,12.108528,0.000000,92
3332,92065840451362,13.335282,3.981290,0.590361,9.345573,0.000000,92
3333,92065853786644,13.331323,1.183795,0.501528,12.140185,0.000000,92
3334,92065867117967,13.333680,1.024381,0.369799,12.302347,0.000000,92
3335,92065880451647,13.332261,1.244763,0.342508,12.080935,0.000000,92
3336,92065893783908,13.333799,1.433974,0.770975,11.893348,0.000000,92
3337,92065907117707,13.333616,1.368222,0.620109,11.958823,0.000000,92
3338,92065920451323,13.334364,1.139864,0.678191,12.187538,0.000000,92
3339,92065933785687,13.333234,1.307543,0.552003,12.018202,0.000000,92
3340,92065947118921,13.332422,3.725286,0.815075,9.599884,0.000000,92
3341,92065960451343,13.334747,1.182947,0.668405,12.144928,0.000000,92
3342,92065973786090,13.333516,1.649124,0.559211,11.677888,0.000000,92
3343,92065987119606,13.331908,1.094173,0.573693,12.232182,0.000000,92
3344,92066000451514,13.333647,1.441542,0.496317,11.886050,0.000000,92
3345,92066013785161,13.334604,1.082534,0.709132,12.245318,0.000000,92
3346,92066027119765,13.332718,1.062499,0.491124,12.262367,0.000000,92
3347,92066040452483,13.333213,1.543096,0.479991,11.784551,0.000000,92
3348,92066053785696,13.334874,3.511502,0.490523,9.816367,0.000000,92
3349,92066067120570,13.332034,1.042468,0.611025,12.280305,0.000000,92
3350,92066080452604,13.333026,1.254247,0.411079,12.071829,0.000000,92
3351,92066093785630,13.335275,1.112743,0.576468,12.215256,0.000000,92
3352,92066107120905,13.332048,1.236714,0.538932,12.087590,0.000000,93
3353,92066120452953,13.334579,1.336712,0.634521,11.991270,0.000000,93
3354,92066133787532,13.334719,1.087832,0.756949,12.239824,0.000000,93
3355,92066147122251,13.330263,2.080637,0.590732,11.239093,0.000000,93
3356,92066160452514,13.332550,3.786648,0.827296,9.540407,0.000000,93
3357,92066173785064,13.336036,0.987227,0.406047,12.343905,0.000000,93
3358,92066187121100,13.329680,1.018957,1.053651,12.305544,0.000000,93
3359,92066200450780,13.337797,1.264997,0.950672,12.067091,0.000000,93
3360,92066213788577,13.331548,1.098283,1.057966,12.224314,0.000000,93
3361,92066227120125,13.333024,1.024499,1.095600,12.301262,0.000000,93
3362,92066240453149,13.335728,1.177162,0.864476,12.150955,0.000000,93
3363,92066253788877,13.333230,1.371643,1.003483,11.952492,0.000000,93
3364,92066267122107,13.332624,3.765517,0.825130,9.558462,0.000000,93
3365,92066280454731,13.331507,1.064771,0.581795,12.260078,0.000000,93
3366,92066293786238,13.335679,0.951635,0.589612,12.378563,0.000000,93
3367,92066307121917,13.332012,0.863595,0.538789,12.461568,0.000000,93
3368,92066320453929,13.332276,0.941504,0.421282,12.385206,0.000000,93
3369,92066333786205,13.331275,0.872101,0.512627,12.454826,0.000000,93
3370,92066347117480,13.334882,0.755434,0.554331,12.574687,0.000000,93
3371,92066360452362,13.332225,1.088698,0.555327,12.238197,0.000000,93
3372,92066373784587,13.334321,3.267110,0.561604,10.061978,0.000000,93
3373,92066387118908,13.333046,0.746392,0.524644,12.581140,0.000000,93
3374,92066400451954,13.332901,0.810767,0.537095,12.517924,0.000000,93
3375,92066413784855,13.333030,0.749596,0.556430,12.579093,0.000000,93
3376,92066427117885,13.336753,0.691117,0.573561,12.640708,0.000000,93
3377,92066440454638,13.332640,0.946629,0.542128,12.379210,0.000000,93
3378,92066453787278,13.336853,0.852204,0.591417,12.478228,0.000000,93
3379,92066467124131,13.332569,1.031363,0.429744,12.293915,0.000000,93
3380,92066480456700,13.331057,3.453468,0.360111,9.870719,0.000000,93
3381,92066493787757,13.336030,1.041511,0.578739,12.286542,0.000000,93
3382,92066507123787,13.332375,1.054082,0.855242,12.270024,0.000000,93
3383,92066520456162,13.331790,1.252706,0.553988,12.071006,0.000000,93
3384,92066533787952,13.333984,1.135253,0.556641,12.191997,0.000000,93
3385,92066547121936,13.336383,0.980532,0.546030,12.348180,0.000000,93
3386,92066560458319,13.330977,1.113963,0.607678,12.208641,0.000000,93
3387,92066573789296,13.333294,1.339036,0.578752,11.987284,0.000000,93
3388,92066587122590,13.333772,3.699035,0.666278,9.627815,0.000000,93
3389,92066600456362,13.332304,1.181164,0.560735,12.144156,0.000000,93
3390,92066613788666,13.333563,1.149530,0.543113,12.177028,0.000000,93
3391,92066627122229,13.333927,0.948278,0.546834,12.378806,0.000000,93
3392,92066640456156,13.330914,0.990493,0.558926,12.334350,0.000000,93
3393,92066653787070,13.337930,0.930132,0.583784,12.402266,0.000000,93
3394,92066667125000,13.331647,0.984500,0.571995,12.339583,0.000000,93
3395,92066680456647,13.331596,1.320911,0.591841,12.004506,0.000000,93
3396,92066693788243,13.333022,3.357490,0.576873,9.969119,0.000000,93
3397,92066707121265,13.336025,0.918041,0.588597,12.412578,0.000000,93
3398,92066720457290,13.337916,1.105812,0.897300,12.224308,0.000000,93
3399,92066733795206,13.326292,1.427314,0.575015,11.891254,0.000000,93
3400,92066747121498,13.334053,0.941498,0.552408,12.386848,0.000000,93
3401,92066760455551,13.336182,0.995053,0.583864,12.334916,0.000000,93
3402,92066773791733,13.332726,1.103894,0.561292,12.220738,0.000000,93
3403,92066787124459,13.333496,1.200404,0.411993,12.124985,0.000000,93
3404,92066800457955,13.332853,3.727872,0.377445,9.598546,0.000000,93
3405,92066813790808,13.332231,1.053032,0.621393,12.272257,0.000000,93
3406,92066827123039,13.333399,0.969525,0.532806,12.357491,0.000000,93
3407,92066840456438,13.332095,1.136592,0.545101,12.188883,0.000000,93
3408,92066853788533,13.335585,1.127395,0.505194,12.201695,0.000000,93
3409,92066867124118,13.331962,0.948560,0.409617,12.375699,0.000000,93
3410,92066880456080,13.335447,1.042623,0.456822,12.285931,0.000000,93
3411,92066893791527,13.332331,1.179000,0.583600,12.146988,0.000000,93
3412,92066907123858,13.335399,3.272643,0.536817,10.054467,0.000000,93
3413,92066920459257,13.338848,0.914223,0.544461,12.415227,0.000000,93
3414,92066933798105,13.326721,0.969467,0.541646,12.345868,0.000000,93
3415,92066947124826,13.332616,0.803707,0.513648,12.523140,0.000000,94
3416,92066960457442,13.334978,0.899863,0.573308,12.428742,0.000000,94
3417,92066973792420,13.332033,1.031332,0.546436,12.293515,0.000000,94
3418,92066987124453,13.333567,0.809301,0.555928,12.517859,0.000000,94
3419,92067000458020,13.333652,1.182317,0.562933,12.145310,0.000000,94
3420,92067013791672,13.333072,3.311544,0.563893,10.015736,0.000000,94
3421,92067027124744,13.332551,1.202334,0.546018,12.124475,0.000000,94
3422,92067040457295,13.333741,0.976607,0.556135,12.349866,0.000000,94
3423,92067053791036,13.334289,0.886264,0.568808,12.442263,0.000000,94
3424,92067067125325,13.332766,0.966904,0.556915,12.359439,0.000000,94
3425,92067080458091,13.333003,1.060641,0.550762,12.265520,0.000000,94
3426,92067093791094,13.333829,1.043405,0.563399,12.282520,0.000000,94
3427,92067107124923,13.331125,1.298305,0.586524,12.026645,0.000000,94
3428,92067120456048,13.332753,3.762179,0.566287,9.564973,0.000000,94
3429,92067133788801,13.349458,1.253301,0.565300,12.090279,0.000000,94
3430,92067147138259,13.332056,0.985522,0.545132,12.339372,0.000000,94
3431,92067160470315,13.338405,1.057449,0.563223,12.275170,0.000000,94
3432,92067173808720,13.333178,1.102908,0.578856,12.222409,0.000000,94
3433,92067187141898,13.331831,1.147416,0.905449,12.176666,0.000000,94
3434,92067200473729,13.335323,1.100254,0.661196,12.227611,0.000000,94
3435,92067213809052,13.334269,1.344365,0.585283,11.982224,0.000000,94
3436,92067227143321,13.330214,3.734609,0.543952,9.588154,0.000000,94
3437,92067240473535,13.335272,0.999215,0.548789,12.328508,0.000000,94
3438,92067253808807,13.332151,0.891317,0.630191,12.435205,0.000000,94
3439,92067267140958,13.333822,1.051940,0.569880,12.275258,0.000000,94
3440,92067280474780,13.332125,0.984081,0.380093,12.342295,0.000000,94
3441,92067293806905,13.336253,1.033888,0.549918,12.296962,0.000000,94
3442,92067307143158,13.333907,1.089841,0.361385,12.235755,0.000000,94
3443,92067320477065,13.329037,1.393072,0.555914,11.929213,0.000000,94
3444,92067333806102,13.334074,3.746218,0.538936,9.581847,0.000000,94
3445,92067347140176,13.338964,1.091511,0.534920,12.237216,0.000000,94
3446,92067360479140,13.329861,1.074490,0.548346,12.246310,0.000000,94
3447,92067373809001,13.333165,1.122220,0.569967,12.204185,0.000000,94
3448,92067387142166,13.333094,0.965835,0.533998,12.360827,0.000000,94
3449,92067400475260,13.333940,1.112878,0.563693,12.214584,0.000000,94
3450,92067413809200,13.333506,1.017704,0.539500,12.309227,0.000000,94
3451,92067427142706,13.335301,1.264283,0.567377,12.062968,0.000000,94
3452,92067440478007,13.329313,3.791525,0.534185,9.531029,0.000000,94
3453,92067453807320,13.335174,0.969992,0.615832,12.359624,0.000000,94
3454,92067467142494,13.333996,0.934052,0.564671,12.393458,0.000000,94
3455,92067480476490,13.332964,1.070250,0.551722,12.255366,0.000000,94
3456,92067493809454,13.333071,1.042434,0.406025,12.283199,0.000000,94
3457,92067507142525,13.331881,1.006942,0.551361,12.319159,0.000000,94
3458,92067520474406,13.334580,1.044522,0.603888,12.283462,0.000000,94
3459,92067533808986,13.338742,1.322221,0.581896,12.008064,0.000000,94
3460,92067547147728,13.330084,3.443392,0.456942,9.879961,0.000000,94
3461,92067560477812,13.332741,1.154939,0.456209,12.170917,0.000000,94
3462,92067573810553,13.332068,1.233398,0.561250,12.092797,0.000000,94
3463,92067587142621,13.331875,0.948978,0.662556,12.377011,0.000000,94
3464,92067600474496,13.337240,0.946769,0.513570,12.384634,0.000000,94
3465,92067613811736,13.331966,1.117901,0.405990,12.208231,0.000000,94
3466,92067627143702,13.332707,0.853059,0.506529,12.474923,0.000000,94
3467,92067640476409,13.335604,1.171641,0.599576,12.157851,0.000000,94
3468,92067653812013,13.342229,3.476871,0.492692,9.855143,0.000000,94
3469,92067667154242,13.324132,1.056775,0.376514,12.260907,0.000000,94
3470,92067680478374,13.335231,1.047003,0.521166,12.280304,0.000000,94
3471,92067693813605,13.333627,1.164218,0.495206,12.161707,0.000000,94
3472,92067707147232,13.329806,0.898137,0.402725,12.425756,0.000000,94
3473,92067720477038,13.336506,1.180508,0.620403,12.149816,0.000000,94
3474,92067733813544,13.331334,1.066237,0.405241,12.259092,0.000000,94
3475,92067747144878,13.332399,1.092362,0.504557,12.233525,0.000000,94
3476,92067760477277,13.335001,3.468433,0.576523,9.861597,0.000000,94
3477,92067773812278,13.333428,1.098266,0.546800,12.229339,0.000000,94
3478,92067787145706,13.333833,0.852908,0.640010,12.474885,0.000000,94
3479,92067800479539,13.332654,1.176005,0.657789,12.150164,0.000000,95
3480,92067813812193,13.335076,1.115061,0.444629,12.213001,0.000000,95
3481,92067827147269,13.334098,1.047856,0.437036,12.279260,0.000000,95
3482,92067840481367,13.331596,1.272565,0.496299,12.052758,0.000000,95
3483,92067853812963,13.334929,1.320454,0.514769,12.008942,0.000000,95
3484,92067867147892,13.335970,3.334904,0.475681,9.990764,0.000000,95
3485,92067880483862,13.331643,1.031968,0.485125,12.289406,0.000000,95
3486,92067893815505,13.334573,1.154980,0.545579,12.172407,0.000000,95
3487,92067907150078,13.338651,1.142966,0.489004,12.184416,0.000000,95
3488,92067920488729,13.324440,1.190322,0.507889,12.126703,0.000000,95
3489,92067933813169,13.333254,1.325218,0.545618,12.001345,0.000000,95
3490,92067947146423,13.333703,0.997374,0.560780,12.329267,0.000000,95
3491,92067960480126,13.332463,1.372574,0.425196,11.952958,0.000000,95
3492,92067973812589,13.332210,3.511727,0.470004,9.813956,0.000000,95
3493,92067987144799,13.333513,1.042985,0.408184,12.285166,0.000000,95
3494,92068000478312,13.339051,0.923871,0.381480,12.408206,0.000000,95
3495,92068013817363,13.331685,1.081076,0.622297,12.244111,0.000000,95
3496,92068027149048,13.330467,1.289069,1.199476,12.035021,0.000000,95
3497,92068040479515,13.336539,2.446350,0.526407,10.883574,0.000000,95
3498,92068053816054,13.330164,1.386905,0.590235,11.937288,0.000000,95
3499,92068067146218,13.341215,1.266732,0.579458,12.064529,0.000000,95
3500,92068080487433,13.325837,3.425342,0.606576,9.894846,0.000000,95
3501,92068093813270,13.331298,1.479074,0.580520,11.846983,0.000000,95
3502,92068107144568,13.336806,0.950030,0.468116,12.380645,0.000000,95
3503,92068120481374,13.333157,1.087473,0.437082,12.239930,0.000000,95
3504,92068133814531,13.334925,1.367024,0.394864,11.960018,0.000000,95
3505,92068147149456,13.331959,0.905910,0.524356,12.420929,0.000000,95
3506,92068160481415,13.333070,1.035239,0.509638,12.292334,0.000000,95
3507,92068173814485,13.333148,1.202237,0.394982,12.126058,0.000000,95
3508,92068187147633,13.331641,3.316655,0.762394,10.009114,0.000000,95
3509,92068200479274,13.341350,1.088721,0.591697,12.242578,0.000000,95
3510,92068213820624,13.328202,1.015452,0.682712,12.305119,0.000000,95
3511,92068227148826,13.334814,1.000900,0.597112,12.326827,0.000000,95
3512,92068240483640,13.331849,1.143966,0.681159,12.180586,0.000000,95
3513,92068253815489,13.333261,1.168887,0.661744,12.154543,0.000000,95
3514,92068267148750,13.334461,1.272711,0.474305,12.053799,0.000000,95
3515,92068280483211,13.332133,1.433831,0.586718,11.890370,0.000000,95
3516,92068293815344,13.334852,3.792734,0.480448,9.534288,0.000000,95
3517,92068307150196,13.332398,0.986987,0.603877,12.338145,0.000000,95
3518,92068320482594,13.334826,1.055990,0.575394,12.270755,0.000000,95
3519,92068333817420,13.336997,1.419764,0.461129,11.908197,0.000000,95
3520,92068347154417,13.330721,1.153551,0.433119,12.166559,0.000000,95
3521,92068360485138,13.328844,1.296736,0.384740,12.024635,0.000000,95
3522,92068373813982,13.338809,1.058673,0.397328,12.274246,0.000000,95
3523,92068387152791,13.331095,1.417736,0.642565,11.904781,0.000000,95
3524,92068400483886,13.331535,3.544020,0.557065,9.780427,0.000000,95
3525,92068413815421,13.334303,0.990269,0.497029,12.338047,0.000000,95
3526,92068427149724,13.334203,1.027125,0.587065,12.300683,0.000000,95
3527,92068440483927,13.339807,1.100614,0.435794,12.229837,0.000000,95
3528,92068453823734,13.329474,1.004239,0.550580,12.315854,0.000000,95
3529,92068467153208,13.329061,0.940879,0.614960,12.379595,0.000000,95
3530,92068480482269,13.334314,1.126996,0.558980,12.200330,0.000000,95
3531,92068493816583,13.332827,1.588749,0.537872,11.738152,0.000000,95
3532,92068507149410,13.332940,3.268242,0.481855,10.059418,0.000000,95
3533,92068520482350,13.333636,0.999970,0.628569,12.328612,0.000000,95
3534,92068533815986,13.331288,1.311047,0.576928,12.014995,0.000000,95
3535,92068547147274,13.336027,0.824781,0.569108,12.505744,0.000000,95
3536,92068560483301,13.332623,0.942237,0.554903,12.384103,0.000000,95
3537,92068573815924,13.334594,1.345884,0.565593,11.983100,0.000000,95
3538,92068587150518,13.334434,1.045247,0.591613,12.281397,0.000000,95
3539,92068600484952,13.333617,1.466923,0.585359,11.858567,0.000000,96
3540,92068613818569,13.332823,3.878812,0.497613,9.445676,0.000000,96
3541,92068627151392,13.335723,1.048054,0.617731,12.277669,0.000000,96
3542,92068640487115,13.329028,2.229019,0.568759,11.092871,0.000000,96
3543,92068653816143,13.332962,1.154627,0.626474,12.172387,0.000000,96
3544,92068667149105,13.334832,0.980827,0.622615,12.346905,0.000000,96
3545,92068680483937,13.333533,1.172931,0.657896,12.153681,0.000000,96
3546,92068693817470,13.332740,1.241702,0.410363,12.084169,0.000000,96
3547,92068707150210,13.334354,1.397998,0.411006,11.929436,0.000000,96
3548,92068720484564,13.332108,3.645835,0.492604,9.679444,0.000000,96
3549,92068733816672,13.333563,1.463323,0.618258,11.863802,0.000000,96
3550,92068747150235,13.336072,0.983095,0.517230,12.346692,0.000000,96
3551,92068760486307,13.331552,1.095689,0.379956,12.228517,0.000000,96
3552,92068773817859,13.336615,1.046634,0.474636,12.281472,0.000000,96
3553,92068787154474,13.330205,1.076765,0.430104,12.246066,0.000000,96
3554,92068800484679,13.335890,1.090808,0.485822,12.237919,0.000000,96
3555,92068813820569,13.332488,1.686141,0.577765,11.639124,0.000000,96
3556,92068827153057,13.332230,3.282322,0.624818,10.044057,0.000000,96
3557,92068840485287,13.336236,1.179699,0.565533,12.151211,0.000000,96
3558,92068853821523,13.331812,1.033541,0.548721,12.291696,0.000000,96
3559,92068867153335,13.333375,0.960802,0.571770,12.366376,0.000000,96
3560,92068880486710,13.331068,1.183404,0.602845,12.140974,0.000000,96
3561,92068893817778,13.340201,1.112088,0.521008,12.220535,0.000000,96
3562,92068907157979,13.332345,0.940337,0.940168,12.382637,0.000000,96
3563,92068920490324,13.330711,1.959353,0.480268,11.364322,0.000000,96
3564,92068933821035,13.333153,3.870973,0.413115,9.454131,0.000000,96
3565,92068947154188,13.330342,1.035130,0.402387,12.289044,0.000000,96
3566,92068960484530,13.336299,1.067626,0.612364,12.263768,0.000000,96
3567,92068973820829,13.332070,1.116514,0.530929,12.209070,0.000000,96
3568,92068987152899,13.333447,1.020546,0.426265,12.305781,0.000000,96
3569,92069000486346,13.334738,1.212229,0.439699,12.115153,0.000000,96
3570,92069013821084,13.332637,1.240761,0.445746,12.084948,0.000000,96
3571,92069027153721,13.333218,1.397598,0.538617,11.928986,0.000000,96
3572,92069040486939,13.334503,4.241890,0.562538,9.085611,0.000000,96
3573,92069053821442,13.332537,1.346440,0.458473,11.978984,0.000000,96
3574,92069067153979,13.335701,1.078867,0.565135,12.247426,0.000000,96
3575,92069080489680,13.332390,1.265034,0.592945,12.058646,0.000000,96
3576,92069093822070,13.332930,1.290129,0.439905,12.035395,0.000000,96
3577,92069107155000,13.334128,1.162108,0.554500,12.164951,0.000000,96
3578,92069120489128,13.330543,1.055195,0.467721,12.270121,0.000000,96
3579,92069133819671,13.538139,1.136630,0.568868,12.395672,0.000000,96
3580,92069147357810,13.329360,3.722654,0.601930,9.600394,0.000000,96
3581,92069160687170,13.337109,0.938690,0.615194,12.392544,0.000000,96
3582,92069174024279,13.333645,1.007352,0.555857,12.319402,0.000000,96
3583,92069187357924,13.332559,0.850044,0.846273,12.475953,0.000000,96
3584,92069200690483,13.335252,1.026807,0.670799,12.302336,0.000000,96
3585,92069214025735,13.332882,1.266486,0.573169,12.060554,0.000000,96
3586,92069227358617,13.333416,1.074450,0.593174,12.251425,0.000000,96
3587,92069240692033,13.333156,1.379745,0.382547,11.946762,0.000000,96
3588,92069254025189,13.334943,3.465062,0.466226,9.852530,0.000000,96
3589,92069267360132,13.332358,1.096503,0.591725,12.229109,0.000000,96
3590,92069280692490,13.337050,1.173776,0.564528,12.154807,0.000000,96
3591,92069294029540,13.331100,1.182500,0.548253,12.142027,0.000000,96
3592,92069307360640,13.329710,1.003456,0.681655,12.319665,0.000000,96
3593,92069320690350,13.333227,0.871798,0.614439,12.456402,0.000000,96
3594,92069334023577,13.337450,1.195807,0.678256,12.135364,0.000000,96
3595,92069347361027,13.329844,1.344269,0.581104,11.978103,0.000000,96
3596,92069360690871,13.334928,3.455130,0.503258,9.873752,0.000000,96
3597,92069374025799,13.333857,1.081778,0.486376,12.245468,0.000000,96
3598,92069387359656,13.333679,0.989694,0.387141,12.336053,0.000000,96
3599,92069400693335,13.334266,1.083474,0.563174,12.243538,0.000000,96
3600,92069414027601,13.333647,1.092221,0.412669,12.234815,0.000000,96
3601,92069427361248,13.331087,1.218917,0.675455,12.105841,0.000000,96
3602,92069440692335,13.334678,1.139424,0.482745,12.189099,0.000000,96
3603,92069454027013,13.333702,1.633361,0.561428,11.693372,0.000000,96
3604,92069467360715,13.331379,3.669835,0.575839,9.654309,0.000000,96
3605,92069480692094,13.335570,1.069967,0.541619,12.259998,0.000000,96
3606,92069494027664,13.332755,1.212640,0.630677,12.113307,0.000000,96
3607,92069507360419,13.337544,1.245828,0.414513,12.083144,0.000000,96
3608,92069520697963,13.355157,1.096054,0.363773,12.249947,0.000000,96
3609,92069534053120,13.330142,1.082524,0.520519,12.240411,0.000000,96
3610,92069547383262,13.340457,0.971229,0.570180,12.361925,0.000000,96
3611,92069560723719,13.331703,1.478334,0.432169,11.846175,0.000000,96
3612,92069574055422,13.332884,3.421158,0.584953,9.905553,0.000000,96
3613,92069587388306,13.334024,1.054533,0.628320,12.272812,0.000000,97
3614,92069600722330,13.340230,1.130134,0.555547,12.200194,0.000000,97
3615,92069614062560,13.325576,1.125214,0.575342,12.192325,0.000000,97
3616,92069627388136,13.335160,0.847713,0.571507,12.481453,0.000000,97
3617,92069640723296,13.336467,1.079028,0.503332,12.251414,0.000000,97
3618,92069654059763,13.333094,1.236586,0.486848,12.089542,0.000000,97
3619,92069667392857,13.330800,1.344063,0.537148,11.979489,0.000000,97
3620,92069680723657,13.340130,3.710215,0.506359,9.623058,0.000000,97
3621,92069694063787,13.328716,1.046639,0.464346,12.275545,0.000000,97
3622,92069707392503,13.334615,0.889710,0.592502,12.438942,0.000000,97
3623,92069720727118,13.333078,1.014823,0.510998,12.312290,0.000000,97
3624,92069734060196,13.332703,1.461863,0.568819,11.864937,0.000000,97
3625,92069747392899,13.334624,1.014673,0.461939,12.312991,0.000000,97
3626,92069760727523,13.333224,1.016296,0.651214,12.308937,0.000000,97
3627,92069774060747,13.404489,2.437434,0.470852,10.955074,0.000000,97
3628,92069787465236,13.387533,6.337146,0.456009,7.026329,0.000000,97
3629,92069800852769,13.316705,1.442305,0.660861,11.852993,0.000000,97
3630,92069814169474,13.330430,1.269311,0.495403,12.054107,0.000000,97
3631,92069827499904,13.334357,0.954467,0.575675,12.374068,0.000000,97
3632,92069840834261,13.334507,1.089337,0.438930,12.238175,0.000000,97
3633,92069854168768,13.334899,1.061240,0.353561,12.264652,0.000000,97
3634,92069867503667,13.332075,0.971317,0.399672,12.352514,0.000000,97
3635,92069880835742,13.337993,1.355671,0.427764,11.974864,0.000000,97
3636,92069894173735,13.327407,3.508363,0.642478,9.811790,0.000000,97
3637,92069907501142,13.332894,0.988197,0.572361,12.338562,0.000000,97
3638,92069920834036,13.334667,1.069962,0.394121,12.258244,0.000000,97
3639,92069934168703,13.331618,0.994426,0.549440,12.329910,0.000000,97
3640,92069947500321,13.333467,0.924553,0.621741,12.403556,0.000000,97
3641,92069960833788,13.334485,1.052730,0.601443,12.275657,0.000000,97
3642,92069974168273,13.332697,1.115276,0.545842,12.210844,0.000000,97
3643,92069987500970,13.332395,1.189596,0.511442,12.136444,0.000000,97
3644,92070000833365,13.332538,3.592406,0.574191,9.734490,0.000000,97
3645,92070014165903,13.333425,0.880705,0.599262,12.447279,0.000000,97
3646,92070027499328,13.334518,1.045153,0.436108,12.283422,0.000000,97
3647,92070040833846,13.335233,1.497341,0.938753,11.830630,0.000000,97
3648,92070054169079,13.332378,1.222751,0.417012,12.102443,0.000000,97
3649,92070067501457,13.336617,1.194134,0.616563,12.134677,0.000000,97
3650,92070080838074,13.332633,1.395884,0.575584,11.927608,0.000000,97
3651,92070094170707,13.330710,1.412778,0.514599,11.910120,0.000000,97
3652,92070107501417,13.333464,3.427850,0.562558,9.900557,0.000000,97
3653,92070120834881,13.333685,0.968971,0.528219,12.359208,0.000000,97
3654,92070134168566,13.334295,0.982981,0.644565,12.345386,0.000000,97
3655,92070147502861,13.334872,0.865018,0.587098,12.463662,0.000000,97
3656,92070160837733,13.331050,1.007426,0.658078,12.315969,0.000000,97
3657,92070174168783,13.332468,0.989117,0.517356,12.336370,0.000000,97
3658,92070187501251,13.334081,0.822654,0.874589,12.504955,0.000000,97
3659,92070200835332,13.334393,1.483352,0.630745,11.844422,0.000000,97
3660,92070214169725,13.332224,3.736590,0.506958,9.587920,0.000000,97
3661,92070227501949,13.335926,0.936455,0.572526,12.391597,0.000000,97
3662,92070240837875,13.331381,1.385865,0.580651,11.939054,0.000000,97
3663,92070254169256,13.332733,1.013377,0.560198,12.313591,0.000000,97
3664,92070267501989,13.333525,0.822171,0.538871,12.506332,0.000000,97
3665,92070280835514,13.333012,1.615191,0.505193,11.712343,0.000000,97
3666,92070294168526,13.336441,0.864191,0.431327,12.463841,0.000000,97
3667,92070307504967,13.330588,1.100560,0.571556,12.222519,0.000000,97
3668,92070320835555,13.336094,3.560210,0.425481,9.767272,0.000000,97
3669,92070334171649,13.335848,1.252233,0.402834,12.076052,0.000000,97
3670,92070347507497,13.327637,1.455220,0.514815,11.865080,0.000000,97
3671,92070360835134,13.335113,0.942760,0.555346,12.386051,0.000000,97
3672,92070374170247,13.333123,0.958008,0.690541,12.369069,0.000000,97
3673,92070387503370,13.333694,0.867094,0.556974,12.460585,0.000000,97
3674,92070400837064,13.335761,1.022039,0.574786,12.306215,0.000000,97
3675,92070414172825,13.331368,1.230299,0.675650,12.094104,0.000000,97
3676,92070427504193,13.331909,3.576606,0.457349,9.749435,0.000000,97
3677,92070440836102,13.334976,1.396189,0.527603,11.932252,0.000000,97
3678,92070454171078,13.332935,1.070370,0.458706,12.256960,0.000000,97
3679,92070467504013,13.334476,0.840260,0.546368,12.487993,0.000000,97
3680,92070480838489,13.331987,1.081063,0.550487,12.244509,0.000000,97
3681,92070494170476,13.332580,1.074408,0.512298,12.251111,0.000000,98
3682,92070507503056,13.333527,1.081346,0.500844,12.246244,0.000000,98
3683,92070520836583,13.333775,1.521854,0.619480,11.805693,0.000000,98
3684,92070534170358,13.332446,3.483373,0.495501,9.843447,0.000000,98
3685,92070547502804,13.333572,1.186750,0.648784,12.141846,0.000000,98
3686,92070560836376,13.335067,0.993962,0.420969,12.335813,0.000000,98
3687,92070574171443,13.333281,0.956258,0.370177,12.371774,0.000000,98
3688,92070587504724,13.333136,0.937238,0.404121,12.388823,0.000000,98
3689,92070600837860,13.333830,1.212590,0.389103,12.114017,0.000000,98
3690,92070614171690,13.331484,1.047822,0.507562,12.276919,0.000000,98
3691,92070627503174,13.335893,1.005593,0.616785,12.324279,0.000000,98
3692,92070640839067,13.331594,3.851896,0.517502,9.473505,0.000000,98
3693,92070654170661,13.333801,0.903245,0.445261,12.424952,0.000000,98
3694,92070667504462,13.334799,0.926590,0.446492,12.402057,0.000000,98
3695,92070680839261,13.330148,1.259387,0.581249,12.064863,0.000000,98
3696,92070694169409,13.333492,1.063516,0.481518,12.264111,0.000000,98
3697,92070707502901,13.334985,0.991643,0.512981,12.337627,0.000000,98
3698,92070720837886,13.334403,0.984869,0.397722,12.343542,0.000000,98
3699,92070734172289,13.332627,3.051877,0.529972,10.275204,0.000000,98
3700,92070747504916,13.331823,3.821063,0.552005,9.504920,0.000000,98
3701,92070760836739,13.333073,2.019222,0.438135,11.309515,0.000000,98
3702,92070774169812,13.334289,0.930210,0.484164,12.398577,0.000000,98
3703,92070787504101,13.333931,0.825589,0.479456,12.503781,0.000000,98
3704,92070800838032,13.333960,0.991740,0.553641,12.336796,0.000000,98
3705,92070814171992,13.333201,0.927710,0.532944,12.400103,0.000000,98
3706,92070827505193,13.334152,1.332197,0.596522,11.995095,0.000000,98
3707,92070840839345,13.331049,1.314603,0.625661,12.010578,0.000000,98
3708,92070854170394,13.333122,3.507730,0.440482,9.819687,0.000000,98
3709,92070867503516,13.345677,0.780904,0.524698,12.555620,0.000000,98
3710,92070880849193,13.321735,1.115595,0.512080,12.200477,0.000000,98
3711,92070894170928,13.336869,0.908139,0.521856,12.423245,0.000000,98
3712,92070907507797,13.330847,0.971808,0.338965,12.353188,0.000000,98
3713,92070920838644,13.334189,0.953205,0.590374,12.375019,0.000000,98
3714,92070934172833,13.330650,0.930984,0.555892,12.394918,0.000000,98
3715,92070947503483,13.334800,1.012038,0.641603,12.318055,0.000000,98
3716,92070960838283,13.332247,3.425086,0.593580,9.902288,0.000000,98
3717,92070974170530,13.334318,1.308233,0.547602,12.021191,0.000000,98
3718,92070987504848,13.332965,0.901934,0.533394,12.426402,0.000000,98
3719,92071000837813,13.332235,0.948538,0.581842,12.378467,0.000000,98
3720,92071014170048,13.333851,0.917255,0.851600,12.410906,0.000000,98
3721,92071027503899,13.334241,0.846233,0.580852,12.483775,0.000000,98
3722,92071040838140,13.336266,0.984303,0.513434,12.345468,0.000000,98
3723,92071054174406,13.333321,1.228040,0.592514,12.098756,0.000000,98
3724,92071067507727,13.330662,3.576221,0.596705,9.748892,0.000000,98
3725,92071080838389,13.334575,1.024735,0.557836,12.303674,0.000000,98
3726,92071094172964,13.334946,0.907247,0.549158,12.420252,0.000000,98
3727,92071107507910,13.331168,0.901015,0.702636,12.424691,0.000000,98
3728,92071120839078,13.332730,1.291005,0.558565,12.036145,0.000000,98
3729,92071134171808,13.339813,1.124554,0.587286,12.206703,0.000000,98
3730,92071147511621,13.327735,1.383075,0.549929,11.937139,0.000000,98
3731,92071160839356,13.335719,1.312090,0.537539,12.016791,0.000000,98
3732,92071174175075,13.329233,4.144515,0.558474,9.178209,0.000000,98
3733,92071187504308,13.336884,1.008788,0.706270,12.322402,0.000000,98
3734,92071200841192,13.332755,1.427055,0.554273,11.899920,0.000000,98
3735,92071214173947,13.332306,1.017514,0.595679,12.308441,0.000000,98
3736,92071227506253,13.334866,1.102069,0.589585,12.226879,0.000000,98
3737,92071240841119,13.329793,1.200544,0.591427,12.123821,0.000000,98
3738,92071254170912,13.338849,0.880568,0.432813,12.448628,0.000000,98
3739,92071267509761,13.330336,1.072240,0.694915,12.252209,0.000000,98
3740,92071280840097,13.331265,3.784912,0.574034,9.537554,0.000000,98
3741,92071294171362,13.340105,0.977327,0.510438,12.355116,0.000000,98
3742,92071307511467,13.329064,1.240872,0.677845,12.080836,0.000000,98
3743,92071320840531,13.346059,1.196109,0.388160,12.138777,0.000000,98
3744,92071334186590,13.320494,1.486394,0.584782,11.824080,0.000000,98
3745,92071347507084,13.335307,1.139671,0.614987,12.188321,0.000000,98
3746,92071360842391,13.334172,1.427790,0.605154,11.897727,0.000000,98
3747,92071374176563,13.333975,1.394564,0.617530,11.930448,0.000000,98
3748,92071387510538,13.329272,3.800439,0.755111,9.521925,0.000000,98
3749,92071400839810,13.337917,1.114421,1.419587,12.215955,0.000000,98
3750,92071414177727,13.331408,1.084158,0.577205,12.239240,0.000000,98
3751,92071427509135,13.330014,0.930091,0.717240,12.393929,0.000000,98
3752,92071440839149,13.337349,0.889458,0.652213,12.442018,0.000000,98
3753,92071454176498,13.331405,1.067071,0.467845,12.258491,0.000000,98
3754,92071467507903,13.334623,0.967143,0.726409,12.362369,0.000000,98
3755,92071480842526,13.330803,1.441390,0.700914,11.883904,0.000000,98
3756,92071494173329,13.332936,3.372641,0.566426,9.955191,0.000000,99
3757,92071507506265,13.335128,0.804189,0.692919,12.525776,0.000000,99
3758,92071520841393,13.331766,0.962795,0.638859,12.363841,0.000000,99
3759,92071534173159,13.336589,2.022078,0.685185,11.308625,0.000000,99
3760,92071547509748,13.331135,1.074110,0.442618,12.251406,0.000000,99
3761,92071560840883,13.336831,1.182513,0.559935,12.147375,0.000000,99
3762,92071574177714,13.331319,1.166364,0.572339,12.157295,0.000000,99
3763,92071587509033,13.332167,1.143778,0.573902,12.182800,0.000000,99
3764,92071600841200,13.332416,3.371078,1.072716,9.956444,0.000000,99
3765,92071614173616,13.333768,1.002384,0.604924,12.326389,0.000000,99
3766,92071627507384,13.334817,1.118520,0.539092,12.210376,0.000000,99
3767,92071640842201,13.335075,0.897937,0.752994,12.431498,0.000000,99
3768,92071654177276,13.332357,1.380037,0.622277,11.945556,0.000000,99
3769,92071667509633,13.331394,1.827943,0.690887,11.497937,0.000000,99
3770,92071680841027,13.334976,1.450453,0.701173,11.878167,0.000000,99
3771,92071694176003,13.333922,1.529532,0.954898,11.797757,0.000000,99
3772,92071707509925,13.334729,3.373780,0.544178,9.953313,0.000000,99
3773,92071720844654,13.334918,1.324416,0.787164,12.004233,0.000000,99
3774,92071734179572,13.336319,1.040716,1.193808,12.285668,0.000000,99
3775,92071747515891,13.327863,1.182417,0.694826,12.138191,0.000000,99
3776,92071760843754,13.335496,1.441265,0.835957,11.886744,0.000000,99
3777,92071774179250,13.329214,1.407570,0.566315,11.914711,0.000000,99
3778,92071787508464,13.335843,1.090377,1.285024,12.239648,0.000000,99
3779,92071800844307,13.334719,1.594995,0.810230,11.733907,0.000000,99
3780,92071814179026,13.328753,3.458988,1.050449,9.864288,0.000000,99
3781,92071827507779,13.340742,1.351860,1.056503,11.981842,0.000000,99
3782,92071840848521,13.328778,1.223849,0.731648,12.098343,0.000000,99
3783,92071854177299,13.330613,1.500380,0.606450,11.824686,0.000000,99
3784,92071867507912,13.337186,1.143977,1.051437,12.187282,0.000000,99
3785,92071880845098,13.344823,1.318751,0.748778,12.019100,0.000000,99
3786,92071894189921,13.333581,1.065882,0.677113,12.261317,0.000000,99
3787,92071907523502,13.333428,1.344202,0.495077,11.982804,0.000000,99
3788,92071920856930,13.329863,3.568466,0.612801,9.756078,0.000000,99
3789,92071934186793,13.336072,1.270425,1.071390,12.059635,0.000000,99
3790,92071947522865,13.333241,1.136563,0.715945,12.189390,0.000000,99
3791,92071960856106,13.333468,1.146246,0.808489,12.180422,0.000000,99
3792,92071974189574,13.333938,1.290568,0.382240,12.037122,0.000000,99
3793,92071987523512,13.330346,1.305914,0.624401,12.018200,0.000000,99
3794,92072000853858,13.336361,1.291312,0.805963,12.038138,0.000000,99
3795,92072014190219,13.337651,1.403545,0.668587,11.926522,0.000000,99
3796,92072027527870,13.326117,3.747023,0.745178,9.572442,0.000000,99
3797,92072040853987,13.335699,1.247944,0.369215,12.081156,0.000000,99
3798,92072054189686,13.333977,1.369671,0.371659,11.957416,0.000000,99
3799,92072067523663,13.335444,1.846559,0.572640,11.480830,0.000000,99
3800,92072080859107,13.329901,1.629736,0.630144,11.693317,0.000000,99
3801,92072094189008,13.335446,1.653745,0.558332,11.675071,0.000000,99
3802,92072107524454,13.333399,1.980089,0.419526,11.346033,0.000000,99
3803,92072120857853,13.335456,1.923988,0.458221,11.403485,0.000000,99
3804,92072134193309,13.329209,4.087933,0.557422,9.235477,0.000000,99
3805,92072147522518,13.331776,1.330906,0.350358,11.995497,0.000000,99
3806,92072160854294,13.336624,1.836280,0.573585,11.494289,0.000000,99
3807,92072174190918,13.332978,1.411174,0.527656,11.915268,0.000000,99
3808,92072187523896,13.335435,1.104082,1.535172,12.225140,0.000000,99
3809,92072200859331,13.335117,1.618395,0.989558,11.708458,0.000000,99
3810,92072214194448,13.332267,1.281085,0.960652,12.042223,0.000000,99
3811,92072227526715,13.331674,1.396686,1.019251,11.926024,0.000000,99
3812,92072240858389,13.331473,4.052806,0.982785,9.271223,0.000000,99
3813,92072254189862,13.337580,1.177718,0.975882,12.150953,0.000000,99
3814,92072267527442,13.332663,1.047071,1.016673,12.276891,0.000000,99
3815,92072280860105,13.334754,1.274150,1.027462,12.052149,0.000000,99
3816,92072294194859,13.333441,1.257609,1.334377,12.066861,0.000000,99
3817,92072307528300,13.336724,1.106875,1.166012,12.218584,0.000000,99
3818,92072320865024,13.328783,1.328608,1.291197,11.990080,0.000000,99
3819,92072334193807,13.333532,1.299566,0.928686,12.023563,0.000000,99
3820,92072347527339,13.331677,3.742974,0.968145,9.579717,0.000000,99
3821,92072360859016,13.346297,1.389786,1.210762,11.942053,0.000000,99
3822,92072374205313,13.322347,1.316274,1.079591,11.995608,0.000000,99
3823,92072387527660,13.337361,1.268475,1.109229,12.059157,0.000000,99
3824,92072400865021,13.330274,1.404893,1.146762,11.914064,0.000000,99
3825,92072414195295,13.333607,1.241825,1.043053,12.082782,0.000000,99
3826,92072427528902,13.331634,1.106388,0.881432,12.215791,0.000000,99
3827,92072440860536,13.331164,1.418086,0.862092,11.906509,0.000000,99
3828,92072454191700,13.336322,3.649115,0.768084,9.680781,0.000000,99
3829,92072467528022,13.329585,1.078455,0.807444,12.245789,0.000000,99
3830,92072480857607,13.335467,1.000483,0.808009,12.328918,0.000000,99
3831,92072494193074,13.330689,1.074560,0.969862,12.250635,0.000000,99
3832,92072507523763,13.336138,0.948385,0.745954,12.381833,0.000000,99
3833,92072520859901,13.330689,1.388545,0.879246,11.936687,0.000000,99
3834,92072534190590,13.336047,0.922552,0.651591,12.408235,0.000000,99
3835,92072547526637,13.331986,1.769494,0.585803,11.555543,0.000000,99
3836,92072560858623,13.332019,3.782958,1.265568,9.544794,0.000000,100
3837,92072574190642,13.336607,1.113026,1.257424,12.218410,0.000000,100
3838,92072587527249,13.333815,0.990175,1.025474,12.335645,0.000000,100
3839,92072600861064,13.333332,2.206049,0.600724,11.119599,0.000000,100
3840,92072614194396,13.334552,1.245978,0.645519,12.081016,0.000000,100
3841,92072627528948,13.331011,1.360316,0.704677,11.963910,0.000000,100
3842,92072640859959,13.334527,1.269412,0.547188,12.058661,0.000000,100
3843,92072654194486,13.331051,1.296228,0.598307,12.028478,0.000000,100
3844,92072667525537,13.331794,3.327682,0.572817,9.999439,0.000000,100
3845,92072680857331,13.336007,0.946676,0.594938,12.381268,0.000000,100
3846,92072694193338,13.333165,1.195243,0.353050,12.130732,0.000000,100
3847,92072707526503,13.332156,1.018832,0.651375,12.307644,0.000000,100
3848,92072720858659,13.332836,0.901277,0.676547,12.427187,0.000000,100
3849,92072734191495,13.333982,0.972806,0.643741,12.356088,0.000000,100
3850,92072747525477,13.332602,0.961801,0.581343,12.366220,0.000000,100
3851,92072760858079,13.335042,1.163481,0.644939,12.167284,0.000000,100
3852,92072774193121,13.331505,3.344072,0.535912,9.982226,0.000000,100
3853,92072787524626,13.335504,0.691761,0.604763,12.639515,0.000000,100
3854,92072800860130,13.331980,0.976995,0.662085,12.349475,0.000000,100
3855,92072814192110,13.332781,0.985102,0.609004,12.343064,0.000000,100
3856,92072827524891,13.333726,0.781073,0.595207,12.547859,0.000000,100
3857,92072840858617,13.333653,0.870553,0.536342,12.458641,0.000000,100
3858,92072854192270,13.333126,0.864167,0.553002,12.464317,0.000000,100
3859,92072867525396,13.333045,0.956026,0.593048,12.372417,0.000000,100
3860,92072880858441,13.332465,3.327451,0.566181,10.000964,0.000000,100
3861,92072894190906,13.336392,0.696039,0.594055,12.634484,0.000000,100
3862,92072907527298,13.332729,0.767815,0.643688,12.559889,0.000000,100
3863,92072920860027,13.332408,0.954748,0.570410,12.372997,0.000000,100
3864,92072934192435,13.334430,0.849724,0.515366,12.480152,0.000000,100
3865,92072947526865,13.334051,0.776041,0.558964,12.552830,0.000000,100
3866,92072960860916,13.331887,0.873365,0.626391,12.453365,0.000000,100
3867,92072974192803,13.336173,1.301120,0.662743,12.030099,0.000000,100
3868,92072987528976,13.331073,3.586150,0.526998,9.738673,0.000000,100
3869,92073000860049,13.335766,0.938065,0.645249,12.392177,0.000000,100
3870,92073014195815,13.334347,1.298241,0.407948,12.029194,0.000000,100
3871,92073027530162,13.334388,0.993497,0.574536,12.334545,0.000000,100
3872,92073040864550,13.329893,1.230115,0.697159,12.093148,0.000000,100
3873,92073054194443,13.335622,1.337173,0.486665,11.992271,0.000000,100
3874,92073067530065,13.332956,0.896159,0.443870,12.418777,0.000000,100
3875,92073080863021,13.333179,1.274186,0.602302,12.052301,0.000000,100
3876,92073094196200,13.330463,3.507686,0.388425,9.817539,0.000000,100
3877,92073107526663,13.335489,0.879062,0.569069,12.451599,0.000000,100
3878,92073120862152,13.332730,1.052139,0.644942,12.275686,0.000000,100
3879,92073134194882,13.335835,1.018336,0.691552,12.312002,0.000000,100
3880,92073147530717,13.331348,0.820510,0.653873,12.505716,0.000000,100
3881,92073160862065,13.334053,0.886379,0.581834,12.441908,0.000000,100
3882,92073174196118,13.333928,0.870561,0.700619,12.458305,0.000000,100
3883,92073187530046,13.332513,1.102040,0.516470,12.224091,0.000000,100
3884,92073200862559,13.332514,3.455562,0.502556,9.872113,0.000000,100
3885,92073214195073,13.334592,0.885485,0.575988,12.443921,0.000000,100
3886,92073227529665,13.331520,0.819200,0.477698,12.507144,0.000000,100
3887,92073240861185,13.335194,0.821757,0.565844,12.509108,0.000000,100
3888,92073254196379,13.332165,0.878725,0.479998,12.447879,0.000000,100
3889,92073267528544,13.335428,0.741238,0.554352,12.589063,0.000000,100
3890,92073280863972,13.331026,0.978264,0.577493,12.346711,0.000000,100
3891,92073294194998,13.335145,1.243566,0.653787,12.085712,0.000000,100
3892,92073307530143,13.330868,3.530243,0.535034,9.794459,0.000000,100
3893,92073320861011,13.337247,0.881171,0.661383,12.450431,0.000000,100
3894,92073334198258,13.331658,1.066025,0.551781,12.259797,0.000000,100
3895,92073347529916,13.335273,1.065138,0.572544,12.264386,0.000000,100
3896,92073360865189,13.330539,1.094947,0.578281,12.229274,0.000000,100
3897,92073374195728,13.334060,1.769431,0.846552,11.558946,0.000000,100
3898,92073387529788,13.334542,0.997400,0.575453,12.331104,0.000000,100
3899,92073400864330,13.332153,1.341725,0.598099,11.984626,0.000000,100
3900,92073414196483,13.333022,3.682950,0.520569,9.644987,0.000000,100
3901,92073427529505,13.334907,0.742766,0.570863,12.586828,0.000000,100
3902,92073440864412,13.333103,0.886893,0.507306,12.440792,0.000000,100
3903,92073454197515,13.332192,0.900445,0.549919,12.427249,0.000000,100
3904,92073467529707,13.333995,0.860046,0.565070,12.468448,0.000000,100
3905,92073480863702,13.331715,0.879497,0.526943,12.447587,0.000000,100
3906,92073494195417,13.334788,0.806824,0.642505,12.523165,0.000000,100
3907,92073507530205,13.331588,1.017059,0.541031,12.309965,0.000000,100
3908,92073520861793,13.334314,3.533395,0.453853,9.795406,0.000000,100
3909,92073534196107,13.335265,0.783970,0.519306,12.547308,0.000000,100
3910,92073547531372,13.330831,0.777410,0.557887,12.548610,0.000000,100
3911,92073560862203,13.333972,0.848812,0.559891,12.479653,0.000000,100
3912,92073574196175,13.332415,0.929434,0.479600,12.398530,0.000000,100
3913,92073587528590,13.337527,0.746240,0.528076,12.585748,0.000000,100
3914,92073600866117,13.330335,1.913501,0.578623,11.411744,0.000000,100
3915,92073614196452,13.333902,1.060917,0.692070,12.268423,0.000000,100
3916,92073627530354,13.331914,3.388003,0.558758,9.939317,0.000000,100
3917,92073640862268,13.334420,0.810506,0.561253,12.518981,0.000000,100
3918,92073654196688,13.333310,0.839500,0.555069,12.488857,0.000000,100
3919,92073667529998,13.332780,0.757827,0.546573,12.570139,0.000000,101
3920,92073680862778,13.333714,0.786789,0.741773,12.541454,0.000000,101
3921,92073694196492,13.332932,2.006401,0.559053,11.322159,0.000000,101
3922,92073707529424,13.334324,0.695228,1.811740,12.635014,0.000000,101
3923,92073720863748,13.335943,1.072314,0.618771,12.258212,0.000000,101
3924,92073734199691,13.330519,3.863342,1.429077,9.461868,0.000000,101
3925,92073747530210,13.335208,0.749056,0.569502,12.581054,0.000000,101
3926,92073760865418,13.333105,0.928143,0.607608,12.399433,0.000000,101
3927,92073774198523,13.334074,2.008512,0.382974,11.319904,0.000000,101
3928,92073787532597,13.332488,0.771892,0.372477,12.555756,0.000000,101
3929,92073800865085,13.334489,0.852001,0.572253,12.476816,0.000000,101
3930,92073814199574,13.331598,1.540906,0.585633,11.784765,0.000000,101
3931,92073827531172,13.333819,1.015037,0.647085,12.313778,0.000000,101
3932,92073840864991,13.333583,3.505480,0.531971,9.822564,0.000000,101
3933,92073854198574,13.334301,0.939881,0.393779,12.389323,0.000000,101
3934,92073867532875,13.332967,0.789938,0.624390,12.537775,0.000000,101
3935,92073880865842,13.335911,0.933807,0.563603,12.395626,0.000000,101
3936,92073894201753,13.330732,1.043649,0.492961,12.281097,0.000000,101
3937,92073907532485,13.334096,0.786334,0.582833,12.542314,0.000000,101
3938,92073920866581,13.332106,0.926666,0.570915,12.399583,0.000000,101
3939,92073934198687,13.334839,1.060319,0.676835,12.269144,0.000000,101
3940,92073947533526,13.330553,3.499136,0.534226,9.825867,0.000000,101
3941,92073960864079,13.334383,0.779954,0.549885,12.549875,0.000000,101
3942,92073974198462,13.334809,0.911343,0.492165,12.417785,0.000000,101
3943,92073987533271,13.334206,0.791944,0.979023,12.534986,0.000000,101
3944,92074000867477,13.331719,0.831716,0.390876,12.494544,0.000000,101
3945,92074014199196,13.335105,0.841611,0.485055,12.487576,0.000000,101
3946,92074027534301,13.332005,0.805661,0.573010,12.520542,0.000000,101
3947,92074040866306,13.332974,1.045273,0.627078,12.282392,0.000000,101
3948,92074054199280,13.332833,3.476621,1.183208,9.851101,0.000000,101
3949,92074067532113,13.333252,0.735418,0.530389,12.592945,0.000000,101
3950,92074080865365,13.333721,0.828012,0.519695,12.500710,0.000000,101
3951,92074094199086,13.335939,0.939432,0.570570,12.390845,0.000000,101
3952,92074107535025,13.331688,1.007128,0.559369,12.317812,0.000000,101
3953,92074120866713,13.332229,1.009944,0.446690,12.316438,0.000000,101
3954,92074134198942,13.334859,0.957633,0.511353,12.371839,0.000000,101
3955,92074147533801,13.332204,1.132228,0.612313,12.194317,0.000000,101
3956,92074160866005,13.334726,3.420977,0.515201,9.908477,0.000000,101
3957,92074174200731,13.333620,0.900524,0.547614,12.426979,0.000000,101
3958,92074187534351,13.331730,0.827321,0.722029,12.498985,0.000000,101
3959,92074200866081,13.336697,0.984096,0.571090,12.345848,0.000000,101
3960,92074214202778,13.333264,1.074157,1.915031,12.252028,0.000000,101
3961,92074227536042,13.330199,1.011304,0.540798,12.312368,0.000000,101
3962,92074240866241,13.334637,1.008482,0.529770,12.319990,0.000000,101
3963,92074254200878,13.333839,1.244040,0.694638,12.083388,0.000000,101
3964,92074267534717,13.332912,3.561831,1.969896,9.764724,0.000000,101
3965,92074280867629,13.333490,0.873819,0.392819,12.453858,0.000000,101
3966,92074294201119,13.334326,0.946539,0.360438,12.382771,0.000000,101
3967,92074307535445,13.332380,0.932144,0.363403,12.393579,0.000000,101
3968,92074320867825,13.331754,0.927840,0.363842,12.399176,0.000000,101
3969,92074334199579,13.333472,0.808867,0.532539,12.519321,0.000000,101
3970,92074347533051,13.333450,0.702899,0.553538,12.625423,0.000000,101
3971,92074360866501,13.332314,0.977054,0.656516,12.350890,0.000000,101
3972,92074374198815,13.333929,3.421854,0.516554,9.907292,0.000000,101
3973,92074387532744,13.334484,0.684570,0.546920,12.644992,0.000000,101
3974,92074400867228,13.331885,0.788309,0.500863,12.539102,0.000000,101
3975,92074414199113,13.333784,0.740647,0.542187,12.588871,0.000000,101
3976,92074427532897,13.334171,0.701872,0.535912,12.627415,0.000000,101
3977,92074440867068,13.332444,0.800766,1.925279,12.526711,0.000000,101
3978,92074454199512,13.333795,0.741441,0.535783,12.587841,0.000000,101
3979,92074467533307,13.333901,0.913125,0.683584,12.415449,0.000000,101
3980,92074480867208,13.333631,3.534789,0.449367,9.794658,0.000000,101
3981,92074494200839,13.334972,0.971473,0.350041,12.357510,0.000000,101
3982,92074507535811,13.335071,0.970984,0.613078,12.357401,0.000000,101
3983,92074520870882,13.331671,1.059214,0.544906,12.265877,0.000000,101
3984,92074534202553,13.333299,1.042064,0.540802,12.283660,0.000000,101
3985,92074547535852,13.334765,0.951488,0.569120,12.377606,0.000000,101
3986,92074560870617,13.331851,1.057415,0.578026,12.267444,0.000000,101
3987,92074574202468,13.333613,1.288349,0.586561,12.039731,0.000000,101
3988,92074587536081,13.334873,3.333278,0.556010,9.995736,0.000000,101
3989,92074600870954,13.330766,0.961146,0.575798,12.363708,0.000000,101
3990,92074614201720,13.333300,1.007157,0.513447,12.321078,0.000000,101
3991,92074627535020,13.335875,1.034922,0.513595,12.295390,0.000000,101
3992,92074640870895,13.330976,0.865294,0.559969,12.460010,0.000000,101
3993,92074654201871,13.332888,1.062252,0.527409,12.265332,0.000000,101
3994,92074667534759,13.334953,0.951078,0.561895,12.377596,0.000000,101
3995,92074680869712,13.333366,1.528268,0.683885,11.799158,0.000000,101
3996,92074694203078,13.331820,4.038152,0.515698,9.288204,0.000000,102
3997,92074707534898,13.334197,0.930299,0.587497,12.398406,0.000000,102
3998,92074720869095,13.333090,0.999899,0.630211,12.327580,0.000000,102
3999,92074734202185,13.332818,2.373213,0.559552,10.955142,0.000000,102
4000,92074747535003,13.333841,0.815880,0.555182,12.513628,0.000000,102
4001,92074760868844,13.333916,0.859086,0.490714,12.469509,0.000000,102
4002,92074774202760,13.331891,0.837435,0.409737,12.489742,0.000000,102
4003,92074787534651,13.335805,1.114942,0.564057,12.215647,0.000000,102
4004,92074800870456,13.333377,3.818181,0.517338,9.509810,0.000000,102
4005,92074814203833,13.333240,1.056965,0.520031,12.269910,0.000000,102
4006,92074827537073,13.333801,0.982126,0.527882,12.345466,0.000000,102
4007,92074840870874,13.334168,1.033794,0.552100,12.294296,0.000000,102
4008,92074854205042,13.332609,1.055477,0.600856,12.270185,0.000000,102
4009,92074867537651,13.333742,0.861657,0.566140,12.466303,0.000000,102
4010,92074880871393,13.335076,0.826713,0.528861,12.502449,0.000000,102
4011,92074894206469,13.330976,1.062702,0.637394,12.262922,0.000000,102
4012,92074907537445,13.335132,3.206603,0.604553,10.123328,0.000000,102
4013,92074920872577,13.332926,0.841116,0.462737,12.485602,0.000000,102
4014,92074934205503,13.332876,0.906391,0.543813,12.420904,0.000000,102
4015,92074947538379,13.332755,0.780753,0.494256,12.546543,0.000000,102
4016,92074960871134,13.334089,0.852416,0.612570,12.476532,0.000000,102
4017,92074974205223,13.333932,0.879181,0.536552,12.448450,0.000000,102
4018,92074987539155,13.332361,0.825408,0.572737,12.501097,0.000000,102
4019,92075000871516,13.335833,1.295982,0.625705,12.033794,0.000000,102
4020,92075014207349,13.331703,3.692801,0.589964,9.630538,0.000000,102
4021,92075027539052,13.331870,1.055839,0.399812,12.269386,0.000000,102
4022,92075040870922,13.333243,1.020522,0.416410,12.307379,0.000000,102
4023,92075054204165,13.335770,0.986157,0.523567,12.343330,0.000000,102
4024,92075067539935,13.332962,1.119423,0.517603,12.206051,0.000000,102
4025,92075080872897,13.332616,0.864454,0.481813,12.462447,0.000000,102
4026,92075094205513,13.334093,0.842243,0.515317,12.486310,0.000000,102
4027,92075107539606,13.333251,1.018626,0.559967,12.308683,0.000000,102
4028,92075120872857,13.333159,3.271470,0.538676,10.056257,0.000000,102
4029,92075134206016,13.334876,0.999482,0.529932,12.329621,0.000000,102
4030,92075147540892,13.330307,0.953771,0.546298,12.370898,0.000000,102
4031,92075160871199,13.333361,0.818301,0.509267,12.509895,0.000000,102
4032,92075174204560,13.334000,0.776091,0.545731,12.552851,0.000000,102
4033,92075187538560,13.332353,0.764497,0.775833,12.562576,0.000000,102
4034,92075200870913,13.335511,0.935946,0.554222,12.394269,0.000000,102
4035,92075214206424,13.332703,1.062209,1.837401,12.264843,0.000000,102
4036,92075227539127,13.331955,3.191117,0.517569,10.135070,0.000000,102
4037,92075240871082,13.332966,0.971709,0.476559,12.356672,0.000000,102
4038,92075254204048,13.336389,1.216684,0.622072,12.114223,0.000000,102
4039,92075267540437,13.332293,0.867561,0.525257,12.459115,0.000000,102
4040,92075280872730,13.333147,0.858018,0.464517,12.469666,0.000000,102
4041,92075294205877,13.335399,0.860147,0.526288,12.469781,0.000000,102
4042,92075307541276,13.331736,0.828793,0.551864,12.496998,0.000000,102
4043,92075320873012,13.333684,1.045216,2.084988,12.282641,0.000000,102
4044,92075334206696,13.333132,3.240574,0.599166,10.087764,0.000000,102
4045,92075347539828,13.334839,0.761934,0.578138,12.567258,0.000000,102
4046,92075360874667,13.332331,0.897666,0.535185,12.428622,0.000000,102
4047,92075374206998,13.333227,0.876136,0.532520,12.451385,0.000000,102
4048,92075387540225,13.334625,0.787677,0.561988,12.541500,0.000000,102
4049,92075400874850,13.332029,0.878602,0.533491,12.447548,0.000000,102
4050,92075414206879,13.333125,0.855322,0.508680,12.472756,0.000000,102
4051,92075427540004,13.335907,0.985324,0.593815,12.344524,0.000000,102
4052,92075440875911,13.330993,3.442889,0.449984,9.882057,0.000000,102
4053,92075454206904,13.334392,0.910183,0.521532,12.418824,0.000000,102
4054,92075467541296,13.331526,0.799940,0.375135,12.525936,0.000000,103
4055,92075480872822,13.333268,0.849435,0.353255,12.478418,0.000000,103
4056,92075494206090,13.334925,1.060546,0.535861,12.269292,0.000000,103
4057,92075507541015,13.334009,0.877519,0.358229,12.450039,0.000000,103
4058,92075520875024,13.330650,0.898237,0.542403,12.426997,0.000000,103
4059,92075534205674,13.333741,1.112055,2.031694,12.216893,0.000000,103
4060,92075547539415,13.340229,3.407881,0.586223,9.924629,0.000000,103
4061,92075560879644,13.328592,1.211500,0.657359,12.109611,0.000000,103
4062,92075574208236,13.331784,1.153815,0.536885,12.171513,0.000000,103
4063,92075587540020,13.334163,0.760890,0.540421,12.567296,0.000000,103
4064,92075600874183,13.332196,0.813146,0.485635,12.514382,0.000000,103
4065,92075614206379,13.336183,0.781827,0.518368,12.549337,0.000000,103
4066,92075627542562,13.333207,0.827859,0.436944,12.500089,0.000000,103
4067,92075640875769,13.333826,1.093909,0.567231,12.233520,0.000000,103
4068,92075654209595,13.332356,3.329765,0.520682,9.996259,0.000000,103
4069,92075667541951,13.334393,0.797852,0.568251,12.530832,0.000000,103
4070,92075680876344,13.333942,0.914653,0.445431,12.412796,0.000000,103
4071,92075694210286,13.332570,0.916817,0.380785,12.409346,0.000000,103
4072,92075707542856,13.334351,0.812815,0.518611,12.515158,0.000000,103
4073,92075720877207,13.333441,0.924373,0.432196,12.403038,0.000000,103
4074,92075734210648,13.331948,1.128609,0.376799,12.196635,0.000000,103
4075,92075747542596,13.333192,3.053773,0.465509,10.274056,0.000000,103
4076,92075760875788,13.334416,3.647965,0.376266,9.680326,0.000000,103
4077,92075774210204,13.332065,0.941226,0.420918,12.385066,0.000000,103
4078,92075787542269,13.333703,0.857575,0.370331,12.470617,0.000000,103
4079,92075800875972,13.333825,1.053542,0.341020,12.274036,0.000000,103
4080,92075814209797,13.332444,1.041501,0.393972,12.284321,0.000000,103
4081,92075827542241,13.333350,1.004288,0.380892,12.322873,0.000000,103
4082,92075840875591,13.334954,1.027517,0.550519,12.299918,0.000000,103
4083,92075854210545,13.332336,1.402124,1.960306,11.923058,0.000000,103
4084,92075867542881,13.332707,3.697150,0.553066,9.629029,0.000000,103
4085,92075880875588,13.333780,1.002533,0.397950,12.324169,0.000000,103
4086,92075894209368,13.335422,1.011271,0.536392,12.316619,0.000000,103
4087,92075907544790,13.330946,1.046941,0.559792,12.277198,0.000000,103
4088,92075920875736,13.334214,0.980641,0.554729,12.346437,0.000000,103
4089,92075934209950,13.334737,0.962510,0.540131,12.365833,0.000000,103
4090,92075947544687,13.334801,0.937555,0.417647,12.389706,0.000000,103
4091,92075960879488,13.332273,1.322929,0.414747,12.001575,0.000000,103
4092,92075974211761,13.340527,3.974203,0.557200,9.355017,0.000000,103
4093,92075987552288,13.324993,1.263777,0.558720,12.053031,0.000000,103
4094,92076000877281,13.332732,1.036295,0.560797,12.290088,0.000000,103
4095,92076014210013,13.334602,0.999904,0.552683,12.327715,0.000000,103
4096,92076027544615,13.330847,0.901786,0.558068,12.422738,0.000000,104
4097,92076040875462,13.334906,0.855964,0.563001,12.473286,0.000000,104
4098,92076054210368,13.332524,0.847849,0.556087,12.479881,0.000000,104
4099,92076067542892,13.334032,0.982931,0.614577,12.345770,0.000000,104
4100,92076080876924,13.333608,3.977997,0.567899,9.349742,0.000000,104
4101,92076094210532,13.334934,1.021548,0.403456,12.307409,0.000000,104
4102,92076107545466,13.330890,0.994263,0.359814,12.330615,0.000000,104
4103,92076120876356,13.336585,1.012369,0.513598,12.318537,0.000000,104
4104,92076134212941,13.332793,1.031641,0.622547,12.293687,0.000000,104
4105,92076147545734,13.334730,1.046042,0.551111,12.281930,0.000000,104
4106,92076160880464,13.333364,1.071051,0.542969,12.254281,0.000000,104
4107,92076174213828,13.332546,1.182180,0.601173,12.143727,0.000000,104
4108,92076187546374,13.333325,3.241205,0.812631,10.086214,0.000000,104
4109,92076200879699,13.335206,1.053769,0.603743,12.274080,0.000000,104
4110,92076214214905,13.329875,1.126789,0.390028,12.196456,0.000000,104
4111,92076227544780,13.335458,1.004347,0.381273,12.325453,0.000000,104
4112,92076240880238,13.331772,1.075710,0.371611,12.249673,0.000000,104
4113,92076254212010,13.333787,1.034434,0.377380,12.293056,0.000000,104
4114,92076267545797,13.335376,0.932168,0.376614,12.396086,0.000000,104
4115,92076280881173,13.332438,1.367097,0.389499,11.958240,0.000000,104
4116,92076294213611,13.334064,3.541287,0.396353,9.785914,0.000000,104
4117,92076307547675,13.343298,0.946395,0.386701,12.386021,0.000000,104
4118,92076320890973,13.322382,1.083445,0.375120,12.230064,0.000000,104
4119,92076334213355,13.333861,1.047812,0.536833,12.280075,0.000000,104
4120,92076347547216,13.334084,0.931677,0.424177,12.396012,0.000000,104
4121,92076360881300,13.330761,1.210866,0.369056,12.114081,0.000000,104
4122,92076374212061,13.336326,1.019712,0.561429,12.310057,0.000000,104
4123,92076387548387,13.331313,1.278288,0.576668,12.045846,0.000000,104
4124,92076400879700,13.335566,3.774988,0.541079,9.553920,0.000000,104
4125,92076414215266,13.331681,1.035441,0.536345,12.290798,0.000000,104
4126,92076427546947,13.333834,0.962279,0.577796,12.364103,0.000000,104
4127,92076440880781,13.330839,1.120317,0.536581,12.204630,0.000000,104
4128,92076454211620,13.336245,0.986585,0.547478,12.342826,0.000000,104
4129,92076467547865,13.331529,0.950480,0.573654,12.373824,0.000000,104
4130,92076480879394,13.336423,0.871720,0.559427,12.459574,0.000000,104
4131,92076494215817,13.330189,1.133393,0.588701,12.190908,0.000000,104
4132,92076507546006,13.332601,3.196129,0.413761,10.131287,0.000000,104
4133,92076520878607,13.335139,1.067111,0.394140,12.262796,0.000000,104
4134,92076534213746,13.333186,1.075992,0.385005,12.251476,0.000000,104
4135,92076547546932,13.331824,0.946171,0.379221,12.380142,0.000000,104
4136,92076560878756,13.335266,0.943568,0.416771,12.385577,0.000000,104
4137,92076574214022,13.332337,0.919764,0.566253,12.405896,0.000000,104
4138,92076587546359,13.333292,0.809739,0.565131,12.517849,0.000000,104
4139,92076600879651,13.332180,1.132856,0.598705,12.194049,0.000000,104
4140,92076614211831,13.344125,3.306395,0.545861,10.026504,0.000000,104
4141,92076627555956,13.323494,0.824131,0.644838,12.492522,0.000000,104
4142,92076640879450,13.334300,0.846592,0.566157,12.482496,0.000000,104
4143,92076654213750,13.332957,0.971512,0.547325,12.356501,0.000000,104
4144,92076667546707,13.336956,0.845226,0.585427,12.485135,0.000000,105
4145,92076680883663,13.331250,1.017798,0.572029,12.306154,0.000000,105
4146,92076694214913,13.331782,1.019019,0.579137,12.306826,0.000000,105
4147,92076707546695,13.333759,2.021926,0.574861,11.305869,0.000000,105
4148,92076720880454,13.335779,3.419713,0.583011,9.910554,0.000000,105
4149,92076734216233,13.331388,1.226887,0.552786,12.098933,0.000000,105
4150,92076747547621,13.334232,0.963731,0.402810,12.364535,0.000000,105
4151,92076760881853,13.333452,1.189899,0.569435,12.137136,0.000000,105
4152,92076774215305,13.332800,1.057673,0.552569,12.267788,0.000000,105
4153,92076787548105,13.332683,0.962310,0.572477,12.363835,0.000000,105
4154,92076800880788,13.334746,1.064392,0.556519,12.263473,0.000000,105
4155,92076814215534,13.330136,1.280914,0.601099,12.043653,0.000000,105
4156,92076827545670,13.337510,3.476580,0.555863,9.854947,0.000000,105
4157,92076840883180,13.333596,0.934468,0.561010,12.393046,0.000000,105
4158,92076854216776,13.330474,0.912486,0.537905,12.412653,0.000000,105
4159,92076867547250,13.335304,0.790577,0.567098,12.539748,0.000000,105
4160,92076880882554,13.334218,1.001884,0.565385,12.325628,0.000000,105
4161,92076894216772,13.330515,1.077438,0.416095,12.246332,0.000000,105
4162,92076907547287,13.337303,0.921157,0.558458,12.409623,0.000000,105
4163,92076920884590,13.333221,1.408366,0.541829,11.917564,0.000000,105
4164,92076934217811,13.334350,3.804551,0.575155,9.520743,0.000000,105
4165,92076947552161,13.330602,1.036940,0.389222,12.286153,0.000000,105
4166,92076960882763,13.333897,0.937012,0.532106,12.390393,0.000000,105
4167,92076974216660,13.332829,0.908539,0.560466,12.418568,0.000000,105
4168,92076987549489,13.332267,0.932018,0.531213,12.395106,0.000000,105
4169,92077000881756,13.335797,1.057697,0.566058,12.271593,0.000000,105
4170,92077014217553,13.331535,1.070283,0.562931,12.254716,0.000000,105
4171,92077027549088,13.333257,1.203852,0.593475,12.123771,0.000000,105
4172,92077040882345,13.333398,3.367790,0.554096,9.960285,0.000000,105
4173,92077054215743,13.332635,0.880827,0.558056,12.446659,0.000000,105
4174,92077067548378,13.333165,0.834609,0.554207,12.493759,0.000000,105
4175,92077080881543,13.333321,1.056035,0.603847,12.272031,0.000000,105
4176,92077094214864,13.335088,0.980085,0.552338,12.349516,0.000000,105
4177,92077107549952,13.331333,0.935018,0.545557,12.390731,0.000000,105
4178,92077120881285,13.333979,0.987700,0.540811,12.341009,0.000000,105
4179,92077134215264,13.333605,1.234050,0.575951,12.093934,0.000000,105
4180,92077147548869,13.334473,3.616917,0.591068,9.711433,0.000000,105
4181,92077160883342,13.332841,1.064581,0.484438,12.262477,0.000000,105
4182,92077174216183,13.335316,1.030660,0.372538,12.298859,0.000000,105
4183,92077187551499,13.330575,0.934737,0.568658,12.390476,0.000000,105
4184,92077200882074,13.335304,0.985716,0.565455,12.344192,0.000000,105
4185,92077214217378,13.331146,0.951896,0.533659,12.373677,0.000000,105
4186,92077227548524,13.335862,0.891791,0.400627,12.439124,0.000000,105
4187,92077240884386,13.332322,1.225632,0.558673,12.101417,0.000000,105
4188,92077254216708,13.333464,3.682955,0.554184,9.645143,0.000000,105
4189,92077267550172,13.332606,0.973831,0.577243,12.353400,0.000000,105
4190,92077280882778,13.333830,1.036624,0.487783,12.291864,0.000000,105
4191,92077294216608,13.335373,1.122558,0.530116,12.206860,0.000000,105
4192,92077307551981,13.333252,0.924922,0.553767,12.402181,0.000000,105
4193,92077320885233,13.333173,0.951534,0.548109,12.376270,0.000000,105
4194,92077334218406,13.334879,0.878174,0.594146,12.451277,0.000000,105
4195,92077347553285,13.331702,1.071282,0.590183,12.254387,0.000000,105
4196,92077360884987,13.333918,3.370597,0.465925,9.957922,0.000000,105
4197,92077374218905,13.333709,1.019850,0.394786,12.308759,0.000000,105
4198,92077387552614,13.333048,0.833494,0.394477,12.493706,0.000000,105
4199,92077400885662,13.331661,0.996658,0.549990,12.329327,0.000000,105
4200,92077414217323,13.334698,0.979217,0.567315,12.349464,0.000000,105
4201,92077427552021,13.334247,0.885052,0.585877,12.442474,0.000000,105
4202,92077440886268,13.331780,1.125003,0.587472,12.201470,0.000000,105
4203,92077454218048,13.335218,1.500620,0.594264,11.828647,0.000000,106
4204,92077467553266,13.333407,3.270620,0.554302,10.056131,0.000000,106
4205,92077480886673,13.333038,0.896673,0.563183,12.430029,0.000000,106
4206,92077494219711,13.333592,0.848594,0.552127,12.479051,0.000000,106
4207,92077507553303,13.334387,0.823422,0.573257,12.505670,0.000000,106
4208,92077520887690,13.331153,1.088612,0.562463,12.236235,0.000000,106
4209,92077534218843,13.331772,1.141277,0.543398,12.185082,0.000000,106
4210,92077547550615,13.336611,0.865145,0.578564,12.464970,0.000000,106
4211,92077560887226,13.331212,1.290543,0.589846,12.034179,0.000000,106
4212,92077574218438,13.334203,3.677964,0.377666,9.650889,0.000000,106
4213,92077587552641,13.336279,0.917261,0.407698,12.412220,0.000000,106
4214,92077600888920,13.330336,1.481975,0.379411,11.841833,0.000000,106
4215,92077614219256,13.334312,1.296275,0.516436,12.032584,0.000000,106
4216,92077627553568,13.334739,0.874885,0.549673,12.453453,0.000000,106
4217,92077640888307,13.331812,0.975037,0.557901,12.351276,0.000000,106
4218,92077654220119,13.332780,0.989268,0.543182,12.337506,0.000000,106
4219,92077667552899,13.334602,1.136486,0.581499,12.192245,0.000000,106
4220,92077680887501,13.332338,3.904015,0.551570,9.421943,0.000000,106
4221,92077694219839,13.333985,1.044281,0.550858,12.283352,0.000000,106
4222,92077707553824,13.332427,0.911898,0.552322,12.415197,0.000000,106
4223,92077720886251,13.336763,0.870469,0.589736,12.459563,0.000000,106
4224,92077734223014,13.331656,0.884083,0.542767,12.441643,0.000000,106
4225,92077747554670,13.333719,0.816167,0.558659,12.512040,0.000000,106
4226,92077760888389,13.342436,0.908040,0.566375,12.424880,0.000000,106
4227,92077774230825,13.323996,1.425614,0.594902,11.890473,0.000000,106
4228,92077787554821,13.333160,3.611731,0.579069,9.715537,0.000000,106
4229,92077800887981,13.352572,0.994873,0.579087,12.350647,0.000000,106
4230,92077814240553,13.331606,1.051708,0.550821,12.273199,0.000000,106
4231,92077827572159,13.332669,0.919497,0.566789,12.407310,0.000000,106
4232,92077840904828,13.374426,1.330081,0.581260,12.036851,0.000000,106
4233,92077854279254,13.331127,1.264698,0.550403,12.059532,0.000000,106
4234,92077867610381,13.334173,0.907996,0.554679,12.420392,0.000000,106
4235,92077880944554,13.333980,1.228095,0.646611,12.099452,0.000000,106
4236,92077894278534,13.332012,3.724206,0.559827,9.602094,0.000000,106
4237,92077907610546,13.334482,0.886842,0.571843,12.441089,0.000000,106
4238,92077920945028,13.337402,1.168518,0.544506,12.160263,0.000000,106
4239,92077934282430,13.329476,1.081463,0.557853,12.239833,0.000000,106
4240,92077947611906,13.332618,0.924827,0.558747,12.401153,0.000000,106
4241,92077960944524,13.337467,0.980902,0.529936,12.348657,0.000000,106
4242,92077974281991,13.330411,1.139908,0.580887,12.183315,0.000000,106
4243,92077987612402,13.333384,0.993712,0.582438,12.334160,0.000000,106
4244,92078000945786,13.332492,3.385632,0.642868,9.940950,0.000000,106
4245,92078014278278,13.336247,1.083793,0.550350,12.244239,0.000000,106
4246,92078027614525,13.332623,0.850008,0.534323,12.473812,0.000000,106
4247,92078040947148,13.333380,0.896895,0.548836,12.429802,0.000000,106
4248,92078054280528,13.330788,1.063142,0.576666,12.261562,0.000000,106
4249,92078067611316,13.333695,0.912327,0.563839,12.416279,0.000000,106
4250,92078080945011,13.334137,0.904534,0.519075,12.423931,0.000000,106
4251,92078094279148,13.335404,1.247471,0.591039,12.080684,0.000000,106
4252,92078107614552,13.331422,3.255850,0.538770,10.068818,0.000000,106
4253,92078120945974,13.335868,1.027412,0.538129,12.301045,0.000000,106
4254,92078134281842,13.332745,0.958772,0.564494,12.366638,0.000000,106
4255,92078147614587,13.332188,1.048622,0.629646,12.277225,0.000000,106
4256,92078160946775,13.334408,1.368502,0.582081,11.959084,0.000000,106
4257,92078174281183,13.334053,1.294306,0.666393,12.032880,0.000000,106
4258,92078187615236,13.332219,1.102167,0.697702,12.222773,0.000000,106
4259,92078200947455,13.333811,1.515181,0.619184,11.811596,0.000000,106
4260,92078214281266,13.332722,3.673285,0.565148,9.652907,0.000000,106
4261,92078227613988,13.333798,0.818105,0.571992,12.509410,0.000000,106
4262,92078240947786,13.332964,0.874949,0.563633,12.451859,0.000000,106
4263,92078254280750,13.336117,0.851485,0.569162,12.477565,0.000000,106
4264,92078267616867,13.329266,1.129423,0.568968,12.193720,0.000000,107
4265,92078280946133,13.332667,0.996866,0.568093,12.330686,0.000000,107
4266,92078294278800,13.337137,0.933553,0.561631,12.396202,0.000000,107
4267,92078307615937,13.336456,2.217784,0.598868,11.106988,0.000000,107
4268,92078320952393,13.326124,3.699788,0.545929,9.619044,0.000000,107
4269,92078334278517,13.335270,0.928351,0.655889,12.400878,0.000000,107
4270,92078347613787,13.331830,1.122549,0.554931,12.203489,0.000000,107
4271,92078360945617,13.332449,0.945736,0.574030,12.381487,0.000000,107
4272,92078374278066,13.336324,0.966853,0.572212,12.363902,0.000000,107
4273,92078387614390,13.333910,0.957869,0.659097,12.368828,0.000000,107
4274,92078400948300,13.333030,1.277989,0.536575,12.048635,0.000000,107
4275,92078414281330,13.333872,1.446175,0.578880,11.882086,0.000000,107
4276,92078427615202,13.331614,3.633904,0.569277,9.691228,0.000000,107
4277,92078440946816,13.335802,1.121161,0.550412,12.208254,0.000000,107
4278,92078454282618,13.331946,1.102787,0.580951,12.223181,0.000000,107
4279,92078467614564,13.337031,0.854554,0.572676,12.474164,0.000000,107
4280,92078480951595,13.330593,0.943912,0.555476,12.378696,0.000000,107
4281,92078494282188,13.332067,0.984145,0.573284,12.342113,0.000000,107
4282,92078507614255,13.333076,0.751625,0.671181,12.576276,0.000000,107
4283,92078520947331,13.335095,1.254259,0.573194,12.075284,0.000000,107
4284,92078534282426,13.331181,3.264319,0.531292,10.061629,0.000000,107
4285,92078547613607,13.333045,0.838825,0.590051,12.490006,0.000000,107
4286,92078560946652,13.332959,0.916412,0.419356,12.411630,0.000000,107
4287,92078574279611,13.334728,0.828727,0.542992,12.500770,0.000000,107
4288,92078587614339,13.332294,0.756084,0.579417,12.571499,0.000000,107
4289,92078600946633,13.334277,0.973901,0.594303,12.355141,0.000000,107
4290,92078614280910,13.337067,0.983473,0.587622,12.347621,0.000000,107
4291,92078627617977,13.331453,1.279530,0.578802,12.045645,0.000000,107
4292,92078640949430,13.330527,3.374024,0.427936,9.951712,0.000000,107
4293,92078654279957,13.336574,0.961117,0.349316,12.369835,0.000000,107
4294,92078667616531,13.333766,0.948325,0.538030,12.379126,0.000000,107
4295,92078680950297,13.332974,1.075845,0.549323,12.249561,0.000000,107
4296,92078694283271,13.333293,1.056291,0.655937,12.269966,0.000000,107
4297,92078707616564,13.334268,1.235688,0.682917,12.091957,0.000000,107
4298,92078720950832,13.337733,1.206925,0.575582,12.122103,0.000000,107
4299,92078734288565,13.330274,1.412150,0.612736,11.908676,0.000000,107
4300,92078747618839,13.333101,3.325216,0.400365,10.000500,0.000000,107
4301,92078760951940,13.331668,1.208582,0.438903,12.116589,0.000000,107
4302,92078774283608,13.332550,1.293053,0.552685,12.034074,0.000000,107
4303,92078787616158,13.333627,1.038308,0.574466,12.289261,0.000000,107
4304,92078800949785,13.334177,1.261753,0.588013,12.065367,0.000000,107
4305,92078814283962,13.331728,1.320566,0.611795,12.004997,0.000000,107
4306,92078827615690,13.334408,1.408734,0.693706,11.919407,0.000000,107
4307,92078840950098,13.337439,1.456410,0.622915,11.874011,0.000000,107
4308,92078854287537,13.332501,3.906097,0.606766,9.417623,0.000000,107
4309,92078867620038,13.331857,1.518488,0.561382,11.806542,0.000000,107
4310,92078880951895,13.333057,1.360487,0.553388,11.965288,0.000000,107
4311,92078894284952,13.335291,1.491640,0.688677,11.835590,0.000000,107
4312,92078907620243,13.331139,1.075428,0.639483,12.248560,0.000000,107
4313,92078920951382,13.339288,1.510558,0.618330,11.817367,0.000000,107
4314,92078934290670,13.343983,1.244415,0.578626,12.077852,0.000000,107
4315,92078947634653,13.318753,1.477802,1.009135,11.833792,0.000000,107
4316,92078960953406,13.337254,3.752760,0.542054,9.576785,0.000000,107
4317,92078974290660,13.329496,1.352490,0.821994,11.969225,0.000000,107
4318,92078987620156,13.332092,0.934975,0.571560,12.391585,0.000000,107
4319,92079000952248,13.337156,1.054585,0.553531,12.274665,0.000000,107
4320,92079014289404,13.329745,1.048516,0.562325,12.275038,0.000000,107
4321,92079027619149,13.332895,1.172172,0.582509,12.155052,0.000000,107
4322,92079040952044,13.335749,1.307965,0.751265,12.021201,0.000000,107
4323,92079054287793,13.332004,1.463380,1.000856,11.862241,0.000000,107
4324,92079067619797,13.335069,4.273860,0.763553,9.054011,0.000000,107
4325,92079080954866,13.331562,1.492524,0.559503,11.832114,0.000000,107
4326,92079094286428,13.339221,1.126003,0.673390,12.204637,0.000000,107
4327,92079107625649,13.327497,1.123125,0.585570,12.196745,0.000000,107
4328,92079120953146,13.333022,1.148191,0.574433,12.179845,0.000000,108
4329,92079134286168,13.333332,1.543792,0.974862,11.784103,0.000000,108
4330,92079147619500,13.338977,1.132482,0.982460,12.197673,0.000000,108
4331,92079160958477,13.331154,2.807349,0.637602,10.515728,0.000000,108
4332,92079174289631,13.332761,3.868536,0.772971,9.457812,0.000000,108
4333,92079187622392,13.334572,1.210515,1.067682,12.117772,0.000000,108
4334,92079200956964,13.333244,1.398451,1.371262,11.927830,0.000000,108
4335,92079214290208,13.331625,1.246961,0.893966,12.077376,0.000000,108
4336,92079227621833,13.333113,1.548841,0.769629,11.778035,0.000000,108
4337,92079240954946,13.340074,1.531143,0.338953,11.800184,0.000000,108
4338,92079254295020,13.329094,1.364705,0.650895,11.956422,0.000000,108
4339,92079267624114,13.339377,1.521396,0.349908,11.806294,0.000000,108
4340,92079280963491,13.328646,3.944492,0.402775,9.374474,0.000000,108
4341,92079294292137,13.330391,1.356669,0.412388,11.967323,0.000000,108
4342,92079307622528,13.333421,1.461987,0.586675,11.864812,0.000000,108
4343,92079320955949,13.339039,1.369330,0.899460,11.961081,0.000000,108
4344,92079334294988,13.332547,1.104059,0.916804,12.218781,0.000000,108
4345,92079347627535,13.327726,1.559697,0.692016,11.761399,0.000000,108
4346,92079360955261,13.336589,1.483273,0.586840,11.846111,0.000000,108
4347,92079374291850,13.331893,1.855024,0.558637,11.469524,0.000000,108
4348,92079387623743,13.331366,3.961479,0.408599,9.363727,0.000000,108
4349,92079400955109,13.334559,1.956726,0.347030,11.372027,0.000000,108
4350,92079414289668,13.334221,1.450717,0.419126,11.876674,0.000000,108
4351,92079427623889,13.334851,1.159863,1.200650,12.167289,0.000000,108
4352,92079440958740,13.330681,1.164895,1.298408,12.158793,0.000000,108
4353,92079454289421,13.336257,1.153170,0.456685,12.177022,0.000000,108
4354,92079467625678,13.334722,1.108581,0.461402,12.219907,0.000000,108
4355,92079480960400,13.332776,1.619272,0.555746,11.705750,0.000000,108
4356,92079494293176,13.331325,3.670603,0.552670,9.653738,0.000000,108
4357,92079507624501,13.340750,0.913044,0.692582,12.417246,0.000000,108
4358,92079520965251,13.327372,0.977260,0.620709,12.341370,0.000000,108
4359,92079534292623,13.331615,0.937751,0.613600,12.388135,0.000000,108
4360,92079547624238,13.342659,0.994262,0.637888,12.337478,0.000000,108
4361,92079560966897,13.324287,1.011030,0.616655,12.306479,0.000000,108
4362,92079574291184,13.334208,1.030522,0.391200,12.297786,0.000000,108
4363,92079587625392,13.334882,1.142493,0.556018,12.185290,0.000000,108
4364,92079600960274,13.336229,3.347932,0.539328,9.980357,0.000000,108
4365,92079614296503,13.326931,1.033240,0.632455,12.288347,0.000000,108
4366,92079627623434,13.333460,0.987809,0.503607,12.340113,0.000000,108
4367,92079640956894,13.336031,1.108738,0.580955,12.221877,0.000000,108
4368,92079654292925,13.331255,1.069039,0.567460,12.255948,0.000000,108
4369,92079667624180,13.335574,0.972886,0.679789,12.357367,0.000000,108
4370,92079680959754,13.333050,1.021489,0.650570,12.304945,0.000000,108
4371,92079694292804,13.332593,1.270831,0.601130,12.055388,0.000000,108
4372,92079707625397,13.332710,3.311979,0.579089,10.015346,0.000000,108
4373,92079720958107,13.334426,0.988473,0.547930,12.339569,0.000000,108
4374,92079734292533,13.330857,1.120792,0.570341,12.204908,0.000000,108
4375,92079747623390,13.333929,0.897433,0.536851,12.431402,0.000000,108
4376,92079760957319,13.334761,1.013911,0.716537,12.314770,0.000000,108
4377,92079774292080,13.333316,0.926700,0.576136,12.400115,0.000000,108
4378,92079787625396,13.332538,1.088417,0.405737,12.238323,0.000000,108
4379,92079800957934,13.333658,1.418888,0.492801,11.909031,0.000000,108
4380,92079814291592,13.333169,3.916368,0.385887,9.411336,0.000000,108
4381,92079827624761,13.333541,0.847626,0.626908,12.480964,0.000000,108
4382,92079840958302,13.333512,1.012653,0.607303,12.315321,0.000000,108
4383,92079854291814,13.332512,1.064470,0.448977,12.262076,0.000000,108
4384,92079867624326,13.335760,1.203588,0.393990,12.125262,0.000000,108
4385,92079880960086,13.332115,1.159064,0.577809,12.165918,0.000000,108
4386,92079894292201,13.332540,1.095949,0.575675,12.230309,0.000000,108
4387,92079907624741,13.333119,1.124489,0.615073,12.202848,0.000000,108
4388,92079920957860,13.336252,3.480016,0.572847,9.848984,0.000000,108
4389,92079934294112,13.341775,1.083486,0.592847,12.250011,0.000000,108
4390,92079947635887,13.325537,1.265329,0.561340,12.052545,0.000000,108
4391,92079960961424,13.333392,1.133268,0.619368,12.193498,0.000000,108
4392,92079974294816,13.333781,1.190199,0.570824,12.135934,0.000000,109
4393,92079987628597,13.335156,1.049051,0.641930,12.277332,0.000000,109
4394,92080000963753,13.330995,1.211014,0.646680,12.112309,0.000000,109
4395,92080014294748,13.332897,2.034082,0.645518,11.291571,0.000000,109
4396,92080027627645,13.330653,3.463131,0.578736,9.861532,0.000000,109
4397,92080040958298,13.334640,1.005582,0.567901,12.324486,0.000000,109
4398,92080054292938,13.333330,1.029869,0.592591,12.297758,0.000000,109
4399,92080067626268,13.336378,1.024975,0.559095,12.305485,0.000000,109
4400,92080080962646,13.331853,1.238254,0.622135,12.086284,0.000000,109
4401,92080094294499,13.333671,1.129071,0.619845,12.197838,0.000000,109
4402,92080107628170,13.333112,1.105686,0.615260,12.220925,0.000000,109
4403,92080120961282,13.333879,1.655388,0.695405,11.671394,0.000000,109
4404,92080134295161,13.332041,3.972727,0.584230,9.351614,0.000000,109
4405,92080147627202,13.336074,0.980078,0.588705,12.349536,0.000000,109
4406,92080160963276,13.332289,1.189677,0.599642,12.134592,0.000000,109
4407,92080174295565,13.333577,1.143163,0.666282,12.182371,0.000000,109
4408,92080187629142,13.332968,1.078845,0.699969,12.247354,0.000000,109
4409,92080200962110,13.334535,1.195695,0.544609,12.132209,0.000000,109
4410,92080214296645,13.332889,1.110752,0.607969,12.215238,0.000000,109
4411,92080227629534,13.332513,1.349770,0.632091,11.976228,0.000000,109
4412,92080240962047,13.333325,3.813144,0.553455,9.513203,0.000000,109
4413,92080254295372,13.335006,1.046592,0.678802,12.281315,0.000000,109
4414,92080267630378,13.332144,1.210010,0.549715,12.114754,0.000000,109
4415,92080280962522,13.333523,1.117003,0.553644,12.209311,0.000000,109
4416,92080294296045,13.334881,1.064607,0.626398,12.262853,0.000000,109
4417,92080307630926,13.332059,1.129118,0.590848,12.195225,0.000000,109
4418,92080320962985,13.333664,1.140457,0.441342,12.186902,0.000000,109
4419,92080334296649,13.331929,1.430174,0.655648,11.894702,0.000000,109
4420,92080347628578,13.332943,3.777948,0.598204,9.548953,0.000000,109
4421,92080360961521,13.333349,1.071041,0.631939,12.256221,0.000000,109
4422,92080374294870,13.334202,1.154879,0.401436,12.173733,0.000000,109
4423,92080387629072,13.332029,0.971747,0.397243,12.354719,0.000000,109
4424,92080400961101,13.334933,1.043828,0.499121,12.285246,0.000000,109
4425,92080414296034,13.330643,1.048839,0.467269,12.277192,0.000000,109
4426,92080427626677,13.336871,1.015275,0.372424,12.315583,0.000000,109
4427,92080440963548,13.331526,1.442168,0.374580,11.883184,0.000000,109
4428,92080454295074,13.333137,3.712520,0.525578,9.615414,0.000000,109
4429,92080467628211,13.334949,0.968058,0.609584,12.360602,0.000000,109
4430,92080480963160,13.332726,1.208239,0.652797,12.118579,0.000000,109
4431,92080494295886,13.332546,1.276589,0.574710,12.050468,0.000000,109
4432,92080507628432,13.335542,0.950153,0.607980,12.379260,0.000000,109
4433,92080520963974,13.332586,1.165447,0.595143,12.161120,0.000000,109
4434,92080534296560,13.333138,1.215636,0.416343,12.110570,0.000000,109
4435,92080547629698,13.333696,1.278390,0.470019,12.049518,0.000000,109
4436,92080560963394,13.332062,4.160308,0.411419,9.166371,0.000000,109
4437,92080574295456,13.334699,1.003976,0.426772,12.324471,0.000000,109
4438,92080587630155,13.332635,1.041247,0.416983,12.285352,0.000000,109
4439,92080600962790,13.334688,1.129013,0.406818,12.199325,0.000000,109
4440,92080614297478,13.335875,1.119192,0.635499,12.209030,0.000000,109
4441,92080627633353,13.333111,1.250847,0.612748,12.072893,0.000000,109
4442,92080640966464,13.340247,1.320183,0.576437,12.012705,0.000000,109
4443,92080654306711,13.332344,1.666965,0.657051,11.658865,0.000000,109
4444,92080667639055,13.333059,3.972867,0.586322,9.354207,0.000000,109
4445,92080680972114,13.334363,1.134560,0.627549,12.192937,0.000000,109
4446,92080694306477,13.331533,1.187141,0.714567,12.138137,0.000000,109
4447,92080707638010,13.335782,0.946885,0.603219,12.382495,0.000000,109
4448,92080720973792,13.333678,1.195382,0.688895,12.131460,0.000000,109
4449,92080734307470,13.331139,1.256207,0.463210,12.068941,0.000000,109
4450,92080747638609,13.351616,0.997521,0.387566,12.342691,0.000000,109
4451,92080760990225,13.327313,1.387879,0.583656,11.933143,0.000000,109
4452,92080774317538,13.331845,3.874985,0.640141,9.451036,0.000000,109
4453,92080787649383,13.338590,0.937927,0.427327,12.391640,0.000000,109
4454,92080800987973,13.330251,1.090771,0.565998,12.232385,0.000000,109
4455,92080814318224,13.330835,1.146189,0.580307,12.179268,0.000000,109
4456,92080827649059,13.339145,0.959770,0.624563,12.370247,0.000000,109
4457,92080840988204,13.328941,1.140196,0.706462,12.183035,0.000000,109
4458,92080854317145,13.334869,1.024721,0.589340,12.303653,0.000000,109
4459,92080867652014,13.337847,1.325489,0.695152,12.000971,0.000000,109
4460,92080880989861,13.326861,4.078530,0.582419,9.242422,0.000000,109
4461,92080894316722,13.338175,1.024012,0.517402,12.306717,0.000000,109
4462,92080907654897,13.335297,1.104530,0.565917,12.219263,0.000000,110
4463,92080920990194,13.335117,1.247897,0.588662,12.077163,0.000000,110
4464,92080934325311,13.326566,1.183253,0.731394,12.136335,0.000000,110
4465,92080947651877,13.336914,1.921582,0.535327,11.405461,0.000000,110
4466,92080960988791,13.340487,1.230020,0.597451,12.098396,0.000000,110
4467,92080974329278,13.322773,1.609770,0.587863,11.704962,0.000000,110
4468,92080987652051,13.331255,3.746770,0.585307,9.579611,0.000000,110
4469,92081000983306,13.341869,1.123937,0.604393,12.206042,0.000000,110
4470,92081014325175,13.327582,1.281090,0.633531,12.039271,0.000000,110
4471,92081027652757,13.337533,1.000945,0.565142,12.326365,0.000000,110
4472,92081040990290,13.327731,1.167699,0.801616,12.154535,0.000000,110
4473,92081054318021,13.335393,1.130428,0.638707,12.199177,0.000000,110
4474,92081067653414,13.336459,0.996029,0.616969,12.330494,0.000000,110
4475,92081080989873,13.329746,1.410356,0.585126,11.913506,0.000000,110
4476,92081094319619,13.332650,3.925215,0.581007,9.401188,0.000000,110
4477,92081107652269,13.337608,0.957485,0.620333,12.371198,0.000000,110
4478,92081120989877,13.331346,1.067238,0.577706,12.258296,0.000000,110
4479,92081134321223,13.331596,1.183490,0.691901,12.142560,0.000000,110
4480,92081147652819,13.338916,1.136956,0.611490,12.194629,0.000000,110
4481,92081160991735,13.327128,1.170569,0.586464,12.151135,0.000000,110
4482,92081174318863,13.335180,1.022149,0.587780,12.307315,0.000000,110
4483,92081187654043,13.336712,1.275355,0.652610,12.051209,0.000000,110
4484,92081200990755,13.329597,4.058794,0.537862,9.264412,0.000000,110
4485,92081214320352,13.335553,1.002855,0.501909,12.326761,0.000000,110
4486,92081227655905,13.336037,1.144749,0.623537,12.182630,0.000000,110
4487,92081240991942,13.331413,1.244563,0.582896,12.079532,0.000000,110
4488,92081254323355,13.337048,1.159893,0.561438,12.166194,0.000000,110
4489,92081267660403,13.332618,1.017213,0.620248,12.307970,0.000000,110
4490,92081280993021,13.327831,1.291430,0.588261,12.029507,0.000000,110
4491,92081294320852,13.338009,2.066515,0.605064,11.262563,0.000000,110
4492,92081307658861,13.330211,3.825588,0.557412,9.498979,0.000000,110
4493,92081320989072,13.337260,1.024864,0.635805,12.304566,0.000000,110
4494,92081334326332,13.330906,1.295395,0.606964,12.027488,0.000000,110
4495,92081347657238,13.333899,1.093086,0.570873,12.234714,0.000000,110
4496,92081360991137,13.333686,1.089652,0.553327,12.235943,0.000000,110
4497,92081374324823,13.329224,1.121439,0.553137,12.200539,0.000000,110
4498,92081387654047,13.338776,1.065249,0.534511,12.266853,0.000000,110
4499,92081400992823,13.329116,1.370365,0.650368,11.952053,0.000000,110
4500,92081414321939,13.331062,3.848020,0.499138,9.478029,0.000000,110
4501,92081427653001,13.339314,0.876633,0.690809,12.456400,0.000000,110
4502,92081440992315,13.330449,1.224457,0.617667,12.098989,0.000000,110
4503,92081454322764,13.333588,1.138141,0.601188,12.188916,0.000000,110
4504,92081467656352,13.338634,0.988167,0.565128,12.342562,0.000000,110
4505,92081480994986,13.328359,1.296172,0.570667,12.025021,0.000000,110
4506,92081494323345,13.332153,1.164189,0.682023,12.161696,0.000000,110
4507,92081507655498,13.337988,1.468465,0.626019,11.863762,0.000000,110
4508,92081520993486,13.331455,3.942742,0.536744,9.382679,0.000000,110
4509,92081534324941,13.333096,1.028347,0.570699,12.299439,0.000000,110
4510,92081547658037,13.333431,1.451644,0.618988,11.876359,0.000000,110
4511,92081560991468,13.334857,1.178840,0.588529,12.150984,0.000000,110
4512,92081574326325,13.335938,1.211018,0.606859,12.117551,0.000000,110
4513,92081587662263,13.329636,1.315518,0.568809,12.007786,0.000000,110
4514,92081600991899,13.343002,1.127554,0.578941,12.205699,0.000000,110
4515,92081614334901,13.325999,1.524968,0.569304,11.793606,0.000000,110
4516,92081627660900,13.484989,3.913647,0.597460,9.559472,0.000000,110
4517,92081641145889,13.328113,0.958383,0.549490,12.362372,0.000000,110
4518,92081654474002,13.333449,1.480645,0.684981,11.845763,0.000000,110
4519,92081667807451,13.333869,1.262084,0.576105,12.065289,0.000000,110
4520,92081681141320,13.330963,1.144618,0.565682,12.179498,0.000000,110
4521,92081694472283,13.334231,1.193803,0.487971,12.134543,0.000000,110
4522,92081707806514,13.335056,0.966058,0.517342,12.362959,0.000000,110
4523,92081721141570,13.333224,1.523263,0.583576,11.803498,0.000000,110
4524,92081734474794,13.331786,4.016805,0.564157,9.308903,0.000000,110
4525,92081747806580,13.335071,1.131791,0.398555,12.196891,0.000000,110
4526,92081761141651,13.332283,1.088281,0.427081,12.236728,0.000000,110
4527,92081774473934,13.334292,1.132722,0.550967,12.194617,0.000000,110
4528,92081787808226,13.332892,1.171856,0.460595,12.154360,0.000000,110
4529,92081801141118,13.333479,1.124196,0.444719,12.202282,0.000000,110
4530,92081814474597,13.330548,1.424611,0.659193,11.900644,0.000000,110
4531,92081827805145,13.335826,1.381876,0.634510,11.947522,0.000000,110
4532,92081841140971,13.332074,3.933080,0.635546,9.393112,0.000000,110
4533,92081854473045,13.334296,1.003634,0.595470,12.324662,0.000000,110
4534,92081867807341,13.332890,0.989280,0.593172,12.337796,0.000000,110
4535,92081881140231,13.334031,1.056727,0.585909,12.271791,0.000000,110
4536,92081894474262,13.332256,1.138797,0.580573,12.188617,0.000000,111
4537,92081907806518,13.334917,1.020611,0.578167,12.308509,0.000000,111
4538,92081921141435,13.333053,1.151081,0.647202,12.174636,0.000000,111
4539,92081934474488,13.331769,2.479556,0.581320,10.846956,0.000000,111
4540,92081947806257,13.332906,3.698869,0.572579,9.629208,0.000000,111
4541,92081961139163,13.337072,1.071981,0.536004,12.259372,0.000000,111
4542,92081974476235,13.332852,1.155221,0.540046,12.171103,0.000000,111
4543,92081987809087,13.333791,1.138671,0.402686,12.189229,0.000000,111
4544,92082001142878,13.334849,1.122216,0.557396,12.205365,0.000000,111
4545,92082014477727,13.332383,1.326217,0.542794,11.998234,0.000000,111
4546,92082027810110,13.334096,0.994892,0.621215,12.332192,0.000000,111
4547,92082041144206,13.329721,3.217258,0.623993,10.106326,0.000000,111
4548,92082054473927,13.333614,3.920607,0.558621,9.407299,0.000000,111
4549,92082067807541,13.338058,0.996709,0.641657,12.335047,0.000000,111
4550,92082081145599,13.330054,1.242626,0.579901,12.080373,0.000000,111
4551,92082094475653,13.333704,1.163675,0.618768,12.163817,0.000000,111
4552,92082107809357,13.333923,1.197973,0.733539,12.129618,0.000000,111
4553,92082121143280,13.333072,1.252893,0.706745,12.073068,0.000000,111
4554,92082134476352,13.332178,1.427496,0.589396,11.898079,0.000000,111
4555,92082147808530,13.333607,1.303465,0.687007,12.024546,0.000000,111
4556,92082161142137,13.333156,3.851207,0.566752,9.475239,0.000000,111
4557,92082174475293,13.337544,1.039204,0.630059,12.291119,0.000000,111
4558,92082187812837,13.332071,1.110117,0.819651,12.213037,0.000000,111
4559,92082201144908,13.332990,1.268406,0.426587,12.056639,0.000000,111
4560,92082214477898,13.333104,1.385030,0.363694,11.940881,0.000000,111
4561,92082227811002,13.335185,1.137006,0.466961,12.190930,0.000000,111
4562,92082241146187,13.331029,1.356076,0.677526,11.968713,0.000000,111
4563,92082254477216,13.333149,1.608113,0.612774,11.718873,0.000000,111
4564,92082267810365,13.332349,3.740040,0.557532,9.586871,0.000000,111
4565,92082281142714,13.334241,1.061218,0.615873,12.267331,0.000000,111
4566,92082294476955,13.333382,1.259702,0.766129,12.067425,0.000000,111
4567,92082307810337,13.332788,1.161949,0.646248,12.164766,0.000000,111
4568,92082321143125,13.333890,1.158826,0.644307,12.169464,0.000000,111
4569,92082334477015,13.337090,1.169336,0.604225,12.158942,0.000000,111
4570,92082347814105,13.333741,1.093547,0.413713,12.231267,0.000000,111
4571,92082361147846,13.329067,1.718898,0.638364,11.603141,0.000000,111
4572,92082374476913,13.332859,3.791649,0.732752,9.535327,0.000000,111
4573,92082387809772,13.336501,1.078833,0.630635,12.250859,0.000000,111
4574,92082401146273,13.332695,1.212243,0.607102,12.112803,0.000000,111
4575,92082414478968,13.336259,1.261222,0.566962,12.066027,0.000000,111
4576,92082427815227,13.331626,1.066993,0.653895,12.256009,0.000000,111
4577,92082441146853,13.334470,1.209326,0.662414,12.115569,0.000000,111
4578,92082454481323,13.331180,1.180120,0.534919,12.144129,0.000000,111
4579,92082467812503,13.336181,1.287861,0.665193,12.040265,0.000000,111
4580,92082481148684,13.335291,4.045452,0.390732,9.279403,0.000000,111
4581,92082494483975,13.332984,1.203948,0.636637,12.122517,0.000000,111
4582,92082507816959,13.332438,1.135833,0.623270,12.190666,0.000000,111
4583,92082521149397,13.336280,1.165806,0.545063,12.161983,0.000000,111
4584,92082534485677,13.329150,1.204322,0.576904,12.117117,0.000000,111
4585,92082547814827,13.333178,1.064989,0.583626,12.262652,0.000000,111
4586,92082561148005,13.334741,1.072867,0.759176,12.253997,0.000000,111
4587,92082574482746,13.332376,1.439691,0.619512,11.886702,0.000000,111
4588,92082587815122,13.332228,3.845760,0.630530,9.480592,0.000000,111
4589,92082601147350,13.338351,0.979046,0.556629,12.353090,0.000000,111
4590,92082614485701,13.330931,1.108393,0.657185,12.216034,0.000000,111
4591,92082627816632,13.333886,1.049278,0.616276,12.278458,0.000000,111
4592,92082641150518,13.334917,1.432824,0.613140,11.894669,0.000000,111
4593,92082654485435,13.329984,1.269198,0.545503,12.054178,0.000000,111
4594,92082667815419,13.333509,1.327410,0.469666,12.000404,0.000000,111
4595,92082681148928,13.333657,1.329708,0.551465,11.998532,0.000000,111
4596,92082694482585,13.331376,3.799482,0.388610,9.527191,0.000000,111
4597,92082707813961,13.335442,0.913839,0.370154,12.415733,0.000000,111
4598,92082721149403,13.334488,1.043296,0.448664,12.284661,0.000000,111
4599,92082734483891,13.332632,1.209129,0.410507,12.117596,0.000000,111
4600,92082747816523,13.333037,1.328615,0.532530,11.998294,0.000000,111
4601,92082761149560,13.335630,1.076276,0.704645,12.252610,0.000000,111
4602,92082774485190,13.330802,1.371781,0.624878,11.952828,0.000000,111
4603,92082787815992,13.334877,1.304568,0.595374,12.024380,0.000000,111
4604,92082801150869,13.332327,4.070756,0.550385,9.255393,0.000000,111
4605,92082814483196,13.333037,1.037074,0.633083,12.290982,0.000000,111
4606,92082827816233,13.335405,0.988528,0.602651,12.340810,0.000000,111
4607,92082841151638,13.332193,1.201057,0.636673,12.124688,0.000000,111
4608,92082854483831,13.333794,1.145456,0.414560,12.182908,0.000000,111
4609,92082867817625,13.332083,1.042315,0.491111,12.283240,0.000000,112
4610,92082881149708,13.335417,1.116101,0.608467,12.213516,0.000000,112
4611,92082894485125,13.333143,1.427746,0.600464,11.898653,0.000000,112
4612,92082907818268,13.331795,3.783417,0.600869,9.541954,0.000000,112
4613,92082921150063,13.334929,1.088290,0.553115,12.240852,0.000000,112
4614,92082934484992,13.335624,1.064589,0.830911,12.265127,0.000000,112
4615,92082947820616,13.331412,1.012818,0.613816,12.312246,0.000000,112
4616,92082961152028,13.334263,1.111888,0.603372,12.216338,0.000000,112
4617,92082974486291,13.335407,1.208196,0.674584,12.119936,0.000000,112
4618,92082987821698,13.330712,1.266458,0.568835,12.056691,0.000000,112
4619,92083001152410,13.332684,1.426333,1.019611,11.900475,0.000000,112
4620,92083014485094,13.336746,3.516132,0.585619,9.811661,0.000000,112
4621,92083027821840,13.330806,1.072330,0.639225,12.253327,0.000000,112
4622,92083041152646,13.333163,1.293241,0.392067,12.033578,0.000000,112
4623,92083054485809,13.332961,1.151969,0.627280,12.174316,0.000000,112
4624,92083067818770,13.333425,1.017487,0.607717,12.311038,0.000000,112
4625,92083081152195,13.333189,1.269959,0.556935,12.057343,0.000000,112
4626,92083094485384,13.334544,0.995008,0.584853,12.332789,0.000000,112
4627,92083107819928,13.334023,1.265765,0.646563,12.062107,0.000000,112
4628,92083121153951,13.331389,3.849685,0.573566,9.475398,0.000000,112
4629,92083134485340,13.335382,1.068399,0.610997,12.260626,0.000000,112
4630,92083147820722,13.332029,1.171231,0.650320,12.153663,0.000000,112
4631,92083161152751,13.334406,1.209397,0.546932,12.119221,0.000000,112
4632,92083174487157,13.332905,1.246572,0.377049,12.079328,0.000000,112
4633,92083187820062,13.333950,1.264915,0.779936,12.063167,0.000000,112
4634,92083201154012,13.333362,1.518702,0.647930,11.807777,0.000000,112
4635,92083214487374,13.331938,1.579623,0.621724,11.746060,0.000000,112
4636,92083227819312,13.331469,3.796546,0.525560,9.529467,0.000000,112
4637,92083241150781,13.336147,0.940278,0.541028,12.390794,0.000000,112
4638,92083254486928,13.333103,1.052949,0.566416,12.274394,0.000000,112
4639,92083267820031,13.336329,0.942043,0.643337,12.388065,0.000000,112
4640,92083281156360,13.331321,1.284329,0.616185,12.039783,0.000000,112
4641,92083294487681,13.333206,1.207902,0.589656,12.118941,0.000000,112
4642,92083307820887,13.335176,0.976614,0.575450,12.351757,0.000000,112
4643,92083321156063,13.329138,1.310953,0.551067,12.011402,0.000000,112
4644,92083334485201,13.334616,3.580726,0.497336,9.748969,0.000000,112
4645,92083347819817,13.336504,0.884917,0.618488,12.445266,0.000000,112
4646,92083361156321,13.331668,1.191060,0.531025,12.133760,0.000000,112
4647,92083374487989,13.330699,0.988839,0.581937,12.336305,0.000000,112
4648,92083387818688,13.336240,0.788166,0.622481,12.542925,0.000000,112
4649,92083401154928,13.330965,2.119163,1.409648,11.206429,0.000000,112
4650,92083414485893,13.334868,0.882212,0.597715,12.447282,0.000000,112
4651,92083427820761,13.335309,1.112460,0.604959,12.217621,0.000000,112
4652,92083441156070,13.600873,3.679608,0.600512,9.914111,0.000000,112
4653,92083454756943,13.332619,1.077421,0.565872,12.249486,0.000000,112
4654,92083468089562,13.334696,0.943958,0.547222,12.384647,0.000000,112
4655,92083481424258,13.333029,1.140641,0.570703,12.186183,0.000000,112
4656,92083494757287,13.332936,1.154032,0.549827,12.172592,0.000000,112
4657,92083508090223,13.334051,0.906461,0.589102,12.422137,0.000000,112
4658,92083521424274,13.331681,1.226646,0.416814,12.099033,0.000000,112
4659,92083534755955,13.334518,1.340100,0.547327,11.987812,0.000000,112
4660,92083548090473,13.332124,4.219664,0.478889,9.107529,0.000000,112
4661,92083561422597,13.337647,1.044263,0.613682,12.288184,0.000000,112
4662,92083574760244,13.332696,1.215399,0.694529,12.111148,0.000000,113
4663,92083588092940,13.333503,1.184493,0.746967,12.143133,0.000000,113
4664,92083601426443,13.334972,1.941963,0.581385,11.386515,0.000000,113
4665,92083614761415,13.333441,1.281189,0.391635,12.045389,0.000000,113
4666,92083628094856,13.334120,1.103796,0.602795,12.223824,0.000000,113
4667,92083641428976,13.333038,1.462259,0.801190,11.865363,0.000000,113
4668,92083654762014,13.331800,4.054522,0.500961,9.271195,0.000000,113
4669,92083668093814,13.332540,1.096763,0.363564,12.230221,0.000000,113
4670,92083681426354,13.337046,1.151503,0.533388,12.179683,0.000000,113
4671,92083694763400,13.332449,1.381642,0.627708,11.943888,0.000000,113
4672,92083708095849,13.332315,1.186551,0.626709,12.139635,0.000000,113
4673,92083721428164,13.331797,2.430573,0.543554,10.896027,0.000000,113
4674,92083734759961,13.336136,1.074118,0.557117,12.255248,0.000000,113
4675,92083748096097,13.331493,1.231807,0.590885,12.094543,0.000000,113
4676,92083761427590,13.334035,3.849540,0.544447,9.478707,0.000000,113
4677,92083774761625,13.334920,1.072918,0.574340,12.255965,0.000000,113
4678,92083788096545,13.332342,0.991892,0.520208,12.333610,0.000000,113
4679,92083801428887,13.335057,1.076490,0.554306,12.252341,0.000000,113
4680,92083814763944,13.330889,1.006110,0.591071,12.318438,0.000000,113
4681,92083828094833,13.334248,0.935317,0.558485,12.393231,0.000000,113
4682,92083841429081,13.335840,1.081701,0.592810,12.247161,0.000000,113
4683,92083854764921,13.331351,1.344260,0.621271,11.979380,0.000000,113
4684,92083868096272,13.333692,3.935660,0.536067,9.391985,0.000000,113
4685,92083881429964,13.335493,1.194372,0.660003,12.134148,0.000000,113
4686,92083894765457,13.331100,2.740290,0.679105,10.584148,0.000000,113
4687,92083908096557,13.332311,1.835732,0.577064,11.490234,0.000000,113
4688,92083921428868,13.335821,2.399968,0.708993,10.929765,0.000000,113
4689,92083934764689,13.332809,2.642331,0.599445,10.683471,0.000000,113
4690,92083948097498,13.332744,1.643960,0.576428,11.682410,0.000000,113
4691,92083961430242,13.333970,1.373826,0.576662,11.953342,0.000000,113
4692,92083974764212,13.330562,3.877257,0.573922,9.447883,0.000000,113
4693,92083988094774,13.336959,1.462521,1.800722,11.868334,0.000000,113
4694,92084001431733,13.331866,1.088345,0.559661,12.236597,0.000000,113
4695,92084014763599,13.332432,0.998510,1.853338,12.328240,0.000000,113
4696,92084028096031,13.335340,2.500172,0.546053,10.829746,0.000000,113
4697,92084041431371,13.332416,1.021830,0.393859,12.304677,0.000000,113
4698,92084054763787,13.335466,1.058002,0.390391,12.270419,0.000000,113
4699,92084068099253,13.333170,1.290587,0.644063,12.034486,0.000000,113
4700,92084081432423,13.329790,4.273854,1.621862,9.049954,0.000000,113
4701,92084094762213,13.336167,1.075154,0.546995,12.254619,0.000000,113
4702,92084108098380,13.333058,0.982863,0.539961,12.344209,0.000000,113
4703,92084121431438,13.332946,1.075038,0.584952,12.251948,0.000000,113
4704,92084134764384,13.335371,1.083540,0.501753,12.244615,0.000000,113
4705,92084148099755,13.332641,1.004227,0.551054,12.321673,0.000000,113
4706,92084161432396,13.330168,1.050477,0.579127,12.273912,0.000000,113
4707,92084174762564,13.336965,1.251369,0.627534,12.079506,0.000000,113
4708,92084188099529,13.330885,3.847953,1.151593,9.476810,0.000000,113
4709,92084201430414,13.336487,1.947929,0.570830,11.382029,0.000000,113
4710,92084214766901,13.332723,1.012067,0.699047,12.313295,0.000000,113
4711,92084228099624,13.331737,2.531525,0.380690,10.793887,0.000000,113
4712,92084241431361,13.335281,1.055681,0.356243,12.272520,0.000000,114
4713,92084254766642,13.334229,1.077049,0.409436,12.249897,0.000000,114
4714,92084268100871,13.331949,2.110379,0.601910,11.214138,0.000000,114
4715,92084281432820,13.333130,1.928357,0.622343,11.398633,0.000000,114
4716,92084294765950,13.334206,3.559239,0.375504,9.768818,0.000000,114
4717,92084308100156,13.334167,0.977035,0.582734,12.350232,0.000000,114
4718,92084321434323,13.330031,1.884041,0.606321,11.439447,0.000000,114
4719,92084334764354,13.333325,1.529394,0.555013,11.799019,0.000000,114
4720,92084348097679,13.335782,0.919471,0.383274,12.410681,0.000000,114
4721,92084361433461,13.334533,1.109249,0.354215,12.217710,0.000000,114
4722,92084374767994,13.331951,1.160445,1.116406,12.163743,0.000000,114
4723,92084388099945,13.334414,1.198606,0.423932,12.129834,0.000000,114
4724,92084401434359,13.333074,3.785578,0.571568,9.540917,0.000000,114
4725,92084414767433,13.331432,2.558390,0.547322,10.767244,0.000000,114
4726,92084428098865,13.335596,0.857000,0.550396,12.472179,0.000000,114
4727,92084441434461,13.333145,0.941873,0.585677,12.385387,0.000000,114
4728,92084454767606,13.332161,1.063839,0.496102,12.262476,0.000000,114
4729,92084468099767,13.334075,0.977393,0.553628,12.349901,0.000000,114
4730,92084481433842,13.331738,1.002155,0.588105,12.323407,0.000000,114
4731,92084494765580,13.331938,1.934178,0.657008,11.392357,0.000000,114
4732,92084508097518,13.335839,3.379005,0.514463,9.951586,0.000000,114
4733,92084521433357,13.333989,0.894704,1.683897,12.433623,0.000000,114
4734,92084534767346,13.332525,0.971678,0.387757,12.355449,0.000000,114
4735,92084548099871,13.332953,0.863218,1.983670,12.463499,0.000000,114
4736,92084561432824,13.332717,0.939908,0.543432,12.387933,0.000000,114
4737,92084574765541,13.334119,0.870125,0.514450,12.458975,0.000000,114
4738,92084588099660,13.334085,0.825414,0.485995,12.503135,0.000000,114
4739,92084601433745,13.334388,1.424151,0.637039,11.904915,0.000000,114
4740,92084614768133,13.456739,7.498561,0.495725,5.943709,0.000000,114
4741,92084628224872,13.410057,2.206733,0.580371,11.171172,0.000000,114
4742,92084641634929,13.309253,2.202770,0.438736,11.083587,0.000000,114
4743,92084654944182,13.330629,1.396398,0.402588,11.928226,0.000000,114
4744,92084668274811,13.332777,0.813901,0.484698,12.513814,0.000000,114
4745,92084681607588,13.335391,1.283911,0.378153,12.046058,0.000000,114
4746,92084694942979,13.331335,1.288628,0.462829,12.037646,0.000000,114
4747,92084708274314,13.334050,0.978677,0.666104,12.350522,0.000000,114
4748,92084721608364,13.336121,3.885674,0.567647,9.444771,0.000000,114
4749,92084734944485,13.332354,1.288637,0.502197,12.037900,0.000000,114
4750,92084748276839,13.333990,0.885335,0.512133,12.442864,0.000000,114
4751,92084761610829,13.332025,1.256460,0.460891,12.070093,0.000000,114
4752,92084774942854,13.331535,1.327400,0.361275,11.999699,0.000000,114
4753,92084788274389,13.333840,0.793806,0.369338,12.535474,0.000000,114
4754,92084801608229,13.333924,1.190216,0.381353,12.138448,0.000000,114
4755,92084814942153,13.333783,1.085604,0.472611,12.242889,0.000000,114
4756,92084828275936,13.333539,3.399553,0.403571,9.928490,0.000000,114
4757,92084841609475,13.334522,0.916730,0.351201,12.411345,0.000000,114
4758,92084854943997,13.331028,1.004214,0.450635,12.321072,0.000000,114
4759,92084868275025,13.333507,0.814261,0.444504,12.514230,0.000000,114
4760,92084881608532,13.337492,0.851556,0.395521,12.480007,0.000000,114
4761,92084894946024,13.328346,0.959930,0.394078,12.362951,0.000000,114
4762,92084908274370,13.334227,0.760171,0.374949,12.569615,0.000000,114
4763,92084921608597,13.333927,1.030265,0.641225,12.298538,0.000000,114
4764,92084934942524,13.334166,3.382490,0.497873,9.947003,0.000000,114
4765,92084948276690,13.333428,0.819252,0.398060,12.508431,0.000000,114
4766,92084961610118,13.334724,0.931037,0.472892,12.396723,0.000000,114
4767,92084974944842,13.331696,1.089988,0.497325,12.235942,0.000000,114
4768,92084988276538,13.336371,0.876532,0.395423,12.452421,0.000000,114
4769,92085001612909,13.329970,0.920799,0.468707,12.403328,0.000000,114
4770,92085014942879,13.334558,0.855423,0.463278,12.474587,0.000000,114
4771,92085028277437,13.332634,1.015772,0.547196,12.312283,0.000000,114
4772,92085041610071,13.335311,3.347727,0.389994,9.982485,0.000000,114
4773,92085054945382,13.335053,0.959300,0.500475,12.369920,0.000000,114
4774,92085068280435,13.329984,0.899123,0.415087,12.424506,0.000000,114
4775,92085081610419,13.332363,1.012970,0.410741,12.314127,0.000000,114
4776,92085094942782,13.336909,0.913954,0.365031,12.416649,0.000000,115
4777,92085108279691,13.329816,0.944776,0.460823,12.379993,0.000000,115
4778,92085121609507,13.335558,0.899528,0.387300,12.430998,0.000000,115
4779,92085134945065,13.333993,1.721925,0.540405,11.606032,0.000000,115
4780,92085148279058,13.332868,3.282869,0.403293,10.044453,0.000000,115
4781,92085161611926,13.332750,0.969826,0.385923,12.357494,0.000000,115
4782,92085174944676,13.335255,0.930454,0.561500,12.398559,0.000000,115
4783,92085188279931,13.331773,0.844630,0.793538,12.480752,0.000000,115
4784,92085201611704,13.333698,0.997953,0.379295,12.329021,0.000000,115
4785,92085214945402,13.330586,0.922806,1.294439,12.403103,0.000000,115
4786,92085228275988,13.335826,1.511876,0.612557,11.819423,0.000000,115
4787,92085241611814,13.333059,1.103226,0.565379,12.224809,0.000000,115
4788,92085254944873,13.331095,3.357690,0.453947,9.969157,0.000000,115
4789,92085268275968,13.333023,0.766141,0.434075,12.561784,0.000000,115
4790,92085281608991,13.335212,0.921390,0.451935,12.408923,0.000000,115
4791,92085294944203,13.333172,0.868110,0.518737,12.459968,0.000000,115
4792,92085308277375,13.333738,0.796126,0.537552,12.531871,0.000000,115
4793,92085321611113,13.331585,0.931134,0.365884,12.396212,0.000000,115
4794,92085334942698,13.335429,1.158931,0.422427,12.171809,0.000000,115
4795,92085348278127,13.335479,1.196627,0.505098,12.131592,0.000000,115
4796,92085361613606,13.332064,3.436926,0.450547,9.888536,0.000000,115
4797,92085374945670,13.332697,0.822477,0.422483,12.505134,0.000000,115
4798,92085388278367,13.334783,0.887606,0.445759,12.440748,0.000000,115
4799,92085401613150,13.331982,1.149810,0.387053,12.175565,0.000000,115
4800,92085414945132,13.333832,0.933573,0.426293,12.395089,0.000000,115
4801,92085428278964,13.333205,0.723804,0.368768,12.604569,0.000000,115
4802,92085441612169,13.334451,0.958530,0.349356,12.367150,0.000000,115
4803,92085454946620,13.332484,1.085059,0.327839,12.242143,0.000000,115
4804,92085468279104,13.333704,3.267339,0.328137,10.061316,0.000000,115
4805,92085481612808,13.332745,0.865870,0.408027,12.461363,0.000000,115
4806,92085494945553,13.331559,0.851445,0.448026,12.475620,0.000000,115
4807,92085508277112,13.336611,0.833460,0.399497,12.498134,0.000000,115
4808,92085521613723,13.334297,0.841618,0.332562,12.486443,0.000000,115
4809,92085534948020,13.330870,0.852317,0.487076,12.472636,0.000000,115
4810,92085548278890,13.333218,0.748436,0.450627,12.580480,0.000000,115
4811,92085561612108,13.332625,1.015758,0.394415,12.311671,0.000000,115
4812,92085574944733,13.333997,3.229046,0.366120,10.100648,0.000000,115
4813,92085588278730,13.334824,0.750688,0.393254,12.578999,0.000000,115
4814,92085601613554,13.332722,0.862075,0.305713,12.465634,0.000000,115
4815,92085614946276,13.332951,0.841089,0.416055,12.487514,0.000000,115
4816,92085628279227,13.334746,0.732173,0.418437,12.597151,0.000000,115
4817,92085641613973,13.331247,0.919838,0.444058,12.406395,0.000000,115
4818,92085654945220,13.333681,0.832471,0.395352,12.496428,0.000000,115
4819,92085668278901,13.333698,0.991923,0.440780,12.337072,0.000000,115
4820,92085681612599,13.333941,3.222977,0.380703,10.105557,0.000000,115
4821,92085694946540,13.332961,0.804432,0.375916,12.523453,0.000000,115
4822,92085708279501,13.334666,0.723928,0.348239,12.605939,0.000000,115
4823,92085721614167,13.333303,0.813703,0.408068,12.514474,0.000000,115
4824,92085734947470,13.331619,0.813764,0.416247,12.512956,0.000000,115
4825,92085748279089,13.335317,0.675350,0.438252,12.654881,0.000000,115
4826,92085761614406,13.333568,0.812425,0.448474,12.515897,0.000000,115
4827,92085774947974,13.331568,0.976419,0.462828,12.350225,0.000000,115
4828,92085788279542,13.333288,3.113536,0.402479,10.215156,0.000000,115
4829,92085801612830,13.335622,0.789508,0.406367,12.540916,0.000000,115
4830,92085814948452,13.331277,0.871679,0.407017,12.453845,0.000000,115
4831,92085828279729,13.332462,0.701734,0.367006,12.625458,0.000000,115
4832,92085841612191,13.334417,0.850515,0.401174,12.478647,0.000000,115
4833,92085854946608,13.333855,0.879392,0.401907,12.448340,0.000000,115
4834,92085868280463,13.335004,0.711687,0.406970,12.617696,0.000000,115
4835,92085881615467,13.333044,1.077262,0.596174,12.250714,0.000000,115
4836,92085894948511,13.333608,3.343578,0.653117,9.983787,0.000000,115
4837,92085908282119,13.330932,0.829569,0.377929,12.495986,0.000000,115
4838,92085921613051,13.334223,0.948467,0.377174,12.380479,0.000000,115
4839,92085934947274,13.334153,0.873555,0.355962,12.455705,0.000000,115
4840,92085948281427,13.332428,0.789080,0.352499,12.538446,0.000000,115
4841,92085961613855,13.334141,0.852834,0.344494,12.475722,0.000000,115
4842,92085974947996,13.333006,0.871161,0.497690,12.456504,0.000000,115
4843,92085988281002,13.333090,1.038943,0.513624,12.288427,0.000000,115
4844,92086001614092,13.334693,3.424847,0.393609,9.904366,0.000000,115
4845,92086014948785,13.334910,1.019413,0.386439,12.309041,0.000000,115
4846,92086028283695,13.333310,0.902932,0.471291,12.424185,0.000000,115
4847,92086041617005,13.330566,0.894118,0.486724,12.430943,0.000000,115
4848,92086054947571,13.332798,0.824107,0.500936,12.504154,0.000000,115
4849,92086068280369,13.333400,0.824549,0.333831,12.503258,0.000000,115
4850,92086081613769,13.335570,0.937270,0.319523,12.392474,0.000000,115
4851,92086094949339,13.333631,1.138873,0.513127,12.188299,0.000000,115
4852,92086108282970,13.330811,3.245118,0.471181,10.080519,0.000000,115
4853,92086121613781,13.332732,0.914886,0.451119,12.413021,0.000000,115
4854,92086134946513,13.337376,0.814950,0.319802,12.517738,0.000000,115
4855,92086148283889,13.330073,0.788796,0.305971,12.536116,0.000000,115
4856,92086161613962,13.334528,0.858133,0.398236,12.471188,0.000000,115
4857,92086174948490,13.332207,0.879531,0.316949,12.446777,0.000000,115
4858,92086188280697,13.333571,0.756773,0.471992,12.571821,0.000000,115
4859,92086201614268,13.334427,1.107652,0.450838,12.221343,0.000000,115
4860,92086214948695,13.331267,3.257533,0.325691,10.069023,0.000000,115
4861,92086228279962,13.336645,0.826629,0.303877,12.505178,0.000000,115
4862,92086241616607,13.332275,1.038162,0.277980,12.287805,0.000000,115
4863,92086254948882,13.334457,0.855020,0.265724,12.473324,0.000000,115
4864,92086268283339,13.335845,0.796552,0.396087,12.532722,0.000000,115
4865,92086281619184,13.331198,0.998855,0.380271,12.325885,0.000000,115
4866,92086294950382,13.333775,0.875109,0.276165,12.451704,0.000000,115
4867,92086308284157,13.330072,0.963646,0.468515,12.361586,0.000000,115
4868,92086321614229,13.333357,4.963044,0.279972,8.365451,0.000000,115
4869,92086334947586,13.334979,0.690841,0.385666,12.639558,0.000000,115
4870,92086348282565,13.334306,0.696824,0.411591,12.632026,0.000000,115
4871,92086361616871,13.331946,0.867957,0.452159,12.458776,0.000000,115
4872,92086374948817,13.333979,0.773860,0.388731,12.555201,0.000000,116
4873,92086388282796,13.334695,0.728884,0.347994,12.600566,0.000000,116
4874,92086401617491,13.332864,0.831593,0.272611,12.495667,0.000000,116
4875,92086414950355,13.331914,1.495055,0.407703,11.832284,0.000000,116
4876,92086428282269,13.333471,3.116430,0.389253,10.211853,0.000000,116
4877,92086441615740,13.333884,0.760822,0.290539,12.567109,0.000000,116
4878,92086454949624,13.334582,0.767005,0.282398,12.562609,0.000000,116
4879,92086468284206,13.333694,0.799840,0.283792,12.528000,0.000000,116
4880,92086481617900,13.330982,0.972223,0.330213,12.352380,0.000000,116
4881,92086494948882,13.336705,0.882539,0.298701,12.447792,0.000000,116
4882,92086508285587,13.330547,0.756165,0.297812,12.568946,0.000000,116
4883,92086521616134,13.333069,1.031541,1.167262,12.295903,0.000000,116
4884,92086534949203,13.334927,3.254354,0.390141,10.076149,0.000000,116
4885,92086548284130,13.333273,0.703979,0.295067,12.624103,0.000000,116
4886,92086561617403,13.331482,0.797491,0.297549,12.529202,0.000000,116
4887,92086574948885,13.333240,0.791751,0.282526,12.536626,0.000000,116
4888,92086588282125,13.334299,0.652667,0.326402,12.677753,0.000000,116
4889,92086601616424,13.334027,0.839939,0.272785,12.489309,0.000000,116
4890,92086614950451,13.332625,0.819737,0.297229,12.507568,0.000000,116
4891,92086628283076,13.334726,0.928690,0.292284,12.401121,0.000000,116
4892,92086641617802,13.332055,3.283690,0.264448,10.042991,0.000000,116
4893,92086654949857,13.332995,0.782276,0.263769,12.546435,0.000000,116
4894,92086668282852,13.332036,0.692564,0.296236,12.635045,0.000000,116
4895,92086681614888,13.336481,0.775757,0.320308,12.556086,0.000000,116
4896,92086694951369,13.333158,0.872808,0.304824,12.454809,0.000000,116
4897,92086708284527,13.334004,0.740655,0.369643,12.587346,0.000000,116
4898,92086721618531,13.335609,0.823896,0.408515,12.505765,0.000000,116
4899,92086734954140,13.331373,1.231639,0.297351,12.092869,0.000000,116
4900,92086748285513,13.332981,3.175711,0.379736,10.151970,0.000000,116
4901,92086761618494,13.334742,0.938027,0.282654,12.390992,0.000000,116
4902,92086774953236,13.331469,0.893068,0.261557,12.432402,0.000000,116
4903,92086788284705,13.331921,0.831229,0.236197,12.495049,0.000000,116
4904,92086801616626,13.336011,0.881216,0.234763,12.449212,0.000000,116
4905,92086814952637,13.333161,0.873509,0.277311,12.453612,0.000000,116
4906,92086828285798,13.333619,0.743306,0.279286,12.584700,0.000000,116
4907,92086841619417,13.334381,1.038952,0.369001,12.288843,0.000000,116
4908,92086854953798,13.331347,3.363961,0.380817,9.962660,0.000000,116
4909,92086868285145,13.336186,0.798855,0.278876,12.531720,0.000000,116
4910,92086881621331,13.331650,0.989650,0.284597,12.336520,0.000000,116
4911,92086894952981,13.331361,0.973511,0.287342,12.352339,0.000000,116
4912,92086908284342,13.333776,0.816605,0.347887,12.511724,0.000000,116
4913,92086921618118,13.333577,0.962421,0.288626,12.365415,0.000000,116
4914,92086934951695,13.335084,0.890117,0.246383,12.438424,0.000000,116
4915,92086948286779,13.331785,1.140020,0.263392,12.185632,0.000000,116
4916,92086961618564,13.333845,3.685987,0.355817,9.642283,0.000000,116
4917,92086974952409,13.332858,0.881908,0.391802,12.445532,0.000000,116
4918,92086988285267,13.332174,0.679391,0.395046,12.648462,0.000000,116
4919,92087001617441,13.332882,0.762504,0.268125,12.566231,0.000000,116
4920,92087014950323,13.337197,0.716294,0.361267,12.615670,0.000000,116
4921,92087028287520,13.333178,0.746020,0.261989,12.581391,0.000000,116
4922,92087041620698,13.333420,0.836776,0.257065,12.489938,0.000000,116
4923,92087054954118,13.333607,1.062513,0.233662,12.265393,0.000000,116
4924,92087068287725,13.333006,3.153491,0.219054,10.173429,0.000000,116
4925,92087081620731,13.334064,0.840690,0.222310,12.486528,0.000000,116
4926,92087094954795,13.334665,0.804157,0.240465,12.523480,0.000000,116
4927,92087108289460,13.330229,0.801387,0.256812,12.522416,0.000000,116
4928,92087121619689,13.333387,0.909541,0.318997,12.418917,0.000000,116
4929,92087134953076,13.332686,0.795109,0.363942,12.532254,0.000000,116
4930,92087148285762,13.336132,0.723121,0.272139,12.607637,0.000000,116
4931,92087161621894,13.331240,1.035560,0.330581,12.291101,0.000000,116
4932,92087174953134,13.332541,3.193516,0.367404,10.133834,0.000000,116
4933,92087188285675,13.335529,0.648406,0.360456,12.681686,0.000000,116
4934,92087201621204,13.331393,0.779297,0.354394,12.546838,0.000000,116
4935,92087214952597,13.333044,0.714440,0.319089,12.613997,0.000000,116
4936,92087228285641,13.335088,0.644979,0.279667,12.685375,0.000000,116
4937,92087241620729,13.332944,0.846939,0.246703,12.480846,0.000000,116
4938,92087254953673,13.335204,0.919903,0.225493,12.409844,0.000000,116
4939,92087268288877,13.334480,0.940380,0.264552,12.387230,0.000000,116
4940,92087281623357,13.331647,3.280292,0.213500,10.045767,0.000000,116
4941,92087294955004,13.333980,0.792766,0.234520,12.535038,0.000000,116
4942,92087308288984,13.331403,0.806389,0.239112,12.519077,0.000000,116
4943,92087321620387,13.334166,0.949435,0.240425,12.378989,0.000000,116
4944,92087334954553,13.333048,0.914332,0.279078,12.412550,0.000000,116
4945,92087348287601,13.335055,0.730956,0.361716,12.599094,0.000000,116
4946,92087361622656,13.330320,0.869114,0.343092,12.455810,0.000000,116
4947,92087374952976,13.335468,0.988716,0.322001,12.341809,0.000000,116
4948,92087388288444,13.334945,3.148852,0.298104,10.179958,0.000000,116
4949,92087401623389,13.332048,0.828767,0.365824,12.497497,0.000000,116
4950,92087414955437,13.333192,0.845276,0.356484,12.482357,0.000000,116
4951,92087428288629,13.335113,0.738789,0.314257,12.589553,0.000000,116
4952,92087441623742,13.332735,0.859287,0.300928,12.466679,0.000000,116
4953,92087454956477,13.333027,0.806279,0.241037,12.521476,0.000000,116
4954,92087468289504,13.334174,0.784666,0.280658,12.543001,0.000000,116
4955,92087481623678,13.331684,1.265827,0.492027,12.058547,0.000000,116
4956,92087494955362,13.334714,9.463493,1.573803,3.861554,0.000000,116
4957,92087508290076,13.330969,0.562583,0.265486,12.762897,0.000000,116
4958,92087521621045,13.334536,0.796180,0.319216,12.533317,0.000000,116
4959,92087534955581,13.331888,0.784554,0.790296,12.542391,0.000000,116
4960,92087548287469,13.335903,0.643045,0.312762,12.687581,0.000000,116
4961,92087561623372,13.333853,0.850376,0.278792,12.476668,0.000000,116
4962,92087574957225,13.330493,0.825623,0.267760,12.499682,0.000000,116
4963,92087588287718,13.332990,0.874631,0.277803,12.453773,0.000000,116
4964,92087601620708,13.333579,3.155089,0.332556,10.173405,0.000000,116
4965,92087614954287,13.336110,0.708500,0.288473,12.622015,0.000000,116
4966,92087628290397,13.331549,0.809066,0.379760,12.517485,0.000000,116
4967,92087641621946,13.332998,0.888324,0.275666,12.438856,0.000000,116
4968,92087654954944,13.333030,0.820668,0.303854,12.506913,0.000000,116
4969,92087668287974,13.334561,0.717002,0.264077,12.612238,0.000000,116
4970,92087681622535,13.333231,0.827304,0.323979,12.500217,0.000000,116
4971,92087694955766,13.332603,1.035783,0.269594,12.292478,0.000000,116
4972,92087708288369,13.333696,3.133309,0.288196,10.195318,0.000000,116
4973,92087721622065,13.334390,0.802088,0.312110,12.526038,0.000000,116
4974,92087734956455,13.333646,0.814361,0.284164,12.513215,0.000000,116
4975,92087748290101,13.334092,0.723776,0.270260,12.603607,0.000000,116
4976,92087761624193,13.333946,0.819831,0.395832,12.507730,0.000000,116
4977,92087774958139,13.332177,0.859363,0.264460,12.467077,0.000000,116
4978,92087788290316,13.334376,0.740020,0.311074,12.587789,0.000000,116
4979,92087801624692,13.333070,1.039108,0.278585,12.288044,0.000000,116
4980,92087814957762,13.333877,3.263340,0.383297,10.064165,0.000000,116
4981,92087828291639,13.331800,0.753839,0.261663,12.571959,0.000000,116
4982,92087841623439,13.333983,0.825766,0.384596,12.502403,0.000000,116
4983,92087854957422,13.334294,0.817846,0.372170,12.510771,0.000000,116
4984,92087868291716,13.333783,0.757835,0.262977,12.570159,0.000000,116
4985,92087881625499,13.332209,0.869905,0.262610,12.455633,0.000000,116
4986,92087894957708,13.332091,0.821373,0.264428,12.505137,0.000000,116
4987,92087908289799,13.334033,0.947704,0.349098,12.380150,0.000000,116
4988,92087921623832,13.332635,3.222755,0.356326,10.104338,0.000000,116
4989,92087934956467,13.336444,0.760834,0.250990,12.570644,0.000000,116
4990,92087948292911,13.330219,0.741549,0.275697,12.583319,0.000000,116
4991,92087961623130,13.335094,0.774164,0.241530,12.555579,0.000000,116
4992,92087974958224,13.331824,0.829610,0.272111,12.496959,0.000000,116
4993,92087988290048,13.331893,0.715587,0.319421,12.611621,0.000000,116
4994,92088001621941,13.334841,0.753834,0.273446,12.575900,0.000000,116
4995,92088014956782,13.333009,0.954951,0.297706,12.372773,0.000000,116
4996,92088028289791,13.332319,3.150782,0.254628,10.177095,0.000000,116
4997,92088041622110,13.336262,0.740637,0.281500,12.590241,0.000000,116
4998,92088054958372,13.332070,0.821514,0.302208,12.505478,0.000000,116
4999,92088068290442,13.332593,0.705651,0.233423,12.621945,0.000000,116
5000,92088081623035,13.335937,0.752099,0.300584,12.578261,0.000000,116
5001,92088094958972,13.334986,0.901682,0.325893,12.426798,0.000000,116
5002,92088108293958,13.331605,0.792135,0.281999,12.532287,0.000000,117
5003,92088121625563,13.332386,1.095371,0.369639,12.231054,0.000000,117
5004,92088134957949,13.333207,3.190130,0.364406,10.137655,0.000000,117
5005,92088148291156,13.334142,0.698383,0.287608,12.629898,0.000000,117
5006,92088161625298,13.332051,0.875274,0.374439,12.451686,0.000000,117
5007,92088174957349,13.333621,0.789137,0.283502,12.539468,0.000000,117
5008,92088188290970,13.335971,0.712487,0.399088,12.617532,0.000000,117
5009,92088201626941,13.334348,0.920966,0.304126,12.405277,0.000000,117
5010,92088214961289,13.330011,0.930007,0.314322,12.393081,0.000000,117
5011,92088228291300,13.334760,0.994788,0.319512,12.334007,0.000000,117
5012,92088241626060,13.332365,3.252186,0.305159,10.074107,0.000000,117
5013,92088254958425,13.332768,0.838128,0.297194,12.488882,0.000000,117
5014,92088268291193,13.334199,0.736156,0.292301,12.592116,0.000000,117
5015,92088281625392,13.333212,0.792634,0.304578,12.535526,0.000000,117
5016,92088294958604,13.333604,0.789377,0.315964,12.538092,0.000000,117
5017,92088308292208,13.333830,0.734828,0.308301,12.593281,0.000000,117
5018,92088321626038,13.332663,0.807892,0.314877,12.519017,0.000000,117
5019,92088334958701,13.333282,1.119518,0.524564,12.208056,0.000000,117
5020,92088348291983,13.334454,3.159439,0.451075,10.170242,0.000000,117
5021,92088361626437,13.332059,0.847162,0.339619,12.478861,0.000000,117
5022,92088374958496,13.334050,0.806175,0.313577,12.523035,0.000000,117
5023,92088388292546,13.332650,0.769793,0.332490,12.557841,0.000000,117
5024,92088401625196,13.334267,0.838201,0.268464,12.490610,0.000000,117
5025,92088414959463,13.339177,0.877341,0.248451,12.452070,0.000000,117
5026,92088428298640,13.333361,0.877414,0.330782,12.446165,0.000000,117
5027,92088441632001,13.326345,1.261767,0.331706,12.056981,0.000000,117
5028,92088454958346,13.337883,3.391674,0.277110,9.939745,0.000000,117
5029,92088468296229,13.332717,1.058828,0.258602,12.266654,0.000000,117
5030,92088481628946,13.330307,0.932083,0.260855,12.391997,0.000000,117
5031,92088494959253,13.337915,0.852403,0.379643,12.478086,0.000000,117
5032,92088508297168,13.327602,0.806375,0.383849,12.515779,0.000000,117
5033,92088521624770,13.335046,0.695429,0.551602,12.634201,0.000000,117
5034,92088534959816,13.334604,0.738208,0.308987,12.590418,0.000000,117
5035,92088548294420,13.333136,0.916303,0.311554,12.411358,0.000000,117
5036,92088561627556,13.333065,3.209629,0.304467,10.118252,0.000000,117
5037,92088574960621,13.338233,0.781474,0.376596,12.549201,0.000000,117
5038,92088588298854,13.328527,0.983892,0.471639,12.337714,0.000000,117
5039,92088601627381,13.332617,0.866157,0.412417,12.460767,0.000000,117
5040,92088614959998,13.333534,0.889161,0.403054,12.438943,0.000000,117
5041,92088628293532,13.333197,0.949786,0.325277,12.378236,0.000000,117
5042,92088641626729,13.331962,0.802332,0.396893,12.524421,0.000000,117
5043,92088654958691,13.333560,0.890958,0.387949,12.438089,0.000000,117
5044,92088668292251,13.334278,3.023648,0.387755,10.305408,0.000000,117
5045,92088681626529,13.333282,0.687377,0.389236,12.641151,0.000000,117
5046,92088694959811,13.334941,0.723943,0.418705,12.606059,0.000000,117
5047,92088708294752,13.332690,0.853332,0.399365,12.474282,0.000000,117
5048,92088721627442,13.335284,0.788453,0.407854,12.541059,0.000000,117
5049,92088734962726,13.333027,0.804858,0.364391,12.518775,0.000000,117
5050,92088748295753,13.332597,0.684818,0.381592,12.642780,0.000000,117
5051,92088761628350,13.339440,0.965899,0.417517,12.363189,0.000000,117
5052,92088774967790,13.326343,3.270359,0.292020,10.049513,0.000000,117
5053,92088788294133,13.334607,0.661518,0.536780,12.668013,0.000000,117
5054,92088801628740,13.333071,0.721951,0.394347,12.605842,0.000000,117
5055,92088814961811,13.333704,0.852065,0.356797,12.472372,0.000000,117
5056,92088828295515,13.333098,0.717957,0.407574,12.610700,0.000000,117
5057,92088841628613,13.339295,0.929512,0.566797,12.399776,0.000000,117
5058,92088854967908,13.327074,0.799835,0.388632,12.521435,0.000000,117
5059,92088868294982,13.333293,0.913145,0.652690,12.415005,0.000000,117
5060,92088881628275,13.338786,3.226502,0.467412,10.103081,0.000000,117
5061,92088894967061,13.328274,0.834788,0.369458,12.487538,0.000000,117
5062,92088908295335,13.333143,0.800096,0.542385,12.527980,0.000000,117
5063,92088921628478,13.334296,0.928826,0.690251,12.400185,0.000000,117
5064,92088934962774,13.331949,0.930738,0.751826,12.393357,0.000000,117
5065,92088948294723,13.335547,0.668860,0.403124,12.661239,0.000000,117
5066,92088961630270,13.336863,0.952741,0.918418,12.375487,0.000000,117
5067,92088974967133,13.326831,1.038952,0.698745,12.282426,0.000000,117
5068,92088988293964,13.333312,3.057386,0.367453,10.271201,0.000000,117
5069,92089001627276,13.338885,0.865017,0.900944,12.466436,0.000000,117
5070,92089014966161,13.330742,0.867857,0.623249,12.456772,0.000000,117
5071,92089028296903,13.334101,0.696067,0.492782,12.632491,0.000000,117
5072,92089041631004,13.330464,0.879070,0.412922,12.445344,0.000000,117
5073,92089054961468,13.333876,1.199300,0.459979,12.129373,0.000000,117
5074,92089068295344,13.334862,0.656773,0.583249,12.672744,0.000000,117
5075,92089081630206,13.338319,0.972222,0.620759,12.355231,0.000000,117
5076,92089094968525,13.328835,3.220605,0.369260,10.102598,0.000000,117
5077,92089108297360,13.332914,0.922106,0.471400,12.404158,0.000000,117
5078,92089121630274,13.336028,1.039007,0.584281,12.287774,0.000000,117
5079,92089134966302,13.331164,0.854096,0.567531,12.471126,0.000000,117
5080,92089148297466,13.330257,1.004588,0.472601,12.319912,0.000000,117
5081,92089161627723,13.333664,0.784913,0.384244,12.544063,0.000000,117
5082,92089174961387,13.334965,0.652914,0.824347,12.677021,0.000000,117
5083,92089188296352,13.334080,0.812986,0.442356,12.515832,0.000000,117
5084,92089201630432,13.331532,3.223317,0.698823,10.102966,0.000000,117
5085,92089214961964,13.334013,0.794275,0.312316,12.532153,0.000000,117
5086,92089228295977,13.333283,0.627613,0.284329,12.700509,0.000000,117
5087,92089241629260,13.332537,0.742481,0.609754,12.585444,0.000000,117
5088,92089254961797,13.337178,0.743990,0.295657,12.583379,0.000000,117
5089,92089268298975,13.330055,0.708083,0.271194,12.616655,0.000000,117
5090,92089281629030,13.336316,0.672625,0.566937,12.655735,0.000000,117
5091,92089294965346,13.330818,0.914236,0.679271,12.411429,0.000000,117
5092,92089308296164,13.334033,3.218269,0.288101,10.110166,0.000000,117
5093,92089321630197,13.336182,0.711743,0.293390,12.617137,0.000000,117
5094,92089334966379,13.330313,1.173925,0.287296,12.151694,0.000000,117
5095,92089348296692,13.331856,0.695107,0.289151,12.631767,0.000000,117
5096,92089361628548,13.336336,0.680198,0.282449,12.649511,0.000000,117
5097,92089374964884,13.332093,0.850605,0.301761,12.476211,0.000000,117
5098,92089388296977,13.334429,0.627362,0.461376,12.701735,0.000000,117
5099,92089401631406,13.336834,1.236082,0.279034,12.091532,0.000000,117
5100,92089414968240,13.330330,3.632966,0.688034,9.691159,0.000000,117
5101,92089428298570,13.332158,1.237711,0.593964,12.088544,0.000000,117
5102,92089441630728,13.335044,0.765906,0.639613,12.561399,0.000000,117
5103,92089454965772,13.331265,0.708997,0.510511,12.617935,0.000000,117
5104,92089468297037,13.334966,0.678905,0.483363,12.651062,0.000000,117
5105,92089481632003,13.336084,0.934499,0.481907,12.391560,0.000000,117
5106,92089494968087,13.327753,0.703077,0.389994,12.619748,0.000000,117
5107,92089508295840,13.335076,2.811332,0.394412,10.518182,0.000000,117
5108,92089521630916,13.337897,3.201385,0.390280,10.131114,0.000000,117
5109,92089534968813,13.326972,1.060539,1.354096,12.261289,0.000000,117
5110,92089548295785,13.335550,1.214646,0.701052,12.115260,0.000000,117
5111,92089561631335,13.333640,0.994121,0.379322,12.331706,0.000000,117
5112,92089574964975,13.332023,0.958288,0.280030,12.369002,0.000000,117
5113,92089588296998,13.337204,0.818302,0.308672,12.512252,0.000000,117
5114,92089601634202,13.336505,1.126114,0.304580,12.203764,0.000000,117
5115,92089614970707,13.328989,1.207419,0.554829,12.114755,0.000000,117
5116,92089628299696,13.336551,3.188813,0.293181,10.141062,0.000000,117
5117,92089641636247,13.333907,1.026039,0.276974,12.301180,0.000000,117
5118,92089654970154,13.328664,0.830638,0.302353,12.492296,0.000000,117
5119,92089668298818,13.332638,0.729404,0.457971,12.597823,0.000000,117
5120,92089681631456,13.341730,0.886426,0.383557,12.446777,0.000000,117
5121,92089694973186,13.325792,0.908027,0.443728,12.410666,0.000000,117
5122,92089708298978,13.333226,0.873232,0.491383,12.454824,0.000000,117
5123,92089721632204,13.338124,1.201997,0.396371,12.129588,0.000000,117
5124,92089734970328,13.327798,3.209868,0.446466,10.112422,0.000000,117
5125,92089748298126,13.334377,0.773852,0.464933,12.555581,0.000000,117
5126,92089761632503,13.343386,0.876746,0.465661,12.456881,0.000000,117
5127,92089774975889,13.324949,0.886167,1.181310,12.432165,0.000000,117
5128,92089788300838,13.331669,2.643576,0.436038,10.682836,0.000000,118
5129,92089801632507,13.337029,0.810085,0.437504,12.520926,0.000000,118
5130,92089814969536,13.328366,0.822679,0.409667,12.500292,0.000000,118
5131,92089828297902,13.333890,1.606878,0.435672,11.721544,0.000000,118
5132,92089841631792,13.339068,3.199043,0.433501,10.133228,0.000000,118
5133,92089854970860,13.326931,0.953218,0.405722,12.368202,0.000000,118
5134,92089868297791,13.336291,0.622560,0.359245,12.706173,0.000000,118
5135,92089881634082,13.339173,0.990782,0.323696,12.342716,0.000000,118
5136,92089894973255,13.330643,1.080968,0.387009,12.242071,0.000000,118
5137,92089908303898,13.329502,0.822657,0.397640,12.500863,0.000000,118
5138,92089921633400,13.341039,0.766500,0.447609,12.566790,0.000000,118
5139,92089934974439,13.325001,1.076312,0.423634,12.243228,0.000000,118
5140,92089948299440,13.333696,3.120613,0.402276,10.208041,0.000000,118
5141,92089961633136,13.337262,0.732698,0.441930,12.598572,0.000000,118
5142,92089974970398,13.329260,0.967019,0.433009,12.356534,0.000000,118
5143,92089988299658,13.331892,0.697700,0.406378,12.629409,0.000000,118
5144,92090001631550,13.357258,0.680770,0.510533,12.672024,0.000000,118
5145,92090014988808,13.333586,0.934121,0.306290,12.394918,0.000000,118
5146,92090028322394,13.331908,0.756552,0.384585,12.570403,0.000000,118
5147,92090041654302,13.335056,0.998875,0.413242,12.330315,0.000000,118
5148,92090054989358,13.333089,3.570850,0.438437,9.757099,0.000000,118
5149,92090068322447,13.334481,0.697713,0.515543,12.631850,0.000000,118
5150,92090081656928,13.336382,1.063911,0.479365,12.265100,0.000000,118
5151,92090094993310,13.330922,1.061565,0.455476,12.262707,0.000000,118
5152,92090108324232,13.333154,1.329222,0.464117,11.997320,0.000000,118
5153,92090121657386,13.337169,1.156386,0.412855,12.171879,0.000000,118
5154,92090134994555,13.331852,0.941935,0.413207,12.382415,0.000000,118
5155,92090148326407,13.330943,1.194610,0.445713,12.128895,0.000000,118
5156,92090161657350,13.332406,3.752999,0.438923,9.573532,0.000000,118
5157,92090174989756,13.335889,1.120789,0.409559,12.208835,0.000000,118
5158,92090188325645,13.332742,0.934484,0.384000,12.391310,0.000000,118
5159,92090201658387,13.333582,1.276003,0.519496,12.049494,0.000000,118
5160,92090214991969,13.335508,1.090087,0.389923,12.237164,0.000000,118
5161,92090228327477,13.333778,0.916949,0.421420,12.408928,0.000000,118
5162,92090241661255,13.330531,0.971607,0.398146,12.351688,0.000000,118
5163,92090254991786,13.334570,1.161258,0.408349,12.166861,0.000000,118
5164,92090268326356,13.331504,3.228943,0.405972,10.096411,0.000000,118
5165,92090281657860,13.336643,0.777212,0.389520,12.551804,0.000000,118
5166,92090294994503,13.334076,0.784425,0.418755,12.543737,0.000000,118
5167,92090308328579,13.329452,0.821828,0.301665,12.501809,0.000000,118
5168,92090321658031,13.333553,0.765984,0.286396,12.561802,0.000000,118
5169,92090334991584,13.341396,0.818949,0.286122,12.512806,0.000000,118
5170,92090348332980,13.333280,0.863633,0.407534,12.457648,0.000000,118
5171,92090361666260,13.328516,0.992736,0.439175,12.328493,0.000000,118
5172,92090374994776,13.331608,3.178211,0.384784,10.146845,0.000000,118
5173,92090388326384,13.331639,0.804711,0.442258,12.521031,0.000000,118
5174,92090401658023,13.337145,0.951747,0.382825,12.379521,0.000000,118
5175,92090414995168,13.350539,0.799261,0.436890,12.544615,0.000000,118
5176,92090428345707,13.347986,0.791467,0.394753,12.550266,0.000000,118
5177,92090441693693,13.359045,0.781109,0.406244,12.567641,0.000000,118
5178,92090455052738,13.341872,0.721424,0.419242,12.614003,0.000000,118
5179,92090468394610,13.352309,0.920344,0.255579,12.426019,0.000000,118
5180,92090481746919,13.335197,3.345709,0.190912,9.980936,0.000000,118
5181,92090495082116,13.332823,0.853007,0.189235,12.472077,0.000000,118
5182,92090508414939,13.331119,0.888252,0.235148,12.435377,0.000000,118
5183,92090521746058,13.333354,0.989205,0.376776,12.337643,0.000000,118
5184,92090535079412,13.334161,1.171268,0.404292,12.156009,0.000000,118
5185,92090548413573,13.333415,0.855651,0.459908,12.469544,0.000000,118
5186,92090561746988,13.332341,1.059239,0.323496,12.266035,0.000000,118
5187,92090575079329,13.338811,1.179610,0.333623,12.150570,0.000000,118
5188,92090588418140,13.328121,3.487488,0.393269,9.832238,0.000000,118
5189,92090601746261,13.333317,0.889303,0.335817,12.437430,0.000000,118
5190,92090615079578,13.339713,0.816786,0.356011,12.512356,0.000000,118
5191,92090628419291,13.330375,0.869128,0.350683,12.451418,0.000000,118
5192,92090641749666,13.333310,1.063477,0.320336,12.261652,0.000000,118
5193,92090655082976,13.328585,1.040677,0.248797,12.280975,0.000000,118
5194,92090668411561,13.333542,0.718405,0.311924,12.609869,0.000000,118
5195,92090681745103,13.335571,1.240623,0.245717,12.088292,0.000000,118
5196,92090695080674,13.331917,3.490471,0.235442,9.834851,0.000000,118
5197,92090708412591,13.336902,0.782345,0.263758,12.547319,0.000000,118
5198,92090721749493,13.330231,1.128264,0.263852,12.195054,0.000000,118
5199,92090735079724,13.332721,0.962613,0.231254,12.364331,0.000000,118
5200,92090748412445,13.337273,0.763573,0.310936,12.566671,0.000000,118
5201,92090761749718,13.330946,0.889985,0.352781,12.433453,0.000000,118
5202,92090775080664,13.336046,0.822885,0.326011,12.506254,0.000000,118
5203,92090788416710,13.331538,1.042622,0.408562,12.281056,0.000000,118
5204,92090801748248,13.336769,3.638396,0.402656,9.691463,0.000000,118
5205,92090815085017,13.332031,1.073507,0.366230,12.249608,0.000000,118
5206,92090828417048,13.333544,0.923529,0.354109,12.400308,0.000000,118
5207,92090841750592,13.331842,1.003074,0.344493,12.320748,0.000000,118
5208,92090855082434,13.332925,1.063700,0.346162,12.261563,0.000000,118
5209,92090868415359,13.340199,0.967089,0.363331,12.362792,0.000000,118
5210,92090881755558,13.326758,0.931271,0.379738,12.387130,0.000000,118
5211,92090895082316,13.332554,1.583202,0.507487,11.742284,0.000000,118
5212,92090908414870,13.335355,3.603498,0.433750,9.725157,0.000000,118
5213,92090921750225,13.333912,1.092065,0.385376,12.235052,0.000000,118
5214,92090935084137,13.330678,0.979974,0.401078,12.342854,0.000000,118
5215,92090948414815,13.332388,0.767144,0.430817,12.559858,0.000000,118
5216,92090961747203,13.333986,0.852773,0.425446,12.476054,0.000000,118
5217,92090975081189,13.334546,0.863691,0.438462,12.465191,0.000000,118
5218,92090988415735,13.333058,0.892538,0.470172,12.433883,0.000000,118
5219,92091001748793,13.331487,1.198503,0.369897,12.127709,0.000000,118
5220,92091015080280,13.332914,3.279189,0.457608,10.048487,0.000000,118
5221,92091028413194,13.335770,0.746400,0.443216,12.584573,0.000000,118
5222,92091041748964,13.331273,1.099647,0.374905,12.226474,0.000000,118
5223,92091055080237,13.335835,0.730734,0.389717,12.600251,0.000000,118
5224,92091068416072,13.331207,0.878487,0.412815,12.446613,0.000000,118
5225,92091081747279,13.333721,0.856005,0.431648,12.473108,0.000000,118
5226,92091095081000,13.337771,0.793600,0.375748,12.536857,0.000000,118
5227,92091108418771,13.328518,1.031086,0.350710,12.291839,0.000000,118
5228,92091121747289,13.336587,3.162044,0.337463,10.168997,0.000000,118
5229,92091135083876,13.334916,0.955986,0.381899,12.371488,0.000000,118
5230,92091148418792,13.327990,0.903705,0.418276,12.419122,0.000000,118
5231,92091161746782,13.333938,0.826837,0.313487,12.502099,0.000000,118
5232,92091175080720,13.333555,0.781376,0.271115,12.547371,0.000000,118
5233,92091188414275,13.336249,0.669216,0.472091,12.660718,0.000000,118
5234,92091201750524,13.331721,0.985570,0.375291,12.338358,0.000000,118
5235,92091215082245,13.331823,1.093491,0.331386,12.233705,0.000000,118
5236,92091228414068,13.336529,3.275248,0.343444,10.056573,0.000000,118
5237,92091241750597,13.330760,0.905239,0.319806,12.420561,0.000000,118
5238,92091255081357,13.336511,0.828950,0.267277,12.502751,0.000000,118
5239,92091268417868,13.330087,0.820362,0.369472,12.505512,0.000000,118
5240,92091281747955,13.340444,0.910213,0.274557,12.422520,0.000000,118
5241,92091295088399,13.329500,0.793562,0.267615,12.528602,0.000000,118
5242,92091308417899,13.330842,0.739185,0.491553,12.587575,0.000000,118
5243,92091321748741,13.345317,1.129476,0.359009,12.207151,0.000000,118
5244,92091335094058,13.323965,3.268773,0.344173,10.047269,0.000000,118
5245,92091348418023,13.332880,0.836821,0.321481,12.490572,0.000000,118
5246,92091361750903,13.336898,0.846276,0.339941,12.482303,0.000000,118
5247,92091375087801,13.335075,1.260789,0.343658,12.066089,0.000000,118
5248,92091388422876,13.330055,1.164157,0.528148,12.156319,0.000000,119
5249,92091401752931,13.332093,1.153911,0.353036,12.171241,0.000000,119
5250,92091415085024,13.335329,1.157863,0.449355,12.170188,0.000000,119
5251,92091428420353,13.331340,2.113639,0.363669,11.208406,0.000000,119
5252,92091441751693,13.331039,3.746769,0.393911,9.577912,0.000000,119
5253,92091455082732,13.341880,1.060015,0.362151,12.271307,0.000000,119
5254,92091468424612,13.330589,0.930581,0.356170,12.391200,0.000000,119
5255,92091481755201,13.329552,1.166945,0.329068,12.155536,0.000000,119
5256,92091495084753,13.334902,0.914421,0.343835,12.414053,0.000000,119
5257,92091508419655,13.333162,1.020903,0.327460,12.305327,0.000000,119
5258,92091521752817,13.332893,0.990809,0.322119,12.335150,0.000000,119
5259,92091535085710,13.333657,1.299027,0.304851,12.027809,0.000000,119
5260,92091548419367,13.334066,3.643645,0.319174,9.683678,0.000000,119
5261,92091561753433,13.332145,1.016874,0.325003,12.309109,0.000000,119
5262,92091575085578,13.333086,0.992209,0.290697,12.335055,0.000000,119
5263,92091588418664,13.335101,0.926587,0.326427,12.401958,0.000000,119
5264,92091601753765,13.333821,1.103989,0.304527,12.222027,0.000000,119
5265,92091615087586,13.334873,0.961278,0.317943,12.365495,0.000000,119
5266,92091628422459,13.340436,1.063186,0.320076,12.264412,0.000000,119
5267,92091641762895,13.326467,1.523635,0.266179,11.795598,0.000000,119
5268,92091655089362,13.330531,3.799627,0.259280,9.522951,0.000000,119
5269,92091668419893,13.331809,0.839636,0.264948,12.485801,0.000000,119
5270,92091681751702,13.337008,0.860031,0.260014,12.470352,0.000000,119
5271,92091695088710,13.331471,1.040991,0.243082,12.282797,0.000000,119
5272,92091708420181,13.335342,0.797925,0.256538,12.530304,0.000000,119
5273,92091721755523,13.337501,0.880591,0.256195,12.449069,0.000000,119
5274,92091735093024,13.332690,0.887503,0.256133,12.437691,0.000000,119
5275,92091748425714,13.334349,1.136636,0.294745,12.190584,0.000000,119
5276,92091761760063,13.332257,3.811700,0.247492,9.514087,0.000000,119
5277,92091775092320,13.332894,0.844046,0.237543,12.482643,0.000000,119
5278,92091788425214,13.333557,0.873129,0.233341,12.453776,0.000000,119
5279,92091801758771,13.334600,0.852484,0.240752,12.475289,0.000000,119
5280,92091815093371,13.488223,0.881317,0.287096,12.599187,0.000000,119
5281,92091828581594,13.332476,0.857181,0.249097,12.468406,0.000000,119
5282,92091841914070,13.332685,1.417847,0.240700,11.909007,0.000000,119
5283,92091855246755,13.335800,1.127469,0.281721,12.201419,0.000000,119
5284,92091868582555,13.331570,3.634461,0.242705,9.690713,0.000000,119
5285,92091881914125,13.335482,0.732072,0.235911,12.597637,0.000000,119
5286,92091895249607,13.331921,0.787300,0.254919,12.537856,0.000000,119
5287,92091908581528,13.333696,0.675915,0.239409,12.650920,0.000000,119
5288,92091921915224,13.333348,0.752463,0.233476,12.574081,0.000000,119
5289,92091935248572,13.332873,0.695551,0.247865,12.631108,0.000000,119
5290,92091948581445,13.333495,0.603064,0.269722,12.724321,0.000000,119
5291,92091961914940,13.333103,0.986237,0.268983,12.340466,0.000000,119
5292,92091975248043,13.332710,3.432181,0.240492,9.895028,0.000000,119
5293,92091988580753,13.332022,0.571142,0.215548,12.755164,0.000000,119
5294,92092001912775,13.332919,0.870047,0.229782,12.458802,0.000000,119
5295,92092015245694,13.334130,0.562835,0.238344,12.767358,0.000000,119
5296,92092028579824,13.339208,0.596877,0.261392,12.735409,0.000000,119
5297,92092041919032,13.330940,1.131732,0.269545,12.191460,0.000000,119
5298,92092055249972,13.332544,0.988006,0.260958,12.336882,0.000000,119
5299,92092068582516,13.331750,0.991501,0.212670,12.334803,0.000000,119
5300,92092081914266,13.332740,3.531167,0.214020,9.796202,0.000000,119
5301,92092095247006,13.333361,0.747074,0.252128,12.581318,0.000000,119
5302,92092108580367,13.341332,0.698192,0.215608,12.636380,0.000000,119
5303,92092121921699,13.327766,0.864228,0.233477,12.456693,0.000000,119
5304,92092135249465,13.332768,0.941413,0.221935,12.384186,0.000000,119
5305,92092148582233,13.337688,0.783429,0.210411,12.544644,0.000000,119
5306,92092161919921,13.354068,0.844504,0.205590,12.502673,0.000000,119
5307,92092175273989,13.333474,1.222238,0.200327,12.104142,0.000000,119
5308,92092188607463,13.332128,3.562595,0.262910,9.762625,0.000000,119
5309,92092201939591,13.335945,0.775580,0.180366,12.553389,0.000000,119
5310,92092215275536,13.328776,0.808026,0.155494,12.515589,0.000000,119
5311,92092228604312,13.336609,0.537269,0.287152,12.794406,0.000000,119
5312,92092241940921,13.332253,0.954263,0.231963,12.370330,0.000000,119
5313,92092255273174,13.332717,0.981911,0.217596,12.345293,0.000000,119
5314,92092268605891,13.334315,0.702449,0.232433,12.625988,0.000000,119
5315,92092281940206,13.333271,1.034550,0.214088,12.292115,0.000000,119
5316,92092295273477,13.331744,3.206244,0.182349,10.119929,0.000000,119
5317,92092308605221,13.333527,0.490639,0.197858,12.837978,0.000000,119
5318,92092321938748,13.333150,0.601646,0.187514,12.726289,0.000000,119
5319,92092335271898,13.333359,0.608696,0.155265,12.719201,0.000000,119
5320,92092348605257,13.333667,0.505602,0.160576,12.822781,0.000000,119
5321,92092361938924,13.332417,0.617145,0.168649,12.711231,0.000000,119
5322,92092375271341,13.334626,0.632294,0.224325,12.697083,0.000000,119
5323,92092388605967,13.336267,0.689800,0.211624,12.641185,0.000000,119
5324,92092401942234,13.330928,3.215982,0.194258,10.108061,0.000000,119
5325,92092415273162,13.331999,0.619738,0.171752,12.708180,0.000000,119
5326,92092428605161,13.333644,0.545144,0.157649,12.782440,0.000000,119
5327,92092441938805,13.335819,0.638414,0.189539,12.692071,0.000000,119
5328,92092455274624,13.332306,0.757931,0.214228,12.568169,0.000000,119
5329,92092468606930,13.334843,0.560396,0.209039,12.767315,0.000000,119
5330,92092481941773,13.334386,0.756411,0.162776,12.570764,0.000000,119
5331,92092495276159,13.329607,0.940565,0.150759,12.383142,0.000000,119
5332,92092508605766,13.334611,3.015525,0.184604,10.313076,0.000000,119
5333,92092521940377,13.340119,0.630953,0.186555,12.700485,0.000000,119
5334,92092535280496,13.325456,0.690408,0.187699,12.628518,0.000000,119
5335,92092548605952,13.333657,0.510276,0.186202,12.818589,0.000000,119
5336,92092561939609,13.333364,0.905810,0.174968,12.423014,0.000000,119
5337,92092575272973,13.333711,0.614916,0.178972,12.714066,0.000000,119
5338,92092588606684,13.332880,0.532065,0.153361,12.796217,0.000000,119
5339,92092601939564,13.332782,0.757632,0.215094,12.571043,0.000000,119
5340,92092615272346,13.335086,3.061275,0.196157,10.269700,0.000000,119
5341,92092628607432,13.332927,0.581211,0.195780,12.745859,0.000000,119
5342,92092641940359,13.334358,0.657381,0.228572,12.672607,0.000000,119
5343,92092655274717,13.331909,0.642804,0.172470,12.685107,0.000000,119
5344,92092668606626,13.336661,0.488790,0.192563,12.841820,0.000000,119
5345,92092681943287,13.330867,0.681407,0.194074,12.643802,0.000000,119
5346,92092695274154,13.332911,0.643706,0.201767,12.684508,0.000000,119
5347,92092708607065,13.336713,0.742101,0.154684,12.588850,0.000000,119
5348,92092721943778,13.330711,3.250724,0.185077,10.073612,0.000000,119
5349,92092735274489,13.333478,0.659794,0.188801,12.668583,0.000000,119
5350,92092748607967,13.333667,0.543511,0.186013,12.785263,0.000000,119
5351,92092761941634,13.333718,0.671015,0.180577,12.657174,0.000000,119
5352,92092775275352,13.332826,0.647333,0.189013,12.679791,0.000000,119
5353,92092788608178,13.335062,0.561243,0.205516,12.767251,0.000000,119
5354,92092801943240,13.332721,0.674507,0.188069,12.652110,0.000000,119
5355,92092815275961,13.331501,0.903126,0.207812,12.422939,0.000000,119
5356,92092828607462,13.332977,2.942898,0.178728,10.385565,0.000000,119
5357,92092841940439,13.334401,0.633801,0.213152,12.695542,0.000000,119
5358,92092855274840,13.332789,0.654334,0.223176,12.673162,0.000000,119
5359,92092868607629,13.332285,0.641570,0.222208,12.685585,0.000000,119
5360,92092881939914,13.337682,0.582730,0.242132,12.749643,0.000000,119
5361,92092895277596,13.329586,0.702327,0.214852,12.621187,0.000000,119
5362,92092908607182,13.337122,0.521717,0.224806,12.810343,0.000000,119
5363,92092921944304,13.331110,0.960450,0.209153,12.365360,0.000000,119
5364,92092935275414,13.331511,3.089455,0.182193,10.236389,0.000000,119
5365,92092948606925,13.335740,0.422660,0.217584,12.909160,0.000000,119
5366,92092961942665,13.336289,0.664997,0.277578,12.663782,0.000000,119
5367,92092975278954,13.330016,1.074400,0.223468,12.250016,0.000000,119
5368,92092988608970,13.381665,0.594662,0.217389,12.780967,0.000000,119
5369,92093001990635,13.333414,0.783601,0.200783,12.543032,0.000000,119
5370,92093015324049,13.333000,0.886372,0.252707,12.440281,0.000000,119
5371,92093028657049,13.333824,0.932392,0.237109,12.393630,0.000000,119
5372,92093041990873,13.328557,3.163878,0.184221,10.160124,0.000000,119
5373,92093055319430,13.335169,0.486366,0.225647,12.844316,0.000000,119
5374,92093068654599,13.334958,0.501443,0.223936,12.828236,0.000000,119
5375,92093081989557,13.334616,0.683006,0.232109,12.645663,0.000000,119
5376,92093095324173,13.333341,0.806976,0.243863,12.520834,0.000000,119
5377,92093108657514,13.331709,0.738990,0.209095,12.587155,0.000000,119
5378,92093121989223,13.330177,0.655433,0.220817,12.670830,0.000000,119
5379,92093135319400,13.337734,0.743291,0.280391,12.589667,0.000000,119
5380,92093148657134,13.331145,3.079434,0.224598,10.246826,0.000000,119
5381,92093161988279,13.344197,0.998740,0.222396,12.335234,0.000000,119
5382,92093175332476,13.321813,0.828315,0.227675,12.486699,0.000000,119
5383,92093188654289,13.344912,0.668634,0.255375,12.666364,0.000000,119
5384,92093201999201,13.323693,0.854670,0.253089,12.461466,0.000000,119
5385,92093215322894,13.331672,0.773246,0.399395,12.553827,0.000000,119
5386,92093228654566,13.336257,0.749634,0.328340,12.581805,0.000000,119
5387,92093241990823,13.331720,1.159987,0.327244,12.166049,0.000000,119
5388,92093255322543,13.331494,3.241125,0.181406,10.086200,0.000000,119
5389,92093268654037,13.334521,0.538749,0.180626,12.791517,0.000000,119
5390,92093281988558,13.337769,0.694183,0.290330,12.635279,0.000000,119
5391,92093295326327,13.329820,0.731441,0.263068,12.592159,0.000000,119
5392,92093308656147,13.336303,0.729501,0.329197,12.601228,0.000000,120
5393,92093321992450,13.330798,0.783520,0.275713,12.541364,0.000000,120
5394,92093335323248,13.332750,0.923714,0.412004,12.404166,0.000000,120
5395,92093348655998,13.334229,1.998992,0.400950,11.329706,0.000000,120
5396,92093361990227,13.332232,3.733346,0.348642,9.594258,0.000000,120
5397,92093375322459,13.338540,0.811083,0.367349,12.520428,0.000000,120
5398,92093388660999,13.332595,0.937076,0.355250,12.387752,0.000000,120
5399,92093401993594,13.332625,0.976250,0.387291,12.349443,0.000000,120
5400,92093415326219,13.332172,1.114339,0.369065,12.211315,0.000000,120
5401,92093428658391,13.332958,0.844484,0.410343,12.482842,0.000000,120
5402,92093441991349,13.335255,0.923374,0.360611,12.404788,0.000000,120
5403,92093455326604,13.331422,1.359501,0.408409,11.965735,0.000000,120
5404,92093468658026,13.415748,3.805503,0.380442,9.603669,0.000000,120
5405,92093482073774,13.334486,0.971062,0.359535,12.357477,0.000000,120
5406,92093495408260,13.332851,0.974932,0.342690,12.351929,0.000000,120
5407,92093508741111,13.339533,0.811771,0.398202,12.519520,0.000000,120
5408,92093522080644,13.327762,1.051326,0.397269,12.269525,0.000000,120
5409,92093535408406,13.333560,0.999895,0.255578,12.327142,0.000000,120
5410,92093548741966,13.362287,0.886468,0.253621,12.469570,0.000000,120
5411,92093562104253,13.332287,1.318365,0.261743,12.007591,0.000000,120
5412,92093575436540,13.331734,3.889067,0.269165,9.437255,0.000000,120
5413,92093588768274,13.334957,0.738140,0.308985,12.591034,0.000000,120
5414,92093602103231,13.335792,1.116187,0.296313,12.212103,0.000000,120
5415,92093615439023,13.330858,1.014203,0.329734,12.310680,0.000000,120
5416,92093628769881,13.332455,0.848685,0.315084,12.477095,0.000000,120
5417,92093642102336,13.335864,0.960410,0.361020,12.369050,0.000000,120
5418,92093655438200,13.331931,0.995376,0.320601,12.328913,0.000000,120
5419,92093668770131,13.332728,1.089486,0.342958,12.238687,0.000000,120
5420,92093682102859,13.333291,3.680660,0.284258,9.646471,0.000000,120
5421,92093695436150,13.335125,0.879741,0.284405,12.449035,0.000000,120
5422,92093708771275,13.332651,0.914221,0.345372,12.412232,0.000000,120
5423,92093722103926,13.335959,0.990917,0.310592,12.338240,0.000000,120
5424,92093735439885,13.330931,1.116304,0.283777,12.207766,0.000000,120
5425,92093748770816,13.337948,0.932343,0.309241,12.396471,0.000000,120
5426,92093762108764,13.343770,1.018179,0.295921,12.317659,0.000000,120
5427,92093775452534,13.338617,1.314552,0.317925,12.014638,0.000000,120
5428,92093788791151,13.326488,3.642307,0.291336,9.677611,0.000000,120
5429,92093802117639,13.335743,0.933748,0.339298,12.395552,0.000000,120
5430,92093815453382,13.332899,1.006137,0.317184,12.320131,0.000000,120
5431,92093828786281,13.332896,0.943616,0.288294,12.383387,0.000000,120
5432,92093842119177,13.334027,1.069238,0.330737,12.258254,0.000000,120
5433,92093855453204,13.332095,1.007342,0.383801,12.318497,0.000000,120
5434,92093868785299,13.333124,0.919084,0.305221,12.408736,0.000000,120
5435,92093882118423,13.340168,1.294808,0.343675,12.035914,0.000000,120
5436,92093895458591,13.326670,3.812318,0.280948,9.508058,0.000000,120
5437,92093908785261,13.340576,0.756132,0.197493,12.575378,0.000000,120
5438,92093922125837,13.327185,0.970683,0.141864,12.351072,0.000000,120
5439,92093935453022,13.337291,0.870770,0.150136,12.457779,0.000000,120
5440,92093948790313,13.330810,0.873942,0.235761,12.450430,0.000000,120
5441,92093962121123,13.332024,0.934122,0.294783,12.391821,0.000000,120
5442,92093975453147,13.334843,1.054308,0.179951,12.273861,0.000000,120
5443,92093988787990,13.333949,1.042885,0.190717,12.284070,0.000000,120
5444,92094002121939,13.330317,3.887644,0.214230,9.436951,0.000000,120
5445,92094015452256,13.334641,0.904309,0.219390,12.425148,0.000000,120
5446,92094028786897,13.334123,0.701744,0.289528,12.626205,0.000000,120
5447,92094042121020,13.334714,1.017152,0.250041,12.309412,0.000000,120
5448,92094055455734,13.337969,0.877729,0.220534,12.448932,0.000000,120
5449,92094068793703,13.328800,0.869903,0.257867,12.451756,0.000000,120
5450,92094082122503,13.331001,1.018704,0.792240,12.306258,0.000000,120
5451,92094095453504,13.335417,1.444083,0.406285,11.884843,0.000000,120
5452,92094108788921,13.330796,3.630428,0.302410,9.694476,0.000000,120
5453,92094122119717,13.337908,0.872719,0.265469,12.457784,0.000000,120
5454,92094135457625,13.331691,0.916168,0.296080,12.407077,0.000000,120
5455,92094148789316,13.331970,0.966595,0.309183,12.359633,0.000000,120
5456,92094162121286,13.336565,0.904948,0.269596,12.423911,0.000000,120
5457,92094175457851,13.330692,0.835318,0.309560,12.489092,0.000000,120
5458,92094188788543,13.335079,0.830323,0.321129,12.497621,0.000000,120
5459,92094202123622,13.330363,1.445894,0.303618,11.878470,0.000000,120
5460,92094215453985,13.333931,3.763687,0.178539,9.564117,0.000000,120
5461,92094228787916,13.335057,0.752589,0.263491,12.576641,0.000000,120
5462,92094242122973,13.331736,1.246657,0.213642,12.078512,0.000000,120
5463,92094255454709,13.333842,1.026442,0.259830,12.301632,0.000000,120
5464,92094268788551,13.333582,0.942307,0.262600,12.384518,0.000000,120
5465,92094282122133,13.333438,0.982464,0.241124,12.344433,0.000000,120
5466,92094295455571,13.333961,0.930972,0.242572,12.396932,0.000000,120
5467,92094308789532,13.334500,1.177572,0.422167,12.150200,0.000000,120
5468,92094322124032,13.330851,3.405274,0.400255,9.919121,0.000000,120
5469,92094335454883,13.335389,0.942409,0.472537,12.388387,0.000000,120
5470,92094348790272,13.334132,0.882253,0.424692,12.444925,0.000000,120
5471,92094362124404,13.330743,1.133969,0.381758,12.190655,0.000000,120
5472,92094375455147,13.333390,0.979349,0.421634,12.349195,0.000000,120
5473,92094388788537,13.334953,0.870182,0.387199,12.458753,0.000000,120
5474,92094402123490,13.334547,1.068668,0.564400,12.259559,0.000000,120
5475,92094415458037,13.330202,1.230474,0.449971,12.094331,0.000000,120
5476,92094428788239,13.334030,3.296925,0.532919,10.032583,0.000000,120
5477,92094442122269,13.333161,0.986135,0.492529,12.342260,0.000000,120
5478,92094455455430,13.336496,1.371237,0.461646,11.959102,0.000000,120
5479,92094468791926,13.332433,1.005889,0.455125,12.321484,0.000000,120
5480,92094482124359,13.333973,1.266983,0.440066,12.060052,0.000000,120
5481,92094495458332,13.332071,1.116963,0.575623,12.209899,0.000000,120
5482,92094508790403,13.332983,0.996419,0.502844,12.330767,0.000000,120
5483,92094522123386,13.333032,3.110705,0.435926,10.217721,0.000000,120
5484,92094535456418,13.334297,3.310264,0.435610,10.018726,0.000000,120
5485,92094548790715,13.333004,0.738550,0.559572,12.588563,0.000000,120
5486,92094562123719,13.332409,1.088479,0.523435,12.239195,0.000000,120
5487,92094575456128,13.334985,1.096004,0.481230,12.232853,0.000000,120
5488,92094588791113,13.334131,0.922050,0.567894,12.406504,0.000000,120
5489,92094602125244,13.334106,1.230611,0.589837,12.096432,0.000000,120
5490,92094615459350,13.332821,1.167030,0.521089,12.157992,0.000000,120
5491,92094628792171,13.330843,1.356460,0.456536,11.969112,0.000000,120
5492,92094642123014,13.334758,3.917836,0.434712,9.411484,0.000000,120
5493,92094655457772,13.332913,0.912833,0.418607,12.414522,0.000000,120
5494,92094668790685,13.333130,0.834453,0.543948,12.493783,0.000000,120
5495,92094682123815,13.337344,0.937496,0.464244,12.394388,0.000000,120
5496,92094695461159,13.332805,1.128609,0.537468,12.197068,0.000000,120
5497,92094708793964,13.333045,2.014909,0.508039,11.310987,0.000000,120
5498,92094722127009,13.336635,1.062586,0.446773,12.266616,0.000000,120
5499,92094735463644,13.329075,1.259221,0.492696,12.062622,0.000000,120
5500,92094748792719,13.330962,3.297660,0.442312,10.027565,0.000000,120
5501,92094762123681,13.333976,0.762099,0.507713,12.567199,0.000000,120
5502,92094775457657,13.335911,0.976948,0.492323,12.352879,0.000000,120
5503,92094788793568,13.333126,0.911713,0.514176,12.415427,0.000000,120
5504,92094802126694,13.332754,0.973870,0.523252,12.351984,0.000000,120
5505,92094815459448,13.333913,0.969860,0.503247,12.357905,0.000000,120
5506,92094828793361,13.332375,0.981746,0.468767,12.344570,0.000000,120
5507,92094842125736,13.335591,1.243585,0.483679,12.085773,0.000000,120
5508,92094855461327,13.328813,3.452898,0.477435,9.870235,0.000000,120
5509,92094868790140,13.335625,0.639286,0.493217,12.692004,0.000000,120
5510,92094882125765,13.335414,0.906628,0.470045,12.422383,0.000000,120
5511,92094895461179,13.331585,1.014783,0.469272,12.310709,0.000000,120
5512,92094908792764,13.332103,0.889227,0.519389,12.438064,0.000000,120
5513,92094922124867,13.334410,0.880652,0.480766,12.448557,0.000000,120
5514,92094935459277,13.332681,0.907477,0.512495,12.420108,0.000000,120
5515,92094948791958,13.335463,1.112494,0.447676,12.217894,0.000000,120
5516,92094962127421,13.331198,3.429804,0.431325,9.896137,0.000000,120
5517,92094975458619,13.335494,0.952506,0.473711,12.377824,0.000000,120
5518,92094988794113,13.331522,1.052987,0.382061,12.273989,0.000000,120
5519,92095002125635,13.335655,1.023630,0.489212,12.306198,0.000000,120
5520,92095015461290,13.331512,1.072736,0.444701,12.252727,0.000000,120
5521,92095028792802,13.333684,0.772754,0.461447,12.555883,0.000000,120
5522,92095042126486,13.331471,0.960664,0.481887,12.366593,0.000000,120
5523,92095055457957,13.335283,1.001321,0.561574,12.328719,0.000000,120
5524,92095068793240,13.331895,3.341118,0.415644,9.986321,0.000000,120
5525,92095082125135,13.335959,0.730721,0.674165,12.601243,0.000000,121
5526,92095095461094,13.332858,0.938177,0.474345,12.389324,0.000000,121
5527,92095108793952,13.332395,0.776175,0.471220,12.550913,0.000000,121
5528,92095122126347,13.333635,0.831540,0.486216,12.498114,0.000000,121
5529,92095135459982,13.332670,0.862619,0.553617,12.465208,0.000000,121
5530,92095148792652,13.332700,0.732892,0.448365,12.594947,0.000000,121
5531,92095162125352,13.333383,1.039065,0.481642,12.289917,0.000000,121
5532,92095175458735,13.333826,3.352048,0.432173,9.977539,0.000000,121
5533,92095188792561,13.333233,0.753340,0.466110,12.575633,0.000000,121
5534,92095202125794,13.333666,0.836245,0.459768,12.493454,0.000000,121
5535,92095215459460,13.333742,0.839250,0.452056,12.490106,0.000000,121
5536,92095228793202,13.333235,0.728358,0.490762,12.599414,0.000000,121
5537,92095242126437,13.332774,0.781435,0.438258,12.546675,0.000000,121
5538,92095255459211,13.334541,0.779051,0.456951,12.550818,0.000000,121
5539,92095268793752,13.331991,0.939034,0.457022,12.387645,0.000000,121
5540,92095282125743,13.334124,3.236932,0.433093,10.092662,0.000000,121
5541,92095295459867,13.333215,0.763792,0.473921,12.565241,0.000000,121
5542,92095308793082,13.334318,0.700624,0.356945,12.628864,0.000000,121
5543,92095322127400,13.334620,0.841918,0.348332,12.487744,0.000000,121
5544,92095335462020,13.332496,1.165034,0.314473,12.162483,0.000000,121
5545,92095348794516,13.335132,0.807918,0.321671,12.521801,0.000000,121
5546,92095362129648,13.333073,0.894196,0.560264,12.434251,0.000000,121
5547,92095375462721,13.332928,1.085390,0.703888,12.242157,0.000000,121
5548,92095388795649,13.332920,3.273305,0.383333,10.053819,0.000000,121
5549,92095402128569,13.333686,0.918175,0.293348,12.409835,0.000000,121
5550,92095415462255,13.333754,0.970687,0.266222,12.357335,0.000000,121
5551,92095428796009,13.331325,0.890171,0.427494,12.436068,0.000000,121
5552,92095442127334,13.334444,1.150912,0.441586,12.178202,0.000000,121
5553,92095455461778,13.332071,0.974309,0.534524,12.352947,0.000000,121
5554,92095468793849,13.337243,0.816260,0.740891,12.515501,0.000000,121
5555,92095482131092,13.331903,1.102466,0.452719,12.223987,0.000000,121
5556,92095495462995,13.333201,3.358900,0.410877,9.969366,0.000000,121
5557,92095508796196,13.334740,0.768318,0.491875,12.560638,0.000000,121
5558,92095522130936,13.332797,0.940128,0.435249,12.386378,0.000000,121
5559,92095535463733,13.333556,0.965247,0.457616,12.362465,0.000000,121
5560,92095548797289,13.334075,0.922991,0.314835,12.404434,0.000000,121
5561,92095562131364,13.330611,1.029793,0.269687,12.294991,0.000000,121
5562,92095575461975,13.334794,1.053634,0.317575,12.275957,0.000000,121
5563,92095588796769,13.334532,1.100769,0.346741,12.227647,0.000000,121
5564,92095602131301,13.331233,3.977477,0.255421,9.347577,0.000000,121
5565,92095615462534,13.336781,0.967793,0.293317,12.362777,0.000000,121
5566,92095628799315,13.330374,0.874264,0.416324,12.449809,0.000000,121
5567,92095642129689,13.333214,0.779866,0.435927,12.547719,0.000000,121
5568,92095655462903,13.333216,0.874994,0.430095,12.453124,0.000000,121
5569,92095668796119,13.335410,0.828303,0.465258,12.499263,0.000000,121
5570,92095682131529,13.331800,1.135966,0.451939,12.188604,0.000000,121
5571,92095695463329,13.332493,1.307908,0.474203,12.018577,0.000000,121
5572,92095708795822,13.333608,3.194163,0.442300,10.135132,0.000000,121
5573,92095722129430,13.333160,0.749678,0.443536,12.578315,0.000000,121
5574,92095735462590,13.332462,0.756598,0.715311,12.571269,0.000000,121
5575,92095748795052,13.335278,0.640936,0.470203,12.690137,0.000000,121
5576,92095762130330,13.336954,0.881193,0.471584,12.448668,0.000000,121
5577,92095775467284,13.334024,1.005028,0.470201,12.319402,0.000000,121
5578,92095788801308,13.332432,0.991746,1.830392,12.333263,0.000000,121
5579,92095802133740,13.332951,1.338835,0.468587,11.986583,0.000000,121
5580,92095815466691,13.330901,3.723212,1.192395,9.601710,0.000000,121
5581,92095828797592,13.336330,0.784102,0.462284,12.547636,0.000000,121
5582,92095842133922,13.330331,1.023604,0.439128,12.300792,0.000000,121
5583,92095855464253,13.335371,0.994839,0.500002,12.334541,0.000000,121
5584,92095868799624,13.333893,0.907560,0.474392,12.420158,0.000000,121
5585,92095882133517,13.331843,0.954514,0.452481,12.371791,0.000000,121
5586,92095895465360,13.333302,0.994808,0.413743,12.331755,0.000000,121
5587,92095908798662,13.335334,1.191331,0.490232,12.137544,0.000000,121
5588,92095922133996,13.331679,3.500895,0.445331,9.824094,0.000000,121
5589,92095935465675,13.336355,0.943581,0.490111,12.386227,0.000000,121
5590,92095948802030,13.330650,0.889391,0.469711,12.433532,0.000000,121
5591,92095962132680,13.332689,0.847791,1.375442,12.478616,0.000000,121
5592,92095975465369,13.333582,0.830946,0.446781,12.496844,0.000000,121
5593,92095988798951,13.333439,0.752110,0.530865,12.575509,0.000000,121
5594,92096002132390,13.334963,0.871283,0.441458,12.458351,0.000000,121
5595,92096015467353,13.331913,1.153447,0.470840,12.171694,0.000000,121
5596,92096028799266,13.332863,3.293536,0.443203,10.034408,0.000000,121
5597,92096042132129,13.335990,0.928417,0.454252,12.400870,0.000000,121
5598,92096055468119,13.332390,1.060388,0.333926,12.264440,0.000000,121
5599,92096068800509,13.333216,0.819405,0.331344,12.508260,0.000000,121
5600,92096082133725,13.333662,0.865379,0.322216,12.461874,0.000000,121
5601,92096095467387,13.334041,0.847676,0.322106,12.480342,0.000000,121
5602,92096108801428,13.330520,0.795381,0.328422,12.529892,0.000000,121
5603,92096122131948,13.336552,1.110025,0.672007,12.220856,0.000000,121
5604,92096135468500,13.328689,3.558065,0.432417,9.765671,0.000000,121
5605,92096148797189,13.335200,0.714336,0.441117,12.616225,0.000000,121
5606,92096162132389,13.333381,0.897251,0.448192,12.430610,0.000000,121
5607,92096175465770,13.335016,0.891861,0.444162,12.437583,0.000000,121
5608,92096188800786,13.335250,0.835193,0.458031,12.493532,0.000000,121
5609,92096202136036,13.332475,1.033055,0.455565,12.292054,0.000000,121
5610,92096215468511,13.332858,1.131760,0.464204,12.193630,0.000000,121
5611,92096228801369,13.333127,1.210323,0.502307,12.115663,0.000000,121
5612,92096242134496,13.333099,3.923346,0.422086,9.403820,0.000000,121
5613,92096255467595,13.335752,1.002959,0.313216,12.325224,0.000000,121
5614,92096268803347,13.331690,0.959616,0.288707,12.364777,0.000000,121
5615,92096282135037,13.333377,1.029568,0.299980,12.296698,0.000000,121
5616,92096295468414,13.331033,0.955148,0.437141,12.369181,0.000000,121
5617,92096308799447,13.334234,0.757793,0.388088,12.571155,0.000000,121
5618,92096322133681,13.331118,0.829037,0.300774,12.496888,0.000000,121
5619,92096335464799,13.334367,0.985077,0.322489,12.344889,0.000000,121
5620,92096348799166,13.333502,3.226130,0.305268,10.102503,0.000000,121
5621,92096362132668,13.333430,0.805220,0.433394,12.523502,0.000000,121
5622,92096375466098,13.332602,0.771511,0.437256,12.556637,0.000000,121
5623,92096388798700,13.334274,0.741274,0.446161,12.587741,0.000000,121
5624,92096402132974,13.335514,0.820637,0.433892,12.509770,0.000000,121
5625,92096415468488,13.333611,0.839628,0.319788,12.488290,0.000000,121
5626,92096428802099,13.333571,0.906425,0.307610,12.421011,0.000000,121
5627,92096442135670,13.331051,1.269046,0.491428,12.056091,0.000000,121
5628,92096455466721,13.335763,3.385430,0.443856,9.944708,0.000000,121
5629,92096468802484,13.334907,0.810188,0.489581,12.519095,0.000000,121
5630,92096482137391,13.329799,0.967628,0.441220,12.356036,0.000000,121
5631,92096495467190,13.334818,0.832198,0.461389,12.497390,0.000000,121
5632,92096508802008,13.332922,0.782822,0.465153,12.544867,0.000000,121
5633,92096522134930,13.334716,0.856535,0.467257,12.472782,0.000000,121
5634,92096535469646,13.333815,0.903898,0.931556,12.423960,0.000000,121
5635,92096548803461,13.332845,1.027314,0.482442,12.299681,0.000000,121
5636,92096562136306,13.334172,3.318039,0.458725,10.009563,0.000000,121
5637,92096575470478,13.333069,0.931030,0.399202,12.395867,0.000000,121
5638,92096588803547,13.333618,1.055727,0.307396,12.271626,0.000000,121
5639,92096602137165,13.332477,1.139342,0.449693,12.186794,0.000000,121
5640,92096615469642,13.331919,0.863722,0.464290,12.462128,0.000000,121
5641,92096628801561,13.332591,0.782673,0.464627,12.544867,0.000000,121
5642,92096642134152,13.332393,0.829145,0.325627,12.498022,0.000000,121
5643,92096655466545,13.336556,0.969445,0.354799,12.361836,0.000000,121
5644,92096668803101,13.330389,3.227064,0.301028,10.097856,0.000000,122
5645,92096682133490,13.334227,0.774067,0.440168,12.555543,0.000000,122
5646,92096695467717,13.333069,0.804980,0.325014,12.523590,0.000000,122
5647,92096708800786,13.334640,0.729184,0.415305,12.600535,0.000000,122
5648,92096722135426,13.335684,0.932751,0.448246,12.397999,0.000000,122
5649,92096735471110,13.337203,1.008592,0.383774,12.320849,0.000000,122
5650,92096748808313,13.328330,1.145323,0.332234,12.174632,0.000000,122
5651,92096762136643,13.334417,1.264740,1.179380,12.063462,0.000000,122
5652,92096775471060,13.330708,3.856791,0.420480,9.468177,0.000000,122
5653,92096788801768,13.333035,0.839527,0.428981,12.488713,0.000000,122
5654,92096802134803,13.334596,0.829008,0.456559,12.500377,0.000000,122
5655,92096815469399,13.331186,0.845114,0.424426,12.481180,0.000000,122
5656,92096828800585,13.335796,0.712262,0.436014,12.618808,0.000000,122
5657,92096842136381,13.331747,0.841600,0.524635,12.484956,0.000000,122
5658,92096855468128,13.332822,0.812667,0.443089,12.515519,0.000000,122
5659,92096868800950,13.333585,0.887494,0.457440,12.441414,0.000000,122
5660,92096882134535,13.334030,3.180988,0.453331,10.148619,0.000000,122
5661,92096895468565,13.332784,0.798907,0.453666,12.529079,0.000000,122
5662,92096908801349,13.337143,0.826270,0.379451,12.506193,0.000000,122
5663,92096922138492,13.330685,0.858855,0.417060,12.466487,0.000000,122
5664,92096935469177,13.333188,0.869128,0.334367,12.459405,0.000000,122
5665,92096948802365,13.335153,0.789439,0.351069,12.540796,0.000000,122
5666,92096962137518,13.333372,0.872222,0.347918,12.455718,0.000000,122
5667,92096975470890,13.333396,1.107409,0.369191,12.221058,0.000000,122
5668,92096988804286,13.331689,3.336564,0.424905,9.990706,0.000000,122
5669,92097002135975,13.332965,0.866675,0.340045,12.461674,0.000000,122
5670,92097015468940,13.336372,0.856485,0.338243,12.473952,0.000000,122
5671,92097028805312,13.332490,0.842299,1.422723,12.485009,0.000000,122
5672,92097042137802,13.332022,0.865808,0.809738,12.460865,0.000000,122
5673,92097055469824,13.333135,0.791808,0.817273,12.535633,0.000000,122
5674,92097068802959,13.333894,0.762635,0.705576,12.565408,0.000000,122
5675,92097082136853,13.334811,1.097608,0.935262,12.231866,0.000000,122
5676,92097095471664,13.340877,3.176663,0.945218,10.154761,0.000000,122
5677,92097108812541,13.328079,0.941957,0.735179,12.377361,0.000000,122
5678,92097122140620,13.332765,0.960823,0.340404,12.364892,0.000000,122
5679,92097135473385,13.335668,0.960382,0.290362,12.366711,0.000000,122
5680,92097148809053,13.330124,0.980824,0.325431,12.342039,0.000000,122
5681,92097162139177,13.333658,1.078232,0.467606,12.248832,0.000000,122
5682,92097175472835,13.330782,0.951124,0.458617,12.374143,0.000000,122
5683,92097188803617,13.334475,0.978009,0.461832,12.351670,0.000000,122
5684,92097202138092,13.333871,3.262507,0.478647,10.065452,0.000000,122
5685,92097215471963,13.335566,0.977650,0.334654,12.351480,0.000000,122
5686,92097228807529,13.331644,0.984434,0.322354,12.339761,0.000000,122
5687,92097242139173,13.333387,1.022961,0.326636,12.304021,0.000000,122
5688,92097255472560,13.334091,1.020312,0.340846,12.306496,0.000000,122
5689,92097268806651,13.332564,0.983211,0.357679,12.341866,0.000000,122
5690,92097282139215,13.333271,0.992535,0.326143,12.334406,0.000000,122
5691,92097295472486,13.335235,1.102906,0.332451,12.225466,0.000000,122
5692,92097308807721,13.331042,4.713439,0.312238,8.611241,0.000000,122
5693,92097322138763,13.333914,0.974887,0.304858,12.353609,0.000000,122
5694,92097335472677,13.333942,0.995579,0.307317,12.332336,0.000000,122
5695,92097348806619,13.333629,0.919343,0.334161,12.408049,0.000000,122
5696,92097362140248,13.332747,1.026536,0.312927,12.299831,0.000000,122
5697,92097375472995,13.333777,1.015492,0.313104,12.312221,0.000000,122
5698,92097388806772,13.334072,0.863330,0.343448,12.463977,0.000000,122
5699,92097402140844,13.333039,1.174521,0.318847,12.152911,0.000000,122
5700,92097415473883,13.332461,3.285835,0.301786,10.041534,0.000000,122
5701,92097428806344,13.334806,0.756777,0.458602,12.572542,0.000000,122
5702,92097442141150,13.331982,0.894732,0.433290,12.431646,0.000000,122
5703,92097455473132,13.333383,0.813818,0.467243,12.514865,0.000000,122
5704,92097468806515,13.335214,0.761097,0.462158,12.568250,0.000000,122
5705,92097482141729,13.332314,0.877030,0.448957,12.450034,0.000000,122
5706,92097495474043,13.332880,0.845165,0.462241,12.482735,0.000000,122
5707,92097508806923,13.334068,0.962193,0.458166,12.366691,0.000000,122
5708,92097522140991,13.332712,3.276202,0.445151,10.050920,0.000000,122
5709,92097535473703,13.333780,0.838046,0.422248,12.490412,0.000000,122
5710,92097548807483,13.333460,0.767250,0.374116,12.560692,0.000000,122
5711,92097562140943,13.332491,0.868618,0.327222,12.458928,0.000000,122
5712,92097575473434,13.333824,0.942003,0.318708,12.386165,0.000000,122
5713,92097588807258,13.334533,0.857245,0.341123,12.471373,0.000000,122
5714,92097602141791,13.333110,0.973371,0.316889,12.353358,0.000000,122
5715,92097615474901,13.333434,1.244035,0.324200,12.082949,0.000000,122
5716,92097628808335,13.333443,3.269945,0.339207,10.057255,0.000000,122
5717,92097642141778,13.332344,0.956651,0.319671,12.369503,0.000000,122
5718,92097655474122,13.333095,0.963068,0.328203,12.364351,0.000000,122
5719,92097668807217,13.335168,0.878706,0.343767,12.450224,0.000000,122
5720,92097682142385,13.331604,0.961516,0.317921,12.363326,0.000000,122
5721,92097695473989,13.333559,0.973625,0.323058,12.354245,0.000000,122
5722,92097708807548,13.333748,0.912178,0.320060,12.415795,0.000000,122
5723,92097722141296,13.334259,1.090431,0.316205,12.238456,0.000000,122
5724,92097735475555,13.332068,3.309055,0.301806,10.018008,0.000000,122
5725,92097748807623,13.332590,0.784022,0.320089,12.544387,0.000000,122
5726,92097762140213,13.334657,0.936621,0.487405,12.392278,0.000000,122
5727,92097775474870,13.332901,0.993264,0.441956,12.334096,0.000000,122
5728,92097788807771,13.336463,0.849597,0.497846,12.480897,0.000000,122
5729,92097802144234,13.333241,0.954846,0.470685,12.371567,0.000000,122
5730,92097815477475,13.330851,0.911172,0.444229,12.414178,0.000000,122
5731,92097828808326,13.332871,0.998398,0.451924,12.330022,0.000000,122
5732,92097842141197,13.458029,4.006119,0.478507,9.437127,0.000000,122
5733,92097855599226,13.452676,2.056213,0.445115,11.365140,0.000000,122
5734,92097869051902,13.431958,1.993189,0.440907,11.408482,0.000000,122
5735,92097882483860,13.309736,1.366777,0.435390,11.919725,0.000000,122
5736,92097895793596,13.330406,1.032372,0.438064,12.291515,0.000000,122
5737,92097909124002,13.332888,0.973103,0.424286,12.353932,0.000000,122
5738,92097922456890,13.335865,0.899468,0.432320,12.429865,0.000000,122
5739,92097935792755,13.331598,1.282263,0.452116,12.042956,0.000000,122
5740,92097949124353,13.333613,3.792624,0.404480,9.534770,0.000000,122
5741,92097962457966,13.334573,0.930678,0.421533,12.397945,0.000000,122
5742,92097975792539,13.332705,1.092098,0.417438,12.234027,0.000000,122
5743,92097989125244,13.332824,0.977450,0.434402,12.350027,0.000000,122
5744,92098002458068,13.333508,0.883864,0.419233,12.443066,0.000000,122
5745,92098015791576,13.334870,0.854753,0.412527,12.474295,0.000000,122
5746,92098029126446,13.332403,0.889914,0.412434,12.436734,0.000000,122
5747,92098042458849,13.333413,0.999250,0.413227,12.328575,0.000000,122
5748,92098055792262,13.334420,3.246645,0.442440,10.082139,0.000000,122
5749,92098069126682,13.333006,0.872987,0.436205,12.454350,0.000000,122
5750,92098082459688,13.331609,0.828193,0.423875,12.498880,0.000000,122
5751,92098095791297,13.335354,0.841557,0.416601,12.488588,0.000000,122
5752,92098109126651,13.331882,0.906679,0.409985,12.419757,0.000000,122
5753,92098122458533,13.332787,0.794730,0.312016,12.532915,0.000000,122
5754,92098135791320,13.335269,0.906012,0.430941,12.422806,0.000000,122
5755,92098149126589,13.331911,1.081446,0.453819,12.245248,0.000000,122
5756,92098162458500,13.333494,3.176397,0.435554,10.152025,0.000000,122
5757,92098175791994,13.334630,0.846683,0.442690,12.482630,0.000000,122
5758,92098189126624,13.332910,0.885384,0.419684,12.442327,0.000000,122
5759,92098202459534,13.332932,0.821854,0.425110,12.505847,0.000000,122
5760,92098215792466,13.333873,0.880400,0.418216,12.447988,0.000000,122
5761,92098229126339,13.332303,0.872133,0.425105,12.455025,0.000000,122
5762,92098242458642,13.333636,0.789251,0.402473,12.539228,0.000000,122
5763,92098255792278,13.333498,1.052099,0.417524,12.276208,0.000000,122
5764,92098269125776,13.333569,3.288241,0.413170,10.040302,0.000000,122
5765,92098282459345,13.333135,0.779880,0.417954,12.547875,0.000000,122
5766,92098295792480,13.335098,0.877402,0.424218,12.452367,0.000000,122
5767,92098309127578,13.332429,0.893608,0.396370,12.433375,0.000000,122
5768,92098322460007,13.332716,0.811137,0.406164,12.516982,0.000000,123
5769,92098335792723,13.333559,0.858817,0.414928,12.470240,0.000000,123
5770,92098349126282,13.333815,0.872576,0.476043,12.456052,0.000000,123
5771,92098362460097,13.332866,1.607802,0.474118,11.719734,0.000000,123
5772,92098375792963,13.335448,3.635556,0.458233,9.692442,0.000000,123
5773,92098389128411,13.331530,1.004122,0.458655,12.321548,0.000000,123
5774,92098402459941,13.334595,0.938002,0.457509,12.389787,0.000000,123
5775,92098415794536,13.332916,1.029874,0.442076,12.296452,0.000000,123
5776,92098429127452,13.334837,0.960877,0.448977,12.367225,0.000000,123
5777,92098442462289,13.331030,0.925878,0.452418,12.398556,0.000000,123
5778,92098455793319,13.332460,0.892088,0.318452,12.434409,0.000000,123
5779,92098469125779,13.332757,1.017085,0.316997,12.311333,0.000000,123
5780,92098482458536,13.332499,3.149403,0.298396,10.177985,0.000000,123
5781,92098495791035,13.333854,0.765791,0.307804,12.563649,0.000000,123
5782,92098509124889,13.334699,0.780957,0.317061,12.549197,0.000000,123
5783,92098522459588,13.332776,0.773966,0.288710,12.553413,0.000000,123
5784,92098535792364,13.334006,0.898077,0.303872,12.430993,0.000000,123
5785,92098549126370,13.333559,0.820159,0.435491,12.508245,0.000000,123
5786,92098562459929,13.332159,0.797038,0.432978,12.530590,0.000000,123
5787,92098575792088,13.333721,1.010645,0.421051,12.318038,0.000000,123
5788,92098589125809,13.335135,3.211511,0.444159,10.117791,0.000000,123
5789,92098602460944,13.332058,1.054051,0.417894,12.272212,0.000000,123
5790,92098615793002,13.333864,0.834296,0.454558,12.494187,0.000000,123
5791,92098629126866,13.333197,0.824073,0.484947,12.503841,0.000000,123
5792,92098642460063,13.333844,0.812396,0.447036,12.515917,0.000000,123
5793,92098655793907,13.332786,0.861689,0.439515,12.465939,0.000000,123
5794,92098669126693,13.333079,0.848202,0.440904,12.479523,0.000000,123
5795,92098682459772,13.332925,0.952865,0.321218,12.375125,0.000000,123
5796,92098695792697,13.333446,3.204135,0.311096,10.124839,0.000000,123
5797,92098709126143,13.333021,0.776846,0.308989,12.551394,0.000000,123
5798,92098722459164,13.335062,0.737918,0.326611,12.591885,0.000000,123
5799,92098735794226,13.331826,0.847469,0.304518,12.479307,0.000000,123
5800,92098749126052,13.334109,0.793110,0.313100,12.536423,0.000000,123
5801,92098762460161,13.334030,0.727683,0.303761,12.601590,0.000000,123
5802,92098775794191,13.331423,0.840819,0.299707,12.485143,0.000000,123
5803,92098789125614,13.333859,0.975439,0.300632,12.353729,0.000000,123
5804,92098802459473,13.334172,3.126502,0.433369,10.202607,0.000000,123
5805,92098815793645,13.333454,0.830629,0.450279,12.497783,0.000000,123
5806,92098829127099,13.333437,0.831769,0.440518,12.496267,0.000000,123
5807,92098842460536,13.333937,0.717500,0.445846,12.611565,0.000000,123
5808,92098855794473,13.333494,0.833322,0.444725,12.494064,0.000000,123
5809,92098869127967,13.333066,0.829544,0.434352,12.498223,0.000000,123
5810,92098882461033,13.333654,0.758188,0.455543,12.569884,0.000000,123
5811,92098895794687,13.332564,1.063618,0.447968,12.263286,0.000000,123
5812,92098909127251,13.334388,3.218179,0.431602,10.110756,0.000000,123
5813,92098922461639,13.332317,0.742586,0.448995,12.584747,0.000000,123
5814,92098935793956,13.332973,0.894724,0.431188,12.432299,0.000000,123
5815,92098949126929,13.333834,0.800572,0.431306,12.527988,0.000000,123
5816,92098962460763,13.333907,0.755341,0.441971,12.573017,0.000000,123
5817,92098975794670,13.332870,0.836772,0.439471,12.491431,0.000000,123
5818,92098989127540,13.333435,0.855066,0.448629,12.473686,0.000000,123
5819,92099002460975,13.333084,0.952875,0.343843,12.375754,0.000000,123
5820,92099015794059,13.333443,3.379301,0.320465,9.949251,0.000000,123
5821,92099029127502,13.333609,0.900210,0.301674,12.428655,0.000000,123
5822,92099042461111,13.335249,0.865001,0.452162,12.465216,0.000000,123
5823,92099055796360,13.331445,0.921995,0.454140,12.403519,0.000000,123
5824,92099069127805,13.334282,0.897401,0.460226,12.431894,0.000000,123
5825,92099082462087,13.334413,0.870683,0.472411,12.457478,0.000000,123
5826,92099095796500,13.335314,0.921955,0.466815,12.406225,0.000000,123
5827,92099109131814,13.332346,1.165093,0.487598,12.161309,0.000000,123
5828,92099122464160,13.333886,3.265702,2.970271,10.061436,0.000000,123
5829,92099135798046,13.334053,4.668794,0.754312,8.658737,0.000000,123
5830,92099149132099,13.332073,1.167989,0.552932,12.157718,0.000000,123
5831,92099162464172,13.333429,0.931027,0.542791,12.396806,0.000000,123
5832,92099175797601,13.334454,0.996117,0.565236,12.332093,0.000000,123
5833,92099189132055,13.335855,1.044604,0.817715,12.284125,0.000000,123
5834,92099202467910,13.333848,1.665604,0.598877,11.660406,0.000000,123
5835,92099215801758,13.330621,1.490446,0.426310,11.832989,0.000000,124
5836,92099229132379,13.340672,3.977819,0.409532,9.352063,0.000000,124
5837,92099242473051,13.324876,1.280182,0.462120,12.035658,0.000000,124
5838,92099255797927,13.334189,2.084585,0.391786,11.242320,0.000000,124
5839,92099269132116,13.331890,1.254596,0.389057,12.070874,0.000000,124
5840,92099282464006,13.333669,1.140008,0.527785,12.187433,0.000000,124
5841,92099295797675,13.335489,1.250579,0.405060,12.077598,0.000000,124
5842,92099309133164,13.332199,1.256340,0.544730,12.068927,0.000000,124
5843,92099322465363,13.332802,1.417350,0.554039,11.909194,0.000000,124
5844,92099335798165,13.332102,3.463318,0.733130,9.862537,0.000000,124
5845,92099349130267,13.437274,1.853094,0.548537,11.570956,0.000000,124
5846,92099362567541,13.456300,1.997428,0.563796,11.427327,0.000000,124
5847,92099376023841,13.404464,2.534461,0.513713,10.840242,0.000000,124
5848,92099389428305,13.409014,2.350546,0.540884,11.027725,0.000000,124
5849,92099402837319,13.407984,2.518609,0.532240,10.857328,0.000000,124
5850,92099416245303,13.406796,2.561475,0.517766,10.814097,0.000000,124
5851,92099429652099,13.316969,2.637846,0.566756,10.653944,0.000000,124
5852,92099442969068,13.452743,6.487617,0.403813,6.945651,0.000000,124
5853,92099456421811,13.411895,3.722573,0.288733,9.657759,0.000000,124
5854,92099469833706,13.309825,1.239240,0.442134,12.047773,0.000000,124
5855,92099483143531,13.328348,0.935094,0.449210,12.387015,0.000000,124
5856,92099496471879,13.333365,0.844624,0.435147,12.483685,0.000000,124
5857,92099509805244,13.334337,0.806737,0.467621,12.522027,0.000000,124
5858,92099523139581,13.331835,0.810705,0.450921,12.516215,0.000000,124
5859,92099536471416,13.333243,2.906491,0.456967,10.421688,0.000000,124
5860,92099549804659,13.334249,3.197661,0.314026,10.132803,0.000000,124
5861,92099563138908,13.332719,0.768600,0.273417,12.558886,0.000000,124
5862,92099576471627,13.333454,0.815052,0.267376,12.514221,0.000000,124
5863,92099589805081,13.334321,0.773966,0.273776,12.555882,0.000000,124
5864,92099603139402,13.332206,0.750856,0.263132,12.576488,0.000000,124
5865,92099616471608,13.333655,0.778916,0.280321,12.550635,0.000000,124
5866,92099629805263,13.333373,0.814530,0.313460,12.514537,0.000000,124
5867,92099643138636,13.338021,1.052448,0.322934,12.279138,0.000000,124
5868,92099656476657,13.342660,3.802021,0.323741,9.528684,0.000000,124
5869,92099669819317,13.321061,1.158137,0.336687,12.155448,0.000000,124
5870,92099683140378,13.332297,0.810082,0.352658,12.516803,0.000000,124
5871,92099696472675,13.334730,0.905311,0.285205,12.424382,0.000000,124
5872,92099709807405,13.334706,0.978781,0.326723,12.349776,0.000000,124
5873,92099723142111,13.334853,0.947495,0.318989,12.379686,0.000000,124
5874,92099736476964,13.330847,1.075529,0.447130,12.248600,0.000000,124
5875,92099749807811,13.335903,1.141286,0.501769,12.188423,0.000000,124
5876,92099763143714,13.332626,3.324469,0.558359,10.001894,0.000000,124
5877,92099776476340,13.333005,1.351664,0.481961,11.973659,0.000000,124
5878,92099789809345,13.333988,0.826624,0.500897,12.500647,0.000000,124
5879,92099803143333,13.332866,0.782323,0.496382,12.544171,0.000000,124
5880,92099816476199,13.333438,0.773772,0.507310,12.553396,0.000000,124
5881,92099829809637,13.333237,0.808123,0.404963,12.519004,0.000000,124
5882,92099843142874,13.334267,0.847861,0.344567,12.479886,0.000000,124
5883,92099856477141,13.333259,0.985539,0.300573,12.341323,0.000000,124
5884,92099869810400,13.332620,0.802665,0.333961,12.524155,0.000000,124
5885,92099883143020,13.334537,0.903352,0.344549,12.425100,0.000000,124
5886,92099896477557,13.334647,0.948232,0.353795,12.378031,0.000000,124
5887,92099909812204,13.332646,0.953070,0.355239,12.372021,0.000000,124
5888,92099923144850,13.330117,0.948677,0.356438,12.374827,0.000000,124
5889,92099936474967,13.336035,0.915815,0.510673,12.413795,0.000000,124
5890,92099949811002,13.333809,0.949215,0.362240,12.376299,0.000000,124
5891,92099963144811,13.332290,1.204829,0.420846,12.120764,0.000000,124
5892,92099976477101,13.332917,0.863260,0.400902,12.463383,0.000000,124
5893,92099989810018,13.332798,0.836398,0.372934,12.490793,0.000000,124
5894,92100003142816,13.334281,0.810186,0.354160,12.518548,0.000000,124
5895,92100016477097,13.331865,0.826941,0.341179,12.498397,0.000000,124
5896,92100029808962,13.331766,0.754956,0.351541,12.572065,0.000000,124
5897,92100043140728,13.335080,0.694586,0.349840,12.635528,0.000000,124
5898,92100056475808,13.332265,0.750245,0.410115,12.576757,0.000000,124
5899,92100069808073,13.336466,0.964759,0.403903,12.366073,0.000000,124
5900,92100083144539,13.332375,0.845527,0.406831,12.481360,0.000000,124
5901,92100096476914,13.333350,0.858767,0.396648,12.468361,0.000000,124
5902,92100109810264,13.333475,0.845569,0.520440,12.482219,0.000000,124
5903,92100123143739,13.330835,0.822472,0.477080,12.503397,0.000000,124
5904,92100136474574,13.334718,0.793320,0.501042,12.535688,0.000000,124
5905,92100149809292,13.331935,0.746626,0.481299,12.579717,0.000000,124
5906,92100163141227,13.334316,0.698372,0.373833,12.630583,0.000000,124
5907,92100176475543,13.332172,0.951190,0.474808,12.375798,0.000000,124
5908,92100189807715,13.335052,0.734333,0.922675,12.594490,0.000000,124
5909,92100203142767,13.335215,0.757613,0.406404,12.571355,0.000000,124
5910,92100216477982,13.332729,0.854128,0.356360,12.472842,0.000000,124
5911,92100229810711,13.331339,0.890392,0.515876,12.435846,0.000000,124
5912,92100243142050,13.337070,0.783308,0.490735,12.545941,0.000000,124
5913,92100256479120,13.331080,0.971227,0.486742,12.353038,0.000000,124
5914,92100269810200,13.336205,0.743521,0.504882,12.585843,0.000000,124
5915,92100283146405,13.336416,1.179089,0.506856,12.149088,0.000000,124
5916,92100296482821,13.328274,0.869562,0.519972,12.452339,0.000000,124
5917,92100309811095,13.344720,0.841272,0.413936,12.492034,0.000000,124
5918,92100323155815,13.321981,0.953617,0.398095,12.360717,0.000000,124
5919,92100336477796,13.335182,0.823570,0.534086,12.505999,0.000000,124
5920,92100349812978,13.339549,0.893792,0.515527,12.435073,0.000000,125
5921,92100363152527,13.324895,0.856725,0.491503,12.460804,0.000000,125
5922,92100376477422,13.346953,0.786749,0.515982,12.548315,0.000000,125
5923,92100389824375,13.320833,1.069735,0.490101,12.242038,0.000000,125
5924,92100403145208,13.333043,0.845531,0.470337,12.481887,0.000000,125
5925,92100416478251,13.334585,0.768616,0.460180,12.561208,0.000000,125
5926,92100429812836,13.341403,0.834192,0.521879,12.495841,0.000000,125
5927,92100443154239,13.323786,0.864161,0.492707,12.450907,0.000000,125
5928,92100456478025,13.336004,0.773138,0.489235,12.557044,0.000000,125
5929,92100469814029,13.332820,0.805092,0.517705,12.521284,0.000000,125
5930,92100483146849,13.331617,0.800991,0.493144,12.524530,0.000000,125
5931,92100496478466,13.334713,0.983916,0.536186,12.344857,0.000000,125
5932,92100509813179,13.335942,0.856952,0.503953,12.470688,0.000000,125
5933,92100523149121,13.340616,1.093672,0.364472,12.235257,0.000000,125
5934,92100536489737,13.323198,1.095928,0.386236,12.218663,0.000000,125
5935,92100549812935,13.336820,0.890587,0.477620,12.438137,0.000000,125
5936,92100563149755,13.330094,0.855823,0.479595,12.467974,0.000000,125
5937,92100576479849,13.333954,1.041930,0.464858,12.284998,0.000000,125
5938,92100589813803,13.331712,1.061431,0.500337,12.264661,0.000000,125
5939,92100603145515,13.335192,0.976054,0.464774,12.352959,0.000000,125
5940,92100616480707,13.337343,0.979064,0.405710,12.350327,0.000000,125
5941,92100629818050,13.328751,1.195654,0.346085,12.126199,0.000000,125
5942,92100643146801,13.331639,0.797875,0.481571,12.528151,0.000000,125
5943,92100656478440,13.333876,0.753547,0.523312,12.573454,0.000000,125
5944,92100669812316,13.335353,0.737878,0.362855,12.591354,0.000000,125
5945,92100683147669,13.331549,0.775786,0.467181,12.550266,0.000000,125
5946,92100696479218,13.332656,0.747878,0.493138,12.579605,0.000000,125
5947,92100709811874,13.334850,0.945213,0.508319,12.384002,0.000000,125
5948,92100723146724,13.331684,0.746971,0.483399,12.579507,0.000000,125
5949,92100736478408,13.334157,0.711272,0.481998,12.617921,0.000000,125
5950,92100749812565,13.333239,0.728522,0.472619,12.599638,0.000000,125
5951,92100763145804,13.334299,0.718934,0.459202,12.610565,0.000000,125
5952,92100776480103,13.333207,0.782160,0.451249,12.546072,0.000000,125
5953,92100789813310,13.338810,0.724001,0.500930,12.603861,0.000000,125
5954,92100803152120,13.332053,0.916857,0.519422,12.407810,0.000000,125
5955,92100816484173,13.329603,1.260385,0.379012,12.063328,0.000000,125
5956,92100829813776,13.332958,0.853800,0.311769,12.474225,0.000000,125
5957,92100843146734,13.333772,0.727876,0.460395,12.600527,0.000000,125
5958,92100856480506,13.331710,0.791396,0.482690,12.535332,0.000000,125
5959,92100869812216,13.334820,0.980704,0.334385,12.349067,0.000000,125
5960,92100883147036,13.337592,0.782505,0.336737,12.547999,0.000000,125
5961,92100896484628,13.328934,1.219065,0.497248,12.102783,0.000000,125
5962,92100909813562,13.333979,0.786551,0.482992,12.542026,0.000000,125
5963,92100923147541,13.342190,0.967216,0.502260,12.364876,0.000000,125
5964,92100936489731,13.324445,0.879542,0.457314,12.437427,0.000000,125
5965,92100949814176,13.333268,0.764893,0.456592,12.562772,0.000000,125
5966,92100963147444,13.345259,0.729737,0.492668,12.604513,0.000000,125
5967,92100976492703,13.320388,1.000697,0.482082,12.312497,0.000000,125
5968,92100989813091,13.333876,0.743695,0.456276,12.585384,0.000000,125
5969,92101003146967,13.334630,0.722875,0.513864,12.606299,0.000000,125
5970,92101016481597,13.331702,0.802512,0.507184,12.523934,0.000000,125
5971,92101029813299,13.333654,0.929121,0.496024,12.399454,0.000000,125
5972,92101043146953,13.334339,0.719363,0.489131,12.609561,0.000000,125
5973,92101056481292,13.332324,0.756309,0.494212,12.570843,0.000000,125
5974,92101069813616,13.334207,0.772439,0.525036,12.556208,0.000000,125
5975,92101083147823,13.338403,0.784937,0.444088,12.545524,0.000000,125
5976,92101096486226,13.328025,0.966471,0.495831,12.355436,0.000000,125
5977,92101109814251,13.333082,0.916476,0.453735,12.411424,0.000000,125
5978,92101123147333,13.332982,0.750778,0.455619,12.577212,0.000000,125
5979,92101136480315,13.336910,1.031958,0.509373,12.298624,0.000000,125
5980,92101149817225,13.330240,1.091947,0.487578,12.232537,0.000000,125
5981,92101163147465,13.334366,0.773926,0.445937,12.555962,0.000000,125
5982,92101176481831,13.340028,0.865286,0.464468,12.466301,0.000000,125
5983,92101189821859,13.331930,3.364139,0.467084,9.958335,0.000000,125
5984,92101203153789,13.328458,0.851874,0.493473,12.468516,0.000000,125
5985,92101216482247,13.330592,1.013582,0.572509,12.311534,0.000000,125
5986,92101229812839,13.333144,0.900145,0.744363,12.428238,0.000000,125
5987,92101243145983,13.335697,1.281262,0.456184,12.049428,0.000000,125
5988,92101256481680,13.335357,0.946565,0.546670,12.381640,0.000000,125
5989,92101269817037,13.335311,1.355053,0.472614,11.971323,0.000000,125
5990,92101283152348,13.330463,0.989275,0.482159,12.334075,0.000000,125
5991,92101296482811,13.333716,3.752618,0.465299,9.574878,0.000000,125
5992,92101309816527,13.333625,1.010257,0.468257,12.316137,0.000000,125
5993,92101323150152,13.332847,0.958809,0.475682,12.367109,0.000000,125
5994,92101336482999,13.344889,1.015672,0.451466,12.317553,0.000000,125
5995,92101349827888,13.327253,1.206687,0.380399,12.109570,0.000000,125
5996,92101363155141,13.327158,0.789418,0.443422,12.531052,0.000000,125
5997,92101376482299,13.334214,0.850262,0.605433,12.478423,0.000000,125
5998,92101389816513,13.333292,1.071506,0.504721,12.255961,0.000000,125
5999,92101403149805,13.339368,3.357075,0.535384,9.973053,0.000000,125
6000,92101416489173,13.330076,1.155928,0.413007,12.163533,0.000000,125
6001,92101429819249,13.364524,1.409368,0.340648,11.947109,0.000000,125
6002,92101443183773,13.333239,0.907722,0.477137,12.418779,0.000000,125
6003,92101456517012,13.333392,1.215735,0.501751,12.111063,0.000000,125
6004,92101469850404,13.336239,0.987742,0.470011,12.340605,0.000000,125
6005,92101483186643,13.330911,1.057241,0.479579,12.265455,0.000000,125
6006,92101496517554,13.336898,0.979083,0.482853,12.349689,0.000000,125
6007,92101509854452,13.332071,3.871147,0.469227,9.453016,0.000000,125
6008,92101523186523,13.335400,1.016347,0.496237,12.309864,0.000000,125
6009,92101536521923,13.339065,1.236512,0.458248,12.090795,0.000000,125
6010,92101549860988,13.327602,0.948520,0.467046,12.368869,0.000000,125
6011,92101563188590,13.330852,1.432592,0.463442,11.890758,0.000000,125
6012,92101576519442,13.331453,1.075047,0.471214,12.249552,0.000000,125
6013,92101589850895,13.335716,0.824009,0.583553,12.505942,0.000000,125
6014,92101603186611,13.341180,0.882658,0.480917,12.448463,0.000000,125
6015,92101616527791,13.331736,3.292969,0.412978,10.027714,0.000000,125
6016,92101629859527,13.330588,1.098120,0.511121,12.224329,0.000000,125
6017,92101643190115,13.332149,1.322443,0.540579,12.000495,0.000000,125
6018,92101656522264,13.336011,1.173266,0.519716,12.153401,0.000000,125
6019,92101669858275,13.332195,1.278654,0.637166,12.046112,0.000000,125
6020,92101683190470,13.332638,1.168584,0.554159,12.155825,0.000000,125
6021,92101696523108,13.333544,0.962069,0.521428,12.363292,0.000000,125
6022,92101709856652,13.333031,1.116215,0.533056,12.210487,0.000000,125
6023,92101723189683,13.335732,3.348705,0.484134,9.976914,0.000000,125
6024,92101736525415,13.329566,1.065232,0.589193,12.258008,0.000000,125
6025,92101749854981,13.334849,1.203562,0.454379,12.124848,0.000000,125
6026,92101763189830,13.334063,1.074380,0.369352,12.252182,0.000000,125
6027,92101776523893,13.335993,1.451813,0.444541,11.874175,0.000000,125
6028,92101789859886,13.329282,1.062280,0.508003,12.259245,0.000000,125
6029,92101803189168,13.332663,0.988346,0.358017,12.338783,0.000000,125
6030,92101816521831,13.335908,0.870015,0.498454,12.456967,0.000000,125
6031,92101829857739,13.328703,3.312372,0.527699,10.011054,0.000000,125
6032,92101843186442,13.336348,0.860438,0.507718,12.469850,0.000000,125
6033,92101856522790,13.336558,0.987354,0.502578,12.338345,0.000000,125
6034,92101869859348,13.330800,0.933846,0.508367,12.390020,0.000000,125
6035,92101883190148,13.333649,1.148918,0.692473,12.176325,0.000000,125
6036,92101896523797,13.338600,1.248960,0.526842,12.078671,0.000000,125
6037,92101909862397,13.328153,1.063938,0.497416,12.256448,0.000000,125
6038,92101923190550,13.332864,1.051302,0.562375,12.274261,0.000000,125
6039,92101936523414,13.331934,3.438374,0.574975,9.888024,0.000000,125
6040,92101949855348,13.334906,1.015786,0.493733,12.312346,0.000000,125
6041,92101963190254,13.334159,0.864157,0.542790,12.462198,0.000000,125
6042,92101976524413,13.333179,1.277181,0.523265,12.047213,0.000000,125
6043,92101989857592,13.332728,1.362861,0.598446,11.963497,0.000000,125
6044,92102003190320,13.331988,1.219854,0.522523,12.105276,0.000000,125
6045,92102016522308,13.333101,1.180572,0.510842,12.146813,0.000000,125
6046,92102029855409,13.334229,1.112566,0.505527,12.215931,0.000000,125
6047,92102043189638,13.333752,3.142424,0.573803,10.186134,0.000000,125
6048,92102056523390,13.334567,0.995145,0.474243,12.333035,0.000000,125
6049,92102069857957,13.334540,1.096860,0.610552,12.230911,0.000000,125
6050,92102083192497,13.332130,1.062755,0.834523,12.263838,0.000000,125
6051,92102096524627,13.331919,1.237968,0.731986,12.088044,0.000000,125
6052,92102109856546,13.340104,1.039866,0.431337,12.290735,0.000000,125
6053,92102123196650,13.328863,0.994177,0.623261,12.328634,0.000000,125
6054,92102136525513,13.332032,1.063752,0.449737,12.262415,0.000000,125
6055,92102149857545,13.335637,3.327403,0.619156,10.002195,0.000000,125
6056,92102163193182,13.332227,1.052361,0.459894,12.273970,0.000000,125
6057,92102176525409,13.332451,0.990472,0.464150,12.335358,0.000000,125
6058,92102189857860,13.335250,1.022933,0.484065,12.305480,0.000000,125
6059,92102203193110,13.331795,1.259799,0.472072,12.063691,0.000000,125
6060,92102216524905,13.332210,1.024822,0.522354,12.301835,0.000000,125
6061,92102229857115,13.336433,1.030148,0.564531,12.299024,0.000000,125
6062,92102243193548,13.330882,1.242558,0.427572,12.081351,0.000000,125
6063,92102256524430,13.332283,3.834286,0.286759,9.492487,0.000000,125
6064,92102269856713,13.336071,1.172945,0.499108,12.156524,0.000000,125
6065,92102283192784,13.331622,1.135939,0.382275,12.188256,0.000000,125
6066,92102296524406,13.335357,1.200878,0.324627,12.127981,0.000000,125
6067,92102309859763,13.333091,1.402151,0.426334,11.923354,0.000000,126
6068,92102323192854,13.332733,1.084359,0.463888,12.240850,0.000000,126
6069,92102336525587,13.335069,1.204136,0.558894,12.124206,0.000000,126
6070,92102349860656,13.332649,2.629480,0.430543,10.695941,0.000000,126
6071,92102363193305,13.333382,3.662040,0.451012,9.663882,0.000000,126
6072,92102376526687,13.332820,1.149410,0.393359,12.175870,0.000000,126
6073,92102389859507,13.339152,1.001361,0.372362,12.326607,0.000000,126
6074,92102403198659,13.336959,0.997338,0.389077,12.331585,0.000000,126
6075,92102416535618,13.336032,1.368179,0.440544,11.959892,0.000000,126
6076,92102429871650,13.329518,1.014164,0.475322,12.306919,0.000000,126
6077,92102443201168,13.333885,0.952265,0.536162,12.375120,0.000000,126
6078,92102456535053,13.333520,1.137730,0.413717,12.189128,0.000000,126
6079,92102469868573,13.332130,3.213250,0.545640,10.113990,0.000000,126
6080,92102483200703,13.332950,0.867384,0.544159,12.461341,0.000000,126
6081,92102496533653,13.333846,1.041123,0.541903,12.287297,0.000000,126
6082,92102509867499,13.334532,1.075682,0.454093,12.253396,0.000000,126
6083,92102523202031,13.339445,1.155311,0.387997,12.176176,0.000000,126
6084,92102536541476,13.327392,1.145521,0.442697,12.174582,0.000000,126
6085,92102549868868,13.334180,1.028127,0.396527,12.297758,0.000000,126
6086,92102563203048,13.332985,0.846319,0.383213,12.480988,0.000000,126
6087,92102576536033,13.334439,3.739254,0.361246,9.588938,0.000000,126
6088,92102589870472,13.333933,1.008359,0.385990,12.318913,0.000000,126
6089,92102603204405,13.332242,0.951198,0.352300,12.374073,0.000000,126
6090,92102616536647,13.333199,0.910859,0.347170,12.416508,0.000000,126
6091,92102629869846,13.335451,1.156950,0.371663,12.171637,0.000000,126
6092,92102643205297,13.331337,0.838400,0.371374,12.485705,0.000000,126
6093,92102656536634,13.333048,1.042438,0.353126,12.283989,0.000000,126
6094,92102669869682,13.339361,1.157193,0.384571,12.173904,0.000000,126
6095,92102683209043,13.328077,3.618662,0.334337,9.703018,0.000000,126
6096,92102696537120,13.346318,0.903712,0.355427,12.435718,0.000000,126
6097,92102709883438,13.333658,0.901526,0.376239,12.425444,0.000000,126
6098,92102723217096,13.338771,0.856942,0.363735,12.471618,0.000000,126
6099,92102736555867,13.326818,1.314522,0.340548,12.004644,0.000000,126
6100,92102749882685,13.338418,0.932205,0.364663,12.396487,0.000000,126
6101,92102763221103,13.335018,0.851217,0.350222,12.473094,0.000000,126
6102,92102776556121,13.327682,0.910341,0.355123,12.409042,0.000000,126
6103,92102789883803,13.333561,3.680912,0.412208,9.646106,0.000000,126
6104,92102803217364,13.331690,0.810318,0.342206,12.514358,0.000000,126
6105,92102816549054,13.331802,0.845160,0.356329,12.481973,0.000000,126
6106,92102829880856,13.333415,0.895372,0.324598,12.433143,0.000000,126
6107,92102843214271,13.336463,0.984067,0.285236,12.346329,0.000000,126
6108,92102856550734,13.332395,0.913072,0.282759,12.411950,0.000000,126
6109,92102869883129,13.333219,0.922178,0.253192,12.405370,0.000000,126
6110,92102883216348,13.334784,0.844721,0.259980,12.483880,0.000000,126
6111,92102896551132,13.354843,3.625908,0.246865,9.719369,0.000000,126
6112,92102909905975,13.327707,0.919846,0.259931,12.399325,0.000000,126
6113,92102923233682,13.334980,0.780797,0.281481,12.547330,0.000000,126
6114,92102936568662,13.332040,0.929959,0.250341,12.396132,0.000000,126
6115,92102949900702,13.332543,1.220142,0.263029,12.106705,0.000000,126
6116,92102963233245,13.334191,0.808621,0.286994,12.519156,0.000000,126
6117,92102976567436,13.331639,0.983670,0.229881,12.342220,0.000000,126
6118,92102989899075,13.332671,0.936622,0.251576,12.390959,0.000000,126
6119,92103003231746,13.334978,3.567279,0.239096,9.761844,0.000000,126
6120,92103016566724,13.335864,0.893926,0.211821,12.435454,0.000000,126
6121,92103029902588,13.331201,0.804959,0.304119,12.519327,0.000000,126
6122,92103043233789,13.334013,0.741809,0.382227,12.586735,0.000000,126
6123,92103056567802,13.332257,1.060483,0.349840,12.266786,0.000000,126
6124,92103069900059,13.341174,0.722965,0.362142,12.610876,0.000000,126
6125,92103083241233,13.327740,0.813873,0.391525,12.506507,0.000000,126
6126,92103096568973,13.335866,0.916382,0.474454,12.411048,0.000000,126
6127,92103109904839,13.329791,3.472982,0.450493,9.850301,0.000000,126
6128,92103123234630,13.333085,0.757278,0.413149,12.570632,0.000000,126
6129,92103136567715,13.333382,0.796651,0.410480,12.531383,0.000000,126
6130,92103149901097,13.333082,0.768640,0.390709,12.559006,0.000000,126
6131,92103163234179,13.334960,0.980341,0.430152,12.349043,0.000000,126
6132,92103176569139,13.332050,0.835393,0.408394,12.491636,0.000000,126
6133,92103189901189,13.334018,0.844320,0.436625,12.484218,0.000000,126
6134,92103203235207,13.333498,0.778937,0.387798,12.548371,0.000000,126
6135,92103216568705,13.332199,3.182332,0.420855,10.144586,0.000000,126
6136,92103229900904,13.333405,0.804417,0.396068,12.522902,0.000000,126
6137,92103243234309,13.334585,0.705194,0.413410,12.623487,0.000000,126
6138,92103256568894,13.333271,0.848350,0.466130,12.479375,0.000000,126
6139,92103269902165,13.332522,1.057728,0.444902,12.268869,0.000000,126
6140,92103283234687,13.333045,0.734255,0.424067,12.594078,0.000000,126
6141,92103296567732,13.335384,0.871829,0.421492,12.458406,0.000000,126
6142,92103309903116,13.328675,0.891247,0.405569,12.433013,0.000000,126
6143,92103323231791,13.337962,3.069068,0.366753,10.263076,0.000000,126
6144,92103336569753,13.332471,0.790493,0.368285,12.536152,0.000000,126
6145,92103349902224,13.333120,0.821489,0.386443,12.506125,0.000000,126
6146,92103363235344,13.333109,0.790409,0.434183,12.537019,0.000000,126
6147,92103376568453,13.333567,1.064259,0.404489,12.262763,0.000000,126
6148,92103389902020,13.333167,0.775544,0.420011,12.551502,0.000000,126
6149,92103403235187,13.332913,0.781301,0.378997,12.546750,0.000000,126
6150,92103416568100,13.334024,0.744524,0.452492,12.584742,0.000000,126
6151,92103429902124,13.333011,3.423396,0.387007,9.904211,0.000000,126
6152,92103443235135,13.333549,0.633600,0.433897,12.694665,0.000000,126
6153,92103456568684,13.334545,0.799852,0.402634,12.529516,0.000000,126
6154,92103469903229,13.332042,0.829224,0.396323,12.496952,0.000000,126
6155,92103483235271,13.334752,0.938204,0.368363,12.390761,0.000000,126
6156,92103496570023,13.333810,0.784707,0.406262,12.542953,0.000000,126
6157,92103509903833,13.332837,0.836733,0.283506,12.490103,0.000000,126
6158,92103523236670,13.332591,0.804312,0.389872,12.522552,0.000000,126
6159,92103536569261,13.332903,3.188428,0.383782,10.138825,0.000000,126
6160,92103549902164,13.334771,0.752804,0.443068,12.576730,0.000000,126
6161,92103563236935,13.331877,0.744884,0.403362,12.582028,0.000000,126
6162,92103576568812,13.336531,0.804054,0.279862,12.526575,0.000000,126
6163,92103589905343,13.329968,1.097194,0.268904,12.226229,0.000000,126
6164,92103603235311,13.335167,0.926935,0.311222,12.403770,0.000000,126
6165,92103616570478,13.333380,0.883455,0.423768,12.443382,0.000000,126
6166,92103629903858,13.334129,1.020877,0.414340,12.307234,0.000000,126
6167,92103643237987,13.333080,3.589881,0.382570,9.736263,0.000000,126
6168,92103656571067,13.336302,0.976199,0.419886,12.352187,0.000000,126
6169,92103669907369,13.332479,1.003481,0.521729,12.321180,0.000000,126
6170,92103683239848,13.331177,0.906369,0.400589,12.417588,0.000000,126
6171,92103696571025,13.337570,1.232908,0.366369,12.095724,0.000000,126
6172,92103709908595,13.329621,1.015822,0.409370,12.306914,0.000000,126
6173,92103723238216,13.341629,0.820165,0.407638,12.512261,0.000000,126
6174,92103736579845,13.328769,1.088059,0.412257,12.231164,0.000000,126
6175,92103749908614,13.331851,3.782853,0.420656,9.541896,0.000000,126
6176,92103763240465,13.335334,0.870107,0.402359,12.457479,0.000000,126
6177,92103776575799,13.331311,0.991777,0.372419,12.332695,0.000000,126
6178,92103789907110,13.332525,1.036484,0.378509,12.289979,0.000000,126
6179,92103803239635,13.334256,1.077735,0.360298,12.249523,0.000000,126
6180,92103816573891,13.332748,0.926730,0.445009,12.399675,0.000000,126
6181,92103829906639,13.334018,0.947627,0.368015,12.380128,0.000000,126
6182,92103843240657,13.333214,0.808108,0.361275,12.518525,0.000000,126
6183,92103856573871,13.334357,3.665371,0.398037,9.662453,0.000000,126
6184,92103869908228,13.333867,0.896222,0.354865,12.430756,0.000000,126
6185,92103883242095,13.333215,0.801268,0.383292,12.524874,0.000000,126
6186,92103896575310,13.330732,0.986413,0.358028,12.338827,0.000000,126
6187,92103909906042,13.335918,1.141165,0.324548,12.188120,0.000000,126
6188,92103923241960,13.332297,0.820380,0.334224,12.505307,0.000000,126
6189,92103936574257,13.337285,0.964710,0.382052,12.365153,0.000000,126
6190,92103949911542,13.333874,0.935261,0.461513,12.389010,0.000000,126
6191,92103963245416,13.331432,3.641057,0.392647,9.682742,0.000000,126
6192,92103976576848,13.332276,1.066694,0.408141,12.258112,0.000000,127
6193,92103989909124,13.329944,0.968191,0.355024,12.355718,0.000000,127
6194,92104003239068,13.336773,0.713901,0.399669,12.616933,0.000000,127
6195,92104016575841,13.333143,1.212568,0.363272,12.113995,0.000000,127
6196,92104029908984,13.334798,0.888813,0.352352,12.439793,0.000000,127
6197,92104043243782,13.331926,0.771193,0.345430,12.554370,0.000000,127
6198,92104056575708,13.333738,0.885172,0.382441,12.441375,0.000000,127
6199,92104069909446,13.330944,3.724783,0.354088,9.599849,0.000000,127
6200,92104083240390,13.333807,0.728363,0.351138,12.600670,0.000000,127
6201,92104096574197,13.337028,0.860171,0.367068,12.470217,0.000000,127
6202,92104109911225,13.331892,0.999104,0.244408,12.325532,0.000000,127
6203,92104123243117,13.334188,1.134473,0.504929,12.192494,0.000000,127
6204,92104136577305,13.333329,0.945372,0.234257,12.381086,0.000000,127
6205,92104149910634,13.333161,1.020383,0.282764,12.305494,0.000000,127
6206,92104163243795,13.332569,1.008376,0.307416,12.317541,0.000000,127
6207,92104176576364,13.332930,3.698292,0.303517,9.628433,0.000000,127
6208,92104189909294,13.336213,0.905788,0.465625,12.423452,0.000000,127
6209,92104203245507,13.332517,0.849755,0.408054,12.475101,0.000000,127
6210,92104216578024,13.332454,1.107098,0.276942,12.218599,0.000000,127
6211,92104229910478,13.332008,1.269947,0.231689,12.054937,0.000000,127
6212,92104243242486,13.334246,0.799676,0.237938,12.527793,0.000000,127
6213,92104256576732,13.334642,0.901749,0.244211,12.426380,0.000000,127
6214,92104269911374,13.471666,0.950379,0.269390,12.514445,0.000000,127
6215,92104283383040,13.332667,3.713221,0.478844,9.613710,0.000000,127
6216,92104296715707,13.334966,0.883715,0.771901,12.444428,0.000000,127
6217,92104310050673,13.332426,0.934762,0.339928,12.390710,0.000000,127
6218,92104323383099,13.334190,0.799789,0.406345,12.528413,0.000000,127
6219,92104336717289,13.344405,1.188599,0.350846,12.148290,0.000000,127
6220,92104350061694,13.330433,0.986437,0.368428,12.337205,0.000000,127
6221,92104363392127,13.335072,0.982342,0.360002,12.347060,0.000000,127
6222,92104376727199,13.335293,1.049961,0.443840,12.277546,0.000000,127
6223,92104390062492,13.332600,3.660833,0.391801,9.664806,0.000000,127
6224,92104403395092,13.333826,0.878761,0.760276,12.447824,0.000000,127
6225,92104416728918,13.332212,1.368182,0.398393,11.957750,0.000000,127
6226,92104430061130,13.331936,0.975629,0.387400,12.350055,0.000000,127
6227,92104443393066,13.335516,1.062544,0.358324,12.266698,0.000000,127
6228,92104456728582,13.331252,1.021700,0.508634,12.303548,0.000000,127
6229,92104470059834,13.334774,0.893740,0.362610,12.435048,0.000000,127
6230,92104483394608,13.333732,0.818766,0.335220,12.508009,0.000000,127
6231,92104496728340,13.332288,3.684693,0.336413,9.641186,0.000000,127
6232,92104510060628,13.340217,0.954040,0.652189,12.379456,0.000000,127
6233,92104523400845,13.333001,0.843576,0.362833,12.482816,0.000000,127
6234,92104536733846,13.344172,0.947027,0.363137,12.389845,0.000000,127
6235,92104550078018,13.328380,3.093281,0.336291,10.226710,0.000000,127
6236,92104563406398,13.333080,0.927983,0.611160,12.398154,0.000000,127
6237,92104576739478,13.335570,0.912601,0.355655,12.416532,0.000000,127
6238,92104590075048,13.332973,0.955463,0.448751,12.370790,0.000000,127
6239,92104603408021,13.331501,3.667380,0.518708,9.658657,0.000000,127
6240,92104616739522,13.336941,0.827190,0.340974,12.503177,0.000000,127
6241,92104630076463,13.332410,0.939966,0.330525,12.384710,0.000000,127
6242,92104643408873,13.334975,0.903276,0.314494,12.425875,0.000000,127
6243,92104656743848,13.333690,1.193330,0.335641,12.133872,0.000000,127
6244,92104670077538,13.331950,0.920141,0.311815,12.405083,0.000000,127
6245,92104683409488,13.335189,0.910761,0.310236,12.418566,0.000000,127
6246,92104696744677,13.333682,1.000850,0.343380,12.326177,0.000000,127
6247,92104710078359,13.332608,3.908625,0.323274,9.417596,0.000000,127
6248,92104723410967,13.354460,0.792755,0.404657,12.555086,0.000000,127
6249,92104736765427,13.332826,0.922585,0.324274,12.403742,0.000000,127
6250,92104750098253,13.333958,0.911546,0.331244,12.416037,0.000000,127
6251,92104763432211,13.332362,1.071225,0.324707,12.254026,0.000000,127
6252,92104776764573,13.331464,0.903507,0.312491,12.422335,0.000000,127
6253,92104790096037,13.334757,0.871041,0.313860,12.458588,0.000000,127
6254,92104803430794,13.334854,0.772234,0.542029,12.556522,0.000000,127
6255,92104816765648,13.331287,3.939373,0.340386,9.385800,0.000000,127
6256,92104830096935,13.334565,0.861260,0.324599,12.467046,0.000000,127
6257,92104843431500,13.334261,0.770485,0.334465,12.556587,0.000000,127
6258,92104856765761,13.338311,0.931292,0.306920,12.397765,0.000000,127
6259,92104870104072,13.326018,1.132457,0.289436,12.187571,0.000000,127
6260,92104883430090,13.334257,0.783491,0.366583,12.545555,0.000000,127
6261,92104896764347,13.333448,0.914247,0.322422,12.413033,0.000000,127
6262,92104910097795,13.337373,0.871714,0.312607,12.456431,0.000000,127
6263,92104923435168,13.327737,3.535553,0.324391,9.785958,0.000000,127
6264,92104936762905,13.336729,0.770601,0.383231,12.560380,0.000000,127
6265,92104950099634,13.331948,1.003363,0.327069,12.322632,0.000000,127
6266,92104963431582,13.343418,0.869764,0.396100,12.464050,0.000000,127
6267,92104976775000,13.322358,1.371320,0.300990,11.943224,0.000000,127
6268,92104990097358,13.336765,0.722668,0.370001,12.608475,0.000000,127
6269,92105003434123,13.333455,0.863113,0.363545,12.462493,0.000000,127
6270,92105016767578,13.332521,0.919434,0.358996,12.406944,0.000000,127
6271,92105030100099,13.329823,3.986660,0.324487,9.337925,0.000000,127
6272,92105043429922,13.348315,0.749371,0.291490,12.588709,0.000000,127
6273,92105056778237,13.322268,0.952218,0.274514,12.362133,0.000000,127
6274,92105070100505,13.334569,0.910262,0.304703,12.418551,0.000000,127
6275,92105083435074,13.332242,1.193379,0.413194,12.132139,0.000000,127
6276,92105096767316,13.332269,0.924593,0.384149,12.401220,0.000000,127
6277,92105110099585,13.333739,1.015635,0.387497,12.311915,0.000000,127
6278,92105123433324,13.332489,0.829634,0.445899,12.496757,0.000000,127
6279,92105136765813,13.332665,3.362087,0.592146,9.965410,0.000000,127
6280,92105150098478,13.333480,0.787087,0.480311,12.541470,0.000000,127
6281,92105163431958,13.336663,0.860468,0.434445,12.469254,0.000000,127
6282,92105176768621,13.330895,0.969618,0.308168,12.355976,0.000000,127
6283,92105190099516,13.340714,1.280894,0.308938,12.049610,0.000000,127
6284,92105203440230,13.327358,0.971088,0.313045,12.349354,0.000000,127
6285,92105216767588,13.335723,1.120570,0.278146,12.207018,0.000000,127
6286,92105230103311,13.332735,1.051878,0.313327,12.273679,0.000000,127
6287,92105243436046,13.330149,4.344946,0.293950,8.978997,0.000000,127
6288,92105256766195,13.335490,0.918157,0.277611,12.411537,0.000000,127
6289,92105270101685,13.335650,1.336112,0.447705,11.991922,0.000000,127
6290,92105283437335,13.331321,0.941928,0.502534,12.382263,0.000000,127
6291,92105296768656,13.332124,1.282639,0.440218,12.043600,0.000000,127
6292,92105310100780,13.333627,0.894354,0.479392,12.433670,0.000000,127
6293,92105323434407,13.332620,0.797075,0.323743,12.530268,0.000000,127
6294,92105336767027,13.333696,0.907122,0.364705,12.421330,0.000000,127
6295,92105350100723,13.332671,3.898533,0.329893,9.427945,0.000000,127
6296,92105363433394,13.334572,0.762438,0.327563,12.566738,0.000000,127
6297,92105376767966,13.334174,0.998002,0.350299,12.330045,0.000000,127
6298,92105390102140,13.333037,0.905340,0.486472,12.422360,0.000000,127
6299,92105403435177,13.338293,1.018107,0.581768,12.310890,0.000000,127
6300,92105416773470,13.327365,0.846777,0.557933,12.474192,0.000000,127
6301,92105430100835,13.332477,0.864880,0.480396,12.463245,0.000000,127
6302,92105443433312,13.334236,0.782128,0.556758,12.547709,0.000000,127
6303,92105456767548,13.331554,3.323780,0.543615,10.003691,0.000000,127
6304,92105470099102,13.334398,0.841463,0.521195,12.488376,0.000000,127
6305,92105483433500,13.332118,0.843101,0.432716,12.485071,0.000000,127
6306,92105496765618,13.334896,0.833424,0.523539,12.497443,0.000000,127
6307,92105510100514,13.333160,1.186334,0.522716,12.142235,0.000000,127
6308,92105523433674,13.333394,0.754723,0.517352,12.574025,0.000000,127
6309,92105536767068,13.333285,0.831606,0.587634,12.496967,0.000000,127
6310,92105550100353,13.336343,0.848138,0.522291,12.483968,0.000000,127
6311,92105563436696,13.330081,3.282717,0.511873,10.042939,0.000000,127
6312,92105576766777,13.334725,0.800774,0.768176,12.529223,0.000000,127
6313,92105590101502,13.333285,0.901606,0.574357,12.426498,0.000000,127
6314,92105603434787,13.333894,0.812620,0.608445,12.516088,0.000000,127
6315,92105616768681,13.333898,1.102674,0.483574,12.226163,0.000000,127
6316,92105630102579,13.332723,0.950506,0.462463,12.377294,0.000000,127
6317,92105643435302,13.333340,0.794076,0.491487,12.534470,0.000000,127
6318,92105656768642,13.337129,0.789426,0.499548,12.539786,0.000000,127
6319,92105670105771,13.328872,3.380906,0.441395,9.942785,0.000000,127
6320,92105683434643,13.338254,0.675257,0.486879,12.656229,0.000000,127
6321,92105696772897,13.330226,0.983129,0.470808,12.340628,0.000000,128
6322,92105710103123,13.335013,1.030731,0.483695,12.299038,0.000000,128
6323,92105723438136,13.329714,1.100171,0.367341,12.224601,0.000000,128
6324,92105736767850,13.335288,0.935156,0.483461,12.395680,0.000000,128
6325,92105750103138,13.333257,1.089762,0.455056,12.238338,0.000000,128
6326,92105763436395,13.336375,0.918745,0.552582,12.411410,0.000000,128
6327,92105776772770,13.328483,3.308304,0.530227,10.015540,0.000000,128
6328,92105790101253,13.335704,0.748710,0.491250,12.581812,0.000000,128
6329,92105803436957,13.331294,0.800193,0.509230,12.526695,0.000000,128
6330,92105816768251,13.333659,0.925784,0.555667,12.402882,0.000000,128
6331,92105830101910,13.334888,0.999183,0.470024,12.330860,0.000000,128
6332,92105843436798,13.334876,0.772418,0.520355,12.556902,0.000000,128
6333,92105856771674,13.332633,0.851034,0.551138,12.476425,0.000000,128
6334,92105870104307,13.332187,1.033493,0.420868,12.293276,0.000000,128
6335,92105883436494,14.000714,3.371579,0.378449,10.624265,0.000000,128
6336,92105897437208,13.332384,0.845530,0.575942,12.482294,0.000000,128
6337,92105910769592,13.342395,0.969114,0.481686,12.365002,0.000000,128
6338,92105924111987,13.331595,0.965347,0.540598,12.355286,0.000000,128
6339,92105937443582,13.327541,1.380094,0.530166,11.940309,0.000000,128
6340,92105950771123,13.335837,1.184634,0.786618,12.143259,0.000000,128
6341,92105964106960,13.329946,1.004131,0.325152,12.319865,0.000000,128
6342,92105977436906,13.336450,1.010042,0.515284,12.321066,0.000000,128
6343,92105990773356,13.329414,3.814921,0.437585,9.508761,0.000000,128
6344,92106004102770,13.333604,0.786239,0.503598,12.543070,0.000000,128
6345,92106017436374,13.335114,0.855765,0.534640,12.474303,0.000000,128
6346,92106030771488,13.331713,0.865698,0.425988,12.460304,0.000000,128
6347,92106044103201,13.332875,1.058641,0.552011,12.270300,0.000000,128
6348,92106057436076,13.334206,0.814661,0.613392,12.514525,0.000000,128
6349,92106070770282,13.334049,0.839738,0.666107,12.489610,0.000000,128
6350,92106084104331,13.335032,0.707832,0.610292,12.622263,0.000000,128
6351,92106097439363,13.332113,3.497066,0.557051,9.829561,0.000000,128
6352,92106110771476,13.331868,0.842467,0.545907,12.484240,0.000000,128
6353,92106124103344,13.333363,0.815684,0.530850,12.513769,0.000000,128
6354,92106137436707,13.333803,0.823938,0.663213,12.505224,0.000000,128
6355,92106150770510,13.335085,0.941759,0.525946,12.388319,0.000000,128
6356,92106164105595,13.330479,0.962929,0.510259,12.362817,0.000000,128
6357,92106177436074,13.334842,0.764843,0.504756,12.565490,0.000000,128
6358,92106190770916,13.335410,0.890109,0.551528,12.440466,0.000000,128
6359,92106204106326,13.330066,3.254392,0.453088,10.071079,0.000000,128
6360,92106217436392,13.337474,0.724778,0.494558,12.607133,0.000000,128
6361,92106230773866,13.330106,0.868508,0.542659,12.456741,0.000000,128
6362,92106244103972,13.335658,0.844277,0.561163,12.486366,0.000000,128
6363,92106257439630,13.330527,1.195737,0.523790,12.129737,0.000000,128
6364,92106270770157,13.335289,0.855149,0.393134,12.475166,0.000000,128
6365,92106284105446,13.335161,0.788254,0.532190,12.541111,0.000000,128
6366,92106297440607,13.336305,0.974727,0.578015,12.355240,0.000000,128
6367,92106310776912,13.326292,3.545894,0.496402,9.773858,0.000000,128
6368,92106324103204,13.334555,0.855112,0.582600,12.475318,0.000000,128
6369,92106337437759,13.332918,0.967346,0.543270,12.361258,0.000000,128
6370,92106350770677,13.335454,0.878023,0.582629,12.452546,0.000000,128
6371,92106364106131,13.330922,0.991988,0.620350,12.334786,0.000000,128
6372,92106377437053,13.334109,0.843244,0.381646,12.486500,0.000000,128
6373,92106390771162,13.335793,0.789426,0.514430,12.541632,0.000000,128
6374,92106404106955,13.332496,0.836866,0.564564,12.489610,0.000000,128
6375,92106417439451,13.331964,3.345352,0.514610,9.981971,0.000000,128
6376,92106430771415,13.333448,0.788438,0.498180,12.540390,0.000000,128
6377,92106444104863,13.333038,0.721998,0.354841,12.607108,0.000000,128
6378,92106457437901,13.333546,0.777203,0.333506,12.552110,0.000000,128
6379,92106470771447,13.340280,1.114492,0.599698,12.220026,0.000000,128
6380,92106484111727,13.329128,0.916990,0.502334,12.403356,0.000000,128
6381,92106497440855,13.331463,0.894739,0.582394,12.431215,0.000000,128
6382,92106510772318,13.337481,1.066694,0.633088,12.265371,0.000000,128
6383,92106524109799,13.331068,3.435453,0.417938,9.888610,0.000000,128
6384,92106537440867,13.331087,1.027104,0.676624,12.298436,0.000000,128
6385,92106550771954,13.334584,0.996006,0.658196,12.332593,0.000000,128
6386,92106564106538,13.335571,0.934843,0.529437,12.393856,0.000000,128
6387,92106577442109,13.332575,1.385354,0.674013,11.941002,0.000000,128
6388,92106590774684,13.333492,1.135652,1.028504,12.191151,0.000000,128
6389,92106604108176,13.330949,0.833336,0.506827,12.492563,0.000000,128
6390,92106617439125,13.332897,0.836784,0.537536,12.491947,0.000000,128
6391,92106630772022,13.333278,3.253651,0.477799,10.075243,0.000000,128
6392,92106644105300,13.333557,0.703978,0.433014,12.625062,0.000000,128
6393,92106657438857,13.334185,0.747151,0.498738,12.582015,0.000000,128
6394,92106670773042,13.333117,0.774472,0.463819,12.554065,0.000000,128
6395,92106684106159,13.335508,0.943607,0.553776,12.386997,0.000000,128
6396,92106697441667,13.330083,0.843548,0.490672,12.481655,0.000000,128
6397,92106710771750,13.333408,0.721484,0.472800,12.608208,0.000000,128
6398,92106724105158,13.335078,0.632275,0.528844,12.698524,0.000000,128
6399,92106737440236,13.332020,3.270945,0.451064,10.056849,0.000000,128
6400,92106750772256,13.335820,1.010307,0.486660,12.320650,0.000000,128
6401,92106764108076,13.335421,0.868629,0.499778,12.459343,0.000000,128
6402,92106777443497,13.331258,1.050716,0.488419,12.275259,0.000000,128
6403,92106790774755,13.333534,1.352794,0.466559,11.974702,0.000000,128
6404,92106804108289,13.333686,0.828513,0.490114,12.498128,0.000000,128
6405,92106817441975,13.332369,0.830111,0.526785,12.497503,0.000000,128
6406,92106830774344,13.332681,0.821380,0.524477,12.507019,0.000000,128
6407,92106844107025,13.333729,3.224210,0.528429,10.104944,0.000000,128
6408,92106857440754,13.334164,1.450836,0.444825,11.878051,0.000000,128
6409,92106870774918,13.332329,0.781750,0.453942,12.545971,0.000000,128
6410,92106884107247,13.337111,0.688382,0.486613,12.642945,0.000000,128
6411,92106897444358,13.331171,1.074665,0.588484,12.250400,0.000000,128
6412,92106910775529,13.332333,0.833441,0.535228,12.493929,0.000000,128
6413,92106924107862,13.335656,1.404231,0.469925,11.926341,0.000000,128
6414,92106937443518,13.333380,0.889530,0.525722,12.437789,0.000000,128
6415,92106950776898,13.330474,3.460528,0.432434,9.864374,0.000000,128
6416,92106964107372,13.337099,0.724590,0.521710,12.606899,0.000000,128
6417,92106977444471,13.331610,1.021240,0.482649,12.304415,0.000000,128
6418,92106990776081,13.332129,0.928714,0.504903,12.398174,0.000000,128
6419,92107004108210,13.333365,1.033968,0.563777,12.294721,0.000000,128
6420,92107017441575,13.336744,0.920620,0.508684,12.410562,0.000000,128
6421,92107030778319,13.330489,0.944776,0.398968,12.379173,0.000000,128
6422,92107044108808,13.336190,0.697353,0.520159,12.633090,0.000000,128
6423,92107057444998,13.328893,3.324494,0.507141,9.999435,0.000000,128
6424,92107070773891,13.335334,0.711724,0.437473,12.619019,0.000000,128
6425,92107084109225,13.334053,0.707966,0.444978,12.620652,0.000000,128
6426,92107097443278,13.333111,0.820069,0.472426,12.507596,0.000000,128
6427,92107110776389,13.331727,0.952467,0.437030,12.374462,0.000000,128
6428,92107124108116,13.334976,0.656676,0.443630,12.673758,0.000000,128
6429,92107137443092,13.334651,0.774457,0.491739,12.555020,0.000000,128
6430,92107150777743,13.333034,0.825912,0.565467,12.501456,0.000000,128
6431,92107164110777,13.330519,3.229575,0.425948,10.095912,0.000000,128
6432,92107177441296,13.334658,0.700132,0.467466,12.630159,0.000000,128
6433,92107190775954,13.332687,0.764194,0.495533,12.563503,0.000000,128
6434,92107204108641,13.332913,0.709373,0.476563,12.619347,0.000000,128
6435,92107217441554,13.334938,1.022925,0.471459,12.307209,0.000000,128
6436,92107230776492,13.331396,0.766965,1.175366,12.560217,0.000000,128
6437,92107244107888,13.333957,0.622913,0.463560,12.706927,0.000000,128
6438,92107257441845,13.334168,0.783343,0.531199,12.545464,0.000000,128
6439,92107270776013,13.333929,3.306049,0.447434,10.022933,0.000000,128
6440,92107284109942,13.335715,0.681040,0.463416,12.649172,0.000000,128
6441,92107297445657,13.332446,0.939508,0.335239,12.387529,0.000000,128
6442,92107310778103,13.332167,0.835124,0.722666,12.491028,0.000000,128
6443,92107324110270,13.334366,0.947604,0.471712,12.381584,0.000000,128
6444,92107337444636,13.330382,0.813481,0.461546,12.512333,0.000000,128
6445,92107350775018,13.334430,0.967418,0.551596,12.362447,0.000000,128
6446,92107364109448,13.332927,1.570850,0.535983,11.757305,0.000000,128
6447,92107377442375,13.333040,3.921186,0.501003,9.407387,0.000000,128
6448,92107390775415,13.336277,0.800713,0.699265,12.531032,0.000000,128
6449,92107404111692,13.330614,0.798668,0.629813,12.526372,0.000000,128
6450,92107417442306,13.334711,0.944059,0.654088,12.385873,0.000000,128
6451,92107430777017,13.336425,1.101387,1.331824,12.229450,0.000000,128
6452,92107444113442,13.332689,0.833115,0.455103,12.491854,0.000000,128
6453,92107457446131,13.332514,1.000747,0.463307,12.325482,0.000000,128
6454,92107470778645,13.334670,0.933897,0.530817,12.394149,0.000000,128
6455,92107484113315,13.328526,3.405626,0.406350,9.917252,0.000000,128
6456,92107497441841,13.335067,0.717499,0.439724,12.613503,0.000000,129
6457,92107510776908,13.334182,0.745560,0.482362,12.583949,0.000000,129
6458,92107524111090,13.332664,0.738609,0.487110,12.589074,0.000000,129
6459,92107537443754,13.332308,1.571268,0.502269,11.756284,0.000000,129
6460,92107550776062,13.334166,0.811234,0.458717,12.518474,0.000000,129
6461,92107564110228,13.332951,0.682820,0.487133,12.645632,0.000000,129
6462,92107577443179,13.332868,0.770186,0.511876,12.558533,0.000000,129
6463,92107590776047,13.334009,3.374084,0.460277,9.955640,0.000000,129
6464,92107604110056,13.334059,1.895604,0.455446,11.434304,0.000000,129
6465,92107617444115,13.334406,1.201141,0.454991,12.128240,0.000000,129
6466,92107630778521,13.334342,0.826952,0.513549,12.502432,0.000000,129
6467,92107644112863,13.333440,0.960567,0.503402,12.367487,0.000000,129
6468,92107657446303,13.331452,0.822839,0.450867,12.504063,0.000000,129
6469,92107670777755,13.334999,0.769167,0.455029,12.560907,0.000000,129
6470,92107684112754,13.333548,0.750190,0.523271,12.577358,0.000000,129
6471,92107697446302,13.330650,3.268962,0.324360,10.057028,0.000000,129
6472,92107710776952,13.335929,0.723224,0.364415,12.607690,0.000000,129
6473,92107724112881,13.335918,0.719996,0.480634,12.610409,0.000000,129
6474,92107737448799,13.331180,0.901087,0.498138,12.424525,0.000000,129
6475,92107750779979,13.334523,0.986269,0.424082,12.342365,0.000000,129
6476,92107764114502,13.333381,0.775242,0.520858,12.551806,0.000000,129
6477,92107777447883,13.331787,0.844957,0.473518,12.481030,0.000000,129
6478,92107790779670,13.335915,0.881582,0.549770,12.448604,0.000000,129
6479,92107804115585,13.330695,3.450828,0.437370,9.873498,0.000000,129
6480,92107817446280,13.336340,0.986652,0.451478,12.342706,0.000000,129
6481,92107830782620,13.333036,0.922530,0.475611,12.403092,0.000000,129
6482,92107844115656,13.332643,0.880873,0.482351,12.444617,0.000000,129
6483,92107857448299,13.332189,1.098644,0.486512,12.227120,0.000000,129
6484,92107870780488,13.331167,2.047177,0.436933,11.279002,0.000000,129
6485,92107884111655,13.335506,0.757897,0.375425,12.571920,0.000000,129
6486,92107897447161,13.333376,0.816468,0.523338,12.510366,0.000000,129
6487,92107910780537,13.331220,3.685612,0.431200,9.640666,0.000000,129
6488,92107924111757,13.336150,0.696081,0.342406,12.635080,0.000000,129
6489,92107937447907,13.331762,0.830808,0.337612,12.495529,0.000000,129
6490,92107950779669,13.333723,0.826713,0.469131,12.500935,0.000000,129
6491,92107964113392,13.333503,0.966624,0.448435,12.360965,0.000000,129
6492,92107977446895,13.333544,0.808741,0.467271,12.519353,0.000000,129
6493,92107990780439,13.332820,0.807716,0.466434,12.520286,0.000000,129
6494,92108004113259,13.334290,0.705112,0.565774,12.623375,0.000000,129
6495,92108017447549,13.332457,3.267434,0.460673,10.059392,0.000000,129
6496,92108030780006,13.333872,0.781071,0.430011,12.548383,0.000000,129
6497,92108044113878,13.333340,0.735342,0.389140,12.592480,0.000000,129
6498,92108057447218,13.333853,0.799325,0.448683,12.527938,0.000000,129
6499,92108070781071,13.333872,0.992522,0.385667,12.335500,0.000000,129
6500,92108084114943,13.333666,0.714448,0.437103,12.613510,0.000000,129
6501,92108097448609,13.332382,0.837332,0.485964,12.489361,0.000000,129
6502,92108110780991,13.333587,0.827395,0.488589,12.500182,0.000000,129
6503,92108124114578,13.331543,3.308706,1.050303,10.017443,0.000000,129
6504,92108137446121,13.334449,0.809947,0.449088,12.519141,0.000000,129
6505,92108150780570,13.333046,0.789799,0.439885,12.538536,0.000000,129
6506,92108164113616,13.335091,0.721852,0.348034,12.607899,0.000000,129
6507,92108177448707,13.332533,1.024774,0.346603,12.301989,0.000000,129
6508,92108190781240,13.335117,0.791350,0.465217,12.538114,0.000000,129
6509,92108204116357,13.333315,0.763858,0.465449,12.562984,0.000000,129
6510,92108217449672,13.330639,0.827018,0.530924,12.498753,0.000000,129
6511,92108230780311,13.333530,3.245156,0.480562,10.083836,0.000000,129
6512,92108244113841,13.333946,0.705932,0.470592,12.623206,0.000000,129
6513,92108257447787,13.332263,0.786083,0.454773,12.541513,0.000000,129
6514,92108270780050,13.333972,0.761238,0.450665,12.567995,0.000000,129
6515,92108284114022,13.333013,0.886632,0.444319,12.441566,0.000000,129
6516,92108297447035,13.333326,0.783647,0.451136,12.544739,0.000000,129
6517,92108310780361,13.333469,0.748129,0.437767,12.580697,0.000000,129
6518,92108324113830,13.334091,0.694234,0.464747,12.635059,0.000000,129
6519,92108337447921,13.334067,3.420838,0.485319,9.907074,0.000000,129
6520,92108350781988,13.334498,1.069195,0.454828,12.260812,0.000000,129
6521,92108364116486,13.330575,0.753204,0.440418,12.572859,0.000000,129
6522,92108377447061,13.334018,0.742241,0.441928,12.587322,0.000000,129
6523,92108390781079,13.334898,0.953781,0.456865,12.374998,0.000000,129
6524,92108404115977,13.331052,0.711387,0.458565,12.614729,0.000000,129
6525,92108417447029,13.339213,0.809323,0.463082,12.524104,0.000000,129
6526,92108430786242,13.333073,0.930696,1.128211,12.394709,0.000000,129
6527,92108444119315,13.330653,3.366671,0.416912,9.957805,0.000000,129
6528,92108457449968,13.332393,0.778366,0.444188,12.549829,0.000000,129
6529,92108470782361,13.333631,0.815044,0.502009,12.512676,0.000000,129
6530,92108484115992,13.334183,0.762349,0.471593,12.566743,0.000000,129
6531,92108497450175,13.332820,1.059670,0.465361,12.267026,0.000000,129
6532,92108510782995,13.334744,0.875959,0.454951,12.453506,0.000000,129
6533,92108524117739,13.334135,0.795042,0.446593,12.531896,0.000000,129
6534,92108537451874,13.334300,0.934950,0.530480,12.392050,0.000000,129
6535,92108550786174,13.332177,3.402627,0.458850,9.922637,0.000000,129
6536,92108564118351,13.331620,0.867956,0.472275,12.458091,0.000000,129
6537,92108577449971,13.333181,0.829121,0.360959,12.498790,0.000000,129
6538,92108590783152,13.335683,0.812866,0.437184,12.517205,0.000000,129
6539,92108604118835,13.331386,1.055269,0.477987,12.269766,0.000000,129
6540,92108617450221,13.335786,0.882778,0.502588,12.447275,0.000000,129
6541,92108630786007,13.334259,0.910420,0.488441,12.416062,0.000000,129
6542,92108644120266,13.332569,0.898956,0.412958,12.426327,0.000000,129
6543,92108657452835,13.330770,4.356265,0.341239,8.968698,0.000000,129
6544,92108670783605,13.335303,0.923971,0.321793,12.405862,0.000000,129
6545,92108684118908,13.332484,0.870102,0.529780,12.455136,0.000000,129
6546,92108697451392,13.334000,0.933497,0.330555,12.393858,0.000000,129
6547,92108710785392,13.333318,1.124278,0.353867,12.201892,0.000000,129
6548,92108724118710,13.333939,0.881928,0.302106,12.446190,0.000000,129
6549,92108737452649,13.332631,0.951440,0.308171,12.375196,0.000000,129
6550,92108750785280,13.332589,0.907055,0.314309,12.420155,0.000000,129
6551,92108764117869,13.333941,3.946663,0.434976,9.382327,0.000000,129
6552,92108777451810,13.334005,0.914586,0.354145,12.412839,0.000000,129
6553,92108790785815,13.331567,0.851121,0.319481,12.474450,0.000000,129
6554,92108804117382,13.335417,0.771820,0.457911,12.558171,0.000000,129
6555,92108817452799,13.332349,1.169894,0.463683,12.156186,0.000000,129
6556,92108830785148,13.333374,0.903208,0.397456,12.423571,0.000000,129
6557,92108844118522,13.335182,0.808343,0.427401,12.520726,0.000000,129
6558,92108857453704,13.330786,0.944680,0.371042,12.379508,0.000000,129
6559,92108870784490,13.335195,3.371283,0.305506,9.958079,0.000000,129
6560,92108884119685,13.334461,0.792371,0.432727,12.535105,0.000000,129
6561,92108897454146,13.331755,0.899829,0.463552,12.424815,0.000000,129
6562,92108910785901,13.332562,0.794086,0.468008,12.533214,0.000000,129
6563,92108924118463,13.333108,0.904342,0.341017,12.423794,0.000000,129
6564,92108937451571,13.333021,0.802419,0.340212,12.525395,0.000000,129
6565,92108950784592,13.334364,0.754995,0.353719,12.573490,0.000000,129
6566,92108964118956,13.332316,0.688050,0.531862,12.639750,0.000000,129
6567,92108977451272,13.333078,3.224417,0.453994,10.103584,0.000000,129
6568,92108990784350,13.334176,0.758789,0.489678,12.570232,0.000000,129
6569,92109004118526,13.333416,0.681623,0.461689,12.646978,0.000000,129
6570,92109017451942,13.332706,0.772703,0.477488,12.555012,0.000000,129
6571,92109030784648,13.333379,0.942363,0.448303,12.386230,0.000000,129
6572,92109044118027,13.334281,0.664944,0.443618,12.665256,0.000000,129
6573,92109057452308,13.333196,0.793526,0.467288,12.534569,0.000000,129
6574,92109070785504,13.334486,0.773996,0.540493,12.554764,0.000000,129
6575,92109084119990,13.331291,3.144248,0.436727,10.182391,0.000000,129
6576,92109097451281,13.333797,0.740287,0.440882,12.589537,0.000000,129
6577,92109110785078,13.332905,0.761675,0.486792,12.566964,0.000000,129
6578,92109124117983,13.333477,0.668214,0.331778,12.661120,0.000000,129
6579,92109137451460,13.333914,0.928382,0.504072,12.400844,0.000000,129
6580,92109150785374,13.332785,0.753336,0.456930,12.574863,0.000000,129
6581,92109164118159,13.333519,0.656713,0.451601,12.672672,0.000000,129
6582,92109177451678,13.334535,0.736823,0.419717,12.592426,0.000000,129
6583,92109190786213,13.333284,3.221349,0.300076,10.106960,0.000000,129
6584,92109204119497,13.334168,0.706215,0.415447,12.623564,0.000000,130
6585,92109217453665,13.332192,0.785745,0.463519,12.542089,0.000000,130
6586,92109230785857,13.333109,0.768663,0.462840,12.559542,0.000000,130
6587,92109244118966,13.333748,1.304744,0.449910,12.024067,0.000000,130
6588,92109257452714,13.333472,0.790629,0.446022,12.538327,0.000000,130
6589,92109270786186,13.332617,0.782406,0.533399,12.545294,0.000000,130
6590,92109284118803,13.333787,0.687348,0.541073,12.641987,0.000000,130
6591,92109297452590,13.333858,3.214352,0.426361,10.114471,0.000000,130
6592,92109310786448,13.333032,0.792288,0.424775,12.536361,0.000000,130
6593,92109324119480,13.333234,0.685737,0.486510,12.642755,0.000000,130
6594,92109337452714,13.334873,0.775380,0.464944,12.554273,0.000000,130
6595,92109350787587,13.332141,0.997340,0.461383,12.329613,0.000000,130
6596,92109364119728,13.332978,0.672001,0.456251,12.656881,0.000000,130
6597,92109377452706,13.333990,0.749790,0.485401,12.579629,0.000000,130
6598,92109390786696,13.333608,0.754213,0.516532,12.574276,0.000000,130
6599,92109404120304,13.334658,3.122774,0.443322,10.207088,0.000000,130
6600,92109417454962,13.334292,0.795747,0.343853,12.533342,0.000000,130
6601,92109430789254,13.334080,0.828477,0.323000,12.499937,0.000000,130
6602,92109444123334,13.332203,0.779754,0.449270,12.546165,0.000000,130
6603,92109457455537,13.333490,1.006087,0.458852,12.321821,0.000000,130
6604,92109470789027,13.334953,0.843299,0.505418,12.485955,0.000000,130
6605,92109484123980,13.330608,0.770864,0.465790,12.554031,0.000000,130
6606,92109497454588,13.333876,0.812588,0.582816,12.515948,0.000000,130
6607,92109510788464,13.333718,3.248556,0.423061,10.079781,0.000000,130
6608,92109524122182,13.334575,0.748745,0.449414,12.580301,0.000000,130
6609,92109537456757,13.332202,0.830523,0.451039,12.496256,0.000000,130
6610,92109550788959,13.334509,0.813955,0.493509,12.515181,0.000000,130
6611,92109564123468,13.332923,2.775223,0.461711,10.552036,0.000000,130
6612,92109577456391,13.333441,0.821600,0.472515,12.506246,0.000000,130
6613,92109590789832,13.334454,0.786719,0.483018,12.541717,0.000000,130
6614,92109604124286,13.332050,0.764031,0.393974,12.562009,0.000000,130
6615,92109617456336,13.333184,3.272769,0.377683,10.054618,0.000000,130
6616,92109630789520,13.333470,0.787538,0.367287,12.540863,0.000000,130
6617,92109644122990,13.332596,0.755183,0.447606,12.571842,0.000000,130
6618,92109657455586,13.331727,0.796843,0.462035,12.530235,0.000000,130
6619,92109670787313,13.334664,0.955355,0.490834,12.373881,0.000000,130
6620,92109684121977,13.333428,0.813020,0.384724,12.514364,0.000000,130
6621,92109697455405,13.335472,0.775278,0.337591,12.554355,0.000000,130
6622,92109710790877,13.329845,0.817507,0.384027,12.506769,0.000000,130
6623,92109724120722,13.334361,3.152310,0.406913,10.176424,0.000000,130
6624,92109737455083,13.332133,0.805697,0.445709,12.521329,0.000000,130
6625,92109750787216,13.333460,0.775882,0.488138,12.553345,0.000000,130
6626,92109764120676,13.334134,0.672272,0.471997,12.657216,0.000000,130
6627,92109777454810,13.332771,0.943120,0.485911,12.385270,0.000000,130
6628,92109790787581,13.333353,0.738991,0.440178,12.589849,0.000000,130
6629,92109804120934,13.336391,0.640025,0.460129,12.691912,0.000000,130
6630,92109817457325,13.330914,0.801182,0.489328,12.524241,0.000000,130
6631,92109830788239,13.333764,3.228919,0.458017,10.100372,0.000000,130
6632,92109844122003,13.333395,0.698052,0.471637,12.630690,0.000000,130
6633,92109857455398,13.334902,1.181655,0.445989,12.148552,0.000000,130
6634,92109870790300,13.332925,0.814847,0.556199,12.512516,0.000000,130
6635,92109884123225,13.331779,0.872119,0.450867,12.455014,0.000000,130
6636,92109897455004,13.332960,0.775674,0.457756,12.552906,0.000000,130
6637,92109910787964,13.333598,0.739887,0.477755,12.589293,0.000000,130
6638,92109924121562,13.337002,0.749312,0.489872,12.582895,0.000000,130
6639,92109937458564,13.332564,3.334852,0.453116,9.991574,0.000000,130
6640,92109950791128,13.332844,0.870293,0.394570,12.456632,0.000000,130
6641,92109964123972,13.335456,0.783243,0.470594,12.545361,0.000000,130
6642,92109977459428,13.331944,0.971143,0.355900,12.354067,0.000000,130
6643,92109990791372,13.330986,1.117111,0.332556,12.208174,0.000000,130
6644,92110004122358,13.333707,0.698020,0.471373,12.631261,0.000000,130
6645,92110017456065,13.335375,0.864671,0.453783,12.465131,0.000000,130
6646,92110030791440,13.333208,0.780977,0.478104,12.547086,0.000000,130
6647,92110044124648,13.333969,3.146476,0.439007,10.182858,0.000000,130
6648,92110057458617,13.334564,0.879570,0.442835,12.449458,0.000000,130
6649,92110070793181,13.330274,0.893260,0.446842,12.431186,0.000000,130
6650,92110084123455,13.334434,0.800780,0.323274,12.529344,0.000000,130
6651,92110097457889,13.334928,1.154726,0.474861,12.174180,0.000000,130
6652,92110110792817,13.332122,0.965959,0.431262,12.360174,0.000000,130
6653,92110124124939,13.334028,0.705571,0.301120,12.621695,0.000000,130
6654,92110137458967,13.333861,0.841865,0.357484,12.486795,0.000000,130
6655,92110150792828,13.332248,3.233062,0.361728,10.094075,0.000000,130
6656,92110164125076,13.333640,0.699678,0.318004,12.628409,0.000000,130
6657,92110177458716,13.333779,0.820363,0.435341,12.507629,0.000000,130
6658,92110190792495,13.333311,0.867228,0.480888,12.460204,0.000000,130
6659,92110204125806,13.332793,0.981120,0.464101,12.345791,0.000000,130
6660,92110217458599,13.333201,0.804895,0.474441,12.523121,0.000000,130
6661,92110230791800,13.333439,0.843640,0.423706,12.484817,0.000000,130
6662,92110244125239,13.333805,0.719433,0.466026,12.609404,0.000000,130
6663,92110257459044,13.334021,3.225062,0.434581,10.102918,0.000000,130
6664,92110270793065,13.332941,0.799403,0.343181,12.528274,0.000000,130
6665,92110284126006,13.332465,0.718093,0.304117,12.609405,0.000000,130
6666,92110297458471,13.334592,0.797951,0.446874,12.531550,0.000000,130
6667,92110310793063,13.332294,1.092493,0.448954,12.234838,0.000000,130
6668,92110324125357,13.333912,0.717996,0.473330,12.610105,0.000000,130
6669,92110337459269,13.335997,0.875124,0.502530,12.455746,0.000000,130
6670,92110350795266,13.330940,0.881468,1.749021,12.443201,0.000000,130
6671,92110364126206,13.332769,3.159591,0.434721,10.168595,0.000000,130
6672,92110377458975,13.335262,0.794286,0.467901,12.535863,0.000000,130
6673,92110390794237,13.331932,0.843748,0.475392,12.483160,0.000000,130
6674,92110404126169,13.333971,0.718717,0.470906,12.609653,0.000000,130
6675,92110417460140,13.333265,1.126488,0.476903,12.200965,0.000000,130
6676,92110430793405,13.334364,0.829245,0.477342,12.499670,0.000000,130
6677,92110444127769,13.332600,0.773428,0.312694,12.553964,0.000000,130
6678,92110457460369,13.333419,0.816196,0.485116,12.512163,0.000000,130
6679,92110470793788,13.334328,3.274932,0.480173,10.054081,0.000000,130
6680,92110484128116,13.331166,0.751298,0.459561,12.572804,0.000000,130
6681,92110497459282,13.333412,0.787815,0.451482,12.540931,0.000000,130
6682,92110510792694,13.334444,0.765331,0.465024,12.564086,0.000000,130
6683,92110524127138,13.333565,0.939538,0.469822,12.388317,0.000000,130
6684,92110537460703,13.331295,0.843872,0.462881,12.483156,0.000000,130
6685,92110550791998,13.333315,0.791892,0.467543,12.536184,0.000000,130
6686,92110564125313,13.333159,0.716163,0.498809,12.612668,0.000000,130
6687,92110577458472,13.334245,3.277882,0.465338,10.051634,0.000000,130
6688,92110590792717,13.335486,0.843713,0.470905,12.485159,0.000000,130
6689,92110604128203,13.331442,0.847979,0.450592,12.476138,0.000000,130
6690,92110617459645,13.333900,0.877352,0.483869,12.451914,0.000000,130
6691,92110630793545,13.334727,1.041240,0.457055,12.288663,0.000000,130
6692,92110644128272,13.332317,0.769482,0.452771,12.557255,0.000000,130
6693,92110657460589,13.334255,0.789206,0.436600,12.539594,0.000000,130
6694,92110670794844,13.334208,0.772830,0.498105,12.555480,0.000000,130
6695,92110684129052,13.331659,3.227986,0.454176,10.098433,0.000000,130
6696,92110697460711,13.334371,0.885493,0.464503,12.442628,0.000000,130
6697,92110710795082,13.333989,0.852422,0.464443,12.475510,0.000000,130
6698,92110724129071,13.333281,0.738619,0.464163,12.588939,0.000000,130
6699,92110737462352,13.332567,0.995760,0.460326,12.331906,0.000000,130
6700,92110750794919,13.332044,0.896225,0.472835,12.430947,0.000000,130
6701,92110764126963,13.336235,0.719328,0.457415,12.611250,0.000000,130
6702,92110777463198,13.331653,0.855981,0.496699,12.470486,0.000000,130
6703,92110790794851,13.333210,3.217499,0.479839,10.110857,0.000000,130
6704,92110804128061,13.333698,0.739650,0.469999,12.588629,0.000000,130
6705,92110817461759,13.331821,0.800950,0.467147,12.526466,0.000000,130
6706,92110830793580,13.335901,0.761599,0.476019,12.569039,0.000000,130
6707,92110844129481,13.330542,0.912115,0.495816,12.413699,0.000000,130
6708,92110857460023,13.334492,0.777937,0.471233,12.551793,0.000000,130
6709,92110870794515,13.334424,0.783648,0.442124,12.545763,0.000000,130
6710,92110884128939,13.332887,0.714367,0.484305,12.613838,0.000000,130
6711,92110897461826,13.332251,3.205170,0.496467,10.122964,0.000000,130
6712,92110910794077,13.334682,0.829027,0.465273,12.500942,0.000000,130
6713,92110924128759,13.335071,0.824739,0.477621,12.503127,0.000000,130
6714,92110937463830,13.333105,0.951760,0.479888,12.375090,0.000000,130
6715,92110950796935,13.331928,1.158214,0.461667,12.167204,0.000000,130
6716,92110964128863,13.335255,0.822000,0.333386,12.507471,0.000000,131
6717,92110977464118,13.333222,0.928599,0.445012,12.397466,0.000000,131
6718,92110990797340,13.334983,0.907230,0.490953,12.420769,0.000000,131
6719,92111004132323,13.331492,3.294085,0.460645,10.030757,0.000000,131
6720,92111017463815,13.331454,0.861126,0.340830,12.464715,0.000000,131
6721,92111030795269,13.333505,0.787888,0.460811,12.540573,0.000000,131
6722,92111044128774,13.334224,0.707317,0.454678,12.621702,0.000000,131
6723,92111057462998,13.332434,1.003050,0.458917,12.323934,0.000000,131
6724,92111070795432,13.334554,0.763060,0.454215,12.566380,0.000000,131
6725,92111084129986,13.334017,0.711677,0.454956,12.616764,0.000000,131
6726,92111097464003,13.334833,0.791860,0.493932,12.537334,0.000000,131
6727,92111110798836,13.330958,3.275244,0.452690,10.050162,0.000000,131
6728,92111124129794,13.334616,0.736556,0.466453,12.592836,0.000000,131
6729,92111137464410,13.335193,0.923148,0.470514,12.405396,0.000000,131
6730,92111150799603,13.331395,0.950106,0.469691,12.375019,0.000000,131
6731,92111164130998,13.332556,1.073228,0.455067,12.253632,0.000000,131
6732,92111177463554,13.335009,0.898786,0.479414,12.429990,0.000000,131
6733,92111190798563,13.334918,0.965330,0.486680,12.362073,0.000000,131
6734,92111204133481,13.330973,0.896913,0.521106,12.427748,0.000000,131
6735,92111217464454,13.333980,3.468341,0.501360,9.859545,0.000000,131
6736,92111230798434,13.332685,0.827790,0.545115,12.499781,0.000000,131
6737,92111244131119,13.333705,0.746398,0.471564,12.581411,0.000000,131
6738,92111257464824,13.334873,0.882967,0.480560,12.445659,0.000000,131
6739,92111270799697,13.331401,1.080552,0.461941,12.244016,0.000000,131
6740,92111284131098,13.333505,0.721795,0.539490,12.605790,0.000000,131
6741,92111297464603,13.334564,0.793093,0.483228,12.535988,0.000000,131
6742,92111310799167,13.334650,0.875267,0.515858,12.452670,0.000000,131
6743,92111324133817,13.330536,3.256178,0.466905,10.069025,0.000000,131
6744,92111337464353,13.335372,0.955602,0.470236,12.373462,0.000000,131
6745,92111350799725,13.332022,0.887629,0.510828,12.437809,0.000000,131
6746,92111364131747,13.334087,0.752356,0.539646,12.575510,0.000000,131
6747,92111377465834,13.333427,1.157215,0.492417,12.170463,0.000000,131
6748,92111390799261,13.332561,0.892770,0.440470,12.434338,0.000000,131
6749,92111404131822,13.332238,0.696049,0.338675,12.631396,0.000000,131
6750,92111417464060,13.332992,0.827139,0.369619,12.500717,0.000000,131
6751,92111430797052,13.334505,3.169334,0.464961,10.160092,0.000000,131
6752,92111444131557,13.332489,0.721831,0.446469,12.605659,0.000000,131
6753,92111457464046,13.333271,0.750131,0.494602,12.579011,0.000000,131
6754,92111470797317,13.335791,0.783816,0.485111,12.546404,0.000000,131
6755,92111484133108,13.332009,0.938437,0.462576,12.388088,0.000000,131
6756,92111497465117,13.333774,0.845094,0.454794,12.483647,0.000000,131
6757,92111510798891,13.335668,0.804900,0.479174,12.524861,0.000000,131
6758,92111524134559,13.332330,0.761732,0.502196,12.564978,0.000000,131
6759,92111537466889,13.333575,3.220880,0.487364,10.107250,0.000000,131
6760,92111550800464,13.333017,0.816313,0.474045,12.511200,0.000000,131
6761,92111564133481,13.332954,0.753219,0.496351,12.574209,0.000000,131
6762,92111577466435,13.333384,0.792723,0.511027,12.535296,0.000000,131
6763,92111590799819,13.333874,0.993756,0.509470,12.334394,0.000000,131
6764,92111604133693,13.333651,0.756741,0.467102,12.571089,0.000000,131
6765,92111617467344,13.338558,0.825385,0.458921,12.504929,0.000000,131
6766,92111630805902,13.334757,0.835797,0.514401,12.487567,0.000000,131
6767,92111644140659,13.334878,3.222541,0.467395,10.099566,0.000000,131
6768,92111657475537,13.321954,0.840944,0.470897,12.474474,0.000000,131
6769,92111670797491,13.334645,0.745548,0.464937,12.584135,0.000000,131
6770,92111684132136,13.334816,0.721620,0.460839,12.607476,0.000000,131
6771,92111697466952,13.332596,0.997176,0.460548,12.329662,0.000000,131
6772,92111710799548,13.332767,0.758598,0.491797,12.568482,0.000000,131
6773,92111724132315,13.340886,0.807467,0.481092,12.525630,0.000000,131
6774,92111737473201,13.328313,0.999542,0.503684,12.320348,0.000000,131
6775,92111750801514,13.334507,3.706343,0.490016,9.621086,0.000000,131
6776,92111764136021,13.342585,0.903406,0.467073,12.426978,0.000000,131
6777,92111777478606,13.322662,0.994369,0.471413,12.318268,0.000000,131
6778,92111790801268,13.334995,0.932929,0.462757,12.395573,0.000000,131
6779,92111804136263,13.337548,1.306223,0.343517,12.020552,0.000000,131
6780,92111817473811,13.327873,0.895055,0.339453,12.425706,0.000000,131
6781,92111830801684,13.337488,0.956209,0.367138,12.372858,0.000000,131
6782,92111844139172,13.329027,1.129297,0.326302,12.192112,0.000000,131
6783,92111857468199,13.338108,3.262402,0.539300,10.068104,0.000000,131
6784,92111870806307,13.329370,0.918888,0.483020,12.404025,0.000000,131
6785,92111884135677,13.332357,1.070835,0.482011,12.255809,0.000000,131
6786,92111897468034,13.342600,0.828386,0.491554,12.503583,0.000000,131
6787,92111910810634,13.329651,1.118273,0.476680,12.203249,0.000000,131
6788,92111924140285,13.329171,0.773775,0.466654,12.549356,0.000000,131
6789,92111937469456,13.333684,0.851196,0.503216,12.475942,0.000000,131
6790,92111950803140,13.331532,0.851338,0.514438,12.473310,0.000000,131
6791,92111964134672,13.335561,3.153532,0.484589,10.176195,0.000000,131
6792,92111977470233,13.333359,0.871466,0.502693,12.455612,0.000000,131
6793,92111990803592,13.332132,0.900353,0.472731,12.425034,0.000000,131
6794,92112004135724,13.339529,0.835271,0.484208,12.494295,0.000000,131
6795,92112017475253,13.331639,1.296051,0.504031,12.025279,0.000000,131
6796,92112030806892,13.328083,0.996273,0.467358,12.324218,0.000000,131
6797,92112044134975,13.335569,0.817372,0.477322,12.511572,0.000000,131
6798,92112057470544,13.340438,0.934221,0.504700,12.395063,0.000000,131
6799,92112070810982,13.324745,3.410936,0.461088,9.905649,0.000000,131
6800,92112084135727,13.341111,0.753405,0.449052,12.578997,0.000000,131
6801,92112097476838,13.327202,0.949521,0.563292,12.368639,0.000000,131
6802,92112110804040,13.330441,1.304028,0.484580,12.019358,0.000000,131
6803,92112124134481,13.341275,1.092968,0.476279,12.239985,0.000000,131
6804,92112137475756,13.329148,1.034137,0.484076,12.285719,0.000000,131
6805,92112150804904,13.344550,1.126328,0.479378,12.204782,0.000000,131
6806,92112164149454,13.323537,1.087230,0.513882,12.224540,0.000000,131
6807,92112177472991,13.331144,3.569872,0.475233,9.753144,0.000000,131
6808,92112190804135,13.338110,0.871105,0.641228,12.458521,0.000000,131
6809,92112204142245,13.329515,1.171560,0.664210,12.150316,0.000000,131
6810,92112217471760,13.336896,1.269239,0.454053,12.058811,0.000000,131
6811,92112230808656,13.334061,1.265530,0.448283,12.056378,0.000000,131
6812,92112244142717,13.328426,1.070872,0.474013,12.248395,0.000000,131
6813,92112257471143,13.331787,1.161582,0.495125,12.163597,0.000000,131
6814,92112270802930,13.337625,0.896835,0.503911,12.433485,0.000000,131
6815,92112284140555,13.332136,3.427400,0.576791,9.896528,0.000000,131
6816,92112297472691,13.332378,1.330719,0.554628,11.994730,0.000000,131
6817,92112310805069,13.334627,0.929724,0.463656,12.396933,0.000000,131
6818,92112324139696,13.330715,1.134937,0.458747,12.188390,0.000000,131
6819,92112337470411,13.334474,1.147894,0.610604,12.180702,0.000000,131
6820,92112350804885,13.344424,1.223405,0.459359,12.109500,0.000000,131
6821,92112364149309,13.322591,0.968912,0.478975,12.345450,0.000000,131
6822,92112377471900,13.340821,1.010506,0.493371,12.320546,0.000000,131
6823,92112390812721,13.329624,3.657371,0.503354,9.662769,0.000000,131
6824,92112404142345,13.329733,1.214160,0.480360,12.107157,0.000000,131
6825,92112417472078,13.337291,0.945557,0.487337,12.382724,0.000000,131
6826,92112430809369,13.330251,1.258250,0.618542,12.063869,0.000000,131
6827,92112444139620,13.337343,1.315853,0.468961,12.010529,0.000000,131
6828,92112457476963,13.326925,0.922556,0.593322,12.396338,0.000000,131
6829,92112470803888,13.335420,1.128960,0.555128,12.199751,0.000000,131
6830,92112484139308,13.332717,0.995307,0.526194,12.330750,0.000000,131
6831,92112497472025,13.335410,3.428670,0.601816,9.899590,0.000000,131
6832,92112510807435,13.331079,1.130448,0.670472,12.193686,0.000000,131
6833,92112524138514,13.335746,1.003962,0.628834,12.325950,0.000000,131
6834,92112537474260,13.335820,1.194296,0.484141,12.133216,0.000000,131
6835,92112550810080,13.336643,1.412358,0.446067,11.914246,0.000000,131
6836,92112564146723,13.328057,0.947683,0.543110,12.370738,0.000000,131
6837,92112577474780,13.333365,1.208024,0.471219,12.116796,0.000000,131
6838,92112590808145,13.332387,1.322520,0.515541,12.002628,0.000000,131
6839,92112604140532,13.334078,3.358096,0.618250,9.968957,0.000000,131
6840,92112617474610,13.331653,1.138190,0.587698,12.186668,0.000000,131
6841,92112630806263,13.335386,1.062042,0.484544,12.266311,0.000000,131
6842,92112644141649,13.341034,0.896549,0.468785,12.437864,0.000000,131
6843,92112657482683,13.333189,1.171057,0.467832,12.155997,0.000000,131
6844,92112670815872,13.339523,0.927804,0.462472,12.401874,0.000000,131
6845,92112684155395,13.329401,0.922541,0.508284,12.397582,0.000000,131
6846,92112697484796,13.332061,1.059614,0.508553,12.264604,0.000000,131
6847,92112710816857,13.339149,3.786736,0.492135,9.542179,0.000000,131
6848,92112724156006,13.326861,0.941556,0.480502,12.376983,0.000000,132
6849,92112737482867,13.334434,1.043728,0.502708,12.283346,0.000000,132
6850,92112750817301,13.336353,0.921148,0.500257,12.407312,0.000000,132
6851,92112764153654,13.329832,1.817667,0.461748,11.504339,0.000000,132
6852,92112777483486,13.333157,0.870087,0.475816,12.456217,0.000000,132
6853,92112790816643,13.333448,0.937969,0.468506,12.388961,0.000000,132
6854,92112804150091,13.334718,0.899744,0.563874,12.428526,0.000000,132
6855,92112817484809,13.332399,3.403904,0.511202,9.921434,0.000000,132
6856,92112830817208,13.331433,0.863320,0.477253,12.461498,0.000000,132
6857,92112844148641,13.356603,0.851841,0.622938,12.490561,0.000000,132
6858,92112857505244,13.332284,2.160774,0.815703,11.153099,0.000000,132
6859,92112870837528,13.320968,2.550934,0.856549,10.760084,0.000000,132
6860,92112884158496,13.332048,2.042165,0.588769,11.280033,0.000000,132
6861,92112897490544,13.343552,1.919919,0.895742,11.406229,0.000000,132
6862,92112910834096,13.324521,2.515303,0.627392,10.787943,0.000000,132
6863,92112924158617,13.331971,5.312284,0.677973,8.003753,0.000000,132
6864,92112937490588,13.332310,1.772034,0.463762,11.548778,0.000000,132
6865,92112950822898,13.336605,1.214798,0.780994,12.110737,0.000000,132
6866,92112964159503,13.337294,1.530327,0.733987,11.792158,0.000000,132
6867,92112977496797,13.327926,3.143928,1.114093,10.166940,0.000000,132
6868,92112990824723,13.333575,1.502556,0.848513,11.818679,0.000000,132
6869,92113004158298,13.330490,1.712771,0.941997,11.605751,0.000000,132
6870,92113017488788,13.331644,1.570470,0.495915,11.752912,0.000000,132
6871,92113030820432,13.331183,3.790067,0.883710,9.535142,0.000000,132
6872,92113044151615,13.338030,0.829038,0.471549,12.500815,0.000000,132
6873,92113057489645,13.329251,1.173046,0.472414,12.148718,0.000000,132
6874,92113070818896,13.333603,1.129252,0.855917,12.197877,0.000000,132
6875,92113084152499,13.332859,1.143733,0.550813,12.182748,0.000000,132
6876,92113097485358,13.336866,1.080101,0.773509,12.248732,0.000000,132
6877,92113110822224,13.331180,0.915615,0.669360,12.408954,0.000000,132
6878,92113124153404,13.335008,1.062024,0.684146,12.266136,0.000000,132
6879,92113137488412,13.337854,3.673366,0.343991,9.652803,0.000000,132
6880,92113150826266,13.327226,0.917874,0.695573,12.402924,0.000000,132
6881,92113164153492,13.332720,1.018801,1.010807,12.308225,0.000000,132
6882,92113177486212,13.333516,0.925686,0.603529,12.401583,0.000000,132
6883,92113190819728,13.336489,1.408896,0.501279,11.920117,0.000000,132
6884,92113204156217,13.335550,1.569999,0.483017,11.755783,0.000000,132
6885,92113217491767,13.334513,1.080410,0.660293,12.244323,0.000000,132
6886,92113230826280,13.327734,1.071902,0.604272,12.245827,0.000000,132
6887,92113244154014,13.334142,3.917632,0.485205,9.409807,0.000000,132
6888,92113257488156,13.338560,1.086582,0.583287,12.242877,0.000000,132
6889,92113270826716,13.328241,1.243192,0.664610,12.077287,0.000000,132
6890,92113284154957,13.332978,1.127389,1.130598,12.199570,0.000000,132
6891,92113297487935,13.334562,1.372116,0.831632,11.955502,0.000000,132
6892,92113310822497,13.332446,0.884946,0.795833,12.440059,0.000000,132
6893,92113324154943,13.330955,0.881374,0.855482,12.443275,0.000000,132
6894,92113337485898,13.337816,0.785134,0.683379,12.546569,0.000000,132
6895,92113350823714,13.331463,3.310143,0.465435,10.014113,0.000000,132
6896,92113364155177,13.332711,0.969088,0.570709,12.357052,0.000000,132
6897,92113377487888,13.335983,1.123244,0.466605,12.205402,0.000000,132
6898,92113390823871,13.331500,1.206111,0.464682,12.117986,0.000000,132
6899,92113404155371,13.332920,1.298010,0.661575,12.027848,0.000000,132
6900,92113417488291,13.333565,1.098073,0.489003,12.228515,0.000000,132
6901,92113430821856,13.334001,1.371996,0.880471,11.954872,0.000000,132
6902,92113444155857,13.333019,0.869083,0.847252,12.457558,0.000000,132
6903,92113457488876,13.334194,3.821193,0.908155,9.506708,0.000000,132
6904,92113470823070,13.334913,1.338110,0.423588,11.987585,0.000000,132
6905,92113484157983,13.329321,1.383575,0.527744,11.939433,0.000000,132
6906,92113497487304,13.334487,1.716921,0.710499,11.610709,0.000000,132
6907,92113510821791,13.336864,1.665917,0.315860,11.663558,0.000000,132
6908,92113524158655,13.332854,1.420541,0.938484,11.903774,0.000000,132
6909,92113537491509,13.331359,1.118664,0.475650,12.204995,0.000000,132
6910,92113550822868,13.339670,1.912447,0.613572,11.416762,0.000000,132
6911,92113564162538,13.327855,3.637869,0.371206,9.682094,0.000000,132
6912,92113577490393,13.336375,1.343593,0.835373,11.983872,0.000000,132
6913,92113590826768,13.330774,1.108372,0.715261,12.214461,0.000000,132
6914,92113604157542,13.337408,1.120081,0.706078,12.208795,0.000000,132
6915,92113617494950,13.329158,1.287345,0.524893,12.033735,0.000000,132
6916,92113630824108,13.332385,1.970299,0.416078,11.356053,0.000000,132
6917,92113644156493,13.333795,1.011306,0.589617,12.316808,0.000000,132
6918,92113657490288,13.331752,1.088959,0.506275,12.237344,0.000000,132
6919,92113670822040,13.333492,3.937475,0.997608,9.389748,0.000000,132
6920,92113684155532,13.333438,1.142547,0.696702,12.184519,0.000000,132
6921,92113697488970,13.336099,1.047411,0.477601,12.281801,0.000000,132
6922,92113710825069,13.337027,1.188104,0.507337,12.140364,0.000000,132
6923,92113724162096,13.330593,1.335407,0.976654,11.985945,0.000000,132
6924,92113737492689,13.333652,0.994366,0.477377,12.330756,0.000000,132
6925,92113750826341,13.333817,1.172364,0.579322,12.154105,0.000000,132
6926,92113764160158,13.331321,1.087945,0.559261,12.235448,0.000000,132
6927,92113777491479,13.334142,3.815482,0.471205,9.511719,0.000000,132
6928,92113790825621,13.332802,1.132291,0.484445,12.193751,0.000000,132
6929,92113804158423,13.333864,1.003634,0.457884,12.322816,0.000000,132
6930,92113817492287,13.330527,1.035407,0.485943,12.288646,0.000000,132
6931,92113830822814,13.368112,1.469983,0.492809,11.891847,0.000000,132
6932,92113844190926,13.336147,0.924733,0.526317,12.402070,0.000000,132
6933,92113857527073,13.330714,1.053135,0.526389,12.270273,0.000000,132
6934,92113870857787,13.334237,1.009601,0.480779,12.317810,0.000000,132
6935,92113884192024,13.346764,3.649303,0.489248,9.690224,0.000000,132
6936,92113897538788,13.337699,1.083560,0.454105,12.243121,0.000000,132
6937,92113910876487,13.327721,0.972547,0.452185,12.348388,0.000000,132
6938,92113924204208,13.333179,0.957630,0.515937,12.369681,0.000000,132
6939,92113937537387,13.333641,1.217304,0.472484,12.110184,0.000000,132
6940,92113950871028,13.332414,0.988379,0.345948,12.338732,0.000000,132
6941,92113964203442,13.334679,0.931127,0.353627,12.397324,0.000000,132
6942,92113977538121,13.332028,0.933991,0.340678,12.392521,0.000000,132
6943,92113990870149,13.333353,3.627213,0.388571,9.701324,0.000000,132
6944,92114004203502,13.336729,0.883616,0.367464,12.446266,0.000000,132
6945,92114017540231,13.331632,1.037868,0.404591,12.287220,0.000000,132
6946,92114030871863,13.333550,0.980630,0.332538,12.347530,0.000000,132
6947,92114044205413,13.334533,1.178866,0.490425,12.148218,0.000000,132
6948,92114057539946,13.330393,0.965605,0.524976,12.359531,0.000000,132
6949,92114070870339,13.335205,1.068434,0.459329,12.261282,0.000000,132
6950,92114084205544,13.335043,0.898065,0.498950,12.430221,0.000000,132
6951,92114097540587,13.333089,3.904228,0.480832,9.419989,0.000000,132
6952,92114110873676,13.333462,0.946810,0.450500,12.379406,0.000000,132
6953,92114124207138,13.333760,0.912014,0.626316,12.415240,0.000000,132
6954,92114137540898,13.332702,1.143789,0.534019,12.181956,0.000000,132
6955,92114150873600,13.331191,1.489237,0.506158,11.836226,0.000000,132
6956,92114164204791,13.333823,0.900404,0.553458,12.427648,0.000000,132
6957,92114177538614,13.334835,1.115225,0.517001,12.211108,0.000000,132
6958,92114190873449,13.338369,1.258072,0.514432,12.071913,0.000000,132
6959,92114204211818,13.328164,3.757576,0.557377,9.562686,0.000000,132
6960,92114217539982,13.334914,1.149707,0.464203,12.178213,0.000000,132
6961,92114230874896,13.339957,1.090245,0.586466,12.239352,0.000000,132
6962,92114244214853,13.327408,0.899585,0.562813,12.420802,0.000000,132
6963,92114257542261,13.334443,1.365729,0.532149,11.961275,0.000000,132
6964,92114270876704,13.329895,1.068962,0.437307,12.253169,0.000000,132
6965,92114284206599,13.334962,0.969563,0.459348,12.359312,0.000000,132
6966,92114297541561,13.334494,1.305395,0.532061,12.022504,0.000000,132
6967,92114310876055,13.340011,3.740900,0.614795,9.592089,0.000000,132
6968,92114324216066,13.333801,0.902013,0.495923,12.423612,0.000000,132
6969,92114337549867,13.332843,1.096531,0.452730,12.228869,0.000000,132
6970,92114350882710,13.332483,1.148497,0.463803,12.177695,0.000000,132
6971,92114364215193,13.336551,1.292841,0.488349,12.035171,0.000000,132
6972,92114377551744,13.332088,0.985590,0.540124,12.338590,0.000000,132
6973,92114390883832,13.331558,0.908265,0.580105,12.416360,0.000000,132
6974,92114404215390,13.333359,1.107593,0.479138,12.218456,0.000000,132
6975,92114417548749,13.334513,3.674306,0.478865,9.653583,0.000000,132
6976,92114430883262,13.332782,1.084093,0.520382,12.241036,0.000000,132
6977,92114444216044,13.338650,0.909955,0.524731,12.418696,0.000000,132
6978,92114457554694,13.328786,0.999709,0.517734,12.321680,0.000000,132
6979,92114470883480,13.332640,1.268300,0.541543,12.057643,0.000000,132
6980,92114484216120,13.335068,1.264587,0.476291,12.062552,0.000000,132
6981,92114497551188,13.331952,1.100637,0.515173,12.224093,0.000000,132
6982,92114510883140,13.332976,0.978795,0.497755,12.347827,0.000000,132
6983,92114524216116,13.339705,3.698034,0.491815,9.634946,0.000000,133
6984,92114537555821,13.335203,0.935172,0.480851,12.392874,0.000000,133
6985,92114550891024,13.331421,0.989646,0.494910,12.335211,0.000000,133
6986,92114564222445,13.335074,0.877965,0.618671,12.450944,0.000000,133
6987,92114577557519,13.332634,3.356386,0.534335,9.969474,0.000000,133
6988,92114590890153,13.333029,0.952453,0.473056,12.374337,0.000000,133
6989,92114604223182,13.336271,0.934892,0.452885,12.394159,0.000000,133
6990,92114617559453,13.330268,1.107597,0.387114,12.215506,0.000000,133
6991,92114630889721,13.335326,3.849301,0.342631,9.478391,0.000000,133
6992,92114644225047,13.339098,0.980323,0.321979,12.347437,0.000000,133
6993,92114657564145,13.325890,0.984190,0.370663,12.335825,0.000000,133
6994,92114670890035,13.335102,1.071075,0.523823,12.257228,0.000000,133
6995,92114684225137,13.335380,1.241532,0.424692,12.084948,0.000000,133
6996,92114697560517,13.332046,1.028229,0.453471,12.296052,0.000000,133
6997,92114710892563,13.332878,0.987279,0.459821,12.338313,0.000000,133
6998,92114724225441,13.334169,0.988622,0.472465,12.337905,0.000000,133
6999,92114737559610,13.335717,3.762698,0.453672,9.563868,0.000000,133
7000,92114750895327,13.331236,0.992055,0.442262,12.329953,0.000000,133
7001,92114764226563,13.332860,0.980637,0.536501,12.344385,0.000000,133
7002,92114777559423,13.335111,0.994018,0.541006,12.334885,0.000000,133
7003,92114790894534,13.331736,1.334848,0.486178,11.984435,0.000000,133
7004,92114804226270,13.331521,1.149753,0.475039,12.175127,0.000000,133
7005,92114817557791,13.339160,1.050585,0.451507,12.279058,0.000000,133
7006,92114830896951,13.327665,1.020306,0.494779,12.296533,0.000000,133
7007,92114844224616,13.332422,3.773952,0.444117,9.552790,0.000000,133
7008,92114857557038,13.345496,0.931647,0.479212,12.399964,0.000000,133
7009,92114870902534,13.323582,1.036814,0.507424,12.279600,0.000000,133
7010,92114884226116,13.342990,0.975800,0.542381,12.360804,0.000000,133
7011,92114897569106,13.336797,1.325827,0.475015,12.003142,0.000000,133
7012,92114910905903,13.329323,1.060871,0.452781,12.261107,0.000000,133
7013,92114924235226,13.357639,0.960776,0.505102,12.389849,0.000000,133
7014,92114937592865,13.332904,1.113484,0.503203,12.211885,0.000000,133
7015,92114950925769,13.346575,3.760478,0.495820,9.579448,0.000000,133
7016,92114964272344,13.334466,0.907001,0.495655,12.420051,0.000000,133
7017,92114977606810,13.335348,1.079433,0.478298,12.247464,0.000000,133
7018,92114990942158,13.342759,1.000200,0.600777,12.335230,0.000000,133
7019,92115004284917,13.332820,1.228228,0.533928,12.097298,0.000000,133
7020,92115017617737,13.332395,1.107386,0.469707,12.218173,0.000000,133
7021,92115030950132,13.333191,1.061938,0.735104,12.264720,0.000000,133
7022,92115044283323,13.334687,0.963305,0.496753,12.364597,0.000000,133
7023,92115057618010,13.330901,3.752482,0.582811,9.571438,0.000000,133
7024,92115070948911,13.334462,1.070966,0.471783,12.257132,0.000000,133
7025,92115084283373,13.332509,1.007408,0.510840,12.319418,0.000000,133
7026,92115097615882,13.332790,0.965300,0.512638,12.361592,0.000000,133
7027,92115110948672,13.333381,1.326852,0.451825,12.001482,0.000000,133
7028,92115124282053,13.337061,0.840778,0.422177,12.490054,0.000000,133
7029,92115137619114,13.332283,1.001556,0.482265,12.324141,0.000000,133
7030,92115150951397,13.331682,1.016134,0.570872,12.309545,0.000000,133
7031,92115164283079,13.332498,3.495798,0.484078,9.830991,0.000000,133
7032,92115177615577,13.335178,1.160356,0.506959,12.169194,0.000000,133
7033,92115190950755,13.334204,1.155414,0.676501,12.172188,0.000000,133
7034,92115204284959,13.333168,0.918610,0.487213,12.408369,0.000000,133
7035,92115217618127,13.333268,1.430420,0.424635,11.896115,0.000000,133
7036,92115230951395,13.332553,1.453735,0.633005,11.872388,0.000000,133
7037,92115244283948,13.334048,0.905044,0.630868,12.422108,0.000000,133
7038,92115257617996,13.333835,1.047294,0.508189,12.279700,0.000000,133
7039,92115270951831,13.333996,3.623650,0.642114,9.703908,0.000000,133
7040,92115284285827,13.331994,0.929079,0.590956,12.397116,0.000000,133
7041,92115297617821,13.333382,0.974785,0.514879,12.352541,0.000000,133
7042,92115310951203,13.334797,0.937803,0.551309,12.390955,0.000000,133
7043,92115324286000,13.332642,1.258700,0.448345,12.067518,0.000000,133
7044,92115337618642,13.333009,1.018436,0.452338,12.308481,0.000000,133
7045,92115350951651,13.333354,1.188212,0.429401,12.139393,0.000000,133
7046,92115364285005,13.334189,0.796712,0.497538,12.530659,0.000000,133
7047,92115377619194,13.332834,3.219603,0.492849,10.107621,0.000000,133
7048,92115390952028,13.332589,0.772259,0.500353,12.555207,0.000000,133
7049,92115404284617,13.332497,0.716874,0.745929,12.610297,0.000000,133
7050,92115417617114,13.334989,0.774832,0.517228,12.554263,0.000000,133
7051,92115430952103,13.332706,1.560252,0.502310,11.767100,0.000000,133
7052,92115444284809,13.333402,0.916429,0.491183,12.411526,0.000000,133
7053,92115457618211,13.333642,0.771990,0.521278,12.555634,0.000000,133
7054,92115470951853,13.333015,0.919982,0.444249,12.406390,0.000000,133
7055,92115484284868,13.333050,3.309065,0.431284,10.019059,0.000000,133
7056,92115497617918,13.334857,0.762289,0.623548,12.566945,0.000000,133
7057,92115510952775,13.332125,0.826091,0.340581,12.500720,0.000000,133
7058,92115524284900,13.333890,0.746380,0.318493,12.582814,0.000000,133
7059,92115537618790,13.334380,1.012856,0.362956,12.316075,0.000000,133
7060,92115550953170,13.331459,0.841523,0.303772,12.484621,0.000000,133
7061,92115564284629,13.334118,0.765918,0.431670,12.562893,0.000000,133
7062,92115577618747,13.332996,0.829329,0.573623,12.498249,0.000000,133
7063,92115590951743,13.334744,3.259940,0.482805,10.069806,0.000000,133
7064,92115604286487,13.332353,0.764012,0.384284,12.562872,0.000000,133
7065,92115617618840,13.332054,0.919590,0.504209,12.406812,0.000000,133
7066,92115630950894,13.336000,0.804655,0.484893,12.525965,0.000000,133
7067,92115644286894,13.330995,0.979175,0.459733,12.345508,0.000000,133
7068,92115657617889,13.334537,0.776503,0.532269,12.552523,0.000000,133
7069,92115670952426,13.331754,0.809749,0.473592,12.516837,0.000000,133
7070,92115684284180,13.334150,0.689419,0.503674,12.639696,0.000000,133
7071,92115697618330,13.333554,3.296702,0.524754,10.032395,0.000000,133
7072,92115710951884,13.332383,0.922623,0.504004,12.404474,0.000000,133
7073,92115724284267,13.334641,0.646616,0.406409,12.682744,0.000000,133
7074,92115737618908,13.337571,0.835304,0.456995,12.496482,0.000000,133
7075,92115750956479,13.328265,1.145567,0.451734,12.177048,0.000000,133
7076,92115764284744,13.333812,0.701977,0.504285,12.626287,0.000000,133
7077,92115777618556,13.333515,0.855551,0.498580,12.472438,0.000000,133
7078,92115790952071,13.332440,0.979454,0.456732,12.347823,0.000000,133
7079,92115804284511,13.335957,3.290853,0.441658,10.040595,0.000000,133
7080,92115817620468,13.333618,0.963866,0.444961,12.361671,0.000000,133
7081,92115830954086,13.331129,0.836798,0.478493,12.489413,0.000000,133
7082,92115844285215,13.337806,1.264319,0.506205,12.066886,0.000000,133
7083,92115857623021,13.328984,1.088540,0.504025,12.234831,0.000000,133
7084,92115870952005,13.334095,0.803304,0.477155,12.525449,0.000000,133
7085,92115884286100,13.334982,0.743220,0.424448,12.584974,0.000000,133
7086,92115897621082,13.332134,0.945925,0.438473,12.380084,0.000000,133
7087,92115910953216,13.334354,3.302483,0.458879,10.025541,0.000000,133
7088,92115924287570,13.334156,0.816890,0.491307,12.511352,0.000000,133
7089,92115937621726,13.332964,0.857190,0.490475,12.469345,0.000000,133
7090,92115950954690,13.335230,0.938182,0.521994,12.390651,0.000000,133
7091,92115964289920,13.332156,1.203469,0.529220,12.122096,0.000000,133
7092,92115977622076,13.330911,0.862668,0.461953,12.461109,0.000000,133
7093,92115990952987,13.334481,0.787396,0.604313,12.542026,0.000000,133
7094,92116004287468,13.331348,1.115980,0.433985,12.210326,0.000000,133
7095,92116017618816,13.354048,3.296419,0.434244,10.052340,0.000000,133
7096,92116030972864,13.330024,1.051861,0.776863,12.271396,0.000000,133
7097,92116044302888,13.334198,0.777827,0.475543,12.550481,0.000000,133
7098,92116057637086,13.334621,0.887511,0.480980,12.441489,0.000000,133
7099,92116070971707,13.332239,1.233575,0.394183,12.093933,0.000000,133
7100,92116084303946,13.332971,0.794586,0.479248,12.532443,0.000000,133
7101,92116097636917,13.333432,0.775416,0.483259,12.552341,0.000000,133
7102,92116110970349,13.333059,0.785543,0.571737,12.542039,0.000000,133
7103,92116124303408,13.334854,3.362326,0.490518,9.966871,0.000000,133
7104,92116137638262,13.335104,0.919656,0.529901,12.406950,0.000000,133
7105,92116150973366,13.335748,1.114990,0.376355,12.212325,0.000000,133
7106,92116164309114,13.329773,1.003315,0.494647,12.319065,0.000000,133
7107,92116177638887,13.336527,1.245706,0.701457,12.083562,0.000000,133
7108,92116190975414,13.332386,1.036881,0.516223,12.286682,0.000000,133
7109,92116204307800,13.333456,0.930068,0.471857,12.396257,0.000000,133
7110,92116217641256,13.334232,0.915269,0.589270,12.411453,0.000000,133
7111,92116230975488,13.330889,3.490534,0.510882,9.834093,0.000000,133
7112,92116244306377,13.334914,0.826332,0.434267,12.500735,0.000000,133
7113,92116257641291,13.333179,1.016853,0.437914,12.309007,0.000000,134
7114,92116270974470,13.335422,0.891509,0.350287,12.437554,0.000000,134
7115,92116284309892,13.365908,1.210811,0.531655,12.145389,0.000000,134
7116,92116297675800,13.329474,1.129828,0.550109,12.190248,0.000000,134
7117,92116311005274,13.334570,1.472274,0.482193,11.852907,0.000000,134
7118,92116324339844,13.328815,1.128397,0.546085,12.193421,0.000000,134
7119,92116337668659,13.336143,10.205177,2.173040,3.122404,0.000000,134
7120,92116351004802,13.329884,0.898022,0.485125,12.426176,0.000000,134
7121,92116364334686,13.334485,0.838117,0.575039,12.490762,0.000000,134
7122,92116377669171,13.333240,1.297340,0.447159,12.029344,0.000000,134
7123,92116391002411,13.335810,1.559751,0.554515,11.769184,0.000000,134
7124,92116404338221,13.329979,1.121565,0.532642,12.202142,0.000000,134
7125,92116417668200,13.340675,1.028377,0.527052,12.304075,0.000000,134
7126,92116431008875,13.331335,1.312884,0.592531,12.010988,0.000000,134
7127,92116444340210,13.330126,3.701871,0.509969,9.619607,0.000000,134
7128,92116457670336,13.332090,0.982336,0.352452,12.342905,0.000000,134
7129,92116471002426,13.336257,0.963623,0.352507,12.364614,0.000000,134
7130,92116484338683,13.332196,1.022096,0.494579,12.303311,0.000000,134
7131,92116497670879,13.333098,1.425185,0.400118,11.901100,0.000000,134
7132,92116511003977,13.342827,1.320159,0.549389,12.013218,0.000000,134
7133,92116524346804,13.327654,1.159381,0.691547,12.159781,0.000000,134
7134,92116537674458,13.332215,1.325388,0.518597,11.997937,0.000000,134
7135,92116551006673,13.341475,4.062913,0.529027,9.265988,0.000000,134
7136,92116564348148,13.323481,1.003555,0.521137,12.310830,0.000000,134
7137,92116577671629,13.333684,1.024624,0.513537,12.302943,0.000000,134
7138,92116591005313,13.334170,1.097551,0.484127,12.230305,0.000000,134
7139,92116604339483,13.331988,1.578139,0.587796,11.745589,0.000000,134
7140,92116617671471,13.348648,1.206061,0.613387,12.126935,0.000000,134
7141,92116631020119,13.321418,1.498763,0.506549,11.810601,0.000000,134
7142,92116644341537,13.339904,1.240799,0.509412,12.087323,0.000000,134
7143,92116657681441,13.321938,3.799773,0.803848,9.515177,0.000000,134
7144,92116671003379,13.336663,0.998439,0.333646,12.331803,0.000000,134
7145,92116684340042,13.332159,1.158815,0.309725,12.165602,0.000000,134
7146,92116697672201,13.334568,1.156123,0.511904,12.170409,0.000000,134
7147,92116711006769,13.331650,1.441909,0.487077,11.882334,0.000000,134
7148,92116724338419,13.333496,1.051420,0.398971,12.274520,0.000000,134
7149,92116737671915,13.335611,1.020659,0.468179,12.305902,0.000000,134
7150,92116751007526,13.332072,1.030842,0.506196,12.293640,0.000000,134
7151,92116764339598,13.339363,3.829113,0.515636,9.499781,0.000000,134
7152,92116777678961,13.328384,1.020366,0.347727,12.299718,0.000000,134
7153,92116791007345,13.332797,1.073711,0.447448,12.251531,0.000000,134
7154,92116804340142,13.334170,0.920815,0.515819,12.405828,0.000000,134
7155,92116817674312,13.335232,1.318480,0.507059,12.006731,0.000000,134
7156,92116831009544,13.327462,1.053189,0.463096,12.267373,0.000000,134
7157,92116844337006,13.337182,0.862588,0.509919,12.468074,0.000000,134
7158,92116857674188,13.331763,0.982767,0.545805,12.341329,0.000000,134
7159,92116871005951,13.333334,3.705308,0.406794,9.621038,0.000000,134
7160,92116884339285,13.339731,0.915339,0.449679,12.416402,0.000000,134
7161,92116897679016,13.327518,1.173674,0.519822,12.147297,0.000000,134
7162,92116911006534,13.331872,1.147389,0.562782,12.178560,0.000000,134
7163,92116924338406,13.334937,1.327262,0.731894,12.001300,0.000000,134
7164,92116937673343,13.334479,1.034817,0.561132,12.293075,0.000000,134
7165,92116951007822,13.333804,1.006924,0.408721,12.320593,0.000000,134
7166,92116964341626,13.333998,0.959545,0.600044,12.367934,0.000000,134
7167,92116977675624,13.329949,3.642843,0.514238,9.680986,0.000000,134
7168,92116991005573,13.333742,0.910092,0.509581,12.418260,0.000000,134
7169,92117004339315,13.334411,0.906775,1.008467,12.421666,0.000000,134
7170,92117017673726,13.333556,0.987553,0.518699,12.339823,0.000000,135
7171,92117031007282,13.331318,1.241987,0.429390,12.084113,0.000000,135
7172,92117044338600,13.335331,0.860288,0.570236,12.469578,0.000000,135
7173,92117057673931,13.338629,1.011486,0.633954,12.317956,0.000000,135
7174,92117071012560,13.329231,1.093820,0.701551,12.228219,0.000000,135
7175,92117084341791,13.329665,3.315387,0.401152,10.008886,0.000000,135
7176,92117097671456,13.341882,0.875793,0.378904,12.455960,0.000000,135
7177,92117111013338,13.329485,0.928211,0.504489,12.390200,0.000000,135
7178,92117124342823,13.330248,0.951717,0.480162,12.373213,0.000000,135
7179,92117137673071,13.336182,1.122168,0.563824,12.207966,0.000000,135
7180,92117151009253,13.333087,1.085556,0.613993,12.240954,0.000000,135
7181,92117164342340,13.332576,0.986124,0.717378,12.340421,0.000000,135
7182,92117177674916,13.333926,1.318188,0.521417,12.007931,0.000000,135
7183,92117191008842,13.331152,3.371990,0.484171,9.954012,0.000000,135
7184,92117204339994,13.334159,0.954362,0.490874,12.373857,0.000000,135
7185,92117217674153,13.336052,1.011638,0.576085,12.315573,0.000000,135
7186,92117231010205,13.329713,0.953929,0.484948,12.370313,0.000000,135
7187,92117244339918,13.334930,0.983480,0.459884,12.345639,0.000000,135
7188,92117257674848,13.333757,1.037986,0.551256,12.290154,0.000000,135
7189,92117271008605,13.331296,1.029666,0.505029,12.296133,0.000000,135
7190,92117284339901,13.335330,0.859283,0.573439,12.470014,0.000000,135
7191,92117297675231,13.335906,3.339015,0.643889,9.988579,0.000000,135
7192,92117311011137,13.330903,1.039450,0.512814,12.284604,0.000000,135
7193,92117324342040,13.334120,0.999021,0.357450,12.328779,0.000000,135
7194,92117337676160,13.332590,0.973363,0.442723,12.353257,0.000000,135
7195,92117351008750,13.332249,1.348560,0.539429,11.978460,0.000000,135
7196,92117364340999,13.333727,0.841543,0.567136,12.486549,0.000000,135
7197,92117377674726,13.331809,1.002728,0.564022,12.324336,0.000000,135
7198,92117391006535,13.334758,0.929067,0.534046,12.400224,0.000000,135
7199,92117404341293,13.332223,3.386044,0.469900,9.940672,0.000000,135
7200,92117417673516,13.334983,0.874456,0.529438,12.455818,0.000000,135
7201,92117431008499,13.332957,0.992398,0.589894,12.334923,0.000000,135
7202,92117444341456,13.333497,0.947960,0.568214,12.380234,0.000000,135
7203,92117457674953,13.332103,1.197565,0.583092,12.129931,0.000000,135
7204,92117471007056,13.334438,0.867676,0.505845,12.461220,0.000000,135
7205,92117484341494,13.332691,0.761968,0.543312,12.565531,0.000000,135
7206,92117497674185,13.334314,0.916159,0.550761,12.412005,0.000000,135
7207,92117511008499,13.333026,3.835960,0.531504,9.491498,0.000000,135
7208,92117524341525,13.333334,0.722531,0.477049,12.605874,0.000000,135
7209,92117537674859,13.332838,0.920094,0.492382,12.408287,0.000000,135
7210,92117551007697,13.334534,0.758017,0.501886,12.570871,0.000000,135
7211,92117564342231,13.331996,0.904608,0.485816,12.421899,0.000000,135
7212,92117577674227,13.334336,0.919918,0.523181,12.409889,0.000000,135
7213,92117591008563,13.336762,0.827365,0.576642,12.503578,0.000000,135
7214,92117604345325,13.337968,1.081368,0.549262,12.246102,0.000000,135
7215,92117617683293,13.323446,3.976370,0.424568,9.341758,0.000000,135
7216,92117631006739,13.335420,2.876984,0.488910,10.453500,0.000000,135
7217,92117644342159,13.331612,0.742416,0.556626,12.584311,0.000000,135
7218,92117657673771,13.333547,0.936413,0.506324,12.392701,0.000000,135
7219,92117671007318,13.333771,0.934304,0.508413,12.395207,0.000000,135
7220,92117684341089,13.334911,0.723572,0.546885,12.606142,0.000000,135
7221,92117697676000,13.335035,0.811086,0.514135,12.517262,0.000000,135
7222,92117711011035,13.333946,0.817317,0.538088,12.511016,0.000000,135
7223,92117724344981,13.331035,3.253268,0.485962,10.072300,0.000000,135
7224,92117737676016,13.333782,0.783710,0.493864,12.543734,0.000000,135
7225,92117751009798,13.334422,0.914205,0.490893,12.414989,0.000000,135
7226,92117764344220,13.332084,0.746644,0.587503,12.580587,0.000000,135
7227,92117777676304,13.332834,1.146078,0.531627,12.181824,0.000000,135
7228,92117791009138,13.333077,0.862557,0.484943,12.466293,0.000000,135
7229,92117804342215,13.334354,0.641479,0.568293,12.687134,0.000000,135
7230,92117817676569,13.332285,0.914061,0.409200,12.412726,0.000000,135
7231,92117831008854,13.333298,3.231035,0.450812,10.098008,0.000000,135
7232,92117844342152,13.335128,0.641551,0.500888,12.688633,0.000000,135
7233,92117857677280,13.332599,0.948723,0.604755,12.378631,0.000000,135
7234,92117871009879,13.333688,0.812690,0.484236,12.515795,0.000000,135
7235,92117884343567,13.333184,0.979830,0.545653,12.347498,0.000000,135
7236,92117897676751,13.332680,0.790348,0.376394,12.537817,0.000000,135
7237,92117911009431,13.333282,1.082916,0.330472,12.245448,0.000000,135
7238,92117924342713,13.335040,0.668645,0.327632,12.661041,0.000000,135
7239,92117937677753,13.331957,3.365767,0.462020,9.960984,0.000000,135
7240,92117951009710,13.335208,0.875348,0.431593,12.454632,0.000000,135
7241,92117964344918,13.333302,0.737024,0.529415,12.591356,0.000000,135
7242,92117977678220,13.332975,1.057248,0.481160,12.270302,0.000000,135
7243,92117991011195,13.333407,1.006458,0.488975,12.321905,0.000000,135
7244,92118004344602,13.334647,0.726152,0.455114,12.603315,0.000000,135
7245,92118017679249,13.332768,0.801207,0.481346,12.526236,0.000000,135
7246,92118031012017,13.331981,0.831914,0.505943,12.494436,0.000000,135
7247,92118044343998,13.332461,3.184717,0.537353,10.143084,0.000000,135
7248,92118057676459,13.335652,0.734897,0.586558,12.595593,0.000000,135
7249,92118071012111,13.332809,0.800193,0.495386,12.527509,0.000000,135
7250,92118084344920,13.333075,1.069987,0.741910,12.258224,0.000000,135
7251,92118097677995,13.332816,1.108207,0.647426,12.219516,0.000000,135
7252,92118111010811,13.334663,0.921917,0.502028,12.407708,0.000000,135
7253,92118124345474,13.333385,0.707234,0.498543,12.620046,0.000000,135
7254,92118137678859,13.333567,1.002973,0.655318,12.325073,0.000000,135
7255,92118151012426,13.333303,3.554021,0.484264,9.773588,0.000000,135
7256,92118164345729,13.334513,0.738352,0.641419,12.590293,0.000000,135
7257,92118177680242,13.334172,1.250549,0.335751,12.077640,0.000000,135
7258,92118191014414,13.333470,1.032142,0.364540,12.294674,0.000000,135
7259,92118204347884,13.332013,1.170969,0.312094,12.154250,0.000000,135
7260,92118217679897,13.334384,0.951668,0.539109,12.377163,0.000000,135
7261,92118231014281,13.332632,0.958411,0.434144,12.366109,0.000000,135
7262,92118244346913,13.333948,1.281919,0.620160,12.046563,0.000000,135
7263,92118257680861,13.332377,3.887390,0.491892,9.438815,0.000000,135
7264,92118271013238,13.333598,1.257572,0.492384,12.069993,0.000000,135
7265,92118284346836,13.334059,1.040156,0.563218,12.287880,0.000000,135
7266,92118297680895,13.335532,0.972272,0.769917,12.356741,0.000000,135
7267,92118311016427,13.331350,1.234442,0.590489,12.090297,0.000000,135
7268,92118324347777,13.333480,1.018046,0.880513,12.309694,0.000000,135
7269,92118337681257,13.333523,1.041721,0.615974,12.285631,0.000000,135
7270,92118351014780,13.334014,1.125170,0.468302,12.202531,0.000000,135
7271,92118364348794,13.330773,3.763546,0.586323,9.561701,0.000000,135
7272,92118377679567,13.334956,1.319656,0.514226,12.010040,0.000000,135
7273,92118391014523,13.333943,1.172986,0.781196,12.154157,0.000000,135
7274,92118404348466,13.333878,0.923586,0.693834,12.403629,0.000000,135
7275,92118417682344,13.332712,1.360314,1.069163,11.965755,0.000000,135
7276,92118431015056,13.335711,1.068067,1.082462,12.260285,0.000000,135
7277,92118444350767,13.333458,0.980695,0.881748,12.344574,0.000000,135
7278,92118457684225,13.332635,0.946397,0.714113,12.378070,0.000000,135
7279,92118471016860,13.330569,4.128169,0.989244,9.195337,0.000000,135
7280,92118484347429,13.335980,0.903762,0.505959,12.424843,0.000000,135
7281,92118497683409,13.332365,0.927510,0.524386,12.397987,0.000000,135
7282,92118511015774,13.333933,0.944408,0.473987,12.383540,0.000000,135
7283,92118524349707,13.332493,1.269672,0.505798,12.055659,0.000000,135
7284,92118537682200,13.331953,0.998155,0.876891,12.326976,0.000000,135
7285,92118551014153,13.335142,0.983824,0.516372,12.345786,0.000000,135
7286,92118564349295,13.331624,0.800160,0.764789,12.525635,0.000000,135
7287,92118577680919,13.332494,3.521326,1.635080,9.805866,0.000000,135
7288,92118591013413,13.336401,0.973794,0.559944,12.357650,0.000000,135
7289,92118604349814,13.332458,1.167945,0.374413,12.158252,0.000000,135
7290,92118617682272,13.334539,0.873496,0.361033,12.455388,0.000000,135
7291,92118631016811,13.331555,1.022029,0.559349,12.303530,0.000000,135
7292,92118644348366,13.335143,1.108437,0.778557,12.220895,0.000000,135
7293,92118657683509,13.333780,0.980086,0.569070,12.346859,0.000000,135
7294,92118671017289,13.334275,1.028681,0.365049,12.298897,0.000000,135
7295,92118684351564,13.330779,3.733329,0.425591,9.590329,0.000000,135
7296,92118697682343,13.333365,0.909377,0.595605,12.418930,0.000000,135
7297,92118711015708,13.332205,0.823513,0.430724,12.502574,0.000000,135
7298,92118724347913,13.334438,1.037963,0.649722,12.290264,0.000000,135
7299,92118737682351,13.334428,1.359176,0.632803,11.969893,0.000000,135
7300,92118751016779,13.334466,1.181014,0.515261,12.146569,0.000000,135
7301,92118764351245,13.331157,2.136142,0.503908,11.188236,0.000000,135
7302,92118777682402,13.334964,1.001462,0.555289,12.327048,0.000000,135
7303,92118791017366,13.332829,3.670608,0.459324,9.655186,0.000000,135
7304,92118804350195,13.335172,1.049383,0.483200,12.278883,0.000000,136
7305,92118817685367,13.332990,1.025407,0.465971,12.300352,0.000000,136
7306,92118831018357,13.333798,1.015191,0.652650,12.310857,0.000000,136
7307,92118844352155,13.329942,1.684259,0.393002,11.639298,0.000000,136
7308,92118857682097,13.335111,1.159414,0.569503,12.169299,0.000000,136
7309,92118871017208,13.331561,0.938021,0.429514,12.387114,0.000000,136
7310,92118884348769,13.333197,0.875542,0.387027,12.451835,0.000000,136
7311,92118897681966,13.335094,3.452170,0.366530,9.877788,0.000000,136
7312,92118911017060,13.334679,1.049178,0.570028,12.278631,0.000000,136
7313,92118924351739,13.333900,1.069101,0.671482,12.257771,0.000000,136
7314,92118937685639,13.332334,1.238395,0.484790,12.086900,0.000000,136
7315,92118951017973,13.334282,1.368076,0.488484,11.959362,0.000000,136
7316,92118964352255,13.331407,0.962833,0.814715,12.362340,0.000000,136
7317,92118977683662,13.334217,0.882905,2.107202,12.445942,0.000000,136
7318,92118991017879,13.332078,0.828834,0.677444,12.497077,0.000000,136
7319,92119004349957,13.332535,3.436903,1.147126,9.890914,0.000000,136
7320,92119017682492,13.336272,0.876624,0.473974,12.454277,0.000000,136
7321,92119031018764,13.332039,1.149654,1.149689,12.176369,0.000000,136
7322,92119044350803,13.333693,1.674748,0.494165,11.653666,0.000000,136
7323,92119057684496,13.333298,1.396271,1.884587,11.930727,0.000000,136
7324,92119071017794,13.333072,0.884079,0.492152,12.443602,0.000000,136
7325,92119084350866,13.332356,0.897283,1.638350,12.429556,0.000000,136
7326,92119097683222,13.333171,0.825055,0.468018,12.503364,0.000000,136
7327,92119111016393,13.333088,3.439860,0.340814,9.888121,0.000000,136
7328,92119124349481,13.332576,0.668279,0.335570,12.660228,0.000000,136
7329,92119137682057,13.338467,0.829411,0.319683,12.503358,0.000000,136
7330,92119151020524,13.332403,0.902895,0.424074,12.422651,0.000000,136
7331,92119164352927,13.332614,1.071429,0.475553,12.254709,0.000000,136
7332,92119177685541,13.335383,0.914015,0.466508,12.414540,0.000000,136
7333,92119191020924,13.334816,0.967486,0.481192,12.359397,0.000000,136
7334,92119204355740,13.330068,0.941232,0.579659,12.381087,0.000000,136
7335,92119217685808,13.331525,3.593313,0.539896,9.731751,0.000000,136
7336,92119231017333,13.335700,0.827467,0.473573,12.503401,0.000000,136
7337,92119244353033,13.330504,0.824274,1.501896,12.500319,0.000000,136
7338,92119257683537,13.335073,0.815012,0.480828,12.514942,0.000000,136
7339,92119271018610,13.332372,1.003496,0.490385,12.324161,0.000000,136
7340,92119284350982,13.337215,0.743914,0.493276,12.587427,0.000000,136
7341,92119297688197,13.332171,0.918857,0.517707,12.406860,0.000000,136
7342,92119311020368,13.332748,0.914155,0.672533,12.412404,0.000000,136
7343,92119324353116,13.331532,3.297826,0.444988,10.028471,0.000000,136
7344,92119337684648,13.335424,0.763862,0.459114,12.566721,0.000000,136
7345,92119351020072,13.331854,0.819331,0.441783,12.507145,0.000000,136
7346,92119364351926,13.333220,0.824001,0.482820,12.503940,0.000000,136
7347,92119377685146,13.333193,1.071034,0.445526,12.257463,0.000000,136
7348,92119391018339,13.335089,0.755747,0.474091,12.574496,0.000000,136
7349,92119404353428,13.333485,0.819533,0.448516,12.507647,0.000000,136
7350,92119417686913,13.331292,0.859196,0.514267,12.467015,0.000000,136
7351,92119431018205,13.333127,3.342559,0.441722,9.985603,0.000000,136
7352,92119444351332,13.335589,0.725253,0.454855,12.605495,0.000000,136
7353,92119457686921,13.333655,0.889276,0.465347,12.437480,0.000000,136
7354,92119471020576,13.334208,0.994780,0.449666,12.332573,0.000000,136
7355,92119484354784,13.331964,1.137034,1.717185,12.188110,0.000000,136
7356,92119497686748,13.333375,0.947318,0.549843,12.379717,0.000000,136
7357,92119511020123,13.336062,0.978558,0.518771,12.350749,0.000000,136
7358,92119524356185,13.332146,0.890220,0.535156,12.434440,0.000000,136
7359,92119537688331,13.331902,4.032542,0.434249,9.292761,0.000000,136
7360,92119551020233,13.335579,0.865057,0.463565,12.463942,0.000000,136
7361,92119564355812,13.331783,0.889375,0.396665,12.435568,0.000000,136
7362,92119577687595,13.332643,0.865850,0.488999,12.461805,0.000000,136
7363,92119591020238,13.334917,1.070943,0.485501,12.258793,0.000000,136
7364,92119604355155,13.333425,0.883635,0.520559,12.443387,0.000000,136
7365,92119617688580,13.334462,0.899807,0.499888,12.428907,0.000000,136
7366,92119631023042,13.333604,0.973129,0.593799,12.353962,0.000000,136
7367,92119644356646,13.333245,3.815285,0.497128,9.511303,0.000000,136
7368,92119657689891,13.330373,0.927304,0.436662,12.396978,0.000000,136
7369,92119671020264,13.335968,0.800471,0.457115,12.530804,0.000000,136
7370,92119684356232,13.330837,0.764999,0.485228,12.560008,0.000000,136
7371,92119697687069,13.331992,1.000861,0.501158,12.326246,0.000000,136
7372,92119711019061,13.335180,0.788052,0.479417,12.541861,0.000000,136
7373,92119724354241,13.335026,0.741417,0.506150,12.587625,0.000000,136
7374,92119737689267,13.331923,0.861639,0.536363,12.465114,0.000000,136
7375,92119751021190,13.333309,3.230679,0.505160,10.096968,0.000000,136
7376,92119764354499,13.333477,0.825948,0.501612,12.501410,0.000000,136
7377,92119777687976,13.334636,0.851608,0.463203,12.476966,0.000000,136
7378,92119791022612,13.335655,0.905753,0.351526,12.423623,0.000000,136
7379,92119804358267,13.332960,1.166630,0.380117,12.158487,0.000000,136
7380,92119817691227,13.332023,0.996094,0.475548,12.328566,0.000000,136
7381,92119831023250,13.334906,0.964726,0.461233,12.362942,0.000000,136
7382,92119844358156,13.331250,0.919850,0.539268,12.404245,0.000000,136
7383,92119857689406,13.334914,4.026391,0.462480,9.302376,0.000000,136
7384,92119871024320,13.334209,0.877762,0.408875,12.450702,0.000000,136
7385,92119884358529,13.333289,0.861015,0.492359,12.465265,0.000000,136
7386,92119897691818,13.335392,0.986804,0.481432,12.341501,0.000000,136
7387,92119911027210,13.330614,1.293059,0.493156,12.030105,0.000000,136
7388,92119924357824,13.334329,0.865991,0.518573,12.461201,0.000000,136
7389,92119937692153,13.334558,0.989077,0.514456,12.337224,0.000000,136
7390,92119951026711,13.333029,1.022433,0.645771,12.302185,0.000000,136
7391,92119964359740,13.331577,5.150854,0.461037,8.173687,0.000000,136
7392,92119977691317,13.335718,0.972862,0.468596,12.355078,0.000000,136
7393,92119991027035,13.331459,1.009738,0.452959,12.314660,0.000000,136
7394,92120004358494,13.363859,0.895959,0.738918,12.449207,0.000000,136
7395,92120017722353,13.303936,5.754151,0.467891,7.530742,0.000000,136
7396,92120031026289,13.334476,0.924741,0.462243,12.402921,0.000000,136
7397,92120044360765,13.335051,0.902212,0.491358,12.425020,0.000000,136
7398,92120057695816,13.332913,1.003811,0.591073,12.320903,0.000000,136
7399,92120071028729,13.330873,5.229437,0.454987,8.094143,0.000000,136
7400,92120084359602,13.335605,0.980243,0.481833,12.348613,0.000000,136
7401,92120097695207,13.331867,0.995257,0.462075,12.329365,0.000000,136
7402,92120111027074,13.333069,0.952594,0.473294,12.374548,0.000000,136
7403,92120124360143,13.331482,1.103035,0.461445,12.222379,0.000000,136
7404,92120137691625,13.336340,0.883182,0.344632,12.447391,0.000000,136
7405,92120151027965,13.334819,0.949308,0.358962,12.378205,0.000000,136
7406,92120164362784,13.332278,0.911580,0.585999,12.412728,0.000000,136
7407,92120177695062,13.332759,4.110331,0.484101,9.214723,0.000000,136
7408,92120191027821,13.335057,0.941816,0.473890,12.386019,0.000000,136
7409,92120204362878,13.332675,0.910655,0.495940,12.414089,0.000000,136
7410,92120217695553,13.333276,0.968582,0.455761,12.357611,0.000000,136
7411,92120231028829,13.334161,1.210029,0.482860,12.117016,0.000000,136
7412,92120244362990,13.332844,0.917493,0.478273,12.407529,0.000000,136
7413,92120257695834,13.334641,0.969761,0.479505,12.356662,0.000000,136
7414,92120271030475,13.331760,0.964097,0.640985,12.360640,0.000000,136
7415,92120284362235,13.331718,3.792156,0.479535,9.532594,0.000000,136
7416,92120297693953,13.334052,0.948624,0.486144,12.379105,0.000000,136
7417,92120311028005,13.334677,0.943619,0.461546,12.384345,0.000000,136
7418,92120324362682,13.332594,0.933418,0.484161,12.392562,0.000000,136
7419,92120337695276,13.334163,1.117277,0.440962,12.209521,0.000000,136
7420,92120351029439,13.333394,0.978475,0.468347,12.347790,0.000000,136
7421,92120364362833,13.329550,0.818544,0.452430,12.505069,0.000000,136
7422,92120377692383,13.333481,0.757882,0.592546,12.571153,0.000000,136
7423,92120391025864,13.333686,3.193433,0.485824,10.134470,0.000000,136
7424,92120404359550,13.333082,0.686921,0.453493,12.641434,0.000000,136
7425,92120417692632,13.333226,0.758370,0.511769,12.569964,0.000000,136
7426,92120431025858,13.336913,0.775164,0.478116,12.555910,0.000000,136
7427,92120444362771,13.332933,1.087539,0.485354,12.238360,0.000000,136
7428,92120457695704,13.334781,0.976982,0.501207,12.350836,0.000000,136
7429,92120471030485,13.333124,0.985397,0.465724,12.340167,0.000000,136
7430,92120484363609,13.334238,0.857673,0.520949,12.469228,0.000000,136
7431,92120497697847,13.333046,3.390904,0.498357,9.935123,0.000000,136
7432,92120511030893,13.333135,1.006673,0.501606,12.319726,0.000000,136
7433,92120524364028,13.334037,0.938016,0.501016,12.388940,0.000000,136
7434,92120537698065,13.333083,1.051814,0.503813,12.274295,0.000000,136
7435,92120551031148,13.333761,1.305442,0.502691,12.020333,0.000000,136
7436,92120564364909,13.333341,0.939693,0.484276,12.386322,0.000000,136
7437,92120577698250,13.333119,1.002254,0.486393,12.322861,0.000000,136
7438,92120591031369,13.334122,0.981301,0.591526,12.344815,0.000000,136
7439,92120604365491,13.332769,3.357412,0.466458,9.968345,0.000000,136
7440,92120617698260,13.335808,0.985204,0.447301,12.342012,0.000000,137
7441,92120631034068,13.329762,1.131225,0.500534,12.190139,0.000000,137
7442,92120644363830,13.333533,0.884642,0.521709,12.442466,0.000000,137
7443,92120657697363,13.333312,1.673369,0.460735,11.653308,0.000000,137
7444,92120671030675,13.331897,1.015579,0.540034,12.310176,0.000000,137
7445,92120684362572,13.334046,0.772446,0.469454,12.555300,0.000000,137
7446,92120697696618,13.334294,0.892479,0.481153,12.435742,0.000000,137
7447,92120711030912,13.334108,3.389370,0.439485,9.937182,0.000000,137
7448,92120724365020,13.332107,0.858632,0.444855,12.466404,0.000000,137
7449,92120737697127,13.332418,0.929624,0.429261,12.396948,0.000000,137
7450,92120751029545,13.331822,0.879809,0.437049,12.446722,0.000000,137
7451,92120764361367,13.335708,0.985045,0.479328,12.345778,0.000000,137
7452,92120777697075,13.333034,0.912540,0.464836,12.413684,0.000000,137
7453,92120791030109,13.334179,0.916935,0.463026,12.411334,0.000000,137
7454,92120804364288,13.333964,0.797206,0.525163,12.530260,0.000000,137
7455,92120817698252,13.330317,3.351035,0.460843,9.973769,0.000000,137
7456,92120831028569,13.335479,0.845065,0.452385,12.484348,0.000000,137
7457,92120844364048,13.333867,0.829362,0.481615,12.497838,0.000000,137
7458,92120857697915,13.332013,0.974740,0.464161,12.350453,0.000000,137
7459,92120871029928,13.334572,1.146658,0.456810,12.181998,0.000000,137
7460,92120884364500,13.333878,0.786940,0.485620,12.540101,0.000000,137
7461,92120897698378,13.330663,0.937392,0.483088,12.387541,0.000000,137
7462,92120911029041,13.334123,0.874566,0.558567,12.453963,0.000000,137
7463,92120924363164,13.336534,3.221131,0.458918,10.109746,0.000000,137
7464,92120937699698,13.331048,0.921438,0.469073,12.403191,0.000000,137
7465,92120951030746,13.334550,1.047714,0.439317,12.280849,0.000000,137
7466,92120964365296,13.334486,0.971897,0.471438,12.355926,0.000000,137
7467,92120977699782,13.333523,1.118075,0.415247,12.208326,0.000000,137
7468,92120991033305,13.330505,0.900722,0.451505,12.424455,0.000000,137
7469,92121004363810,13.335542,0.851744,0.449594,12.478512,0.000000,137
7470,92121017699352,13.332255,0.974401,0.522785,12.351186,0.000000,137
7471,92121031031607,13.333920,4.370355,0.416269,8.957366,0.000000,137
7472,92121044365527,13.334643,0.746077,0.456496,12.583049,0.000000,137
7473,92121057700170,13.332829,0.884871,0.489275,12.441481,0.000000,137
7474,92121071032999,13.332761,0.915783,0.432353,12.410868,0.000000,137
7475,92121084365760,13.334059,1.092987,0.344906,12.233971,0.000000,137
7476,92121097699819,13.337949,0.929040,0.522060,12.401480,0.000000,137
7477,92121111037768,13.332935,1.081086,0.533878,12.241777,0.000000,137
7478,92121124370703,13.331755,1.089044,0.540633,12.233312,0.000000,137
7479,92121137702458,13.331235,3.482648,0.453236,9.841496,0.000000,137
7480,92121151033693,13.332777,0.952474,0.450436,12.373962,0.000000,137
7481,92121164366470,13.333443,0.901691,0.438525,12.426018,0.000000,137
7482,92121177699913,13.334410,0.908554,0.449763,12.419593,0.000000,137
7483,92121191034323,13.333645,1.187576,0.438825,12.139278,0.000000,137
7484,92121204367968,13.333199,0.894339,0.478748,12.432122,0.000000,137
7485,92121217701167,13.333536,0.956935,0.469721,12.369202,0.000000,137
7486,92121231034703,13.332228,0.972869,0.541626,12.352508,0.000000,137
7487,92121244366931,13.333858,3.249620,0.453126,10.078181,0.000000,137
7488,92121257700789,13.334080,0.896106,0.459064,12.431567,0.000000,137
7489,92121271034869,13.333405,0.952729,0.359156,12.373932,0.000000,137
7490,92121284368274,13.331346,0.889253,0.466430,12.435993,0.000000,137
7491,92121297699620,13.335972,1.156918,0.480124,12.171983,0.000000,137
7492,92121311035592,13.332894,0.971724,0.475955,12.353921,0.000000,137
7493,92121324368486,13.333236,0.899799,0.476524,12.426156,0.000000,137
7494,92121337701722,13.334282,0.955894,0.497675,12.371381,0.000000,137
7495,92121351036004,13.331789,3.639525,0.472884,9.685406,0.000000,137
7496,92121364367793,13.334626,0.878210,0.499975,12.449848,0.000000,137
7497,92121377702419,13.333191,0.962835,0.574807,12.363418,0.000000,137
7498,92121391035610,13.332565,0.963720,0.482846,12.361624,0.000000,137
7499,92121404368175,13.332827,1.133844,0.528744,12.192636,0.000000,137
7500,92121417701002,13.332520,0.938855,0.532225,12.387147,0.000000,137
7501,92121431033522,13.333051,0.893928,0.476726,12.432920,0.000000,137
7502,92121444366573,13.335164,0.837874,0.471120,12.491835,0.000000,137
7503,92121457701737,13.334558,3.627584,0.484038,9.700079,0.000000,137
7504,92121471036295,13.334199,0.931768,0.466671,12.395061,0.000000,137
7505,92121484370494,13.332712,0.895003,0.484395,12.430162,0.000000,137
7506,92121497703206,13.332831,0.995057,0.469892,12.330816,0.000000,137
7507,92121511036037,13.333949,1.018931,0.471503,12.308345,0.000000,137
7508,92121524369986,13.332242,0.748624,0.491465,12.577327,0.000000,137
7509,92121537702228,13.332496,0.774550,0.401234,12.552084,0.000000,137
7510,92121551034724,13.333571,0.759947,0.365709,12.567357,0.000000,137
7511,92121564368295,13.332824,3.101745,0.565768,10.225994,0.000000,137
7512,92121577701119,13.332354,0.762827,0.462680,12.564502,0.000000,137
7513,92121591033473,13.334538,0.726212,0.478576,12.603647,0.000000,137
7514,92121604368011,13.333356,0.711840,0.493971,12.616508,0.000000,137
7515,92121617701367,13.333526,1.014062,0.470714,12.314462,0.000000,137
7516,92121631034893,13.335972,0.833027,0.475801,12.497169,0.000000,137
7517,92121644370865,13.332435,0.759453,0.505086,12.566502,0.000000,137
7518,92121657703300,13.332315,0.878442,0.491043,12.447940,0.000000,137
7519,92121671035615,13.334345,3.213048,0.484436,10.115511,0.000000,137
7520,92121684369960,13.332750,0.730571,0.454990,12.595765,0.000000,137
7521,92121697702710,13.333128,0.770850,0.340655,12.555950,0.000000,137
7522,92121711035838,13.335248,0.774476,0.342681,12.555120,0.000000,137
7523,92121724371086,13.330820,0.924450,0.378263,12.400722,0.000000,137
7524,92121737701906,13.333886,0.789739,0.334666,12.538402,0.000000,137
7525,92121751035792,13.333140,0.792736,0.520906,12.535079,0.000000,137
7526,92121764368932,13.333325,0.702044,0.503594,12.625764,0.000000,137
7527,92121777702257,13.332702,3.196378,0.469960,10.131440,0.000000,137
7528,92121791034959,13.337800,0.780288,0.483729,12.551195,0.000000,137
7529,92121804372759,13.333649,0.780976,0.505702,12.545938,0.000000,137
7530,92121817706408,13.332433,1.003916,0.492975,12.320549,0.000000,137
7531,92121831038841,13.329681,1.046315,0.473065,12.276916,0.000000,137
7532,92121844368522,13.334221,0.738656,0.442750,12.590565,0.000000,137
7533,92121857702743,13.333757,0.906271,0.491804,12.422195,0.000000,137
7534,92121871036500,13.333133,0.791119,0.505345,12.536732,0.000000,137
7535,92121884369633,13.335375,3.116754,0.494112,10.212650,0.000000,137
7536,92121897705008,13.337806,0.958545,0.531226,12.372160,0.000000,137
7537,92121911042814,13.326306,0.999557,0.492402,12.320219,0.000000,137
7538,92121924369120,13.332959,0.749202,0.461390,12.578990,0.000000,137
7539,92121937702079,13.333150,0.962998,0.452779,12.365256,0.000000,137
7540,92121951035229,13.333983,0.733814,0.463348,12.595207,0.000000,137
7541,92121964369212,13.336853,0.725063,0.466785,12.606025,0.000000,137
7542,92121977706065,13.332185,0.836321,0.495440,12.489513,0.000000,137
7543,92121991038250,13.331199,3.235086,0.457771,10.090554,0.000000,137
7544,92122004369449,13.334786,0.699636,0.466426,12.629816,0.000000,137
7545,92122017704235,13.332131,0.780391,0.484370,12.546201,0.000000,137
7546,92122031036366,13.333308,0.761011,0.468105,12.566869,0.000000,137
7547,92122044369674,13.333836,0.891301,0.342240,12.437471,0.000000,137
7548,92122057703510,13.334999,0.778654,0.476463,12.550650,0.000000,137
7549,92122071038509,13.332281,0.813888,0.453230,12.512236,0.000000,137
7550,92122084370790,13.334430,0.723812,0.500153,12.604892,0.000000,137
7551,92122097705220,13.339191,3.328826,0.504408,10.003341,0.000000,137
7552,92122111044411,13.328347,0.955988,0.530279,12.364551,0.000000,137
7553,92122124372758,13.330418,0.806630,0.483650,12.518691,0.000000,137
7554,92122137703176,13.336382,0.779666,0.511152,12.550611,0.000000,137
7555,92122151039558,13.333646,1.043808,0.490721,12.281994,0.000000,137
7556,92122164373204,13.332311,0.853343,0.499997,12.471403,0.000000,137
7557,92122177705515,13.335948,0.907643,0.518360,12.421787,0.000000,137
7558,92122191041463,13.333332,0.980808,0.521456,12.344200,0.000000,137
7559,92122204374795,13.332977,3.700669,0.494324,9.624505,0.000000,137
7560,92122217707772,13.333698,1.102123,0.528900,12.223650,0.000000,137
7561,92122231041470,13.332201,1.014816,0.522845,12.309367,0.000000,137
7562,92122244373671,13.334172,0.885665,0.473030,12.442065,0.000000,137
7563,92122257707843,13.334180,1.088187,0.511683,12.238759,0.000000,137
7564,92122271042023,13.331894,0.887607,0.498533,12.437722,0.000000,137
7565,92122284373917,13.332737,0.768242,0.519740,12.558060,0.000000,137
7566,92122297706654,13.335028,0.927621,0.611704,12.401148,0.000000,137
7567,92122311041682,13.335398,3.931454,0.651492,9.395824,0.000000,137
7568,92122324377080,13.332349,1.045518,0.513695,12.278917,0.000000,137
7569,92122337709429,13.333792,1.078104,0.511091,12.247613,0.000000,137
7570,92122351043221,13.330913,1.045345,0.476082,12.276337,0.000000,137
7571,92122364374134,13.332450,1.210682,0.509123,12.115371,0.000000,137
7572,92122377706584,13.333250,0.980046,0.342918,12.346552,0.000000,137
7573,92122391039834,13.334629,1.065084,0.361061,12.263751,0.000000,137
7574,92122404374463,13.332249,0.962762,0.504555,12.362687,0.000000,137
7575,92122417706712,13.333187,3.367639,0.476049,9.960379,0.000000,137
7576,92122431039899,13.335250,0.963407,0.500138,12.364679,0.000000,138
7577,92122444375149,13.331386,0.920997,0.482968,12.403873,0.000000,138
7578,92122457706535,13.335600,1.036098,0.497227,12.292921,0.000000,138
7579,92122471042135,13.339801,1.923661,0.501469,11.406323,0.000000,138
7580,92122484381936,13.327044,0.982202,0.493038,12.336496,0.000000,138
7581,92122497708980,13.334062,0.984594,0.478548,12.341778,0.000000,138
7582,92122511043042,13.333145,0.993736,0.520269,12.331885,0.000000,138
7583,92122524376187,13.333878,3.650032,0.466489,9.676387,0.000000,138
7584,92122537710065,13.339108,0.989602,0.475106,12.338946,0.000000,138
7585,92122551049173,13.327699,0.972334,0.453539,12.347612,0.000000,138
7586,92122564376872,13.334390,0.887950,0.508617,12.438453,0.000000,138
7587,92122577711262,13.331046,1.254521,0.375028,12.068318,0.000000,138
7588,92122591042308,13.334195,0.970009,0.405390,12.357061,0.000000,138
7589,92122604376503,13.331786,1.132595,0.471758,12.192763,0.000000,138
7590,92122617708289,13.332160,0.887185,0.524168,12.439485,0.000000,138
7591,92122631040449,13.336179,3.293608,0.432928,10.033947,0.000000,138
7592,92122644376628,13.329995,0.743146,0.490542,12.580464,0.000000,138
7593,92122657706623,13.335615,0.844992,0.494558,12.485562,0.000000,138
7594,92122671042238,13.333383,0.813979,0.477290,12.513946,0.000000,138
7595,92122684375621,13.334571,1.053821,0.477593,12.275095,0.000000,138
7596,92122697710192,13.332468,0.946335,0.476658,12.379131,0.000000,138
7597,92122711042660,13.333709,0.931585,0.471083,12.396043,0.000000,138
7598,92122724376369,13.332819,0.799164,0.530193,12.527192,0.000000,138
7599,92122737709188,13.332898,3.263784,0.510895,10.063343,0.000000,138
7600,92122751042086,13.335473,0.903928,0.468604,12.426081,0.000000,138
7601,92122764377559,13.331955,0.889409,0.467082,12.436529,0.000000,138
7602,92122777709514,13.334803,0.926529,0.491269,12.401469,0.000000,138
7603,92122791044317,13.331752,1.227008,0.550141,12.096985,0.000000,138
7604,92122804376069,13.337618,0.790622,0.684349,12.540479,0.000000,138
7605,92122817713687,13.331813,1.184388,0.482849,12.138388,0.000000,138
7606,92122831045500,13.330781,0.980540,0.515621,12.344045,0.000000,138
7607,92122844376281,13.334723,3.168259,0.474891,10.161032,0.000000,138
7608,92122857711004,13.333557,0.866898,0.477628,12.459372,0.000000,138
7609,92122871044561,13.334591,0.956724,0.489548,12.370861,0.000000,138
7610,92122884379152,13.332487,0.982964,0.513319,12.341052,0.000000,138
7611,92122897711639,13.335831,1.309276,0.537786,12.018217,0.000000,138
7612,92122911047470,13.336130,1.060330,0.601624,12.265205,0.000000,138
7613,92122924383600,13.332075,1.338831,0.451783,11.982290,0.000000,138
7614,92122937715675,13.331396,1.293005,0.340419,12.028897,0.000000,138
7615,92122951047071,13.334992,3.866476,0.443272,9.456476,0.000000,138
7616,92122964382063,13.337821,1.005805,0.362587,12.318427,0.000000,138
7617,92122977719884,13.325164,1.063636,0.381566,12.253106,0.000000,138
7618,92122991045048,13.334671,0.974161,0.346382,12.353071,0.000000,138
7619,92123004379719,13.336830,1.167323,0.504751,12.160428,0.000000,138
7620,92123017716549,13.329095,1.074915,0.514987,12.244835,0.000000,138
7621,92123031045644,13.333753,0.970831,0.471860,12.356207,0.000000,138
7622,92123044379397,13.332736,0.883911,0.468864,12.442343,0.000000,138
7623,92123057712133,13.333291,3.452262,0.476463,9.874140,0.000000,138
7624,92123071045424,13.334201,1.118602,0.474887,12.208495,0.000000,138
7625,92123084379625,13.334590,0.911631,0.506137,12.414718,0.000000,138
7626,92123097714215,13.330217,0.890118,0.486844,12.433305,0.000000,138
7627,92123111044432,13.333355,1.028237,0.457814,12.298983,0.000000,138
7628,92123124377787,13.333318,0.726822,0.489370,12.600940,0.000000,138
7629,92123137711105,13.333539,0.898073,0.486659,12.430261,0.000000,138
7630,92123151044644,13.332999,0.804791,0.544414,12.522696,0.000000,138
7631,92123164377643,13.333853,3.135537,0.470794,10.193034,0.000000,138
7632,92123177711496,13.335261,0.805559,0.480236,12.523211,0.000000,138
7633,92123191046757,13.331604,0.841760,0.471722,12.483194,0.000000,138
7634,92123204378361,13.332142,0.731167,0.474134,12.594885,0.000000,138
7635,92123217710503,13.336675,0.983918,0.440903,12.346323,0.000000,138
7636,92123231047178,13.330767,1.002007,0.527751,12.322958,0.000000,138
7637,92123244377945,13.333510,0.714448,0.483675,12.613997,0.000000,138
7638,92123257711455,13.334494,0.802317,0.512965,12.526228,0.000000,138
7639,92123271045949,13.332576,3.360715,0.493234,9.965982,0.000000,138
7640,92123284378525,13.332556,0.717958,0.479742,12.609861,0.000000,138
7641,92123297711081,13.335296,0.803753,0.497994,12.525866,0.000000,138
7642,92123311046377,13.331596,0.926799,0.474838,12.399323,0.000000,138
7643,92123324377973,13.334360,1.079675,0.490041,12.249640,0.000000,138
7644,92123337712333,13.332894,0.997081,0.486119,12.329933,0.000000,138
7645,92123351045227,13.333646,0.917704,0.473285,12.410109,0.000000,138
7646,92123364378873,13.334213,0.846555,0.515750,12.481820,0.000000,138
7647,92123377713086,13.331145,3.392773,0.479335,9.932356,0.000000,138
7648,92123391044231,13.335833,0.839755,0.480709,12.490255,0.000000,138
7649,92123404380064,13.333861,0.835489,0.497449,12.491416,0.000000,138
7650,92123417713925,13.334423,0.877352,0.466777,12.450190,0.000000,138
7651,92123431048348,13.332933,1.084025,0.459633,12.242881,0.000000,138
7652,92123444381281,13.331357,0.789759,0.470292,12.535200,0.000000,138
7653,92123457712638,13.336798,0.826041,0.475809,12.503834,0.000000,138
7654,92123471049436,13.330328,1.092355,0.548294,12.231020,0.000000,138
7655,92123484379764,13.336232,3.718772,0.487685,9.609756,0.000000,138
7656,92123497715996,13.331111,0.965801,0.468170,12.358268,0.000000,138
7657,92123511047107,13.333523,0.932103,0.481727,12.395672,0.000000,138
7658,92123524380630,13.331295,0.879537,0.481126,12.446030,0.000000,138
7659,92123537711925,13.336858,1.020522,0.491513,12.310685,0.000000,138
7660,92123551048783,13.332265,0.993800,0.494439,12.330957,0.000000,138
7661,92123564381048,13.333785,0.890141,0.491792,12.437206,0.000000,138
7662,92123577714833,13.331882,0.967143,0.488950,12.357974,0.000000,138
7663,92123591046715,13.336152,3.732795,0.449898,9.595842,0.000000,138
7664,92123604382867,13.329664,1.008665,0.624304,12.314377,0.000000,138
7665,92123617712531,13.354396,0.950753,0.470044,12.395196,0.000000,138
7666,92123631066927,13.331791,1.067131,0.461602,12.255932,0.000000,138
7667,92123644398718,13.329340,1.066561,0.557937,12.254413,0.000000,138
7668,92123657728058,13.334270,1.141247,0.448101,12.186636,0.000000,138
7669,92123671062328,13.336742,0.893490,0.503520,12.434898,0.000000,138
7670,92123684399070,13.331416,1.114350,0.514534,12.209879,0.000000,138
7671,92123697730486,13.332022,3.871389,0.471459,9.452710,0.000000,138
7672,92123711062508,13.337887,0.946523,0.489998,12.382412,0.000000,138
7673,92123724400395,13.328950,1.045853,0.464892,12.275500,0.000000,138
7674,92123737729345,13.336825,1.080029,0.472429,12.247612,0.000000,138
7675,92123751066170,13.330879,1.244215,0.584257,12.077493,0.000000,138
7676,92123764397049,13.334594,0.993222,0.640783,12.332035,0.000000,138
7677,92123777731643,13.331282,1.125781,0.486036,12.199032,0.000000,138
7678,92123791062925,13.332896,1.033444,0.530936,12.293733,0.000000,138
7679,92123804395821,13.340678,3.634570,0.497048,9.695458,0.000000,138
7680,92123817736499,13.327431,1.108192,0.544978,12.211545,0.000000,138
7681,92123831063930,13.334340,1.197810,0.504947,12.129581,0.000000,138
7682,92123844398270,13.336348,0.997428,0.486095,12.329442,0.000000,138
7683,92123857734618,13.331739,1.423625,0.359689,11.899521,0.000000,138
7684,92123871066357,13.334656,1.131317,0.595096,12.195482,0.000000,138
7685,92123884401013,13.332675,1.056406,0.869324,12.268368,0.000000,138
7686,92123897733688,13.333479,1.158362,0.522679,12.167245,0.000000,138
7687,92123911067167,13.335106,3.748019,0.551264,9.578272,0.000000,138
7688,92123924402273,13.329130,1.015492,0.613928,12.307143,0.000000,138
7689,92123937731403,13.335302,1.178504,0.456659,12.149559,0.000000,138
7690,92123951066705,13.335663,1.192424,0.486069,12.133224,0.000000,138
7691,92123964402368,13.333724,1.282137,0.615603,12.042021,0.000000,138
7692,92123977736092,13.330512,1.113543,0.538226,12.208852,0.000000,138
7693,92123991066604,13.333318,1.192796,0.389009,12.132556,0.000000,138
7694,92124004399922,13.335739,0.959078,0.493200,12.367396,0.000000,138
7695,92124017735661,13.331903,3.800078,0.605311,9.524920,0.000000,138
7696,92124031067564,13.333353,1.109926,0.505254,12.216527,0.000000,138
7697,92124044400917,13.334948,1.168543,0.529269,12.158764,0.000000,138
7698,92124057735865,13.331293,1.158954,0.548641,12.163638,0.000000,138
7699,92124071067158,13.332503,1.411926,0.502325,11.912568,0.000000,138
7700,92124084399661,13.333875,1.078165,0.575084,12.247521,0.000000,138
7701,92124097733536,13.332581,1.073440,0.686410,12.252022,0.000000,138
7702,92124111066117,13.334142,1.365398,0.520478,11.960887,0.000000,138
7703,92124124400259,13.334550,3.496135,0.522070,9.831683,0.000000,138
7704,92124137734809,13.333306,1.411744,0.505176,11.914438,0.000000,138
7705,92124151068115,13.333154,1.414134,0.551919,11.910563,0.000000,138
7706,92124164401269,13.333549,0.843004,0.622219,12.483793,0.000000,138
7707,92124177734818,13.333794,1.312743,0.452909,12.014163,0.000000,138
7708,92124191068612,13.334488,1.197435,0.594743,12.129426,0.000000,139
7709,92124204403100,13.333677,1.044589,0.543927,12.280241,0.000000,139
7710,92124217736777,13.332770,1.057492,0.479865,12.266665,0.000000,139
7711,92124231069547,13.332757,3.512016,0.469055,9.812359,0.000000,139
7712,92124244402304,13.339336,1.683340,0.452964,11.646633,0.000000,139
7713,92124257741640,13.326382,1.093378,0.537266,12.224781,0.000000,139
7714,92124271068022,13.335200,1.259169,0.340031,12.066711,0.000000,139
7715,92124284403222,13.330804,1.331290,0.403245,11.992036,0.000000,139
7716,92124297734026,13.333058,1.134374,0.360212,12.191976,0.000000,139
7717,92124311067084,13.334716,1.397028,0.370962,11.930485,0.000000,139
7718,92124324401800,13.332979,1.011418,0.372513,12.313965,0.000000,139
7719,92124337734779,13.331859,3.814608,0.408960,9.510646,0.000000,139
7720,92124351066638,13.337164,1.122873,0.496202,12.206956,0.000000,139
7721,92124364403802,13.333414,1.059257,0.512000,12.265772,0.000000,139
7722,92124377737216,13.333540,1.173418,0.549174,12.151856,0.000000,139
7723,92124391070756,13.331862,1.406257,0.529679,11.916133,0.000000,139
7724,92124404402618,13.332669,1.016580,0.535138,12.308516,0.000000,139
7725,92124417735287,13.340620,1.168264,0.540229,12.161435,0.000000,139
7726,92124431075907,13.327947,0.991986,0.513284,12.326707,0.000000,139
7727,92124444403854,13.332044,3.704195,0.583916,9.619395,0.000000,139
7728,92124457735898,13.335882,1.067132,0.506948,12.260904,0.000000,139
7729,92124471071780,13.332445,1.166122,0.400675,12.157220,0.000000,139
7730,92124484404225,13.331756,0.989702,0.376177,12.333685,0.000000,139
7731,92124497735981,13.334723,1.350812,0.501742,11.976933,0.000000,139
7732,92124511070704,13.332712,1.076005,0.571110,12.248910,0.000000,139
7733,92124524403416,13.334647,0.958891,0.532830,12.369030,0.000000,139
7734,92124537738063,13.333829,1.258141,0.524473,12.068143,0.000000,139
7735,92124551071892,13.332303,3.669173,0.491628,9.655247,0.000000,139
7736,92124564404195,13.333818,0.973889,0.514828,12.352559,0.000000,139
7737,92124577738013,13.332305,1.133576,0.506218,12.191171,0.000000,139
7738,92124591070318,13.333808,1.040343,0.695065,12.286503,0.000000,139
7739,92124604404126,13.333530,1.342376,0.422769,11.984134,0.000000,139
7740,92124617737656,13.332730,1.184806,0.367571,12.140972,0.000000,139
7741,92124631070386,13.334610,1.068605,0.424367,12.258657,0.000000,139
7742,92124644404996,13.331690,0.998048,0.516113,12.327028,0.000000,139
7743,92124657736686,13.331763,3.601501,0.493998,9.723890,0.000000,139
7744,92124671068449,13.337294,1.032307,0.544278,12.298824,0.000000,139
7745,92124684405743,13.331563,1.122987,0.448307,12.200614,0.000000,139
7746,92124697737306,13.335734,1.321963,0.488624,12.005288,0.000000,139
7747,92124711073040,13.331998,1.424671,0.489852,11.899197,0.000000,139
7748,92124724405038,13.332852,1.114165,0.451278,12.211693,0.000000,139
7749,92124737737890,13.333180,1.131935,0.343475,12.194149,0.000000,139
7750,92124751071070,13.334213,1.199699,0.340992,12.126920,0.000000,139
7751,92124764405283,13.332191,3.843181,0.509682,9.481823,0.000000,139
7752,92124777737474,13.334309,1.212472,0.537582,12.114981,0.000000,139
7753,92124791071783,13.333989,1.021945,0.484514,12.305133,0.000000,139
7754,92124804405772,13.332341,1.026977,0.637313,12.296962,0.000000,139
7755,92124817738113,13.336303,1.353803,0.501469,11.974287,0.000000,139
7756,92124831074416,13.330456,1.060735,0.558856,12.262169,0.000000,139
7757,92124844404872,13.333234,1.070045,0.577506,12.256767,0.000000,139
7758,92124857738106,13.333605,1.091679,0.512111,12.235912,0.000000,139
7759,92124871071711,13.331176,3.663489,0.495102,9.661213,0.000000,139
7760,92124884402887,13.336626,0.905621,0.560534,12.423959,0.000000,139
7761,92124897739513,13.332014,1.065860,0.567926,12.259161,0.000000,139
7762,92124911071527,13.331669,1.154094,0.548670,12.171550,0.000000,139
7763,92124924403196,13.337552,1.235757,0.481883,12.095182,0.000000,139
7764,92124937740748,13.330854,1.109321,0.612393,12.215131,0.000000,139
7765,92124951071602,13.341892,0.989427,0.497367,12.342768,0.000000,139
7766,92124964413494,13.327064,0.906862,0.528604,12.409035,0.000000,139
7767,92124977740558,13.329779,3.742418,0.634729,9.580805,0.000000,139
7768,92124991070337,13.333953,0.952011,0.519682,12.376720,0.000000,139
7769,92125004404290,13.334630,0.912430,0.512465,12.416043,0.000000,139
7770,92125017738920,13.331663,1.044769,0.572145,12.280570,0.000000,139
7771,92125031070583,13.337469,1.317257,0.527887,12.014021,0.000000,139
7772,92125044408052,13.332561,0.963232,0.502633,12.361515,0.000000,139
7773,92125057740613,13.333025,1.073732,0.522312,12.251824,0.000000,139
7774,92125071073638,13.337956,1.193086,0.372768,12.135493,0.000000,139
7775,92125084411594,13.326631,3.665224,0.388975,9.654530,0.000000,139
7776,92125097738225,13.337222,1.128564,0.537040,12.200972,0.000000,139
7777,92125111075447,13.336575,1.242359,0.541267,12.085125,0.000000,139
7778,92125124412022,13.330626,1.123813,0.522669,12.198107,0.000000,139
7779,92125137742648,13.330923,1.367504,0.556784,11.956402,0.000000,139
7780,92125151073571,13.338225,1.121734,0.607160,12.207527,0.000000,139
7781,92125164411796,13.330018,1.145871,0.803118,12.175886,0.000000,139
7782,92125177741814,13.338077,1.032131,0.591762,12.295991,0.000000,139
7783,92125191079891,13.329639,3.495897,0.651234,9.826428,0.000000,139
7784,92125204409530,13.330511,1.030025,0.511745,12.293474,0.000000,139
7785,92125217740041,13.333404,0.971182,0.668986,12.355257,0.000000,139
7786,92125231073445,13.336543,0.952328,0.502017,12.376127,0.000000,139
7787,92125244409988,13.330050,1.227798,0.483284,12.094252,0.000000,139
7788,92125257740038,13.333601,1.038357,0.696607,12.288998,0.000000,139
7789,92125271073639,13.334968,1.200399,0.749272,12.127693,0.000000,139
7790,92125284408607,13.332423,0.922839,0.531923,12.402199,0.000000,139
7791,92125297741030,13.331963,3.861588,0.547157,9.464635,0.000000,139
7792,92125311072993,13.337548,1.009946,0.529372,12.320872,0.000000,139
7793,92125324410541,13.333331,1.111823,0.556224,12.213012,0.000000,139
7794,92125337743872,13.329611,1.163310,0.503778,12.159235,0.000000,139
7795,92125351073483,13.336434,1.358346,0.558621,11.970481,0.000000,139
7796,92125364409917,13.333344,1.019042,0.495160,12.306967,0.000000,139
7797,92125377743261,13.334977,1.115835,0.483515,12.211132,0.000000,139
7798,92125391078238,13.339923,1.150337,0.509350,12.178655,0.000000,139
7799,92125404418161,13.323322,3.755913,0.505833,9.559491,0.000000,139
7800,92125417741483,13.335866,1.145674,0.527333,12.183512,0.000000,139
7801,92125431077349,13.331665,1.173478,0.386073,12.151123,0.000000,139
7802,92125444409014,13.336053,1.009682,0.374389,12.318398,0.000000,139
7803,92125457745067,13.330660,1.326585,0.493156,11.996305,0.000000,139
7804,92125471075727,13.331998,0.986447,0.526823,12.338869,0.000000,139
7805,92125484407725,13.334485,1.063609,0.528592,12.263497,0.000000,139
7806,92125497742210,13.335636,1.222360,0.390275,12.106594,0.000000,139
7807,92125511077846,13.333699,3.813689,0.514486,9.511569,0.000000,139
7808,92125524411545,13.331567,1.055624,0.550444,12.268953,0.000000,139
7809,92125537743112,13.331693,1.105586,0.777987,12.218618,0.000000,139
7810,92125551074805,13.333920,1.001297,0.950080,12.326737,0.000000,139
7811,92125564408725,13.334717,1.348524,0.503145,11.979093,0.000000,139
7812,92125577743442,13.334269,1.075044,0.783572,12.251829,0.000000,139
7813,92125591077711,13.333798,1.228649,0.539792,12.098078,0.000000,139
7814,92125604411509,13.333020,1.161383,0.525231,12.163953,0.000000,139
7815,92125617744529,13.333392,3.551718,0.476916,9.773654,0.000000,139
7816,92125631077921,13.334040,1.235697,0.513824,12.090757,0.000000,139
7817,92125644411961,13.332896,0.966152,0.578699,12.359253,0.000000,139
7818,92125657744857,13.332614,1.056202,0.475381,12.269053,0.000000,139
7819,92125671077471,13.334453,1.331070,0.500575,11.996469,0.000000,139
7820,92125684411924,13.333331,1.071185,0.473831,12.255260,0.000000,139
7821,92125697745255,13.332199,1.289745,0.479438,12.035303,0.000000,139
7822,92125711077454,13.334658,1.118023,0.603321,12.209249,0.000000,139
7823,92125724412112,13.332571,3.564065,0.895595,9.759830,0.000000,139
7824,92125737744683,13.334160,1.057626,0.555038,12.268768,0.000000,139
7825,92125751078843,13.333326,1.152734,0.584178,12.174245,0.000000,139
7826,92125764412169,13.330815,1.047154,0.495505,12.277671,0.000000,139
7827,92125777742984,13.333882,1.356247,0.741190,11.971716,0.000000,139
7828,92125791076866,13.333820,0.998912,0.658830,12.327975,0.000000,139
7829,92125804410686,13.334058,0.889275,0.563935,12.438358,0.000000,139
7830,92125817744744,13.331974,1.086374,0.506852,12.239322,0.000000,139
7831,92125831076718,13.333773,3.946088,0.494483,9.381398,0.000000,139
7832,92125844410491,13.334490,0.895243,0.537246,12.433169,0.000000,139
7833,92125857744981,13.334052,1.118592,0.479683,12.207681,0.000000,139
7834,92125871079033,13.332973,0.992146,0.494943,12.333540,0.000000,139
7835,92125884412006,13.339433,1.131889,0.582615,12.196476,0.000000,139
7836,92125897751439,13.326208,1.203175,0.617588,12.114437,0.000000,139
7837,92125911077647,13.336128,1.055050,0.494878,12.273544,0.000000,139
7838,92125924413775,13.331577,1.140295,0.576286,12.184450,0.000000,139
7839,92125937745352,13.332713,3.816892,0.533805,9.509738,0.000000,139
7840,92125951078065,13.334302,1.168292,0.485347,12.158829,0.000000,140
7841,92125964412367,13.334508,0.983780,0.576979,12.343466,0.000000,140
7842,92125977746875,13.331085,1.411537,0.533534,11.913291,0.000000,140
7843,92125991077960,13.333617,1.946069,0.339908,11.381170,0.000000,140
7844,92126004411577,13.332997,0.901104,0.819252,12.425716,0.000000,140
7845,92126017744574,13.334707,1.057978,0.473692,12.270786,0.000000,140
7846,92126031079281,13.333029,1.069432,0.510704,12.257319,0.000000,140
7847,92126044412310,13.333221,3.700951,0.490036,9.625521,0.000000,140
7848,92126057745531,13.332547,1.000707,0.510461,12.325845,0.000000,140
7849,92126071078078,13.337010,1.093791,0.500865,12.236498,0.000000,140
7850,92126084415088,13.332081,0.943094,0.467517,12.381990,0.000000,140
7851,92126097747169,13.332984,1.647577,0.569626,11.678242,0.000000,140
7852,92126111080153,13.331870,1.088940,0.600654,12.236394,0.000000,140
7853,92126124412023,13.338446,0.895779,0.525026,12.435933,0.000000,140
7854,92126137750469,13.335077,1.233686,0.549078,12.092054,0.000000,140
7855,92126151085546,13.332871,4.319891,0.516202,9.001973,0.000000,140
7856,92126164418417,13.330579,1.047216,0.499416,12.275226,0.000000,140
7857,92126177748996,13.332629,1.052703,0.566976,12.272321,0.000000,140
7858,92126191081625,13.334687,1.144080,0.519992,12.182223,0.000000,140
7859,92126204416312,13.333372,1.206801,0.527893,12.118045,0.000000,140
7860,92126217749684,13.335234,1.041591,0.617470,12.286019,0.000000,140
7861,92126231084918,13.333421,1.066060,0.491846,12.258121,0.000000,140
7862,92126244418339,13.329255,0.989598,0.508647,12.331494,0.000000,140
7863,92126257747594,13.333692,4.062744,0.478281,9.263857,0.000000,140
7864,92126271081286,13.332755,0.966995,0.478449,12.358849,0.000000,140
7865,92126284414041,13.335420,0.905039,0.509320,12.423259,0.000000,140
7866,92126297749461,13.333784,1.011294,0.377502,12.315586,0.000000,140
7867,92126311083245,13.333071,1.281478,0.517455,12.043126,0.000000,140
7868,92126324416316,13.331083,0.984039,0.512145,12.340444,0.000000,140
7869,92126337747399,13.334969,1.032824,0.385166,12.295113,0.000000,140
7870,92126351082368,13.332510,1.210377,0.515702,12.115075,0.000000,140
7871,92126364414878,13.333071,3.863305,0.494149,9.459533,0.000000,140
7872,92126377747949,13.336184,0.988304,0.568993,12.341032,0.000000,140
7873,92126391084133,13.381512,1.251090,0.596983,12.121100,0.000000,140
7874,92126404465645,13.328359,1.231091,0.471016,12.088637,0.000000,140
7875,92126417794004,13.336218,1.327958,0.657765,12.000776,0.000000,140
7876,92126431130222,13.383403,1.202011,0.750223,12.171198,0.000000,140
7877,92126444513625,13.337860,2.312464,0.691248,11.008775,0.000000,140
7878,92126457851485,13.326572,2.345284,0.830617,10.967445,0.000000,140
7879,92126471178057,13.330193,5.426715,0.605801,7.894465,0.000000,140
7880,92126484508250,13.331558,1.027674,0.559395,12.297943,0.000000,140
7881,92126497839808,13.335676,1.053636,0.426881,12.274380,0.000000,140
7882,92126511175484,13.332795,1.116612,0.380834,12.209623,0.000000,140
7883,92126524508279,13.331641,1.351447,0.566347,11.973111,0.000000,140
7884,92126537839920,13.335392,1.336657,0.522593,11.991506,0.000000,140
7885,92126551175312,13.333030,1.033365,0.749775,12.292362,0.000000,140
7886,92126564508342,13.332520,1.735162,0.542452,11.590393,0.000000,140
7887,92126577840862,13.332890,3.965982,0.568429,9.360327,0.000000,140
7888,92126591173752,13.333473,1.158516,0.489485,12.168567,0.000000,140
7889,92126604507225,13.334314,0.910562,0.811698,12.416771,0.000000,140
7890,92126617841539,13.334160,1.214044,1.182788,12.113176,0.000000,140
7891,92126631175699,13.334713,1.330532,0.784404,11.996209,0.000000,140
7892,92126644510412,13.334125,1.014148,0.592777,12.311170,0.000000,140
7893,92126657844537,13.333714,1.192788,0.546664,12.132992,0.000000,140
7894,92126671178251,13.333601,1.143995,0.548818,12.180120,0.000000,140
7895,92126684511852,13.328385,3.942811,0.504753,9.377169,0.000000,140
7896,92126697840237,13.336069,1.386335,0.501914,11.942600,0.000000,140
7897,92126711176306,13.332231,1.080120,0.416486,12.244631,0.000000,140
7898,92126724508537,13.334605,1.042603,0.778279,12.284665,0.000000,140
7899,92126737843142,13.336937,1.563425,0.415888,11.765950,0.000000,140
7900,92126751180079,13.330090,2.167043,0.543292,11.155054,0.000000,140
7901,92126764510169,13.333478,1.044645,0.522830,12.281945,0.000000,140
7902,92126777843647,13.332559,1.273129,0.517015,12.051841,0.000000,140
7903,92126791176206,13.333338,3.927053,0.574314,9.398928,0.000000,140
7904,92126804509544,13.332441,1.096645,0.511808,12.227956,0.000000,140
7905,92126817841985,13.334403,1.105798,0.444628,12.219702,0.000000,140
7906,92126831176388,13.333939,1.106392,0.542182,12.218965,0.000000,140
7907,92126844510327,13.334320,1.284065,0.518887,12.043137,0.000000,140
7908,92126857844647,13.332868,1.114000,1.396712,12.212126,0.000000,140
7909,92126871177515,13.334508,1.177925,1.108492,12.147916,0.000000,140
7910,92126884512023,13.332732,1.020916,0.817107,12.302250,0.000000,140
7911,92126897844755,13.332540,4.184717,0.839415,9.138647,0.000000,140
7912,92126911177295,13.338110,1.083247,1.266658,12.244445,0.000000,140
7913,92126924515405,13.329878,1.048417,1.043128,12.271207,0.000000,140
7914,92126937845283,13.331766,1.051883,0.861930,12.270885,0.000000,140
7915,92126951177049,13.333176,1.465641,1.200298,11.859324,0.000000,140
7916,92126964510225,13.333921,0.873421,0.879859,12.453079,0.000000,140
7917,92126977844146,13.338017,0.965419,0.824974,12.362495,0.000000,140
7918,92126991182163,13.330359,1.164877,1.087525,12.153719,0.000000,140
7919,92127004512522,13.335123,3.912646,0.858181,9.411080,0.000000,140
7920,92127017847645,13.332415,1.010673,0.849611,12.312517,0.000000,140
7921,92127031180060,13.345102,1.281708,0.896005,12.048272,0.000000,140
7922,92127044525162,13.320821,0.944674,0.671934,12.367147,0.000000,140
7923,92127057845983,13.332540,1.707714,0.476947,11.618437,0.000000,140
7924,92127071178523,13.335729,1.215878,0.488097,12.111434,0.000000,140
7925,92127084514252,13.330614,1.139614,0.484933,12.181818,0.000000,140
7926,92127097844866,13.330950,1.070484,0.549107,12.254719,0.000000,140
7927,92127111175816,13.332323,3.555377,0.975046,9.772122,0.000000,140
7928,92127124508139,13.332787,1.056501,0.501947,12.271517,0.000000,140
7929,92127137840926,13.339980,1.296683,0.658997,12.037729,0.000000,140
7930,92127151180906,13.331570,1.155514,0.696231,12.168483,0.000000,140
7931,92127164512476,13.335075,1.630700,1.081672,11.695286,0.000000,140
7932,92127177847551,13.332874,1.180039,0.805946,12.144240,0.000000,140
7933,92127191180425,13.334169,1.315402,0.806021,12.011145,0.000000,140
7934,92127204514594,13.335236,1.145834,1.096007,12.178507,0.000000,140
7935,92127217849830,13.337995,3.916230,0.567722,9.411657,0.000000,140
7936,92127231187825,13.332905,1.387007,0.544378,11.932581,0.000000,140
7937,92127244520730,13.328144,1.500500,0.716782,11.816569,0.000000,140
7938,92127257848874,13.333360,1.399085,0.778660,11.926076,0.000000,140
7939,92127271182234,13.338732,1.580692,0.583909,11.746297,0.000000,140
7940,92127284520966,13.328236,1.470673,0.708143,11.848270,0.000000,140
7941,92127297849202,13.333236,1.309270,0.535149,12.015291,0.000000,140
7942,92127311182438,13.331578,1.729705,0.610289,11.593163,0.000000,140
7943,92127324514016,13.331252,3.645187,0.667619,9.679508,0.000000,140
7944,92127337845268,13.332858,1.388910,0.723451,11.937579,0.000000,140
7945,92127351178126,13.336597,1.115098,0.559427,12.213970,0.000000,140
7946,92127364514723,13.329148,1.027995,0.580264,12.293489,0.000000,140
7947,92127377843871,13.335693,1.600026,0.499152,11.729955,0.000000,140
7948,92127391179564,13.333819,1.197022,0.550653,12.130728,0.000000,140
7949,92127404513383,13.339009,1.122304,0.519817,12.205285,0.000000,140
7950,92127417852392,13.327915,1.108254,0.635148,12.212637,0.000000,140
7951,92127431180307,13.331878,3.873542,0.914754,9.451254,0.000000,140
7952,92127444512185,13.336672,0.879464,0.536694,12.449366,0.000000,140
7953,92127457848857,13.331661,0.997418,0.471030,12.325820,0.000000,140
7954,92127471180518,13.334839,1.029939,0.484975,12.298096,0.000000,140
7955,92127484515357,13.331296,1.247510,0.625976,12.076429,0.000000,140
7956,92127497846653,13.333256,0.972622,0.449615,12.353935,0.000000,140
7957,92127511179909,13.334113,1.086214,0.496632,12.241919,0.000000,140
7958,92127524514022,13.333921,0.927838,0.497248,12.399001,0.000000,140
7959,92127537847943,13.332055,3.843533,0.501119,9.481289,0.000000,140
7960,92127551179998,13.333071,0.943469,0.474353,12.383816,0.000000,140
7961,92127564513069,13.334629,0.888660,0.479183,12.439811,0.000000,140
7962,92127577847698,13.336640,0.996291,0.493132,12.332566,0.000000,140
7963,92127591184338,13.330946,1.322744,0.480610,12.001212,0.000000,140
7964,92127604515284,13.334027,0.897462,0.622144,12.429876,0.000000,140
7965,92127617849311,13.340763,1.060081,0.508987,12.269495,0.000000,140
7966,92127631190074,13.326970,0.989878,0.628306,12.325962,0.000000,140
7967,92127644517044,13.340227,3.819806,0.534801,9.508076,0.000000,140
7968,92127657857271,13.322106,1.133909,0.492441,12.182262,0.000000,140
7969,92127671179377,13.334087,0.930563,0.472550,12.397832,0.000000,140
7970,92127684513464,13.334766,0.978976,0.581314,12.349681,0.000000,140
7971,92127697848230,13.333348,1.549391,0.486652,11.777474,0.000000,140
7972,92127711181578,13.332430,1.107970,0.469938,12.218194,0.000000,140
7973,92127724514008,13.334627,0.859824,0.509312,12.468665,0.000000,140
7974,92127737848635,13.333781,0.947426,0.465187,12.379052,0.000000,140
7975,92127751182416,13.333726,3.927807,0.437902,9.398318,0.000000,140
7976,92127764516142,13.333242,0.917428,0.451738,12.409016,0.000000,141
7977,92127777849384,13.332898,0.947808,0.462165,12.378618,0.000000,141
7978,92127791182282,13.332398,0.986967,0.476149,12.339415,0.000000,141
7979,92127804514680,13.335578,1.957683,0.497511,11.372145,0.000000,141
7980,92127817850258,13.332535,1.089611,0.506807,12.236092,0.000000,141
7981,92127831182793,13.332917,0.966223,0.487901,12.359682,0.000000,141
7982,92127844515710,13.333398,0.878939,0.360914,12.448097,0.000000,141
7983,92127857849108,13.332536,3.999759,0.469763,9.326411,0.000000,141
7984,92127871181644,13.334822,0.944019,0.471135,12.383613,0.000000,141
7985,92127884516466,13.338339,0.989996,0.560036,12.339310,0.000000,141
7986,92127897854805,13.328388,1.281313,0.488442,12.039220,0.000000,141
7987,92127911183193,13.337206,1.288734,0.512212,12.039704,0.000000,141
7988,92127924520399,13.328865,1.000248,0.534026,12.320618,0.000000,141
7989,92127937849264,13.333862,0.948483,0.504297,12.379239,0.000000,141
7990,92127951183126,13.336437,1.071188,0.544370,12.257988,0.000000,141
7991,92127964519563,13.331057,3.853142,0.477532,9.470031,0.000000,141
7992,92127977850620,13.334286,1.164766,0.565371,12.162232,0.000000,141
7993,92127991184906,13.345591,1.215423,0.517662,12.116567,0.000000,141
7994,92128004530497,13.319630,0.956453,0.489907,12.354376,0.000000,141
7995,92128017850127,13.334101,1.551835,0.519464,11.776282,0.000000,141
7996,92128031184228,13.333951,0.966371,0.469713,12.360200,0.000000,141
7997,92128044518179,13.333029,0.866364,0.481097,12.458861,0.000000,141
7998,92128057851208,13.345173,0.941569,0.568240,12.391794,0.000000,141
7999,92128071196381,13.320163,3.944023,0.341786,9.367354,0.000000,141
8000,92128084516544,13.334224,0.883515,0.442185,12.444710,0.000000,141
8001,92128097850768,13.335866,0.947192,0.568134,12.380810,0.000000,141
8002,92128111186634,13.342975,1.001529,0.575246,12.332308,0.000000,141
8003,92128124529609,13.321033,1.190410,0.428643,12.123745,0.000000,141
8004,92128137850642,13.334138,0.935887,0.325169,12.392267,0.000000,141
8005,92128151184780,13.337628,0.977720,0.535054,12.352776,0.000000,141
8006,92128164522408,13.329104,0.987293,0.604832,12.335379,0.000000,141
8007,92128177851512,13.334516,3.976914,0.489355,9.350809,0.000000,141
8008,92128191186028,13.333897,1.153346,0.648279,12.173148,0.000000,141
8009,92128204519925,13.334097,1.063920,0.564999,12.263770,0.000000,141
8010,92128217854022,13.333139,1.118242,0.571229,12.207250,0.000000,141
8011,92128231187161,13.332694,1.361755,0.615137,11.963885,0.000000,141
8012,92128244519855,13.338500,0.945714,0.515837,12.383069,0.000000,141
8013,92128257858355,13.338771,0.993311,0.569386,12.333074,0.000000,141
8014,92128271197126,13.319123,1.175592,0.524825,12.136831,0.000000,141
8015,92128284516249,13.341643,3.577520,0.505091,9.754734,0.000000,141
8016,92128297857892,13.330696,0.976598,0.586178,12.347275,0.000000,141
8017,92128311188588,13.331544,1.271863,0.555854,12.050900,0.000000,141
8018,92128324520132,13.334813,1.080576,0.524635,12.247321,0.000000,141
8019,92128337854945,13.330759,1.375109,0.478914,11.948500,0.000000,141
8020,92128351185704,13.338374,1.080467,0.496232,12.250205,0.000000,141
8021,92128364524078,13.330140,0.989132,0.506716,12.333604,0.000000,141
8022,92128377854218,13.333471,1.024228,0.631611,12.302086,0.000000,141
8023,92128391187689,13.337006,4.027427,0.539792,9.299285,0.000000,141
8024,92128404524695,13.337141,0.954368,0.484854,12.371294,0.000000,141
8025,92128417861836,13.326419,1.006193,0.504092,12.306701,0.000000,141
8026,92128431188255,13.333188,1.107403,0.568634,12.218740,0.000000,141
8027,92128444521443,13.347049,1.393560,0.555457,11.937656,0.000000,141
8028,92128457868492,13.316690,1.244421,0.489818,12.064769,0.000000,141
8029,92128471185182,13.336761,0.969294,0.388308,12.359992,0.000000,141
8030,92128484521943,13.332547,0.901943,0.412677,12.423693,0.000000,141
8031,92128497854490,13.331855,3.493784,0.283471,9.832147,0.000000,141
8032,92128511186345,13.333283,0.981328,0.346998,12.346986,0.000000,141
8033,92128524519628,13.332501,0.861278,0.408914,12.465658,0.000000,141
8034,92128537852129,13.335518,0.856521,0.531914,12.473736,0.000000,141
8035,92128551187647,13.334587,1.096415,0.497659,12.232548,0.000000,141
8036,92128564522234,13.331887,0.915487,0.500209,12.410362,0.000000,141
8037,92128577854121,13.341274,0.958099,0.511443,12.373337,0.000000,141
8038,92128591195395,13.326141,1.164358,0.507391,12.151477,0.000000,141
8039,92128604521536,13.331793,3.794743,0.525090,9.530512,0.000000,141
8040,92128617853329,13.333586,0.897111,0.495643,12.430575,0.000000,141
8041,92128631186915,13.332633,1.102846,0.494377,12.224605,0.000000,141
8042,92128644519548,13.334817,0.861420,0.459478,12.467770,0.000000,141
8043,92128657854365,13.343883,1.299205,0.310649,12.034500,0.000000,141
8044,92128671198248,13.323617,1.158047,0.474912,12.157996,0.000000,141
8045,92128684521865,13.335076,0.872066,0.503317,12.456471,0.000000,141
8046,92128697856941,13.331192,1.082790,0.509268,12.241251,0.000000,141
8047,92128711188133,13.331114,3.546528,0.395953,9.779855,0.000000,141
8048,92128724519247,13.337954,0.756357,0.481326,12.577061,0.000000,141
8049,92128737857201,13.332867,0.867399,0.520511,12.459086,0.000000,141
8050,92128751190068,13.329721,1.011464,0.367963,12.313024,0.000000,141
8051,92128764519789,13.337199,1.107020,0.453868,12.224240,0.000000,141
8052,92128777856988,13.330347,0.917073,0.479356,12.406983,0.000000,141
8053,92128791187335,13.333651,0.903929,0.455570,12.424549,0.000000,141
8054,92128804520986,13.334762,0.833700,0.525138,12.495502,0.000000,141
8055,92128817855748,13.333774,3.430976,0.443049,9.897614,0.000000,141
8056,92128831189522,13.330783,0.976026,0.590780,12.349224,0.000000,141
8057,92128844520305,13.336553,0.797424,0.526814,12.534108,0.000000,141
8058,92128857856858,13.333255,0.995033,0.558031,12.331386,0.000000,141
8059,92128871190113,13.333149,1.197138,0.477973,12.129141,0.000000,141
8060,92128884523262,13.334813,0.787218,0.489699,12.542340,0.000000,141
8061,92128897858075,13.333536,0.978235,0.511635,12.348335,0.000000,141
8062,92128911191611,13.330982,1.188607,0.610664,12.135791,0.000000,141
8063,92128924522593,13.331629,3.407335,0.350096,9.918366,0.000000,141
8064,92128937854222,13.336987,0.876008,0.463454,12.455768,0.000000,141
8065,92128951191209,13.331727,0.906440,0.488687,12.418862,0.000000,141
8066,92128964522936,13.335256,0.860278,0.479583,12.469096,0.000000,141
8067,92128977858192,13.332794,1.074005,0.571577,12.248574,0.000000,141
8068,92128991190986,13.332434,0.952844,0.453676,12.374132,0.000000,141
8069,92129004523420,13.334877,0.724763,0.479898,12.603272,0.000000,141
8070,92129017858297,13.332681,0.806753,0.552602,12.516245,0.000000,141
8071,92129031190978,13.331797,3.396170,0.471249,9.929770,0.000000,141
8072,92129044522775,13.335461,0.837522,0.460617,12.492640,0.000000,141
8073,92129057858236,13.335319,0.987638,0.564568,12.336707,0.000000,141
8074,92129071193555,13.330382,1.148646,0.478173,12.175514,0.000000,141
8075,92129084523937,13.334088,0.997744,0.451028,12.329795,0.000000,141
8076,92129097858025,13.336111,0.860249,0.429631,12.469122,0.000000,141
8077,92129111194136,13.331910,0.881628,0.481099,12.443118,0.000000,141
8078,92129124526046,13.332887,0.887318,0.549122,12.438779,0.000000,141
8079,92129137858933,13.332888,3.989956,0.451744,9.333950,0.000000,141
8080,92129151191821,13.333519,0.953382,0.461718,12.374101,0.000000,141
8081,92129164525340,13.332060,0.900394,0.504172,12.425611,0.000000,141
8082,92129177857400,13.335031,0.965127,0.507066,12.363347,0.000000,141
8083,92129191192431,13.334533,1.220264,0.523679,12.107365,0.000000,141
8084,92129204526964,13.337495,0.912477,0.513339,12.413810,0.000000,141
8085,92129217864459,13.330246,0.997254,0.457190,12.325173,0.000000,141
8086,92129231194705,13.331352,1.060587,1.100792,12.263073,0.000000,141
8087,92129244526057,13.330248,3.928194,0.472024,9.396482,0.000000,141
8088,92129257856305,13.336511,0.882397,0.492493,12.447914,0.000000,141
8089,92129271192816,13.332759,0.976207,0.479970,12.349833,0.000000,141
8090,92129284525575,13.338734,0.876546,0.528349,12.451706,0.000000,141
8091,92129297864309,13.330010,1.223286,0.499237,12.100029,0.000000,141
8092,92129311194319,13.334264,1.063429,0.490456,12.262123,0.000000,141
8093,92129324528583,13.331283,1.982392,0.482262,11.342661,0.000000,141
8094,92129337859866,13.334539,0.854411,0.555661,12.467806,0.000000,141
8095,92129351194405,13.330417,3.716209,0.465397,9.607565,0.000000,141
8096,92129364524822,13.340585,0.883081,0.479755,12.448582,0.000000,141
8097,92129377865407,13.329902,0.889848,0.592612,12.432825,0.000000,141
8098,92129391195309,13.332120,1.045958,0.484266,12.279979,0.000000,141
8099,92129404527429,13.337909,1.079083,0.433137,12.248311,0.000000,141
8100,92129417865338,13.331253,1.011930,0.564160,12.311305,0.000000,141
8101,92129431196591,13.332854,1.095289,0.514354,12.228688,0.000000,141
8102,92129444529445,13.339893,0.985669,0.492699,12.338236,0.000000,141
8103,92129457869338,13.323998,4.058260,0.465917,9.258584,0.000000,141
8104,92129471193336,13.333887,0.950303,0.518566,12.377483,0.000000,141
8105,92129484527223,13.338581,0.923073,0.560199,12.404744,0.000000,141
8106,92129497865804,13.330969,1.020041,0.530701,12.304343,0.000000,141
8107,92129511196773,13.333226,1.268296,0.512395,12.056782,0.000000,141
8108,92129524529999,13.336109,0.953284,1.794635,12.372230,0.000000,141
8109,92129537866108,13.330322,0.895141,0.490378,12.418823,0.000000,141
8110,92129551196430,13.332376,0.914624,0.976331,12.411910,0.000000,141
8111,92129564528806,13.335192,3.530421,0.485581,9.794774,0.000000,141
8112,92129577863998,13.332258,0.817390,0.478657,12.508392,0.000000,142
8113,92129591196256,13.333492,0.879946,0.505662,12.446870,0.000000,142
8114,92129604529748,13.335541,0.826521,0.481534,12.499048,0.000000,142
8115,92129617865289,13.330054,1.558263,0.456282,11.765150,0.000000,142
8116,92129631195343,13.334856,0.937234,0.428270,12.391225,0.000000,142
8117,92129644530199,13.335943,0.900736,0.367737,12.424266,0.000000,142
8118,92129657866142,13.329604,1.024048,0.678994,12.298237,0.000000,142
8119,92129671195746,13.330556,3.862033,0.495077,9.462117,0.000000,142
8120,92129684526302,13.339877,0.848682,0.504610,12.480936,0.000000,142
8121,92129697866179,13.329841,0.992552,0.485464,12.330453,0.000000,142
8122,92129711196020,13.333910,1.054167,0.496165,12.272455,0.000000,142
8123,92129724529930,13.339343,1.147686,0.479459,12.184232,0.000000,142
8124,92129737869273,13.328451,0.927760,0.558202,12.392467,0.000000,142
8125,92129751197724,13.333185,0.949436,0.487201,12.376697,0.000000,142
8126,92129764530909,13.336820,0.893085,0.636226,12.436746,0.000000,142
8127,92129777867729,13.327473,4.009156,0.435244,9.311149,0.000000,142
8128,92129791195202,13.333933,0.938901,0.498281,12.388581,0.000000,142
8129,92129804529135,13.337572,0.797646,0.581676,12.533222,0.000000,142
8130,92129817866707,13.330551,0.946774,0.782781,12.376888,0.000000,142
8131,92129831197258,13.332627,1.160018,0.490451,12.165574,0.000000,142
8132,92129844529885,13.339454,0.872927,0.777039,12.459108,0.000000,142
8133,92129857869339,13.329299,1.047957,1.155001,12.273651,0.000000,142
8134,92129871198638,13.332463,1.310881,0.808324,12.015085,0.000000,142
8135,92129884531101,13.338804,3.525988,0.828134,9.804919,0.000000,142
8136,92129897869905,13.328194,1.053508,0.711752,12.265311,0.000000,142
8137,92129911198099,13.334731,0.902122,1.150985,12.424449,0.000000,142
8138,92129924532830,13.338733,0.972458,0.898382,12.357449,0.000000,142
8139,92129937871563,13.328557,1.193077,1.254453,12.127520,0.000000,142
8140,92129951200120,13.331080,1.096432,0.893087,12.227487,0.000000,142
8141,92129964531200,13.339627,0.892201,0.819263,12.438736,0.000000,142
8142,92129977870827,13.328300,0.885850,1.028691,12.434217,0.000000,142
8143,92129991199127,13.332973,3.532142,0.940319,9.792952,0.000000,142
8144,92130004532100,13.338873,0.855223,0.382820,12.475804,0.000000,142
8145,92130017870973,13.327490,1.059164,0.419204,12.260919,0.000000,142
8146,92130031198463,13.331714,1.210216,0.351651,12.115773,0.000000,142
8147,92130044530177,13.337612,1.104584,0.424801,12.226597,0.000000,142
8148,92130057867789,13.331116,1.005305,0.367149,12.318207,0.000000,142
8149,92130071198905,13.332758,1.057541,0.403105,12.267964,0.000000,142
8150,92130084531663,13.335455,0.949478,0.750542,12.379001,0.000000,142
8151,92130097867118,13.330582,3.746904,0.358119,9.576780,0.000000,142
8152,92130111197700,13.332898,1.058423,0.494159,12.267569,0.000000,142
8153,92130124530598,13.335935,0.932169,0.507024,12.396812,0.000000,142
8154,92130137866533,13.333562,0.975885,0.469588,12.351143,0.000000,142
8155,92130151200095,13.332591,1.975510,0.419476,11.349534,0.000000,142
8156,92130164532686,13.336861,0.842801,0.594049,12.487449,0.000000,142
8157,92130177869547,13.329782,1.042109,0.941692,12.279782,0.000000,142
8158,92130191199329,13.332861,0.999065,0.554293,12.326504,0.000000,142
8159,92130204532190,13.452524,4.063747,0.411507,9.378710,0.000000,142
8160,92130217984714,13.316174,1.740974,0.436366,11.564429,0.000000,142
8161,92130231300888,13.332284,0.936999,0.386267,12.388877,0.000000,142
8162,92130244633172,13.333849,0.784945,0.468829,12.542205,0.000000,142
8163,92130257967021,13.333456,1.069454,0.430415,12.257549,0.000000,142
8164,92130271300477,13.331640,0.908812,0.362476,12.415961,0.000000,142
8165,92130284632117,13.333366,0.767968,0.358785,12.559347,0.000000,142
8166,92130297965483,13.333269,0.818618,0.483644,12.507754,0.000000,142
8167,92130311298752,13.332572,3.341801,0.468992,9.984083,0.000000,142
8168,92130324631324,13.334171,0.752977,0.395398,12.575206,0.000000,142
8169,92130337965495,13.335117,0.838652,0.462671,12.490019,0.000000,142
8170,92130351300612,13.332185,0.857872,0.412977,12.468580,0.000000,142
8171,92130364632797,13.332824,0.944950,0.509390,12.382828,0.000000,142
8172,92130377965621,13.335016,0.839082,0.524108,12.489800,0.000000,142
8173,92130391300637,13.333266,0.858031,0.494072,12.467972,0.000000,142
8174,92130404633903,13.331356,0.784394,0.609605,12.540653,0.000000,142
8175,92130417965259,13.334148,3.363580,0.452575,9.964058,0.000000,142
8176,92130431299407,13.332948,0.809726,0.483884,12.517709,0.000000,142
8177,92130444632355,13.331556,0.711675,0.485153,12.614281,0.000000,142
8178,92130457963911,13.334919,0.723641,0.474870,12.606365,0.000000,142
8179,92130471298830,13.334020,1.014642,0.469408,12.313805,0.000000,142
8180,92130484632850,13.333128,0.711855,0.350018,12.616239,0.000000,142
8181,92130497965978,13.334168,0.774589,0.489449,12.553498,0.000000,142
8182,92130511300146,13.331251,0.882903,0.393219,12.441401,0.000000,142
8183,92130524631397,13.335052,3.296088,0.428909,10.033513,0.000000,142
8184,92130537966449,13.333266,0.857453,0.396837,12.470495,0.000000,142
8185,92130551299715,13.333938,0.809870,0.458299,12.517925,0.000000,142
8186,92130564633653,13.333401,0.761533,0.461483,12.565814,0.000000,142
8187,92130577967054,13.340085,1.057110,0.458127,12.277753,0.000000,142
8188,92130591307139,13.333914,0.828870,0.491834,12.499388,0.000000,142
8189,92130604641053,13.333188,0.755523,0.511875,12.571939,0.000000,142
8190,92130617974241,13.333481,0.811144,0.559321,12.516765,0.000000,142
8191,92130631307722,13.333402,3.241897,0.464770,10.086174,0.000000,142
8192,92130644641124,13.332501,0.757689,0.466216,12.569873,0.000000,143
8193,92130657973625,13.334614,0.767027,0.468236,12.562400,0.000000,143
8194,92130671308239,13.333095,0.822429,0.476692,12.505048,0.000000,143
8195,92130684641334,13.332764,0.930293,0.478386,12.397119,0.000000,143
8196,92130697974098,13.334031,1.528125,0.515020,11.800119,0.000000,143
8197,92130711308129,13.334666,0.907772,0.336437,12.420757,0.000000,143
8198,92130724642795,13.333948,0.857883,0.627397,12.469029,0.000000,143
8199,92130737976743,13.333548,5.484194,0.448464,7.841180,0.000000,143
8200,92130751310291,13.332828,0.996415,0.476937,12.329492,0.000000,143
8201,92130764643119,13.333449,0.886384,0.474442,12.440107,0.000000,143
8202,92130777976568,13.332484,0.985496,0.469298,12.340659,0.000000,143
8203,92130791309052,13.334411,1.209443,0.488277,12.117707,0.000000,143
8204,92130804643463,13.334469,0.951759,0.516333,12.373545,0.000000,143
8205,92130817977932,13.332402,1.080405,0.378028,12.244407,0.000000,143
8206,92130831310334,13.331696,0.967331,0.486557,12.358317,0.000000,143
8207,92130844642030,13.334435,3.411731,0.483644,9.916740,0.000000,143
8208,92130857976465,13.333882,0.937838,0.466299,12.389502,0.000000,143
8209,92130871310347,13.332876,0.965867,0.447220,12.359905,0.000000,143
8210,92130884643223,13.333553,0.824337,0.376994,12.502514,0.000000,143
8211,92130897976776,13.333201,1.267156,0.366706,12.059424,0.000000,143
8212,92130911309977,13.332760,0.963399,0.466564,12.363399,0.000000,143
8213,92130924642737,13.335360,0.864774,0.400497,12.463685,0.000000,143
8214,92130937978097,13.332239,0.961260,0.544962,12.364472,0.000000,143
8215,92130951310336,13.332369,3.664804,0.488853,9.660211,0.000000,143
8216,92130964642705,13.336054,0.886735,0.502929,12.442223,0.000000,143
8217,92130977978759,13.333134,0.999967,0.496550,12.325175,0.000000,143
8218,92130991311893,13.332020,1.376005,0.496545,11.948596,0.000000,143
8219,92131004643913,13.335325,1.061507,0.478574,12.266766,0.000000,143
8220,92131017979238,13.333237,0.953192,0.566210,12.372509,0.000000,143
8221,92131031312475,13.333939,0.919416,0.344231,12.406733,0.000000,143
8222,92131044646414,13.332215,0.864244,0.679593,12.460710,0.000000,143
8223,92131057978629,13.338797,5.443005,0.455809,7.885121,0.000000,143
8224,92131071317426,13.328458,1.046427,0.485499,12.274350,0.000000,143
8225,92131084645884,13.331757,0.934856,0.482167,12.389965,0.000000,143
8226,92131097977641,13.334970,0.979689,0.505310,12.348148,0.000000,143
8227,92131111312611,13.333093,1.281072,0.500104,12.044464,0.000000,143
8228,92131124645704,13.333330,0.907065,0.393497,12.418888,0.000000,143
8229,92131137979034,13.334089,1.008715,0.349584,12.317517,0.000000,143
8230,92131151313123,13.332103,1.085572,0.527472,12.239581,0.000000,143
8231,92131164645226,13.332454,3.276920,0.489964,10.049511,0.000000,143
8232,92131177977680,13.335792,0.943093,0.490150,12.385961,0.000000,143
8233,92131191313472,13.334354,0.997505,0.369961,12.329817,0.000000,143
8234,92131204647826,13.332356,0.938396,0.494175,12.385989,0.000000,143
8235,92131217980182,13.332665,1.218879,0.468663,12.107065,0.000000,143
8236,92131231312847,13.332435,1.018806,0.571895,12.307868,0.000000,143
8237,92131244645282,13.334170,0.851435,0.479291,12.475629,0.000000,143
8238,92131257979452,13.333952,0.961865,0.514353,12.365588,0.000000,143
8239,92131271313404,13.334352,3.800938,0.369156,9.526294,0.000000,143
8240,92131284647756,13.333371,1.147154,0.297785,12.178698,0.000000,143
8241,92131297981127,13.334234,1.013859,0.495510,12.312824,0.000000,144
8242,92131311315361,13.331615,1.052630,0.403339,12.272096,0.000000,144
8243,92131324646976,13.334005,1.187852,0.485971,12.138143,0.000000,144
8244,92131337980981,13.331219,7.914987,0.569751,5.408974,0.000000,144
8245,92131351312200,13.335695,1.232762,0.550950,12.096502,0.000000,144
8246,92131364647895,13.332467,0.895377,0.723456,12.430018,0.000000,144
8247,92131377980362,13.335407,3.420782,0.484076,9.907159,0.000000,144
8248,92131391315769,13.330356,1.161952,0.748179,12.162238,0.000000,144
8249,92131404646125,13.334898,0.948305,0.732639,12.380955,0.000000,144
8250,92131417981023,13.331985,1.034392,0.484644,12.290294,0.000000,144
8251,92131431313008,13.336475,1.330727,0.632869,11.999309,0.000000,144
8252,92131444649483,13.332826,1.036524,0.957189,12.288979,0.000000,144
8253,92131457982309,13.331207,1.174471,0.516358,12.149573,0.000000,144
8254,92131471313516,13.335103,0.994120,0.455394,12.334008,0.000000,144
8255,92131484648619,13.335142,3.760221,1.122847,9.565492,0.000000,144
8256,92131497983761,13.331414,1.139394,0.561470,12.185175,0.000000,144
8257,92131511315175,13.333483,1.129192,0.489799,12.196377,0.000000,144
8258,92131524648658,13.331912,1.373073,0.677870,11.951530,0.000000,144
8259,92131537980570,13.332688,1.334737,0.327904,11.990147,0.000000,144
8260,92131551313258,13.332817,1.351349,0.382158,11.975470,0.000000,144
8261,92131564646075,13.336189,0.902991,0.906086,12.426626,0.000000,144
8262,92131577982264,13.332112,1.034366,0.611778,12.290324,0.000000,144
8263,92131591314376,13.335892,3.654547,0.916245,9.674846,0.000000,144
8264,92131604650268,13.332598,1.016085,0.457779,12.309470,0.000000,144
8265,92131617982866,13.333639,1.228702,0.474890,12.097663,0.000000,144
8266,92131631316505,13.333920,1.026168,0.558069,12.299946,0.000000,144
8267,92131644650425,13.334012,1.119999,0.490126,12.206064,0.000000,144
8268,92131657984437,13.333031,1.017766,0.556746,12.307579,0.000000,144
8269,92131671317468,13.334435,1.022703,0.495244,12.303152,0.000000,144
8270,92131684651903,13.331919,0.927897,0.608035,12.395179,0.000000,144
8271,92131697983822,13.332223,5.498403,0.466997,7.825483,0.000000,144
8272,92131711316045,13.335658,1.034859,0.536750,12.293450,0.000000,144
8273,92131724651703,13.332988,0.975619,0.482178,12.348819,0.000000,144
8274,92131737984691,13.332047,1.049594,0.346914,12.274217,0.000000,144
8275,92131751316738,13.334591,1.245830,0.363239,12.079783,0.000000,144
8276,92131764651329,13.332946,0.913692,0.516853,12.410666,0.000000,144
8277,92131777984275,13.333021,1.022510,0.538511,12.302907,0.000000,144
8278,92131791317296,13.333603,0.969318,0.592770,12.356443,0.000000,144
8279,92131804650899,13.333171,3.682321,0.484793,9.643334,0.000000,144
8280,92131817984070,13.334282,0.862687,0.529099,12.464200,0.000000,144
8281,92131831318352,13.332891,1.014526,0.499736,12.310509,0.000000,144
8282,92131844651243,13.332960,0.928936,0.509331,12.396938,0.000000,144
8283,92131857984203,13.334372,1.273759,0.492291,12.052840,0.000000,144
8284,92131871318575,13.332811,1.010887,0.484929,12.313675,0.000000,144
8285,92131884651386,13.334255,0.904545,0.539108,12.420970,0.000000,144
8286,92131897985641,13.332622,0.992516,0.553009,12.331699,0.000000,144
8287,92131911318263,13.333635,4.677541,0.479016,8.647964,0.000000,144
8288,92131924651898,13.333425,0.902840,0.505829,12.422368,0.000000,144
8289,92131937985323,13.334094,1.010016,0.487168,12.316175,0.000000,144
8290,92131951319417,13.332022,0.983334,0.375235,12.341491,0.000000,144
8291,92131964651439,13.334824,1.191780,0.512976,12.136110,0.000000,144
8292,92131977986263,13.332083,1.034985,0.355620,12.289672,0.000000,144
8293,92131991318346,13.334662,1.062332,0.360237,12.264437,0.000000,144
8294,92132004653008,13.333196,0.865807,0.365997,12.460172,0.000000,144
8295,92132017986204,13.336310,3.643186,0.339438,9.683544,0.000000,144
8296,92132031322514,13.327717,1.083867,0.457620,12.236080,0.000000,144
8297,92132044650231,13.335548,0.885079,0.470842,12.443868,0.000000,144
8298,92132057985779,13.331663,0.972872,0.465647,12.352256,0.000000,144
8299,92132071317442,13.336924,1.225083,0.499586,12.104698,0.000000,144
8300,92132084654366,13.332435,0.959613,0.548780,12.365024,0.000000,144
8301,92132097986801,13.333045,1.015041,0.493406,12.310195,0.000000,144
8302,92132111319846,13.332099,1.005284,0.468409,12.318908,0.000000,144
8303,92132124651945,13.340651,3.283252,0.490239,10.045401,0.000000,144
8304,92132137992596,13.328475,0.872205,0.463723,12.448273,0.000000,144
8305,92132151321071,13.332174,0.932356,0.455824,12.392750,0.000000,144
8306,92132164653245,13.332899,0.913653,0.481732,12.412009,0.000000,144
8307,92132177986144,13.333237,1.319981,0.466264,12.005835,0.000000,144
8308,92132191319381,13.335834,0.929839,0.558489,12.398798,0.000000,144
8309,92132204655215,13.332063,0.891131,0.477227,12.433100,0.000000,144
8310,92132217987278,13.332814,1.028436,0.502544,12.297327,0.000000,144
8311,92132231320092,13.338352,3.441937,0.337976,9.887355,0.000000,144
8312,92132244658444,13.329939,1.005447,0.538919,12.316310,0.000000,144
8313,92132257988383,13.331556,1.024711,0.353450,12.298956,0.000000,144
8314,92132271319939,13.332916,1.011359,0.520521,12.314616,0.000000,144
8315,92132284652855,13.334046,1.065170,0.354514,12.261392,0.000000,144
8316,92132297986901,13.333874,0.972553,0.462439,12.354486,0.000000,144
8317,92132311320775,13.333371,1.008637,0.483420,12.318093,0.000000,144
8318,92132324654146,13.330875,0.911148,0.492701,12.412505,0.000000,144
8319,92132337985021,13.341608,3.386304,0.539408,9.945722,0.000000,144
8320,92132351326629,13.328151,0.929979,0.470351,12.388991,0.000000,144
8321,92132364654780,13.330473,0.904585,0.449002,12.420052,0.000000,144
8322,92132377985253,13.338523,0.782563,0.487880,12.548281,0.000000,144
8323,92132391323776,13.330776,1.141275,0.522153,12.181090,0.000000,144
8324,92132404654552,13.333765,0.878112,0.505876,12.448563,0.000000,144
8325,92132417988317,13.333356,0.956500,0.454903,12.369518,0.000000,144
8326,92132431321673,13.331759,1.065015,0.501551,12.259846,0.000000,144
8327,92132444653432,13.331112,3.224853,0.475241,10.100221,0.000000,144
8328,92132457984544,13.338580,0.867078,0.501047,12.464842,0.000000,144
8329,92132471323124,13.391501,1.013969,0.369962,12.369765,0.000000,144
8330,92132484714625,13.331238,0.843870,0.355809,12.480517,0.000000,144
8331,92132498045863,13.335252,1.100808,0.473012,12.227864,0.000000,144
8332,92132511381115,13.334061,0.963194,0.569895,12.363762,0.000000,144
8333,92132524715176,13.332693,0.822428,0.489415,12.503970,0.000000,144
8334,92132538047869,13.333331,1.006239,0.514004,12.319360,0.000000,144
8335,92132551381200,13.332887,3.710821,0.454545,9.614936,0.000000,144
8336,92132564714087,13.333936,0.876859,0.475439,12.450090,0.000000,144
8337,92132578048023,13.334191,1.022631,0.468928,12.304324,0.000000,144
8338,92132591382214,13.333096,0.985793,0.482149,12.340263,0.000000,144
8339,92132604715310,13.334073,1.132217,0.356071,12.193914,0.000000,144
8340,92132618049383,13.333264,1.131308,0.342267,12.194638,0.000000,144
8341,92132631382647,13.332835,1.070365,0.320096,12.254412,0.000000,144
8342,92132644715482,13.333116,0.940532,0.369899,12.384468,0.000000,144
8343,92132658048598,13.332676,3.724048,0.571731,9.600637,0.000000,144
8344,92132671381274,13.334442,0.976735,0.488529,12.350178,0.000000,144
8345,92132684715716,13.332761,0.859864,0.508320,12.466073,0.000000,144
8346,92132698048477,13.333591,0.993936,0.509947,12.331654,0.000000,144
8347,92132711382068,13.333967,1.184561,0.517715,12.141942,0.000000,144
8348,92132724716035,13.332423,0.828498,0.497866,12.497020,0.000000,144
8349,92132738048458,13.334187,0.830777,0.363282,12.496579,0.000000,144
8350,92132751382645,13.332542,0.868163,0.505857,12.457996,0.000000,144
8351,92132764715187,13.333441,3.227832,0.476947,10.099001,0.000000,144
8352,92132778048628,13.334221,0.871376,0.503237,12.455664,0.000000,144
8353,92132791382849,13.332851,0.887651,0.492488,12.438799,0.000000,144
8354,92132804715700,13.334366,0.862311,0.484541,12.465713,0.000000,144
8355,92132818050066,13.331758,1.208402,0.449858,12.115469,0.000000,144
8356,92132831381824,13.333470,1.025321,0.590892,12.302076,0.000000,144
8357,92132844715294,13.335380,0.881428,0.546446,12.446806,0.000000,144
8358,92132858050674,13.332526,0.964394,0.543940,12.360656,0.000000,144
8359,92132871383200,13.332247,3.654924,0.461950,9.670559,0.000000,144
8360,92132884715447,13.335456,0.852134,0.479173,12.476289,0.000000,144
8361,92132898050903,13.331627,0.939469,0.352644,12.385327,0.000000,144
8362,92132911382530,13.333951,0.830859,0.358067,12.497170,0.000000,144
8363,92132924716481,13.335224,1.079009,0.490247,12.249593,0.000000,144
8364,92132938051705,13.331775,0.965347,0.369407,12.358771,0.000000,144
8365,92132951383480,13.333245,0.850008,0.484070,12.476970,0.000000,144
8366,92132964716725,13.332009,0.899816,0.511478,12.425183,0.000000,144
8367,92132978048734,13.335082,3.444367,0.473246,9.884550,0.000000,144
8368,92132991383816,13.331548,0.886841,0.493025,12.439298,0.000000,144
8369,92133004715364,13.333336,0.768452,0.512469,12.559822,0.000000,144
8370,92133018048700,13.332098,0.868653,0.516694,12.457560,0.000000,144
8371,92133031380798,13.333685,1.055403,0.483667,12.273509,0.000000,144
8372,92133044714483,13.333545,0.838312,0.489110,12.490183,0.000000,144
8373,92133058048028,13.333057,0.827364,0.397303,12.500165,0.000000,144
8374,92133071381085,13.335629,0.812583,0.517196,12.518098,0.000000,144
8375,92133084716714,13.331484,3.189525,0.486140,10.136284,0.000000,144
8376,92133098048198,13.333187,0.810986,0.482212,12.517108,0.000000,144
8377,92133111381385,13.333252,0.804568,0.475684,12.523331,0.000000,144
8378,92133124714637,13.333402,0.737633,0.465260,12.590284,0.000000,144
8379,92133138048039,13.335037,1.017826,0.379773,12.311422,0.000000,144
8380,92133151383076,13.334384,1.084286,0.370216,12.243725,0.000000,144
8381,92133164717460,13.332532,1.030551,0.320987,12.296457,0.000000,144
8382,92133178049992,13.335096,1.001608,0.495547,12.326299,0.000000,144
8383,92133191385088,13.333558,3.768860,0.824085,9.557828,0.000000,144
8384,92133204718646,13.333718,0.956844,0.735468,12.369077,0.000000,144
8385,92133218052364,13.332816,1.021565,0.457449,12.303636,0.000000,144
8386,92133231385180,13.333318,1.115805,0.362027,12.210243,0.000000,145
8387,92133244718498,13.333157,1.264309,0.596283,12.061438,0.000000,145
8388,92133258051655,13.334287,1.243923,0.652393,12.083417,0.000000,145
8389,92133271385942,13.332973,1.158469,0.443514,12.166876,0.000000,145
8390,92133284718915,13.333072,0.916099,0.873280,12.409293,0.000000,145
8391,92133298051987,13.337124,3.756408,0.504261,9.571558,0.000000,145
8392,92133311389111,13.330441,1.199314,0.625316,12.122488,0.000000,145
8393,92133324719552,13.332839,0.903517,0.342923,12.421465,0.000000,145
8394,92133338052391,13.341826,1.211841,0.504489,12.119453,0.000000,145
8395,92133351394217,13.324803,1.267087,0.474179,12.049421,0.000000,145
8396,92133364719020,13.333336,0.932954,0.532635,12.393289,0.000000,145
8397,92133378052356,13.336164,1.137048,0.435278,12.190660,0.000000,145
8398,92133391388520,13.330949,1.213498,0.496462,12.109477,0.000000,145
8399,92133404719469,13.338540,3.731530,0.490225,9.597548,0.000000,145
8400,92133418058009,13.331667,1.472714,0.472703,11.849605,0.000000,145
8401,92133431389676,13.330833,1.095248,0.628737,12.227753,0.000000,145
8402,92133444720509,13.332439,0.887900,0.732099,12.437843,0.000000,145
8403,92133458052948,13.341221,1.223439,0.551285,12.108052,0.000000,145
8404,92133471394169,13.326267,1.048587,0.743656,12.270980,0.000000,145
8405,92133484720436,13.333923,0.849034,0.516687,12.477542,0.000000,145
8406,92133498054359,13.333578,1.193345,0.875372,12.132637,0.000000,145
8407,92133511387937,13.333461,3.912252,0.882108,9.413581,0.000000,145
8408,92133524721398,13.332221,1.550523,0.480533,11.774344,0.000000,145
8409,92133538053619,13.333312,1.028432,0.475013,12.296542,0.000000,145
8410,92133551386931,13.335453,1.016671,0.811136,12.311651,0.000000,145
8411,92133564722384,13.339935,1.408148,0.472322,11.919876,0.000000,145
8412,92133578062319,13.325091,0.979658,0.467436,12.335714,0.000000,145
8413,92133591387410,13.337622,1.432799,0.892853,11.895290,0.000000,145
8414,92133604725032,13.329468,1.059022,0.889560,12.262661,0.000000,145
8415,92133618054500,13.332326,3.702117,0.490522,9.624445,0.000000,145
8416,92133631386826,13.340497,0.969279,0.449646,12.361439,0.000000,145
8417,92133644727323,13.326548,1.467772,0.793887,11.850106,0.000000,145
8418,92133658053871,13.332840,1.130014,0.489108,12.196129,0.000000,145
8419,92133671386711,13.335010,1.314511,0.535886,12.013435,0.000000,145
8420,92133684721721,13.333467,1.179262,0.524507,12.146831,0.000000,145
8421,92133698055188,13.332020,0.960235,0.517375,12.364790,0.000000,145
8422,92133711387208,13.334521,1.141992,0.902919,12.185961,0.000000,145
8423,92133724721729,13.332605,3.833295,0.420286,9.493033,0.000000,145
8424,92133738054334,13.333696,1.029224,0.504784,12.297642,0.000000,145
8425,92133751388030,13.334387,1.193783,0.484786,12.133916,0.000000,145
8426,92133764722417,13.332224,0.909451,0.722027,12.416523,0.000000,145
8427,92133778054641,13.333452,1.181364,0.803923,12.146319,0.000000,145
8428,92133791388093,13.334909,0.944613,0.537331,12.382086,0.000000,145
8429,92133804723002,13.331587,1.244616,0.447411,12.080232,0.000000,145
8430,92133818054589,13.333049,1.535066,0.581248,11.791612,0.000000,145
8431,92133831387638,13.333309,3.537545,0.487938,9.789886,0.000000,145
8432,92133844720947,13.335255,0.836312,0.465119,12.491996,0.000000,145
8433,92133858056202,13.332164,1.064513,0.479486,12.259858,0.000000,145
8434,92133871388366,13.333566,0.983384,0.620233,12.344003,0.000000,145
8435,92133884721932,13.333344,1.025553,0.473900,12.301189,0.000000,145
8436,92133898055276,13.333421,1.043166,0.362298,12.284588,0.000000,145
8437,92133911388697,13.334729,1.073990,1.094009,12.253329,0.000000,145
8438,92133924723426,13.337082,0.866892,0.530216,12.462057,0.000000,145
8439,92133938060508,13.328215,4.263551,0.508303,9.057206,0.000000,145
8440,92133951388723,13.334836,1.181554,0.474064,12.146320,0.000000,145
8441,92133964723559,13.337436,1.208244,0.440170,12.119127,0.000000,145
8442,92133978060995,13.328100,1.208087,0.691514,12.112133,0.000000,145
8443,92133991389095,13.334733,1.517946,0.438030,11.809396,0.000000,145
8444,92134004723828,13.333152,1.557439,0.744325,11.769137,0.000000,145
8445,92134018056980,13.331618,1.153098,0.659422,12.172631,0.000000,145
8446,92134031388598,13.333814,1.132153,0.448326,12.195707,0.000000,145
8447,92134044722412,13.333432,3.559312,0.441116,9.766974,0.000000,145
8448,92134058055844,13.339623,1.439543,0.373210,11.891778,0.000000,145
8449,92134071395467,13.328317,1.011861,0.373062,12.308347,0.000000,145
8450,92134084723784,13.335527,1.163159,0.423991,12.163663,0.000000,145
8451,92134098059311,13.336695,1.393461,0.894533,11.934457,0.000000,145
8452,92134111396006,13.328704,1.017542,0.464299,12.301905,0.000000,145
8453,92134124724710,13.334211,0.922062,0.667820,12.403807,0.000000,145
8454,92134138058921,13.330812,1.067816,0.720014,12.256262,0.000000,145
8455,92134151389733,13.334155,3.356142,0.351861,9.971576,0.000000,145
8456,92134164723888,13.334975,1.049912,0.409195,12.278701,0.000000,145
8457,92134178058863,13.333640,1.201245,0.344646,12.125132,0.000000,145
8458,92134191392503,13.333974,1.092739,0.471702,12.232993,0.000000,145
8459,92134204726477,13.341687,1.329024,0.479145,11.999435,0.000000,145
8460,92134218068164,13.322254,1.242128,0.727762,12.071620,0.000000,145
8461,92134231390418,13.343742,1.137832,0.631787,12.193067,0.000000,145
8462,92134244734160,13.325359,0.928972,0.726691,12.387667,0.000000,145
8463,92134258059519,13.330987,3.841517,0.854825,9.481930,0.000000,145
8464,92134271390506,13.333244,1.046453,0.521740,12.280795,0.000000,145
8465,92134284723750,13.335229,1.030678,0.491835,12.297996,0.000000,145
8466,92134298058979,13.334716,0.993718,0.535949,12.333996,0.000000,145
8467,92134311393695,13.335484,1.555055,0.856403,11.770902,0.000000,145
8468,92134324729179,13.344267,0.988588,0.496351,12.347667,0.000000,145
8469,92134338073446,13.336176,1.203307,0.513270,12.124033,0.000000,145
8470,92134351409622,13.331091,1.679916,0.642256,11.642279,0.000000,145
8471,92134364740713,13.333169,3.926879,0.467869,9.398847,0.000000,145
8472,92134378073882,13.333546,1.248346,0.505073,12.078210,0.000000,145
8473,92134391407428,13.335642,1.171415,0.369601,12.155526,0.000000,145
8474,92134404743070,13.338101,1.133907,0.489960,12.194098,0.000000,145
8475,92134418081171,13.327337,1.633269,0.426842,11.684606,0.000000,145
8476,92134431408508,13.332801,1.284085,0.482377,12.040659,0.000000,145
8477,92134444741309,13.335723,0.980969,1.186814,12.345553,0.000000,145
8478,92134458077032,13.334140,1.315323,0.699971,12.008675,0.000000,145
8479,92134471411172,13.332698,3.846652,0.841311,9.475382,0.000000,145
8480,92134484743870,13.334427,1.130637,0.909862,12.192133,0.000000,145
8481,92134498078297,13.335628,1.151849,0.814893,12.172516,0.000000,145
8482,92134511413925,13.326862,1.072807,0.827253,12.243344,0.000000,145
8483,92134524740787,13.435512,1.345089,0.811040,12.081336,0.000000,145
8484,92134538176299,13.331031,1.282376,0.861944,12.036461,0.000000,145
8485,92134551507330,13.334274,1.259431,0.881059,12.065279,0.000000,145
8486,92134564841604,13.334114,1.040562,0.530231,12.283151,0.000000,145
8487,92134578175718,13.331012,3.881045,0.495974,9.439210,0.000000,145
8488,92134591506730,13.333709,1.260438,0.623021,12.065695,0.000000,145
8489,92134604840439,13.329868,1.158489,0.486723,12.164537,0.000000,145
8490,92134618170307,13.335115,1.228599,0.485125,12.100138,0.000000,145
8491,92134631505422,13.335538,1.336764,0.477544,11.991438,0.000000,145
8492,92134644840960,13.330569,1.185735,0.477735,12.138135,0.000000,145
8493,92134658171529,13.333094,1.141445,0.563727,12.184989,0.000000,145
8494,92134671504623,13.335908,1.282323,0.370666,12.047021,0.000000,145
8495,92134684840531,13.334233,3.662165,0.287397,9.664025,0.000000,145
8496,92134698174764,13.334258,1.173316,0.356621,12.152696,0.000000,145
8497,92134711509022,13.331121,1.422761,0.547834,11.900540,0.000000,145
8498,92134724840143,13.333750,1.130992,1.047023,12.195069,0.000000,145
8499,92134738173893,13.331534,1.310463,0.502791,12.014496,0.000000,145
8500,92134751505427,13.335611,1.325215,0.499304,12.003720,0.000000,145
8501,92134764841038,13.334463,1.178360,0.473891,12.147943,0.000000,145
8502,92134778175501,13.330768,1.231755,1.061795,12.091438,0.000000,145
8503,92134791506269,13.332973,4.089318,1.016971,9.236975,0.000000,145
8504,92134804839242,13.339796,1.040096,0.358603,12.290437,0.000000,145
8505,92134818179038,13.329793,1.065794,0.355556,12.254221,0.000000,145
8506,92134831508831,13.335531,1.161103,0.525310,12.164458,0.000000,145
8507,92134844844362,13.329921,1.262127,0.484763,12.052859,0.000000,145
8508,92134858174283,13.333791,1.129857,0.471799,12.196751,0.000000,145
8509,92134871508074,13.331975,1.217928,0.635288,12.106493,0.000000,145
8510,92134884840049,13.337078,1.053061,0.522258,12.275217,0.000000,145
8511,92134898177127,13.331961,3.716892,0.456344,9.606590,0.000000,145
8512,92134911509088,13.333035,1.267895,0.458698,12.057271,0.000000,145
8513,92134924842123,13.333827,1.172480,0.348457,12.153560,0.000000,145
8514,92134938175950,13.332692,1.074012,0.528641,12.250931,0.000000,145
8515,92134951508642,13.332452,1.430498,0.597763,11.895607,0.000000,145
8516,92134964841094,13.332348,0.934762,0.581817,12.389444,0.000000,145
8517,92134978173442,13.335680,1.014053,0.578265,12.315253,0.000000,145
8518,92134991509122,13.334182,0.948638,0.483575,12.378207,0.000000,145
8519,92135004843304,13.335209,3.755481,0.410718,9.571222,0.000000,145
8520,92135018178513,13.329978,1.137656,0.469931,12.185368,0.000000,146
8521,92135031508491,13.342261,1.360422,0.507730,11.970055,0.000000,146
8522,92135044850752,13.327792,1.027219,0.625389,12.292511,0.000000,146
8523,92135058178544,13.331618,2.616257,0.634684,10.706299,0.000000,146
8524,92135071510162,13.331996,1.183711,0.631112,12.140391,0.000000,146
8525,92135084842158,13.334747,1.167187,0.502400,12.160152,0.000000,146
8526,92135098176905,13.333789,1.075488,0.505362,12.251100,0.000000,146
8527,92135111510694,13.329315,3.795485,0.573523,9.527771,0.000000,146
8528,92135124840009,13.338898,0.976975,0.547425,12.355052,0.000000,146
8529,92135138178907,13.330482,1.064122,0.584214,12.257902,0.000000,146
8530,92135151509389,13.332752,1.078146,0.522637,12.247362,0.000000,146
8531,92135164842141,13.342242,1.295920,0.521481,12.034404,0.000000,146
8532,92135178184383,13.326360,1.074449,0.595793,12.241632,0.000000,146
8533,92135191510743,13.333605,1.131535,0.578558,12.194555,0.000000,146
8534,92135204844348,13.332541,0.975264,0.506759,12.346055,0.000000,146
8535,92135218176889,13.333994,3.712437,0.371522,9.613369,0.000000,146
8536,92135231510883,13.332603,1.087774,0.551351,12.236916,0.000000,146
8537,92135244843486,13.333056,0.975177,0.587836,12.346435,0.000000,146
8538,92135258176542,13.334054,1.132152,0.576335,12.195267,0.000000,146
8539,92135271510596,13.338825,1.350073,0.535944,11.976102,0.000000,146
8540,92135284849421,13.327075,0.910676,0.499124,12.409254,0.000000,146
8541,92135298176496,13.339356,1.153953,0.471503,12.177073,0.000000,146
8542,92135311515852,13.327145,1.031737,0.501836,12.287773,0.000000,146
8543,92135324842997,13.334214,3.190605,0.560984,10.134851,0.000000,146
8544,92135338177211,13.333818,0.931289,0.498504,12.395827,0.000000,146
8545,92135351511029,13.332606,1.002245,0.570008,12.324811,0.000000,146
8546,92135364843635,13.334330,0.965553,0.695559,12.358626,0.000000,146
8547,92135378177965,13.334632,1.354489,0.493800,11.971807,0.000000,146
8548,92135391512597,13.331213,1.047219,0.475792,12.276295,0.000000,146
8549,92135404843810,13.332147,0.959755,0.417947,12.362124,0.000000,146
8550,92135418175957,13.336872,1.040212,0.484038,12.289852,0.000000,146
8551,92135431512829,13.331273,3.818981,0.547961,9.505345,0.000000,146
8552,92135444844102,13.333369,0.911516,0.537163,12.400499,0.000000,146
8553,92135458177471,13.339804,0.975098,0.548613,12.354030,0.000000,146
8554,92135471517275,13.331297,1.068366,0.554448,12.250801,0.000000,146
8555,92135484848572,13.331600,1.294893,0.524591,12.029158,0.000000,146
8556,92135498180172,13.332486,0.999978,0.509571,12.325533,0.000000,146
8557,92135511512658,13.338128,1.085799,0.577195,12.239782,0.000000,146
8558,92135524850786,13.327957,0.922229,0.510156,12.396516,0.000000,146
8559,92135538178743,13.333886,3.572461,0.350434,9.754773,0.000000,146
8560,92135551512629,13.338468,1.026655,0.345424,12.300487,0.000000,146
8561,92135564851097,13.327541,0.908950,0.360001,12.412486,0.000000,146
8562,92135578178638,13.333401,1.077979,0.660616,12.249067,0.000000,146
8563,92135591512039,13.339689,1.343747,0.490982,11.984293,0.000000,146
8564,92135604851728,13.326263,0.870304,0.541771,12.449234,0.000000,146
8565,92135618177991,13.333725,0.866937,0.525293,12.460968,0.000000,146
8566,92135631511716,13.338821,0.857176,0.506843,12.471602,0.000000,146
8567,92135644850537,13.328248,3.269298,0.487857,10.052655,0.000000,146
8568,92135658178785,13.334503,0.898333,0.525807,12.430176,0.000000,146
8569,92135671513288,13.335801,1.003081,0.497442,12.323609,0.000000,146
8570,92135684849089,13.332544,0.915094,0.548688,12.409515,0.000000,146
8571,92135698181633,13.331762,1.463143,0.539287,11.860534,0.000000,146
8572,92135711513395,13.336434,1.097423,0.387570,12.229652,0.000000,146
8573,92135724849829,13.331634,0.838364,0.559730,12.486784,0.000000,146
8574,92135738181463,13.331414,0.897696,0.495942,12.427507,0.000000,146
8575,92135751512877,13.337503,3.538357,0.511701,9.789414,0.000000,146
8576,92135764850380,13.329972,0.821495,0.462988,12.503137,0.000000,146
8577,92135778180352,13.334961,1.041330,0.552567,12.286982,0.000000,146
8578,92135791515313,13.337358,1.004479,0.496356,12.324914,0.000000,146
8579,92135804852671,13.326639,1.259215,0.477417,12.060370,0.000000,146
8580,92135818179310,13.335895,1.051041,0.516616,12.276904,0.000000,146
8581,92135831515205,13.338416,0.989849,0.510058,12.341927,0.000000,146
8582,92135844853621,13.329311,0.858965,0.510670,12.462086,0.000000,146
8583,92135858182932,13.332072,3.326633,0.546956,9.997780,0.000000,146
8584,92135871515004,13.336729,1.118506,0.541443,12.211358,0.000000,146
8585,92135884851733,13.329524,1.049395,0.502903,12.272372,0.000000,146
8586,92135898181257,13.335852,1.145319,0.501107,12.183242,0.000000,146
8587,92135911517109,13.336012,1.425526,0.495777,11.902580,0.000000,146
8588,92135924853121,13.329672,0.943530,0.516677,12.366903,0.000000,146
8589,92135938182793,13.332674,0.982043,0.522928,12.344064,0.000000,146
8590,92135951515467,13.335847,0.889976,0.496393,12.437783,0.000000,146
8591,92135964851314,13.331369,3.267215,0.500988,10.056876,0.000000,146
8592,92135978182683,13.333810,1.026880,0.557663,12.298928,0.000000,146
8593,92135991516493,13.336158,1.091150,0.546873,12.236589,0.000000,146
8594,92136004852651,13.330947,0.901158,0.523795,12.421026,0.000000,146
8595,92136018183598,13.333228,1.306187,0.511306,12.017972,0.000000,146
8596,92136031516826,13.339702,1.095090,0.502829,12.235286,0.000000,146
8597,92136044856528,13.327217,0.923379,0.505689,12.395078,0.000000,146
8598,92136058183745,13.332826,1.038202,0.514244,12.287035,0.000000,146
8599,92136071516571,13.334381,3.975590,0.469997,9.351917,0.000000,146
8600,92136084850952,13.334428,0.941140,0.550104,12.386341,0.000000,146
8601,92136098185380,13.331752,1.195619,0.506383,12.127742,0.000000,146
8602,92136111517132,13.339365,1.401200,0.538535,11.928895,0.000000,146
8603,92136124856497,13.326651,1.333816,0.407627,11.985719,0.000000,146
8604,92136138183148,13.333334,1.047305,0.497118,12.277062,0.000000,146
8605,92136151516482,13.336344,1.033553,0.517826,12.295683,0.000000,146
8606,92136164852826,13.331667,1.012849,0.509676,12.311713,0.000000,146
8607,92136178184493,13.330955,3.983741,0.476007,9.339388,0.000000,146
8608,92136191515448,13.340552,1.040316,0.575734,12.292950,0.000000,146
8609,92136204856000,13.329156,1.123879,0.491448,12.197587,0.000000,146
8610,92136218185156,13.332031,1.114415,0.509652,12.209612,0.000000,146
8611,92136231517187,13.338162,1.416039,0.548263,11.914278,0.000000,146
8612,92136244855349,13.328160,1.060667,0.539575,12.259511,0.000000,146
8613,92136258183509,13.335244,1.193188,0.568464,12.133354,0.000000,146
8614,92136271518753,13.336139,1.078911,0.517374,12.249525,0.000000,146
8615,92136284854892,13.327102,4.016944,0.483988,9.303080,0.000000,146
8616,92136298181994,13.335159,1.138848,0.537349,12.189526,0.000000,146
8617,92136311517153,13.337900,1.174795,0.513478,12.155775,0.000000,146
8618,92136324855053,13.505863,1.109625,0.522026,12.388674,0.000000,146
8619,92136338360916,13.333309,1.367110,0.477638,11.958811,0.000000,146
8620,92136351694225,13.334648,1.082812,0.469132,12.244090,0.000000,146
8621,92136365028873,13.333682,0.966380,0.576500,12.359574,0.000000,146
8622,92136378362555,13.332707,1.118691,0.524676,12.207329,0.000000,146
8623,92136391695262,13.333477,4.123049,0.479236,9.202446,0.000000,146
8624,92136405028739,13.334762,0.932219,0.644456,12.395649,0.000000,146
8625,92136418363501,13.333071,1.135248,0.379691,12.189584,0.000000,146
8626,92136431696572,13.331154,1.028561,0.357622,12.295100,0.000000,146
8627,92136445027726,13.335952,1.253922,0.413623,12.075228,0.000000,146
8628,92136458363678,13.331790,1.192558,0.362330,12.130881,0.000000,146
8629,92136471695468,13.334864,1.044667,0.551395,12.281895,0.000000,146
8630,92136485030332,13.330436,1.026915,0.538678,12.295862,0.000000,146
8631,92136498360768,13.331874,3.815366,0.653216,9.510438,0.000000,146
8632,92136511692642,13.338772,0.924755,0.555853,12.407084,0.000000,146
8633,92136525031414,13.329361,1.029286,0.509865,12.291300,0.000000,146
8634,92136538360775,13.333787,1.050641,0.528083,12.276601,0.000000,146
8635,92136551694562,13.335765,1.412295,0.498959,11.916444,0.000000,146
8636,92136565030327,13.331370,1.114016,0.481894,12.209895,0.000000,146
8637,92136578361697,13.335861,1.051982,0.586734,12.276080,0.000000,146
8638,92136591697558,13.334916,1.090249,0.394801,12.236879,0.000000,146
8639,92136605032474,13.329335,4.059470,0.468789,9.262996,0.000000,146
8640,92136618361809,13.335281,1.067261,0.493508,12.262067,0.000000,146
8641,92136631697090,13.620589,0.989057,0.441593,12.623678,0.000000,146
8642,92136645317679,13.331126,1.015899,0.569824,12.307702,0.000000,146
8643,92136658648805,13.331860,1.389131,0.479797,11.934940,0.000000,146
8644,92136671980665,13.334568,1.037988,0.502295,12.290336,0.000000,146
8645,92136685315233,13.333402,0.908999,0.548822,12.417028,0.000000,146
8646,92136698648635,13.840951,1.217771,0.517694,12.616305,0.000000,146
8647,92136712489586,13.332127,3.831743,0.526993,9.494212,0.000000,146
8648,92136725821713,13.349255,1.117324,0.619155,12.225688,0.000000,146
8649,92136739170968,13.333802,1.073460,0.653242,12.253681,0.000000,146
8650,92136752504770,13.345170,1.069059,0.489157,12.268440,0.000000,147
8651,92136765849940,13.322000,1.339533,0.574219,11.972961,0.000000,147
8652,92136779171940,13.331816,1.094268,0.504912,12.230523,0.000000,147
8653,92136792503756,13.343130,0.908488,0.630190,12.422246,0.000000,147
8654,92136805846886,13.321916,0.865830,0.486651,12.450126,0.000000,147
8655,92136819168802,13.332647,3.199422,0.540249,10.128322,0.000000,147
8656,92136832501449,13.337172,0.875974,0.512561,12.456494,0.000000,147
8657,92136845838621,13.332095,0.891350,0.599198,12.429711,0.000000,147
8658,92136859170716,13.334111,1.226393,0.488657,12.101158,0.000000,147
8659,92136872504827,13.343220,1.316026,0.479837,12.013245,0.000000,147
8660,92136885848047,13.322541,0.807357,0.631086,12.508164,0.000000,147
8661,92136899170588,13.336126,0.935366,0.553925,12.394559,0.000000,147
8662,92136912506714,13.332665,1.066466,0.483891,12.258619,0.000000,147
8663,92136925839379,13.335852,3.709453,0.584885,9.615745,0.000000,147
8664,92136939175231,13.330581,1.039479,0.537756,12.283104,0.000000,147
8665,92136952505812,13.333222,1.013458,0.607413,12.313580,0.000000,147
8666,92136965839034,13.335245,1.009674,0.487527,12.315753,0.000000,147
8667,92136979174279,13.331699,1.324286,0.656916,12.000087,0.000000,147
8668,92136992505978,13.339786,1.133579,0.572094,12.194846,0.000000,147
8669,92137005845764,13.328557,1.081510,0.556092,12.240360,0.000000,147
8670,92137019174321,13.332375,1.085738,0.538690,12.238816,0.000000,147
8671,92137032506696,13.332033,3.740584,0.465551,9.584764,0.000000,147
8672,92137045838729,13.334441,0.911343,0.383480,12.413669,0.000000,147
8673,92137059173170,13.332707,1.134413,0.475202,12.191893,0.000000,147
8674,92137072505877,13.338310,1.029387,0.626098,12.300254,0.000000,147
8675,92137085844187,13.328848,1.353174,0.514306,11.968856,0.000000,147
8676,92137099173035,13.333576,1.215773,0.517461,12.110915,0.000000,147
8677,92137112506611,13.333395,1.093831,0.467339,12.232611,0.000000,147
8678,92137125840006,13.333047,0.907340,0.557815,12.415810,0.000000,147
8679,92137139173053,13.332779,3.939539,0.498369,9.386893,0.000000,147
8680,92137152505832,13.334100,1.320160,0.522673,12.007982,0.000000,147
8681,92137165839932,13.333839,1.152006,0.486257,12.171566,0.000000,147
8682,92137179173771,13.332987,1.120011,0.476908,12.206255,0.000000,147
8683,92137192506758,13.338901,1.427849,0.531787,11.900765,0.000000,147
8684,92137205845659,13.328969,1.125317,0.497893,12.196863,0.000000,147
8685,92137219174628,13.334582,1.156476,0.476017,12.171805,0.000000,147
8686,92137232509210,13.334244,1.084532,0.481484,12.239285,0.000000,147
8687,92137245843454,13.329251,3.570172,0.468252,9.753310,0.000000,147
8688,92137259172705,13.340278,0.986077,0.494132,12.346857,0.000000,147
8689,92137272512983,13.331975,1.137899,0.528269,12.183397,0.000000,147
8690,92137285844958,13.329813,0.956021,0.479781,12.367418,0.000000,147
8691,92137299174771,13.334731,1.406236,0.500144,11.922107,0.000000,147
8692,92137312509502,13.336215,1.133879,0.502095,12.191334,0.000000,147
8693,92137325845717,13.329997,1.017832,0.613436,12.306403,0.000000,147
8694,92137339175714,13.333141,1.134471,0.517416,12.191699,0.000000,147
8695,92137352508855,13.336448,3.830105,0.438673,9.495625,0.000000,147
8696,92137365845303,13.330841,0.989862,0.611516,12.334297,0.000000,147
8697,92137379176144,13.333613,1.110259,0.491415,12.215938,0.000000,147
8698,92137392509757,13.335150,1.257700,0.492471,12.068046,0.000000,147
8699,92137405844907,13.332994,1.282428,0.538305,12.042982,0.000000,147
8700,92137419177901,13.332817,1.226713,0.495838,12.097986,0.000000,147
8701,92137432510718,13.337542,1.053581,0.549539,12.276723,0.000000,147
8702,92137445848260,13.329587,1.059836,0.539821,12.262688,0.000000,147
8703,92137459177847,13.331721,3.718469,0.525156,9.606864,0.000000,147
8704,92137472509568,13.340292,1.020958,0.458399,12.312360,0.000000,147
8705,92137485849860,13.327313,0.953528,0.600467,12.366247,0.000000,147
8706,92137499177173,13.334588,1.023957,0.484153,12.302050,0.000000,147
8707,92137512511761,13.334749,1.304716,0.486477,12.017787,0.000000,147
8708,92137525846510,13.329133,0.874399,0.580789,12.447502,0.000000,147
8709,92137539175643,13.332628,1.396280,0.375124,11.930446,0.000000,147
8710,92137552508271,13.339817,0.946672,0.583655,12.380982,0.000000,147
8711,92137565848088,13.326690,3.843660,0.499589,9.476520,0.000000,147
8712,92137579174778,13.336554,0.910256,0.527007,12.419908,0.000000,147
8713,92137592511332,13.336458,1.099588,0.482790,12.229473,0.000000,147
8714,92137605847790,13.330222,1.011238,0.379512,12.311128,0.000000,147
8715,92137619178012,13.334881,1.367927,0.509346,11.958950,0.000000,147
8716,92137632512893,13.335004,1.088173,0.551224,12.239509,0.000000,147
8717,92137645847897,13.330701,1.012693,0.417370,12.310448,0.000000,147
8718,92137659178598,13.332495,1.159675,0.350182,12.165051,0.000000,147
8719,92137672511093,13.337916,3.943944,0.651386,9.386992,0.000000,147
8720,92137685849009,13.333034,0.981786,0.484811,12.342233,0.000000,147
8721,92137699182043,13.329858,1.108543,0.575226,12.213831,0.000000,147
8722,92137712511901,13.338538,1.042418,0.526597,12.288701,0.000000,147
8723,92137725850439,13.328176,1.167963,0.509648,12.151835,0.000000,147
8724,92137739178615,13.336588,1.088581,0.498567,12.239290,0.000000,147
8725,92137752515203,13.335073,1.021553,0.529789,12.306028,0.000000,147
8726,92137765850276,13.330253,0.923229,0.529662,12.398913,0.000000,147
8727,92137779180529,13.332906,3.762921,0.502720,9.562200,0.000000,147
8728,92137792513435,13.337818,1.093425,0.511023,12.236563,0.000000,147
8729,92137805851253,13.331222,0.909735,0.563400,12.413343,0.000000,147
8730,92137819182475,13.330781,1.124248,0.572131,12.198634,0.000000,147
8731,92137832513256,13.338596,1.428069,0.574689,11.902887,0.000000,147
8732,92137845851852,13.327746,1.072788,0.385854,12.247065,0.000000,147
8733,92137859179598,13.333631,1.093362,0.319799,12.232832,0.000000,147
8734,92137872513229,13.337854,1.070207,0.558935,12.260420,0.000000,147
8735,92137885851083,13.326298,3.792385,0.467619,9.527424,0.000000,147
8736,92137899177381,13.336393,0.910064,0.505227,12.420024,0.000000,147
8737,92137912513774,13.343659,1.051447,0.462197,12.281346,0.000000,147
8738,92137925857433,13.327520,1.093721,0.483947,12.224218,0.000000,147
8739,92137939184953,13.331941,1.335509,0.435124,11.989831,0.000000,147
8740,92137952516894,13.333278,0.999191,0.516478,12.327258,0.000000,147
8741,92137965850172,13.333529,0.896266,0.460793,12.430724,0.000000,147
8742,92137979183701,13.335272,1.042605,0.375535,12.285010,0.000000,147
8743,92137992518973,13.332025,3.455620,0.464957,9.868607,0.000000,147
8744,92138005850998,13.334024,0.872552,0.495256,12.454299,0.000000,147
8745,92138019185022,13.333358,1.063913,0.484147,12.262069,0.000000,147
8746,92138032518380,13.333147,1.033706,0.503755,12.292371,0.000000,147
8747,92138045851527,13.333586,1.190776,0.748840,12.135183,0.000000,147
8748,92138059185113,13.333851,1.015565,0.530195,12.310416,0.000000,147
8749,92138072518964,13.333573,1.048144,0.529546,12.278221,0.000000,147
8750,92138085852537,13.332309,0.956233,0.484616,12.368349,0.000000,147
8751,92138099184846,13.333316,4.200872,0.461126,9.125766,0.000000,147
8752,92138112518162,13.345023,0.995048,0.488903,12.344305,0.000000,147
8753,92138125863185,13.324385,0.966760,0.603108,12.351043,0.000000,147
8754,92138139187570,13.330306,1.285512,0.628573,12.037801,0.000000,147
8755,92138152517876,13.333234,1.260585,0.549582,12.065911,0.000000,147
8756,92138165851110,13.335093,0.909071,0.504799,12.419427,0.000000,147
8757,92138179186203,13.331061,0.993555,0.496899,12.331639,0.000000,147
8758,92138192517264,13.334186,0.850240,0.584189,12.478634,0.000000,147
8759,92138205851450,13.332041,3.303076,0.481199,10.024076,0.000000,147
8760,92138219183491,13.333084,0.777625,0.449911,12.550695,0.000000,147
8761,92138232516575,13.336514,0.807963,0.500929,12.522220,0.000000,147
8762,92138245853089,13.330183,0.762027,0.526489,12.561967,0.000000,147
8763,92138259183272,13.334679,1.003415,0.537224,12.326017,0.000000,147
8764,92138272517951,13.331563,0.826460,0.514156,12.499878,0.000000,147
8765,92138285849514,13.335745,0.719499,0.538772,12.611278,0.000000,147
8766,92138299185259,13.334215,0.998820,0.531533,12.328134,0.000000,147
8767,92138312519474,13.332690,3.963765,0.523821,9.362101,0.000000,147
8768,92138325852164,13.336309,0.905875,0.486238,12.423776,0.000000,147
8769,92138339188473,13.333306,1.128113,0.528799,12.196651,0.000000,147
8770,92138352521779,13.334309,1.081570,0.547098,12.244861,0.000000,147
8771,92138365856088,13.331297,1.326669,0.483275,11.996560,0.000000,147
8772,92138379187385,13.331484,1.063538,0.534606,12.260858,0.000000,147
8773,92138392518869,13.336246,0.994448,0.510440,12.335283,0.000000,147
8774,92138405855115,13.330893,0.977790,0.554562,12.345887,0.000000,147
8775,92138419186008,13.335569,3.907013,0.482461,9.421143,0.000000,147
8776,92138432521577,13.331708,1.169262,0.473598,12.156185,0.000000,147
8777,92138445853285,13.334916,1.066198,0.466388,12.261883,0.000000,147
8778,92138459188201,13.332147,1.583931,0.510255,11.741474,0.000000,147
8779,92138472520348,13.335287,1.296371,0.482329,12.031254,0.000000,147
8780,92138485855635,13.331877,0.944357,0.366259,12.380560,0.000000,147
8781,92138499187512,13.331897,1.035316,0.407636,12.290439,0.000000,147
8782,92138512519409,13.335216,0.996234,0.427235,12.332292,0.000000,147
8783,92138525854625,13.333164,3.687169,0.344483,9.638298,0.000000,147
8784,92138539187789,13.333529,0.984475,0.485048,12.342709,0.000000,148
8785,92138552521318,13.332667,1.353376,0.567933,11.972853,0.000000,148
8786,92138565853985,13.333867,0.827574,0.454613,12.500640,0.000000,148
8787,92138579187852,13.332424,2.156459,0.431073,11.170881,0.000000,148
8788,92138592520276,13.335300,0.871126,0.370051,12.458662,0.000000,148
8789,92138605855576,13.335430,0.916101,0.482745,12.411284,0.000000,148
8790,92138619191006,13.334563,1.086703,0.400232,12.236927,0.000000,148
8791,92138632525569,13.329591,3.643895,0.497162,9.676863,0.000000,148
8792,92138645855160,13.334169,0.863107,0.465009,12.463443,0.000000,148
8793,92138659189329,13.332418,1.144129,0.459299,12.182002,0.000000,148
8794,92138672521747,13.341794,1.031881,0.345126,12.300761,0.000000,148
8795,92138685863541,13.323883,1.423214,0.414176,11.891581,0.000000,148
8796,92138699187424,13.334025,1.013099,0.561737,12.315564,0.000000,148
8797,92138712521449,13.335594,1.167369,0.441647,12.161977,0.000000,148
8798,92138725857043,13.335160,1.083452,0.647210,12.245253,0.000000,148
8799,92138739192203,13.328797,3.772791,0.611042,9.548577,0.000000,148
8800,92138752521000,13.339900,1.296029,0.573019,12.036612,0.000000,148
8801,92138765860900,13.331329,1.168734,0.455262,12.154131,0.000000,148
8802,92138779192229,13.331361,1.384685,0.751855,11.939175,0.000000,148
8803,92138792523590,13.331652,1.449379,0.497698,11.875535,0.000000,148
8804,92138805855242,13.337032,1.038447,0.476110,12.290487,0.000000,148
8805,92138819192274,13.330973,1.141779,0.579265,12.181408,0.000000,148
8806,92138832523247,13.341267,1.051671,1.493078,12.280336,0.000000,148
8807,92138845864514,13.329156,3.921226,1.044235,9.396536,0.000000,148
8808,92138859193670,13.329441,1.104274,0.382919,12.217578,0.000000,148
8809,92138872523111,13.335578,1.015310,0.427968,12.313365,0.000000,148
8810,92138885858689,13.335585,1.002357,0.438114,12.322964,0.000000,148
8811,92138899194274,13.328491,1.376371,0.774156,11.944261,0.000000,148
8812,92138912522765,13.447725,2.230164,0.591178,11.203643,0.000000,148
8813,92138925970490,13.323819,1.518084,0.376892,11.775283,0.000000,148
8814,92138939294309,13.319591,1.040266,0.624139,12.272531,0.000000,148
8815,92138952613900,13.335721,3.876045,0.489327,9.451559,0.000000,148
8816,92138965949621,13.332853,0.881167,0.510391,12.444387,0.000000,148
8817,92138979282474,13.331780,1.108866,0.550304,12.215696,0.000000,148
8818,92138992614254,13.342942,1.114541,0.489557,12.215352,0.000000,148
8819,92139005957196,13.324826,1.424623,0.559247,11.891375,0.000000,148
8820,92139019282022,13.331288,1.231135,0.509800,12.092648,0.000000,148
8821,92139032613310,13.337896,1.025634,0.585651,12.305054,0.000000,148
8822,92139045951206,13.332651,1.210925,0.471838,12.113062,0.000000,148
8823,92139059283857,13.332762,3.589123,0.562720,9.735947,0.000000,148
8824,92139072616619,13.332510,1.167903,0.574746,12.158158,0.000000,148
8825,92139085949129,13.334376,1.019699,0.544111,12.307649,0.000000,148
8826,92139099283505,13.332975,1.189427,0.858205,12.136021,0.000000,148
8827,92139112616480,13.332751,1.336225,0.504957,11.989626,0.000000,148
8828,92139125949231,13.334296,0.967073,0.642384,12.360855,0.000000,148
8829,92139139283527,13.332353,1.056623,0.573663,12.269640,0.000000,148
8830,92139152615880,13.334622,1.035026,0.563869,12.294107,0.000000,148
8831,92139165950502,13.331173,3.794170,0.446970,9.529977,0.000000,148
8832,92139179281675,13.339090,0.955454,0.551823,12.376261,0.000000,148
8833,92139192620765,13.331894,1.144200,0.547635,12.179046,0.000000,148
8834,92139205952659,13.331183,0.988740,0.579911,12.334227,0.000000,148
8835,92139219283842,13.338923,1.314555,0.407974,12.016718,0.000000,148
8836,92139232622765,13.336829,1.075531,0.641844,12.248024,0.000000,148
8837,92139245959594,13.329096,0.962544,0.565852,12.357685,0.000000,148
8838,92139259288690,13.332162,1.379991,0.553378,11.939706,0.000000,148
8839,92139272620852,13.330778,3.926771,0.454027,9.394573,0.000000,148
8840,92139285951630,13.331898,0.942780,0.500818,12.381699,0.000000,148
8841,92139299283528,13.335788,0.989649,0.639345,12.338806,0.000000,148
8842,92139312619316,13.331991,1.215882,0.519772,12.108916,0.000000,148
8843,92139325951307,13.334723,1.321408,0.534946,12.005580,0.000000,148
8844,92139339286030,13.334941,1.196415,0.582487,12.131235,0.000000,148
8845,92139352620971,13.333483,1.319096,0.564332,12.005143,0.000000,148
8846,92139365954454,13.330742,1.186922,0.490049,12.135311,0.000000,148
8847,92139379285196,13.329508,3.910406,0.439660,9.413344,0.000000,148
8848,92139392614704,13.337341,0.947784,0.612743,12.383885,0.000000,148
8849,92139405952045,13.334178,1.032096,0.614839,12.294495,0.000000,148
8850,92139419286223,13.332033,1.011939,0.377479,12.313438,0.000000,148
8851,92139432618256,13.333516,1.782401,0.358589,11.544355,0.000000,148
8852,92139445951772,13.333088,0.879252,0.530277,12.448239,0.000000,148
8853,92139459284860,13.334479,1.077409,0.391568,12.250218,0.000000,148
8854,92139472619339,13.339345,1.139045,0.436327,12.190808,0.000000,148
8855,92139485958684,13.323417,3.639768,0.415158,9.675108,0.000000,148
8856,92139499282101,13.336803,0.826112,0.565594,12.504910,0.000000,148
8857,92139512618904,13.341761,1.158530,0.552560,12.173600,0.000000,148
8858,92139525960665,13.329217,0.961181,0.599582,12.358984,0.000000,148
8859,92139539289882,13.336398,1.482008,0.553542,11.845758,0.000000,148
8860,92139552626280,13.331732,1.183259,0.507452,12.136575,0.000000,148
8861,92139565958012,13.326691,1.020768,0.492429,12.298412,0.000000,148
8862,92139579284703,13.333983,1.121395,0.595640,12.205648,0.000000,148
8863,92139592618686,13.339878,3.412029,0.467827,9.917504,0.000000,148
8864,92139605958564,13.329728,0.839592,0.515337,12.482621,0.000000,148
8865,92139619288292,13.332474,1.431200,0.562656,11.894125,0.000000,148
8866,92139632620766,13.333779,0.974424,0.485247,12.352577,0.000000,148
8867,92139645954545,13.331693,1.484170,0.481138,11.840195,0.000000,148
8868,92139659286238,13.332809,1.110481,0.497454,12.216915,0.000000,148
8869,92139672619047,13.335138,0.881138,0.575092,12.448733,0.000000,148
8870,92139685954185,13.332444,1.005819,0.549082,12.320743,0.000000,148
8871,92139699286629,13.331765,3.373120,0.578362,9.952353,0.000000,148
8872,92139712618394,13.336668,0.907324,0.492930,12.423308,0.000000,148
8873,92139725955062,13.333667,0.916937,0.426988,12.408717,0.000000,148
8874,92139739288729,13.335559,1.115538,0.538524,12.212373,0.000000,148
8875,92139752624288,13.337875,1.375085,0.519015,11.950927,0.000000,148
8876,92139765962163,13.326484,1.009697,0.485343,12.305514,0.000000,148
8877,92139779288647,13.334046,1.060810,0.536292,12.264755,0.000000,148
8878,92139792622693,13.331701,1.288202,0.664448,12.036514,0.000000,148
8879,92139805954394,13.332492,3.673645,0.501421,9.650895,0.000000,148
8880,92139819286886,13.335020,1.076047,0.389603,12.253126,0.000000,148
8881,92139832621906,13.334714,1.078078,0.509139,12.248465,0.000000,148
8882,92139845956620,13.331714,1.104329,0.491122,12.218845,0.000000,148
8883,92139859288334,13.333237,1.462193,0.456574,11.863046,0.000000,148
8884,92139872621571,13.332366,1.073730,0.473546,12.252168,0.000000,148
8885,92139885953937,13.904049,0.919930,0.433214,12.977765,0.000000,148
8886,92139899857986,13.332911,1.162118,0.511048,12.164025,0.000000,148
8887,92139913190897,13.329758,3.457671,0.433958,9.866963,0.000000,148
8888,92139926520655,13.337399,0.750488,0.502335,12.582018,0.000000,148
8889,92139939858054,13.331344,0.862039,0.511076,12.463840,0.000000,148
8890,92139953189398,13.335620,0.835912,0.494322,12.494071,0.000000,148
8891,92139966525018,13.338570,1.063541,0.576102,12.269262,0.000000,148
8892,92139979863588,13.332934,0.937686,0.459897,12.389682,0.000000,148
8893,92139993196522,13.332490,1.002041,0.829918,12.324236,0.000000,148
8894,92140006529012,13.334875,1.032864,0.583693,12.295546,0.000000,148
8895,92140019863887,13.330081,3.480396,0.523575,9.843904,0.000000,148
8896,92140033193968,13.334492,0.865722,0.509753,12.463211,0.000000,148
8897,92140046528460,13.332754,0.736026,0.551847,12.590537,0.000000,148
8898,92140059861214,13.335392,0.908929,0.532956,12.421321,0.000000,148
8899,92140073196606,13.331635,1.257413,0.544654,12.069141,0.000000,148
8900,92140086528241,13.336262,0.884857,0.404972,12.445473,0.000000,148
8901,92140099864503,13.332393,1.045711,0.356175,12.280494,0.000000,148
8902,92140113196896,13.332672,1.036840,0.461554,12.288935,0.000000,148
8903,92140126529568,13.332198,3.428278,0.464520,9.898797,0.000000,148
8904,92140139861766,13.333077,1.001051,0.400379,12.327398,0.000000,148
8905,92140153194843,13.334204,1.051440,0.445940,12.276593,0.000000,148
8906,92140166529047,13.335244,1.012645,0.512318,12.317030,0.000000,148
8907,92140179864291,13.331206,1.149815,0.562962,12.176183,0.000000,148
8908,92140193195497,13.335607,1.114674,0.503030,12.214712,0.000000,148
8909,92140206531104,13.333839,1.031625,0.520032,12.294628,0.000000,148
8910,92140219864943,13.331221,1.033572,0.650499,12.289891,0.000000,148
8911,92140233196164,13.331832,3.800455,0.449450,9.526166,0.000000,148
8912,92140246527996,13.335668,0.802516,0.530617,12.527830,0.000000,148
8913,92140259863664,13.332241,0.871776,0.483175,12.454981,0.000000,148
8914,92140273195905,13.332906,0.835892,0.475939,12.490880,0.000000,148
8915,92140286528811,13.337664,1.053232,0.540148,12.279492,0.000000,148
8916,92140299866475,13.330032,0.874742,0.511657,12.450098,0.000000,149
8917,92140313196507,13.335218,1.036003,0.500395,12.293230,0.000000,149
8918,92140326531725,13.337297,0.904584,0.618589,12.424573,0.000000,149
8919,92140339869022,13.356569,3.523526,0.753146,9.819685,0.000000,149
8920,92140353225591,13.453775,2.143875,0.746286,11.279973,0.000000,149
8921,92140366679366,13.305960,1.999656,0.636226,11.280490,0.000000,149
8922,92140379985326,13.335677,1.108064,0.396070,12.220092,0.000000,149
8923,92140393321003,13.334197,1.563196,0.558110,11.762907,0.000000,149
8924,92140406655200,13.330732,1.102881,0.389298,12.219560,0.000000,149
8925,92140419985932,13.331091,1.294869,0.331404,12.029157,0.000000,149
8926,92140433317023,13.334661,1.138720,0.371028,12.190014,0.000000,149
8927,92140446651684,13.328614,5.592880,0.496723,7.729970,0.000000,149
8928,92140459980298,13.338728,0.779394,0.527307,12.553637,0.000000,149
8929,92140473319026,13.332313,0.995491,0.479120,12.330434,0.000000,149
8930,92140486651339,13.333099,0.931806,0.531641,12.394977,0.000000,149
8931,92140499984438,13.334773,1.482420,0.542815,11.844862,0.000000,149
8932,92140513319211,13.331486,1.175738,0.587586,12.148685,0.000000,149
8933,92140526650697,13.343973,1.018923,0.486273,12.312297,0.000000,149
8934,92140539994670,13.322626,1.206874,0.390616,12.106945,0.000000,149
8935,92140553317296,13.330656,4.156849,0.465770,9.168486,0.000000,149
8936,92140566647952,13.338732,0.720100,0.503439,12.613008,0.000000,149
8937,92140579986684,13.334208,1.208751,0.525918,12.117665,0.000000,149
8938,92140593320892,13.331970,1.180458,0.536886,12.143624,0.000000,149
8939,92140606652862,13.333645,1.357698,0.667575,11.967599,0.000000,149
8940,92140619986507,13.333181,1.117748,0.554586,12.208324,0.000000,149
8941,92140633319688,13.330341,1.017418,0.475107,12.305753,0.000000,149
8942,92140646650029,13.339127,0.870950,0.532123,12.461402,0.000000,149
8943,92140659989156,13.331188,3.854993,0.467818,9.469668,0.000000,149
8944,92140673320344,13.335883,0.951207,0.350420,12.378060,0.000000,149
8945,92140686656227,13.333002,0.955574,0.455868,12.370127,0.000000,149
8946,92140699989229,13.333325,0.957030,0.522402,12.369979,0.000000,149
8947,92140713322554,13.333596,1.256728,0.487227,12.070153,0.000000,149
8948,92140726656150,13.334287,0.928109,0.547817,12.398575,0.000000,149
8949,92140739990437,13.332865,1.175293,0.520168,12.150871,0.000000,149
8950,92140753323302,13.331891,0.913172,0.557370,12.412608,0.000000,149
8951,92140766655193,13.331234,3.561267,0.481266,9.765440,0.000000,149
8952,92140779986427,13.333680,0.652050,0.354225,12.677367,0.000000,149
8953,92140793320107,13.334413,0.753358,0.472385,12.575958,0.000000,149
8954,92140806654520,13.334497,0.821665,0.588362,12.506850,0.000000,149
8955,92140819989017,13.334439,1.311589,0.526000,12.016776,0.000000,149
8956,92140833323456,13.333375,0.927521,0.505570,12.400594,0.000000,149
8957,92140846656831,13.331239,0.983218,0.461219,12.341523,0.000000,149
8958,92140859988070,13.333401,0.799669,0.500164,12.528609,0.000000,149
8959,92140873321471,13.331313,3.540033,0.391716,9.786551,0.000000,149
8960,92140886652784,13.337858,0.639235,0.516413,12.692997,0.000000,149
8961,92140899990642,13.332167,0.948406,0.474041,12.377560,0.000000,149
8962,92140913322809,13.332997,1.012296,0.514094,12.314993,0.000000,149
8963,92140926655806,13.336382,1.195082,0.622130,12.134960,0.000000,149
8964,92140939992188,13.331304,0.995027,0.598673,12.329849,0.000000,149
8965,92140953323492,13.332734,1.180212,0.354700,12.146471,0.000000,149
8966,92140966656226,13.336060,0.811260,0.576744,12.518154,0.000000,149
8967,92140979992286,13.329389,4.132020,0.457672,9.190901,0.000000,149
8968,92140993321675,13.336350,0.938704,0.466017,12.391849,0.000000,149
8969,92141006658025,13.334080,0.858911,0.511013,12.468116,0.000000,149
8970,92141019992105,13.332065,1.174797,0.550512,12.151058,0.000000,149
8971,92141033324170,13.334089,1.465395,0.533006,11.861290,0.000000,149
8972,92141046658259,13.333916,0.886553,0.524750,12.441391,0.000000,149
8973,92141059992175,13.333190,1.017803,0.609416,12.307964,0.000000,149
8974,92141073325365,13.330371,1.486020,0.594470,11.837992,0.000000,149
8975,92141086655736,13.333900,3.926702,0.494097,9.401841,0.000000,149
8976,92141099989636,13.336620,0.988170,0.566080,12.342174,0.000000,149
8977,92141113326256,13.332159,1.021076,0.529111,12.304681,0.000000,149
8978,92141126658415,13.334371,0.981334,0.492925,12.347293,0.000000,149
8979,92141139992786,13.332701,1.193978,0.521832,12.132426,0.000000,149
8980,92141153325487,13.333478,1.141536,0.482875,12.186487,0.000000,149
8981,92141166658965,13.331879,1.095197,0.615096,12.230131,0.000000,149
8982,92141179990844,13.331215,1.181175,0.663371,12.145223,0.000000,149
8983,92141193322059,13.333552,3.942464,0.489167,9.386461,0.000000,149
8984,92141206655611,13.336612,0.942488,0.538600,12.389398,0.000000,149
8985,92141219992223,13.331502,1.332124,0.495227,11.993999,0.000000,149
8986,92141233323725,13.334983,1.007480,0.502313,12.322256,0.000000,149
8987,92141246658708,13.332877,1.167368,0.503797,12.159964,0.000000,149
8988,92141259991585,13.332384,0.826978,0.494223,12.500351,0.000000,149
8989,92141273323969,13.335892,0.867980,0.490496,12.462222,0.000000,149
8990,92141286659861,13.332170,0.835573,0.546326,12.490990,0.000000,149
8991,92141299992031,13.333374,3.824915,0.403238,9.501808,0.000000,149
8992,92141313325405,13.333917,1.039489,0.501680,12.289136,0.000000,149
8993,92141326659322,13.332320,0.830762,0.519108,12.495691,0.000000,149
8994,92141339991642,13.334700,0.930958,0.491447,12.398983,0.000000,149
8995,92141353326342,13.334424,1.226957,0.556241,12.101330,0.000000,149
8996,92141366660766,13.333080,0.880799,0.347767,12.445502,0.000000,149
8997,92141379993846,13.331499,0.963086,0.351779,12.361976,0.000000,149
8998,92141393325345,13.338614,0.984988,0.381368,12.347914,0.000000,149
8999,92141406663959,13.332692,3.627191,0.426488,9.698853,0.000000,149
9000,92141419996651,13.333187,0.923693,0.515087,12.403332,0.000000,149
9001,92141433329838,13.333688,0.982580,0.501180,12.345058,0.000000,149
9002,92141446663526,13.333617,0.896438,0.524772,12.432088,0.000000,149
9003,92141459997143,13.333522,1.179950,0.550687,12.147954,0.000000,149
9004,92141473330665,13.334129,0.928959,0.490635,12.399379,0.000000,149
9005,92141486664794,13.332674,0.844008,0.456756,12.483231,0.000000,149
9006,92141499997468,13.334217,0.902691,0.525208,12.425827,0.000000,149
9007,92141513331685,13.331775,3.548397,0.502497,9.778209,0.000000,149
9008,92141526663460,13.335420,0.862778,0.422449,12.467105,0.000000,149
9009,92141539998880,13.332405,0.994474,0.489434,12.330264,0.000000,149
9010,92141553331285,13.333794,0.887590,0.459354,12.440728,0.000000,149
9011,92141566665079,13.332543,1.499036,0.439926,11.828313,0.000000,149
9012,92141579997622,13.333886,0.853129,0.476892,12.475059,0.000000,149
9013,92141593331508,13.334114,0.824461,0.375981,12.503963,0.000000,149
9014,92141606665622,13.333792,0.858164,0.615800,12.468717,0.000000,149
9015,92141619999414,13.329323,3.665696,2.018191,9.657836,0.000000,149
9016,92141633328737,13.336544,0.875701,0.459095,12.455086,0.000000,149
9017,92141646665281,13.334647,1.489564,0.416360,11.838833,0.000000,149
9018,92141659999928,13.331340,1.000153,0.392284,12.325103,0.000000,149
9019,92141673331268,13.334185,1.323223,0.325280,12.004388,0.000000,149
9020,92141686665453,13.332904,0.923100,0.483912,12.403702,0.000000,149
9021,92141699998357,13.332668,0.958722,0.552490,12.367824,0.000000,149
9022,92141713331025,13.335312,1.668332,0.561767,11.660757,0.000000,149
9023,92141726666337,13.329871,3.449118,0.477679,9.875446,0.000000,149
9024,92141739996208,13.334639,0.795010,0.445673,12.534767,0.000000,149
9025,92141753330847,13.333360,0.787532,0.447422,12.540614,0.000000,149
9026,92141766664207,13.332705,0.688082,0.493595,12.639552,0.000000,149
9027,92141779996912,13.332361,1.004439,0.488265,12.323085,0.000000,149
9028,92141793329273,13.335477,0.784162,0.474617,12.545340,0.000000,149
9029,92141806664750,13.333855,0.744539,0.508061,12.584140,0.000000,149
9030,92141819998605,13.332558,1.411073,0.573235,11.915913,0.000000,149
9031,92141833331163,13.332423,3.849092,0.449154,9.478230,0.000000,149
9032,92141846663586,13.336933,0.756236,0.434886,12.575541,0.000000,149
9033,92141860000519,13.331602,0.910550,0.329155,12.415558,0.000000,149
9034,92141873332121,13.333812,0.850355,1.336967,12.477866,0.000000,149
9035,92141886665933,13.333217,0.983264,0.471944,12.343692,0.000000,149
9036,92141899999150,13.331824,0.825364,0.458582,12.502142,0.000000,149
9037,92141913330974,13.334134,0.783829,0.458226,12.545263,0.000000,149
9038,92141926665108,13.335737,0.805390,0.567194,12.524941,0.000000,149
9039,92141940000845,13.329598,3.621174,0.411368,9.702283,0.000000,149
9040,92141953330443,13.335877,0.790497,0.484104,12.540353,0.000000,149
9041,92141966666320,13.332356,0.774788,0.462761,12.552399,0.000000,149
9042,92141979998676,13.332966,0.946239,0.507190,12.380901,0.000000,149
9043,92141993331642,13.333664,1.223625,0.429756,12.104925,0.000000,149
9044,92142006665306,13.336392,0.812439,0.447871,12.518563,0.000000,149
9045,92142020001698,13.332517,0.926957,0.495312,12.399452,0.000000,149
9046,92142033334215,13.332583,0.965871,0.538539,12.360781,0.000000,149
9047,92142046666798,13.333345,3.513857,0.451296,9.812955,0.000000,149
9048,92142060000143,13.333473,1.025954,0.457978,12.301107,0.000000,150
9049,92142073333616,13.333912,0.944621,0.469616,12.383042,0.000000,150
9050,92142086667528,13.334380,0.755774,0.532315,12.572759,0.000000,150
9051,92142100001908,13.331321,2.917558,0.439404,10.407202,0.000000,150
9052,92142113333229,13.334199,0.918698,0.472535,12.409895,0.000000,150
9053,92142126667428,13.334682,0.883854,0.484777,12.443152,0.000000,150
9054,92142140002110,13.333407,0.957227,0.597508,12.369290,0.000000,150
9055,92142153335517,13.330926,3.644008,0.504997,9.679836,0.000000,150
9056,92142166666443,13.333364,0.755871,0.455924,12.572552,0.000000,150
9057,92142179999807,13.336536,0.879012,0.456381,12.451645,0.000000,150
9058,92142193336343,13.335241,0.949198,0.488281,12.378156,0.000000,150
9059,92142206671584,13.331507,1.195165,0.506240,12.128293,0.000000,150
9060,92142220003091,13.332399,2.424964,0.492751,10.900408,0.000000,150
9061,92142233335490,13.331608,0.989034,0.450786,12.336186,0.000000,150
9062,92142246667098,13.334974,0.809326,0.669057,12.519943,0.000000,150
9063,92142260002072,13.331288,3.466611,0.386764,9.859425,0.000000,150
9064,92142273333360,13.334670,0.781900,0.436142,12.548150,0.000000,150
9065,92142286668030,13.334158,0.762880,0.469167,12.565550,0.000000,150
9066,92142300002188,13.333410,0.905710,0.365576,12.421787,0.000000,150
9067,92142313335598,13.333993,1.166145,0.332421,12.160794,0.000000,150
9068,92142326669591,13.332010,0.795952,0.332173,12.529807,0.000000,150
9069,92142340001601,13.334991,0.902760,0.360390,12.426757,0.000000,150
9070,92142353336592,13.331998,0.946444,0.606588,12.379243,0.000000,150
9071,92142366668590,13.332581,3.980204,0.362058,9.346119,0.000000,150
9072,92142380001171,13.335172,0.821113,0.336195,12.508325,0.000000,150
9073,92142393336343,13.330411,0.849121,0.556646,12.476067,0.000000,150
9074,92142406666754,13.334128,0.721358,0.473134,12.607525,0.000000,150
9075,92142420000882,13.334577,1.022290,0.345291,12.307459,0.000000,150
9076,92142433335459,13.334007,0.933973,0.398415,12.393470,0.000000,150
9077,92142446669466,13.336892,0.841672,0.476742,12.487985,0.000000,150
9078,92142460006358,13.329884,0.864540,0.622629,12.458649,0.000000,150
9079,92142473336242,13.331624,3.432230,0.453746,9.894248,0.000000,150
9080,92142486667866,13.335518,0.783538,0.454917,12.547304,0.000000,150
9081,92142500003384,13.334594,0.911857,0.478014,12.415693,0.000000,150
9082,92142513337978,13.333864,0.947583,0.470375,12.379363,0.000000,150
9083,92142526671842,13.330367,1.028648,0.499343,12.294509,0.000000,150
9084,92142540002209,13.331859,0.803674,0.475469,12.523695,0.000000,150
9085,92142553334068,13.337207,0.909520,0.466056,12.422571,0.000000,150
9086,92142566671275,13.331896,0.814259,0.665975,12.511632,0.000000,150
9087,92142580003171,13.333337,3.534448,0.434223,9.793676,0.000000,150
9088,92142593336508,13.335618,0.869149,0.442883,12.459887,0.000000,150
9089,92142606672126,13.332710,0.869462,0.366048,12.456061,0.000000,150
9090,92142620004836,13.334441,0.983243,0.615828,12.342689,0.000000,150
9091,92142633339277,13.335815,1.229999,0.571585,12.097251,0.000000,150
9092,92142646675092,13.330936,0.962733,0.365671,12.357128,0.000000,150
9093,92142660006028,13.332785,0.966122,0.475641,12.359959,0.000000,150
9094,92142673338813,13.334267,0.958077,0.672792,12.369217,0.000000,150
9095,92142686673080,13.333800,3.441941,0.471486,9.884596,0.000000,150
9096,92142700006880,13.332366,0.984761,0.462143,12.340520,0.000000,150
9097,92142713339246,13.333962,0.985681,0.473005,12.340234,0.000000,150
9098,92142726673208,13.332376,0.868700,0.343263,12.456194,0.000000,150
9099,92142740005584,13.332997,1.054814,0.330512,12.272853,0.000000,150
9100,92142753338581,13.333126,0.850873,0.355026,12.476514,0.000000,150
9101,92142766671707,13.335369,0.850952,0.484826,12.478207,0.000000,150
9102,92142780007076,13.331915,0.981647,0.555204,12.342500,0.000000,150
9103,92142793338991,13.332889,3.575230,0.510298,9.750615,0.000000,150
9104,92142806671880,13.333300,0.762188,0.478966,12.565541,0.000000,150
9105,92142820005180,13.333266,0.836580,0.475323,12.489966,0.000000,150
9106,92142833338446,13.333711,0.867117,0.493559,12.461112,0.000000,150
9107,92142846672157,13.334637,0.936198,0.480274,12.392514,0.000000,150
9108,92142860006794,13.330717,1.270284,0.476287,12.054724,0.000000,150
9109,92142873337511,13.332771,0.834193,0.490804,12.493395,0.000000,150
9110,92142886670282,13.336048,0.740212,0.518430,12.589724,0.000000,150
9111,92142900006330,13.332345,3.343456,0.459849,9.982624,0.000000,150
9112,92142913338675,13.334606,0.972452,0.491838,12.355372,0.000000,150
9113,92142926673281,13.334393,0.918408,0.493607,12.409169,0.000000,150
9114,92142940007674,13.332625,0.976125,0.472392,12.349241,0.000000,150
9115,92142953340299,13.332765,1.210832,0.502355,12.115130,0.000000,150
9116,92142966673064,13.335366,0.901148,0.512347,12.427919,0.000000,150
9117,92142980008430,13.332839,1.011542,0.491544,12.312949,0.000000,150
9118,92142993341269,13.333288,0.983458,0.487528,12.342776,0.000000,150
9119,92143006674557,13.332579,3.471192,0.438293,9.854412,0.000000,150
9120,92143020007136,13.333795,0.960812,0.378780,12.365721,0.000000,150
9121,92143033340931,13.330770,0.977134,0.356291,12.346849,0.000000,150
9122,92143046671701,13.338038,0.821978,0.350790,12.509735,0.000000,150
9123,92143060009739,13.331142,1.167690,0.464721,12.156652,0.000000,150
9124,92143073340881,13.332861,0.988601,0.482861,12.337063,0.000000,150
9125,92143086673742,13.333435,0.940608,0.487339,12.386001,0.000000,150
9126,92143100007177,13.331841,0.878940,0.617081,12.446870,0.000000,150
9127,92143113339018,13.335014,3.304632,0.470157,10.024739,0.000000,150
9128,92143126674032,13.333405,0.812299,0.467276,12.515288,0.000000,150
9129,92143140007437,13.334194,0.850067,0.468310,12.478011,0.000000,150
9130,92143153341631,13.333663,0.944828,0.484570,12.382654,0.000000,150
9131,92143166675294,13.333637,1.167387,0.472568,12.158466,0.000000,150
9132,92143180008931,13.332221,0.977615,0.472884,12.347743,0.000000,150
9133,92143193341152,13.335852,0.970432,0.358344,12.358208,0.000000,150
9134,92143206677004,13.331502,0.909693,0.518275,12.414926,0.000000,150
9135,92143220008506,13.342400,3.487932,0.483310,9.844914,0.000000,150
9136,92143233350906,13.325431,1.114084,0.486653,12.202912,0.000000,150
9137,92143246676337,13.333028,0.921850,0.489893,12.403806,0.000000,150
9138,92143260009365,13.333351,0.968036,0.489128,12.358489,0.000000,150
9139,92143273342716,13.332963,1.254756,0.480755,12.070648,0.000000,150
9140,92143286675679,13.333992,0.891071,0.488678,12.436067,0.000000,150
9141,92143300009671,13.333314,0.965641,0.503655,12.360097,0.000000,150
9142,92143313342985,13.333715,0.954410,0.569214,12.372108,0.000000,150
9143,92143326676700,13.332289,3.710826,0.473713,9.614204,0.000000,150
9144,92143340008989,13.332972,0.892717,0.508549,12.433615,0.000000,150
9145,92143353341961,13.333908,1.034143,0.509167,12.292849,0.000000,150
9146,92143366675869,13.334290,0.949237,0.515498,12.377231,0.000000,150
9147,92143380010159,13.333882,1.263082,0.478421,12.061864,0.000000,150
9148,92143393344041,13.332060,0.984860,0.453636,12.339978,0.000000,150
9149,92143406676101,13.334365,0.842040,0.457974,12.485097,0.000000,150
9150,92143420010466,13.334192,0.953161,0.555774,12.373450,0.000000,150
9151,92143433344658,13.336450,3.784149,0.482978,9.545357,0.000000,150
9152,92143446681108,13.330410,0.879520,0.513955,12.443810,0.000000,150
9153,92143460011518,13.331417,0.996838,0.491594,12.326582,0.000000,150
9154,92143473342935,13.332916,0.990096,0.475141,12.336184,0.000000,150
9155,92143486675851,13.332871,1.101329,0.470853,12.225288,0.000000,150
9156,92143500008722,13.333869,0.903272,0.297273,12.424772,0.000000,150
9157,92143513342591,13.335306,1.008939,0.421127,12.319403,0.000000,150
9158,92143526677897,13.332675,0.858068,0.517675,12.468197,0.000000,150
9159,92143540010572,13.332208,3.356957,0.497700,9.968607,0.000000,150
9160,92143553342780,13.335246,0.881887,0.477637,12.447675,0.000000,150
9161,92143566678026,13.332316,0.779173,0.487661,12.547277,0.000000,150
9162,92143580010342,13.331131,0.829094,0.469244,12.496663,0.000000,150
9163,92143593341473,13.336159,1.169564,0.495660,12.159522,0.000000,150
9164,92143606677632,13.333010,0.777599,0.511542,12.548843,0.000000,150
9165,92143620010642,13.331401,0.868465,0.483732,12.457445,0.000000,150
9166,92143633342043,13.335718,0.820894,0.523255,12.508180,0.000000,150
9167,92143646677761,13.331384,3.228932,0.478807,10.096192,0.000000,150
9168,92143660009145,13.334057,0.890825,0.497166,12.436850,0.000000,150
9169,92143673343202,13.333260,0.931093,0.462883,12.396121,0.000000,150
9170,92143686676462,13.333445,0.871807,0.454230,12.455477,0.000000,150
9171,92143700009907,13.332921,1.205830,0.368222,12.120545,0.000000,150
9172,92143713342828,13.334484,0.979527,0.342413,12.348310,0.000000,150
9173,92143726677312,13.335481,0.939030,0.428639,12.390131,0.000000,150
9174,92143740012793,13.331119,0.884519,0.480407,12.439938,0.000000,150
9175,92143753343912,13.335999,3.382515,0.530188,9.945904,0.000000,150
9176,92143766679911,13.334267,0.856323,0.516174,12.469491,0.000000,150
9177,92143780014178,13.328986,0.894541,0.488904,12.427762,0.000000,151
9178,92143793343164,13.335510,0.890335,0.479613,12.439477,0.000000,151
9179,92143806678674,13.333569,1.007195,0.514277,12.319547,0.000000,151
9180,92143820012243,13.333440,1.390929,0.433197,11.936193,0.000000,151
9181,92143833345683,13.332771,0.867537,0.461453,12.458404,0.000000,151
9182,92143846678454,13.332866,0.769896,0.498870,12.556537,0.000000,151
9183,92143860011320,13.336124,3.204978,0.355399,10.124622,0.000000,151
9184,92143873347444,13.331429,0.977458,0.453580,12.347177,0.000000,151
9185,92143886678873,13.333012,0.792250,0.476769,12.534298,0.000000,151
9186,92143900011885,13.331907,0.888651,0.390151,12.437110,0.000000,151
9187,92143913343792,13.335819,1.014279,0.458660,12.316112,0.000000,151
9188,92143926679611,13.333445,0.771089,0.483240,12.556274,0.000000,151
9189,92143940013056,13.331939,0.864612,0.473906,12.461432,0.000000,151
9190,92143953344995,13.331798,0.831082,0.537596,12.495081,0.000000,151
9191,92143966676793,13.336710,3.123737,0.341199,10.207439,0.000000,151
9192,92143980013503,13.332622,0.886615,0.450049,12.440385,0.000000,151
9193,92143993346125,13.332227,0.852381,0.479474,12.473996,0.000000,151
9194,92144006678352,13.336571,0.777463,0.433676,12.552641,0.000000,151
9195,92144020014923,13.334635,1.175651,0.415326,12.151310,0.000000,151
9196,92144033349558,13.330884,0.918872,0.350072,12.404645,0.000000,151
9197,92144046680442,13.333649,0.803215,0.366462,12.524284,0.000000,151
9198,92144060014091,13.333784,0.875481,0.429679,12.451184,0.000000,151
9199,92144073347875,13.331406,3.390944,0.348712,9.933716,0.000000,151
9200,92144086679281,13.334984,0.756468,0.444967,12.572070,0.000000,151
9201,92144100014265,13.333859,0.850567,0.480662,12.476740,0.000000,151
9202,92144113348124,13.332239,0.864382,0.476910,12.461856,0.000000,151
9203,92144126680363,13.333541,0.960753,0.402635,12.366386,0.000000,151
9204,92144140013904,13.333792,0.846955,0.334253,12.479580,0.000000,151
9205,92144153347696,13.333947,0.993074,0.383410,12.333947,0.000000,151
9206,92144166681643,13.333294,0.786464,0.522296,12.540390,0.000000,151
9207,92144180014937,13.332377,3.885733,0.490164,9.440259,0.000000,151
9208,92144193347314,13.335800,0.852342,0.492057,12.476217,0.000000,151
9209,92144206683114,13.331468,0.796560,0.492445,12.528084,0.000000,151
9210,92144220014582,13.333035,0.870359,0.442668,12.456463,0.000000,151
9211,92144233347617,13.334148,1.047436,0.471029,12.280080,0.000000,151
9212,92144246681765,13.332834,0.814102,0.473756,12.511806,0.000000,151
9213,92144260014599,13.333684,0.861654,0.466698,12.465301,0.000000,151
9214,92144273348283,13.333674,0.852933,0.525544,12.474548,0.000000,151
9215,92144286681957,13.333096,3.223519,0.476990,10.103076,0.000000,151
9216,92144300015053,13.331449,0.857043,0.526047,12.467689,0.000000,151
9217,92144313346502,13.336092,0.848449,0.494907,12.481050,0.000000,151
9218,92144326682594,13.331619,0.900683,0.461130,12.423978,0.000000,151
9219,92144340014213,13.335979,1.235168,0.370401,12.093791,0.000000,151
9220,92144353350192,13.332653,0.921240,0.346171,12.403692,0.000000,151
9221,92144366682845,13.331958,0.832787,0.352475,12.492533,0.000000,151
9222,92144380014803,13.334964,0.872825,0.364619,12.455609,0.000000,151
9223,92144393349767,13.333881,3.341726,0.339014,9.985214,0.000000,151
9224,92144406683648,13.331282,0.826118,0.365530,12.497972,0.000000,151
9225,92144420014930,13.334426,0.872049,0.355810,12.455877,0.000000,151
9226,92144433349356,13.333514,0.874844,0.351786,12.452453,0.000000,151
9227,92144446682870,13.331439,1.010801,0.330153,12.314476,0.000000,151
9228,92144460014309,13.334095,0.817318,0.410248,12.510598,0.000000,151
9229,92144473348404,13.334780,0.903339,0.420868,12.424929,0.000000,151
9230,92144486683184,13.331632,0.826400,0.500712,12.499020,0.000000,151
9231,92144500014816,13.339372,3.302649,0.472438,10.027267,0.000000,151
9232,92144513354188,13.328631,0.946334,0.486201,12.374682,0.000000,151
9233,92144526682819,13.334056,0.795453,0.489736,12.531704,0.000000,151
9234,92144540016875,13.333407,0.958392,0.589151,12.367629,0.000000,151
9235,92144553350282,13.333237,1.243630,0.479134,12.082025,0.000000,151
9236,92144566683519,13.330794,0.850369,0.470910,12.474261,0.000000,151
9237,92144580014313,13.335550,0.861439,0.348698,12.467198,0.000000,151
9238,92144593349863,13.333662,0.875720,0.494413,12.450417,0.000000,151
9239,92144606683525,13.332039,3.247149,0.553341,10.077755,0.000000,151
9240,92144620015564,13.336084,1.064144,0.444589,12.264875,0.000000,151
9241,92144633351648,13.331153,1.208660,0.467065,12.115037,0.000000,151
9242,92144646682801,13.332527,0.906131,0.421318,12.420553,0.000000,151
9243,92144660015328,13.333518,1.084282,0.396365,12.243200,0.000000,151
9244,92144673348846,13.333537,0.859487,0.347702,12.468793,0.000000,151
9245,92144686682383,13.334010,0.876855,0.343338,12.451086,0.000000,151
9246,92144700016393,13.333116,0.954620,0.492447,12.371437,0.000000,151
9247,92144713349509,13.334739,3.702363,0.477413,9.625119,0.000000,151
9248,92144726684248,13.333248,0.911249,0.479799,12.413982,0.000000,151
9249,92144740017496,13.333719,0.920137,0.422890,12.405760,0.000000,151
9250,92144753351215,13.334225,0.877601,0.360461,12.450277,0.000000,151
9251,92144766685440,13.331170,1.313551,0.342263,12.010897,0.000000,151
9252,92144780016610,13.332902,0.984848,0.339222,12.341230,0.000000,151
9253,92144793349512,13.335297,0.999058,0.360064,12.329301,0.000000,151
9254,92144806684809,13.332717,0.930386,0.359619,12.395017,0.000000,151
9255,92144820017526,13.335861,3.698150,0.349232,9.629153,0.000000,151
9256,92144833353387,13.332599,1.117255,0.326846,12.207150,0.000000,151
9257,92144846685986,13.332732,0.901373,0.472561,12.423211,0.000000,151
9258,92144860018718,13.330843,1.028335,0.444472,12.296228,0.000000,151
9259,92144873349561,13.334903,1.173651,0.475238,12.154110,0.000000,151
9260,92144886684464,13.334239,0.872222,0.497974,12.454944,0.000000,151
9261,92144900018703,13.332727,0.991587,0.503477,12.334473,0.000000,151
9262,92144913351430,13.333693,1.014897,0.539731,12.311398,0.000000,151
9263,92144926685123,13.333405,3.380834,0.352761,9.945602,0.000000,151
9264,92144940018528,13.332206,0.993350,0.480580,12.331565,0.000000,151
9265,92144953350734,13.333562,1.044716,0.327511,12.281985,0.000000,151
9266,92144966684296,13.335104,0.866156,0.363944,12.462683,0.000000,151
9267,92144980019400,13.332285,1.236089,0.468139,12.089068,0.000000,151
9268,92144993351685,13.332902,0.974978,0.487251,12.351381,0.000000,151
9269,92145006684587,13.335018,0.931081,0.413579,12.396344,0.000000,151
9270,92145020019605,13.333041,1.021683,0.409882,12.303857,0.000000,151
9271,92145033352646,13.334240,3.819014,0.339638,9.507336,0.000000,151
9272,92145046686886,13.341189,0.908917,0.478915,12.421487,0.000000,151
9273,92145060028075,13.324485,1.046299,0.498617,12.267998,0.000000,151
9274,92145073352560,13.333086,0.975192,0.508016,12.350819,0.000000,151
9275,92145086685646,13.338165,1.149332,0.358596,12.180191,0.000000,151
9276,92145100023811,13.328248,1.013384,0.329634,12.307617,0.000000,151
9277,92145113352059,13.333330,0.977744,0.472624,12.349256,0.000000,151
9278,92145126685389,13.335458,0.914756,0.461622,12.413736,0.000000,151
9279,92145140020847,13.340220,3.522176,0.460411,9.806573,0.000000,151
9280,92145153361067,13.324725,1.131403,0.491262,12.184193,0.000000,151
9281,92145166685792,13.334250,0.955188,0.359859,12.371441,0.000000,151
9282,92145180020042,13.334747,1.002714,0.560738,12.325160,0.000000,151
9283,92145193354789,13.334315,1.351562,0.402586,11.974576,0.000000,151
9284,92145206689104,13.332041,0.968292,0.479899,12.355264,0.000000,151
9285,92145220021145,13.331385,1.015294,0.482244,12.309856,0.000000,151
9286,92145233352530,13.331991,0.976437,0.524310,12.348663,0.000000,151
9287,92145246684521,13.335200,3.667765,0.531241,9.659857,0.000000,151
9288,92145260019721,13.333575,0.930812,0.502804,12.396646,0.000000,151
9289,92145273353296,13.333333,1.008440,0.582278,12.317946,0.000000,151
9290,92145286686629,13.332438,0.888352,0.465571,12.437873,0.000000,151
9291,92145300019067,13.334990,1.202817,0.478011,12.124660,0.000000,151
9292,92145313354057,13.329933,1.085114,0.465891,12.238215,0.000000,151
9293,92145326683990,13.334891,0.833687,0.446113,12.495740,0.000000,151
9294,92145340018881,13.333508,0.966788,0.486511,12.360394,0.000000,151
9295,92145353352389,13.340036,3.842911,0.466216,9.485999,0.000000,151
9296,92145366692425,13.326391,0.863931,0.462079,12.454638,0.000000,151
9297,92145380018816,13.335258,1.084643,0.476192,12.243984,0.000000,151
9298,92145393354074,13.332729,1.084300,0.473064,12.241423,0.000000,151
9299,92145406686803,13.333088,1.099500,0.479432,12.226481,0.000000,151
9300,92145420019891,13.333620,0.951613,0.482847,12.375234,0.000000,151
9301,92145433353511,13.333747,0.963033,0.447363,12.364370,0.000000,151
9302,92145446687258,13.333444,0.866164,0.549658,12.460279,0.000000,151
9303,92145460020702,13.338617,3.564634,0.544726,9.765472,0.000000,151
9304,92145473359319,13.328186,1.073962,0.433363,12.245290,0.000000,151
9305,92145486687505,13.332396,0.808232,0.457003,12.518683,0.000000,151
9306,92145500019901,13.333072,0.872525,0.472766,12.455616,0.000000,151
9307,92145513352973,13.336364,1.112486,0.489309,12.218045,0.000000,151
9308,92145526689337,13.332604,0.895159,0.462265,12.430705,0.000000,151
9309,92145540021941,13.331800,0.946048,0.435779,12.379298,0.000000,151
9310,92145553353741,13.335157,0.958063,0.509398,12.370843,0.000000,151
9311,92145566688898,13.330520,3.345333,0.458601,9.978333,0.000000,151
9312,92145580019418,13.333928,0.915561,0.474411,12.412643,0.000000,151
9313,92145593353346,13.334250,0.902352,0.477484,12.426219,0.000000,151
9314,92145606687596,13.333778,0.901620,0.364749,12.425797,0.000000,151
9315,92145620021374,13.332714,1.163243,0.461873,12.163206,0.000000,151
9316,92145633354088,13.334336,0.930962,0.502474,12.397185,0.000000,151
9317,92145646688424,13.332663,0.886419,0.468466,12.439640,0.000000,151
9318,92145660021087,13.333994,0.925479,0.509460,12.402360,0.000000,151
9319,92145673355081,13.332700,3.716597,0.474514,9.609183,0.000000,151
9320,92145686687781,13.334706,0.848186,0.484904,12.480040,0.000000,151
9321,92145700022487,13.333302,1.000064,0.465110,12.326486,0.000000,151
9322,92145713355789,13.335505,0.960267,0.467033,12.367792,0.000000,151
9323,92145726691294,13.332437,1.123627,0.488851,12.200803,0.000000,151
9324,92145740023731,13.331071,0.965235,0.483645,12.359053,0.000000,151
9325,92145753354802,13.335617,0.954206,0.488661,12.375831,0.000000,151
9326,92145766690419,13.332585,0.898612,0.409202,12.426121,0.000000,151
9327,92145780023004,13.332219,3.664856,0.452381,9.660413,0.000000,151
9328,92145793355223,13.334671,0.911121,0.335172,12.416169,0.000000,152
9329,92145806689894,13.332319,0.905900,0.483991,12.420624,0.000000,152
9330,92145820022213,13.333449,0.957032,0.533838,12.370020,0.000000,152
9331,92145833355662,13.335583,1.930869,0.501882,11.397081,0.000000,152
9332,92145846691245,13.332447,0.863021,0.480188,12.462229,0.000000,152
9333,92145860023692,13.333182,1.069303,0.483122,12.255677,0.000000,152
9334,92145873356874,13.333818,0.971333,0.498527,12.355982,0.000000,152
9335,92145886690692,13.333310,3.572279,0.486653,9.754581,0.000000,152
9336,92145900024002,13.333372,0.934327,0.475037,12.392303,0.000000,152
9337,92145913357374,13.333798,0.944369,0.317838,12.382486,0.000000,152
9338,92145926691172,13.333835,0.924242,0.464902,12.402325,0.000000,152
9339,92145940025007,13.332427,1.225247,0.556944,12.099943,0.000000,152
9340,92145953357434,13.334653,0.957334,0.504986,12.370592,0.000000,152
9341,92145966692087,13.334260,0.880606,0.488485,12.445931,0.000000,152
9342,92145980026347,13.332016,0.988076,0.499999,12.336802,0.000000,152
9343,92145993358363,13.332708,3.331831,0.997572,9.994416,0.000000,152
9344,92146006691071,13.333864,0.810809,0.490332,12.516478,0.000000,152
9345,92146020024935,13.332419,0.875127,0.473668,12.450274,0.000000,152
9346,92146033357354,13.333883,0.801344,0.484050,12.527102,0.000000,152
9347,92146046691237,13.334350,0.955798,0.492588,12.372415,0.000000,152
9348,92146060025587,13.331254,0.843289,0.489754,12.482205,0.000000,152
9349,92146073356841,13.333752,0.833192,0.579597,12.494856,0.000000,152
9350,92146086690593,13.351299,0.738773,0.544215,12.600670,0.000000,152
9351,92146100041892,13.316142,3.328698,0.493381,9.976649,0.000000,152
9352,92146113358034,13.332291,0.825078,0.477271,12.501047,0.000000,152
9353,92146126690325,13.333109,0.777988,0.488639,12.549152,0.000000,152
9354,92146140023434,13.331989,1.012135,0.520768,12.314247,0.000000,152
9355,92146153355423,13.333671,0.985643,0.562777,12.343651,0.000000,152
9356,92146166689094,13.333781,0.794095,0.514718,12.534737,0.000000,152
9357,92146180022875,13.332272,0.841908,0.565016,12.485759,0.000000,152
9358,92146193355147,13.339373,0.779139,0.390273,12.553804,0.000000,152
9359,92146206694520,13.329475,3.202133,0.361391,10.120562,0.000000,152
9360,92146220023995,13.334188,0.830000,0.521954,12.498395,0.000000,152
9361,92146233358183,13.333731,1.133225,0.498252,12.193937,0.000000,152
9362,92146246691914,13.334728,0.866679,0.499510,12.461605,0.000000,152
9363,92146260026642,13.335620,1.249949,0.414683,12.077895,0.000000,152
9364,92146273362262,13.328647,1.199320,0.512141,12.122537,0.000000,152
9365,92146286690909,13.335931,0.892599,0.505617,12.436531,0.000000,152
9366,92146300026840,13.333857,1.020408,0.495221,12.305321,0.000000,152
9367,92146313360697,13.331456,3.805275,0.500605,9.519162,0.000000,152
9368,92146326692153,13.334088,0.917556,0.411678,12.409395,0.000000,152
9369,92146340026241,13.338630,0.982456,0.499574,12.344231,0.000000,152
9370,92146353364871,13.326008,1.048912,0.491112,12.270268,0.000000,152
9371,92146366690879,13.336093,1.117274,0.482913,12.212194,0.000000,152
9372,92146380026972,13.349879,1.033801,0.492123,12.304658,0.000000,152
9373,92146393376851,13.316823,1.160277,0.483707,12.148230,0.000000,152
9374,92146406693674,13.334270,0.960391,0.487623,12.366364,0.000000,152
9375,92146420027944,13.337862,3.812516,0.517109,9.516088,0.000000,152
9376,92146433365806,13.336566,1.168868,0.464982,12.154208,0.000000,152
9377,92146446702372,13.324630,0.952732,0.484735,12.361424,0.000000,152
9378,92146460027002,13.343308,1.013571,0.491086,12.317724,0.000000,152
9379,92146473370310,13.323636,1.349053,0.478656,11.964457,0.000000,152
9380,92146486693946,13.333765,1.004028,0.455004,12.322679,0.000000,152
9381,92146500027711,13.334916,1.022994,0.493248,12.303608,0.000000,152
9382,92146513362627,13.332803,1.279476,0.601542,12.045041,0.000000,152
9383,92146526695430,13.335938,3.787370,0.537240,9.541078,0.000000,152
9384,92146540031368,13.329522,1.189084,0.463839,12.132958,0.000000,152
9385,92146553360890,13.337669,1.030661,0.479365,12.298410,0.000000,152
9386,92146566698559,13.329351,0.914867,0.544824,12.406582,0.000000,152
9387,92146580027910,13.333614,1.072254,0.459196,12.255103,0.000000,152
9388,92146593361524,13.334610,0.910020,0.490423,12.417016,0.000000,152
9389,92146606696134,13.338378,1.146268,0.460621,12.182330,0.000000,152
9390,92146620034512,13.326928,1.089073,0.517513,12.230547,0.000000,152
9391,92146633361440,13.336173,3.293033,0.492808,10.034544,0.000000,152
9392,92146646697613,13.330859,1.094982,0.472001,12.228972,0.000000,152
9393,92146660028472,13.341417,0.968089,0.475124,12.362218,0.000000,152
9394,92146673369889,13.327205,1.041217,0.504440,12.275478,0.000000,152
9395,92146686697094,13.331264,1.355803,0.383133,11.967606,0.000000,152
9396,92146700028358,13.332325,0.947134,0.344839,12.378981,0.000000,152
9397,92146713360683,13.334219,0.936207,0.576254,12.391762,0.000000,152
9398,92146726694902,13.332767,1.019008,0.505331,12.307250,0.000000,152
9399,92146740027669,13.334293,3.669461,0.377573,9.658769,0.000000,152
9400,92146753361962,13.339304,1.024219,0.491253,12.305978,0.000000,152
9401,92146766701266,13.326649,1.041158,0.428671,12.277116,0.000000,152
9402,92146780027915,13.336064,1.070841,0.446749,12.257899,0.000000,152
9403,92146793363979,13.339089,1.261854,0.487995,12.067644,0.000000,152
9404,92146806703068,13.326132,0.997266,0.465075,12.319720,0.000000,152
9405,92146820029200,13.333857,0.966349,0.485204,12.360906,0.000000,152
9406,92146833363057,13.343590,0.946153,0.470401,12.387614,0.000000,152
9407,92146846706647,13.328334,3.661849,0.449677,9.652089,0.000000,152
9408,92146860034981,13.340328,0.969847,0.449959,12.354819,0.000000,152
9409,92146873375309,13.322241,1.068682,0.550360,12.244675,0.000000,152
9410,92146886697550,13.333367,0.986393,0.282909,12.339377,0.000000,152
9411,92146900030917,13.333894,1.278895,0.448106,12.047913,0.000000,152
9412,92146913364811,13.330981,0.963098,0.462851,12.361385,0.000000,152
9413,92146926695792,13.333478,0.761344,0.477180,12.567185,0.000000,152
9414,92146940029270,13.331982,1.042333,0.502068,12.283520,0.000000,152
9415,92146953361252,13.334936,3.341436,0.544036,9.988784,0.000000,152
9416,92146966696188,13.334914,0.937110,0.572604,12.391042,0.000000,152
9417,92146980031102,13.340397,1.074020,0.422931,12.256032,0.000000,152
9418,92146993371499,13.324664,1.065538,0.377636,12.252304,0.000000,152
9419,92147006696163,13.343930,1.195396,0.369643,12.137887,0.000000,152
9420,92147020040093,13.325179,1.034531,0.340434,12.281397,0.000000,152
9421,92147033365272,13.333632,1.157028,0.440875,12.168472,0.000000,152
9422,92147046698904,13.332645,1.029232,0.503887,12.296029,0.000000,152
9423,92147060031549,13.333690,3.731358,0.469641,9.594989,0.000000,152
9424,92147073365239,13.332375,1.100746,0.494826,12.224416,0.000000,152
9425,92147086697614,13.334338,1.174465,0.415194,12.152794,0.000000,152
9426,92147100031952,13.337696,1.049948,0.361789,12.277788,0.000000,152
9427,92147113369648,13.327870,1.305670,0.500465,12.015229,0.000000,152
9428,92147126697518,13.333608,0.871731,0.564159,12.455905,0.000000,152
9429,92147140031126,13.336454,1.130093,0.370334,12.199043,0.000000,152
9430,92147153367580,13.331393,0.945303,0.370576,12.377662,0.000000,152
9431,92147166698973,13.332926,3.351407,0.496034,9.974724,0.000000,152
9432,92147180031899,13.333733,0.994718,0.486092,12.331901,0.000000,152
9433,92147193365632,13.334518,1.009980,0.544173,12.317543,0.000000,152
9434,92147206700150,13.332968,0.952183,0.505748,12.373197,0.000000,152
9435,92147220033118,13.331687,1.316760,0.517436,12.007446,0.000000,152
9436,92147233364805,13.333486,1.065857,0.463496,12.261556,0.000000,152
9437,92147246698291,13.333355,0.929927,0.481195,12.397027,0.000000,152
9438,92147260031646,13.333429,0.992876,0.535166,12.334842,0.000000,152
9439,92147273365075,13.340262,3.481119,0.522024,9.848239,0.000000,152
9440,92147286705337,13.326701,0.835448,0.480746,12.483288,0.000000,152
9441,92147300032038,13.334135,1.038174,0.546264,12.288899,0.000000,153
9442,92147313366173,13.332072,0.945037,0.477481,12.381204,0.000000,153
9443,92147326698245,13.334734,1.094783,0.498669,12.233803,0.000000,153
9444,92147340032979,13.332538,5.830134,0.525191,7.497065,0.000000,153
9445,92147353365517,13.333857,0.964628,0.469695,12.363095,0.000000,153
9446,92147366699374,13.333700,0.971862,0.534431,12.354957,0.000000,153
9447,92147380033074,13.334205,3.737273,0.604006,9.589872,0.000000,153
9448,92147393367279,13.334348,1.165956,0.427497,12.160723,0.000000,153
9449,92147406701627,13.332027,1.059339,0.490045,12.264991,0.000000,153
9450,92147420033654,13.339151,1.134914,0.622453,12.194349,0.000000,153
9451,92147433372805,13.327722,1.208860,0.511132,12.111166,0.000000,153
9452,92147446700527,13.333257,0.998330,0.474635,12.328508,0.000000,153
9453,92147460033784,13.333967,1.132383,0.686595,12.195915,0.000000,153
9454,92147473367751,13.334108,1.138622,0.519506,12.188195,0.000000,153
9455,92147486701859,13.330081,3.701739,0.566956,9.621940,0.000000,153
9456,92147500031940,13.336918,1.040199,0.446204,12.290247,0.000000,153
9457,92147513368858,13.333977,1.135373,0.475976,12.189792,0.000000,153
9458,92147526702835,13.334284,1.085613,0.425044,12.240026,0.000000,153
9459,92147540037119,13.331024,1.418509,0.572886,11.904917,0.000000,153
9460,92147553368143,13.333129,1.169257,0.550743,12.156598,0.000000,153
9461,92147566701272,13.334309,1.188351,0.474474,12.138238,0.000000,153
9462,92147580035581,13.339169,1.237051,0.512262,12.091847,0.000000,153
9463,92147593374750,13.327325,3.861400,0.557627,9.457363,0.000000,153
9464,92147606702075,13.338872,1.222704,0.485224,12.106316,0.000000,153
9465,92147620040947,13.328580,1.186125,0.471244,12.133988,0.000000,153
9466,92147633369527,13.334497,1.199657,0.608190,12.126884,0.000000,153
9467,92147646704024,13.337294,1.367232,0.548116,11.959899,0.000000,153
9468,92147660041318,13.327873,1.153110,0.513496,12.167134,0.000000,153
9469,92147673369191,13.337614,1.232232,0.498784,12.096705,0.000000,153
9470,92147686706805,13.326989,0.933094,0.490367,12.385013,0.000000,153
9471,92147700033794,13.333591,3.464002,0.470673,9.862456,0.000000,153
9472,92147713367385,13.334139,0.951345,0.526611,12.376708,0.000000,153
9473,92147726701524,13.333788,0.914945,0.482716,12.411964,0.000000,153
9474,92147740035312,13.335225,1.066784,0.597178,12.261240,0.000000,153
9475,92147753370537,13.331517,1.334052,0.480976,11.989765,0.000000,153
9476,92147766702054,13.335107,0.982532,0.516978,12.345373,0.000000,153
9477,92147780037161,13.333359,1.050147,0.540348,12.275080,0.000000,153
9478,92147793370520,13.331742,1.091156,0.514208,12.233167,0.000000,153
9479,92147806702262,13.333171,3.665096,0.485359,9.661263,0.000000,153
9480,92147820035433,13.335241,1.007132,0.499286,12.320822,0.000000,153
9481,92147833370674,13.332840,1.029225,0.520269,12.295709,0.000000,153
9482,92147846703514,13.333169,0.989015,0.613190,12.336587,0.000000,153
9483,92147860036683,13.334326,1.504360,0.516799,11.822818,0.000000,153
9484,92147873371009,13.332106,1.090640,0.532635,12.233808,0.000000,153
9485,92147886703115,13.336505,0.928339,0.479646,12.400711,0.000000,153
9486,92147900039620,13.332384,1.276364,0.506569,12.048131,0.000000,153
9487,92147913372004,13.332446,3.857319,0.657745,9.467623,0.000000,153
9488,92147926704450,13.333549,1.019508,0.464317,12.306013,0.000000,153
9489,92147940037999,13.334254,1.229177,0.532859,12.097774,0.000000,153
9490,92147953372253,13.345707,1.069924,0.451557,12.267300,0.000000,153
9491,92147966717960,13.335410,1.217168,0.577420,12.109214,0.000000,153
9492,92147980053370,13.329084,1.094265,0.558320,12.227237,0.000000,153
9493,92147993382454,13.351352,1.048880,0.550048,12.295516,0.000000,153
9494,92148006733806,13.334888,1.031889,0.610541,12.294821,0.000000,153
9495,92148020068694,13.332558,3.850237,0.379384,9.474281,0.000000,153
9496,92148033401252,13.333032,0.972502,0.525065,12.353367,0.000000,153
9497,92148046734284,13.332929,1.577229,0.504996,11.747972,0.000000,153
9498,92148060067213,13.334983,0.958790,0.479100,12.368638,0.000000,153
9499,92148073402196,13.332806,1.283741,0.523451,12.040793,0.000000,153
9500,92148086735002,13.332448,0.971968,0.509186,12.353182,0.000000,153
9501,92148100067450,13.336147,1.030615,0.475862,12.296712,0.000000,153
9502,92148113403597,13.332205,1.021833,0.482801,12.301709,0.000000,153
9503,92148126735802,13.332644,3.672636,0.527228,9.652646,0.000000,153
9504,92148140068446,13.333063,1.035445,0.491513,12.290174,0.000000,153
9505,92148153401509,13.334096,0.989489,0.520286,12.337118,0.000000,153
9506,92148166735605,13.347319,1.036228,0.515754,12.303638,0.000000,153
9507,92148180082924,13.333009,1.342087,0.581966,11.983552,0.000000,153
9508,92148193415933,13.334919,1.183702,0.538660,12.143690,0.000000,153
9509,92148206750852,13.332611,0.975718,0.520875,12.348903,0.000000,153
9510,92148220083463,13.332323,1.063689,0.523348,12.261114,0.000000,153
9511,92148233415786,13.333686,3.798946,0.503841,9.527774,0.000000,153
9512,92148246749472,13.335016,0.915062,0.506774,12.412529,0.000000,153
9513,92148260084488,13.330143,1.052363,0.490972,12.269864,0.000000,153
9514,92148273414631,13.336709,1.146461,0.499251,12.182710,0.000000,153
9515,92148286751340,13.332446,1.209922,0.503488,12.114505,0.000000,153
9516,92148300083786,13.333316,1.077590,0.627379,12.247960,0.000000,153
9517,92148313417102,13.333039,1.068227,0.503526,12.256635,0.000000,153
9518,92148326750141,13.334446,0.997751,0.516049,12.328844,0.000000,153
9519,92148340084587,13.332987,3.841087,0.504147,9.483900,0.000000,153
9520,92148353417574,13.336387,1.092330,0.471378,12.235285,0.000000,153
9521,92148366753961,13.330920,1.067345,0.473883,12.255278,0.000000,153
9522,92148380084881,13.331789,1.033315,0.378675,12.290078,0.000000,153
9523,92148393416670,13.334393,1.356580,0.514450,11.969502,0.000000,153
9524,92148406751063,13.332517,1.390749,0.484693,11.934741,0.000000,153
9525,92148420083580,13.332473,1.114023,0.531548,12.211876,0.000000,153
9526,92148433416053,13.335934,1.003046,0.491554,12.326048,0.000000,153
9527,92148446751987,13.330795,3.649942,0.457897,9.673548,0.000000,153
9528,92148460082782,13.335437,1.011907,0.414447,12.316886,0.000000,153
9529,92148473418219,13.334021,0.961189,0.515366,12.365878,0.000000,153
9530,92148486752240,13.331244,0.895794,0.441592,12.428110,0.000000,153
9531,92148500083484,13.335739,1.464037,0.474576,11.864486,0.000000,153
9532,92148513419223,13.331751,1.021515,0.422055,12.303869,0.000000,153
9533,92148526750974,13.332987,0.933479,0.442519,12.393927,0.000000,153
9534,92148540083961,13.335411,1.043076,0.458878,12.285699,0.000000,153
9535,92148553419372,13.330264,3.605950,0.338635,9.716673,0.000000,153
9536,92148566749636,13.336198,0.868117,0.444260,12.461571,0.000000,153
9537,92148580085834,13.331270,1.083432,0.452976,12.240360,0.000000,153
9538,92148593417104,13.338964,0.912087,0.419334,12.418892,0.000000,153
9539,92148606756068,13.329393,1.132845,0.595988,12.190250,0.000000,153
9540,92148620085461,13.333590,0.941697,0.505146,12.385158,0.000000,153
9541,92148633419051,13.358037,1.023836,0.484019,12.327231,0.000000,153
9542,92148646777088,13.334221,0.945793,0.350015,12.381714,0.000000,153
9543,92148660111309,13.330871,3.298341,0.425767,10.026672,0.000000,153
9544,92148673442180,13.335657,0.901155,0.524210,12.428344,0.000000,153
9545,92148686777837,13.333021,0.936283,0.367653,12.388238,0.000000,153
9546,92148700110858,13.331837,0.885703,0.457354,12.439752,0.000000,153
9547,92148713442695,13.330857,1.394683,0.484300,11.930190,0.000000,153
9548,92148726773552,13.337219,0.651797,0.546238,12.680544,0.000000,153
9549,92148740110771,13.331225,0.850672,0.499260,12.475309,0.000000,153
9550,92148753441996,13.334479,0.831638,0.515285,12.497557,0.000000,153
9551,92148766776475,13.333779,3.276844,0.466543,10.050800,0.000000,153
9552,92148780110254,13.338775,0.944564,0.426970,12.387264,0.000000,153
9553,92148793449029,13.335917,1.132071,0.497297,12.192069,0.000000,153
9554,92148806784946,13.330900,1.059672,0.517990,12.262875,0.000000,153
9555,92148820115846,13.333460,1.520214,0.605821,11.804940,0.000000,153
9556,92148833449306,13.331743,1.018773,0.580440,12.304831,0.000000,153
9557,92148846781049,13.333324,0.914270,0.551518,12.410639,0.000000,153
9558,92148860114373,13.336274,1.253846,0.522473,12.073654,0.000000,153
9559,92148873450647,13.330563,3.555920,0.583724,9.765975,0.000000,153
9560,92148886781210,13.333819,0.924740,0.677067,12.400280,0.000000,153
9561,92148900115029,13.328868,1.054300,0.706063,12.266876,0.000000,153
9562,92148913443897,13.333902,0.961007,0.507316,12.367802,0.000000,153
9563,92148926777799,13.333157,1.017715,0.515744,12.308809,0.000000,153
9564,92148940110956,13.337500,0.940164,0.537728,12.390777,0.000000,153
9565,92148953448456,13.333029,0.981568,0.567755,12.342885,0.000000,153
9566,92148966781485,13.331516,0.877730,0.601623,12.446973,0.000000,153
9567,92148980113001,13.330728,3.623125,0.508809,9.699344,0.000000,153
9568,92148993443729,13.335909,0.986220,0.482858,12.343506,0.000000,153
9569,92149006779638,13.332172,0.962679,0.577987,12.362903,0.000000,153
9570,92149020111810,13.332189,1.039060,0.547036,12.286754,0.000000,153
9571,92149033443999,13.335795,1.215831,0.512119,12.114537,0.000000,153
9572,92149046779794,13.330579,0.954249,0.508939,12.370127,0.000000,153
9573,92149060110373,13.336192,1.001673,0.493613,12.328419,0.000000,153
9574,92149073446565,13.330995,0.970384,0.664388,12.353970,0.000000,153
9575,92149086777560,13.332813,3.922223,0.568114,9.404624,0.000000,153
9576,92149100110373,13.333170,0.851103,0.479798,12.477165,0.000000,154
9577,92149113443543,13.335615,0.894581,0.628960,12.435178,0.000000,154
9578,92149126779158,13.336306,0.946334,0.564114,12.381151,0.000000,154
9579,92149140115464,13.331306,1.509066,0.533470,11.814317,0.000000,154
9580,92149153446770,13.333840,1.271515,0.518731,12.055666,0.000000,154
9581,92149166780610,13.334059,0.845289,0.510890,12.481800,0.000000,154
9582,92149180114669,13.332458,1.089337,0.553749,12.234926,0.000000,154
9583,92149193447127,13.334997,4.008744,0.402259,9.317885,0.000000,154
9584,92149206782124,13.334140,1.203970,0.391754,12.119616,0.000000,154
9585,92149220116264,13.331839,1.086296,0.399179,12.237000,0.000000,154
9586,92149233448103,13.335798,1.509330,0.521029,11.817794,0.000000,154
9587,92149246783901,13.335072,1.760691,0.536705,11.565552,0.000000,154
9588,92149260118973,13.333481,1.174476,0.662134,12.149837,0.000000,154
9589,92149273452454,13.327959,1.477135,0.531863,11.841112,0.000000,154
9590,92149286780413,13.337231,1.379973,0.521830,11.950061,0.000000,154
9591,92149300117644,13.329317,3.929663,0.471242,9.390525,0.000000,154
9592,92149313446961,13.335370,1.012809,0.500090,12.314697,0.000000,154
9593,92149326782331,13.332760,0.843052,0.588924,12.482752,0.000000,154
9594,92149340115091,13.333753,1.396478,0.609026,11.929678,0.000000,154
9595,92149353448844,13.333183,1.340209,0.497429,11.985502,0.000000,154
9596,92149366782027,13.333199,0.968738,0.479731,12.357404,0.000000,154
9597,92149380115226,13.334354,0.997868,0.531510,12.329286,0.000000,154
9598,92149393449580,13.333503,0.964796,0.534879,12.362001,0.000000,154
9599,92149406783083,13.331921,3.519923,0.603852,9.805267,0.000000,154
9600,92149420115004,13.332412,1.811151,0.444974,11.515194,0.000000,154
9601,92149433447416,13.337468,1.232186,0.497069,12.099275,0.000000,154
9602,92149446784884,13.333620,0.857458,0.764347,12.468418,0.000000,154
9603,92149460118504,13.329772,1.400681,0.504938,11.921085,0.000000,154
9604,92149473448276,13.333466,1.076797,0.508685,12.249931,0.000000,154
9605,92149486781742,13.334092,0.950160,0.506754,12.376490,0.000000,154
9606,92149500115834,13.333748,1.064137,0.658865,12.260916,0.000000,154
9607,92149513449582,13.330887,4.123452,0.558723,9.199893,0.000000,154
9608,92149526780469,13.335917,0.876652,0.499727,12.452579,0.000000,154
9609,92149540116386,13.332162,1.178996,0.361429,12.145513,0.000000,154
9610,92149553448548,13.334543,1.009849,0.486299,12.317629,0.000000,154
9611,92149566783091,13.333953,1.177010,0.628470,12.148719,0.000000,154
9612,92149580117044,13.331067,1.180856,0.534184,12.142642,0.000000,154
9613,92149593448111,13.334371,0.991262,0.388656,12.336251,0.000000,154
9614,92149606782482,13.340203,0.933541,0.529974,12.394989,0.000000,154
9615,92149620122685,13.326909,3.565064,0.501502,9.753324,0.000000,154
9616,92149633449594,13.329913,0.937073,0.494762,12.387003,0.000000,154
9617,92149646779507,13.334609,0.761217,0.488743,12.568163,0.000000,154
9618,92149660114116,13.334034,1.259343,0.495169,12.069334,0.000000,154
9619,92149673448150,13.334032,1.585848,0.518951,11.741480,0.000000,154
9620,92149686782182,13.334994,0.880621,0.482649,12.448114,0.000000,154
9621,92149700117176,13.332650,0.890729,0.532986,12.434718,0.000000,154
9622,92149713449826,13.335091,0.882857,0.544543,12.445773,0.000000,154
9623,92149726784917,13.328903,3.369211,0.482589,9.953715,0.000000,154
9624,92149740113820,13.335055,0.928737,0.504962,12.400877,0.000000,154
9625,92149753448875,13.335391,1.016302,0.495968,12.312161,0.000000,154
9626,92149766784266,13.333595,0.932023,0.526060,12.394246,0.000000,154
9627,92149780117861,13.332417,1.349067,0.506670,11.975650,0.000000,154
9628,92149793450278,13.331645,1.010877,0.527404,12.313722,0.000000,154
9629,92149806781923,13.334227,0.904767,0.520370,12.422218,0.000000,154
9630,92149820116150,13.332157,0.998989,0.576789,12.326215,0.000000,154
9631,92149833448307,13.334362,3.909287,0.531475,9.418104,0.000000,154
9632,92149846782669,13.342824,0.889441,0.504638,12.442045,0.000000,154
9633,92149860125493,13.326146,1.120785,0.499788,12.192501,0.000000,154
9634,92149873451639,13.331831,0.995274,0.435576,12.328906,0.000000,154
9635,92149886783470,13.332234,1.186783,0.562210,12.138598,0.000000,154
9636,92149900115704,13.336469,0.948053,0.486869,12.380834,0.000000,154
9637,92149913452173,13.332918,1.046937,0.466825,12.276518,0.000000,154
9638,92149926785091,13.341210,0.968267,0.565178,12.361502,0.000000,154
9639,92149940126301,13.325542,4.079213,0.396854,9.236089,0.000000,154
9640,92149953451843,13.333992,1.128367,0.505256,12.198218,0.000000,154
9641,92149966785835,13.332663,1.063427,0.589141,12.262218,0.000000,154
9642,92149980118498,13.331163,1.233797,0.506436,12.089887,0.000000,154
9643,92149993449661,13.337593,1.361118,0.450446,11.969730,0.000000,154
9644,92150006787254,13.333402,0.870628,0.535861,12.456043,0.000000,154
9645,92150020120656,13.328447,1.204277,0.395101,12.116077,0.000000,154
9646,92150033449103,13.335541,1.224105,0.420238,12.103431,0.000000,154
9647,92150046784644,13.331144,3.894090,0.372639,9.430278,0.000000,154
9648,92150060115788,13.337899,2.433186,0.497119,10.896257,0.000000,154
9649,92150073453687,13.330943,0.975725,0.484548,12.349106,0.000000,154
9650,92150086784630,13.332430,1.000469,0.519303,12.325197,0.000000,154
9651,92150100117060,13.338915,1.336451,0.565596,11.995013,0.000000,154
9652,92150113455975,13.334035,1.165878,0.561366,12.159319,0.000000,154
9653,92150126790010,13.335056,0.894243,0.512320,12.430912,0.000000,154
9654,92150140125066,13.326540,1.043119,0.397674,12.276114,0.000000,154
9655,92150153451606,13.334310,4.040105,0.536260,9.287061,0.000000,154
9656,92150166785916,13.336167,0.963847,0.493762,12.364730,0.000000,154
9657,92150180122083,13.330526,1.212412,0.520066,12.111521,0.000000,154
9658,92150193452609,13.332447,1.148190,0.592805,12.177222,0.000000,154
9659,92150206785056,13.333321,1.448404,0.439415,11.878055,0.000000,154
9660,92150220118377,13.332575,1.176464,0.371232,12.149674,0.000000,154
9661,92150233450952,13.335212,1.148415,0.378959,12.181273,0.000000,154
9662,92150246786164,13.336491,0.902957,0.565929,12.426207,0.000000,154
9663,92150260122655,13.327662,3.759144,0.411019,9.561768,0.000000,154
9664,92150273450317,13.334876,0.992592,0.338295,12.335547,0.000000,154
9665,92150286785193,13.337488,0.886820,0.494498,12.443536,0.000000,154
9666,92150300122681,13.328312,1.065846,0.475095,12.255754,0.000000,154
9667,92150313450993,13.332658,1.149398,0.495905,12.178313,0.000000,154
9668,92150326783651,13.346805,0.878751,0.486786,12.457857,0.000000,154
9669,92150340130456,13.322797,1.065712,0.720468,12.249162,0.000000,154
9670,92150353453253,13.334237,1.207918,0.485068,12.119277,0.000000,154
9671,92150366787490,13.329677,3.586073,0.792380,9.738103,0.000000,154
9672,92150380117167,13.343372,0.858144,0.597766,12.476798,0.000000,154
9673,92150393460539,13.326630,2.069874,0.356304,11.249258,0.000000,154
9674,92150406787169,13.332402,1.075662,0.381089,12.250644,0.000000,154
9675,92150420119571,13.332736,1.511363,0.603622,11.815037,0.000000,154
9676,92150433452307,13.334060,1.053482,0.558752,12.274768,0.000000,154
9677,92150446786367,13.332064,0.944590,0.498759,12.382033,0.000000,154
9678,92150460118431,13.335217,0.954963,0.451710,12.374842,0.000000,154
9679,92150473453648,13.332312,3.666160,0.528669,9.659673,0.000000,154
9680,92150486785960,13.337160,0.807844,0.522480,12.523108,0.000000,154
9681,92150500123120,13.331078,1.099155,0.375201,12.226249,0.000000,154
9682,92150513454198,13.332959,0.992217,0.404416,12.333964,0.000000,154
9683,92150526787157,13.334847,1.320860,0.391124,12.007003,0.000000,154
9684,92150540122004,13.331104,1.032357,0.483218,12.292171,0.000000,154
9685,92150553453108,13.336163,0.986457,0.487179,12.343707,0.000000,154
9686,92150566789271,13.332421,0.897408,0.628958,12.428507,0.000000,154
9687,92150580121692,13.334207,4.390884,0.810688,8.934060,0.000000,154
9688,92150593455899,13.335825,1.031940,0.656967,12.297286,0.000000,154
9689,92150606791724,13.331252,1.208265,0.742059,12.114949,0.000000,154
9690,92150620122976,13.332399,1.075062,0.985575,12.250481,0.000000,154
9691,92150633455375,13.337987,1.529725,0.577372,11.799170,0.000000,154
9692,92150646793362,13.335634,1.211539,0.457115,12.112528,0.000000,154
9693,92150660128996,13.327587,1.784895,0.474784,11.532788,0.000000,154
9694,92150673456583,13.333333,1.135381,0.954146,12.189947,0.000000,154
9695,92150686789916,13.338222,3.916515,0.913087,9.409582,0.000000,154
9696,92150700128138,13.329116,1.261219,0.962322,12.059086,0.000000,154
9697,92150713457254,13.333840,1.173935,0.883302,12.151152,0.000000,154
9698,92150726791094,13.330362,0.997696,0.867167,12.324864,0.000000,154
9699,92150740121456,13.335393,1.371265,0.755722,11.956471,0.000000,154
9700,92150753456849,13.335930,1.019941,0.566911,12.306876,0.000000,154
9701,92150766792779,13.334860,1.091098,0.539702,12.238005,0.000000,154
9702,92150780127639,13.331811,1.076547,0.366412,12.248151,0.000000,154
9703,92150793459450,13.331373,3.538131,0.512640,9.783189,0.000000,154
9704,92150806790823,13.333281,1.010251,0.368442,12.313910,0.000000,154
9705,92150820124104,13.332137,1.245131,0.353566,12.080233,0.000000,154
9706,92150833456241,13.336619,1.113532,0.489847,12.213911,0.000000,154
9707,92150846792860,13.332842,1.237812,0.539035,12.071003,0.000000,154
9708,92150860125702,13.329269,1.185074,0.618239,12.137293,0.000000,154
9709,92150873454971,13.332705,1.006950,0.572604,12.321578,0.000000,154
9710,92150886787676,13.336696,0.873436,0.530365,12.457689,0.000000,154
9711,92150900124372,13.334477,3.870849,0.467356,9.457243,0.000000,154
9712,92150913458849,13.333328,0.903532,0.534355,12.423412,0.000000,155
9713,92150926792177,13.335189,0.980763,0.551536,12.348707,0.000000,155
9714,92150940127366,13.332679,1.155082,0.521697,12.169132,0.000000,155
9715,92150953460045,13.333315,1.515073,0.595715,11.811387,0.000000,155
9716,92150966793360,13.333910,1.022350,0.610683,12.305257,0.000000,155
9717,92150980127270,13.333960,1.214484,0.407209,12.112262,0.000000,155
9718,92150993461230,13.330908,1.149947,0.631883,12.174829,0.000000,155
9719,92151006792138,13.331851,3.771980,0.526780,9.554835,0.000000,155
9720,92151020123989,13.335273,1.172272,0.420612,12.156527,0.000000,155
9721,92151033459262,13.335934,1.479201,0.693930,11.850511,0.000000,155
9722,92151046795196,13.331859,1.977504,0.454381,11.347516,0.000000,155
9723,92151060127055,13.336697,1.500246,0.580860,11.827696,0.000000,155
9724,92151073463752,13.328637,1.355110,0.594891,11.967119,0.000000,155
9725,92151086792389,13.338848,1.158468,0.522727,12.171189,0.000000,155
9726,92151100131237,13.333559,1.243820,0.538669,12.079606,0.000000,155
9727,92151113464796,13.333355,4.087826,0.546658,9.235686,0.000000,155
9728,92151126798151,13.328173,1.540711,0.527024,11.781653,0.000000,155
9729,92151140126324,13.335188,1.904659,0.485890,11.423361,0.000000,155
9730,92151153461512,13.336939,1.115666,0.860409,12.212303,0.000000,155
9731,92151166798451,13.385761,1.280484,0.669034,12.096239,0.000000,155
9732,92151180184212,13.333248,1.328800,0.489565,11.998164,0.000000,155
9733,92151193517460,13.335789,1.099929,0.623653,12.229190,0.000000,155
9734,92151206853249,13.329787,1.291687,0.835044,12.031022,0.000000,155
9735,92151220183036,13.333269,3.870235,0.484263,9.455865,0.000000,155
9736,92151233516305,13.335523,1.226667,0.559008,12.103085,0.000000,155
9737,92151246851828,13.331588,1.097673,0.447303,12.227668,0.000000,155
9738,92151260183416,13.335780,1.344914,0.462541,11.983217,0.000000,155
9739,92151273519196,13.332638,1.418982,0.544356,11.906263,0.000000,155
9740,92151286851834,13.333119,0.973553,0.565730,12.353459,0.000000,155
9741,92151300184953,13.332588,1.442363,0.532426,11.883785,0.000000,155
9742,92151313517541,13.332306,1.077027,0.516577,12.249276,0.000000,155
9743,92151326849847,13.333756,3.399276,0.525534,9.929376,0.000000,155
9744,92151340183603,13.335715,1.071172,0.597286,12.257895,0.000000,155
9745,92151353519318,13.331373,1.185899,0.570385,12.138297,0.000000,155
9746,92151366850691,13.331206,1.017172,0.536502,12.308834,0.000000,155
9747,92151380181897,13.335739,1.207960,0.532821,12.122257,0.000000,155
9748,92151393517636,13.335400,1.014790,0.401915,12.314316,0.000000,155
9749,92151406853036,13.330009,0.957291,0.493068,12.366943,0.000000,155
9750,92151420183045,13.334442,1.006678,0.538515,12.321427,0.000000,155
9751,92151433517487,13.335630,3.447286,0.565429,9.881507,0.000000,155
9752,92151446853117,13.334448,0.926360,0.536318,12.401174,0.000000,155
9753,92151460187565,13.332158,1.133409,0.372068,12.190910,0.000000,155
9754,92151473519723,13.334707,1.091241,0.392961,12.236511,0.000000,155
9755,92151486854430,13.330839,1.353951,0.512583,11.968908,0.000000,155
9756,92151500185269,13.333936,0.993597,0.637625,12.333880,0.000000,155
9757,92151513519205,13.335012,1.167136,1.232430,12.161042,0.000000,155
9758,92151526854217,13.334467,1.352340,0.741471,11.975475,0.000000,155
9759,92151540188684,13.331045,3.972508,0.891902,9.350948,0.000000,155
9760,92151553519729,13.333053,0.928485,0.880251,12.397658,0.000000,155
9761,92151566852782,13.334043,0.900020,0.914838,12.426918,0.000000,155
9762,92151580186825,13.332352,1.165332,0.868655,12.160281,0.000000,155
9763,92151593519177,13.332993,1.492316,0.864020,11.833695,0.000000,155
9764,92151606852170,13.334750,0.992453,1.009659,12.334882,0.000000,155
9765,92151620186920,13.332796,1.401978,0.771893,11.922692,0.000000,155
9766,92151633519716,13.335221,1.186442,0.823345,12.141342,0.000000,155
9767,92151646854937,13.334393,3.536067,0.782942,9.790061,0.000000,155
9768,92151660189330,13.333012,1.045655,1.168830,12.278287,0.000000,155
9769,92151673522342,13.334643,0.988265,0.887299,12.338047,0.000000,155
9770,92151686856985,13.332239,1.001872,0.587091,12.321296,0.000000,155
9771,92151700189224,13.330819,1.350962,0.466829,11.971892,0.000000,155
9772,92151713520043,13.335448,0.949963,0.454868,12.379617,0.000000,155
9773,92151726855491,13.330950,0.834516,0.378466,12.489328,0.000000,155
9774,92151740186441,13.335270,1.022650,0.573159,12.305699,0.000000,155
9775,92151753521711,13.333267,3.864667,0.512029,9.461264,0.000000,155
9776,92151766854978,13.336221,0.945286,0.520451,12.383354,0.000000,155
9777,92151780191199,13.330579,1.099416,1.002215,12.223023,0.000000,155
9778,92151793521778,13.336131,1.356841,1.563391,11.971486,0.000000,155
9779,92151806857909,13.333122,1.279209,0.869909,12.045092,0.000000,155
9780,92151820191031,13.331776,1.108704,0.843482,12.214382,0.000000,155
9781,92151833522807,13.334626,1.014097,1.042943,12.311431,0.000000,155
9782,92151846857433,13.333616,0.966093,0.786502,12.357552,0.000000,155
9783,92151860191049,13.331770,3.963981,0.772389,9.358706,0.000000,155
9784,92151873522819,13.335538,0.990961,0.893461,12.335087,0.000000,155
9785,92151886858357,13.332286,0.937109,0.772450,12.387874,0.000000,155
9786,92151900190643,13.335254,1.046917,0.883953,12.279642,0.000000,155
9787,92151913525897,13.331704,1.170244,0.820210,12.153920,0.000000,155
9788,92151926857601,13.333215,0.997637,0.815253,12.328258,0.000000,155
9789,92151940190816,13.334056,1.030115,0.741761,12.295748,0.000000,155
9790,92151953524872,13.460681,1.797371,0.981616,11.645965,0.000000,155
9791,92151966985553,13.435302,6.940527,0.796657,6.455019,0.000000,155
9792,92151980420855,13.475057,2.833060,0.900857,10.611283,0.000000,155
9793,92151993895912,13.438883,2.547869,0.789686,10.867337,0.000000,155
9794,92152007334795,13.441240,2.377575,1.090582,11.032945,0.000000,155
9795,92152020776035,13.317641,1.851719,0.824500,11.438878,0.000000,155
9796,92152034093676,13.327381,1.460674,1.158401,11.858173,0.000000,155
9797,92152047421057,13.329468,1.146230,0.641221,12.174648,0.000000,155
9798,92152060750525,13.337070,1.506975,0.625463,11.820889,0.000000,155
9799,92152074087595,13.328382,4.440280,0.517174,8.881916,0.000000,155
9800,92152087415977,13.336974,0.979317,0.533822,12.350967,0.000000,155
9801,92152100752951,13.523693,2.664649,0.518803,10.843895,0.000000,155
9802,92152114276644,13.481025,2.826182,0.584598,10.623739,0.000000,155
9803,92152127757669,13.325278,2.658771,0.590527,10.638618,0.000000,155
9804,92152141082947,13.448934,2.534191,0.496503,10.889038,0.000000,155
9805,92152154531881,13.439301,2.526477,0.713014,10.872887,0.000000,155
9806,92152167971182,13.474046,2.073139,0.536221,11.370454,0.000000,155
9807,92152181445228,13.308145,3.959558,0.546614,9.324343,0.000000,155
9808,92152194753373,13.336285,1.181564,0.427443,12.147311,0.000000,155
9809,92152208089658,13.333311,1.082282,0.384724,12.243362,0.000000,155
9810,92152221422969,13.331677,1.602855,0.552607,11.720529,0.000000,155
9811,92152234754646,13.333662,1.925556,0.525846,11.401092,0.000000,155
9812,92152248088308,13.332061,1.099668,0.494182,12.225504,0.000000,155
9813,92152261420369,13.336215,1.307784,0.495385,12.021276,0.000000,155
9814,92152274756584,13.332165,1.725390,0.561202,11.598460,0.000000,155
9815,92152288088749,13.333926,3.513021,0.507964,9.812846,0.000000,155
9816,92152301422675,13.330857,1.827600,0.783435,11.496180,0.000000,155
9817,92152314753532,13.336735,1.489535,0.567320,11.840272,0.000000,155
9818,92152328090267,13.339603,1.154279,0.521518,12.174267,0.000000,155
9819,92152341429870,13.326684,1.483156,0.438914,11.834034,0.000000,155
9820,92152354756554,13.333576,1.368130,0.416117,11.956935,0.000000,155
9821,92152368090130,13.338680,1.074821,0.477668,12.254442,0.000000,155
9822,92152381428810,13.329180,1.174530,0.395058,12.146516,0.000000,155
9823,92152394757990,13.329393,3.473893,0.452940,9.849125,0.000000,155
9824,92152408087383,13.334770,0.925009,0.646122,12.403565,0.000000,155
9825,92152421422153,13.335421,1.170315,0.733195,12.158182,0.000000,155
9826,92152434757574,13.331531,1.150646,0.520939,12.174165,0.000000,155
9827,92152448089105,13.332752,1.174330,0.359630,12.152474,0.000000,155
9828,92152461421857,13.333597,1.024282,0.476104,12.303173,0.000000,155
9829,92152474755454,13.334668,1.029503,0.442538,12.297838,0.000000,155
9830,92152488090122,13.333703,1.013909,0.534030,12.313560,0.000000,155
9831,92152501423825,13.330269,3.770850,0.375817,9.552874,0.000000,155
9832,92152514754094,13.335961,1.319876,0.525222,12.009929,0.000000,155
9833,92152528090055,13.332761,0.957365,0.654585,12.369179,0.000000,155
9834,92152541422816,13.335658,1.255704,0.557457,12.073318,0.000000,155
9835,92152554758474,13.332734,1.319754,0.672470,12.005365,0.000000,155
9836,92152568091208,13.333504,1.181328,0.514004,12.145943,0.000000,155
9837,92152581424712,13.332814,1.007104,0.510524,12.318909,0.000000,155
9838,92152594757526,13.332560,0.943579,0.935490,12.381692,0.000000,155
9839,92152608090086,13.334971,3.664763,0.500657,9.663338,0.000000,155
9840,92152621425057,13.334994,1.047717,0.665284,12.279749,0.000000,155
9841,92152634760051,13.332613,1.068360,0.476324,12.256793,0.000000,155
9842,92152648092664,13.335212,0.995930,0.515343,12.330452,0.000000,155
9843,92152661427876,13.329788,1.291878,0.501134,12.030593,0.000000,155
9844,92152674757664,13.334544,0.963667,0.523479,12.364616,0.000000,155
9845,92152688092208,13.332913,0.810006,0.496873,12.517043,0.000000,155
9846,92152701425121,13.332171,0.885947,0.571186,12.440838,0.000000,155
9847,92152714757292,13.333068,3.531243,0.504914,9.795632,0.000000,155
9848,92152728090360,13.335723,1.071263,0.997941,12.257227,0.000000,156
9849,92152741426083,13.332413,0.996252,0.803660,12.329885,0.000000,156
9850,92152754758496,13.333348,0.980325,0.858258,12.345431,0.000000,156
9851,92152768091844,13.356914,1.982861,1.027994,11.366186,0.000000,156
9852,92152781448758,13.334260,1.092548,1.057874,12.232630,0.000000,156
9853,92152794783018,13.330617,1.257878,0.861227,12.063892,0.000000,156
9854,92152808113635,13.336524,0.904775,0.770422,12.423647,0.000000,156
9855,92152821450159,13.332121,4.430135,0.902945,8.893403,0.000000,156
9856,92152834782280,13.332695,0.989282,0.806560,12.334986,0.000000,156
9857,92152848114975,13.333972,0.899459,0.960168,12.426761,0.000000,156
9858,92152861448947,13.333557,0.996174,0.918372,12.329480,0.000000,156
9859,92152874782504,13.333523,1.242948,0.855734,12.083040,0.000000,156
9860,92152888116027,13.334402,0.800597,0.504342,12.526617,0.000000,156
9861,92152901450429,13.333006,0.937845,0.551682,12.387440,0.000000,156
9862,92152914783435,13.333530,0.897496,0.519043,12.429303,0.000000,156
9863,92152928116965,13.332383,3.355666,0.488857,9.969834,0.000000,156
9864,92152941449348,13.333729,0.889177,0.503597,12.438360,0.000000,156
9865,92152954783077,13.332627,0.903638,0.511730,12.423372,0.000000,156
9866,92152968115704,13.333756,0.793120,0.495555,12.534966,0.000000,156
9867,92152981449460,13.332926,1.194248,0.596179,12.131659,0.000000,156
9868,92152994782386,13.331514,0.927021,0.547430,12.398759,0.000000,156
9869,92153008113900,13.335044,0.828790,0.474701,12.500862,0.000000,156
9870,92153021448944,13.333405,1.011461,0.553313,12.315476,0.000000,156
9871,92153034782349,13.333074,3.796808,0.476938,9.530239,0.000000,156
9872,92153048115423,13.335739,0.936727,0.471961,12.392383,0.000000,156
9873,92153061451162,13.331566,1.013862,0.506711,12.310931,0.000000,156
9874,92153074782728,13.335279,0.984681,0.499589,12.343054,0.000000,156
9875,92153088118007,13.332136,1.248799,0.466623,12.076048,0.000000,156
9876,92153101450143,13.333155,1.024448,0.369009,12.301361,0.000000,156
9877,92153114783298,13.332230,0.904920,0.503769,12.421136,0.000000,156
9878,92153128115528,13.332475,0.762972,0.523312,12.564857,0.000000,156
9879,92153141448003,13.333970,3.300380,0.504524,10.028845,0.000000,156
9880,92153154781973,13.334109,0.937962,0.496162,12.391317,0.000000,156
9881,92153168116082,13.334071,0.861499,0.524908,12.466621,0.000000,156
9882,92153181450153,13.333901,0.986580,0.491398,12.339588,0.000000,156
9883,92153194784054,13.335977,1.239273,0.497680,12.089772,0.000000,156
9884,92153208120031,13.328893,0.911983,0.375328,12.410073,0.000000,156
9885,92153221448924,13.333740,0.951361,0.345401,12.376164,0.000000,156
9886,92153234782664,13.334417,0.936097,0.941374,12.391662,0.000000,156
9887,92153248117081,13.331940,3.549020,0.948095,9.776931,0.000000,156
9888,92153261449021,13.336135,0.892203,0.474003,12.437748,0.000000,156
9889,92153274785156,13.333690,1.008521,0.457120,12.318303,0.000000,156
9890,92153288118846,13.332751,0.898826,0.450197,12.427694,0.000000,156
9891,92153301451597,13.332967,1.290022,0.487246,12.036213,0.000000,156
9892,92153314784564,13.332894,1.174838,0.479048,12.151923,0.000000,156
9893,92153328117458,13.333170,0.866686,0.462556,12.460719,0.000000,156
9894,92153341450628,13.332891,0.935028,0.552731,12.391405,0.000000,156
9895,92153354783519,13.331543,3.850780,0.464813,9.475310,0.000000,156
9896,92153368115062,13.336034,0.851285,0.483598,12.479604,0.000000,156
9897,92153381451096,13.334074,1.084625,0.490087,12.242233,0.000000,156
9898,92153394785170,13.331206,1.002628,0.454181,12.322724,0.000000,156
9899,92153408116376,13.334034,1.911393,0.483172,11.417023,0.000000,156
9900,92153421450410,13.335123,1.072607,0.366956,12.257079,0.000000,156
9901,92153434785533,13.332506,0.972925,1.159781,12.353901,0.000000,156
9902,92153448118039,13.333662,0.770592,0.569523,12.557785,0.000000,156
9903,92153461451701,13.330453,3.714907,0.404825,9.610699,0.000000,156
9904,92153474782154,13.336796,1.003421,0.317466,12.326821,0.000000,156
9905,92153488118950,13.332952,0.888876,0.436493,12.438089,0.000000,156
9906,92153501451902,13.332830,0.998611,0.348644,12.327872,0.000000,156
9907,92153514784732,13.332348,1.098647,0.470018,12.228287,0.000000,156
9908,92153528117080,13.332774,0.778391,0.459613,12.549266,0.000000,156
9909,92153541449854,13.333364,0.791724,0.502010,12.537463,0.000000,156
9910,92153554783218,13.336497,0.878156,0.408165,12.452508,0.000000,156
9911,92153568119715,13.330440,4.230834,0.338027,9.094369,0.000000,156
9912,92153581450155,13.333822,2.331925,0.466936,10.995884,0.000000,156
9913,92153594783977,13.335307,0.913877,0.489532,12.415985,0.000000,156
9914,92153608119284,13.331511,0.879611,0.397215,12.446756,0.000000,156
9915,92153621450795,13.333831,1.246166,0.454358,12.081587,0.000000,156
9916,92153634784626,13.334566,0.996696,0.476747,12.331930,0.000000,156
9917,92153648119192,13.333049,0.901665,0.479532,12.425568,0.000000,156
9918,92153661452241,13.333577,1.061425,0.542750,12.266539,0.000000,156
9919,92153674785818,13.331030,3.348484,0.461043,9.977168,0.000000,156
9920,92153688116848,13.336419,0.782219,0.465765,12.548698,0.000000,156
9921,92153701453267,13.333238,0.826549,0.491552,12.501146,0.000000,156
9922,92153714786505,13.333923,0.812895,1.751138,12.515622,0.000000,156
9923,92153728120428,13.331544,0.976898,0.447984,12.348714,0.000000,156
9924,92153741451972,13.334605,0.807008,0.472108,12.522687,0.000000,156
9925,92153754786577,13.334499,0.813521,0.465620,12.515544,0.000000,156
9926,92153768121076,13.332266,0.800840,0.501439,12.526179,0.000000,156
9927,92153781453342,13.332213,3.669938,0.351096,9.657490,0.000000,156
9928,92153794785555,13.333325,0.816553,1.172431,12.511194,0.000000,156
9929,92153808118880,13.334007,0.862287,0.407890,12.466495,0.000000,156
9930,92153821452887,13.335744,0.892448,0.541703,12.437541,0.000000,156
9931,92153834788631,13.332967,1.103646,0.484159,12.222242,0.000000,156
9932,92153848121598,13.333805,0.826402,0.449867,12.500864,0.000000,156
9933,92153861455403,13.332623,0.934404,0.352505,12.392008,0.000000,156
9934,92153874788026,13.333453,0.882910,0.518023,12.444817,0.000000,156
9935,92153888121479,13.333263,3.407181,0.498488,9.919965,0.000000,156
9936,92153901454742,13.333447,0.935683,0.344285,12.392048,0.000000,156
9937,92153914788189,13.334003,1.119209,0.379440,12.208596,0.000000,156
9938,92153928122192,13.334952,0.928988,0.360092,12.398492,0.000000,156
9939,92153941457144,13.331624,1.299325,0.348984,12.024583,0.000000,156
9940,92153954788768,13.333801,0.979156,0.320797,12.347760,0.000000,156
9941,92153968122569,13.334143,0.982324,0.348611,12.344651,0.000000,156
9942,92153981456712,13.333013,1.054009,0.569453,12.271654,0.000000,156
9943,92153994789725,13.330022,3.674874,0.485747,9.648956,0.000000,156
9944,92154008119747,13.336812,0.835918,0.470313,12.495320,0.000000,156
9945,92154021456559,13.332678,1.004179,0.468171,12.321252,0.000000,156
9946,92154034789237,13.333061,0.995843,0.348774,12.330973,0.000000,156
9947,92154048122298,13.335654,1.174344,0.488653,12.153131,0.000000,156
9948,92154061457952,13.331416,1.019069,0.501587,12.305863,0.000000,156
9949,92154074789368,13.334876,1.025842,0.482254,12.301839,0.000000,156
9950,92154088124244,13.332542,0.931995,0.653624,12.393240,0.000000,156
9951,92154101456786,13.331418,3.594666,0.489513,9.730648,0.000000,156
9952,92154114788204,13.333880,0.882371,0.351194,12.445818,0.000000,156
9953,92154128122084,13.334767,0.846970,0.336860,12.482124,0.000000,156
9954,92154141456851,13.333012,0.998196,0.378672,12.328443,0.000000,156
9955,92154154789863,13.331998,1.237550,0.484615,12.088686,0.000000,156
9956,92154168121861,13.335928,0.902987,0.338433,12.426640,0.000000,156
9957,92154181457789,13.334232,0.944426,0.417972,12.382927,0.000000,156
9958,92154194792021,13.331451,0.909939,0.443547,12.415228,0.000000,156
9959,92154208123472,13.333861,3.663249,0.490428,9.663847,0.000000,156
9960,92154221457333,13.334636,0.986133,0.467732,12.341627,0.000000,156
9961,92154234791969,13.331953,0.970219,0.467446,12.355191,0.000000,156
9962,92154248123922,13.333921,0.902141,0.482410,12.425045,0.000000,156
9963,92154261457843,13.334618,1.214948,0.343301,12.112389,0.000000,156
9964,92154274792461,13.331861,0.942702,0.333249,12.381747,0.000000,156
9965,92154288124322,13.333607,0.875161,0.334216,12.451623,0.000000,156
9966,92154301457929,13.334268,0.988993,0.538271,12.338361,0.000000,156
9967,92154314792197,13.331505,3.597176,0.463801,9.727178,0.000000,156
9968,92154328123702,13.333849,0.821596,0.332120,12.506473,0.000000,156
9969,92154341457551,13.335094,0.965359,0.422524,12.362738,0.000000,156
9970,92154354792645,13.331405,0.978961,0.437506,12.341713,0.000000,156
9971,92154368124050,13.333575,1.097388,0.316185,12.229975,0.000000,156
9972,92154381457625,13.334320,0.957319,0.335675,12.369810,0.000000,156
9973,92154394791945,13.333276,0.953917,0.455112,12.373160,0.000000,156
9974,92154408125221,13.333258,0.861017,0.529066,12.465822,0.000000,156
9975,92154421458479,13.333347,3.431778,0.438616,9.894945,0.000000,156
9976,92154434791826,13.333869,1.064231,0.336825,12.263147,0.000000,156
9977,92154448125695,13.334048,0.888602,0.336419,12.437760,0.000000,156
9978,92154461459743,13.333472,0.978386,0.324801,12.348382,0.000000,156
9979,92154474793215,13.332372,1.237522,0.271589,12.084889,0.000000,156
9980,92154488125587,13.333482,0.867986,0.321953,12.458516,0.000000,156
9981,92154501459069,13.333499,0.967277,0.415088,12.359609,0.000000,156
9982,92154514792568,13.334333,0.931170,0.516249,12.396286,0.000000,156
9983,92154528126901,13.331257,3.379303,0.331170,9.945700,0.000000,156
9984,92154541458158,13.332397,0.911258,0.325294,12.415742,0.000000,156
9985,92154554790555,13.335379,0.909183,0.327302,12.419803,0.000000,156
9986,92154568125934,13.334381,0.950492,0.360532,12.377763,0.000000,156
9987,92154581460315,13.332498,1.242968,0.461695,12.082407,0.000000,156
9988,92154594792813,13.333856,0.942763,0.469198,12.380682,0.000000,156
9989,92154608126669,13.332925,0.925612,0.530270,12.400714,0.000000,156
9990,92154621459594,13.333068,0.946295,0.562816,12.380106,0.000000,156
9991,92154634792662,13.334154,3.933991,0.475349,9.394019,0.000000,156
9992,92154648126816,13.335457,1.045548,0.481032,12.283362,0.000000,156
9993,92154661462273,13.331509,1.010159,0.483627,12.313716,0.000000,156
9994,92154674793782,13.334954,0.970183,0.471887,12.354223,0.000000,156
9995,92154688128736,13.332488,1.141856,0.441515,12.183266,0.000000,156
9996,92154701461224,13.333111,0.949805,0.479338,12.375786,0.000000,156
9997,92154714794335,13.334462,0.959638,0.353354,12.365416,0.000000,157
9998,92154728128797,13.331706,0.897373,0.628404,12.426737,0.000000,157
9999,92154741460503,13.332221,3.765040,0.468373,9.560338,0.000000,157
10000,92154754792724,13.335742,0.976590,0.429120,12.349592,0.000000,157
10001,92154768128466,13.332276,0.949482,0.445482,12.375418,0.000000,157
10002,92154781460742,13.332887,1.043206,0.462463,12.283532,0.000000,157
10003,92154794793629,13.334920,1.114196,0.440606,12.209930,0.000000,157
10004,92154808128549,13.330597,0.919112,0.336895,12.404239,0.000000,157
10005,92154821459146,13.332799,0.950604,0.336569,12.376388,0.000000,157
10006,92154834791945,13.333044,0.887061,0.537633,12.440761,0.000000,157
10007,92154848124989,13.337855,3.315890,0.475982,10.015883,0.000000,157
10008,92154861462844,13.330950,0.990731,0.467969,12.334521,0.000000,157
10009,92154874793794,13.333853,0.906018,0.449197,12.418738,0.000000,157
10010,92154888127647,13.334367,0.850376,0.455918,12.477686,0.000000,157
10011,92154901462014,13.332342,1.234178,0.440526,12.091212,0.000000,157
10012,92154914794356,13.333931,0.830765,0.330907,12.492063,0.000000,157
10013,92154928128287,13.333745,0.840513,0.443218,12.487619,0.000000,157
10014,92154941462032,13.337170,0.955791,0.585142,12.370224,0.000000,157
10015,92154954799202,13.329412,3.349547,0.461065,9.965122,0.000000,157
10016,92154968128614,13.333326,0.874230,0.463451,12.453641,0.000000,157
10017,92154981461940,13.337201,0.915618,0.348086,12.411552,0.000000,157
10018,92154994799141,13.330296,0.829595,0.448826,12.494365,0.000000,157
10019,92155008129437,13.333192,0.960730,0.489539,12.366288,0.000000,157
10020,92155021462629,13.336033,0.927291,0.470046,12.399690,0.000000,157
10021,92155034798662,13.330225,0.925173,0.476614,12.398620,0.000000,157
10022,92155048128887,13.334485,0.844052,0.477368,12.483643,0.000000,157
10023,92155061463372,13.335140,3.418960,0.349463,9.906410,0.000000,157
10024,92155074798512,13.329726,0.836973,0.461005,12.487348,0.000000,157
10025,92155088128238,13.333257,0.723833,0.465785,12.604256,0.000000,157
10026,92155101461495,13.338020,0.921403,0.478536,12.407932,0.000000,157
10027,92155114799515,13.328816,1.036698,0.441865,12.285551,0.000000,157
10028,92155128128331,13.334416,0.786877,0.317911,12.542521,0.000000,157
10029,92155141462747,13.336942,0.937613,0.329905,12.389014,0.000000,157
10030,92155154799689,13.329219,0.937618,0.463076,12.385239,0.000000,157
10031,92155168128908,13.333879,3.377771,0.495347,9.949702,0.000000,157
10032,92155181462787,13.338205,0.899560,0.469620,12.427704,0.000000,157
10033,92155194800992,13.329950,0.943360,0.368782,12.378902,0.000000,157
10034,92155208130942,13.332500,1.128387,0.476941,12.196668,0.000000,157
10035,92155221463442,13.335909,1.642616,0.468557,11.684706,0.000000,157
10036,92155234799351,13.330137,1.011690,0.469837,12.311827,0.000000,157
10037,92155248129488,13.334042,0.917667,0.480394,12.410442,0.000000,157
10038,92155261463530,13.339076,0.995490,0.521267,12.331642,0.000000,157
10039,92155274802606,13.326096,3.684675,0.462346,9.634933,0.000000,157
10040,92155288128702,13.335284,0.865703,0.437913,12.463153,0.000000,157
10041,92155301463986,13.336806,0.956238,0.462625,12.370754,0.000000,157
10042,92155314800792,13.328922,0.863310,0.461787,12.459793,0.000000,157
10043,92155328129714,13.334728,1.033531,0.523366,12.295866,0.000000,157
10044,92155341464442,13.337385,0.939815,0.480044,12.390556,0.000000,157
10045,92155354801827,13.326894,0.951453,0.488368,12.360281,0.000000,157
10046,92155368128721,13.335573,0.797665,0.511205,12.532217,0.000000,157
10047,92155381464294,13.337052,3.450388,0.474158,9.880669,0.000000,157
10048,92155394801346,13.329945,0.885044,0.513991,12.438982,0.000000,157
10049,92155408131291,13.332907,0.756899,0.467736,12.569814,0.000000,157
10050,92155421464198,13.336128,0.916211,0.479513,12.414112,0.000000,157
10051,92155434800326,13.331489,1.145994,0.472788,12.178881,0.000000,157
10052,92155448131815,13.334102,0.878682,0.472610,12.448316,0.000000,157
10053,92155461465917,13.335853,0.978066,0.499687,12.350286,0.000000,157
10054,92155474801770,13.331154,1.046881,0.566724,12.276245,0.000000,157
10055,92155488132924,13.332312,3.707318,0.459166,9.618447,0.000000,157
10056,92155501465236,13.338002,0.983392,0.465406,12.347921,0.000000,157
10057,92155514803238,13.329466,0.959911,0.452060,12.362541,0.000000,157
10058,92155528132704,13.333896,0.869005,0.358634,12.458201,0.000000,157
10059,92155541466600,13.336575,1.216854,0.354292,12.112127,0.000000,157
10060,92155554803175,13.331244,0.951737,0.481288,12.372298,0.000000,157
10061,92155568134419,13.332592,0.903168,0.474049,12.422477,0.000000,157
10062,92155581467011,13.348925,1.047390,0.507249,12.294233,0.000000,157
10063,92155594815936,13.317687,3.328230,0.481554,9.983412,0.000000,157
10064,92155608133623,13.333688,0.876817,0.478574,12.449255,0.000000,157
10065,92155621467311,13.347707,1.000575,0.502987,12.339906,0.000000,157
10066,92155634815018,13.318344,0.944614,0.487088,12.366684,0.000000,157
10067,92155648133362,13.335605,1.130885,0.345134,12.196848,0.000000,157
10068,92155661468967,13.346717,1.093684,0.489526,12.245684,0.000000,157
10069,92155674815684,13.319708,0.950223,0.474023,12.363729,0.000000,157
10070,92155688135392,13.331085,0.927991,1.711978,12.395407,0.000000,157
10071,92155701466477,13.348167,3.394471,0.476071,9.948343,0.000000,157
10072,92155714814644,13.318446,0.904302,0.477945,12.408773,0.000000,157
10073,92155728133090,13.336201,0.871416,0.485156,12.457246,0.000000,157
10074,92155741469291,13.335901,0.977408,0.493990,12.351093,0.000000,157
10075,92155754805192,13.331685,1.218658,0.474148,12.105273,0.000000,157
10076,92155768136877,13.331809,0.925981,0.469936,12.397939,0.000000,157
10077,92155781468686,13.334953,0.995247,0.495117,12.332949,0.000000,157
10078,92155794803639,13.334125,0.930895,0.491825,12.396124,0.000000,157
10079,92155808137764,13.331438,3.359955,0.458953,9.964953,0.000000,157
10080,92155821469202,13.335873,0.840679,0.445647,12.489404,0.000000,157
10081,92155834805075,13.334082,0.923957,0.326028,12.403818,0.000000,157
10082,92155848139157,13.332663,0.885178,0.519957,12.440033,0.000000,157
10083,92155861471820,13.343922,1.175568,0.489519,12.150649,0.000000,157
10084,92155874815742,13.323841,0.949452,0.478711,12.366804,0.000000,157
10085,92155888139583,13.334541,0.986856,0.369308,12.340572,0.000000,157
10086,92155901474124,13.343359,1.100363,0.383724,12.234709,0.000000,157
10087,92155914817483,13.342638,3.377363,0.353223,9.958364,0.000000,157
10088,92155928160121,13.332731,0.939082,0.330494,12.386238,0.000000,157
10089,92155941492852,13.333653,0.908733,0.496663,12.417938,0.000000,157
10090,92155954826505,13.332367,0.917743,0.485639,12.407725,0.000000,157
10091,92155968158872,13.332420,1.147777,0.469032,12.177893,0.000000,157
10092,92155981491292,13.333930,0.955006,0.489153,12.372405,0.000000,157
10093,92155994825222,13.331235,0.928159,0.477604,12.397498,0.000000,157
10094,92156008156457,13.335571,0.839951,0.435601,12.489914,0.000000,157
10095,92156021492028,13.336083,3.343488,0.469203,9.985438,0.000000,157
10096,92156034828111,13.329902,1.033974,0.485729,12.289620,0.000000,157
10097,92156048158013,13.334974,0.862981,0.367252,12.464828,0.000000,157
10098,92156061492987,13.334048,0.977385,0.487774,12.349561,0.000000,157
10099,92156074827035,13.333111,1.230906,0.463332,12.094901,0.000000,157
10100,92156088160146,13.332988,0.860942,0.469768,12.464546,0.000000,157
10101,92156101493134,13.333582,0.949687,0.495747,12.376229,0.000000,157
10102,92156114826716,13.332045,0.963994,0.512129,12.361007,0.000000,157
10103,92156128158761,13.346635,3.624325,0.527654,9.715343,0.000000,157
10104,92156141505396,13.333157,1.016495,1.314371,12.308948,0.000000,157
10105,92156154838553,13.334440,2.648416,0.623648,10.677421,0.000000,157
10106,92156168172993,13.329679,1.666745,0.558762,11.655915,0.000000,157
10107,92156181502672,13.332117,1.068161,0.556900,12.258178,0.000000,157
10108,92156194834789,13.336957,0.856988,0.536346,12.473374,0.000000,157
10109,92156208171746,13.332182,0.848762,0.547333,12.477127,0.000000,157
10110,92156221503928,13.333202,0.890828,0.556412,12.435712,0.000000,157
10111,92156234837130,13.340520,3.310288,0.525127,10.020734,0.000000,157
10112,92156248177650,13.328313,0.898546,0.517500,12.421827,0.000000,157
10113,92156261505963,13.332514,0.994188,0.517440,12.332220,0.000000,158
10114,92156274838477,13.334753,0.972366,0.383363,12.355810,0.000000,158
10115,92156288173230,13.332538,1.243330,0.393242,12.082457,0.000000,158
10116,92156301505768,13.333065,1.058466,0.518434,12.267894,0.000000,158
10117,92156314838833,13.331287,1.045566,0.504395,12.279034,0.000000,158
10118,92156328170120,13.336363,0.950990,0.567240,12.378659,0.000000,158
10119,92156341506483,13.334483,3.892434,0.553837,9.434557,0.000000,158
10120,92156354840966,13.333684,1.137492,0.537706,12.187920,0.000000,158
10121,92156368174650,13.332700,0.982153,0.552557,12.343014,0.000000,158
10122,92156381507350,13.333220,0.930110,0.539595,12.396188,0.000000,158
10123,92156394840570,13.331212,1.148141,0.546928,12.176870,0.000000,158
10124,92156408171782,13.332060,0.839256,0.506962,12.486569,0.000000,158
10125,92156421503842,13.334248,0.937470,0.537800,12.392109,0.000000,158
10126,92156434838090,13.359151,1.003224,0.574721,12.349731,0.000000,158
10127,92156448197241,13.331987,3.740394,0.546532,9.585168,0.000000,158
10128,92156461529228,13.335158,1.037228,0.517978,12.290523,0.000000,158
10129,92156474864386,13.331725,0.895192,0.521925,12.429884,0.000000,158
10130,92156488196111,13.334897,0.793627,0.563911,12.534673,0.000000,158
10131,92156501531008,13.331113,1.308920,0.559998,12.014883,0.000000,158
10132,92156514862121,13.333016,1.171523,0.498477,12.154674,0.000000,158
10133,92156528195137,13.334280,0.893254,0.556583,12.434796,0.000000,158
10134,92156541529417,13.335588,1.138815,0.562720,12.189623,0.000000,158
10135,92156554865005,13.333073,3.939673,0.573210,9.385596,0.000000,158
10136,92156568198078,13.330982,1.246234,0.547823,12.077784,0.000000,158
10137,92156581529060,13.333355,1.087659,0.473705,12.238579,0.000000,158
10138,92156594862415,13.344572,1.000632,0.492959,12.337832,0.000000,158
10139,92156608206987,13.333893,1.186841,0.584227,12.140368,0.000000,158
10140,92156621540880,13.332407,1.074934,0.543338,12.250086,0.000000,158
10141,92156634873287,13.334904,0.983829,0.516205,12.343954,0.000000,158
10142,92156648208191,13.331916,0.956278,0.508400,12.369048,0.000000,158
10143,92156661540107,13.335159,3.374632,0.433684,9.954503,0.000000,158
10144,92156674875266,13.330097,1.035465,0.527497,12.288366,0.000000,158
10145,92156688205363,13.335071,0.827564,0.532501,12.501411,0.000000,158
10146,92156701540434,13.332881,0.865104,0.527946,12.461382,0.000000,158
10147,92156714873315,13.335324,1.171189,0.518906,12.158171,0.000000,158
10148,92156728208639,13.333419,0.933470,0.549123,12.391800,0.000000,158
10149,92156741542058,13.331272,0.948955,0.409607,12.376528,0.000000,158
10150,92156754873330,13.342123,0.865980,0.585526,12.467733,0.000000,158
10151,92156768215453,13.327225,3.393050,0.535701,9.924176,0.000000,158
10152,92156781542678,13.329997,0.916628,0.544753,12.407104,0.000000,158
10153,92156794872675,13.336218,0.837212,0.577330,12.493061,0.000000,158
10154,92156808208893,13.332350,0.827348,0.522832,12.498569,0.000000,158
10155,92156821541243,13.332841,1.137039,0.547970,12.190142,0.000000,158
10156,92156834874084,13.335865,0.909825,0.526350,12.418892,0.000000,158
10157,92156848209949,13.330896,0.879695,0.522018,12.445183,0.000000,158
10158,92156861540845,13.334845,1.005255,0.415141,12.322894,0.000000,158
10159,92156874875690,13.335493,3.468323,0.500044,9.858366,0.000000,158
10160,92156888211183,13.332564,1.050618,0.625586,12.274437,0.000000,158
10161,92156901543747,13.332100,1.191644,0.552168,12.133387,0.000000,158
10162,92156914875847,13.331644,1.040330,0.527767,12.284631,0.000000,158
10163,92156928207491,13.336179,1.166813,0.555494,12.162928,0.000000,158
10164,92156941543670,13.330402,1.038312,0.526946,12.285620,0.000000,158
10165,92156954874072,13.335150,1.143556,0.515406,12.185697,0.000000,158
10166,92156968209222,13.333136,0.937066,0.609289,12.388961,0.000000,158
10167,92156981542358,13.335187,3.499727,0.695725,9.828345,0.000000,158
10168,92156994877545,13.333357,1.089883,0.522670,12.236285,0.000000,158
10169,92157008210902,13.333208,0.934783,0.397986,12.391731,0.000000,158
10170,92157021544110,13.332643,1.011068,0.396203,12.314397,0.000000,158
10171,92157034876753,13.333276,1.296410,0.366241,12.029798,0.000000,158
10172,92157048210029,13.336864,0.908146,0.425645,12.420656,0.000000,158
10173,92157061546893,13.331557,1.219090,0.559282,12.105518,0.000000,158
10174,92157074878450,13.331482,1.098417,0.573163,12.225794,0.000000,158
10175,92157088209932,13.337124,3.696160,0.569689,9.632468,0.000000,158
10176,92157101547056,13.330339,1.104741,0.565067,12.216970,0.000000,158
10177,92157114877395,13.334165,1.053219,0.531700,12.273782,0.000000,158
10178,92157128211560,13.333918,0.955277,0.549505,12.371247,0.000000,158
10179,92157141545478,13.331670,1.368123,0.522775,11.956612,0.000000,158
10180,92157154877148,13.334500,1.108928,0.544414,12.219203,0.000000,158
10181,92157168211648,13.334234,0.975455,0.574749,12.351688,0.000000,158
10182,92157181545882,13.333137,1.051997,0.432659,12.274101,0.000000,158
10183,92157194879019,13.336159,3.801175,0.454453,9.526576,0.000000,158
10184,92157208215178,13.331230,1.214306,0.395402,12.108378,0.000000,158
10185,92157221546408,13.330149,1.087578,0.532823,12.235567,0.000000,158
10186,92157234876557,13.332413,1.046138,0.548781,12.281088,0.000000,158
10187,92157248208970,13.336875,1.160735,0.545610,12.169766,0.000000,158
10188,92157261545845,13.334240,1.155478,0.530808,12.171807,0.000000,158
10189,92157274880085,13.331356,2.044694,0.508420,11.279126,0.000000,159
10190,92157288211441,13.335129,0.937570,0.542273,12.390452,0.000000,159
10191,92157301546570,13.336231,3.819221,0.541622,9.508286,0.000000,159
10192,92157314882801,13.329042,2.072573,0.497520,11.249080,0.000000,159
10193,92157328211843,13.333008,0.959691,0.507093,12.366743,0.000000,159
10194,92157341544851,13.334665,1.004823,0.502528,12.322205,0.000000,159
10195,92157354879516,13.333316,1.290170,0.485763,12.035370,0.000000,159
10196,92157368212832,13.333446,0.941137,0.521564,12.385349,0.000000,159
10197,92157381546278,13.334912,1.021146,0.500219,12.306878,0.000000,159
10198,92157394881190,13.330724,1.119595,0.530921,12.204149,0.000000,159
10199,92157408211914,13.335569,3.667236,0.508112,9.661083,0.000000,159
10200,92157421547483,13.333637,1.035363,0.514260,12.290155,0.000000,159
10201,92157434881120,13.331000,1.035498,0.368850,12.288536,0.000000,159
10202,92157448212120,13.334552,0.951711,0.354856,12.375689,0.000000,159
10203,92157461546672,13.333047,1.433785,0.388001,11.892374,0.000000,159
10204,92157474879719,13.332387,1.063284,0.350691,12.262580,0.000000,159
10205,92157488212106,13.333510,0.808345,0.484047,12.519676,0.000000,159
10206,92157501545616,13.334078,0.909178,0.515592,12.418602,0.000000,159
10207,92157514879694,13.333191,3.283355,0.516029,10.044364,0.000000,159
10208,92157528212885,13.332764,0.789172,0.475618,12.537691,0.000000,159
10209,92157541545649,13.342404,0.862316,0.498511,12.468722,0.000000,159
10210,92157554888053,13.324039,0.950551,0.607528,12.365170,0.000000,159
10211,92157568212092,13.333282,1.004871,0.625277,12.322396,0.000000,159
10212,92157581545374,13.333440,0.804917,0.763175,12.523014,0.000000,159
10213,92157594878814,13.334540,0.946018,0.825078,12.382359,0.000000,159
10214,92157608213354,13.346967,0.994562,0.798624,12.339705,0.000000,159
10215,92157621560321,13.320257,3.455016,0.467186,9.850211,0.000000,159
10216,92157634880578,13.332701,1.301670,0.567696,12.023204,0.000000,159
10217,92157648213279,13.332973,0.948042,0.486742,12.377902,0.000000,159
10218,92157661546252,13.332912,1.131206,0.498295,12.194531,0.000000,159
10219,92157674879164,13.335400,1.475755,0.549819,11.851554,0.000000,159
10220,92157688214564,13.332277,1.103956,0.663351,12.220622,0.000000,159
10221,92157701546841,13.334029,1.175105,0.575994,12.152122,0.000000,159
10222,92157714880870,13.332950,1.500057,0.594431,11.825322,0.000000,159
10223,92157728213820,13.333337,4.279609,0.525741,9.046797,0.000000,159
10224,92157741547157,13.334191,1.035348,0.526826,12.291320,0.000000,159
10225,92157754881348,13.334401,1.273018,0.916748,12.053411,0.000000,159
10226,92157768215749,13.332309,1.309148,0.816734,12.016059,0.000000,159
10227,92157781548058,13.333636,3.182250,0.560520,10.144404,0.000000,159
10228,92157794881694,13.332733,1.228489,0.560063,12.097635,0.000000,159
10229,92157808214427,13.334340,1.814269,0.777969,11.514096,0.000000,159
10230,92157821548767,13.331391,1.298798,0.595805,12.025327,0.000000,159
10231,92157834880158,13.335312,4.274623,0.639716,9.053244,0.000000,159
10232,92157848215470,13.332943,1.210624,0.557428,12.114455,0.000000,159
10233,92157861548413,13.334638,1.106899,0.563168,12.220442,0.000000,159
10234,92157874883051,13.331775,1.279825,0.585214,12.044274,0.000000,159
10235,92157888214826,13.336212,1.518908,0.577739,11.809028,0.000000,159
10236,92157901551038,13.330379,1.310104,0.554325,12.011650,0.000000,159
10237,92157914881417,13.334781,1.289630,0.658516,12.037582,0.000000,159
10238,92157928216198,13.344364,1.325554,0.547390,12.008402,0.000000,159
10239,92157941560562,13.322492,3.661332,0.537972,9.651546,0.000000,159
10240,92157954883054,13.334289,1.247552,0.392955,12.078745,0.000000,159
10241,92157968217343,13.338318,1.028181,0.659674,12.302008,0.000000,159
10242,92157981555661,13.331700,1.199670,0.396348,12.124322,0.000000,159
10243,92157994887361,13.333514,1.600052,0.350142,11.726836,0.000000,159
10244,92158008220875,13.333523,1.029957,0.536053,12.295747,0.000000,159
10245,92158021554398,13.330847,1.340343,0.437548,11.984270,0.000000,159
10246,92158034885245,13.336546,1.039620,0.453360,12.290295,0.000000,159
10247,92158048221791,13.332439,3.406617,0.360371,9.917390,0.000000,159
10248,92158061554230,13.331224,1.046746,0.309814,12.278634,0.000000,159
10249,92158074885454,13.336973,0.841077,0.402954,12.488915,0.000000,159
10250,92158088222427,13.332443,0.814402,0.682495,12.511392,0.000000,159
10251,92158101554870,13.336116,1.580791,0.474047,11.746310,0.000000,159
10252,92158114890986,13.329212,1.086891,0.435494,12.234497,0.000000,159
10253,92158128220198,13.342759,0.922568,0.459153,12.410699,0.000000,159
10254,92158141562957,13.325394,1.037726,0.475413,12.277575,0.000000,159
10255,92158154888351,13.330828,3.711570,0.439607,9.612488,0.000000,159
10256,92158168219179,13.338429,0.782925,0.439335,12.547733,0.000000,159
10257,92158181557608,13.332365,0.940849,0.575847,12.384563,0.000000,159
10258,92158194889973,13.334432,1.282127,0.468397,12.044541,0.000000,159
10259,92158208224405,13.333134,1.456745,0.327955,11.867530,0.000000,159
10260,92158221557539,13.332412,1.117277,0.415299,12.207174,0.000000,159
10261,92158234889951,13.330852,0.960441,0.405389,12.362642,0.000000,159
10262,92158248220803,13.332498,0.895513,0.433935,12.432002,0.000000,159
10263,92158261553301,13.333235,3.304988,0.499009,10.022815,0.000000,159
10264,92158274886536,13.335117,0.996178,0.427112,12.333305,0.000000,159
10265,92158288221653,13.333786,1.029426,0.438451,12.298124,0.000000,159
10266,92158301555439,13.336423,1.098233,0.500135,12.230862,0.000000,159
10267,92158314891862,13.331298,1.497023,0.464153,11.826338,0.000000,159
10268,92158328223160,13.332370,0.998047,0.498161,12.327645,0.000000,159
10269,92158341555530,13.333457,1.181523,0.489711,12.144797,0.000000,159
10270,92158354888987,13.336839,1.154269,0.426489,12.174451,0.000000,159
10271,92158368225826,13.331102,3.774130,0.426054,9.548477,0.000000,159
10272,92158381556928,13.337351,1.143702,0.583460,12.185603,0.000000,159
10273,92158394894279,13.332153,1.428700,0.604513,11.892656,0.000000,159
10274,92158408226432,13.334682,1.385643,0.313045,11.938550,0.000000,159
10275,92158421561114,13.327824,1.699247,0.606967,11.620109,0.000000,159
10276,92158434888938,13.332022,1.160591,0.565962,12.165732,0.000000,159
10277,92158448220960,13.335652,1.187257,0.461813,12.141741,0.000000,159
10278,92158461556612,13.335569,1.164526,0.452799,12.164231,0.000000,159
10279,92158474892181,13.333932,3.905266,0.475681,9.421476,0.000000,159
10280,92158488226113,13.332392,1.086075,0.458214,12.239484,0.000000,159
10281,92158501558505,13.336518,1.306135,0.587805,12.022383,0.000000,159
10282,92158514895023,13.328863,1.143059,0.453673,12.179448,0.000000,159
10283,92158528223886,13.336707,1.408539,0.442163,11.920770,0.000000,159
10284,92158541560593,13.334131,1.222166,0.545342,12.104211,0.000000,159
10285,92158554894724,13.330916,1.225713,0.428704,12.097736,0.000000,159
10286,92158568225640,13.332875,1.155974,0.412291,12.170917,0.000000,159
10287,92158581558515,13.335401,3.763039,0.553327,9.565125,0.000000,159
10288,92158594893916,13.335833,1.215540,0.451536,12.111077,0.000000,159
10289,92158608229749,13.338649,1.187112,0.338525,12.140584,0.000000,159
10290,92158621568398,13.326648,1.370636,0.301855,11.945812,0.000000,159
10291,92158634895046,13.332814,1.591646,0.394884,11.732412,0.000000,159
10292,92158648227860,13.332884,1.047069,0.382486,12.277949,0.000000,159
10293,92158661560744,13.335113,1.290432,0.415348,12.037532,0.000000,159
10294,92158674895857,13.338049,1.264811,0.404133,12.061126,0.000000,159
10295,92158688233906,13.324255,3.406113,0.426388,9.910869,0.000000,159
10296,92158701558161,13.335669,1.065018,0.508177,12.265841,0.000000,159
10297,92158714893830,13.334310,1.114627,0.425796,12.213583,0.000000,159
10298,92158728228140,13.333443,1.113180,0.395234,12.213146,0.000000,159
10299,92158741561583,13.337337,1.646809,0.409241,11.681906,0.000000,159
10300,92158754898920,13.330021,1.297048,0.505911,12.024974,0.000000,159
10301,92158768228941,13.334752,1.097478,0.526904,12.229923,0.000000,159
10302,92158781563693,13.330535,1.505171,0.446294,11.817383,0.000000,159
10303,92158794894228,13.334797,3.769891,0.505519,9.558003,0.000000,159
10304,92158808229025,13.333532,0.977092,0.435321,12.349463,0.000000,160
10305,92158821562557,13.334651,1.312539,0.357041,12.013197,0.000000,160
10306,92158834897208,13.332346,1.147614,0.289521,12.176727,0.000000,160
10307,92158848229554,13.334313,2.324800,0.337015,11.000968,0.000000,160
10308,92158861563867,13.331013,1.169563,0.352851,12.153664,0.000000,160
10309,92158874894880,13.336063,1.166577,0.327062,12.161800,0.000000,160
10310,92158888230943,13.332404,1.126640,0.304683,12.197305,0.000000,160
10311,92158901563347,13.335591,3.896639,0.362336,9.429194,0.000000,160
10312,92158914898938,13.330235,1.120128,0.323474,12.202778,0.000000,160
10313,92158928229173,13.334099,1.091626,0.315968,12.235086,0.000000,160
10314,92158941563272,13.333797,1.344389,0.303011,11.980915,0.000000,160
10315,92158954897069,13.331127,1.706008,0.484463,11.618582,0.000000,160
10316,92158968228196,13.336977,0.984200,0.415176,12.345242,0.000000,160
10317,92158981565173,13.342452,1.037697,0.434507,12.298352,0.000000,160
10318,92158994907625,13.330747,1.099299,0.277615,12.224558,0.000000,160
10319,92159008238372,13.335156,3.612573,0.318991,9.714445,0.000000,160
10320,92159021573528,13.331268,1.260860,0.362430,12.062392,0.000000,160
10321,92159034904796,13.332590,1.109904,0.432124,12.215814,0.000000,160
10322,92159048237386,13.333818,0.972900,0.456050,12.354783,0.000000,160
10323,92159061571204,13.334409,1.397605,0.403031,11.929637,0.000000,160
10324,92159074905613,13.332416,1.146903,0.397598,12.178732,0.000000,160
10325,92159088238029,13.332753,1.016747,0.472948,12.309742,0.000000,160
10326,92159101570782,13.339806,1.102766,0.402219,12.229374,0.000000,160
10327,92159114910588,13.326400,4.171412,0.499584,9.146915,0.000000,160
10328,92159128236988,13.344049,1.021970,0.502248,12.311927,0.000000,160
10329,92159141581037,13.324517,1.131778,0.488444,12.183303,0.000000,160
10330,92159154905554,13.332608,1.125261,0.491103,12.199889,0.000000,160
10331,92159168238162,13.333992,1.432565,0.518552,11.894122,0.000000,160
10332,92159181572154,13.338423,1.193108,0.435967,12.137141,0.000000,160
10333,92159194910577,13.332114,1.261162,0.572428,12.061241,0.000000,160
10334,92159208242691,13.340389,1.273744,0.469035,12.052969,0.000000,160
10335,92159221583080,13.337858,4.155445,0.471848,9.166446,0.000000,160
10336,92159234920938,13.320483,1.432877,0.600582,11.873985,0.000000,160
10337,92159248241421,13.337269,1.396702,0.567122,11.931238,0.000000,160
10338,92159261578690,13.333396,1.403083,0.453137,11.920005,0.000000,160
10339,92159274912086,13.329041,1.596003,0.514621,11.725397,0.000000,160
10340,92159288241127,13.332837,1.087294,0.553476,12.238298,0.000000,160
10341,92159301573964,13.335871,1.256367,0.508132,12.071162,0.000000,160
10342,92159314909835,13.333778,1.260026,0.391894,12.063432,0.000000,160
10343,92159328243613,13.374615,3.732387,0.413777,9.590103,0.000000,160
10344,92159341618228,13.291924,1.353367,0.428597,11.929101,0.000000,160
10345,92159354910152,13.330062,1.404370,0.381249,11.917244,0.000000,160
10346,92159368240214,13.340614,1.084201,0.381252,12.246376,0.000000,160
10347,92159381580828,13.327174,1.399205,0.370101,11.919957,0.000000,160
10348,92159394908002,13.335088,1.282378,0.381644,12.044233,0.000000,160
10349,92159408243090,13.331550,1.184653,0.288522,12.139330,0.000000,160
10350,92159421574640,13.332446,1.092655,0.287524,12.232900,0.000000,160
10351,92159434907086,13.374624,4.001343,0.350207,9.325455,0.000000,160
10352,92159448281710,13.292204,1.064878,0.412827,12.220430,0.000000,160
10353,92159461573914,13.334223,1.243202,0.331799,12.084016,0.000000,160
10354,92159474908137,13.333691,1.121928,0.314975,12.205020,0.000000,160
10355,92159488241828,13.332137,1.277894,0.341167,12.047415,0.000000,160
10356,92159501573965,13.338493,1.136819,0.271988,12.191159,0.000000,160
10357,92159514912458,13.326742,1.285734,0.271289,12.034914,0.000000,160
10358,92159528239200,13.343154,1.004385,0.261323,12.328961,0.000000,160
10359,92159541582354,13.369008,3.749162,0.388679,9.568063,0.000000,160
10360,92159554951362,13.291215,1.085808,0.376955,12.196944,0.000000,160
10361,92159568242577,13.342135,1.026850,0.403710,12.303448,0.000000,160
10362,92159581584712,13.324422,1.064281,0.399797,12.250846,0.000000,160
10363,92159594909134,13.332712,1.445639,0.368748,11.879882,0.000000,160
10364,92159608241846,13.334843,0.946727,0.381434,12.380986,0.000000,160
10365,92159621576689,13.330963,1.088776,0.416112,12.235868,0.000000,160
10366,92159634907652,13.335462,1.092427,0.335628,12.236476,0.000000,160
10367,92159648243114,13.385257,3.880422,0.346561,9.445031,0.000000,160
10368,92159661628371,13.281395,1.087621,0.334751,12.184599,0.000000,160
10369,92159674909766,13.334731,1.183540,0.335442,12.143881,0.000000,160
10370,92159688244497,13.330768,0.955141,0.337203,12.368890,0.000000,160
10371,92159701575265,13.334068,1.383006,0.324766,11.944397,0.000000,160
10372,92159714909333,13.333099,1.008867,0.335405,12.317334,0.000000,160
10373,92159728242432,13.338044,0.925149,0.310696,12.404171,0.000000,160
10374,92159741580476,13.330597,1.104584,0.362656,12.218169,0.000000,160
10375,92159754911073,13.375361,3.960064,0.314611,9.363370,0.000000,160
10376,92159768286434,13.291987,0.904827,0.286979,12.378322,0.000000,160
10377,92159781578421,13.334588,1.025221,0.300892,12.300606,0.000000,160
10378,92159794913009,13.330541,1.046122,0.283062,12.276275,0.000000,160
10379,92159808243550,13.333477,1.220000,0.284018,12.105910,0.000000,160
10380,92159821577027,13.333599,1.053049,0.331593,12.274041,0.000000,160
10381,92159834910626,13.333526,1.108873,0.257696,12.217510,0.000000,160
10382,92159848244152,13.333064,0.888347,0.250039,12.437928,0.000000,160
10383,92159861577216,13.333004,3.773082,0.421652,9.553375,0.000000,160
10384,92159874910220,13.336236,1.036418,0.278135,12.292258,0.000000,160
10385,92159888246456,13.332142,0.954629,0.280648,12.367908,0.000000,160
10386,92159901578598,13.332538,1.015872,0.268066,12.308891,0.000000,160
10387,92159914911136,13.335149,1.339733,0.291978,11.987715,0.000000,160
10388,92159928246285,13.331363,1.043499,0.280125,12.280776,0.000000,160
10389,92159941577648,13.333869,1.056576,0.240036,12.270077,0.000000,160
10390,92159954911517,13.332246,1.007898,0.200848,12.318261,0.000000,160
10391,92159968243763,13.332378,3.849243,0.170686,9.477183,0.000000,160
10392,92159981576141,13.337681,0.995837,0.335584,12.332019,0.000000,160
10393,92159994913822,13.329392,0.988015,0.280872,12.333022,0.000000,160
10394,92160008243214,13.336026,0.910450,0.362444,12.418530,0.000000,160
10395,92160021579240,13.333010,1.318790,0.340335,12.006708,0.000000,160
10396,92160034912250,13.333293,1.101032,0.270452,12.225367,0.000000,160
10397,92160048245543,13.334556,0.873003,0.291112,12.454997,0.000000,160
10398,92160061580099,13.331432,1.088983,0.251841,12.235093,0.000000,160
10399,92160074911531,13.332291,3.584440,0.260142,9.741373,0.000000,160
10400,92160088243822,13.336423,0.863762,0.273552,12.466126,0.000000,160
10401,92160101580245,13.332979,0.991573,0.301085,12.332523,0.000000,160
10402,92160114913224,13.336138,1.076355,0.244833,12.250593,0.000000,160
10403,92160128249362,13.330663,1.276986,0.235397,12.044936,0.000000,160
10404,92160141580025,13.333606,0.946656,0.288092,12.378867,0.000000,160
10405,92160154913631,13.336886,0.931615,0.280627,12.396721,0.000000,160
10406,92160168250517,13.329697,0.938016,0.319121,12.383281,0.000000,160
10407,92160181580214,13.330815,3.888578,0.209334,9.434329,0.000000,160
10408,92160194911029,13.335953,0.938401,0.212240,12.390919,0.000000,160
10409,92160208246982,13.335522,0.831846,0.201756,12.495899,0.000000,160
10410,92160221582504,13.330876,1.030159,0.260280,12.293383,0.000000,160
10411,92160234913380,13.334036,1.316601,0.243950,12.008881,0.000000,160
10412,92160248247416,13.334202,0.883166,0.257763,12.443555,0.000000,160
10413,92160261581618,13.334221,0.966524,0.262503,12.360465,0.000000,160
10414,92160274915839,13.334417,1.011875,0.254161,12.312532,0.000000,160
10415,92160288250256,13.329007,3.620976,0.155211,9.700206,0.000000,160
10416,92160301579263,13.335098,0.949474,0.182713,12.378049,0.000000,160
10417,92160314914361,13.332276,1.001814,0.221759,12.323639,0.000000,160
10418,92160328246637,13.334687,1.010680,0.177958,12.315970,0.000000,160
10419,92160341581324,13.337851,1.423466,0.178693,11.903971,0.000000,160
10420,92160354919175,13.334317,1.026828,0.182848,12.298436,0.000000,160
10421,92160368253492,13.327564,0.927516,0.219714,12.393192,0.000000,160
10422,92160381581056,13.334524,0.913031,0.290210,12.413972,0.000000,160
10423,92160394915580,13.334706,3.449559,0.305360,9.875777,0.000000,160
10424,92160408250286,13.331220,0.774105,0.277181,12.550868,0.000000,160
10425,92160421581506,13.340261,0.973698,0.268763,12.354242,0.000000,160
10426,92160434921767,13.326577,0.966752,0.260083,12.350143,0.000000,160
10427,92160448248344,13.334227,1.107852,0.225137,12.218813,0.000000,161
10428,92160461582571,13.334170,0.982820,0.200698,12.342723,0.000000,161
10429,92160474916741,13.332719,1.037447,0.216586,12.287382,0.000000,161
10430,92160488249460,13.333527,0.999910,0.280970,12.326146,0.000000,161
10431,92160501582987,13.331210,4.006725,0.282188,9.315909,0.000000,161
10432,92160514914197,13.335334,1.039575,0.275694,12.288661,0.000000,161
10433,92160528249531,13.335186,0.834129,0.270685,12.492557,0.000000,161
10434,92160541584717,13.330383,1.101006,0.332841,12.221470,0.000000,161
10435,92160554915100,13.332023,1.306745,0.269179,12.018893,0.000000,161
10436,92160568247123,13.334449,0.814848,0.289951,12.512749,0.000000,161
10437,92160581581572,13.332949,1.020663,0.289483,12.305138,0.000000,161
10438,92160594914521,13.335109,0.965585,0.307368,12.362809,0.000000,161
10439,92160608249630,13.332923,3.250567,0.242170,10.075469,0.000000,161
10440,92160621582553,13.333114,0.786665,0.274857,12.540226,0.000000,161
10441,92160634915667,13.331907,0.786014,0.253041,12.538726,0.000000,161
10442,92160648247574,13.335671,0.644811,0.397718,12.683926,0.000000,161
10443,92160661583245,13.332065,0.939492,0.273158,12.385771,0.000000,161
10444,92160674915310,13.334404,0.746681,0.312281,12.580580,0.000000,161
10445,92160688249714,13.332235,0.840571,0.262094,12.485324,0.000000,161
10446,92160701581949,13.363672,0.808928,0.265986,12.547672,0.000000,161
10447,92160714945621,13.332820,3.583296,0.264300,9.744042,0.000000,161
10448,92160728278441,13.335218,0.750857,0.261297,12.577872,0.000000,161
10449,92160741613659,13.333135,0.886610,0.312321,12.438775,0.000000,161
10450,92160754946794,13.333411,0.966239,0.264617,12.359507,0.000000,161
10451,92160768280205,13.334018,1.211477,0.261309,12.115231,0.000000,161
10452,92160781614223,13.332071,0.923137,0.257782,12.401564,0.000000,161
10453,92160794946294,13.333920,0.895380,0.268520,12.431397,0.000000,161
10454,92160808280214,13.374749,0.826582,0.271757,12.540115,0.000000,161
10455,92160821654963,13.292059,4.185009,0.252476,9.098021,0.000000,161
10456,92160834947022,13.335701,0.870137,0.231682,12.458128,0.000000,161
10457,92160848282723,13.331614,0.820381,0.240994,12.503072,0.000000,161
10458,92160861614337,13.335446,0.962073,0.327028,12.365534,0.000000,161
10459,92160874949783,13.337746,1.586316,0.313489,11.741341,0.000000,161
10460,92160888287529,13.329802,0.934401,0.264774,12.385619,0.000000,161
10461,92160901617331,13.333657,1.076702,0.282293,12.247986,0.000000,161
10462,92160914950988,13.334174,1.080730,0.331539,12.244249,0.000000,161
10463,92160928285162,13.334880,3.885164,0.215980,9.439927,0.000000,161
10464,92160941620042,13.334588,0.999767,0.280571,12.320440,0.000000,161
10465,92160954954630,13.330971,1.164411,0.306599,12.156592,0.000000,161
10466,92160968285601,13.333026,0.948152,0.379236,12.374977,0.000000,161
10467,92160981618627,13.332518,1.431830,0.340176,11.891548,0.000000,161
10468,92160994951145,13.334905,1.079797,0.262915,12.244953,0.000000,161
10469,92161008286050,13.342044,0.972457,0.280537,12.352539,0.000000,161
10470,92161021628094,13.324750,1.113624,0.265090,12.199713,0.000000,161
10471,92161034952844,13.331665,4.016896,0.255251,9.305845,0.000000,161
10472,92161048284509,13.330787,0.835807,0.243589,12.486968,0.000000,161
10473,92161061615296,13.337298,0.906821,0.287620,12.422378,0.000000,161
10474,92161074952594,13.331248,1.031305,0.322889,12.291725,0.000000,161
10475,92161088283842,13.335182,1.224904,0.314422,12.101465,0.000000,161
10476,92161101619024,13.334848,1.068931,0.302253,12.256289,0.000000,161
10477,92161114953872,13.337291,1.166919,0.345980,12.158658,0.000000,161
10478,92161128291163,13.325632,1.048444,0.258531,12.266753,0.000000,161
10479,92161141616795,13.329242,3.754638,0.255550,9.568725,0.000000,161
10480,92161154946037,13.334750,0.926921,0.234577,12.402002,0.000000,161
10481,92161168280787,13.333328,0.805017,0.274874,12.521822,0.000000,161
10482,92161181614115,13.334942,0.933647,0.237561,12.394872,0.000000,161
10483,92161194949057,13.334502,1.256141,0.240092,12.070936,0.000000,161
10484,92161208283559,13.334291,0.853593,0.255078,12.472429,0.000000,161
10485,92161221617850,13.329570,1.010892,0.291610,12.312448,0.000000,161
10486,92161234947420,13.335984,0.941861,0.260121,12.387942,0.000000,161
10487,92161248283404,13.332866,3.481124,0.248021,9.844791,0.000000,161
10488,92161261616270,13.334372,0.910063,0.401224,12.417560,0.000000,161
10489,92161274950642,13.330972,1.002344,0.244604,12.321547,0.000000,161
10490,92161288281614,13.332139,0.818740,0.277196,12.507617,0.000000,161
10491,92161301613753,13.343971,1.202355,0.439962,12.132420,0.000000,161
10492,92161314957724,13.324827,1.837718,0.250958,11.474589,0.000000,161
10493,92161328282551,13.331895,0.794138,0.246259,12.531743,0.000000,161
10494,92161341614446,13.338869,0.843705,0.265838,12.487839,0.000000,161
10495,92161354953315,13.329074,3.912004,0.250126,9.409342,0.000000,161
10496,92161368282389,13.332548,0.744337,0.254317,12.582490,0.000000,161
10497,92161381614937,13.334426,0.855316,0.248116,12.472788,0.000000,161
10498,92161394949363,13.339388,0.892324,0.255794,12.437974,0.000000,161
10499,92161408288751,13.328245,1.190445,0.283810,12.130283,0.000000,161
10500,92161421616996,13.332025,1.116249,0.323022,12.210537,0.000000,161
10501,92161434949021,13.337642,0.921272,0.305279,12.409041,0.000000,161
10502,92161448286663,13.333990,0.895163,0.244485,12.429444,0.000000,161
10503,92161461620653,13.329792,3.747221,0.265661,9.575530,0.000000,161
10504,92161474950445,13.331136,0.907263,0.263803,12.417407,0.000000,161
10505,92161488281581,13.337938,0.807652,0.310309,12.523953,0.000000,161
10506,92161501619519,13.368626,0.993898,0.310080,12.366887,0.000000,161
10507,92161514988145,13.329970,1.340949,0.266308,11.981977,0.000000,161
10508,92161528318115,13.336940,0.785550,0.286367,12.545329,0.000000,161
10509,92161541655055,13.334604,1.033723,0.253483,12.291307,0.000000,161
10510,92161554989659,13.329511,0.942156,0.261281,12.379687,0.000000,161
10511,92161568319170,13.335889,3.639593,0.233389,9.688211,0.000000,161
10512,92161581655059,13.329843,0.941411,0.198048,12.382881,0.000000,161
10513,92161594984902,13.335266,0.821765,0.253284,12.507634,0.000000,161
10514,92161608320168,13.336164,0.787949,0.273720,12.539183,0.000000,161
10515,92161621656332,13.329165,1.096380,0.526781,12.225320,0.000000,161
10516,92161634985497,13.335432,0.860560,0.223622,12.468966,0.000000,161
10517,92161648320929,13.332340,0.773620,0.236403,12.552039,0.000000,161
10518,92161661653269,13.333745,1.022151,0.232705,12.305122,0.000000,161
10519,92161674987014,13.334222,3.785811,0.261968,9.540911,0.000000,161
10520,92161688321236,13.332216,0.827769,0.219181,12.496994,0.000000,161
10521,92161701653452,13.333013,0.922411,0.222599,12.404297,0.000000,161
10522,92161714986465,13.334688,0.818375,0.220479,12.510203,0.000000,161
10523,92161728321153,13.333897,1.042720,0.237793,12.283509,0.000000,161
10524,92161741655050,13.333289,0.851881,0.276603,12.472528,0.000000,161
10525,92161754988339,13.333639,1.030361,0.274759,12.296901,0.000000,161
10526,92161768321978,13.332855,0.855022,0.226210,12.470646,0.000000,161
10527,92161781654833,13.332629,3.594205,0.227750,9.731638,0.000000,161
10528,92161794987462,13.334179,0.909659,0.270581,12.418148,0.000000,161
10529,92161808321641,13.334565,1.044510,0.247585,12.282508,0.000000,161
10530,92161821656206,13.330342,0.980820,0.247603,12.343963,0.000000,161
10531,92161834986548,13.336611,1.193617,0.270779,12.136205,0.000000,161
10532,92161848323159,13.332897,0.809309,0.301247,12.516513,0.000000,161
10533,92161861656056,13.332206,0.993608,0.201370,12.331897,0.000000,161
10534,92161874988262,13.355178,0.869976,0.319557,12.478490,0.000000,161
10535,92161888343440,13.332315,3.631296,0.264990,9.692724,0.000000,161
10536,92161901675755,13.333321,0.931534,0.278817,12.394231,0.000000,161
10537,92161915009076,13.340380,0.893260,0.251236,12.439227,0.000000,161
10538,92161928349456,13.333777,0.812366,0.193066,12.512641,0.000000,161
10539,92161941683233,13.334341,1.180310,0.177739,12.146617,0.000000,161
10540,92161955017574,13.331733,0.889218,0.172569,12.435844,0.000000,161
10541,92161968349307,13.333604,0.796971,0.167954,12.528939,0.000000,161
10542,92161981682911,13.332820,0.902886,0.204492,12.423693,0.000000,161
10543,92161995015731,13.333692,3.943747,0.146984,9.382925,0.000000,161
10544,92162008349423,13.335748,0.754410,0.143135,12.575276,0.000000,161
10545,92162021685171,13.331656,0.978368,0.158519,12.346783,0.000000,161
10546,92162035016827,13.333682,0.919338,0.150019,12.407694,0.000000,161
10547,92162048350509,13.333390,1.162030,0.156940,12.164305,0.000000,161
10548,92162061683899,13.332869,0.936493,0.146918,12.389458,0.000000,161
10549,92162075016768,13.333809,0.969401,0.147316,12.356397,0.000000,161
10550,92162088350577,13.334350,0.763739,0.150421,12.563750,0.000000,161
10551,92162101684927,13.333890,3.968794,0.147413,9.357248,0.000000,161
10552,92162115018817,13.330730,0.934772,0.132364,12.389173,0.000000,162
10553,92162128349547,13.334004,0.813736,0.145193,12.513915,0.000000,162
10554,92162141683551,13.336369,0.861829,0.155058,12.465006,0.000000,162
10555,92162155019920,13.331733,2.000238,0.156080,11.324967,0.000000,162
10556,92162168351653,13.332955,0.830709,0.150712,12.496316,0.000000,162
10557,92162181684608,13.331098,0.970796,0.181661,12.354086,0.000000,162
10558,92162195015706,13.336457,0.917855,0.162285,12.412087,0.000000,162
10559,92162208352163,13.333886,3.576574,0.164450,9.750149,0.000000,162
10560,92162221686049,13.329498,0.972993,0.161155,12.348722,0.000000,162
10561,92162235015547,13.336616,0.867717,0.155269,12.461928,0.000000,162
10562,92162248352163,13.331146,0.827579,0.174785,12.497220,0.000000,162
10563,92162261683309,13.341501,1.218649,0.159696,12.112313,0.000000,162
10564,92162275024810,13.325501,1.020879,0.139803,12.296990,0.000000,162
10565,92162288350311,13.335466,0.762329,0.158003,12.567391,0.000000,162
10566,92162301685777,13.330614,0.928306,0.191764,12.396887,0.000000,162
10567,92162315016391,13.335301,3.774150,0.151941,9.555368,0.000000,162
10568,92162328351692,13.335823,0.730159,0.204551,12.598736,0.000000,162
10569,92162341687515,13.331812,0.886024,0.160655,12.439704,0.000000,162
10570,92162355019327,13.334863,0.866420,0.188428,12.462434,0.000000,162
10571,92162368354190,13.332945,1.086488,0.185152,12.239764,0.000000,162
10572,92162381687135,13.332420,0.904942,0.213958,12.421231,0.000000,162
10573,92162395019555,13.335738,0.873611,0.213701,12.454837,0.000000,162
10574,92162408355293,13.335415,0.873694,0.329728,12.454282,0.000000,162
10575,92162421690708,13.331628,4.295635,0.254683,9.028131,0.000000,162
10576,92162435022336,13.332302,0.822068,0.235110,12.503661,0.000000,162
10577,92162448354638,13.333108,0.671922,0.218665,12.655594,0.000000,162
10578,92162461687746,13.334760,0.747657,0.245137,12.580345,0.000000,162
10579,92162475022506,13.341344,1.226436,0.241350,12.102653,0.000000,162
10580,92162488363850,13.327746,0.845965,0.276304,12.472241,0.000000,162
10581,92162501691596,13.336610,1.099312,0.180786,12.223726,0.000000,162
10582,92162515028206,13.326032,0.972091,0.179232,12.344164,0.000000,162
10583,92162528354238,13.333892,3.563671,0.138337,9.763560,0.000000,162
10584,92162541688130,13.337987,0.906772,0.167957,12.421613,0.000000,162
10585,92162555026117,13.331345,0.919812,0.157915,12.402679,0.000000,162
10586,92162568357462,13.330436,0.852219,0.152769,12.471035,0.000000,162
10587,92162581687898,13.334327,1.297719,0.160015,12.029384,0.000000,162
10588,92162595022225,13.333334,0.967633,0.265140,12.359072,0.000000,162
10589,92162608355559,13.334525,0.945074,0.364221,12.381621,0.000000,162
10590,92162621690084,13.334386,0.966064,0.201339,12.358444,0.000000,162
10591,92162635024470,13.328537,4.048791,0.122329,9.270740,0.000000,162
10592,92162648353007,13.334218,0.699473,0.194618,12.629041,0.000000,162
10593,92162661687225,13.339522,1.105660,0.285050,12.224780,0.000000,162
10594,92162675026747,13.331583,1.021890,0.148350,12.300907,0.000000,162
10595,92162688358330,13.331546,1.160979,0.155223,12.162600,0.000000,162
10596,92162701689876,13.333655,1.021425,0.260735,12.304710,0.000000,162
10597,92162715023531,13.337102,1.137810,0.171304,12.189679,0.000000,162
10598,92162728360633,13.329932,0.964315,0.259285,12.357016,0.000000,162
10599,92162741690565,13.338677,3.745301,0.161976,9.586678,0.000000,162
10600,92162755029242,13.334980,1.001919,0.135005,12.326289,0.000000,162
10601,92162768364222,13.333423,0.702959,0.147940,12.623950,0.000000,162
10602,92162781697645,13.331895,0.823111,0.459004,12.502112,0.000000,162
10603,92162795029540,13.332699,1.379375,0.213470,11.946952,0.000000,162
10604,92162808362239,13.335920,0.924360,0.233505,12.404659,0.000000,162
10605,92162821698159,13.331203,1.136016,0.231454,12.188042,0.000000,162
10606,92162835029362,13.334548,1.044681,0.263746,12.283089,0.000000,162
10607,92162848363910,13.332604,3.868503,0.225833,9.456648,0.000000,162
10608,92162861696514,13.333844,1.036184,0.250601,12.290615,0.000000,162
10609,92162875030358,13.332750,1.158187,0.251143,12.167886,0.000000,162
10610,92162888363108,13.340652,0.977907,0.228069,12.351870,0.000000,162
10611,92162901703760,13.327108,1.351637,0.228867,11.967034,0.000000,162
10612,92162915030868,13.333221,1.035881,0.289794,12.290358,0.000000,162
10613,92162928364089,13.334458,0.970145,0.267357,12.357268,0.000000,162
10614,92162941698547,13.331365,1.653228,0.307677,11.671614,0.000000,162
10615,92162955029912,13.332262,3.856583,0.196200,9.470043,0.000000,162
10616,92162968362174,13.334661,0.988240,0.218373,12.340504,0.000000,162
10617,92162981696835,13.340595,1.167260,0.251741,12.166913,0.000000,162
10618,92162995037430,13.326996,1.248545,0.296210,12.071950,0.000000,162
10619,92163008364426,13.334258,1.261663,0.231372,12.066340,0.000000,162
10620,92163021698684,13.334078,1.095320,0.231723,12.231867,0.000000,162
10621,92163035032762,13.340697,1.306766,0.208546,12.023387,0.000000,162
10622,92163048373459,13.325173,1.118164,0.233524,12.198568,0.000000,162
10623,92163061698632,13.333227,4.048830,0.192644,9.277579,0.000000,162
10624,92163075031859,13.333214,1.117062,0.212245,12.210562,0.000000,162
10625,92163088365073,13.334013,1.104677,0.215205,12.222320,0.000000,162
10626,92163101699086,13.334299,1.158058,0.232712,12.168665,0.000000,162
10627,92163115033385,13.334122,1.646052,0.261930,11.680029,0.000000,162
10628,92163128367507,13.332023,1.150906,0.223425,12.172659,0.000000,162
10629,92163141699530,13.336773,1.226687,0.345921,12.102090,0.000000,162
10630,92163155036303,13.334375,1.460886,0.248592,11.865651,0.000000,162
10631,92163168370678,13.327878,3.883858,0.258175,9.437386,0.000000,162
10632,92163181698556,13.335695,1.069116,0.344303,12.259726,0.000000,162
10633,92163195034251,13.334241,1.418608,0.393416,11.906369,0.000000,162
10634,92163208368492,13.330995,1.187875,0.312493,12.135849,0.000000,162
10635,92163221699487,13.334714,1.544805,0.439877,11.782524,0.000000,162
10636,92163235034201,13.332818,1.251006,0.364666,12.074076,0.000000,162
10637,92163248367019,13.332390,1.245876,0.481776,12.078857,0.000000,162
10638,92163261699409,13.336402,1.870305,0.389195,11.457098,0.000000,162
10639,92163275035811,13.329159,3.905692,0.385367,9.417419,0.000000,162
10640,92163288364970,13.339629,0.989025,0.396917,12.341379,0.000000,162
10641,92163301704599,13.329314,0.957613,0.363197,12.364496,0.000000,162
10642,92163315033913,13.331857,1.019969,0.387941,12.305569,0.000000,162
10643,92163328365770,13.333123,1.253118,0.444315,12.074109,0.000000,162
10644,92163341698893,13.333581,1.052550,0.357315,12.275538,0.000000,162
10645,92163355032474,13.335080,0.982361,0.423607,12.347069,0.000000,162
10646,92163368367554,13.332184,1.072519,0.368343,12.254042,0.000000,162
10647,92163381699738,13.333034,3.388860,0.681365,9.939177,0.000000,162
10648,92163395032772,13.334088,0.968737,0.412263,12.360427,0.000000,162
10649,92163408366860,13.334070,0.974469,0.643144,12.353704,0.000000,162
10650,92163421700930,13.334538,0.936034,0.356489,12.391929,0.000000,162
10651,92163435035468,13.329420,1.282289,0.382674,12.041755,0.000000,162
10652,92163448364888,13.334439,0.912378,0.363302,12.417194,0.000000,162
10653,92163461699327,13.334463,0.942249,0.405728,12.387039,0.000000,162
10654,92163475033790,13.333784,0.897341,0.399631,12.431650,0.000000,162
10655,92163488367574,13.332208,3.378988,0.341917,9.948243,0.000000,162
10656,92163501699782,13.333218,0.840727,0.360586,12.487892,0.000000,162
10657,92163515033000,13.332643,0.873355,0.419438,12.454123,0.000000,162
10658,92163528365643,13.336386,0.931781,0.387784,12.399058,0.000000,162
10659,92163541702029,13.330047,1.491813,0.374932,11.832651,0.000000,162
10660,92163555032076,13.336996,1.072825,0.386130,12.258296,0.000000,162
10661,92163568369072,13.330400,1.033518,0.374687,12.290440,0.000000,162
10662,92163581699472,13.334821,1.207309,0.388112,12.122001,0.000000,162
10663,92163595034293,13.332493,3.873835,0.351751,9.453245,0.000000,163
10664,92163608366786,13.377757,1.016845,0.381444,12.354663,0.000000,163
10665,92163621744543,13.342885,1.237107,0.474831,12.099390,0.000000,163
10666,92163635087428,13.333936,2.767593,0.361588,10.559469,0.000000,163
10667,92163648421364,13.334519,1.455382,0.407545,11.872670,0.000000,163
10668,92163661755883,13.330838,1.188498,0.403713,12.135944,0.000000,163
10669,92163675086721,13.334228,1.346494,0.388998,11.981116,0.000000,163
10670,92163688420949,13.332754,1.167578,0.389899,12.158709,0.000000,163
10671,92163701753703,13.332142,3.968560,0.433880,9.357196,0.000000,163
10672,92163715085845,13.336022,1.101839,0.446805,12.228595,0.000000,163
10673,92163728421867,13.333107,1.200445,0.425250,12.125789,0.000000,163
10674,92163741754974,13.331629,1.238030,0.386972,12.087943,0.000000,163
10675,92163755086603,13.334708,1.599882,0.403061,11.728728,0.000000,163
10676,92163768421311,13.335022,1.083794,0.432788,12.244480,0.000000,163
10677,92163781756333,13.333234,1.253861,0.384302,12.070706,0.000000,163
10678,92163795089567,13.336744,1.270367,0.404104,12.056186,0.000000,163
10679,92163808426311,13.333107,3.966071,0.435826,9.357559,0.000000,163
10680,92163821759418,13.334521,1.252021,0.353108,12.072963,0.000000,163
10681,92163835093939,13.341322,1.367444,0.358088,11.957224,0.000000,163
10682,92163848435261,13.321091,1.158435,0.431727,12.153056,0.000000,163
10683,92163861756352,13.332225,1.580360,0.383965,11.744888,0.000000,163
10684,92163875088577,13.334351,1.106084,0.350309,12.222305,0.000000,163
10685,92163888422928,13.336304,1.016789,0.374632,12.310164,0.000000,163
10686,92163901759232,13.329905,1.439587,0.358028,11.882689,0.000000,163
10687,92163915089137,13.332680,3.822694,0.242159,9.503209,0.000000,163
10688,92163928421817,13.331697,0.915512,0.336605,12.409495,0.000000,163
10689,92163941753514,13.337892,1.189246,0.421797,12.141897,0.000000,163
10690,92163955091406,13.332482,1.237887,0.402975,12.087695,0.000000,163
10691,92163968423888,13.339504,1.400785,0.339904,11.926626,0.000000,163
10692,92163981763392,13.325065,1.032663,0.391321,12.285826,0.000000,163
10693,92163995088457,13.333499,0.989708,0.311965,12.338172,0.000000,163
10694,92164008421956,13.334225,0.763143,0.332344,12.564655,0.000000,163
10695,92164021756181,13.333295,3.370354,0.309641,9.956971,0.000000,163
10696,92164035089476,13.333008,0.895513,0.494355,12.431527,0.000000,163
10697,92164048422484,13.337695,0.828646,0.648153,12.503076,0.000000,163
10698,92164061760179,13.330556,0.972102,0.637116,12.351352,0.000000,163
10699,92164075090735,13.332256,1.143647,0.346339,12.182758,0.000000,163
10700,92164088422991,13.334863,0.839781,0.670179,12.489297,0.000000,163
10701,92164101757854,13.332476,1.034045,0.291675,12.291442,0.000000,163
10702,92164115090330,13.331727,0.893333,0.672725,12.432366,0.000000,163
10703,92164128422057,13.334513,3.226281,0.294883,10.102574,0.000000,163
10704,92164141756570,13.333870,0.961254,0.307998,12.365572,0.000000,163
10705,92164155090440,13.331780,0.984813,0.570581,12.341652,0.000000,163
10706,92164168422220,13.337298,0.865577,0.325905,12.465292,0.000000,163
10707,92164181759518,13.329918,1.266872,0.323161,12.056223,0.000000,163
10708,92164195089436,13.336207,0.888478,0.351360,12.441776,0.000000,163
10709,92164208425643,13.333476,1.159884,0.401685,12.166244,0.000000,163
10710,92164221759119,13.332194,1.286938,0.386845,12.037606,0.000000,163
10711,92164235091313,13.331898,3.482417,0.362499,9.843283,0.000000,163
10712,92164248423211,13.333240,0.950609,0.399232,12.376849,0.000000,163
10713,92164261756451,13.332135,0.917962,0.382215,12.409296,0.000000,163
10714,92164275088586,13.336796,0.972388,0.389033,12.359034,0.000000,163
10715,92164288425382,13.332630,1.280084,0.366242,12.045960,0.000000,163
10716,92164301758012,13.333614,1.051161,0.367233,12.275505,0.000000,163
10717,92164315091626,13.334928,0.957708,0.414884,12.369360,0.000000,163
10718,92164328426554,13.331099,0.942699,0.245616,12.382277,0.000000,163
10719,92164341757653,13.332623,3.321415,0.332716,10.005056,0.000000,163
10720,92164355090276,13.334716,0.949271,0.288154,12.378829,0.000000,163
10721,92164368424992,13.332486,0.849514,0.231859,12.477087,0.000000,163
10722,92164381757478,13.333143,0.913315,0.266476,12.413968,0.000000,163
10723,92164395090621,13.333339,1.279974,0.228075,12.047259,0.000000,163
10724,92164408423960,13.333737,0.816376,0.207340,12.511247,0.000000,163
10725,92164421757697,13.422792,1.201938,0.207337,12.214201,0.000000,163
10726,92164435180489,13.332893,0.972956,0.488135,12.352562,0.000000,163
10727,92164448513382,13.330357,3.700589,0.286336,9.622593,0.000000,163
10728,92164461843739,13.337144,0.773645,0.290992,12.557274,0.000000,163
10729,92164475180883,13.332881,0.892151,0.264948,12.433808,0.000000,163
10730,92164488513764,13.332208,0.740584,0.357913,12.585407,0.000000,163
10731,92164501845972,13.334659,0.980504,0.304621,12.347858,0.000000,163
10732,92164515180631,13.331018,0.884582,0.318457,12.440378,0.000000,163
10733,92164528511649,13.334460,0.721840,0.382881,12.606837,0.000000,163
10734,92164541846109,13.332241,0.895893,0.266750,12.429741,0.000000,163
10735,92164555178350,13.333568,3.564571,0.388712,9.763719,0.000000,163
10736,92164568511918,13.337412,0.664263,0.502127,12.666643,0.000000,163
10737,92164581849330,13.332199,1.105778,0.348785,12.218755,0.000000,163
10738,92164595181529,13.332309,0.844191,0.478851,12.481722,0.000000,163
10739,92164608513838,13.336162,0.943775,0.519769,12.384436,0.000000,163
10740,92164621850000,13.330588,0.835503,0.535477,12.487551,0.000000,163
10741,92164635180588,13.335147,0.807268,0.318867,12.520436,0.000000,163
10742,92164648515735,13.331352,0.925859,0.293498,12.398251,0.000000,163
10743,92164661847087,13.331770,3.222624,0.324502,10.103626,0.000000,163
10744,92164675178857,13.334186,0.796355,0.288657,12.532184,0.000000,163
10745,92164688513043,13.333511,0.845892,0.413812,12.481707,0.000000,163
10746,92164701846554,13.333670,0.826452,0.404146,12.501546,0.000000,163
10747,92164715180224,13.334813,1.160352,0.379686,12.168769,0.000000,163
10748,92164728515037,13.332059,0.730455,0.378393,12.596024,0.000000,163
10749,92164741847096,13.333580,0.800386,0.341753,12.526557,0.000000,163
10750,92164755180676,13.332296,0.753390,0.746337,12.574157,0.000000,163
10751,92164768512972,13.333269,3.245140,0.407876,10.083407,0.000000,163
10752,92164781846241,13.334513,0.794093,0.340337,12.535406,0.000000,163
10753,92164795180754,13.332453,0.726914,0.317961,12.600257,0.000000,163
10754,92164808513207,13.334604,0.728598,0.508568,12.599678,0.000000,163
10755,92164821847811,13.333503,1.098219,0.346408,12.228384,0.000000,163
10756,92164835181314,13.332788,0.934627,0.312972,12.392583,0.000000,163
10757,92164848514102,13.334666,0.817213,0.411243,12.511366,0.000000,163
10758,92164861848768,13.332495,0.899283,0.323313,12.426431,0.000000,163
10759,92164875181263,13.332575,3.346734,0.283798,9.979567,0.000000,163
10760,92164888513838,13.334865,0.724712,0.408686,12.604250,0.000000,163
10761,92164901848703,13.332825,0.875044,0.317447,12.451033,0.000000,163
10762,92164915181528,13.333402,0.866500,0.308364,12.461576,0.000000,163
10763,92164928514930,13.334028,1.041236,0.510735,12.287294,0.000000,163
10764,92164941848958,13.334677,1.127726,0.571620,12.200522,0.000000,163
10765,92164955183635,13.332953,1.137218,0.550208,12.188680,0.000000,163
10766,92164968516588,13.331756,0.967892,0.572461,12.357701,0.000000,163
10767,92164981848344,13.331752,3.539071,1.584619,9.787857,0.000000,163
10768,92164995180096,13.332479,0.873427,1.567324,12.454826,0.000000,163
10769,92165008512575,13.338838,2.016921,0.615170,11.314174,0.000000,163
10770,92165021851413,13.330195,0.904050,0.561661,12.420717,0.000000,163
10771,92165035181608,13.332826,1.156344,0.523334,12.171150,0.000000,163
10772,92165048514434,13.335143,0.909939,0.735668,12.419578,0.000000,163
10773,92165061849577,13.333141,0.960091,0.767916,12.367348,0.000000,163
10774,92165075182718,13.333238,1.079158,0.517451,12.248007,0.000000,163
10775,92165088515956,13.332943,3.809145,0.444845,9.517253,0.000000,163
10776,92165101848899,13.331815,1.000698,0.609448,12.326382,0.000000,163
10777,92165115180714,13.334723,1.038925,0.658529,12.290283,0.000000,163
10778,92165128515437,13.334618,0.990633,0.628673,12.337477,0.000000,164
10779,92165141850055,13.334951,1.388659,2.084814,11.938244,0.000000,164
10780,92165155185006,13.332021,1.110852,0.677268,12.214128,0.000000,164
10781,92165168517027,13.334024,1.065769,0.730054,12.261869,0.000000,164
10782,92165181851051,13.333244,1.886680,0.666827,11.438794,0.000000,164
10783,92165195184295,13.331173,3.712225,0.630672,9.612939,0.000000,164
10784,92165208515468,13.333192,0.878805,0.668881,12.449369,0.000000,164
10785,92165221848660,13.333233,0.998384,0.632206,12.329266,0.000000,164
10786,92165235181893,13.334508,1.041183,0.643274,12.286747,0.000000,164
10787,92165248516401,13.333490,1.242033,1.641058,12.085138,0.000000,164
10788,92165261849891,13.334881,1.091046,0.590945,12.236625,0.000000,164
10789,92165275184772,13.332171,1.149370,0.586995,12.176346,0.000000,164
10790,92165288516943,13.332485,0.972882,0.680365,12.353025,0.000000,164
10791,92165301849428,13.331132,3.752196,0.595410,9.574379,0.000000,164
10792,92165315180560,13.334307,0.917386,0.579693,12.412753,0.000000,164
10793,92165328514867,13.334019,0.835887,0.634183,12.493126,0.000000,164
10794,92165341848886,13.332179,0.943983,0.605122,12.383862,0.000000,164
10795,92165355181065,13.334595,1.125906,0.685641,12.204009,0.000000,164
10796,92165368515660,13.335892,1.993997,0.592162,11.336425,0.000000,164
10797,92165381851552,13.333059,0.953480,0.623915,12.374000,0.000000,164
10798,92165395184611,13.332815,0.987647,0.795527,12.339404,0.000000,164
10799,92165408517426,13.332380,3.584344,0.561271,9.742621,0.000000,164
10800,92165421849806,13.334790,1.030782,0.590510,12.299133,0.000000,164
10801,92165435184596,13.332536,2.338401,0.555630,10.986837,0.000000,164
10802,92165448517132,13.334745,0.995051,0.596902,12.332935,0.000000,164
10803,92165461851877,13.332546,1.408976,0.558063,11.917017,0.000000,164
10804,92165475184423,13.335091,1.108207,0.526713,12.220080,0.000000,164
10805,92165488519514,13.333635,1.041398,0.559681,12.285268,0.000000,164
10806,92165501853149,13.331566,1.139194,0.807433,12.184991,0.000000,164
10807,92165515184715,13.332773,3.928831,0.541823,9.397448,0.000000,164
10808,92165528517488,13.331544,0.858324,0.441379,12.468946,0.000000,164
10809,92165541849032,13.335734,1.017893,0.578930,12.313493,0.000000,164
10810,92165555184766,13.332320,2.445372,0.581699,10.881585,0.000000,164
10811,92165568517086,13.334519,1.189887,0.602556,12.137818,0.000000,164
10812,92165581851605,13.332887,0.943899,0.584361,12.384090,0.000000,164
10813,92165595184492,13.333692,0.932486,0.670464,12.395411,0.000000,164
10814,92165608518184,13.333320,2.092001,0.739546,11.236169,0.000000,164
10815,92165621851504,13.333693,3.561871,0.589751,9.766460,0.000000,164
10816,92165635185197,13.333678,0.959902,0.583715,12.367763,0.000000,164
10817,92165648518875,13.334522,0.874912,0.600332,12.453045,0.000000,164
10818,92165661853397,13.331042,0.963862,0.562547,12.361125,0.000000,164
10819,92165675184439,13.334807,1.128313,0.595552,12.199640,0.000000,164
10820,92165688519246,13.332900,0.936404,0.580485,12.390739,0.000000,164
10821,92165701852146,13.334291,1.050650,0.576860,12.276751,0.000000,164
10822,92165715186437,13.335201,1.085987,0.735374,12.241210,0.000000,164
10823,92165728521638,13.331379,4.123000,0.740526,9.201360,0.000000,164
10824,92165741853017,13.333986,1.147230,0.667760,12.180281,0.000000,164
10825,92165755187003,13.333533,1.181996,0.687147,12.143700,0.000000,164
10826,92165768520536,13.333208,1.088647,0.678140,12.237100,0.000000,164
10827,92165781853744,13.334816,1.424099,0.661999,11.902611,0.000000,164
10828,92165795188560,13.331991,1.145760,0.677880,12.178769,0.000000,164
10829,92165808520551,13.333781,1.083345,0.663630,12.242796,0.000000,164
10830,92165821854332,13.332446,1.175234,0.840901,12.150564,0.000000,164
10831,92165835186778,13.334989,3.756782,0.650627,9.571358,0.000000,164
10832,92165848521767,13.333324,0.987687,0.848977,12.339544,0.000000,164
10833,92165861855091,13.331958,1.053684,0.824312,12.272193,0.000000,164
10834,92165875187049,13.333143,1.088441,0.668257,12.238141,0.000000,164
10835,92165888520192,13.334630,1.310920,0.682680,12.016473,0.000000,164
10836,92165901854822,13.333116,1.170431,0.656580,12.155393,0.000000,164
10837,92165915187938,13.333004,1.127644,0.694962,12.197661,0.000000,164
10838,92165928520942,13.335240,0.925753,1.751509,12.402339,0.000000,164
10839,92165941856182,13.332179,3.453130,0.631475,9.872381,0.000000,164
10840,92165955188361,13.332378,1.035118,0.664485,12.291694,0.000000,164
10841,92165968520739,13.333834,0.977627,0.654016,12.349687,0.000000,164
10842,92165981854573,13.332136,1.171438,0.638335,12.154237,0.000000,164
10843,92165995186709,13.334523,1.204267,0.645182,12.124497,0.000000,164
10844,92166008521232,13.333371,0.906050,0.659724,12.420956,0.000000,164
10845,92166021854603,13.332475,0.979033,0.615555,12.346963,0.000000,164
10846,92166035187078,13.333697,0.967698,0.771021,12.359736,0.000000,164
10847,92166048520775,13.333789,3.330397,0.645662,9.997461,0.000000,164
10848,92166061854564,13.333312,0.981266,0.640234,12.345897,0.000000,164
10849,92166075187876,13.334050,1.027238,0.661982,12.300492,0.000000,164
10850,92166088521926,13.331751,1.000422,0.583596,12.325050,0.000000,164
10851,92166101853677,13.336149,1.254928,0.607528,12.075114,0.000000,164
10852,92166115189826,13.332141,1.132207,0.578577,12.193021,0.000000,164
10853,92166128521967,13.334751,0.965484,0.568760,12.362420,0.000000,164
10854,92166141856718,13.332533,0.987506,0.460367,12.338232,0.000000,164
10855,92166155189251,13.333086,3.391790,0.594700,9.935305,0.000000,164
10856,92166168522337,13.334302,0.896686,0.588349,12.431247,0.000000,164
10857,92166181856639,13.333048,0.990980,0.617270,12.334976,0.000000,164
10858,92166195189687,13.336166,0.999187,0.636455,12.330192,0.000000,164
10859,92166208525853,13.330857,1.172122,0.547462,12.152034,0.000000,164
10860,92166221856710,13.332421,0.956950,0.517611,12.369609,0.000000,164
10861,92166235189131,13.332568,0.962833,0.531529,12.363498,0.000000,164
10862,92166248521699,13.331096,0.832975,0.370723,12.492250,0.000000,164
10863,92166261852795,13.334116,3.258110,0.367312,10.070785,0.000000,164
10864,92166275186911,13.333734,0.896123,0.357546,12.432412,0.000000,164
10865,92166288520645,13.335579,0.781473,0.394934,12.549256,0.000000,164
10866,92166301856224,13.332012,0.918540,0.377426,12.406943,0.000000,164
10867,92166315188236,13.332803,1.082692,0.530406,12.243664,0.000000,164
10868,92166328521039,13.333267,0.864076,0.432296,12.463651,0.000000,164
10869,92166341854306,13.334915,0.830310,0.419980,12.499990,0.000000,164
10870,92166355189221,13.330989,0.894340,0.429190,12.431465,0.000000,164
10871,92166368520210,13.334212,3.155922,0.410676,10.172877,0.000000,164
10872,92166381854422,13.333336,0.813348,0.410399,12.514015,0.000000,164
10873,92166395187758,13.333215,0.817147,0.421503,12.510697,0.000000,164
10874,92166408520973,13.335059,0.719093,0.423823,12.610609,0.000000,164
10875,92166421856032,13.333231,1.012663,0.407583,12.315064,0.000000,164
10876,92166435189263,13.331903,0.875558,0.438640,12.449899,0.000000,164
10877,92166448521166,13.332778,0.820460,0.367096,12.508083,0.000000,164
10878,92166461853944,13.336408,0.801729,0.337712,12.529013,0.000000,164
10879,92166475190352,13.333557,3.205992,0.355216,10.121686,0.000000,164
10880,92166488523909,13.334263,0.702164,0.367024,12.624873,0.000000,164
10881,92166501858172,13.332212,0.750678,0.356766,12.575308,0.000000,164
10882,92166515190384,13.331345,0.753330,0.349963,12.572919,0.000000,164
10883,92166528521729,13.334259,0.842498,0.354833,12.487018,0.000000,164
10884,92166541855988,13.333179,0.733751,0.334657,12.594501,0.000000,164
10885,92166555189167,13.334985,0.774413,0.374238,12.554760,0.000000,164
10886,92166568524152,13.332518,0.855470,0.326308,12.471467,0.000000,164
10887,92166581856670,13.332509,3.305485,0.323916,10.020797,0.000000,164
10888,92166595189179,13.335315,0.777164,0.225082,12.552525,0.000000,164
10889,92166608524494,13.331874,0.705412,0.202722,12.619483,0.000000,164
10890,92166621856368,13.332706,0.750193,0.287005,12.577447,0.000000,164
10891,92166635189074,13.334756,0.939629,0.316351,12.389399,0.000000,164
10892,92166648523830,13.332731,0.683913,0.315245,12.642666,0.000000,164
10893,92166661856561,13.332857,0.708715,0.317737,12.618721,0.000000,164
10894,92166675189418,13.334880,0.701761,0.275228,12.627327,0.000000,164
10895,92166688524298,13.332583,3.260585,0.266108,10.066488,0.000000,164
10896,92166701856881,13.333676,0.843942,0.264822,12.483649,0.000000,165
10897,92166715190557,13.333132,0.857241,0.295806,12.469321,0.000000,165
10898,92166728523689,13.332789,0.719346,0.211563,12.608945,0.000000,165
10899,92166741856478,13.334495,0.908403,0.195970,12.420810,0.000000,165
10900,92166755190973,13.333078,0.892415,0.194471,12.435021,0.000000,165
10901,92166768524051,13.331460,0.722466,0.189372,12.603167,0.000000,165
10902,92166781855511,13.335159,0.751080,0.181461,12.579122,0.000000,165
10903,92166795190670,13.334961,3.241537,0.180318,10.087025,0.000000,165
10904,92166808525631,13.331632,0.732528,0.212262,12.593691,0.000000,165
10905,92166821857263,13.333361,0.771075,0.226519,12.557179,0.000000,165
10906,92166835190624,13.335483,0.820910,0.233734,12.507529,0.000000,165
10907,92166848526107,13.331791,0.915671,0.208560,12.410203,0.000000,165
10908,92166861857898,13.332861,0.802921,0.228022,12.523516,0.000000,165
10909,92166875190759,13.334187,0.813892,0.211490,12.514626,0.000000,165
10910,92166888524946,13.332725,0.715070,0.222289,12.612356,0.000000,165
10911,92166901857671,13.333348,3.108122,0.224654,10.219313,0.000000,165
10912,92166915191019,13.331563,0.672341,0.222456,12.653993,0.000000,165
10913,92166928522582,13.334761,0.684734,0.197520,12.645502,0.000000,165
10914,92166941857343,13.331907,0.669183,0.274357,12.658193,0.000000,165
10915,92166955189250,13.333613,0.837890,0.193259,12.490807,0.000000,165
10916,92166968522863,13.335180,0.530615,0.158356,12.799510,0.000000,165
10917,92166981858043,13.332473,0.657342,0.191193,12.670362,0.000000,165
10918,92166995190516,13.336638,0.630865,0.214283,12.699652,0.000000,165
10919,92167008527154,13.331468,3.063770,0.201466,10.260706,0.000000,165
10920,92167021858622,13.332981,0.796010,0.191821,12.530585,0.000000,165
10921,92167035191603,13.333085,0.762660,0.194539,12.564995,0.000000,165
10922,92167048524688,13.334179,0.760642,0.202555,12.567769,0.000000,165
10923,92167061858867,13.332769,1.183581,0.210582,12.143326,0.000000,165
10924,92167075191636,13.331042,0.722734,0.197587,12.603855,0.000000,165
10925,92167088522678,13.336863,0.540973,0.203442,12.790997,0.000000,165
10926,92167101859541,13.333163,0.713587,0.200832,12.613817,0.000000,165
10927,92167115192704,13.330152,3.099623,0.191432,10.225668,0.000000,165
10928,92167128522856,13.337719,0.707392,0.246957,12.624064,0.000000,165
10929,92167141860575,13.332240,0.893641,0.185552,12.431644,0.000000,165
10930,92167155192815,13.332235,0.869937,0.206681,12.456721,0.000000,165
10931,92167168525050,13.331986,0.812606,0.142490,12.514598,0.000000,165
10932,92167181857036,13.335770,0.680223,0.206087,12.650528,0.000000,165
10933,92167195192806,13.333238,0.737869,0.222937,12.590162,0.000000,165
10934,92167208526044,13.332444,0.646005,0.228172,12.681187,0.000000,165
10935,92167221858488,13.336513,3.350140,0.206520,9.981192,0.000000,165
10936,92167235195001,13.334137,0.896178,0.232551,12.430714,0.000000,165
10937,92167248529138,13.331858,0.807091,0.218352,12.518321,0.000000,165
10938,92167261860996,13.333952,0.926541,0.224905,12.400957,0.000000,165
10939,92167275194948,13.333002,1.207379,0.204667,12.118531,0.000000,165
10940,92167288527950,13.334208,0.817407,0.221920,12.510573,0.000000,165
10941,92167301862158,13.333892,0.925584,0.199620,12.401619,0.000000,165
10942,92167315196050,13.332424,1.014633,0.204271,12.310223,0.000000,165
10943,92167328528474,13.332619,3.440311,0.209418,9.885929,0.000000,165
10944,92167341861093,13.333020,0.895317,0.204168,12.431739,0.000000,165
10945,92167355194113,13.332977,0.828336,0.164360,12.498585,0.000000,165
10946,92167368527090,13.333298,0.739913,0.155011,12.587593,0.000000,165
10947,92167381860388,13.338076,1.087406,0.138180,12.242206,0.000000,165
10948,92167395198464,13.328570,0.868541,0.177487,12.453231,0.000000,165
10949,92167408527034,13.335205,0.742749,0.222790,12.585324,0.000000,165
10950,92167421862239,13.331847,0.922998,0.196309,12.402180,0.000000,165
10951,92167435194086,13.333110,3.526628,0.194927,9.801118,0.000000,165
10952,92167448527196,13.332308,0.802681,0.142342,12.524877,0.000000,165
10953,92167461859504,13.334782,0.678966,0.144515,12.650493,0.000000,165
10954,92167475194286,13.334464,0.772340,0.130819,12.556260,0.000000,165
10955,92167488528750,13.333065,0.964892,0.175923,12.362132,0.000000,165
10956,92167501861815,13.335079,0.823764,0.214532,12.504659,0.000000,165
10957,92167515196894,13.331527,0.906443,0.207931,12.418334,0.000000,165
10958,92167528528421,13.334673,0.634290,0.163305,12.695238,0.000000,165
10959,92167541863094,13.332184,3.122891,0.209094,10.203862,0.000000,165
10960,92167555195278,13.335270,0.772861,0.210204,12.556333,0.000000,165
10961,92167568530548,13.332639,0.756934,0.213751,12.568400,0.000000,165
10962,92167581863187,13.333680,0.847778,0.199100,12.479124,0.000000,165
10963,92167595196867,13.334634,1.103596,0.216530,12.223939,0.000000,165
10964,92167608531501,13.332811,0.849371,0.195586,12.475631,0.000000,165
10965,92167621864312,13.333862,0.879653,0.207309,12.446186,0.000000,165
10966,92167635198174,13.333817,0.806607,0.199408,12.520043,0.000000,165
10967,92167648531991,13.332407,3.550318,0.201974,9.774747,0.000000,165
10968,92167661864398,13.333914,0.850380,0.193260,12.476606,0.000000,165
10969,92167675198312,13.333858,0.864888,0.200501,12.462168,0.000000,165
10970,92167688532170,13.333658,0.811822,0.200300,12.514174,0.000000,165
10971,92167701865828,13.331909,1.132561,0.194227,12.192229,0.000000,165
10972,92167715197737,13.334723,0.841187,0.201927,12.487125,0.000000,165
10973,92167728532460,13.335912,0.870532,0.242617,12.457692,0.000000,165
10974,92167741868372,13.330255,0.947166,0.231308,12.374776,0.000000,165
10975,92167755198627,13.334119,3.649904,0.218119,9.677307,0.000000,165
10976,92167768532746,13.331049,0.755900,0.222890,12.568009,0.000000,165
10977,92167781863795,13.331774,0.698192,0.223995,12.628335,0.000000,165
10978,92167795195569,13.337601,0.734333,0.224268,12.597442,0.000000,165
10979,92167808533170,13.332181,1.019727,0.226203,12.305221,0.000000,165
10980,92167821865351,13.334614,0.856547,0.225099,12.470794,0.000000,165
10981,92167835199965,13.334073,0.888379,0.226261,12.437968,0.000000,165
10982,92167848534038,13.331158,0.857650,0.222518,12.465836,0.000000,165
10983,92167861865196,13.332847,3.882456,0.222324,9.443717,0.000000,165
10984,92167875198043,13.332577,0.718450,0.207460,12.608173,0.000000,165
10985,92167888530620,13.333214,0.634419,0.215623,12.692526,0.000000,165
10986,92167901863834,13.333769,0.689841,0.219967,12.638192,0.000000,165
10987,92167915197603,13.334818,0.925254,0.217595,12.403544,0.000000,165
10988,92167928532421,13.332993,0.657579,0.218081,12.669668,0.000000,165
10989,92167941865414,13.332968,0.765543,0.219789,12.561431,0.000000,165
10990,92167955198382,13.333725,0.750787,0.211160,12.576666,0.000000,165
10991,92167968532107,13.333062,3.056928,0.225522,10.269636,0.000000,165
10992,92167981865169,13.334717,0.860252,0.225949,12.467828,0.000000,165
10993,92167995199886,13.333025,0.923495,0.214764,12.402900,0.000000,165
10994,92168008532911,13.333828,0.782310,0.212498,12.544484,0.000000,165
10995,92168021866739,13.334235,1.187034,0.212582,12.139671,0.000000,165
10996,92168035200974,13.330849,0.918240,0.195946,12.405794,0.000000,165
10997,92168048531823,13.335670,0.766276,0.197041,12.562780,0.000000,165
10998,92168061867493,13.334032,0.914534,0.196274,12.411940,0.000000,165
10999,92168075201525,13.330441,3.304815,0.211697,10.018796,0.000000,165
11000,92168088531966,13.335771,0.658115,0.194130,12.671566,0.000000,165
11001,92168101867737,13.332970,0.809413,0.296703,12.517134,0.000000,165
11002,92168115200707,13.331945,0.935317,0.209571,12.390403,0.000000,165
11003,92168128532652,13.338516,0.899512,0.207989,12.430437,0.000000,165
11004,92168141871168,13.329970,0.830919,0.204697,12.490963,0.000000,165
11005,92168155201138,13.331568,0.863246,0.197211,12.462384,0.000000,165
11006,92168168532706,13.337308,0.745112,0.202860,12.582951,0.000000,166
11007,92168181870014,13.328840,3.753228,0.199523,9.568198,0.000000,166
11008,92168195198854,13.338491,0.858602,0.250407,12.472058,0.000000,166
11009,92168208537345,13.330247,1.000965,0.270615,12.320949,0.000000,166
11010,92168221867592,13.332826,1.129264,0.212707,12.196889,0.000000,166
11011,92168235200418,13.333226,1.164227,0.257016,12.161273,0.000000,166
11012,92168248533644,13.342250,0.890164,0.210990,12.440508,0.000000,166
11013,92168261875894,13.324089,0.733563,0.196712,12.584231,0.000000,166
11014,92168275199983,13.333385,0.719013,0.199983,12.608487,0.000000,166
11015,92168288533368,13.337020,3.086475,0.206884,10.242594,0.000000,166
11016,92168301870388,13.330455,0.870876,0.201763,12.452847,0.000000,166
11017,92168315200843,13.334470,0.735975,0.202629,12.592767,0.000000,166
11018,92168328535313,13.331015,0.680933,0.211159,12.644558,0.000000,166
11019,92168341866328,13.340012,0.865485,0.207230,12.465200,0.000000,166
11020,92168355206340,13.332764,0.845705,0.200443,12.474628,0.000000,166
11021,92168368539104,13.326691,0.707060,0.191628,12.613154,0.000000,166
11022,92168381865795,13.335678,0.637525,0.210068,12.692019,0.000000,166
11023,92168395201473,13.331779,3.143388,0.275045,10.181644,0.000000,166
11024,92168408533252,13.334304,0.728302,0.202499,12.599742,0.000000,166
11025,92168421867556,13.338837,0.694779,0.214936,12.636023,0.000000,166
11026,92168435206393,13.331561,0.787581,0.221196,12.535249,0.000000,166
11027,92168448537954,13.329788,0.869606,0.203048,12.452716,0.000000,166
11028,92168461867742,13.340958,0.683234,0.208325,12.648507,0.000000,166
11029,92168475208700,13.325025,0.841030,0.199495,12.478099,0.000000,166
11030,92168488533725,13.338728,0.642278,0.206479,12.687809,0.000000,166
11031,92168501872453,13.327580,3.227194,0.242129,10.090981,0.000000,166
11032,92168515200033,13.334576,0.777090,0.190748,12.552478,0.000000,166
11033,92168528534609,13.334661,0.601947,0.175890,12.726421,0.000000,166
11034,92168541869270,13.332675,0.734675,0.183586,12.591784,0.000000,166
11035,92168555201945,13.331488,1.019211,0.188622,12.306448,0.000000,166
11036,92168568533433,13.337970,0.593873,0.231679,12.735639,0.000000,166
11037,92168581871403,13.328010,0.701643,0.240461,12.621651,0.000000,166
11038,92168595199413,13.332950,0.736911,0.198389,12.591700,0.000000,166
11039,92168608532363,13.334833,2.967852,0.249334,10.361768,0.000000,166
11040,92168621867196,13.333442,0.799867,0.209709,12.528843,0.000000,166
11041,92168635200638,13.335768,0.671900,0.219196,12.657099,0.000000,166
11042,92168648536406,13.330075,0.644525,0.222999,12.679993,0.000000,166
11043,92168661866481,13.334963,0.922809,0.178812,12.405967,0.000000,166
11044,92168675201444,13.332668,0.831185,0.183736,12.495734,0.000000,166
11045,92168688534112,13.332279,0.628094,0.166857,12.699842,0.000000,166
11046,92168701866391,13.333642,0.610984,0.164686,12.718030,0.000000,166
11047,92168715200033,13.333863,3.001512,0.173381,10.327325,0.000000,166
11048,92168728533896,13.334302,0.542917,0.174807,12.786398,0.000000,166
11049,92168741868198,13.333872,0.607872,0.175875,12.720456,0.000000,166
11050,92168755202070,13.331645,0.641279,0.182697,12.685644,0.000000,166
11051,92168768533715,13.332393,0.762643,0.177301,12.564217,0.000000,166
11052,92168781866108,13.334579,0.594704,0.194585,12.735482,0.000000,166
11053,92168795200687,13.333589,0.674221,0.209180,12.654282,0.000000,166
11054,92168808534276,13.334160,0.564810,0.187486,12.764839,0.000000,166
11055,92168821868436,13.334935,3.073373,0.274105,10.255563,0.000000,166
11056,92168835203371,13.336108,0.965728,0.251607,12.363963,0.000000,166
11057,92168848539479,13.336784,0.880860,0.196380,12.445840,0.000000,166
11058,92168861876263,13.326607,0.710915,0.203189,12.609238,0.000000,166
11059,92168875202870,13.337567,0.906538,0.230432,12.422860,0.000000,166
11060,92168888540437,13.329691,0.877947,0.201726,12.444657,0.000000,166
11061,92168901870128,13.333830,0.695122,0.201549,12.630978,0.000000,166
11062,92168915203958,13.332039,0.725782,0.211393,12.599428,0.000000,166
11063,92168928535997,13.332103,3.205525,0.217638,10.120876,0.000000,166
11064,92168941868100,13.334161,0.703188,0.182173,12.624976,0.000000,166
11065,92168955202261,13.334435,0.802612,0.169646,12.526567,0.000000,166
11066,92168968536696,13.453976,2.041491,0.169954,11.397962,0.000000,166
11067,92168981990672,13.306582,2.501730,0.203321,10.780960,0.000000,166
11068,92168995297254,13.333416,0.829440,0.198026,12.497032,0.000000,166
11069,92169008630670,13.333265,0.769006,0.251255,12.556830,0.000000,166
11070,92169021963935,13.332715,0.873216,0.310354,12.452615,0.000000,166
11071,92169035296650,13.332765,3.186837,0.316401,10.140023,0.000000,166
11072,92169048629415,13.335305,0.644835,0.224272,12.685045,0.000000,166
11073,92169061964720,13.337026,0.843589,0.209297,12.485028,0.000000,166
11074,92169075301746,13.329162,0.850538,0.208738,12.472630,0.000000,166
11075,92169088630908,13.339652,3.016537,0.255032,10.314784,0.000000,166
11076,92169101970560,13.328474,0.897388,0.264342,12.419742,0.000000,166
11077,92169115299034,13.332331,1.027921,0.276872,12.297523,0.000000,166
11078,92169128631365,13.333548,0.833258,0.209524,12.493593,0.000000,166
11079,92169141964913,13.332309,3.250672,0.227050,10.074917,0.000000,166
11080,92169155297222,13.334261,0.822175,0.366990,12.505417,0.000000,166
11081,92169168631483,13.332500,0.809053,0.248062,12.517334,0.000000,166
11082,92169181963983,13.331898,0.862168,0.205786,12.464516,0.000000,166
11083,92169195295881,13.335423,1.435115,0.275033,11.894092,0.000000,166
11084,92169208631304,13.336994,0.653282,0.210033,12.675481,0.000000,166
11085,92169221968298,13.329667,0.825957,0.174257,12.496042,0.000000,166
11086,92169235297965,13.335530,1.249956,0.196144,12.077099,0.000000,166
11087,92169248633495,13.332100,3.070754,0.317056,10.253628,0.000000,166
11088,92169261965595,13.330617,1.215025,0.186778,12.110052,0.000000,166
11089,92169275296212,13.337446,1.036317,0.282841,12.292625,0.000000,166
11090,92169288633658,13.337711,0.715720,0.195554,12.612249,0.000000,166
11091,92169301971369,13.329860,1.290109,0.204228,12.029480,0.000000,166
11092,92169315301229,13.329950,0.825661,0.210962,12.497313,0.000000,166
11093,92169328631179,13.332694,0.642842,0.514150,12.684146,0.000000,166
11094,92169341963873,13.334585,0.820521,0.192642,12.507934,0.000000,166
11095,92169355298458,13.337134,3.132793,0.174956,10.194812,0.000000,166
11096,92169368635592,13.333707,0.606785,0.263820,12.716068,0.000000,166
11097,92169381969299,13.329350,0.748540,0.267416,12.572996,0.000000,166
11098,92169395298649,13.332348,0.957356,0.213258,12.368493,0.000000,166
11099,92169408630997,13.333122,0.922602,0.171688,12.404865,0.000000,166
11100,92169421964119,13.342847,0.722084,0.204172,12.610862,0.000000,166
11101,92169435306966,13.327172,0.828104,0.271018,12.489291,0.000000,166
11102,92169448634138,13.331018,0.690010,0.225416,12.634899,0.000000,166
11103,92169461965156,13.332912,3.141662,0.167560,10.186137,0.000000,166
11104,92169475298068,13.332684,0.842004,0.271101,12.484861,0.000000,166
11105,92169488630752,13.333724,0.732901,0.228893,12.595186,0.000000,166
11106,92169501964476,13.341315,0.774770,0.231443,12.555857,0.000000,166
11107,92169515305791,13.327924,1.010954,0.240346,12.308754,0.000000,166
11108,92169528633715,13.333370,0.858482,0.181975,12.468115,0.000000,166
11109,92169541967085,13.333310,1.008631,0.194679,12.319010,0.000000,166
11110,92169555300395,13.330111,0.951502,0.274043,12.373194,0.000000,166
11111,92169568630506,13.334694,3.065960,0.186543,10.263844,0.000000,166
11112,92169581965200,13.332320,0.873279,0.170246,12.454200,0.000000,166
11113,92169595297520,13.332960,1.064430,0.174332,12.263808,0.000000,166
11114,92169608630480,13.334338,0.562632,0.237265,12.766653,0.000000,166
11115,92169621964818,13.332193,1.340754,0.220649,11.986800,0.000000,166
11116,92169635297011,13.336179,1.036496,0.198975,12.294347,0.000000,166
11117,92169648633190,13.330766,0.680814,0.209539,12.645260,0.000000,166
11118,92169661963956,13.334465,0.916220,0.175409,12.413267,0.000000,166
11119,92169675298421,13.332544,3.741703,0.176541,9.585254,0.000000,166
11120,92169688630965,13.334246,0.703699,0.219598,12.625629,0.000000,166
11121,92169701965211,13.336542,0.760595,0.194203,12.569416,0.000000,166
11122,92169715301753,13.332617,0.897865,0.243497,12.428919,0.000000,166
11123,92169728634370,13.335804,0.956997,0.186638,12.369215,0.000000,166
11124,92169741970174,13.332144,0.803843,0.202608,12.520332,0.000000,166
11125,92169755302318,13.331122,0.996103,0.218110,12.328525,0.000000,166
11126,92169768633440,13.333050,0.799873,0.161811,12.527085,0.000000,166
11127,92169781966490,13.332333,3.240110,0.132384,10.086686,0.000000,167
11128,92169795298823,13.335050,0.742803,0.176726,12.586684,0.000000,167
11129,92169808633873,13.331533,0.719234,0.154531,12.606752,0.000000,167
11130,92169821965406,13.333367,1.605587,0.120956,11.722086,0.000000,167
11131,92169835298773,13.333763,0.942253,0.207821,12.386714,0.000000,167
11132,92169848632536,13.336442,0.636692,0.302803,12.692394,0.000000,167
11133,92169861968978,13.332324,0.863000,0.131361,12.461844,0.000000,167
11134,92169875301302,13.332504,0.954198,0.269706,12.371560,0.000000,167
11135,92169888633806,13.330620,3.139835,0.223005,10.183082,0.000000,167
11136,92169901964426,13.333231,0.833741,0.183684,12.495501,0.000000,167
11137,92169915297657,13.337613,0.731121,0.256664,12.601087,0.000000,167
11138,92169928635270,13.332126,0.690687,0.249162,12.635299,0.000000,167
11139,92169941967396,13.334981,1.076188,0.142894,12.251763,0.000000,167
11140,92169955302377,13.332646,1.085905,0.256208,12.239439,0.000000,167
11141,92169968635023,13.335264,0.767146,0.148580,12.561909,0.000000,167
11142,92169981970287,13.329777,1.122847,0.152802,12.200961,0.000000,167
11143,92169995300064,13.340901,3.521819,0.133900,9.808585,0.000000,167
11144,92170008640965,13.328699,0.673464,0.176536,12.648323,0.000000,167
11145,92170021969664,13.331526,1.127248,0.183093,12.198790,0.000000,167
11146,92170035301190,13.334550,1.010441,0.208148,12.318399,0.000000,167
11147,92170048635740,13.337602,0.942285,0.213461,12.386685,0.000000,167
11148,92170061973342,13.330227,1.084112,0.156057,12.238239,0.000000,167
11149,92170075303569,13.331730,0.832239,0.203127,12.492552,0.000000,167
11150,92170088635299,13.334420,0.719009,0.206320,12.608935,0.000000,167
11151,92170101969719,13.332007,3.172249,0.201657,10.152921,0.000000,167
11152,92170115301726,13.334002,0.761305,0.168246,12.566235,0.000000,167
11153,92170128635728,13.333825,0.753734,0.155700,12.574037,0.000000,167
11154,92170141969553,13.331647,0.945990,0.129277,12.377162,0.000000,167
11155,92170155301200,13.334352,1.270081,0.146316,12.058317,0.000000,167
11156,92170168635552,13.334256,0.664082,0.282280,12.663417,0.000000,167
11157,92170181969808,13.334178,1.108898,0.246870,12.219361,0.000000,167
11158,92170195303986,13.332677,1.160324,0.262633,12.165937,0.000000,167
11159,92170208636663,13.332830,3.089822,0.264073,10.237034,0.000000,167
11160,92170221969493,13.334151,1.253704,0.131050,12.073408,0.000000,167
11161,92170235303644,13.333538,1.112165,0.220282,12.213914,0.000000,167
11162,92170248637182,13.333662,0.775687,0.154706,12.550957,0.000000,167
11163,92170261970844,13.336049,1.478577,0.128315,11.848232,0.000000,167
11164,92170275306893,13.328889,1.046327,0.157000,12.275146,0.000000,167
11165,92170288635782,13.332828,0.676447,0.179877,12.650780,0.000000,167
11166,92170301968610,13.332971,0.797869,0.148847,12.529207,0.000000,167
11167,92170315301581,13.333930,3.072898,0.218002,10.256021,0.000000,167
11168,92170328635511,13.330767,0.707467,0.136281,12.618669,0.000000,167
11169,92170341966278,13.334688,1.009785,0.130055,12.320405,0.000000,167
11170,92170355300966,13.333251,1.142674,0.130157,12.185124,0.000000,167
11171,92170368634217,13.332643,0.833253,0.129251,12.494945,0.000000,167
11172,92170381966860,13.334527,1.101391,0.367977,12.228868,0.000000,167
11173,92170395301387,13.332637,1.080548,0.387737,12.247298,0.000000,167
11174,92170408634024,13.335063,0.622813,0.381689,12.707280,0.000000,167
11175,92170421969087,13.332565,3.123289,0.399453,10.203594,0.000000,167
11176,92170435301652,13.340846,0.753847,0.254915,12.577842,0.000000,167
11177,92170448642498,13.326154,0.647105,0.242366,12.670256,0.000000,167
11178,92170461968652,13.333528,0.675126,0.242947,12.652984,0.000000,167
11179,92170475302180,13.333993,1.007846,0.240167,12.319249,0.000000,167
11180,92170488636173,13.332388,0.627152,0.247666,12.699558,0.000000,167
11181,92170501968561,13.334162,0.696549,0.246365,12.631540,0.000000,167
11182,92170515302723,13.332791,0.787957,0.307922,12.539641,0.000000,167
11183,92170528635514,13.332536,3.255809,0.438951,10.071604,0.000000,167
11184,92170541968050,13.334004,0.734314,0.316102,12.595030,0.000000,167
11185,92170555302054,13.334303,0.804487,0.299236,12.523887,0.000000,167
11186,92170568636357,13.334224,0.607749,0.351504,12.720884,0.000000,167
11187,92170581970581,13.331561,0.983707,0.317210,12.342530,0.000000,167
11188,92170595302142,13.333639,0.733394,0.282834,12.594794,0.000000,167
11189,92170608635781,13.332770,0.663822,0.507465,12.664329,0.000000,167
11190,92170621968551,13.334623,0.691945,0.219383,12.637747,0.000000,167
11191,92170635303174,13.332942,3.155700,0.240660,10.173129,0.000000,167
11192,92170648636116,13.339006,0.628293,0.332482,12.703527,0.000000,167
11193,92170661975122,13.326596,0.716312,0.244728,12.603595,0.000000,167
11194,92170675301718,13.336923,0.779540,0.295524,12.552241,0.000000,167
11195,92170688638641,13.332344,0.983922,0.262545,12.342160,0.000000,167
11196,92170701970985,13.335101,0.775754,0.345396,12.553817,0.000000,167
11197,92170715306086,13.334650,0.839212,0.348064,12.489049,0.000000,167
11198,92170728640736,13.331703,0.704229,0.343285,12.620428,0.000000,167
11199,92170741972439,13.692867,3.365123,0.310345,10.321137,0.000000,167
11200,92170755665306,13.333195,0.902792,0.304940,12.423813,0.000000,167
11201,92170768998501,13.336122,0.964816,0.235735,12.361708,0.000000,167
11202,92170782334623,13.328812,0.916108,0.308216,12.405545,0.000000,167
11203,92170795663435,13.334643,1.414047,0.485144,11.914557,0.000000,167
11204,92170808998078,13.342969,1.104946,0.345249,12.226563,0.000000,167
11205,92170822341047,13.325609,0.880370,0.416200,12.436119,0.000000,167
11206,92170835666656,13.331723,1.005364,0.418332,12.317890,0.000000,167
11207,92170848998379,13.331806,3.885267,0.360240,9.439031,0.000000,167
11208,92170862330185,13.334566,0.809168,0.419365,12.519074,0.000000,167
11209,92170875664751,13.335577,1.052029,0.384144,12.275419,0.000000,167
11210,92170889000328,13.333623,0.988127,0.845835,12.336076,0.000000,167
11211,92170902333951,13.331687,1.164843,0.362638,12.158380,0.000000,167
11212,92170915665638,13.333217,0.971077,0.338419,12.355489,0.000000,167
11213,92170928998855,13.335290,1.028634,0.360447,12.298710,0.000000,167
11214,92170942334145,13.330575,0.903610,0.352059,12.419687,0.000000,167
11215,92170955664720,13.332367,3.698082,0.429666,9.628022,0.000000,167
11216,92170968997087,13.332778,1.125978,0.324315,12.200587,0.000000,167
11217,92170982329865,13.335893,0.839343,0.377535,12.490547,0.000000,167
11218,92170995665758,13.332820,1.101667,0.339543,12.223748,0.000000,167
11219,92171008998578,13.335414,1.297334,0.376495,12.030457,0.000000,167
11220,92171022333992,13.335791,0.939248,0.361202,12.385671,0.000000,167
11221,92171035669783,13.328786,0.976656,0.389822,12.344427,0.000000,167
11222,92171048998569,13.335161,1.029183,0.350514,12.298231,0.000000,167
11223,92171062333730,13.332750,3.781308,0.396199,9.544080,0.000000,167
11224,92171075666480,13.335991,1.073268,0.596824,12.254822,0.000000,167
11225,92171089002471,13.329399,0.980881,0.355239,12.341369,0.000000,167
11226,92171102331870,13.335466,0.889890,0.423980,12.438501,0.000000,167
11227,92171115667336,13.335334,1.329910,0.572731,11.996953,0.000000,167
11228,92171129002670,13.333335,1.014623,0.579440,12.309317,0.000000,167
11229,92171142336005,13.330458,0.921174,0.403926,12.401380,0.000000,167
11230,92171155666463,13.333003,1.017362,0.377850,12.308319,0.000000,167
11231,92171168999466,13.332146,3.705387,0.561161,9.620699,0.000000,167
11232,92171182331612,13.335877,0.907941,0.510438,12.421548,0.000000,167
11233,92171195667489,13.335468,1.127424,0.454213,12.199470,0.000000,167
11234,92171209002957,13.332628,1.252988,0.607582,12.071417,0.000000,167
11235,92171222335585,13.333758,1.256655,0.358569,12.068447,0.000000,167
11236,92171235669343,13.330093,0.995257,0.392372,12.327548,0.000000,167
11237,92171248999436,13.336785,1.047829,0.365417,12.281010,0.000000,167
11238,92171262336221,13.331468,0.995149,0.354064,12.328357,0.000000,167
11239,92171275667689,13.337095,3.691635,0.610299,9.636235,0.000000,167
11240,92171289004784,13.331146,1.154585,0.421026,12.169127,0.000000,167
11241,92171302335930,13.333238,1.019142,0.351722,12.305484,0.000000,167
11242,92171315669168,13.331991,0.997445,0.636133,12.326705,0.000000,167
11243,92171329001159,13.334827,1.293977,0.373430,12.033438,0.000000,167
11244,92171342335986,13.334930,0.960118,0.769911,12.367125,0.000000,167
11245,92171355670916,13.331551,1.066684,0.378581,12.256752,0.000000,167
11246,92171369002467,13.333089,1.039642,0.339765,12.285331,0.000000,167
11247,92171382335556,13.331296,3.779863,0.341711,9.544001,0.000000,167
11248,92171395666852,13.334091,1.008520,0.556465,12.319309,0.000000,167
11249,92171409000943,13.335159,1.049835,0.594684,12.277753,0.000000,167
11250,92171422336102,13.331756,0.948307,0.363550,12.376049,0.000000,167
11251,92171435667858,13.333858,1.272292,0.390793,12.054402,0.000000,167
11252,92171449001716,13.332861,1.134669,0.260156,12.192104,0.000000,167
11253,92171462334577,13.335150,0.838751,0.300463,12.488762,0.000000,167
11254,92171475669727,13.333141,1.039175,0.475267,12.287265,0.000000,167
11255,92171489002868,13.332090,3.821682,0.390923,9.503533,0.000000,167
11256,92171502334958,13.334632,1.099066,0.408252,12.228929,0.000000,167
11257,92171515669590,13.332200,0.993575,0.338407,12.331931,0.000000,167
11258,92171529001790,13.331750,0.987874,0.567227,12.338158,0.000000,167
11259,92171542333540,13.336727,1.140324,0.597705,12.189662,0.000000,167
11260,92171555670267,13.333198,0.941980,0.648830,12.385205,0.000000,167
11261,92171569003465,13.332219,0.884710,0.391845,12.441886,0.000000,167
11262,92171582335684,13.334631,0.860393,0.390522,12.467400,0.000000,167
11263,92171595670315,13.332307,3.880084,0.346796,9.446087,0.000000,167
11264,92171609002622,13.333974,0.975727,0.348606,12.351181,0.000000,167
11265,92171622336596,13.335100,0.948655,0.373010,12.379252,0.000000,167
11266,92171635671696,13.331459,1.352298,0.490970,11.970601,0.000000,167
11267,92171649003155,13.333354,1.471329,0.277808,11.854658,0.000000,167
11268,92171662336509,13.334206,0.926618,0.886919,12.400444,0.000000,167
11269,92171675670715,13.333797,1.014998,0.413754,12.311532,0.000000,167
11270,92171689004512,13.338768,1.226265,0.354412,12.101288,0.000000,168
11271,92171702343280,13.326555,3.587314,0.372041,9.732439,0.000000,168
11272,92171715669835,13.334961,1.004251,0.372316,12.323021,0.000000,168
11273,92171729004796,13.333764,1.111631,0.373007,12.213581,0.000000,168
11274,92171742338560,13.331805,0.919265,0.376369,12.405362,0.000000,168
11275,92171755670365,13.333558,1.434874,0.376474,11.891864,0.000000,168
11276,92171769003923,13.332851,1.069381,0.354865,12.256243,0.000000,168
11277,92171782336774,13.332722,0.918738,0.484639,12.408000,0.000000,168
11278,92171795669496,13.335807,0.989392,0.603809,12.338794,0.000000,168
11279,92171809005303,13.331246,3.634092,0.353005,9.690624,0.000000,168
11280,92171822336549,13.333448,0.839487,0.494187,12.488063,0.000000,168
11281,92171835669997,13.334954,0.965652,0.356004,12.363411,0.000000,168
11282,92171849004951,13.330092,1.020216,0.574880,12.303740,0.000000,168
11283,92171862335043,13.338318,1.062243,0.416658,12.269293,0.000000,168
11284,92171875673361,13.333499,0.990818,0.348923,12.334431,0.000000,168
11285,92171889006860,13.329016,1.082152,0.639218,12.239750,0.000000,168
11286,92171902335876,13.338208,0.864894,0.361871,12.466434,0.000000,168
11287,92171915674084,13.328946,3.757418,0.375678,9.564701,0.000000,168
11288,92171929003030,13.335672,0.967053,0.354905,12.362988,0.000000,168
11289,92171942338702,13.334927,0.855817,0.340813,12.471811,0.000000,168
11290,92171955673629,13.333488,0.976125,0.360532,12.349933,0.000000,168
11291,92171969007117,13.331133,1.350508,0.358561,11.973670,0.000000,168
11292,92171982338250,13.334151,0.877555,0.505695,12.448795,0.000000,168
11293,92171995672401,13.338668,1.041380,0.413042,12.290330,0.000000,168
11294,92172009011069,13.335092,1.008919,0.424507,12.318691,0.000000,168
11295,92172022346161,13.330256,3.789369,0.378688,9.533852,0.000000,168
11296,92172035676417,13.335458,0.942789,0.367812,12.386490,0.000000,168
11297,92172049011875,13.334494,0.934545,0.403355,12.393443,0.000000,168
11298,92172062346369,13.331144,1.090302,0.269187,12.233983,0.000000,168
11299,92172075677513,13.332993,1.002315,0.351119,12.323537,0.000000,168
11300,92172089010506,13.335703,0.792160,0.372512,12.536919,0.000000,168
11301,92172102346209,13.332213,0.771609,0.378038,12.553154,0.000000,168
11302,92172115678422,13.333190,0.856420,0.378945,12.468452,0.000000,168
11303,92172129011612,13.332580,3.241513,0.353500,10.083475,0.000000,168
11304,92172142344192,13.334788,0.715980,0.349383,12.613413,0.000000,168
11305,92172155678980,13.336198,0.851675,0.345639,12.473398,0.000000,168
11306,92172169015178,13.331507,0.982634,0.356792,12.341925,0.000000,168
11307,92172182346685,13.338749,1.060707,0.363713,12.266897,0.000000,168
11308,92172195685434,13.335581,1.145985,0.356979,12.177117,0.000000,168
11309,92172209021015,13.324874,1.161443,0.263369,12.153872,0.000000,168
11310,92172222345889,13.330129,0.898705,0.351220,12.426373,0.000000,168
11311,92172235676018,13.333509,3.193193,0.340430,10.133992,0.000000,168
11312,92172249009527,13.334035,0.736769,0.339148,12.591713,0.000000,168
11313,92172262343562,13.332059,0.742737,0.358284,12.584339,0.000000,168
11314,92172275675621,13.333490,0.701007,0.251161,12.627614,0.000000,168
11315,92172289009111,13.335996,0.879875,0.261273,12.449797,0.000000,168
11316,92172302345107,13.333164,0.709501,0.256001,12.617750,0.000000,168
11317,92172315678271,13.333945,0.767642,0.253257,12.559919,0.000000,168
11318,92172329012216,13.331672,0.782302,0.379693,12.544002,0.000000,168
11319,92172342343888,13.333268,3.127223,0.349103,10.200065,0.000000,168
11320,92172355677156,13.335262,0.776775,0.339565,12.552639,0.000000,168
11321,92172369012418,13.330560,0.816707,0.359753,12.508367,0.000000,168
11322,92172382342978,13.335066,0.668359,0.361858,12.660940,0.000000,168
11323,92172395678044,13.332545,0.975538,0.267175,12.351656,0.000000,168
11324,92172409010589,13.335389,0.768530,0.282992,12.561127,0.000000,168
11325,92172422345978,13.332656,0.742488,0.378488,12.583334,0.000000,168
11326,92172435678634,13.333396,0.809795,0.357674,12.516436,0.000000,168
11327,92172449012030,13.331773,3.358610,0.344343,9.967818,0.000000,168
11328,92172462343803,13.336702,0.640423,0.358024,12.690961,0.000000,168
11329,92172475680505,13.334381,0.789462,0.350267,12.538459,0.000000,168
11330,92172489014886,13.331468,0.927381,0.371297,12.397235,0.000000,168
11331,92172502346354,13.350505,1.120100,0.404871,12.216226,0.000000,168
11332,92172515696859,13.316469,0.925980,0.354370,12.380842,0.000000,168
11333,92172529013328,13.334132,1.006108,0.373736,12.320836,0.000000,168
11334,92172542347460,13.336013,0.934245,0.419377,12.393806,0.000000,168
11335,92172555683473,13.337213,3.394783,0.349818,9.930513,0.000000,168
11336,92172569020686,13.328243,0.952722,0.375213,12.367427,0.000000,168
11337,92172582348929,13.329203,0.861937,0.358257,12.460727,0.000000,168
11338,92172595678132,13.334322,0.770820,0.364580,12.558413,0.000000,168
11339,92172609012454,13.333901,0.990312,0.368709,12.337685,0.000000,168
11340,92172622346355,13.334033,0.981692,0.383166,12.346200,0.000000,168
11341,92172635680388,13.332001,0.820046,0.810549,12.506690,0.000000,168
11342,92172649012389,13.331900,0.805428,0.395520,12.521549,0.000000,168
11343,92172662344289,13.332800,3.167516,0.341877,10.160222,0.000000,168
11344,92172675677089,13.334691,0.728282,0.364109,12.601674,0.000000,168
11345,92172689011780,13.334886,0.792970,0.376223,12.535035,0.000000,168
11346,92172702346666,13.331234,0.748729,0.265658,12.577600,0.000000,168
11347,92172715677900,13.334304,0.941024,0.375605,12.388460,0.000000,168
11348,92172729012204,13.332096,0.793217,0.380754,12.534073,0.000000,168
11349,92172742344300,13.333971,0.657685,0.366011,12.671403,0.000000,168
11350,92172755678271,13.334763,0.805619,0.370077,12.522948,0.000000,168
11351,92172769013034,13.332108,3.330557,0.439799,9.996235,0.000000,168
11352,92172782345142,13.332860,0.843638,0.372282,12.484817,0.000000,168
11353,92172795678002,13.333811,0.771794,0.335466,12.557188,0.000000,168
11354,92172809011813,13.336212,0.735329,0.350553,12.594689,0.000000,168
11355,92172822348025,13.330834,0.907002,0.529040,12.418802,0.000000,168
11356,92172835678859,13.336708,0.969131,0.341165,12.360246,0.000000,168
11357,92172849015567,13.330280,0.822124,0.331265,12.502452,0.000000,168
11358,92172862345847,13.332620,0.666421,0.375248,12.661399,0.000000,168
11359,92172875678467,13.334012,3.404339,0.379337,9.924577,0.000000,168
11360,92172889012479,13.335576,1.333980,0.359390,11.995068,0.000000,168
11361,92172902348055,13.331533,1.351332,0.348326,11.973131,0.000000,168
11362,92172915679588,13.339352,0.962197,0.340957,12.367899,0.000000,168
11363,92172929018940,13.334718,1.769056,0.351730,11.553914,0.000000,168
11364,92172942353658,13.326272,1.049384,0.338239,12.270072,0.000000,168
11365,92172955679930,13.334679,0.958223,0.355993,12.369937,0.000000,168
11366,92172969014609,13.334345,1.406873,0.352986,11.920079,0.000000,168
11367,92172982348954,13.333040,4.103753,0.802036,9.221419,0.000000,168
11368,92172995681994,13.334294,1.013222,0.344825,12.314333,0.000000,168
11369,92173009016288,13.335972,1.075032,0.449344,12.251731,0.000000,168
11370,92173022352260,13.336604,0.966920,0.835315,12.358872,0.000000,168
11371,92173035688864,13.332690,1.220401,0.335135,12.099039,0.000000,168
11372,92173049021554,13.328605,1.013289,0.342813,12.307828,0.000000,168
11373,92173062350159,13.330924,0.962622,0.270881,12.361160,0.000000,168
11374,92173075681083,13.341368,1.044670,0.359538,12.285770,0.000000,168
11375,92173089022451,13.323615,3.745665,0.310182,9.570860,0.000000,168
11376,92173102346066,13.337416,0.849801,0.354811,12.481719,0.000000,168
11377,92173115683482,13.329771,1.078757,0.335094,12.245094,0.000000,168
11378,92173129013253,13.335071,1.043962,0.337201,12.286144,0.000000,168
11379,92173142348324,13.336420,1.108680,0.291836,12.219899,0.000000,168
11380,92173155684744,13.336170,1.297588,0.300483,12.027469,0.000000,168
11381,92173169020914,13.331292,1.084646,0.267645,12.236919,0.000000,168
11382,92173182352206,13.333118,0.973317,0.235088,12.350761,0.000000,168
11383,92173195685324,13.332265,3.577549,0.251935,9.747123,0.000000,168
11384,92173209017589,13.331253,1.177824,0.378591,12.146413,0.000000,168
11385,92173222348842,13.335089,0.874749,0.375348,12.453858,0.000000,168
11386,92173235683931,13.337104,1.121721,0.365792,12.205468,0.000000,168
11387,92173249021035,13.330050,1.662032,0.348243,11.660639,0.000000,168
11388,92173262351085,13.339830,0.900790,0.367943,12.427983,0.000000,168
11389,92173275690915,13.330818,1.128880,0.346181,12.191001,0.000000,168
11390,92173289021733,13.342071,1.196327,0.256348,12.131244,0.000000,168
11391,92173302363804,13.321434,3.711534,0.529346,9.600982,0.000000,168
11392,92173315685238,13.332045,1.111025,0.349829,12.212080,0.000000,168
11393,92173329017283,13.330976,0.990915,0.359588,12.334221,0.000000,168
11394,92173342348259,13.336760,0.712914,0.766970,12.617128,0.000000,168
11395,92173355685019,13.329336,1.043411,0.406613,12.281488,0.000000,168
11396,92173369014355,13.334974,0.805772,0.355292,12.523562,0.000000,168
11397,92173382349329,13.333377,0.685876,0.327836,12.642666,0.000000,168
11398,92173395682706,13.336264,0.855577,0.341113,12.472825,0.000000,169
11399,92173409018970,13.330142,3.228841,0.303722,10.095265,0.000000,169
11400,92173422349112,13.334708,0.805119,0.383897,12.524651,0.000000,169
11401,92173435683820,13.341732,1.127024,0.369632,12.204435,0.000000,169
11402,92173449025552,13.323700,1.052636,0.411468,12.263700,0.000000,169
11403,92173462349252,13.338057,1.228508,0.420769,12.100956,0.000000,169
11404,92173475687309,13.331733,1.178174,0.422537,12.146293,0.000000,169
11405,92173489019042,13.330945,1.213357,0.334057,12.111635,0.000000,169
11406,92173502349987,13.334986,0.952662,0.346246,12.376097,0.000000,169
11407,92173515684973,13.333012,3.791535,0.408052,9.534936,0.000000,169
11408,92173529017985,13.334449,1.153773,0.313570,12.174644,0.000000,169
11409,92173542352434,13.343469,0.890428,0.356439,12.438902,0.000000,169
11410,92173555695903,13.331750,1.028942,0.357459,12.291845,0.000000,169
11411,92173569027653,13.323617,1.284465,0.282173,12.031593,0.000000,169
11412,92173582351270,13.339704,0.997466,0.238673,12.333444,0.000000,169
11413,92173595690974,13.329210,1.052272,0.241871,12.269985,0.000000,169
11414,92173609020184,13.334846,1.106101,0.327322,12.221153,0.000000,169
11415,92173622355030,13.331348,3.865188,0.369009,9.459917,0.000000,169
11416,92173635686378,13.333991,1.054435,0.334764,12.273527,0.000000,169
11417,92173649020369,13.332483,1.214950,0.328955,12.109961,0.000000,169
11418,92173662352852,13.333825,0.969383,0.322795,12.358419,0.000000,169
11419,92173675686677,13.336051,1.472177,0.353297,11.855100,0.000000,169
11420,92173689022728,13.332734,1.179333,0.387451,12.143718,0.000000,169
11421,92173702355462,13.330421,1.017308,0.395111,12.306553,0.000000,169
11422,92173715685883,13.336975,1.122403,0.325661,12.206898,0.000000,169
11423,92173729022858,13.336313,3.954136,0.414113,9.370780,0.000000,169
11424,92173742359171,13.337858,0.992512,0.350488,12.336857,0.000000,169
11425,92173755697029,13.333699,1.179323,0.481697,12.147048,0.000000,169
11426,92173769030728,13.334063,1.241004,0.410049,12.086255,0.000000,169
11427,92173782364791,13.332045,1.375627,0.364388,11.949216,0.000000,169
11428,92173795696836,13.333777,1.172264,0.480215,12.154618,0.000000,169
11429,92173809030613,13.341003,1.214553,0.386848,12.114554,0.000000,169
11430,92173822371616,13.325283,1.073987,0.368726,12.243737,0.000000,169
11431,92173835696899,13.331898,3.800444,0.377077,9.526339,0.000000,169
11432,92173849028797,13.340835,1.038890,0.399579,12.293116,0.000000,169
11433,92173862369632,13.329922,1.099271,0.375058,12.220628,0.000000,169
11434,92173875699554,13.332144,1.036649,0.417144,12.288846,0.000000,169
11435,92173889031698,13.333177,1.481335,0.383970,11.844507,0.000000,169
11436,92173902364875,13.332743,0.926261,0.436719,12.400304,0.000000,169
11437,92173915697618,13.333463,0.997029,0.313310,12.330521,0.000000,169
11438,92173929031081,13.336178,0.933238,0.359346,12.396268,0.000000,169
11439,92173942367259,13.329943,3.341128,0.326494,9.982324,0.000000,169
11440,92173955697202,13.335368,0.838789,0.389128,12.490527,0.000000,169
11441,92173969032570,13.333249,1.038830,0.349188,12.288125,0.000000,169
11442,92173982365819,13.332572,0.818853,0.420182,12.506520,0.000000,169
11443,92173995698391,13.334326,1.147807,0.387533,12.179997,0.000000,169
11444,92174009032717,13.357859,0.963087,0.442773,12.379545,0.000000,169
11445,92174022390576,13.308200,1.096811,0.357885,12.202511,0.000000,169
11446,92174035698776,13.333706,0.938030,0.345803,12.388182,0.000000,169
11447,92174049032482,13.331786,3.403209,0.305256,9.922980,0.000000,169
11448,92174062364268,13.336741,0.763104,0.353825,12.566969,0.000000,169
11449,92174075701009,13.334672,1.075509,0.387069,12.250099,0.000000,169
11450,92174089035681,13.329646,1.237247,0.376078,12.084597,0.000000,169
11451,92174102365327,13.342478,1.285449,0.313596,12.047210,0.000000,169
11452,92174115707805,13.324264,1.116105,0.388926,12.201364,0.000000,169
11453,92174129032069,13.333347,1.130916,0.341289,12.195188,0.000000,169
11454,92174142365416,13.336509,0.882511,0.263776,12.445420,0.000000,169
11455,92174155701925,13.331304,3.430350,0.212443,9.892793,0.000000,169
11456,92174169033229,13.332460,0.862880,0.333924,12.464701,0.000000,169
11457,92174182365689,13.333669,0.688162,0.440843,12.639667,0.000000,169
11458,92174195699358,13.333686,0.839089,0.387948,12.488361,0.000000,169
11459,92174209033044,13.332550,1.064892,0.324843,12.261798,0.000000,169
11460,92174222365594,13.335690,0.784772,0.328848,12.545052,0.000000,169
11461,92174235701284,13.332549,0.924567,0.333816,12.401008,0.000000,169
11462,92174249033833,13.333043,0.942611,0.337323,12.384372,0.000000,169
11463,92174262366876,13.332916,3.764948,0.355367,9.561243,0.000000,169
11464,92174275699792,13.334392,0.938912,0.337261,12.390204,0.000000,169
11465,92174289034184,13.333562,0.960056,0.346165,12.367710,0.000000,169
11466,92174302367746,13.333786,0.958263,0.399434,12.369480,0.000000,169
11467,92174315701532,13.330985,1.356369,0.343062,11.968200,0.000000,169
11468,92174329032517,13.333508,0.921740,0.331037,12.405921,0.000000,169
11469,92174342366025,13.334881,0.809542,0.340690,12.519330,0.000000,169
11470,92174355700906,13.332363,0.986684,0.333409,12.339365,0.000000,169
11471,92174369033269,13.332123,3.358589,0.332354,9.967939,0.000000,169
11472,92174382365392,13.336725,0.656275,0.343084,12.675445,0.000000,169
11473,92174395702117,13.332389,0.815263,0.346898,12.511157,0.000000,169
11474,92174409034506,13.331682,0.785578,0.327731,12.541386,0.000000,169
11475,92174422366188,13.333159,0.881798,0.325557,12.446783,0.000000,169
11476,92174435699347,13.334343,0.787949,0.346150,12.541533,0.000000,169
11477,92174449033690,13.333715,0.728915,0.317200,12.599747,0.000000,169
11478,92174462367405,13.334364,0.661947,0.330781,12.666922,0.000000,169
11479,92174475701769,13.331742,3.246774,0.320402,10.078999,0.000000,169
11480,92174489033511,13.334730,0.788775,0.335146,12.540199,0.000000,169
11481,92174502368241,13.332360,0.734429,0.374655,12.591975,0.000000,169
11482,92174515700601,13.335137,0.946561,0.352864,12.382789,0.000000,169
11483,92174529035738,13.333400,1.207246,0.324121,12.119004,0.000000,169
11484,92174542369138,13.331666,0.805471,0.314768,12.519584,0.000000,169
11485,92174555700804,13.333826,0.774865,0.356772,12.552849,0.000000,169
11486,92174569034630,13.333847,0.773121,0.349956,12.555020,0.000000,169
11487,92174582368477,13.332186,3.163061,0.293149,10.163716,0.000000,169
11488,92174595700663,13.334443,0.720174,0.285567,12.608939,0.000000,169
11489,92174609035106,13.332406,0.761367,0.291734,12.565983,0.000000,169
11490,92174622367512,13.333699,0.687571,0.350396,12.641533,0.000000,169
11491,92174635701211,13.335107,1.288269,0.327440,12.040774,0.000000,169
11492,92174649036318,13.331957,0.872185,0.377618,12.453050,0.000000,169
11493,92174662368275,13.332503,1.869052,0.303033,11.457911,0.000000,169
11494,92174675700778,13.335694,0.866002,0.348659,12.463491,0.000000,169
11495,92174689036472,13.331117,3.352996,0.309597,9.971788,0.000000,169
11496,92174702367589,13.332957,0.592105,0.302587,12.736996,0.000000,169
11497,92174715700546,13.335368,0.711288,0.321498,12.619007,0.000000,169
11498,92174729035914,13.332356,0.731800,0.315972,12.596259,0.000000,169
11499,92174742368270,13.334369,0.843291,0.314548,12.486391,0.000000,169
11500,92174755702639,13.333379,0.900998,0.324901,12.427136,0.000000,169
11501,92174769036018,13.332081,0.781290,0.292246,12.546189,0.000000,169
11502,92174782368099,13.334176,0.614462,0.329606,12.715289,0.000000,169
11503,92174795702275,13.332363,3.254034,0.310640,10.073588,0.000000,169
11504,92174809034638,13.334047,0.646944,1.196512,12.682520,0.000000,169
11505,92174822368685,13.334301,0.640959,0.320991,12.688453,0.000000,169
11506,92174835702986,13.333318,0.727417,0.317236,12.600772,0.000000,169
11507,92174849036304,13.334987,0.912259,1.234110,12.416876,0.000000,169
11508,92174862371291,13.331149,0.682262,0.313929,12.643063,0.000000,169
11509,92174875702440,13.333579,0.726430,0.313735,12.602038,0.000000,169
11510,92174889036019,13.334770,0.915243,0.349914,12.413705,0.000000,169
11511,92174902370789,13.330438,3.705375,0.221970,9.618619,0.000000,169
11512,92174915701227,13.336006,0.767949,0.236920,12.562586,0.000000,169
11513,92174929037233,13.333769,0.895812,1.302113,12.431251,0.000000,169
11514,92174942371002,13.332470,0.765256,0.358303,12.560890,0.000000,169
11515,92174955703472,13.343066,2.003770,0.294752,11.331928,0.000000,169
11516,92174969046538,13.334496,1.725344,0.333112,11.594585,0.000000,169
11517,92174982381034,13.334255,1.451509,0.259719,11.866967,0.000000,169
11518,92174995715289,13.364792,1.719852,0.351070,11.627738,0.000000,169
11519,92175009080081,13.318796,6.260184,0.272992,7.042367,0.000000,169
11520,92175022398877,13.333438,0.812172,0.220047,12.515491,0.000000,169
11521,92175035732315,13.333318,0.816070,0.209088,12.510865,0.000000,169
11522,92175049065633,13.333979,0.767701,0.204466,12.558774,0.000000,169
11523,92175062399612,13.332706,0.922777,0.265566,12.403730,0.000000,169
11524,92175075732318,13.332792,0.807288,0.297770,12.519278,0.000000,170
11525,92175089065110,13.334534,0.770928,0.300669,12.558223,0.000000,170
11526,92175102399644,13.331787,0.778030,0.355006,12.548228,0.000000,170
11527,92175115731431,13.330943,4.567995,0.284176,8.757378,0.000000,170
11528,92175129062374,13.335103,0.708575,0.300062,12.621854,0.000000,170
11529,92175142397477,13.334733,0.738931,0.285271,12.590927,0.000000,170
11530,92175155732210,13.331481,0.787064,0.282577,12.538562,0.000000,170
11531,92175169063691,13.335906,1.027264,0.286018,12.303212,0.000000,170
11532,92175182399597,13.334607,0.760931,0.302206,12.566775,0.000000,170
11533,92175195734204,13.333508,0.810797,0.308058,12.515386,0.000000,170
11534,92175209067712,13.332440,0.773165,0.383264,12.553191,0.000000,170
11535,92175222400152,13.333219,3.375156,0.284077,9.952884,0.000000,170
11536,92175235733371,13.333023,0.750807,0.224324,12.577426,0.000000,170
11537,92175249066394,13.332374,0.758407,0.270423,12.569006,0.000000,170
11538,92175262398768,13.332619,0.654287,0.224057,12.673514,0.000000,170
11539,92175275731387,13.333540,1.059765,0.271360,12.268804,0.000000,170
11540,92175289064927,13.333192,0.759619,0.292150,12.568396,0.000000,170
11541,92175302398119,13.333556,0.604185,0.310983,12.724532,0.000000,170
11542,92175315731675,13.333647,0.894940,0.383381,12.432508,0.000000,170
11543,92175329065322,13.333897,3.242919,0.286531,10.086639,0.000000,170
11544,92175342399219,13.335502,0.618388,0.309006,12.711601,0.000000,170
11545,92175355734721,13.333124,0.813477,0.319091,12.513359,0.000000,170
11546,92175369067845,13.332831,0.822433,0.312275,12.504333,0.000000,170
11547,92175382400676,13.335113,0.928648,0.314095,12.400051,0.000000,170
11548,92175395735789,13.331567,0.814184,0.305788,12.510419,0.000000,170
11549,92175409067356,13.333390,0.785161,0.311907,12.541994,0.000000,170
11550,92175422400746,13.332510,0.766603,0.403222,12.559725,0.000000,170
11551,92175435733256,13.332330,3.480282,0.311718,9.846449,0.000000,170
11552,92175449065586,13.332800,0.738913,0.289531,12.589274,0.000000,170
11553,92175462398386,13.334408,0.630503,0.310927,12.698556,0.000000,170
11554,92175475732794,13.333009,0.752459,0.302563,12.575602,0.000000,170
11555,92175489065803,13.332951,0.918386,0.293876,12.409708,0.000000,170
11556,92175502398754,13.333950,0.617284,0.307162,12.711862,0.000000,170
11557,92175515732704,13.336878,0.770728,0.309304,12.560668,0.000000,170
11558,92175529069582,13.332967,0.974335,0.301207,12.351619,0.000000,170
11559,92175542402549,13.332001,3.123342,0.294124,10.203267,0.000000,170
11560,92175555734550,13.332845,0.748735,0.284743,12.579280,0.000000,170
11561,92175569067395,13.333338,0.763863,0.225420,12.564797,0.000000,170
11562,92175582400733,13.332893,0.631564,0.319681,12.696773,0.000000,170
11563,92175595733626,13.335024,0.922088,0.314446,12.407445,0.000000,170
11564,92175609068650,13.332512,0.747717,0.286877,12.579080,0.000000,170
11565,92175622401162,13.332821,0.632581,0.214748,12.695630,0.000000,170
11566,92175635733983,13.333903,0.735393,0.319456,12.592240,0.000000,170
11567,92175649067886,13.334441,3.202918,0.308127,10.126545,0.000000,170
11568,92175662402327,13.333203,0.739012,0.301692,12.589398,0.000000,170
11569,92175675735530,13.334729,0.787950,0.206471,12.540740,0.000000,170
11570,92175689070259,13.333501,0.836604,0.212340,12.490587,0.000000,170
11571,92175702403760,13.332843,0.959677,0.203862,12.366238,0.000000,170
11572,92175715736603,13.333101,0.803643,0.180676,12.523205,0.000000,170
11573,92175729069704,13.334452,0.818124,0.207802,12.510163,0.000000,170
11574,92175742404156,13.331381,0.746214,0.333501,12.579034,0.000000,170
11575,92175755735537,13.334857,3.311442,0.310595,10.016475,0.000000,170
11576,92175769070394,13.333086,0.820257,0.223349,12.506986,0.000000,170
11577,92175782403480,13.332769,0.749886,0.207177,12.576803,0.000000,170
11578,92175795736249,13.335450,0.800422,0.271409,12.528042,0.000000,170
11579,92175809071699,13.330673,1.023817,0.265145,12.300421,0.000000,170
11580,92175822402372,13.335001,0.708323,0.310717,12.620147,0.000000,170
11581,92175835737373,13.332780,0.877716,0.302983,12.448417,0.000000,170
11582,92175849070153,13.332765,0.937496,0.372992,12.388360,0.000000,170
11583,92175862402918,13.331642,3.819685,0.297460,9.506316,0.000000,170
11584,92175875734560,13.348862,0.892089,0.311372,12.451209,0.000000,170
11585,92175889083422,13.334045,1.102661,0.305942,12.224110,0.000000,170
11586,92175902417467,13.336779,0.870622,0.300608,12.458907,0.000000,170
11587,92175915754246,13.330658,1.231247,0.299302,12.091478,0.000000,170
11588,92175929084904,13.331964,0.951798,0.296413,12.372773,0.000000,170
11589,92175942416868,13.337943,0.830725,0.312250,12.499888,0.000000,170
11590,92175955754811,13.333233,0.926167,0.358897,12.399209,0.000000,170
11591,92175969088044,13.329162,3.651086,0.285537,9.671622,0.000000,170
11592,92175982417206,13.335316,0.610573,0.280229,12.719596,0.000000,170
11593,92175995752522,13.331395,0.720329,0.303698,12.605536,0.000000,170
11594,92176009083917,13.336147,0.656610,0.288227,12.674447,0.000000,170
11595,92176022420064,13.334055,0.904096,0.384973,12.424255,0.000000,170
11596,92176035754119,13.331172,0.768992,0.297592,12.556598,0.000000,170
11597,92176049085291,13.334964,0.768361,0.311342,12.560822,0.000000,170
11598,92176062420255,13.345313,0.766480,0.309449,12.574020,0.000000,170
11599,92176075765568,13.320508,3.226680,0.302566,10.087965,0.000000,170
11600,92176089086076,13.335379,0.804219,0.310738,12.525463,0.000000,170
11601,92176102421455,13.334064,0.740203,0.300299,12.587281,0.000000,170
11602,92176115755519,13.331874,1.029818,0.331834,12.296182,0.000000,170
11603,92176129087393,13.333968,1.230338,0.315435,12.097200,0.000000,170
11604,92176142421361,13.346372,0.839645,0.314798,12.499011,0.000000,170
11605,92176155767733,13.318814,0.864243,0.328383,12.448126,0.000000,170
11606,92176169086547,13.334082,0.745992,0.311779,12.582634,0.000000,170
11607,92176182420629,13.332565,3.087739,0.318098,10.238625,0.000000,170
11608,92176195753194,13.333383,0.732003,0.312892,12.595379,0.000000,170
11609,92176209086577,13.334642,0.749328,0.314575,12.579277,0.000000,170
11610,92176222421219,13.335002,0.682353,0.320182,12.646355,0.000000,170
11611,92176235756221,13.332557,1.000441,0.292845,12.325680,0.000000,170
11612,92176249088778,13.332060,0.795477,0.284092,12.531013,0.000000,170
11613,92176262420838,13.334057,0.689757,0.303124,12.639063,0.000000,170
11614,92176275754895,13.333858,0.817489,0.299949,12.510547,0.000000,170
11615,92176289088753,13.332923,3.230008,0.379775,10.097321,0.000000,170
11616,92176302421676,13.333076,0.702214,0.301187,12.624973,0.000000,170
11617,92176315754752,13.333701,0.816067,0.295783,12.511734,0.000000,170
11618,92176329088453,13.332685,0.816896,0.277002,12.509878,0.000000,170
11619,92176342421138,13.340470,0.890136,0.429989,12.442970,0.000000,170
11620,92176355761608,13.332353,1.321627,0.530282,12.001546,0.000000,170
11621,92176369093961,13.337984,1.273040,0.412131,12.055325,0.000000,170
11622,92176382431945,13.325844,1.260877,0.408048,12.053691,0.000000,170
11623,92176395757789,13.329778,4.215944,0.318209,9.107517,0.000000,170
11624,92176409087567,13.334554,0.826089,0.303907,12.502706,0.000000,170
11625,92176422422121,13.335081,0.766802,0.325963,12.562228,0.000000,170
11626,92176435757202,13.333067,0.830754,0.311776,12.495620,0.000000,170
11627,92176449090269,13.331487,1.039468,0.291860,12.285906,0.000000,170
11628,92176462421756,13.335405,0.747522,0.229722,12.582498,0.000000,170
11629,92176475757161,13.336251,1.011979,0.258357,12.317359,0.000000,170
11630,92176489093412,13.333122,0.967335,0.417309,12.358187,0.000000,170
11631,92176502426534,13.328531,3.293658,0.257488,10.026978,0.000000,170
11632,92176515755065,13.332600,0.808854,0.376870,12.518693,0.000000,170
11633,92176529087665,13.333180,0.793796,0.228989,12.533631,0.000000,170
11634,92176542420845,13.333563,0.727850,0.305182,12.601083,0.000000,170
11635,92176555754408,13.332424,1.025388,0.233465,12.302370,0.000000,170
11636,92176569086832,13.334466,0.780110,0.441753,12.548031,0.000000,170
11637,92176582421298,13.333810,0.637159,0.239142,12.690658,0.000000,170
11638,92176595755108,13.332094,0.719643,0.391931,12.607465,0.000000,170
11639,92176609087202,13.334000,3.205165,0.215832,10.123923,0.000000,170
11640,92176622421202,13.337472,0.704442,0.220056,12.627146,0.000000,170
11641,92176635758674,13.332339,1.118953,0.231030,12.205868,0.000000,170
11642,92176649091013,13.332122,0.867671,0.597207,12.458877,0.000000,170
11643,92176662423135,13.333892,1.000269,0.231612,12.328040,0.000000,170
11644,92176675757027,13.332358,0.832494,0.218884,12.494184,0.000000,170
11645,92176689089385,13.331692,0.831997,0.397964,12.494639,0.000000,170
11646,92176702421077,13.335202,0.710692,0.221779,12.619463,0.000000,170
11647,92176715756279,13.334675,3.247508,0.280814,10.080729,0.000000,170
11648,92176729090954,13.332820,0.832205,0.538730,12.495261,0.000000,170
11649,92176742423774,13.332832,0.871640,0.291787,12.455634,0.000000,170
11650,92176755756606,13.337806,0.790784,0.330623,12.539984,0.000000,170
11651,92176769094412,13.332126,1.097168,0.315857,12.227779,0.000000,170
11652,92176782426538,13.336008,0.813871,0.302854,12.516425,0.000000,170
11653,92176795762546,13.332259,0.834715,0.288308,12.491517,0.000000,170
11654,92176809094805,13.331760,0.811251,0.290292,12.516075,0.000000,170
11655,92176822426565,13.335127,3.095794,0.481291,10.234664,0.000000,170
11656,92176835761692,13.332622,0.721290,0.532709,12.606464,0.000000,170
11657,92176849094314,13.336440,0.710612,0.448427,12.619971,0.000000,170
11658,92176862430754,13.333141,0.810342,0.317359,12.516375,0.000000,170
11659,92176875763895,13.333796,1.225152,0.303934,12.102211,0.000000,170
11660,92176889097691,13.334880,0.811727,0.499536,12.516891,0.000000,170
11661,92176902432571,13.331225,0.811085,0.251139,12.513196,0.000000,170
11662,92176915763796,13.333405,0.965676,0.420521,12.361577,0.000000,170
11663,92176929097201,13.335268,3.267558,0.209620,10.061180,0.000000,170
11664,92176942432469,13.332464,0.830400,0.222022,12.495465,0.000000,170
11665,92176955764933,13.332279,0.861920,0.203021,12.463726,0.000000,170
11666,92176969097212,13.335573,0.925354,0.205378,12.403310,0.000000,171
11667,92176982432785,13.331885,1.141435,0.228882,12.183755,0.000000,171
11668,92176995764670,13.332789,0.903151,0.422392,12.424036,0.000000,171
11669,92177009097459,13.337068,1.336823,0.230863,11.993206,0.000000,171
11670,92177022434527,13.328820,0.899734,0.299157,12.422178,0.000000,171
11671,92177035763347,13.331837,3.196710,0.292653,10.129934,0.000000,171
11672,92177049095184,13.336109,0.707508,0.221318,12.622648,0.000000,171
11673,92177062431293,13.333128,0.805053,0.505312,12.522139,0.000000,171
11674,92177075764421,13.333454,0.798396,0.215230,12.529162,0.000000,171
11675,92177089097875,13.335884,1.020859,0.175405,12.308619,0.000000,171
11676,92177102433759,13.331706,0.740933,0.412227,12.584092,0.000000,171
11677,92177115765465,13.334195,0.843644,0.346531,12.484727,0.000000,171
11678,92177129099660,13.334055,0.996987,0.323567,12.330463,0.000000,171
11679,92177142433715,13.331791,3.131972,0.235662,10.193109,0.000000,171
11680,92177155765506,13.333408,0.963958,0.208679,12.362149,0.000000,171
11681,92177169098914,13.331627,0.787165,0.190019,12.538933,0.000000,171
11682,92177182430541,13.334177,0.712174,0.184917,12.616168,0.000000,171
11683,92177195764718,13.334600,0.911827,0.435788,12.416010,0.000000,171
11684,92177209099318,13.330964,0.819304,0.310432,12.505279,0.000000,171
11685,92177222430282,13.334619,0.792505,0.224631,12.536709,0.000000,171
11686,92177235764901,13.333522,1.005109,0.228365,12.322612,0.000000,171
11687,92177249098423,13.333726,3.343257,0.411262,9.983320,0.000000,171
11688,92177262432149,13.336693,0.793755,0.368969,12.536333,0.000000,171
11689,92177275768842,13.331221,0.929960,0.291885,12.393881,0.000000,171
11690,92177289100063,13.333162,0.984500,0.253555,12.342002,0.000000,171
11691,92177302433225,13.334542,1.173967,0.317808,12.152151,0.000000,171
11692,92177315767767,13.331473,0.871790,0.257420,12.452988,0.000000,171
11693,92177329099240,13.333297,0.979798,0.600805,12.347121,0.000000,171
11694,92177342432537,13.336747,0.711481,0.331070,12.618206,0.000000,171
11695,92177355769284,13.329269,3.504420,0.536262,9.818254,0.000000,171
11696,92177369098553,13.334141,0.964899,0.423950,12.363632,0.000000,171
11697,92177382432694,13.335307,0.857066,0.340551,12.471178,0.000000,171
11698,92177395768001,13.331777,0.945577,0.317996,12.379568,0.000000,171
11699,92177409099778,13.333483,1.103480,0.302920,12.224154,0.000000,171
11700,92177422433261,13.332137,0.780943,0.332617,12.545556,0.000000,171
11701,92177435765398,13.333346,0.869756,0.325919,12.458137,0.000000,171
11702,92177449098744,13.333957,0.813167,0.535421,12.514857,0.000000,171
11703,92177462432701,13.333708,3.118038,0.479961,10.210195,0.000000,171
11704,92177475766409,13.335255,0.894669,0.424255,12.434070,0.000000,171
11705,92177489101664,13.333534,0.867903,0.265065,12.458810,0.000000,171
11706,92177502435198,13.333385,0.749722,0.216545,12.576756,0.000000,171
11707,92177515768583,13.331198,1.203758,0.222435,12.120864,0.000000,171
11708,92177529099781,13.333394,1.049607,0.433395,12.278174,0.000000,171
11709,92177542433175,13.332701,0.701116,0.289386,12.625550,0.000000,171
11710,92177555765876,13.335574,0.819449,0.464881,12.509437,0.000000,171
11711,92177569101450,13.332124,3.396637,0.328284,9.929489,0.000000,171
11712,92177582433574,13.333523,1.071064,0.385577,12.256493,0.000000,171
11713,92177595767097,13.334694,0.764469,0.297829,12.564369,0.000000,171
11714,92177609101791,13.330831,0.837899,0.215843,12.487344,0.000000,171
11715,92177622432622,13.334681,2.972720,0.215180,10.355804,0.000000,171
11716,92177635767303,13.333818,0.795108,0.432138,12.532075,0.000000,171
11717,92177649101121,13.333477,0.880404,0.261214,12.447587,0.000000,171
11718,92177662434598,13.332497,0.726379,0.433200,12.600375,0.000000,171
11719,92177675767095,13.334543,3.235469,0.519476,10.092901,0.000000,171
11720,92177689101638,13.332180,0.851456,0.323834,12.475476,0.000000,171
11721,92177702433818,13.333437,0.667385,0.314371,12.660540,0.000000,171
11722,92177715767255,13.334422,0.749625,0.284951,12.579435,0.000000,171
11723,92177729101677,13.331366,1.007938,0.496207,12.317372,0.000000,171
11724,92177742433043,13.334474,0.675420,0.529043,12.653095,0.000000,171
11725,92177755767517,13.334598,0.782297,0.566950,12.545527,0.000000,171
11726,92177769102115,13.331345,0.764489,0.528374,12.560842,0.000000,171
11727,92177782433460,13.333984,3.225961,0.505762,10.102409,0.000000,171
11728,92177795767444,13.334153,0.733515,0.548953,12.594707,0.000000,171
11729,92177809101597,13.332318,0.774070,0.498862,12.552487,0.000000,171
11730,92177822433915,13.332836,0.643246,0.534742,12.684378,0.000000,171
11731,92177835766751,13.333835,0.897761,0.494098,12.431473,0.000000,171
11732,92177849100586,13.334681,0.893653,0.292288,12.435138,0.000000,171
11733,92177862435267,13.333645,0.796348,0.485306,12.531030,0.000000,171
11734,92177875768912,13.332613,0.790450,0.315280,12.536299,0.000000,171
11735,92177889101525,13.333125,3.167192,0.473134,10.159790,0.000000,171
11736,92177902434650,13.333426,0.637592,0.445297,12.690004,0.000000,171
11737,92177915768076,13.331928,0.856004,0.300780,12.471205,0.000000,171
11738,92177929100004,13.336157,0.762460,0.550378,12.567886,0.000000,171
11739,92177942436161,13.332677,0.970042,0.318368,12.355902,0.000000,171
11740,92177955768838,13.332333,0.771215,0.307207,12.555654,0.000000,171
11741,92177969101171,13.335507,0.726925,0.469308,12.602471,0.000000,171
11742,92177982436678,13.330705,0.713649,0.233233,12.610786,0.000000,171
11743,92177995767383,13.333666,3.153236,0.568287,10.175385,0.000000,171
11744,92178009101049,13.335919,0.711182,0.465207,12.618472,0.000000,171
11745,92178022436968,13.331566,0.698971,0.220855,12.626584,0.000000,171
11746,92178035768534,13.332866,0.797746,0.203322,12.529529,0.000000,171
11747,92178049101400,13.333931,1.034115,0.406874,12.293437,0.000000,171
11748,92178062435331,13.332048,0.670566,0.466520,12.655271,0.000000,171
11749,92178075767379,13.334020,0.735343,0.226243,12.593566,0.000000,171
11750,92178089101399,13.336062,0.736861,0.248713,12.593004,0.000000,171
11751,92178102437461,13.331274,3.146950,0.291376,10.177598,0.000000,171
11752,92178115768735,13.332485,0.738913,0.298663,12.588097,0.000000,171
11753,92178129101220,13.335098,0.701053,0.300241,12.628153,0.000000,171
11754,92178142436318,13.331366,0.687239,0.309704,12.638573,0.000000,171
11755,92178155767684,13.333826,0.933539,0.297623,12.394955,0.000000,171
11756,92178169101510,13.334845,0.709153,0.296168,12.619762,0.000000,171
11757,92178182436355,13.332446,0.656716,0.289634,12.669761,0.000000,171
11758,92178195768801,13.334778,0.737130,0.306017,12.592099,0.000000,171
11759,92178209103579,13.332114,3.192218,0.296830,10.133773,0.000000,171
11760,92178222435693,13.334886,0.693533,0.294847,12.635088,0.000000,171
11761,92178235770579,13.331135,0.781027,0.293762,12.543468,0.000000,171
11762,92178249101714,13.334180,0.725388,0.284698,12.603170,0.000000,171
11763,92178262435894,13.333937,0.828033,0.303104,12.500351,0.000000,171
11764,92178275769831,13.332252,0.763788,0.307045,12.562646,0.000000,171
11765,92178289102083,13.333132,0.877790,0.280663,12.450251,0.000000,171
11766,92178302435215,13.335905,0.779106,0.295244,12.549897,0.000000,171
11767,92178315771120,13.331882,3.190799,0.248630,10.134989,0.000000,171
11768,92178329103002,13.332695,0.743977,0.191823,12.583592,0.000000,171
11769,92178342435697,13.335502,0.731649,0.205490,12.597799,0.000000,171
11770,92178355771199,13.331534,0.896515,0.200809,12.429008,0.000000,171
11771,92178369102733,13.332351,1.111946,0.208902,12.215081,0.000000,171
11772,92178382435084,13.334726,0.776907,0.219631,12.552825,0.000000,171
11773,92178395769810,13.332516,0.875389,0.208415,12.451786,0.000000,171
11774,92178409102326,13.333616,0.862363,0.243816,12.466556,0.000000,171
11775,92178422435942,13.336813,3.556938,0.323608,9.773712,0.000000,171
11776,92178435772755,13.331851,0.855445,0.298926,12.470492,0.000000,171
11777,92178449104606,13.332780,0.758453,0.292643,12.569026,0.000000,171
11778,92178462437386,13.335316,0.663730,0.296711,12.665612,0.000000,171
11779,92178475772702,13.333159,1.151895,0.220938,12.174455,0.000000,171
11780,92178489105861,13.332442,0.979904,0.194869,12.346314,0.000000,171
11781,92178502438303,13.337617,0.828415,0.176878,12.501105,0.000000,171
11782,92178515775920,13.330128,0.987343,0.187648,12.334614,0.000000,171
11783,92178529106048,13.336149,3.234151,0.213805,10.092794,0.000000,171
11784,92178542442197,13.330758,0.701890,0.249757,12.622335,0.000000,171
11785,92178555772955,13.333556,0.813121,0.250134,12.514594,0.000000,171
11786,92178569106511,13.332453,0.807439,0.255200,12.518585,0.000000,171
11787,92178582438964,13.333523,0.938396,0.210037,12.389370,0.000000,171
11788,92178595772487,13.334133,0.787201,0.251046,12.540632,0.000000,171
11789,92178609106620,13.332677,0.836561,0.217019,12.490065,0.000000,171
11790,92178622439297,13.332071,0.741118,0.226216,12.585125,0.000000,171
11791,92178635771368,13.334666,3.203344,0.227098,10.125577,0.000000,171
11792,92178649106034,13.332889,0.786563,0.312291,12.540357,0.000000,171
11793,92178662438923,13.334084,0.716288,0.215933,12.611564,0.000000,171
11794,92178675773007,13.334637,0.811639,0.324694,12.516297,0.000000,171
11795,92178689107644,13.338729,1.069456,0.230901,12.259951,0.000000,171
11796,92178702446373,13.327521,0.831840,0.268936,12.486299,0.000000,171
11797,92178715773894,13.334253,0.815900,0.259033,12.511640,0.000000,171
11798,92178729108147,13.332853,0.820723,0.253132,12.505246,0.000000,171
11799,92178742441000,13.331849,3.092774,0.249007,10.233445,0.000000,171
11800,92178755772849,13.333990,0.842658,0.304304,12.485323,0.000000,171
11801,92178769106839,13.332601,0.836146,0.254770,12.490727,0.000000,171
11802,92178782439440,13.332923,0.692431,0.232034,12.634884,0.000000,171
11803,92178795772363,13.334839,0.997417,0.207241,12.331051,0.000000,171
11804,92178809107202,13.331617,0.846397,0.183719,12.479149,0.000000,171
11805,92178822438819,13.333987,0.715866,0.225798,12.612093,0.000000,171
11806,92178835772806,13.335295,0.793143,0.305128,12.535246,0.000000,171
11807,92178849108101,13.332028,3.217661,0.291544,10.107435,0.000000,171
11808,92178862440129,13.332984,0.718096,0.295701,12.609297,0.000000,172
11809,92178875773113,13.334995,0.776814,0.320405,12.551703,0.000000,172
11810,92178889108108,13.332359,0.848622,0.306601,12.476744,0.000000,172
11811,92178902440467,13.332964,0.930498,0.238875,12.396337,0.000000,172
11812,92178915773431,13.333507,0.942942,0.229439,12.383877,0.000000,172
11813,92178929106938,13.335111,0.827277,0.295989,12.501561,0.000000,172
11814,92178942442049,13.332905,0.727460,0.294150,12.598909,0.000000,172
11815,92178955774954,13.331909,3.222595,0.312886,10.103463,0.000000,172
11816,92178969106863,13.334752,0.763719,0.299897,12.565120,0.000000,172
11817,92178982441615,13.332049,0.724835,0.253677,12.600063,0.000000,172
11818,92178995773664,13.333359,0.764475,0.283841,12.563450,0.000000,172
11819,92179009107023,13.334655,0.971227,0.298232,12.357539,0.000000,172
11820,92179022441678,13.332199,0.754211,0.293474,12.571803,0.000000,172
11821,92179035773877,13.334252,0.769572,0.299236,12.558330,0.000000,172
11822,92179049108129,13.334468,0.844925,0.292306,12.482220,0.000000,172
11823,92179062442597,13.332698,3.234084,0.323119,10.090976,0.000000,172
11824,92179075775295,13.331802,0.921729,0.305500,12.404528,0.000000,172
11825,92179089107097,13.337322,0.945127,0.297633,12.385071,0.000000,172
11826,92179102444419,13.330798,0.835283,0.320843,12.487392,0.000000,172
11827,92179115775217,13.332487,1.051646,0.211789,12.275611,0.000000,172
11828,92179129107704,13.334590,0.787668,0.249539,12.541093,0.000000,172
11829,92179142442294,13.332613,0.769449,0.204356,12.558093,0.000000,172
11830,92179155774907,13.333380,0.860865,0.252989,12.466051,0.000000,172
11831,92179169108287,13.334482,3.367411,0.204876,9.959799,0.000000,172
11832,92179182442769,13.333309,0.815194,0.216352,12.511994,0.000000,172
11833,92179195776078,13.335593,0.836278,0.215337,12.493084,0.000000,172
11834,92179209111671,13.334241,0.897677,0.216085,12.427107,0.000000,172
11835,92179222445912,13.327980,0.993923,0.314017,12.327474,0.000000,172
11836,92179235773892,13.333509,0.805426,0.294326,12.522461,0.000000,172
11837,92179249107401,13.333854,0.735536,0.290421,12.592500,0.000000,172
11838,92179262441255,13.334798,0.741991,0.277856,12.586415,0.000000,172
11839,92179275776053,13.330742,3.190282,0.284921,10.134250,0.000000,172
11840,92179289106795,13.333362,0.693164,0.267360,12.634997,0.000000,172
11841,92179302440157,13.335564,0.622641,0.245689,12.706924,0.000000,172
11842,92179315775721,13.333254,0.851785,0.296609,12.476298,0.000000,172
11843,92179329108975,13.331341,1.216183,0.271245,12.109392,0.000000,172
11844,92179342440316,13.333255,0.669600,0.204265,12.658307,0.000000,172
11845,92179355773571,13.333572,0.768607,0.211802,12.560191,0.000000,172
11846,92179369107143,13.333825,0.674794,0.186417,12.653955,0.000000,172
11847,92179382440968,13.333106,3.052435,0.255485,10.275587,0.000000,172
11848,92179395774074,13.333914,0.663310,0.270702,12.665297,0.000000,172
11849,92179409107988,13.331369,0.695719,0.251572,12.630817,0.000000,172
11850,92179422439357,13.335427,0.554409,0.281228,12.775990,0.000000,172
11851,92179435774784,13.331884,0.855605,0.323892,12.471713,0.000000,172
11852,92179449106668,13.334177,1.686068,0.287837,11.644034,0.000000,172
11853,92179462440845,13.334472,0.603870,0.267211,12.723624,0.000000,172
11854,92179475775317,13.334947,0.743081,0.265092,12.584904,0.000000,172
11855,92179489110264,13.329940,3.022983,0.276370,10.300757,0.000000,172
11856,92179502440204,13.334240,0.537429,0.263278,12.791617,0.000000,172
11857,92179515774444,13.331726,0.640069,0.262815,12.687706,0.000000,172
11858,92179529106170,13.334405,0.568552,0.247313,12.760988,0.000000,172
11859,92179542440575,13.333085,0.929019,0.268797,12.399017,0.000000,172
11860,92179555773660,13.332875,0.607769,0.278426,12.720493,0.000000,172
11861,92179569106535,13.335059,0.715992,0.265226,12.615024,0.000000,172
11862,92179582441594,13.333844,0.661052,0.271044,12.667781,0.000000,172
11863,92179595775438,13.334212,3.532218,0.271912,9.796351,0.000000,172
11864,92179609109650,13.333256,0.870192,0.273354,12.457513,0.000000,172
11865,92179622442906,13.336603,0.794795,0.274734,12.533202,0.000000,172
11866,92179635779509,13.331069,0.809812,0.262795,12.515788,0.000000,172
11867,92179649110578,13.338400,1.049252,0.269944,12.280444,0.000000,172
11868,92179662448978,13.325776,0.852653,0.273981,12.466238,0.000000,172
11869,92179675774754,13.335936,0.696804,0.200428,12.634032,0.000000,172
11870,92179689110690,13.333935,0.745406,0.218838,12.582288,0.000000,172
11871,92179702444625,13.331158,3.363494,0.184653,9.961908,0.000000,172
11872,92179715775783,13.336635,0.840928,0.211040,12.489721,0.000000,172
11873,92179729112418,13.333121,0.925826,0.240610,12.400477,0.000000,172
11874,92179742445539,13.331995,0.873122,0.218381,12.452670,0.000000,172
11875,92179755777534,13.336306,1.022833,0.188869,12.305963,0.000000,172
11876,92179769113840,13.331955,1.247009,0.228623,12.077823,0.000000,172
11877,92179782445795,13.330920,0.891324,0.229732,12.433375,0.000000,172
11878,92179795776715,13.336797,0.703075,0.247613,12.626937,0.000000,172
11879,92179809113512,13.330026,3.212734,0.171249,10.110849,0.000000,172
11880,92179822443538,13.336945,0.645622,0.258826,12.684717,0.000000,173
11881,92179835780483,13.331579,1.092720,0.278620,12.232174,0.000000,173
11882,92179849112062,13.331420,0.801688,0.303206,12.524453,0.000000,173
11883,92179862443482,13.340035,1.587808,0.193475,11.743644,0.000000,173
11884,92179875783517,13.330018,0.919089,0.161502,12.403063,0.000000,173
11885,92179889113535,13.331616,0.867519,0.176137,12.457667,0.000000,173
11886,92179902445151,13.335266,0.768381,0.195556,12.559630,0.000000,173
11887,92179915780417,13.331903,3.445551,0.274457,9.879349,0.000000,173
11888,92179929112320,13.333404,0.776821,0.266666,12.550214,0.000000,173
11889,92179942445724,13.333899,0.720925,0.268459,12.606833,0.000000,173
11890,92179955779623,13.332647,0.835855,0.262081,12.490311,0.000000,173
11891,92179969112270,13.333840,1.097349,0.278113,12.229711,0.000000,173
11892,92179982446110,13.334411,0.727343,0.264728,12.600092,0.000000,173
11893,92179995780521,13.331107,0.830516,0.212387,12.493902,0.000000,173
11894,92180009111628,13.339214,0.768368,0.220773,12.563420,0.000000,173
11895,92180022450842,13.331797,3.274786,0.312451,10.048761,0.000000,173
11896,92180035782639,13.329324,1.009815,0.225607,12.312599,0.000000,173
11897,92180049111963,13.337744,0.752956,0.195776,12.576759,0.000000,173
11898,92180062449707,13.332594,0.899705,0.207504,12.424956,0.000000,173
11899,92180075782301,13.329526,1.221301,0.267735,12.101623,0.000000,173
11900,92180089111827,13.343302,0.887073,0.293579,12.445413,0.000000,173
11901,92180102455129,13.329353,0.820915,0.308156,12.496065,0.000000,173
11902,92180115784482,13.328078,0.902515,0.234994,12.417876,0.000000,173
11903,92180129112560,13.335887,3.213187,0.203386,10.115743,0.000000,173
11904,92180142448447,13.331375,0.829235,0.216743,12.494996,0.000000,173
11905,92180155779822,13.335280,0.819495,0.348382,12.508987,0.000000,173
11906,92180169115102,13.337276,1.056806,0.320493,12.270806,0.000000,173
11907,92180182452378,13.328973,1.219213,0.334771,12.101609,0.000000,173
11908,92180195781351,13.340788,0.967740,0.335341,12.360254,0.000000,173
11909,92180209122139,13.329904,1.093115,0.312625,12.221345,0.000000,173
11910,92180222452043,13.329601,1.077008,0.288035,12.244790,0.000000,173
11911,92180235781644,13.332845,3.559142,0.402933,9.767107,0.000000,173
11912,92180249114489,13.334765,1.087223,0.403118,12.240430,0.000000,173
11913,92180262449254,13.331809,1.084290,0.308565,12.240582,0.000000,173
11914,92180275781063,13.341531,0.795691,0.329245,12.533867,0.000000,173
11915,92180289122594,13.327951,1.149916,0.358376,12.168382,0.000000,173
11916,92180302450545,13.336204,0.999839,0.320717,12.327103,0.000000,173
11917,92180315786749,13.328017,0.902362,0.454013,12.419258,0.000000,173
11918,92180329114766,13.332351,0.950010,0.201590,12.376726,0.000000,173
11919,92180342447117,13.333363,3.111503,0.301370,10.215787,0.000000,173
11920,92180355780480,13.334667,0.894067,0.437865,12.434536,0.000000,173
11921,92180369115147,13.329705,1.033298,0.301122,12.290584,0.000000,173
11922,92180382444852,13.337599,0.649321,0.405295,12.682687,0.000000,173
11923,92180395782451,13.341084,1.220462,0.323309,12.110388,0.000000,173
11924,92180409123535,13.323555,1.151555,0.285618,12.162764,0.000000,173
11925,92180422447090,13.357718,0.711831,0.359482,12.639664,0.000000,173
11926,92180435804808,13.311130,0.978123,0.284642,12.326358,0.000000,173
11927,92180449115938,13.331682,3.232955,0.259728,10.091940,0.000000,173
11928,92180462447620,13.335651,0.661880,0.420780,12.667874,0.000000,173
11929,92180475783271,13.334068,0.907818,0.283508,12.419319,0.000000,173
11930,92180489117339,13.332377,0.875746,0.273642,12.448309,0.000000,173
11931,92180502449716,13.332573,0.961145,0.364563,12.364746,0.000000,173
11932,92180515782289,13.332198,0.863426,0.206613,12.462451,0.000000,173
11933,92180529114487,13.335261,0.749645,0.163294,12.579493,0.000000,173
11934,92180542449748,13.334570,0.776051,0.165486,12.551506,0.000000,173
11935,92180555784318,13.331562,3.266124,0.235482,10.058580,0.000000,173
11936,92180569115880,13.335224,0.968222,0.180505,12.359330,0.000000,173
11937,92180582451104,13.332345,0.812005,0.190478,12.512343,0.000000,173
11938,92180595783449,13.331091,0.991104,0.176620,12.333573,0.000000,173
11939,92180609114540,13.337695,1.135003,0.226201,12.195125,0.000000,173
11940,92180622452235,13.331816,1.127662,0.305608,12.196102,0.000000,173
11941,92180635784051,13.332480,1.105046,0.197827,12.219667,0.000000,173
11942,92180649116531,13.331161,0.797295,0.186833,12.528496,0.000000,173
11943,92180662447692,13.333925,3.136999,0.254085,10.191803,0.000000,173
11944,92180675781617,13.343490,0.836514,0.215083,12.497235,0.000000,173
11945,92180689125107,13.324029,1.057633,0.216002,12.256239,0.000000,174
11946,92180702449136,13.338754,0.822220,0.200053,12.507098,0.000000,174
11947,92180715787890,13.331261,1.321527,0.603311,12.001399,0.000000,174
11948,92180729119151,13.332848,5.868223,0.388733,7.456237,0.000000,174
11949,92180742451999,13.330153,1.313508,0.350792,12.009729,0.000000,174
11950,92180755782152,13.335675,1.133088,0.345458,12.197437,0.000000,174
11951,92180769117827,13.340179,3.648672,0.306656,9.678972,0.000000,174
11952,92180782458006,13.327683,1.013671,0.320831,12.303671,0.000000,174
11953,92180795785689,13.332016,1.138363,0.792448,12.185654,0.000000,174
11954,92180809117705,13.335132,1.072548,0.381630,12.257905,0.000000,174
11955,92180822452837,13.351035,1.082091,0.460918,12.262330,0.000000,174
11956,92180835803872,13.363515,1.166865,0.399611,12.181794,0.000000,174
11957,92180849167387,13.338923,1.117231,0.340109,12.210403,0.000000,174
11958,92180862506310,13.346402,1.005090,0.324204,12.334451,0.000000,174
11959,92180875852712,13.350928,3.428053,0.487888,9.915696,0.000000,174
11960,92180889203640,13.349346,1.164355,0.375287,12.179062,0.000000,174
11961,92180902552986,13.350854,0.879253,0.386778,12.465341,0.000000,174
11962,92180915903840,13.350163,1.050437,0.482047,12.292444,0.000000,174
11963,92180929254003,13.348848,1.339728,0.383632,12.002469,0.000000,174
11964,92180942602851,13.354406,0.885184,0.393769,12.463432,0.000000,174
11965,92180955957257,13.356297,1.089223,0.401997,12.257970,0.000000,175
11966,92180969313554,13.340961,1.070532,0.419284,12.261595,0.000000,175
11967,92180982654515,13.351068,3.446669,0.420510,9.897009,0.000000,175
11968,92180996005583,13.351256,1.626670,0.385307,11.715977,0.000000,175
11969,92181009356839,13.347753,1.065212,0.507369,12.276494,0.000000,175
11970,92181022704592,13.341430,1.124264,0.454325,12.203007,0.000000,175
11971,92181036046022,13.325556,1.469633,0.189524,11.847419,0.000000,175
11972,92181049371578,13.333983,1.269430,0.246082,12.058241,0.000000,175
11973,92181062705561,13.332053,0.782332,0.201402,12.544010,0.000000,175
11974,92181076037614,13.333158,1.068851,0.188153,12.258654,0.000000,175
11975,92181089370772,13.335981,3.150521,0.216237,10.178551,0.000000,175
11976,92181102706753,13.329816,0.734531,0.230258,12.589745,0.000000,175
11977,92181116036569,13.335141,0.820220,0.230292,12.508135,0.000000,175
11978,92181129371710,13.336077,0.839738,0.341567,12.489963,0.000000,175
11979,92181142707787,13.330533,0.988526,0.311663,12.335520,0.000000,175
11980,92181156038320,13.338223,0.930560,0.188784,12.400671,0.000000,175
11981,92181169376543,13.331697,0.781761,0.261537,12.543913,0.000000,175
11982,92181182708240,13.330438,0.774913,0.183871,12.549320,0.000000,175
11983,92181196038678,13.333820,3.180538,0.252715,10.147051,0.000000,175
11984,92181209372498,13.333444,0.826494,0.300681,12.499473,0.000000,175
11985,92181222705942,13.332269,0.750484,0.294043,12.575456,0.000000,175
11986,92181236038211,13.332612,0.783216,0.338795,12.544027,0.000000,175
11987,92181249370823,13.336291,1.119951,0.317680,12.210203,0.000000,175
11988,92181262707114,13.330808,0.795798,0.275707,12.529411,0.000000,175
11989,92181276037922,13.333585,0.739971,0.269323,12.588178,0.000000,175
11990,92181289371507,13.526121,1.864517,0.276588,11.648971,0.000000,175
11991,92181302897628,13.424780,5.978809,0.267050,7.415061,0.000000,175
11992,92181316322408,13.472374,2.136327,0.248961,11.304953,0.000000,175
11993,92181329794782,13.400677,1.831577,0.288753,11.543965,0.000000,175
11994,92181343195459,13.434738,1.663967,0.221024,11.737297,0.000000,175
11995,92181356630197,13.318159,2.586016,0.161097,10.706189,0.000000,175
11996,92181369948356,13.323892,1.361396,0.163859,11.950865,0.000000,175
11997,92181383272248,13.329443,0.757116,0.164960,12.566681,0.000000,175
11998,92181396601691,13.338553,0.731286,0.154045,12.600199,0.000000,175
11999,92181409940244,13.331086,3.151386,0.236943,10.171838,0.000000,175
12000,92181423271330,13.334836,0.801540,0.219789,12.526481,0.000000,175
12001,92181436606166,13.332345,0.826461,0.227362,12.498488,0.000000,175
12002,92181449938511,13.333704,0.739203,0.281133,12.587698,0.000000,175
12003,92181463272215,13.345381,1.029305,0.166239,12.303281,0.000000,175
12004,92181476617596,13.319716,0.845788,0.198852,12.466040,0.000000,175
12005,92181489937312,13.334943,0.868246,0.139904,12.461004,0.000000,175
12006,92181503272255,13.333574,0.745024,0.157594,12.582495,0.000000,175
12007,92181516605829,13.330882,3.157712,0.187342,10.167124,0.000000,175
12008,92181529936711,13.333956,0.832357,0.130627,12.495642,0.000000,175
12009,92181543270667,13.335330,0.712854,0.163082,12.616258,0.000000,175
12010,92181556605997,13.331906,0.861188,0.127021,12.464407,0.000000,175
12011,92181569937903,13.334338,0.911376,0.108936,12.416426,0.000000,175
12012,92181583272241,13.333037,0.698966,0.164205,12.628507,0.000000,175
12013,92181596605278,13.332769,0.900889,0.286938,12.425889,0.000000,175
12014,92181609938047,13.335368,0.775470,0.146006,12.553303,0.000000,175
12015,92181623273415,13.338984,3.084221,0.112661,10.245694,0.000000,175
12016,92181636612399,13.326138,0.792782,0.133134,12.527017,0.000000,175
12017,92181649938537,13.333416,0.755601,0.148044,12.571784,0.000000,175
12018,92181663271953,13.333678,0.790640,0.118582,12.537000,0.000000,175
12019,92181676605631,13.333550,1.074028,0.124869,12.253085,0.000000,175
12020,92181689939181,13.334296,0.807262,0.107883,12.520472,0.000000,175
12021,92181703273477,13.333939,0.703700,0.140304,12.624034,0.000000,175
12022,92181716607416,13.331490,0.902623,0.188180,12.421687,0.000000,175
12023,92181729938906,13.331910,3.343227,0.137716,9.983143,0.000000,175
12024,92181743270816,13.340127,0.781915,0.153022,12.549569,0.000000,175
12025,92181756610943,13.329131,0.776625,0.233994,12.544122,0.000000,175
12026,92181769940074,13.334845,0.967032,0.205058,12.360494,0.000000,175
12027,92181783274919,13.331244,1.324813,0.218782,11.999672,0.000000,175
12028,92181796606163,13.335300,1.174087,0.194831,12.153970,0.000000,175
12029,92181809941463,13.331479,1.075039,0.239048,12.249642,0.000000,175
12030,92181823272942,13.333316,1.003709,0.221910,12.323381,0.000000,175
12031,92181836606258,13.332942,3.447034,0.221596,9.879480,0.000000,175
12032,92181849939200,13.336386,0.832574,0.207167,12.496010,0.000000,175
12033,92181863275586,13.336350,0.788556,0.210491,12.537936,0.000000,175
12034,92181876611936,13.328839,0.918840,0.258117,12.402028,0.000000,175
12035,92181889940775,13.331415,1.091076,0.300533,12.234591,0.000000,175
12036,92181903272190,13.333636,0.809129,0.225499,12.518211,0.000000,175
12037,92181916605826,13.334589,0.811716,0.278953,12.517053,0.000000,175
12038,92181929940415,13.332714,0.805296,0.247401,12.520598,0.000000,175
12039,92181943273129,13.337022,3.147746,0.262360,10.180879,0.000000,175
12040,92181956610151,13.333002,0.712695,0.258707,12.614775,0.000000,175
12041,92181969943153,13.329773,0.774192,0.293375,12.549376,0.000000,175
12042,92181983272926,13.334226,0.740406,0.262189,12.587582,0.000000,175
12043,92181996607152,13.333939,0.974429,0.237649,12.353046,0.000000,175
12044,92182009941091,13.332713,0.767339,0.240135,12.559352,0.000000,175
12045,92182023273804,13.332511,0.715353,0.240143,12.610732,0.000000,175
12046,92182036606315,13.332868,0.781949,0.238361,12.545615,0.000000,175
12047,92182049939183,13.332899,3.249958,0.250440,10.077095,0.000000,175
12048,92182063272082,13.338026,0.683558,0.230722,12.645242,0.000000,175
12049,92182076610108,13.328099,0.767996,0.266857,12.553428,0.000000,175
12050,92182089938207,13.337484,0.726105,0.284886,12.606145,0.000000,175
12051,92182103275691,13.331196,0.993086,0.226234,12.331555,0.000000,175
12052,92182116606887,13.333128,0.766072,0.313483,12.560891,0.000000,175
12053,92182129940015,13.332880,0.774187,0.283400,12.553010,0.000000,175
12054,92182143272895,13.331865,0.733383,0.254080,12.592770,0.000000,175
12055,92182156604760,13.333788,3.212942,0.265341,10.115656,0.000000,175
12056,92182169938548,13.334181,0.710006,0.252520,12.619511,0.000000,175
12057,92182183272729,13.334756,0.642135,0.249983,12.684842,0.000000,175
12058,92182196607485,13.332468,0.774507,0.453783,12.551827,0.000000,175
12059,92182209939953,13.336640,0.965267,0.245338,12.364015,0.000000,175
12060,92182223276593,13.328802,0.684357,0.239555,12.638775,0.000000,175
12061,92182236605395,13.334069,0.654121,0.247535,12.675649,0.000000,175
12062,92182249939464,13.333259,0.734093,0.188640,12.594506,0.000000,175
12063,92182263272723,13.331694,3.178102,0.170757,10.147473,0.000000,175
12064,92182276604417,13.334153,0.615643,0.176331,12.714132,0.000000,175
12065,92182289938570,13.338552,0.631685,0.223862,12.700934,0.000000,175
12066,92182303277122,13.330329,0.832191,0.214589,12.491389,0.000000,175
12067,92182316607451,13.336266,0.952962,0.260768,12.375063,0.000000,175
12068,92182329943717,13.331079,0.806114,0.190158,12.517033,0.000000,175
12069,92182343274796,13.334322,0.677698,0.231831,12.650769,0.000000,175
12070,92182356609118,13.331979,0.903502,0.257940,12.421791,0.000000,175
12071,92182369941097,13.333072,3.367157,0.255811,9.960057,0.000000,175
12072,92182383274169,13.334225,0.640966,0.271227,12.686400,0.000000,176
12073,92182396608394,13.333618,0.758681,0.280859,12.568457,0.000000,176
12074,92182409942012,13.334414,0.835614,0.279250,12.491469,0.000000,176
12075,92182423276426,13.333078,1.696608,0.259792,11.629344,0.000000,176
12076,92182436609504,13.330891,0.917257,0.270721,12.407237,0.000000,176
12077,92182449940395,13.332940,0.826931,0.255607,12.500501,0.000000,176
12078,92182463273335,13.336201,0.634832,0.290664,12.695621,0.000000,176
12079,92182476609536,13.330250,3.326232,0.226130,9.998392,0.000000,176
12080,92182489939786,13.335920,0.698542,0.241589,12.631848,0.000000,176
12081,92182503275706,13.332747,0.720696,0.236627,12.606553,0.000000,176
12082,92182516608453,13.332243,0.780215,0.313216,12.546230,0.000000,176
12083,92182529940696,13.335954,1.035053,0.364208,12.295258,0.000000,176
12084,92182543276650,13.332493,0.780880,0.335873,12.543617,0.000000,176
12085,92182556609143,13.332970,0.758003,0.311013,12.567853,0.000000,176
12086,92182569942113,13.333170,0.755817,0.313167,12.570946,0.000000,176
12087,92182583275283,13.333801,3.076892,0.317086,10.251786,0.000000,176
12088,92182596609084,13.332191,0.845058,0.399792,12.481564,0.000000,176
12089,92182609941275,13.333444,0.757224,0.382373,12.570856,0.000000,176
12090,92182623274719,13.332072,0.762383,0.343974,12.564879,0.000000,176
12091,92182636606791,13.333564,1.005777,0.342487,12.322755,0.000000,176
12092,92182649940355,13.334964,0.715257,0.320366,12.614008,0.000000,176
12093,92182663275319,13.331524,0.688694,0.351965,12.637479,0.000000,176
12094,92182676606843,13.336854,0.725998,0.321415,12.605500,0.000000,176
12095,92182689943697,13.330863,3.197589,0.296935,10.127103,0.000000,176
12096,92182703274560,13.338138,0.682978,0.343029,12.647621,0.000000,176
12097,92182716612698,13.330876,0.998376,0.309285,12.326315,0.000000,176
12098,92182729943574,13.331742,0.931595,0.333194,12.393715,0.000000,176
12099,92182743275316,13.333654,0.902588,0.347166,12.425516,0.000000,176
12100,92182756608970,13.332769,0.979671,0.351560,12.347575,0.000000,176
12101,92182769941739,13.333704,0.766209,0.270283,12.561833,0.000000,176
12102,92182783275443,13.332206,0.726192,0.302826,12.600549,0.000000,176
12103,92182796607649,13.332852,3.356708,0.362933,9.972029,0.000000,176
12104,92182809940501,13.333562,0.731781,0.326018,12.597485,0.000000,176
12105,92182823274063,13.335647,0.620658,0.374501,12.710112,0.000000,176
12106,92182836609710,13.331788,0.959398,0.356672,12.366916,0.000000,176
12107,92182849941498,13.334725,1.215892,0.294776,12.113601,0.000000,176
12108,92182863276223,13.332721,0.725937,0.297949,12.601205,0.000000,176
12109,92182876608944,13.334363,0.845067,0.274396,12.483829,0.000000,176
12110,92182889943307,13.331632,0.767458,0.242879,12.558877,0.000000,176
12111,92182903274939,13.332955,3.156356,0.332196,10.171698,0.000000,176
12112,92182916607894,13.333805,0.744411,0.334328,12.585211,0.000000,176
12113,92182929941699,13.337455,0.711418,0.374864,12.620709,0.000000,176
12114,92182943279154,13.335811,0.868576,0.453930,12.460211,0.000000,176
12115,92182956614965,13.330944,1.464187,0.372708,11.859661,0.000000,176
12116,92182969945909,13.330037,0.870953,0.313789,12.452879,0.000000,176
12117,92182983275946,13.332833,0.730731,0.325291,12.596649,0.000000,176
12118,92182996608779,13.334098,0.735875,0.312947,12.593552,0.000000,176
12119,92183009942877,13.332807,3.394377,0.266083,9.933161,0.000000,176
12120,92183023275684,13.336994,0.693723,0.295524,12.635428,0.000000,176
12121,92183036612678,13.332105,0.744728,0.293008,12.581299,0.000000,176
12122,92183049944783,13.330789,0.853428,0.264853,12.471081,0.000000,176
12123,92183063275572,13.335623,0.960480,0.313540,12.369353,0.000000,176
12124,92183076611195,13.330446,0.893070,2.877843,12.432175,0.000000,176
12125,92183089941641,13.349285,7.973155,0.314467,5.360440,0.000000,177
12126,92183103290926,13.317786,0.866686,0.240121,12.440089,0.000000,177
12127,92183116608712,13.333915,3.216453,0.366711,10.112686,0.000000,177
12128,92183129942627,13.337387,10.341744,1.427480,2.989699,0.000000,177
12129,92183143280014,13.332953,1.075042,0.370299,12.250991,0.000000,177
12130,92183156612967,13.330952,0.879593,0.255384,12.445804,0.000000,177
12131,92183169943919,13.333733,1.103085,0.278551,12.225491,0.000000,177
12132,92183183277652,13.333610,0.638901,0.278409,12.688539,0.000000,177
12133,92183196611262,13.336745,0.803194,0.299034,12.527774,0.000000,177
12134,92183209948007,13.329918,0.835683,0.305274,12.488003,0.000000,177
12135,92183223277925,13.331612,3.162442,0.276772,10.164470,0.000000,177
12136,92183236609537,13.335481,0.693537,0.288979,12.636933,0.000000,177
12137,92183249945018,13.333353,0.765048,0.316963,12.562886,0.000000,177
12138,92183263278371,13.331326,0.736025,0.329875,12.590335,0.000000,177
12139,92183276609697,13.333020,0.926872,0.262451,12.401137,0.000000,177
12140,92183289942717,13.334905,0.685732,0.319919,12.644297,0.000000,177
12141,92183303277622,13.332482,0.669500,0.231151,12.657181,0.000000,177
12142,92183316610104,13.333673,0.721979,0.292695,12.606005,0.000000,177
12143,92183329943777,13.333422,3.288408,0.398007,10.040109,0.000000,177
12144,92183343277199,13.332523,0.624278,0.285823,12.703054,0.000000,177
12145,92183356609722,13.335826,0.740152,0.244641,12.590679,0.000000,177
12146,92183369945548,13.332519,0.824058,0.223269,12.503713,0.000000,177
12147,92183383278067,13.335893,0.905666,0.314978,12.424472,0.000000,177
12148,92183396613960,13.335344,0.863476,0.373550,12.465803,0.000000,177
12149,92183409949304,13.329959,0.977222,0.337311,12.345558,0.000000,177
12150,92183423279263,13.332839,0.729516,0.437675,12.597115,0.000000,177
12151,92183436612102,13.334673,3.391065,0.262217,9.937155,0.000000,177
12152,92183449946775,13.331581,0.814550,0.255828,12.511588,0.000000,177
12153,92183463278356,13.333306,0.661011,0.241974,12.666803,0.000000,177
12154,92183476611662,13.333398,0.784193,0.315883,12.543949,0.000000,177
12155,92183489945060,13.333168,0.936726,0.317488,12.391232,0.000000,177
12156,92183503278228,13.333444,0.633703,0.327156,12.694876,0.000000,177
12157,92183516611672,13.334786,0.741314,0.344424,12.587873,0.000000,177
12158,92183529946458,13.332974,0.819702,0.318164,12.507613,0.000000,177
12159,92183543279432,13.334357,3.240051,0.246335,10.088354,0.000000,177
12160,92183556613789,13.333584,0.833966,0.335494,12.493569,0.000000,177
12161,92183569947373,13.331568,0.817949,0.235882,12.507290,0.000000,177
12162,92183583278941,13.334201,0.684121,0.351311,12.643640,0.000000,177
12163,92183596613142,13.332841,0.945270,0.368735,12.381621,0.000000,177
12164,92183609945983,13.333245,0.788000,0.345070,12.539645,0.000000,177
12165,92183623279228,13.333566,0.692239,0.379250,12.635713,0.000000,177
12166,92183636612794,13.333486,0.783182,0.359774,12.544312,0.000000,177
12167,92183649946280,13.332241,3.263827,0.332749,10.063086,0.000000,177
12168,92183663278521,13.336081,0.644209,0.344521,12.686439,0.000000,177
12169,92183676614602,13.333656,0.785249,0.388609,12.541530,0.000000,177
12170,92183689948258,13.333303,0.798142,0.321328,12.528495,0.000000,177
12171,92183703281561,13.333718,0.994979,0.352729,12.332094,0.000000,177
12172,92183716615279,13.332362,0.809089,0.368074,12.517450,0.000000,177
12173,92183729947641,13.333736,0.865673,0.279736,12.462108,0.000000,177
12174,92183743281377,13.331905,0.795913,0.336059,12.530997,0.000000,177
12175,92183756613282,13.334265,3.308363,0.339239,10.019969,0.000000,177
12176,92183769947547,13.333996,0.763088,0.341009,12.565000,0.000000,177
12177,92183783281543,13.332659,0.740811,0.362712,12.585020,0.000000,177
12178,92183796614202,13.333477,0.828504,0.338503,12.498538,0.000000,177
12179,92183809947679,13.332873,0.989882,0.339636,12.336653,0.000000,177
12180,92183823280552,13.333662,0.705985,0.338117,12.622625,0.000000,177
12181,92183836614214,13.334912,0.759788,0.340519,12.569139,0.000000,177
12182,92183849949126,13.330985,0.819023,0.352295,12.505396,0.000000,177
12183,92183863280111,13.336137,3.160545,0.332498,10.168009,0.000000,177
12184,92183876616248,13.331670,0.827581,0.339060,12.498518,0.000000,177
12185,92183889947918,13.333695,0.788667,0.351233,12.539525,0.000000,177
12186,92183903281613,13.333018,0.722906,0.339206,12.604795,0.000000,177
12187,92183916614631,13.333840,0.964947,0.331814,12.362523,0.000000,177
12188,92183929948471,13.334114,0.791333,0.334318,12.536813,0.000000,177
12189,92183943282585,13.332232,0.708515,0.335404,12.617950,0.000000,177
12190,92183956614817,13.336101,0.794920,0.332807,12.535710,0.000000,177
12191,92183969950918,13.331425,3.464767,0.360464,9.860037,0.000000,177
12192,92183983282343,13.332461,0.710862,0.321859,12.616282,0.000000,177
12193,92183996614804,13.332969,0.771220,0.347957,12.555289,0.000000,177
12194,92184009947773,13.335588,0.788266,0.377645,12.541357,0.000000,177
12195,92184023283361,13.331938,0.937842,0.334758,12.388619,0.000000,177
12196,92184036615299,13.332479,0.805660,0.284512,12.521102,0.000000,177
12197,92184049947778,13.334971,0.902112,0.204710,12.426813,0.000000,177
12198,92184063282749,13.334476,0.720054,0.275277,12.608288,0.000000,177
12199,92184076617225,13.331885,3.272764,0.287065,10.052380,0.000000,177
12200,92184089949110,13.333494,0.716845,0.298305,12.610176,0.000000,177
12201,92184103282604,13.332753,0.755635,0.296441,12.571739,0.000000,177
12202,92184116615357,13.332381,0.779488,0.309406,12.547468,0.000000,177
12203,92184129947738,13.336530,0.962353,0.229095,12.368310,0.000000,177
12204,92184143284268,13.331467,0.673291,0.292444,12.652421,0.000000,177
12205,92184156615735,13.343510,0.732493,0.299560,12.598478,0.000000,177
12206,92184169959245,13.330715,0.744038,0.281318,12.574121,0.000000,177
12207,92184183289960,13.328116,3.167332,0.290667,10.152679,0.000000,177
12208,92184196618076,13.333006,0.786767,0.313364,12.539483,0.000000,177
12209,92184209951082,13.340230,0.831762,0.280210,12.496018,0.000000,177
12210,92184223291312,13.324630,0.829246,0.313126,12.488062,0.000000,177
12211,92184236615942,13.333153,1.007214,0.303841,12.320694,0.000000,177
12212,92184249949095,13.334365,0.797107,0.208717,12.531506,0.000000,177
12213,92184263283460,13.333723,0.686402,0.291926,12.641520,0.000000,177
12214,92184276617183,13.333256,0.738237,0.285565,12.588441,0.000000,177
12215,92184289950439,13.333087,3.203961,0.282009,10.123631,0.000000,177
12216,92184303283526,13.334619,0.842020,0.289207,12.485902,0.000000,177
12217,92184316618145,13.330877,0.753181,0.856854,12.572347,0.000000,177
12218,92184329949022,13.333302,0.694739,0.280154,12.633737,0.000000,177
12219,92184343282324,13.335519,0.951236,0.367185,12.378254,0.000000,177
12220,92184356617843,13.331879,0.771675,0.605816,12.554346,0.000000,178
12221,92184369949722,13.337734,2.392787,0.593145,10.935991,0.000000,178
12222,92184383287456,13.330408,1.053763,0.411546,12.271017,0.000000,178
12223,92184396617864,13.330601,4.817112,0.859795,8.508051,0.000000,178
12224,92184409948465,13.336794,0.816336,0.421984,12.514411,0.000000,178
12225,92184423285259,13.332541,0.889448,0.415574,12.436841,0.000000,178
12226,92184436617800,13.335652,1.002401,0.441090,12.326454,0.000000,178
12227,92184449953452,13.329641,1.432946,0.311725,11.890761,0.000000,178
12228,92184463283093,13.334453,0.861319,0.297230,12.467874,0.000000,178
12229,92184476617546,13.332815,0.965487,0.404866,12.361229,0.000000,178
12230,92184489950361,13.334914,0.998098,0.425648,12.331484,0.000000,178
12231,92184503285275,13.331461,3.344485,0.383277,9.981858,0.000000,178
12232,92184516616736,13.334085,0.938679,0.400565,12.390038,0.000000,178
12233,92184529950821,13.333114,0.929741,0.419574,12.397791,0.000000,178
12234,92184543283935,13.332941,0.869425,0.442787,12.458084,0.000000,178
12235,92184556616876,13.334518,1.163698,0.445822,12.165225,0.000000,178
12236,92184569951394,13.332025,0.963583,0.393004,12.362738,0.000000,179
12237,92184583283419,13.334916,0.861045,0.419685,12.467105,0.000000,179
12238,92184596618335,13.331060,0.952471,0.465261,12.373242,0.000000,179
12239,92184609949395,13.333613,4.218613,0.400834,9.109972,0.000000,179
12240,92184623283008,13.336098,0.854366,0.873525,12.476257,0.000000,179
12241,92184636619106,13.331326,1.122022,0.408011,12.202736,0.000000,179
12242,92184649950432,13.332910,0.920806,0.397511,12.407084,0.000000,179
12243,92184663283342,13.332405,1.022430,0.394405,12.306019,0.000000,179
12244,92184676615747,13.333572,0.913122,0.392727,12.415971,0.000000,179
12245,92184689949319,13.333734,0.895792,0.408539,12.433503,0.000000,179
12246,92184703283053,13.336021,0.890852,0.326283,12.440743,0.000000,179
12247,92184716619074,13.332252,3.462065,0.433534,9.862060,0.000000,179
12248,92184729951326,13.332221,1.115214,0.412327,12.211489,0.000000,179
12249,92184743283547,13.333101,0.838999,0.392588,12.489834,0.000000,179
12250,92184756616648,13.334578,0.955530,0.511505,12.373582,0.000000,179
12251,92184769951226,13.336427,1.289558,0.390148,12.038017,0.000000,179
12252,92184783287653,13.336810,0.901956,0.388716,12.425564,0.000000,179
12253,92184796624463,13.327232,0.933681,0.426072,12.386558,0.000000,179
12254,92184809951695,13.333120,1.029696,0.456143,12.298192,0.000000,180
12255,92184823284815,13.336921,3.378148,0.325539,9.950974,0.000000,180
12256,92184836621736,13.337965,1.152222,0.329628,12.175550,0.000000,180
12257,92184849959701,13.324865,1.783857,0.422243,11.533827,0.000000,180
12258,92184863284566,13.332197,0.909360,0.448408,12.417980,0.000000,180
12259,92184876616763,13.333921,1.135430,0.404641,12.193862,0.000000,180
12260,92184889950684,13.333831,0.893630,0.411803,12.434917,0.000000,180
12261,92184903284515,13.333779,0.838043,0.399804,12.490006,0.000000,180
12262,92184916618294,13.333413,0.931705,0.462162,12.396671,0.000000,180
12263,92184929951707,13.332618,3.557385,0.410461,9.769689,0.000000,180
12264,92184943284325,13.334093,0.803373,0.417519,12.526616,0.000000,180
12265,92184956618418,13.336295,0.900620,0.464387,12.428683,0.000000,180
12266,92184969954713,13.330595,1.026296,0.329732,12.297876,0.000000,180
12267,92184983285308,13.334490,1.175904,0.472059,12.152789,0.000000,180
12268,92184996619798,13.333476,1.207162,0.410610,12.119249,0.000000,180
12269,92185009953274,13.332050,1.076498,0.394406,12.248900,0.000000,180
12270,92185023285324,13.333132,0.815547,0.436626,12.512260,0.000000,180
12271,92185036618456,13.333121,3.401900,0.408728,9.926215,0.000000,180
12272,92185049951577,13.333907,0.921667,0.402360,12.407762,0.000000,181
12273,92185063285484,13.336099,0.825073,0.404958,12.505080,0.000000,181
12274,92185076621583,13.330339,1.028112,0.553274,12.296146,0.000000,181
12275,92185089951922,13.333384,1.831746,0.496714,11.495945,0.000000,181
12276,92185103285306,13.337436,1.036456,0.333033,12.295166,0.000000,181
12277,92185116622742,13.330143,1.021142,0.405838,12.302810,0.000000,181
12278,92185129952885,13.334179,1.060281,0.421546,12.267904,0.000000,181
12279,92185143287064,13.332266,3.398228,0.409174,9.928363,0.000000,181
12280,92185156619330,13.342519,0.994157,0.413078,12.338527,0.000000,181
12281,92185169961849,13.323516,0.986647,0.403962,12.329188,0.000000,181
12282,92185183285365,13.334438,0.803201,0.455384,12.526461,0.000000,181
12283,92185196619803,13.335065,1.153836,0.561011,12.175623,0.000000,181
12284,92185209954868,13.330815,0.988674,0.416539,12.335721,0.000000,181
12285,92185223285683,13.334318,0.865855,0.431103,12.463171,0.000000,181
12286,92185236620001,13.334327,1.012674,0.451516,12.316063,0.000000,181
12287,92185249954328,13.334267,3.605969,0.426435,9.721882,0.000000,181
12288,92185263288595,13.331652,0.992683,0.474124,12.332737,0.000000,181
12289,92185276620247,13.335098,1.154498,0.507398,12.174966,0.000000,181
12290,92185289955345,13.335414,1.281129,0.515406,12.047956,0.000000,181
12291,92185303290759,13.332757,1.655942,0.442913,11.669132,0.000000,182
12292,92185316623516,13.332108,1.670306,0.525013,11.652808,0.000000,182
12293,92185329955624,13.334636,1.520686,0.560390,11.807030,0.000000,182
12294,92185343290260,13.330541,2.126432,0.564808,11.196735,0.000000,182
12295,92185356620801,13.333167,4.105915,0.481446,9.221783,0.000000,182
12296,92185369953968,13.335210,1.154424,0.518683,12.175089,0.000000,182
12297,92185383289178,13.334073,1.231360,0.503162,12.095493,0.000000,182
12298,92185396623251,13.333207,1.521460,0.492399,11.804894,0.000000,182
12299,92185409956458,13.334421,2.024255,0.558273,11.301274,0.000000,182
12300,92185423290879,13.336968,1.295774,0.538012,12.031848,0.000000,182
12301,92185436627847,13.328307,1.473289,0.571822,11.846881,0.000000,182
12302,92185449956154,13.331725,1.436592,0.370822,11.888861,0.000000,182
12303,92185463287879,13.332056,3.680975,0.546889,9.646407,0.000000,182
12304,92185476619935,13.335014,1.203728,0.406534,12.126440,0.000000,182
12305,92185489954949,13.334238,1.267181,0.405988,12.061530,0.000000,182
12306,92185503289187,13.336051,1.241467,0.414321,12.086747,0.000000,182
12307,92185516625238,13.332449,1.756478,1.323501,11.566667,0.000000,182
12308,92185529957687,13.329899,3.601317,0.321951,9.723251,0.000000,182
12309,92185543287586,13.337621,0.617943,0.404943,12.713603,0.000000,183
12310,92185556625207,13.332757,1.084612,0.381948,12.241353,0.000000,183
12311,92185569957964,13.330642,3.895191,0.386647,9.429575,0.000000,183
12312,92185583288606,13.335363,1.581752,0.399828,11.747566,0.000000,183
12313,92185596623969,13.334225,1.089022,0.344429,12.238846,0.000000,183
12314,92185609958194,13.332364,1.124435,0.404572,12.200531,0.000000,183
12315,92185623290558,13.332707,1.314953,0.324388,12.011334,0.000000,183
12316,92185636623265,13.333404,0.851745,0.356556,12.475854,0.000000,183
12317,92185649956669,13.334696,1.024318,0.476921,12.305128,0.000000,183
12318,92185663291365,13.333480,0.897016,0.360774,12.429794,0.000000,183
12319,92185676624845,13.330911,3.278266,0.362181,10.046234,0.000000,183
12320,92185689955756,13.333360,0.810430,0.359383,12.517660,0.000000,183
12321,92185703289116,13.332834,0.663963,0.316168,12.664163,0.000000,183
12322,92185716621950,13.333761,0.739105,0.394031,12.590218,0.000000,183
12323,92185729955711,13.335502,1.006324,0.344234,12.323874,0.000000,183
12324,92185743291213,13.330600,0.719037,0.361207,12.605780,0.000000,183
12325,92185756621813,13.334340,0.739142,0.366023,12.590450,0.000000,183
12326,92185769956153,13.335055,0.936461,0.462617,12.393552,0.000000,183
12327,92185783291208,13.331989,3.771431,0.381093,9.554604,0.000000,183
12328,92185796623197,13.334668,0.849696,0.356540,12.478383,0.000000,183
12329,92185809957865,13.334441,0.906928,0.334598,12.421421,0.000000,183
12330,92185823292306,13.332269,0.932315,0.393174,12.393693,0.000000,183
12331,92185836624575,13.333073,1.324906,0.334344,12.001861,0.000000,183
12332,92185849957648,13.334420,0.946259,0.381761,12.382669,0.000000,183
12333,92185863292068,13.332874,0.874784,0.437169,12.451930,0.000000,183
12334,92185876624942,13.330996,1.045822,0.322736,12.279786,0.000000,183
12335,92185889955938,13.334004,3.207870,0.383562,10.121056,0.000000,183
12336,92185903289942,13.332455,0.686793,0.264614,12.641985,0.000000,183
12337,92185916622397,13.334834,0.975170,0.293712,12.355224,0.000000,183
12338,92185929957231,13.354639,0.857943,0.931195,12.482142,0.000000,183
12339,92185943311870,13.313875,3.807118,0.313692,9.490921,0.000000,183
12340,92185956625745,13.332957,0.804439,0.319936,12.522829,0.000000,183
12341,92185969958702,13.336645,0.875182,0.344143,12.454551,0.000000,183
12342,92185983295347,13.329891,0.987439,0.329550,12.335418,0.000000,183
12343,92185996625238,13.332754,3.855682,0.333932,9.471362,0.000000,183
12344,92186009957992,13.334806,0.942493,0.347043,12.387072,0.000000,183
12345,92186023292798,13.334932,0.829011,0.325549,12.497833,0.000000,183
12346,92186036627730,13.330632,0.909436,0.365945,12.415323,0.000000,183
12347,92186049958362,13.340122,1.239565,0.338285,12.091308,0.000000,183
12348,92186063298484,13.332905,1.055091,0.345628,12.266638,0.000000,183
12349,92186076631389,13.327066,0.936252,0.321395,12.385054,0.000000,183
12350,92186089958455,13.335784,0.993917,0.392767,12.336158,0.000000,183
12351,92186103294239,13.329955,3.542424,0.369471,9.780885,0.000000,183
12352,92186116624194,13.336580,0.734464,0.348427,12.597091,0.000000,183
12353,92186129960774,13.331484,0.953894,0.342617,12.372071,0.000000,183
12354,92186143292258,13.344995,1.000863,0.395793,12.332848,0.000000,183
12355,92186156637253,13.320883,1.375170,0.398613,11.938175,0.000000,183
12356,92186169958136,13.332771,0.911724,0.359055,12.416449,0.000000,183
12357,92186183290907,13.337979,0.783534,0.354911,12.548952,0.000000,183
12358,92186196628886,13.332977,1.055603,0.472353,12.270406,0.000000,183
12359,92186209961863,13.332286,3.926079,0.331772,9.398144,0.000000,183
12360,92186223294149,13.333178,0.913716,0.346060,12.414291,0.000000,183
12361,92186236627327,13.332089,0.979199,0.348809,12.347138,0.000000,183
12362,92186249959416,13.335044,0.923371,0.406925,12.405314,0.000000,183
12363,92186263294460,13.333200,1.234057,0.308651,12.092814,0.000000,183
12364,92186276627660,13.333619,0.949952,0.346458,12.377946,0.000000,183
12365,92186289961279,13.336205,1.015313,0.380618,12.314015,0.000000,183
12366,92186303297484,13.330094,1.108386,0.388568,12.215328,0.000000,183
12367,92186316627578,13.333492,3.797042,0.331282,9.530552,0.000000,183
12368,92186329961070,13.335548,1.016187,0.319966,12.311715,0.000000,183
12369,92186343296618,13.334586,0.873163,0.343171,12.453335,0.000000,183
12370,92186356631204,13.329160,1.036059,0.393114,12.285735,0.000000,183
12371,92186369960364,13.335878,1.228261,0.444452,12.101543,0.000000,183
12372,92186383296242,13.333499,1.174116,0.386686,12.152206,0.000000,183
12373,92186396629741,13.331953,1.134935,0.370866,12.190472,0.000000,183
12374,92186409961694,13.337275,1.080086,0.353848,12.245899,0.000000,183
12375,92186423298969,13.327578,3.145074,0.332993,10.177688,0.000000,183
12376,92186436626547,13.335354,0.867547,0.437358,12.462709,0.000000,184
12377,92186449961901,13.334547,1.053123,0.439660,12.275665,0.000000,184
12378,92186463296448,13.333695,1.124025,0.431692,12.203419,0.000000,184
12379,92186476630143,13.332570,2.302186,0.357081,11.022879,0.000000,184
12380,92186489962713,13.332327,1.013061,0.348057,12.314117,0.000000,184
12381,92186503295040,13.336894,0.890474,0.349354,12.439627,0.000000,184
12382,92186516631934,13.330203,0.887329,0.335703,12.436368,0.000000,184
12383,92186529962137,13.333298,3.230527,0.491381,10.097447,0.000000,184
12384,92186543295435,13.341893,1.106731,0.356770,12.224951,0.000000,184
12385,92186556637328,13.327060,1.166166,0.394787,12.153169,0.000000,184
12386,92186569964388,13.333374,1.143637,0.356622,12.183358,0.000000,184
12387,92186583297762,13.334062,1.169014,0.365114,12.158147,0.000000,184
12388,92186596631824,13.330359,1.208012,0.441309,12.115990,0.000000,184
12389,92186609962183,13.332412,0.918535,0.415786,12.409332,0.000000,184
12390,92186623294595,13.335987,0.971512,0.364350,12.358962,0.000000,184
12391,92186636630582,13.333081,3.849048,0.311399,9.477702,0.000000,184
12392,92186649963663,13.340922,0.829700,0.453184,12.502706,0.000000,184
12393,92186663304585,13.327577,1.018880,0.370619,12.300484,0.000000,184
12394,92186676632162,13.330835,1.148019,0.457472,12.176585,0.000000,184
12395,92186689962997,13.332820,1.233792,0.243904,12.093787,0.000000,184
12396,92186703295817,13.335861,0.898029,0.281767,12.432385,0.000000,184
12397,92186716631678,13.333475,1.208570,0.401479,12.118666,0.000000,184
12398,92186729965153,13.333219,1.106301,0.372999,12.220271,0.000000,184
12399,92186743298372,13.335681,3.843511,0.363592,9.483237,0.000000,184
12400,92186756634053,13.341938,1.141949,0.424679,12.190024,0.000000,184
12401,92186769975991,13.329818,1.553342,0.359574,11.763779,0.000000,184
12402,92186783305809,13.326739,1.206117,0.424871,12.112167,0.000000,184
12403,92186796632548,13.332364,1.493114,0.334738,11.833568,0.000000,184
12404,92186809964912,13.334648,1.028766,0.376103,12.300469,0.000000,184
12405,92186823299560,13.332928,0.879871,0.444991,12.446889,0.000000,184
12406,92186836632488,13.332760,1.118960,0.343222,12.207140,0.000000,184
12407,92186849965248,13.330933,3.781109,0.334042,9.543912,0.000000,184
12408,92186863296181,13.337119,0.619491,0.338463,12.712802,0.000000,184
12409,92186876633300,13.332201,0.826139,0.339764,12.500397,0.000000,184
12410,92186889965501,13.333524,0.798206,0.305275,12.529921,0.000000,184
12411,92186903299025,13.333824,1.062136,0.324365,12.266098,0.000000,184
12412,92186916632849,13.333375,0.827721,0.253488,12.499705,0.000000,184
12413,92186929966224,13.334160,0.842563,0.243879,12.486277,0.000000,184
12414,92186943300384,13.332762,0.753777,0.355162,12.572760,0.000000,184
12415,92186956633146,13.330738,3.317073,0.307012,10.008508,0.000000,184
12416,92186969963884,13.334962,0.670246,0.335841,12.660048,0.000000,184
12417,92186983298846,13.334216,0.685235,0.330503,12.642707,0.000000,184
12418,92186996633062,13.332406,0.791158,0.337700,12.535343,0.000000,184
12419,92187009965468,13.335432,0.971925,0.313252,12.357171,0.000000,184
12420,92187023300900,13.332990,0.735916,0.311938,12.590359,0.000000,184
12421,92187036633890,13.333292,0.817745,0.350794,12.509079,0.000000,184
12422,92187049967182,13.334241,0.921958,0.413291,12.406050,0.000000,184
12423,92187063301423,13.330672,3.982769,0.406993,9.341738,0.000000,185
12424,92187076632095,13.334910,1.071831,0.421172,12.258046,0.000000,185
12425,92187089967005,13.334131,0.953549,0.405505,12.373762,0.000000,185
12426,92187103301136,13.333654,0.934846,0.434628,12.392068,0.000000,185
12427,92187116634790,13.332265,1.246807,0.408938,12.079591,0.000000,185
12428,92187129967055,13.334398,1.232186,0.339536,12.095860,0.000000,185
12429,92187143301453,13.332894,0.928742,0.407491,12.397967,0.000000,185
12430,92187156634347,13.333165,0.979329,0.468096,12.347291,0.000000,185
12431,92187169967512,13.332805,3.418936,0.384133,9.908114,0.000000,185
12432,92187183300317,13.335035,0.862088,0.331469,12.466770,0.000000,185
12433,92187196635352,13.332801,0.994445,0.557273,12.331445,0.000000,185
12434,92187209968153,13.333654,0.974536,0.331762,12.352713,0.000000,185
12435,92187223301807,13.334449,1.146140,0.321402,12.181018,0.000000,185
12436,92187236636256,13.332334,1.022445,0.315902,12.303565,0.000000,185
12437,92187249968590,13.332817,1.028569,0.303251,12.297628,0.000000,185
12438,92187263301407,13.333512,0.922723,0.331707,12.404738,0.000000,185
12439,92187276634919,13.332041,3.488873,0.322581,9.837176,0.000000,186
12440,92187289966960,13.335005,0.948654,0.299423,12.380839,0.000000,186
12441,92187303301965,13.332512,0.911755,0.424288,12.414452,0.000000,186
12442,92187316634477,13.331082,2.265321,0.468174,11.060362,0.000000,186
12443,92187329965559,13.334963,1.231899,0.312897,12.097721,0.000000,186
12444,92187343300522,13.335252,0.892220,0.404241,12.437110,0.000000,186
12445,92187356635774,13.333813,1.218067,0.328159,12.109349,0.000000,186
12446,92187369969587,13.330946,1.033563,0.223989,12.292424,0.000000,186
12447,92187383300533,13.332697,3.661037,0.221466,9.666231,0.000000,186
12448,92187396633230,13.334747,0.760486,0.265925,12.568957,0.000000,186
12449,92187409967977,13.334458,0.733368,0.188963,12.595021,0.000000,186
12450,92187423302435,13.333177,0.678726,0.202518,12.648565,0.000000,186
12451,92187436635612,13.332314,1.034321,0.197488,12.291902,0.000000,186
12452,92187449967926,13.332277,0.834943,0.262083,12.491778,0.000000,186
12453,92187463300203,13.333770,0.643526,0.272813,12.684884,0.000000,186
12454,92187476633973,13.332646,0.697641,0.282363,12.629895,0.000000,186
12455,92187489966619,13.332626,3.208610,0.244109,10.119440,0.000000,186
12456,92187503299245,13.334042,0.562559,0.280894,12.767154,0.000000,186
12457,92187516633287,13.334824,0.677680,0.274520,12.651887,0.000000,186
12458,92187529968111,13.332609,0.690353,0.263777,12.636745,0.000000,186
12459,92187543300720,13.332559,0.799503,0.259703,12.527776,0.000000,186
12460,92187556633279,13.335553,0.652362,0.258522,12.677854,0.000000,186
12461,92187569968832,13.332940,0.718665,0.253867,12.608906,0.000000,186
12462,92187583301772,13.333612,0.611272,0.297568,12.718024,0.000000,186
12463,92187596635384,13.332111,3.290845,0.287467,10.035850,0.000000,186
12464,92187609967495,13.334493,0.698364,0.192177,12.631745,0.000000,186
12465,92187623301988,13.333057,0.652548,0.266174,12.674994,0.000000,186
12466,92187636635045,13.334351,0.726668,0.288166,12.602041,0.000000,186
12467,92187649969396,13.332666,0.945652,0.283377,12.381659,0.000000,186
12468,92187663302062,13.331162,0.660697,0.279297,12.665730,0.000000,186
12469,92187676633224,13.336390,0.643084,0.295814,12.688133,0.000000,186
12470,92187689969614,13.334761,0.749367,0.391310,12.579456,0.000000,186
12471,92187703304375,13.330450,3.359202,1.594771,9.965242,0.000000,186
12472,92187716634825,13.334926,0.689720,0.281236,12.639800,0.000000,186
12473,92187729969751,13.334002,0.732639,0.261752,12.595824,0.000000,186
12474,92187743303753,13.332842,0.674368,0.357640,12.653484,0.000000,186
12475,92187756636595,13.333238,0.945877,0.254275,12.381236,0.000000,186
12476,92187769969833,13.330736,0.718840,0.258956,12.606976,0.000000,186
12477,92187783300569,13.337458,0.662865,0.274104,12.669338,0.000000,186
12478,92187796638027,13.332789,0.809914,0.315965,12.515917,0.000000,186
12479,92187809970816,13.329372,3.268409,0.258354,10.055849,0.000000,186
12480,92187823300188,13.335970,0.585500,1.601219,12.745414,0.000000,186
12481,92187836636158,13.334332,0.701318,0.296537,12.628012,0.000000,186
12482,92187849970490,13.332864,0.706109,0.268226,12.621165,0.000000,186
12483,92187863303354,13.332087,0.880995,0.260420,12.445700,0.000000,186
12484,92187876635441,13.333046,0.707960,0.291807,12.620323,0.000000,186
12485,92187889968487,13.334737,0.665196,0.183240,12.665161,0.000000,186
12486,92187903303224,13.332620,0.639226,0.345445,12.688555,0.000000,186
12487,92187916635844,13.332147,3.300357,0.281604,10.026092,0.000000,186
12488,92187929967991,13.335832,0.756101,0.246021,12.575594,0.000000,186
12489,92187943303823,13.332016,0.674017,0.267740,12.650905,0.000000,186
12490,92187956635839,13.335767,0.825482,0.256072,12.505110,0.000000,186
12491,92187969971606,13.330815,1.099817,0.238756,12.224358,0.000000,186
12492,92187983302421,13.335291,0.690035,0.194882,12.639975,0.000000,186
12493,92187996637712,13.332882,0.847347,0.238963,12.480999,0.000000,186
12494,92188009970594,13.333843,0.761595,0.291728,12.566651,0.000000,186
12495,92188023304437,13.331902,3.313335,0.188130,10.013457,0.000000,186
12496,92188036636339,13.334101,0.713691,0.199170,12.615325,0.000000,186
12497,92188049970440,13.334392,0.773045,0.192621,12.556461,0.000000,186
12498,92188063304832,13.333972,0.711489,0.192006,12.616229,0.000000,186
12499,92188076638804,13.331927,0.998726,0.189389,12.327736,0.000000,186
12500,92188089970731,13.335572,0.752700,0.180142,12.576799,0.000000,186
12501,92188103306303,13.332590,0.727601,0.185696,12.598434,0.000000,186
12502,92188116638893,13.332804,0.811338,0.198688,12.514712,0.000000,186
12503,92188129971697,13.333641,3.362251,0.179138,9.965757,0.000000,186
12504,92188143305338,13.333969,0.718905,0.189511,12.609861,0.000000,186
12505,92188156639307,13.334359,0.780777,0.200283,12.547048,0.000000,186
12506,92188169973666,13.331810,0.980288,0.264051,12.345663,0.000000,186
12507,92188183305476,13.333054,0.986409,0.251558,12.340208,0.000000,186
12508,92188196638530,13.333798,0.786809,0.263189,12.540924,0.000000,186
12509,92188209972328,13.333834,0.775752,0.246403,12.551005,0.000000,186
12510,92188223306162,13.331909,0.723114,0.439654,12.603459,0.000000,186
12511,92188236638071,13.333056,3.429988,0.331040,9.896783,0.000000,186
12512,92188249971127,13.332629,0.725607,0.327663,12.601855,0.000000,186
12513,92188263303756,13.334116,0.646149,0.332223,12.682768,0.000000,186
12514,92188276637872,13.335692,0.745848,0.357543,12.583877,0.000000,186
12515,92188289973564,13.330336,0.999550,0.458554,12.324651,0.000000,186
12516,92188303303900,13.334469,0.779528,0.507941,12.549232,0.000000,186
12517,92188316638369,13.332590,0.858820,0.338452,12.468302,0.000000,186
12518,92188329970959,13.332349,0.851587,0.501159,12.475928,0.000000,186
12519,92188343303308,13.333373,3.212414,0.470456,10.115764,0.000000,186
12520,92188356636681,13.338617,0.923812,0.457509,12.408462,0.000000,186
12521,92188369975298,13.329793,0.960147,0.405687,12.362182,0.000000,186
12522,92188383305091,13.336288,0.776912,0.324529,12.553608,0.000000,186
12523,92188396641379,13.332402,1.176398,0.348883,12.148460,0.000000,186
12524,92188409973781,13.334422,0.989251,0.707468,12.338762,0.000000,186
12525,92188423308203,13.332328,0.931548,0.619624,12.395103,0.000000,186
12526,92188436640531,13.334623,1.162429,0.505737,12.165817,0.000000,186
12527,92188449975154,13.331384,3.671372,0.505463,9.652742,0.000000,186
12528,92188463306538,13.335671,0.896268,0.406808,12.433037,0.000000,186
12529,92188476642209,13.334350,1.115868,0.417747,12.211242,0.000000,186
12530,92188489976559,13.330768,1.143116,0.534010,12.179727,0.000000,186
12531,92188503307327,13.334030,1.132272,0.535081,12.194789,0.000000,186
12532,92188516641357,13.333450,1.096391,0.514388,12.230548,0.000000,186
12533,92188529974807,13.334268,1.163985,0.629884,12.162868,0.000000,186
12534,92188543309075,13.333038,1.132447,0.789690,12.192731,0.000000,186
12535,92188556642113,13.331632,3.487488,0.617759,9.838152,0.000000,186
12536,92188569973745,13.332687,1.016923,0.589284,12.309873,0.000000,186
12537,92188583306432,13.332468,0.931669,0.628562,12.394736,0.000000,186
12538,92188596638900,13.333754,1.116929,0.632672,12.211762,0.000000,186
12539,92188609972654,13.335009,1.215713,0.608008,12.113438,0.000000,186
12540,92188623307663,13.336341,0.972504,0.611682,12.357369,0.000000,186
12541,92188636644004,13.332252,1.231020,0.626623,12.093930,0.000000,186
12542,92188649976256,13.331945,1.246852,0.819549,12.078435,0.000000,186
12543,92188663308201,13.333162,4.075997,0.618295,9.250230,0.000000,186
12544,92188676641363,13.334588,1.159094,0.604630,12.168509,0.000000,186
12545,92188689975951,13.333485,1.082879,0.512713,12.244066,0.000000,186
12546,92188703309436,13.334033,0.915713,0.464511,12.411459,0.000000,186
12547,92188716643469,13.333542,1.260130,0.548594,12.066621,0.000000,186
12548,92188729977011,13.331045,1.067052,0.604948,12.258402,0.000000,186
12549,92188743308056,13.334051,0.981877,0.598316,12.346651,0.000000,186
12550,92188756642107,13.334537,1.121626,0.712920,12.206067,0.000000,186
12551,92188769976644,13.331095,3.493549,0.576831,9.832217,0.000000,186
12552,92188783307739,13.334190,0.902911,0.615137,12.425229,0.000000,186
12553,92188796641929,13.334156,1.009857,0.574786,12.318715,0.000000,186
12554,92188809976085,13.330918,1.041152,0.641395,12.283988,0.000000,186
12555,92188823307003,13.335986,1.061008,0.609410,12.268711,0.000000,186
12556,92188836642989,13.331876,0.965897,0.589511,12.360300,0.000000,186
12557,92188849974865,13.334299,0.993159,0.580188,12.334910,0.000000,186
12558,92188863309164,13.332377,0.909857,0.649965,12.416637,0.000000,186
12559,92188876641541,13.334499,3.401770,0.579559,9.925295,0.000000,186
12560,92188889976040,13.335240,1.057248,0.563348,12.271620,0.000000,186
12561,92188903311280,13.331894,1.042329,0.471487,12.282120,0.000000,187
12562,92188916643174,13.334669,1.147149,0.459395,12.179888,0.000000,187
12563,92188929977843,13.332024,1.244689,0.540827,12.080682,0.000000,187
12564,92188943309867,13.333781,1.058569,0.530790,12.268724,0.000000,187
12565,92188956643648,13.332595,1.167926,0.488366,12.157570,0.000000,187
12566,92188969976243,13.331236,1.125553,0.596298,12.199712,0.000000,187
12567,92188983307479,13.333738,3.336909,0.539879,9.991256,0.000000,187
12568,92188996641217,13.334786,0.981216,0.547918,12.348383,0.000000,187
12569,92189009976003,13.334816,1.034310,0.504145,12.293904,0.000000,187
12570,92189023310819,13.330524,0.943948,0.539336,12.381636,0.000000,187
12571,92189036641343,13.334394,1.163601,0.525512,12.165578,0.000000,187
12572,92189049975737,13.332223,0.919518,0.493968,12.406837,0.000000,187
12573,92189063307960,13.334245,0.844698,0.362362,12.484249,0.000000,187
12574,92189076642205,13.332271,0.946409,0.369934,12.379992,0.000000,187
12575,92189089974476,13.336381,3.383387,0.316645,9.947716,0.000000,187
12576,92189103310857,13.332356,0.999607,0.414232,12.326877,0.000000,187
12577,92189116643213,13.333846,1.052788,0.467728,12.275145,0.000000,187
12578,92189129977059,13.333467,1.016875,0.518184,12.310886,0.000000,187
12579,92189143310526,13.332154,1.284389,0.509404,12.041620,0.000000,187
12580,92189156642680,13.333139,1.081617,0.499559,12.245302,0.000000,187
12581,92189169975819,13.335148,1.066513,0.514508,12.262643,0.000000,187
12582,92189183310967,13.332163,1.025045,0.520533,12.301001,0.000000,187
12583,92189196643130,13.334716,3.821323,0.361913,9.507733,0.000000,187
12584,92189209977846,13.333866,1.175520,0.482360,12.151310,0.000000,187
12585,92189223311712,13.330581,0.954531,0.516107,12.369936,0.000000,187
12586,92189236642293,13.333060,0.910699,0.536806,12.417297,0.000000,187
12587,92189249975353,13.334892,1.220861,0.466832,12.109149,0.000000,187
12588,92189263310245,13.334878,0.963887,0.509532,12.365158,0.000000,187
12589,92189276645123,13.333956,1.080949,0.467878,12.245175,0.000000,187
12590,92189289979079,13.332670,1.078815,0.490254,12.247417,0.000000,187
12591,92189303311749,13.333000,3.303395,0.333446,10.023027,0.000000,187
12592,92189316644749,13.333105,0.937677,0.313590,12.389549,0.000000,187
12593,92189329977854,13.333444,0.922090,0.471337,12.405614,0.000000,187
12594,92189343311298,13.333669,0.842677,0.506538,12.485248,0.000000,187
12595,92189356644967,13.333443,1.193529,0.444893,12.133737,0.000000,187
12596,92189369978410,13.332967,0.923217,0.325394,12.403412,0.000000,187
12597,92189383311377,13.334180,0.850142,0.415208,12.478143,0.000000,187
12598,92189396645557,13.331803,1.020277,0.477852,12.306071,0.000000,187
12599,92189409977360,13.334244,3.427388,0.454115,9.901049,0.000000,187
12600,92189423311604,13.332453,0.923654,0.460581,12.402594,0.000000,187
12601,92189436644057,13.334936,1.185398,0.415983,12.143379,0.000000,187
12602,92189449978993,13.333638,1.068055,0.541954,12.259270,0.000000,187
12603,92189463312631,13.333558,1.049709,0.411118,12.278398,0.000000,187
12604,92189476646189,13.333309,1.098521,0.449129,12.228013,0.000000,187
12605,92189489979498,13.332847,1.065590,0.504494,12.261050,0.000000,187
12606,92189503312345,13.333901,0.952076,0.508652,12.374911,0.000000,187
12607,92189516646246,13.330250,3.523172,0.483007,9.801318,0.000000,187
12608,92189529976496,13.333050,0.895155,0.464922,12.433285,0.000000,187
12609,92189543309546,13.334283,0.756854,0.476754,12.572650,0.000000,187
12610,92189556643829,13.336269,0.880102,0.517882,12.451046,0.000000,187
12611,92189569980098,13.332217,1.209470,0.473956,12.116335,0.000000,187
12612,92189583312315,13.335007,0.823029,0.442605,12.506329,0.000000,187
12613,92189596647322,13.335316,0.996194,0.500599,12.332866,0.000000,187
12614,92189609982638,13.331266,0.998041,0.514274,12.326346,0.000000,187
12615,92189623313904,13.330546,3.244709,0.503883,10.080233,0.000000,187
12616,92189636644450,13.336818,1.044564,0.479503,12.286564,0.000000,187
12617,92189649981268,13.331728,1.098781,0.478833,12.225617,0.000000,187
12618,92189663312996,13.332929,0.945273,0.475449,12.380726,0.000000,187
12619,92189676645925,13.336001,1.363973,0.477527,11.963991,0.000000,187
12620,92189689981926,13.330396,1.050900,0.442962,12.271867,0.000000,187
12621,92189703312322,13.332302,0.788974,0.497304,12.537972,0.000000,187
12622,92189716644624,13.335581,1.037401,0.376583,12.293089,0.000000,187
12623,92189729980205,13.333355,3.379982,0.467818,9.946697,0.000000,187
12624,92189743313560,13.334744,0.850390,0.499225,12.477844,0.000000,187
12625,92189756648304,13.333533,0.969748,0.471928,12.357334,0.000000,187
12626,92189769981837,13.332392,0.991471,0.534025,12.334424,0.000000,187
12627,92189783314229,13.333938,1.117115,0.339035,12.211020,0.000000,187
12628,92189796648167,13.334121,1.095634,0.324275,12.230343,0.000000,187
12629,92189809982288,13.332731,1.119776,0.306718,12.206139,0.000000,187
12630,92189823315019,13.332357,0.980888,0.470650,12.344423,0.000000,187
12631,92189836647376,13.335903,3.674934,0.447877,9.654432,0.000000,187
12632,92189849983279,13.332109,0.932410,0.448651,12.393863,0.000000,187
12633,92189863315388,13.332877,0.839134,0.443344,12.488219,0.000000,187
12634,92189876648265,13.332810,0.914067,0.475105,12.413459,0.000000,187
12635,92189889981075,13.332117,1.180559,0.380887,12.146100,0.000000,187
12636,92189903313192,13.333744,0.820417,0.352795,12.507319,0.000000,187
12637,92189916646936,13.335341,0.913259,0.347132,12.415624,0.000000,187
12638,92189929982277,13.332133,0.943517,0.364943,12.382121,0.000000,187
12639,92189943314410,13.332407,3.257302,0.485802,10.067705,0.000000,187
12640,92189956646817,13.332011,0.890820,0.473062,12.436608,0.000000,187
12641,92189969978828,13.333537,0.901567,0.473612,12.426959,0.000000,187
12642,92189983312365,13.335046,0.789779,0.493077,12.540438,0.000000,187
12643,92189996647411,13.334168,1.117181,0.484030,12.211169,0.000000,187
12644,92190009981579,13.335670,0.950099,0.479732,12.378262,0.000000,187
12645,92190023317249,13.328235,0.896063,0.494031,12.426535,0.000000,187
12646,92190036645484,13.334061,0.863005,0.523111,12.466355,0.000000,187
12647,92190049979545,13.333584,3.474354,0.331588,9.854306,0.000000,187
12648,92190063313129,13.334267,0.792684,0.347756,12.535881,0.000000,187
12649,92190076647396,13.332935,0.904297,0.333312,12.422656,0.000000,187
12650,92190089980331,13.333424,0.847520,0.361311,12.479832,0.000000,187
12651,92190103313755,13.333989,1.104514,0.340296,12.224401,0.000000,187
12652,92190116647744,13.333984,1.036315,0.304501,12.290331,0.000000,187
12653,92190129981728,13.335305,1.033263,0.326488,12.294766,0.000000,187
12654,92190143317033,13.331875,1.014101,0.472354,12.310883,0.000000,187
12655,92190156648908,13.332966,3.819107,0.469616,9.507339,0.000000,187
12656,92190169981874,13.336653,1.076015,0.464614,12.253870,0.000000,187
12657,92190183318527,13.331665,0.996587,0.481649,12.328385,0.000000,187
12658,92190196650192,13.334543,1.101528,0.511722,12.225634,0.000000,187
12659,92190209984735,13.335270,1.500866,0.466560,11.825448,0.000000,187
12660,92190223320005,13.330910,1.037554,0.483979,12.284548,0.000000,187
12661,92190236650915,13.332858,1.124594,0.479591,12.200864,0.000000,187
12662,92190249983773,13.334521,1.080456,0.512741,12.246551,0.000000,187
12663,92190263318294,13.332343,3.849939,0.474027,9.475139,0.000000,187
12664,92190276650637,13.334177,1.140130,0.497502,12.186696,0.000000,187
12665,92190289984814,13.333175,1.079644,0.458582,12.246741,0.000000,187
12666,92190303317989,13.336131,0.920244,0.475729,12.408488,0.000000,187
12667,92190316654120,13.329807,1.201413,0.462467,12.121300,0.000000,187
12668,92190329983927,13.333872,0.926987,0.461613,12.400659,0.000000,187
12669,92190343317799,13.345853,0.851535,0.487226,12.483759,0.000000,187
12670,92190356663652,13.319653,0.985813,0.489065,12.325271,0.000000,187
12671,92190369983305,13.333341,3.323204,0.482791,10.004735,0.000000,187
12672,92190383316646,13.341715,0.917241,0.481058,12.415950,0.000000,187
12673,92190396658361,13.326623,1.142076,0.533345,12.175827,0.000000,187
12674,92190409984984,13.332765,1.115794,0.485672,12.209101,0.000000,187
12675,92190423317749,13.336202,1.225451,0.445133,12.102813,0.000000,187
12676,92190436653951,13.330688,0.993697,0.438228,12.329729,0.000000,187
12677,92190449984639,13.334124,0.925707,0.437630,12.402616,0.000000,187
12678,92190463318763,13.332874,0.846377,0.456456,12.480110,0.000000,187
12679,92190476651637,13.334536,3.425148,0.430121,9.901780,0.000000,187
12680,92190489986173,13.331510,1.013803,0.458344,12.312570,0.000000,187
12681,92190503317683,13.337074,0.855382,0.461453,12.474258,0.000000,187
12682,92190516654757,13.329259,1.067772,0.453657,12.255658,0.000000,187
12683,92190529984016,13.335468,1.212588,0.312534,12.116521,0.000000,187
12684,92190543319484,13.345119,0.941147,0.296632,12.390336,0.000000,187
12685,92190556664603,13.320743,1.158281,0.405462,12.152058,0.000000,187
12686,92190569985346,13.331720,1.069658,0.463071,12.256185,0.000000,187
12687,92190583317066,13.337894,3.304504,0.430378,10.026604,0.000000,187
12688,92190596654960,13.329798,1.018173,0.419360,12.303166,0.000000,187
12689,92190609984758,13.333965,0.846506,0.411326,12.482078,0.000000,187
12690,92190623318723,13.333793,0.884800,0.417639,12.442613,0.000000,187
12691,92190636652516,13.334481,1.265491,0.440353,12.062141,0.000000,187
12692,92190649986997,13.331007,1.052601,0.444429,12.271736,0.000000,187
12693,92190663318004,13.332953,0.966555,0.429333,12.360744,0.000000,187
12694,92190676650957,13.336298,0.980451,0.414603,12.348528,0.000000,187
12695,92190689987255,13.339360,3.796946,0.307317,9.531430,0.000000,187
12696,92190703326615,13.324475,0.922880,0.431545,12.395263,0.000000,187
12697,92190716651090,13.336052,0.918674,0.306941,12.410338,0.000000,187
12698,92190729987142,13.331141,0.968227,0.312960,12.356617,0.000000,187
12699,92190743318283,13.335304,1.203330,0.433167,12.124691,0.000000,187
12700,92190756653587,13.332924,0.932623,0.487429,12.393973,0.000000,187
12701,92190769986511,13.331609,1.159723,0.441480,12.166197,0.000000,187
12702,92190783318120,13.334562,0.794172,0.451606,12.534485,0.000000,187
12703,92190796652682,13.333635,3.297809,0.363695,10.030128,0.000000,187
12704,92190809986317,13.334938,1.000352,0.302923,12.326923,0.000000,187
12705,92190823321255,13.332234,0.937046,0.312607,12.388558,0.000000,188
12706,92190836653489,13.342594,1.030477,0.322671,12.302311,0.000000,188
12707,92190849996083,13.323197,1.451277,0.329224,11.862701,0.000000,188
12708,92190863319280,13.334260,0.947565,0.318387,12.379614,0.000000,188
12709,92190876653540,13.343846,1.044058,0.306829,12.285460,0.000000,188
12710,92190889997386,13.323518,1.104919,0.442962,12.210256,0.000000,188
12711,92190903320904,13.332841,3.226721,0.450547,10.100172,0.000000,188
12712,92190916653745,13.334220,1.032277,0.509578,12.294732,0.000000,188
12713,92190929987965,13.332544,1.217958,0.416254,12.107728,0.000000,188
12714,92190943320509,13.332538,0.945147,0.450652,12.381550,0.000000,188
12715,92190956653047,13.334273,1.189983,0.434232,12.138513,0.000000,188
12716,92190969987320,13.333731,0.963430,0.545258,12.364420,0.000000,188
12717,92190983321051,13.333951,1.061237,0.449681,12.266948,0.000000,188
12718,92190996655002,13.332258,1.004964,0.479782,12.320597,0.000000,188
12719,92191009987260,13.334171,3.942230,0.439348,9.385481,0.000000,188
12720,92191023321431,13.333106,0.861031,0.313285,12.466164,0.000000,188
12721,92191036654537,13.332220,0.904163,0.444302,12.422597,0.000000,188
12722,92191049986757,13.337597,0.914610,0.371696,12.415653,0.000000,188
12723,92191063324354,13.331949,1.196783,0.448788,12.128258,0.000000,188
12724,92191076656303,13.329641,0.952590,0.431516,12.370408,0.000000,188
12725,92191089985944,13.333225,0.897154,0.454992,12.430481,0.000000,188
12726,92191103319169,13.332462,0.746524,0.436503,12.581759,0.000000,188
12727,92191116651631,13.333173,3.230030,0.417456,10.098533,0.000000,188
12728,92191129984804,13.336847,0.792371,0.507722,12.538929,0.000000,188
12729,92191143321651,13.332425,0.998415,0.447318,12.328564,0.000000,188
12730,92191156654076,13.333406,0.858390,0.305940,12.469100,0.000000,188
12731,92191169987482,13.334520,1.167764,0.372416,12.161069,0.000000,188
12732,92191183322002,13.335192,0.927670,0.318528,12.400055,0.000000,188
12733,92191196657194,13.332697,1.109807,0.311912,12.215951,0.000000,188
12734,92191209989891,13.333006,1.219893,0.324081,12.105305,0.000000,188
12735,92191223322897,13.334164,3.772782,0.343676,9.552858,0.000000,188
12736,92191236657061,13.333332,1.224256,0.315732,12.101280,0.000000,188
12737,92191249990393,13.332513,1.075218,0.341078,12.250426,0.000000,188
12738,92191263322906,13.342380,0.939129,0.310083,12.392096,0.000000,188
12739,92191276665286,13.327604,1.289534,0.295494,12.025583,0.000000,188
12740,92191289992890,13.329576,1.006248,0.275806,12.316970,0.000000,188
12741,92191303322466,13.333748,0.840616,0.341516,12.487406,0.000000,188
12742,92191316656214,13.336922,1.026993,0.284734,12.301837,0.000000,188
12743,92191329993136,13.330442,3.361425,0.277111,9.960562,0.000000,188
12744,92191343323578,13.332988,1.012090,0.441965,12.315021,0.000000,188
12745,92191356656566,13.333118,0.984074,0.431334,12.341546,0.000000,188
12746,92191369989684,13.332812,0.978745,0.451448,12.348101,0.000000,188
12747,92191383322496,13.332858,1.012348,0.550558,12.314380,0.000000,188
12748,92191396655354,13.331908,1.083395,0.421437,12.242687,0.000000,188
12749,92191409987262,13.336327,1.028260,0.488930,12.301836,0.000000,188
12750,92191423323589,13.332917,1.086718,0.449231,12.239983,0.000000,188
12751,92191436656506,13.330431,3.447945,0.524935,9.876231,0.000000,188
12752,92191449986937,13.336407,1.134790,0.494753,12.196149,0.000000,188
12753,92191463323344,13.334531,0.972603,0.435550,12.354833,0.000000,188
12754,92191476657875,13.332478,1.117498,0.429245,12.207216,0.000000,188
12755,92191489990353,13.333157,1.266025,0.389079,12.059629,0.000000,188
12756,92191503323510,13.338557,1.157689,0.483422,12.172602,0.000000,188
12757,92191516662067,13.337044,1.691950,0.409443,11.631974,0.000000,188
12758,92191529999111,13.328043,1.203951,0.397092,12.113960,0.000000,188
12759,92191543327154,13.327892,3.780942,0.504953,9.538956,0.000000,188
12760,92191556655046,13.333036,1.140532,0.299152,12.187429,0.000000,188
12761,92191569988082,13.334234,0.880778,0.388777,12.447591,0.000000,188
12762,92191583322316,13.337513,1.038991,0.483917,12.289893,0.000000,188
12763,92191596659829,13.328338,1.222033,0.504873,12.100129,0.000000,188
12764,92191609988167,13.337033,1.033176,0.448084,12.299090,0.000000,188
12765,92191623325200,13.331672,1.008997,0.530876,12.316268,0.000000,188
12766,92191636656872,13.333871,1.102205,0.410745,12.223971,0.000000,188
12767,92191649990743,13.332336,3.536168,0.434207,9.790112,0.000000,188
12768,92191663323079,13.336693,0.959135,0.511515,12.371025,0.000000,188
12769,92191676659772,13.331826,1.123334,0.327291,12.202089,0.000000,188
12770,92191689991598,13.336608,1.106135,0.299337,12.222010,0.000000,188
12771,92191703328206,13.329715,1.146816,0.538513,12.175757,0.000000,188
12772,92191716657921,13.332290,1.180502,0.497648,12.145999,0.000000,188
12773,92191729990211,13.331238,0.990971,0.449072,12.334523,0.000000,188
12774,92191743321449,13.337327,0.789287,0.390436,12.542404,0.000000,188
12775,92191756658776,13.334002,3.456021,0.469981,9.871533,0.000000,188
12776,92191769992778,13.330102,0.975365,0.562450,12.349454,0.000000,188
12777,92191783322880,13.335421,0.910648,0.522315,12.418842,0.000000,188
12778,92191796658301,13.333613,0.990774,0.519761,12.336509,0.000000,188
12779,92191809991914,13.333845,1.353035,0.469070,11.973452,0.000000,188
12780,92191823325759,13.330879,0.876643,0.417588,12.447819,0.000000,188
12781,92191836656638,13.336524,1.401696,0.531373,11.928031,0.000000,188
12782,92191849993162,13.333098,1.503537,0.395850,11.821775,0.000000,188
12783,92191863326260,13.339043,3.791098,0.351000,9.538428,0.000000,188
12784,92191876665303,13.327326,1.254822,0.343202,12.064325,0.000000,188
12785,92191889992629,13.338436,1.393702,0.443625,11.935354,0.000000,188
12786,92191903331065,13.327051,1.031831,0.418962,12.286017,0.000000,188
12787,92191916658116,13.331910,1.278287,0.506951,12.047631,0.000000,188
12788,92191929990026,13.333357,1.095544,0.447338,12.232703,0.000000,188
12789,92191943323383,13.334182,0.905210,0.444904,12.423638,0.000000,188
12790,92191956657565,13.333656,0.861556,0.444670,12.466558,0.000000,188
12791,92191969991221,13.335472,3.444208,0.579916,9.885800,0.000000,188
12792,92191983326693,13.332619,1.198282,0.432343,12.127473,0.000000,188
12793,92191996659312,13.335849,1.041638,0.434160,12.286934,0.000000,188
12794,92192009995161,13.332747,1.349534,0.421298,11.975324,0.000000,188
12795,92192023327908,13.341789,1.533140,0.419827,11.795945,0.000000,188
12796,92192036669697,13.325782,1.098922,0.441980,12.216244,0.000000,188
12797,92192049995479,13.335537,1.257208,0.453669,12.067447,0.000000,188
12798,92192063331016,13.334974,1.013419,0.408422,12.308053,0.000000,188
12799,92192076665990,13.330511,3.831379,0.503630,9.488415,0.000000,188
12800,92192089996501,13.332559,1.118002,0.346599,12.206286,0.000000,188
12801,92192103329060,13.331960,1.002190,0.327128,12.319702,0.000000,188
12802,92192116661020,13.331707,1.063948,0.303877,12.261082,0.000000,188
12803,92192129992727,13.335856,1.570008,0.294021,11.757433,0.000000,188
12804,92192143328583,13.333078,1.119807,0.292417,12.206225,0.000000,188
12805,92192156661661,13.332763,1.198725,0.290547,12.126594,0.000000,188
12806,92192169994424,13.333656,1.147253,0.275649,12.178349,0.000000,188
12807,92192183328080,13.332089,3.781314,0.274999,9.544626,0.000000,188
12808,92192196660169,13.337430,1.175502,0.295163,12.154090,0.000000,188
12809,92192209997599,13.332213,1.262215,0.282793,12.060294,0.000000,188
12810,92192223329812,13.331479,1.049427,0.278239,12.275224,0.000000,188
12811,92192236661291,13.333413,1.479682,0.292645,11.845433,0.000000,188
12812,92192249994704,13.331841,1.143621,0.260848,12.181695,0.000000,188
12813,92192263326545,13.332904,1.093410,0.332211,12.233520,0.000000,188
12814,92192276659449,13.334288,1.173214,0.266785,12.154963,0.000000,188
12815,92192289993737,13.334223,3.703671,0.311087,9.623643,0.000000,188
12816,92192303327960,13.333228,1.001468,0.257251,12.324776,0.000000,188
12817,92192316661188,13.335050,1.123315,0.262236,12.203795,0.000000,188
12818,92192329996238,13.331663,1.053276,0.280270,12.271958,0.000000,188
12819,92192343327901,13.333233,1.387176,0.268266,11.938205,0.000000,188
12820,92192356661134,13.334412,1.180531,0.272168,12.145453,0.000000,188
12821,92192369995546,13.330569,1.099286,0.337478,12.224677,0.000000,188
12822,92192383326115,13.337506,0.930942,0.274688,12.400803,0.000000,188
12823,92192396663621,13.331164,3.799472,0.281311,9.524835,0.000000,188
12824,92192409994785,13.332339,1.068051,0.266366,12.258565,0.000000,188
12825,92192423327124,13.335370,0.898087,0.284582,12.430917,0.000000,188
12826,92192436662494,13.332250,1.035350,0.323487,12.289890,0.000000,188
12827,92192449994744,13.335063,1.357512,0.308900,11.971082,0.000000,188
12828,92192463329807,13.334593,1.034294,0.295216,12.291816,0.000000,188
12829,92192476664400,13.332253,1.143241,0.261437,12.181339,0.000000,188
12830,92192489996653,13.333169,1.107925,0.337071,12.218623,0.000000,188
12831,92192503329822,13.335771,3.349093,0.269973,9.978786,0.000000,188
12832,92192516665593,13.332496,0.984124,0.341398,12.341220,0.000000,188
12833,92192529998089,13.332708,0.986251,0.383400,12.339791,0.000000,188
12834,92192543330797,13.332192,0.856298,0.417940,12.470078,0.000000,188
12835,92192556662989,13.333491,1.173286,0.352528,12.153942,0.000000,188
12836,92192569996480,13.334652,0.938980,0.358266,12.389279,0.000000,188
12837,92192583331132,13.333880,0.808661,0.372448,12.519475,0.000000,188
12838,92192596665012,13.333461,1.007940,0.373161,12.318665,0.000000,188
12839,92192609998473,13.331727,3.583189,0.307234,9.742029,0.000000,188
12840,92192623330200,13.335175,0.842095,0.378634,12.486750,0.000000,188
12841,92192636665375,13.331876,0.975829,0.353639,12.349443,0.000000,188
12842,92192649997251,13.334492,0.973888,0.310553,12.352130,0.000000,188
12843,92192663331743,13.331742,1.029923,0.369327,12.295525,0.000000,188
12844,92192676663485,13.336568,1.032195,0.369972,12.296808,0.000000,188
12845,92192690000053,13.330466,1.209557,0.347015,12.114142,0.000000,188
12846,92192703330519,13.332832,1.004454,0.297113,12.321807,0.000000,188
12847,92192716663351,13.333836,3.448891,0.283376,9.878896,0.000000,188
12848,92192729997187,13.333213,0.862606,0.284117,12.464758,0.000000,189
12849,92192743330400,13.334205,0.804160,0.312912,12.524246,0.000000,189
12850,92192756664605,13.333332,0.958219,0.370281,12.368282,0.000000,189
12851,92192769997937,13.333001,1.115011,0.310213,12.210458,0.000000,189
12852,92192783330938,13.333911,0.813351,0.366596,12.514505,0.000000,189
12853,92192796664849,13.333393,0.938065,0.373537,12.388508,0.000000,189
12854,92192809998242,13.333331,0.909780,0.311305,12.417574,0.000000,189
12855,92192823331573,13.338168,3.182433,0.320919,10.146800,0.000000,189
12856,92192836669741,13.329689,0.845923,0.315684,12.477188,0.000000,189
12857,92192849999430,13.332213,0.965831,0.323210,12.359652,0.000000,189
12858,92192863331643,13.333137,0.794808,0.369896,12.532202,0.000000,189
12859,92192876664780,13.335063,1.184476,0.226880,12.143860,0.000000,189
12860,92192889999843,13.332204,0.906985,0.327932,12.417865,0.000000,189
12861,92192903332047,13.332319,1.049966,0.215024,12.276003,0.000000,189
12862,92192916664366,13.334452,1.217186,0.211131,12.110805,0.000000,189
12863,92192929998818,13.331899,3.321243,0.204868,10.004519,0.000000,189
12864,92192943330717,13.333358,0.765230,0.281976,12.562274,0.000000,189
12865,92192956664075,13.341052,1.153831,0.197183,12.177446,0.000000,189
12866,92192970005127,13.326577,0.962189,0.256929,12.357599,0.000000,189
12867,92192983331704,13.333933,1.037970,0.228081,12.289618,0.000000,189
12868,92192996665637,13.334430,0.953654,0.186394,12.374456,0.000000,189
12869,92193010000067,13.332452,0.972221,0.188391,12.352603,0.000000,189
12870,92193023332519,13.333263,0.876803,0.197847,12.449724,0.000000,189
12871,92193036665782,13.331515,3.359158,0.221396,9.966661,0.000000,189
12872,92193049997297,13.337491,1.126897,0.239736,12.201761,0.000000,189
12873,92193063334788,13.334047,1.126084,0.233911,12.196621,0.000000,189
12874,92193076668835,13.328558,1.121155,0.224516,12.199683,0.000000,189
12875,92193089997393,13.336259,1.570574,0.223416,11.759431,0.000000,189
12876,92193103333652,13.333084,0.980149,0.225134,12.346531,0.000000,189
12877,92193116666736,13.333586,1.205863,0.235465,12.120373,0.000000,189
12878,92193130000322,13.332234,1.183517,0.224444,12.141399,0.000000,189
12879,92193143332556,13.337253,4.008124,0.206269,9.320775,0.000000,189
12880,92193156669809,13.330425,1.037018,0.242677,12.286027,0.000000,189
12881,92193170000234,13.335002,1.184197,0.304318,12.142268,0.000000,189
12882,92193183335236,13.331191,1.004922,0.319693,12.317456,0.000000,189
12883,92193196666427,13.335391,1.461200,0.337900,11.866372,0.000000,189
12884,92193210001818,13.331973,1.093538,0.324442,12.231229,0.000000,189
12885,92193223333791,13.333418,0.945956,0.369338,12.380453,0.000000,189
12886,92193236667209,13.332073,1.057378,0.292341,12.267635,0.000000,189
12887,92193249999282,13.333980,3.711154,0.320412,9.616415,0.000000,189
12888,92193263333262,13.334438,0.893261,0.304608,12.434420,0.000000,189
12889,92193276667700,13.333112,1.052821,0.318073,12.273657,0.000000,189
12890,92193290000812,13.335042,1.098637,0.313688,12.229279,0.000000,189
12891,92193303335854,13.331945,1.225186,0.333463,12.099086,0.000000,189
12892,92193316667799,13.332404,1.082452,0.295222,12.243175,0.000000,189
12893,92193330000203,13.333795,1.010106,0.321313,12.316978,0.000000,189
12894,92193343333998,13.334270,0.943266,0.312103,12.384313,0.000000,189
12895,92193356668268,13.332839,4.053584,0.299993,9.272359,0.000000,189
12896,92193370001107,13.334429,1.046275,0.295395,12.281042,0.000000,189
12897,92193383335536,13.333111,0.936295,0.319150,12.390299,0.000000,189
12898,92193396668647,13.331532,1.058287,0.296271,12.266440,0.000000,189
12899,92193410000179,13.333892,1.308429,0.290492,12.019255,0.000000,189
12900,92193423334071,13.333950,0.958815,0.321154,12.367626,0.000000,189
12901,92193436668021,13.334138,1.027009,0.331453,12.300011,0.000000,189
12902,92193450002159,13.333704,1.021039,0.346232,12.305271,0.000000,189
12903,92193463335863,13.332694,3.650425,0.294757,9.675464,0.000000,189
12904,92193476668557,13.334108,0.977342,0.369951,12.350066,0.000000,189
12905,92193490002665,13.336354,1.190483,0.345643,12.136211,0.000000,189
12906,92193503339019,13.330878,1.040654,0.302146,12.283546,0.000000,189
12907,92193516669897,13.332560,1.342011,0.289707,11.983356,0.000000,189
12908,92193530002457,13.333216,0.981739,0.289470,12.345306,0.000000,189
12909,92193543335673,13.333274,0.857339,0.319865,12.469493,0.000000,189
12910,92193556668947,13.333939,1.027118,0.305817,12.300250,0.000000,189
12911,92193570002886,13.331911,4.059780,0.361436,9.265284,0.000000,189
12912,92193583334797,13.335140,0.832597,0.281275,12.496445,0.000000,189
12913,92193596669937,13.332696,0.996209,0.333310,12.329884,0.000000,189
12914,92193610002633,13.332210,1.056592,0.289135,12.269095,0.000000,189
12915,92193623334843,13.335644,1.185202,0.303775,12.143653,0.000000,189
12916,92193636670487,13.333187,1.034637,0.265393,12.291122,0.000000,189
12917,92193650003674,13.331123,0.991313,0.262601,12.333072,0.000000,189
12918,92193663334797,13.336186,0.923145,0.260553,12.406553,0.000000,189
12919,92193676670983,13.331656,4.221996,0.284474,9.102571,0.000000,189
12920,92193690002639,13.334253,1.019905,0.208379,12.307711,0.000000,189
12921,92193703336892,13.333722,0.877608,0.200891,12.448667,0.000000,189
12922,92193716670614,13.333255,1.053493,0.188155,12.272495,0.000000,189
12923,92193730003869,13.333250,1.337143,0.174445,11.989311,0.000000,189
12924,92193743337119,13.332324,0.829950,0.167168,12.495456,0.000000,189
12925,92193756669443,13.333667,0.933892,0.171369,12.392593,0.000000,189
12926,92193770003110,13.333949,0.927583,0.279900,12.399688,0.000000,189
12927,92193783337059,13.333288,3.832101,0.215410,9.494821,0.000000,189
12928,92193796670347,13.334971,0.896381,0.235958,12.431695,0.000000,189
12929,92193810005318,13.332880,0.961120,0.277414,12.364264,0.000000,189
12930,92193823338198,13.331313,0.954883,0.243091,12.368601,0.000000,189
12931,92193836669511,13.333051,1.316542,0.254399,12.010407,0.000000,189
12932,92193850002562,13.333305,0.896764,0.247464,12.429953,0.000000,189
12933,92193863335867,13.333549,0.790152,0.249949,12.538619,0.000000,189
12934,92193876669416,13.335806,1.073572,0.271253,12.256467,0.000000,189
12935,92193890005222,13.332270,3.795960,0.226955,9.529066,0.000000,189
12936,92193903337492,13.333602,0.791488,0.216734,12.535687,0.000000,189
12937,92193916671094,13.333911,0.892165,0.276114,12.435188,0.000000,189
12938,92193930005005,13.333903,0.970810,0.235607,12.356123,0.000000,189
12939,92193943338908,13.332143,1.148743,0.233839,12.175755,0.000000,189
12940,92193956671051,13.333122,1.068518,0.230504,12.258160,0.000000,189
12941,92193970004173,13.335278,0.854250,0.280980,12.473765,0.000000,189
12942,92193983339451,13.332722,0.892600,0.286004,12.433173,0.000000,189
12943,92193996672173,13.332789,3.745847,0.244027,9.579051,0.000000,189
12944,92194010004962,13.332469,0.933237,0.214740,12.392835,0.000000,189
12945,92194023337431,13.332746,0.811796,0.222120,12.515572,0.000000,189
12946,92194036670177,13.336713,0.865258,0.251582,12.464965,0.000000,189
12947,92194050006890,13.331436,1.228319,0.231210,12.095640,0.000000,189
12948,92194063338326,13.333471,0.796884,0.224950,12.529947,0.000000,189
12949,92194076671797,13.332012,0.917705,0.213123,12.408248,0.000000,189
12950,92194090003809,13.334659,0.873094,0.240700,12.455418,0.000000,189
12951,92194103338468,13.331415,3.690463,0.208711,9.635541,0.000000,189
12952,92194116669883,13.333932,0.845224,0.234819,12.483787,0.000000,189
12953,92194130003815,13.336809,0.823783,0.244707,12.507102,0.000000,189
12954,92194143340624,13.332241,0.808479,0.258441,12.517191,0.000000,189
12955,92194156672865,13.333757,1.153037,0.243237,12.174106,0.000000,189
12956,92194170006622,13.333079,0.897756,0.245340,12.429381,0.000000,189
12957,92194183339701,13.334286,0.777423,0.262393,12.549512,0.000000,189
12958,92194196673987,13.333938,0.896119,0.306766,12.430059,0.000000,189
12959,92194210007925,13.331204,3.672127,0.223618,9.652841,0.000000,189
12960,92194223339129,13.334785,0.726064,0.229307,12.602068,0.000000,189
12961,92194236673914,13.332183,0.861110,0.237935,12.465436,0.000000,189
12962,92194250006097,13.334828,0.854920,0.250725,12.473654,0.000000,189
12963,92194263340925,13.331686,1.098437,0.216344,12.226292,0.000000,189
12964,92194276672611,13.333930,0.843810,0.240747,12.484614,0.000000,189
12965,92194290006541,13.342780,0.776046,0.246703,12.555454,0.000000,189
12966,92194303349321,13.324093,0.762932,0.236926,12.552460,0.000000,189
12967,92194316673414,13.333251,3.750075,0.233087,9.577053,0.000000,189
12968,92194330006665,13.335256,0.814010,0.211502,12.514978,0.000000,189
12969,92194343341921,13.333213,0.831038,0.235249,12.495502,0.000000,189
12970,92194356675134,13.333517,0.891743,0.217557,12.434622,0.000000,189
12971,92194370008651,13.332083,1.203778,0.198012,12.122352,0.000000,189
12972,92194383340734,13.336454,0.686761,0.220831,12.642987,0.000000,189
12973,92194396677188,13.332146,0.924921,0.251670,12.399353,0.000000,189
12974,92194410009334,13.332582,0.899192,0.326256,12.426091,0.000000,189
12975,92194423341916,13.334550,3.765860,0.230165,9.561890,0.000000,189
12976,92194436676466,13.333240,0.927563,0.217021,12.398023,0.000000,189
12977,92194450009706,13.332101,0.862895,0.240807,12.462757,0.000000,189
12978,92194463341807,13.333044,0.805487,0.247465,12.521288,0.000000,189
12979,92194476674851,13.334413,1.201856,0.238735,12.125638,0.000000,189
12980,92194490009264,13.332294,0.906302,0.223372,12.419688,0.000000,189
12981,92194503341558,13.333844,0.765555,0.225285,12.562162,0.000000,189
12982,92194516675402,13.334680,0.871415,0.278002,12.456500,0.000000,189
12983,92194530010082,13.331420,3.807793,0.216046,9.516995,0.000000,189
12984,92194543341502,13.338062,0.735170,0.228836,12.593875,0.000000,189
12985,92194556679564,13.330732,0.898250,0.234315,12.422708,0.000000,189
12986,92194570010296,13.333346,0.917610,0.259753,12.408855,0.000000,189
12987,92194583343642,13.333044,1.057726,0.230741,12.268420,0.000000,189
12988,92194596676686,13.333950,0.893906,0.251336,12.432508,0.000000,189
12989,92194610010636,13.331237,0.873604,0.252020,12.450573,0.000000,189
12990,92194623341873,13.332979,0.753097,0.256313,12.574617,0.000000,189
12991,92194636674852,13.335666,3.636590,0.242993,9.692218,0.000000,189
12992,92194650010518,13.332815,0.938645,0.225965,12.387742,0.000000,190
12993,92194663343333,13.331684,1.072594,0.240328,12.252585,0.000000,190
12994,92194676675017,13.335475,0.831988,0.246319,12.496718,0.000000,190
12995,92194690010492,13.334309,1.993545,0.239603,11.334410,0.000000,190
12996,92194703344801,13.331141,0.736583,0.247230,12.588594,0.000000,190
12997,92194716675942,13.334448,0.880565,0.255294,12.447704,0.000000,190
12998,92194730010390,13.340353,1.033089,0.233524,12.296887,0.000000,190
12999,92194743350743,13.328747,3.589177,0.238996,9.729520,0.000000,190
13000,92194756679490,13.336673,1.007487,0.245256,12.320371,0.000000,190
13001,92194770016163,13.328308,0.931827,0.226267,12.388713,0.000000,190
13002,92194783344471,13.334379,0.761320,0.238075,12.566442,0.000000,190
13003,92194796678850,13.335114,1.154052,0.234100,12.172112,0.000000,190
13004,92194810013964,13.337572,0.950128,0.222833,12.374372,0.000000,190
13005,92194823351536,13.326945,0.778173,0.305502,12.540404,0.000000,190
13006,92194836678481,13.335215,0.890178,0.257100,12.437414,0.000000,190
13007,92194850013696,13.333089,3.744437,0.224500,9.579898,0.000000,190
13008,92194863346785,13.331611,0.832192,0.232829,12.492230,0.000000,190
13009,92194876678396,13.333622,0.870592,0.233915,12.455872,0.000000,190
13010,92194890012018,13.344499,0.954462,0.252156,12.377494,0.000000,190
13011,92194903356517,13.326598,1.065179,0.222345,12.248321,0.000000,190
13012,92194916683115,13.329637,0.862282,0.236785,12.460062,0.000000,190
13013,92194930012752,13.333692,0.886647,0.226298,12.439930,0.000000,190
13014,92194943346444,13.340617,0.897159,0.352116,12.431996,0.000000,190
13015,92194956687061,13.331719,3.788157,0.218276,9.534551,0.000000,190
13016,92194970018780,13.335221,0.924010,0.227676,12.403736,0.000000,190
13017,92194983354001,13.331641,0.842478,0.209739,12.481883,0.000000,190
13018,92194996685642,13.337289,0.855098,0.237104,12.475017,0.000000,190
13019,92195010022931,13.334901,1.176813,0.214958,12.149362,0.000000,190
13020,92195023357832,13.330772,0.833586,0.227341,12.489656,0.000000,190
13021,92195036688604,13.335404,0.862440,0.246965,12.465431,0.000000,190
13022,92195050024008,13.330223,1.488451,0.219747,11.835026,0.000000,190
13023,92195063354231,13.334312,3.598635,0.192629,9.728646,0.000000,190
13024,92195076688543,13.333729,0.960275,0.207095,12.367106,0.000000,190
13025,92195090022272,13.337904,0.985092,0.195635,12.344827,0.000000,190
13026,92195103360176,13.329293,0.824572,0.238836,12.497125,0.000000,190
13027,92195116689469,13.331922,1.174414,0.171569,12.146213,0.000000,190
13028,92195130021391,13.334961,0.816688,0.139159,12.511503,0.000000,190
13029,92195143356352,13.347300,0.885612,0.149309,12.444185,0.000000,190
13030,92195156703652,13.320400,1.009281,0.176916,12.300405,0.000000,190
13031,92195170024052,13.332373,3.519848,0.188913,9.803806,0.000000,190
13032,92195183356425,13.332383,0.816115,0.221762,12.510129,0.000000,190
13033,92195196688808,13.336843,0.894657,0.177087,12.430736,0.000000,190
13034,92195210025651,13.332341,1.088770,0.168703,12.236024,0.000000,190
13035,92195223357992,13.339888,1.216751,0.131322,12.110023,0.000000,190
13036,92195236697880,13.324886,0.922200,0.230029,12.395748,0.000000,190
13037,92195250022766,13.335038,0.902147,0.227582,12.425758,0.000000,190
13038,92195263357804,13.330370,0.759345,0.242773,12.565721,0.000000,190
13039,92195276688174,13.333908,3.236406,0.167736,10.091683,0.000000,190
13040,92195290022082,13.336706,0.766777,0.142739,12.563741,0.000000,190
13041,92195303358788,13.332151,0.776119,0.144450,12.548606,0.000000,190
13042,92195316690939,13.333010,0.848564,0.230762,12.473911,0.000000,190
13043,92195330023949,13.335699,1.207705,0.229492,12.119105,0.000000,190
13044,92195343359648,13.339877,0.842554,0.220641,12.482861,0.000000,190
13045,92195356699525,13.326551,0.932103,0.232057,12.385004,0.000000,190
13046,92195370026076,13.331464,0.982614,0.289029,12.341237,0.000000,190
13047,92195383357540,13.336889,3.592130,0.288991,9.734304,0.000000,190
13048,92195396694429,13.327633,1.027022,0.208568,12.294982,0.000000,190
13049,92195410022062,13.336725,0.784336,0.210238,12.545499,0.000000,190
13050,92195423358787,13.342534,0.819132,0.222222,12.506718,0.000000,190
13051,92195436701321,13.321832,1.447493,0.211472,11.866016,0.000000,190
13052,92195450023153,13.334926,0.917655,0.215219,12.410518,0.000000,190
13053,92195463358079,13.337954,0.778368,0.227948,12.548851,0.000000,190
13054,92195476696033,13.328344,1.054248,0.298212,12.267947,0.000000,190
13055,92195490024377,13.333629,4.053130,0.221599,9.274400,0.000000,190
13056,92195503358006,13.337218,0.900819,0.230161,12.425671,0.000000,190
13057,92195516695224,13.330114,0.989152,0.218612,12.334749,0.000000,190
13058,92195530025338,13.333021,0.970527,0.229694,12.355677,0.000000,190
13059,92195543358359,13.341669,1.135657,0.221247,12.192794,0.000000,190
13060,92195556700028,13.327216,0.921414,0.209260,12.397465,0.000000,190
13061,92195570027244,13.329830,0.924912,0.196117,12.398710,0.000000,190
13062,92195583357074,13.338566,0.798306,0.258641,12.530263,0.000000,190
13063,92195596695640,13.327854,3.909985,0.222450,9.411334,0.000000,190
13064,92195610023494,13.335311,0.819667,0.215751,12.510265,0.000000,190
13065,92195623358805,13.349529,0.893510,0.238248,12.445670,0.000000,190
13066,92195636708334,13.319776,0.973801,0.239681,12.337344,0.000000,190
13067,92195650028110,13.334410,1.209355,0.231640,12.116070,0.000000,190
13068,92195663362520,13.333878,0.845179,0.223586,12.477473,0.000000,190
13069,92195676696398,13.332798,0.968897,0.172881,12.356112,0.000000,190
13070,92195690029196,13.342235,0.946853,0.133890,12.384846,0.000000,190
13071,92195703371431,13.333606,3.547806,0.132898,9.778479,0.000000,190
13072,92195716705037,13.335133,0.924723,0.126514,12.403963,0.000000,190
13073,92195730040170,13.333165,0.891628,0.125418,12.434325,0.000000,190
13074,92195743373335,13.332160,0.890629,0.148321,12.435646,0.000000,190
13075,92195756705495,13.336760,1.409188,0.127391,11.920069,0.000000,190
13076,92195770042255,13.334268,0.947025,0.128459,12.379150,0.000000,190
13077,92195783376523,13.330025,0.874665,0.194964,12.448524,0.000000,190
13078,92195796706548,13.335100,1.082635,0.303848,12.245558,0.000000,190
13079,92195810041648,13.331799,3.701811,0.208613,9.623181,0.000000,190
13080,92195823373447,13.342115,0.838458,0.252047,12.498211,0.000000,190
13081,92195836715562,13.326015,0.961247,0.262322,12.358827,0.000000,190
13082,92195850041577,13.330543,0.962419,0.243989,12.361879,0.000000,190
13083,92195863372120,13.335266,0.996023,0.240632,12.333099,0.000000,190
13084,92195876707386,13.331779,0.771723,0.284197,12.555060,0.000000,190
13085,92195890039165,13.333454,0.807628,0.212767,12.521165,0.000000,190
13086,92195903372619,13.336548,0.604944,0.270228,12.725165,0.000000,190
13087,92195916709167,13.329315,3.327330,0.192266,9.997899,0.000000,190
13088,92195930038482,13.334075,0.608072,0.186242,12.721334,0.000000,190
13089,92195943372557,13.344547,0.745583,0.253258,12.594449,0.000000,190
13090,92195956717104,13.325527,0.783818,0.274649,12.536089,0.000000,190
13091,92195970042631,13.334008,1.253986,0.234582,12.072882,0.000000,190
13092,92195983376639,13.335641,0.994972,0.264797,12.333009,0.000000,190
13093,92195996712280,13.329112,1.112686,0.248554,12.209027,0.000000,190
13094,92196010041392,13.333192,0.892416,0.227164,12.434552,0.000000,190
13095,92196023374584,13.332134,3.619369,0.216513,9.707412,0.000000,190
13096,92196036706718,13.334997,0.880777,0.228227,12.449404,0.000000,190
13097,92196050041715,13.335233,0.803927,0.290303,12.524159,0.000000,190
13098,92196063376948,13.340763,0.899457,0.419510,12.433902,0.000000,190
13099,92196076717711,13.332908,1.638690,0.282693,11.686414,0.000000,190
13100,92196090050619,13.330376,1.047672,0.212251,12.274795,0.000000,190
13101,92196103380995,13.333563,0.850712,0.232426,12.475241,0.000000,190
13102,92196116714558,13.332729,0.939324,0.214709,12.385703,0.000000,190
13103,92196130047287,13.331174,3.488454,0.189410,9.836320,0.000000,190
13104,92196143378461,13.337082,0.502124,0.224642,12.829112,0.000000,190
13105,92196156715543,13.331923,0.798860,0.204540,12.527082,0.000000,190
13106,92196170047466,13.334486,0.946210,0.236415,12.381553,0.000000,190
13107,92196183381952,13.332713,1.043729,0.246426,12.281743,0.000000,190
13108,92196196714665,13.332246,0.966714,0.243183,12.357181,0.000000,190
13109,92196210046911,13.333838,0.987834,0.218991,12.339563,0.000000,190
13110,92196223380749,13.333536,0.760993,0.227166,12.564814,0.000000,190
13111,92196236714285,13.333132,3.723019,0.206277,9.603834,0.000000,190
13112,92196250047417,13.334248,0.893326,0.275982,12.434508,0.000000,190
13113,92196263381665,13.336843,0.934770,0.305085,12.394203,0.000000,190
13114,92196276718508,13.332023,1.097583,0.237857,12.225006,0.000000,190
13115,92196290050531,13.334836,1.474945,0.251481,11.850999,0.000000,190
13116,92196303385367,13.329205,0.969016,0.271164,12.351259,0.000000,190
13117,92196316714572,13.334423,1.000490,0.203659,12.327058,0.000000,190
13118,92196330048995,13.333585,0.954216,0.221251,12.370901,0.000000,190
13119,92196343382580,13.328751,3.622886,0.196419,9.700077,0.000000,190
13120,92196356711331,13.338736,0.657243,0.225853,12.676638,0.000000,190
13121,92196370050067,13.333664,0.827899,0.229168,12.498077,0.000000,190
13122,92196383383731,13.331932,0.869690,0.249827,12.455960,0.000000,190
13123,92196396715663,13.333546,1.008014,0.258036,12.319395,0.000000,190
13124,92196410049209,13.332560,0.879744,0.178391,12.446527,0.000000,190
13125,92196423381769,13.335728,0.847603,0.211300,12.482408,0.000000,190
13126,92196436717497,13.330770,0.828122,0.220081,12.495812,0.000000,190
13127,92196450048267,13.331067,3.194031,0.204481,10.131741,0.000000,191
13128,92196463379334,13.336826,0.517172,0.225546,12.814592,0.000000,191
13129,92196476716160,13.331936,0.814962,0.318418,12.510460,0.000000,191
13130,92196490048096,13.334101,1.838796,0.242767,11.489159,0.000000,191
13131,92196503382197,13.336531,1.049792,0.240560,12.280245,0.000000,191
13132,92196516718728,13.332453,0.875870,0.225882,12.448021,0.000000,191
13133,92196530051181,13.330686,0.947574,0.126640,12.376368,0.000000,191
13134,92196543381867,13.336506,0.751083,0.223732,12.578260,0.000000,191
13135,92196556718373,13.330451,3.376570,0.214022,9.946945,0.000000,191
13136,92196570048824,13.336040,0.847089,0.235398,12.482736,0.000000,191
13137,92196583384864,13.332607,0.835362,0.207633,12.489997,0.000000,191
13138,92196596717471,13.331024,0.760427,0.377446,12.564357,0.000000,191
13139,92196610048495,13.334234,1.068171,0.205117,12.258867,0.000000,191
13140,92196623382729,13.333944,0.628711,0.220323,12.699222,0.000000,191
13141,92196636716673,13.333132,0.804353,0.249287,12.522699,0.000000,191
13142,92196650049805,13.333312,0.755551,0.219122,12.571986,0.000000,191
13143,92196663383117,13.330600,3.097594,0.184545,10.228155,0.000000,191
13144,92196676713717,13.336785,0.588603,0.209778,12.742889,0.000000,191
13145,92196690050502,13.333264,0.724058,0.219885,12.603194,0.000000,191
13146,92196703383766,13.334301,0.728100,0.228697,12.600389,0.000000,191
13147,92196716718067,13.333992,1.159509,0.200228,12.166621,0.000000,191
13148,92196730052059,13.330459,0.937563,0.224809,12.386547,0.000000,191
13149,92196743382518,13.333120,0.718304,0.229011,12.609723,0.000000,191
13150,92196756715638,13.351213,0.927815,0.253613,12.417240,0.000000,191
13151,92196770066851,13.330964,3.322452,0.241937,10.001945,0.000000,191
13152,92196783397815,13.333217,0.648501,0.241279,12.679652,0.000000,191
13153,92196796731032,13.336168,0.739892,0.250585,12.591414,0.000000,191
13154,92196810067200,13.334009,0.808406,0.280508,12.519215,0.000000,191
13155,92196823401209,13.331751,1.152170,0.255056,12.171896,0.000000,191
13156,92196836732960,13.332589,0.880021,0.265843,12.446372,0.000000,191
13157,92196850065549,13.334610,0.945123,0.249730,12.382118,0.000000,191
13158,92196863400159,13.335442,0.822583,0.249622,12.506645,0.000000,191
13159,92196876735601,13.328564,3.367444,0.429400,9.956868,0.000000,191
13160,92196890064165,13.337108,0.928896,0.344226,12.402638,0.000000,191
13161,92196903401273,13.332652,0.955091,0.375076,12.370177,0.000000,191
13162,92196916733925,13.332845,1.041123,0.254866,12.284746,0.000000,191
13163,92196930066770,13.333729,1.321256,0.215525,12.005628,0.000000,191
13164,92196943400499,13.333219,0.917928,0.230094,12.409156,0.000000,191
13165,92196956733718,13.333853,0.970674,0.237560,12.357093,0.000000,191
13166,92196970067571,13.332317,0.954428,0.441061,12.371489,0.000000,191
13167,92196983399888,13.337132,3.388775,0.396641,9.942876,0.000000,191
13168,92196996737020,13.330647,1.153476,0.467495,12.170111,0.000000,191
13169,92197010067667,13.332356,1.070613,0.314236,12.255443,0.000000,191
13170,92197023400023,13.334810,1.964531,0.413181,11.364390,0.000000,191
13171,92197036734833,13.330556,1.098776,0.397450,12.226822,0.000000,191
13172,92197050065389,13.334276,0.860546,0.423005,12.468913,0.000000,191
13173,92197063399665,13.338448,0.756704,0.458827,12.575389,0.000000,191
13174,92197076738113,13.334424,1.043084,0.733979,12.283502,0.000000,191
13175,92197090072537,13.332272,4.634873,1.930912,8.688505,0.000000,191
13176,92197103404809,13.332967,1.369982,0.458562,11.955518,0.000000,191
13177,92197116737776,13.334295,1.301014,0.762473,12.025397,0.000000,191
13178,92197130072071,13.336292,1.299986,0.687367,12.026474,0.000000,191
13179,92197143408363,13.328366,1.432876,1.001942,11.885700,0.000000,191
13180,92197156736729,13.332279,1.157932,0.568550,12.168500,0.000000,191
13181,92197170069008,13.332352,1.138948,0.619333,12.187261,0.000000,191
13182,92197183401360,13.332101,0.909207,0.856939,12.417179,0.000000,191
13183,92197196733461,13.334295,3.707281,0.619210,9.621432,0.000000,191
13184,92197210067756,13.335211,1.065387,0.724996,12.264186,0.000000,191
13185,92197223402967,13.334966,1.057632,1.162302,12.269633,0.000000,191
13186,92197236737933,13.332309,1.286371,0.680311,12.038966,0.000000,191
13187,92197250070242,13.332616,1.431734,0.681869,11.894286,0.000000,191
13188,92197263402858,13.333769,2.180083,2.491504,11.147403,0.000000,191
13189,92197276736627,13.331916,2.472489,0.638808,10.854668,0.000000,191
13190,92197290068543,13.335612,1.132557,0.782005,12.196356,0.000000,191
13191,92197303404155,13.330042,4.155789,0.601494,9.168015,0.000000,191
13192,92197316734197,13.336432,0.898077,0.609267,12.432239,0.000000,191
13193,92197330070629,13.332034,2.410991,0.703956,10.914503,0.000000,191
13194,92197343402663,13.334853,1.036872,0.448942,12.291363,0.000000,191
13195,92197356737516,13.332944,1.443165,0.429198,11.881308,0.000000,191
13196,92197370070460,13.332686,1.172001,0.477659,12.154595,0.000000,191
13197,92197383403146,13.335927,1.064387,0.453493,12.264277,0.000000,191
13198,92197396739073,13.330993,2.495778,0.564636,10.827957,0.000000,191
13199,92197410070066,13.332060,4.205673,0.613167,9.119513,0.000000,191
13200,92197423402126,13.334784,2.130694,1.892511,11.198229,0.000000,191
13201,92197436736910,13.334689,1.135837,0.730524,12.191138,0.000000,191
13202,92197450071599,13.332455,1.208807,0.639713,12.117156,0.000000,191
13203,92197463404054,13.333883,1.236128,0.681122,12.090967,0.000000,191
13204,92197476737937,13.333030,1.108764,0.626427,12.218092,0.000000,191
13205,92197490070967,13.334244,1.199448,0.674151,12.127624,0.000000,191
13206,92197503405211,13.332646,1.094646,0.751859,12.231135,0.000000,191
13207,92197516737857,13.332658,4.215941,0.592315,9.110589,0.000000,191
13208,92197530070515,13.334265,1.116526,0.617648,12.211639,0.000000,191
13209,92197543404780,13.333477,1.024471,0.642720,12.303064,0.000000,191
13210,92197556738257,13.334088,2.427897,0.639529,10.900100,0.000000,191
13211,92197570072345,13.332093,1.441603,0.713674,11.884013,0.000000,191
13212,92197583404438,13.334717,1.058347,0.644689,12.269857,0.000000,191
13213,92197596739155,13.333691,1.111449,2.319182,12.216219,0.000000,191
13214,92197610072846,13.332931,1.186859,0.747761,12.138978,0.000000,191
13215,92197623405777,13.330401,3.713772,0.587628,9.611582,0.000000,191
13216,92197636736178,13.336304,1.035500,2.115278,12.294973,0.000000,191
13217,92197650072482,13.334980,1.140285,0.635600,12.187694,0.000000,191
13218,92197663407462,13.332719,1.110773,0.644729,12.215355,0.000000,191
13219,92197676740181,13.333647,1.462569,0.622624,11.864111,0.000000,191
13220,92197690073828,13.331854,1.164495,0.645220,12.160223,0.000000,191
13221,92197703405682,13.332494,2.402379,1.861312,10.923657,0.000000,191
13222,92197716738176,13.335667,1.073553,0.836244,12.255409,0.000000,191
13223,92197730073843,13.332310,4.330239,0.427947,8.994797,0.000000,191
13224,92197743406153,13.333329,1.119057,0.662581,12.208137,0.000000,191
13225,92197756739482,13.335522,1.143586,1.942373,12.185322,0.000000,191
13226,92197770075004,13.331896,1.180202,0.632262,12.144676,0.000000,191
13227,92197783406900,13.334174,1.396623,0.478294,11.931747,0.000000,191
13228,92197796741074,13.332053,1.023107,0.625798,12.303499,0.000000,191
13229,92197810073127,13.332095,1.109214,0.631503,12.216667,0.000000,191
13230,92197823405222,13.333953,1.020847,0.928926,12.306681,0.000000,191
13231,92197836739175,13.333212,3.869898,0.580939,9.457116,0.000000,191
13232,92197850072387,13.335614,1.102985,0.432595,12.226110,0.000000,191
13233,92197863408001,13.333381,1.072645,0.646990,12.253414,0.000000,191
13234,92197876741382,13.331413,1.125257,0.628036,12.200795,0.000000,191
13235,92197890072795,13.335144,1.333476,0.660466,11.995401,0.000000,191
13236,92197903407939,13.333730,1.072319,0.635001,12.254530,0.000000,191
13237,92197916741669,13.332830,1.044223,0.643999,12.280824,0.000000,191
13238,92197930074499,13.334063,1.022302,0.842436,12.305328,0.000000,191
13239,92197943408562,13.329339,3.549295,0.621717,9.773550,0.000000,191
13240,92197956737901,13.334876,1.000219,0.617506,12.329470,0.000000,191
13241,92197970072777,13.334021,0.984994,0.718759,12.342255,0.000000,191
13242,92197983406798,13.334636,0.919590,0.621949,12.409636,0.000000,191
13243,92197996741434,13.333357,1.249127,2.144801,12.078185,0.000000,191
13244,92198010074791,13.333825,1.097539,0.613301,12.229845,0.000000,191
13245,92198023408616,13.332480,0.987626,0.624914,12.337126,0.000000,191
13246,92198036741096,13.331385,0.987049,0.763062,12.337796,0.000000,191
13247,92198050072481,13.334466,3.527139,1.551721,9.801829,0.000000,191
13248,92198063406947,13.336290,0.986029,0.636083,12.342725,0.000000,191
13249,92198076743237,13.332166,1.129513,0.457010,12.196137,0.000000,191
13250,92198090075403,13.334315,1.546593,0.488359,11.780562,0.000000,191
13251,92198103409718,13.332577,1.360808,0.427954,11.963824,0.000000,191
13252,92198116742295,13.332615,1.563262,0.621252,11.762050,0.000000,191
13253,92198130074910,13.332986,1.455471,0.637467,11.871999,0.000000,191
13254,92198143407896,13.332996,0.964052,0.748365,12.362067,0.000000,191
13255,92198156740892,13.334484,3.593817,0.587922,9.734983,0.000000,191
13256,92198170075376,13.332712,1.151633,0.611249,12.174477,0.000000,191
13257,92198183408088,13.334231,1.181594,0.600455,12.144824,0.000000,191
13258,92198196742319,13.335296,1.189267,0.605701,12.138119,0.000000,191
13259,92198210077615,13.333224,1.510211,0.659420,11.814307,0.000000,191
13260,92198223410839,13.333654,1.160383,0.627177,12.165341,0.000000,191
13261,92198236744493,13.331905,1.196796,0.625422,12.127857,0.000000,191
13262,92198250076398,13.334274,1.183489,0.662043,12.142336,0.000000,191
13263,92198263410672,13.333060,3.868689,0.594279,9.456734,0.000000,191
13264,92198276743732,13.333053,1.194639,0.554953,12.130944,0.000000,191
13265,92198290076785,13.333762,1.184972,0.547251,12.141616,0.000000,191
13266,92198303410547,13.331220,1.048394,0.599772,12.275533,0.000000,191
13267,92198316741767,13.334790,1.275662,0.580048,12.052816,0.000000,191
13268,92198330076557,13.334041,1.125464,0.573948,12.201440,0.000000,191
13269,92198343410598,13.333562,1.035775,0.586280,12.290078,0.000000,191
13270,92198356744160,13.333749,1.183604,0.592564,12.142346,0.000000,191
13271,92198370077909,13.331424,3.683271,0.616041,9.641205,0.000000,191
13272,92198383409333,13.335310,1.118452,0.552494,12.209500,0.000000,191
13273,92198396744643,13.359579,1.180287,0.393602,12.172234,0.000000,191
13274,92198410104222,13.333083,1.234200,0.552349,12.090787,0.000000,192
13275,92198423437305,13.335178,1.259424,0.559240,12.067922,0.000000,192
13276,92198436772483,13.331614,1.132852,0.564436,12.191920,0.000000,192
13277,92198450104097,13.333830,1.145072,0.550609,12.181695,0.000000,192
13278,92198463437927,13.332017,1.067290,0.679026,12.257707,0.000000,192
13279,92198476769944,13.334102,3.730967,0.527356,9.596222,0.000000,192
13280,92198490104046,13.335718,1.146873,0.536252,12.181827,0.000000,192
13281,92198503439764,13.333007,1.129200,0.546803,12.195495,0.000000,192
13282,92198516772771,13.332660,1.211974,0.545561,12.113495,0.000000,192
13283,92198530105431,13.333959,1.463379,0.554330,11.862196,0.000000,192
13284,92198543439390,13.332183,1.108597,0.518523,12.216350,0.000000,192
13285,92198556771573,13.334173,1.222216,0.545031,12.104199,0.000000,192
13286,92198570105746,13.333517,1.183127,0.536742,12.142545,0.000000,192
13287,92198583439263,13.332279,3.813900,0.513845,9.511576,0.000000,192
13288,92198596771542,13.334439,1.146486,0.368255,12.181163,0.000000,192
13289,92198610105981,13.334099,1.172716,0.378502,12.154051,0.000000,192
13290,92198623440080,13.332592,1.093878,0.521205,12.232238,0.000000,192
13291,92198636772672,13.331410,1.232034,0.417192,12.093575,0.000000,192
13292,92198650104082,13.334510,0.989490,0.363456,12.339003,0.000000,192
13293,92198663438592,13.334000,1.033526,0.421829,12.293085,0.000000,192
13294,92198676772592,13.335128,1.170637,1.019503,12.157012,0.000000,192
13295,92198690107720,13.330878,5.216779,0.767714,8.107012,0.000000,192
13296,92198703438598,13.333954,1.426114,0.664165,11.900989,0.000000,192
13297,92198716772552,13.334504,1.502473,0.671524,11.824157,0.000000,192
13298,92198730107056,13.331427,1.484652,0.528391,11.839683,0.000000,192
13299,92198743438483,13.334888,1.674288,0.496779,11.653477,0.000000,192
13300,92198756773371,13.333500,1.817873,0.520978,11.508298,0.000000,192
13301,92198770106871,13.331102,1.471773,0.677470,11.852985,0.000000,192
13302,92198783437973,13.336333,1.460384,0.859768,11.869291,0.000000,192
13303,92198796774306,13.331678,4.515020,0.640254,8.809211,0.000000,192
13304,92198810105984,13.333920,1.433870,0.694933,11.892228,0.000000,192
13305,92198823439904,13.334570,1.446412,0.667551,11.882070,0.000000,193
13306,92198836774474,13.332734,1.480347,0.662964,11.846446,0.000000,193
13307,92198850107208,13.333155,1.780466,0.579953,11.545282,0.000000,193
13308,92198863440363,13.332912,2.300796,0.512027,11.025235,0.000000,193
13309,92198876773275,13.333517,1.475274,0.491052,11.851526,0.000000,193
13310,92198890106792,13.333282,1.491904,0.527665,11.834602,0.000000,193
13311,92198903440074,13.333490,3.873223,0.624860,9.453075,0.000000,193
13312,92198916773564,13.333061,1.462860,0.641614,11.863779,0.000000,193
13313,92198930106625,13.335455,1.478982,0.666124,11.849125,0.000000,193
13314,92198943442080,13.332128,1.581132,0.647284,11.743644,0.000000,193
13315,92198956774208,13.334327,1.719991,0.665415,11.607514,0.000000,193
13316,92198970108535,13.333477,1.515328,0.669800,11.810933,0.000000,193
13317,92198983442012,13.333663,1.383632,0.623412,11.942267,0.000000,193
13318,92198996775675,13.331081,1.553827,0.770177,11.770454,0.000000,193
13319,92199010106756,13.332025,4.405177,0.648284,8.921258,0.000000,193
13320,92199023438781,13.335008,1.359568,0.664162,11.969663,0.000000,193
13321,92199036773789,13.334795,1.468180,0.651450,11.860004,0.000000,193
13322,92199050108584,13.334283,1.477594,0.676955,11.848035,0.000000,193
13323,92199063442867,13.331107,1.542644,0.650423,11.781149,0.000000,193
13324,92199076773974,13.336038,1.538304,0.651959,11.790288,0.000000,193
13325,92199090110012,13.330766,1.527113,0.726615,11.796491,0.000000,194
13326,92199103440778,13.333841,1.493168,0.793393,11.834424,0.000000,194
13327,92199116774619,13.333587,4.129696,0.674323,9.196940,0.000000,194
13328,92199130108206,13.335953,1.527339,0.658926,11.801569,0.000000,194
13329,92199143444159,13.330999,1.464569,0.680095,11.858964,0.000000,194
13330,92199156775158,13.331382,1.297051,0.455016,12.028906,0.000000,194
13331,92199170106540,13.333040,1.340983,0.448439,11.986295,0.000000,194
13332,92199183439580,13.333310,1.128407,0.473341,12.200247,0.000000,194
13333,92199196772890,13.335893,1.274402,0.704744,12.055100,0.000000,194
13334,92199210108783,13.332429,1.305293,0.766252,12.020886,0.000000,194
13335,92199223441212,13.332494,3.684866,0.636255,9.641376,0.000000,194
13336,92199236773706,13.332754,1.364298,0.639547,11.962675,0.000000,194
13337,92199250106460,13.333696,1.281217,0.723433,12.046940,0.000000,194
13338,92199263440156,13.332613,1.260480,0.696389,12.066580,0.000000,194
13339,92199276772769,13.335060,1.562562,0.681671,11.765989,0.000000,194
13340,92199290107829,13.334601,1.462842,0.677475,11.865650,0.000000,194
13341,92199303442430,13.333912,1.435132,0.654201,11.891298,0.000000,194
13342,92199316776342,13.332986,1.548916,0.750276,11.776938,0.000000,194
13343,92199330109328,13.332162,3.948482,0.652836,9.377659,0.000000,194
13344,92199343441490,13.335270,1.408782,0.655316,11.920167,0.000000,195
13345,92199356776760,13.332977,1.465017,0.613298,11.860799,0.000000,195
13346,92199370109737,13.333027,1.421893,0.661571,11.904542,0.000000,195
13347,92199383442764,13.334317,2.338904,0.679335,10.988511,0.000000,195
13348,92199396777081,13.333171,1.553045,0.649172,11.773378,0.000000,195
13349,92199410110252,13.332849,1.461176,0.669813,11.865352,0.000000,195
13350,92199423443101,13.333820,1.456371,1.507351,11.869544,0.000000,195
13351,92199436776921,13.331774,3.963943,0.608175,9.361561,0.000000,195
13352,92199450108695,13.335757,1.368873,0.662869,11.960009,0.000000,195
13353,92199463444452,13.333809,1.388354,0.655799,11.938145,0.000000,195
13354,92199476778261,13.330408,1.542865,0.634742,11.781343,0.000000,195
13355,92199490108669,13.333086,1.767427,0.666146,11.559672,0.000000,195
13356,92199503441755,13.335246,1.440820,0.567521,11.889218,0.000000,195
13357,92199516777001,13.332860,1.412030,0.610799,11.914858,0.000000,195
13358,92199530109861,13.332132,1.233518,0.555349,12.091863,0.000000,195
13359,92199543441993,13.336073,3.718376,0.738023,9.611656,0.000000,195
13360,92199556778066,13.332716,1.538000,0.501985,11.788823,0.000000,195
13361,92199570110782,13.332787,1.503521,0.649303,11.822854,0.000000,195
13362,92199583443569,13.334151,1.454501,0.641241,11.872747,0.000000,196
13363,92199596777720,13.334887,1.808356,0.623427,11.519878,0.000000,196
13364,92199610112607,13.332683,1.487337,0.502562,11.837581,0.000000,196
13365,92199623445290,13.333272,1.762339,0.526919,11.564843,0.000000,196
13366,92199636778562,13.333693,1.586565,0.747367,11.740563,0.000000,196
13367,92199650112255,13.332013,5.867059,0.630618,7.457800,0.000000,196
13368,92199663444268,13.331998,1.542865,0.652182,11.784049,0.000000,196
13369,92199676776266,13.335511,1.459879,0.623863,11.868973,0.000000,196
13370,92199690111777,13.335019,1.533229,0.643428,11.795162,0.000000,196
13371,92199703446796,13.331500,1.711115,0.664918,11.613098,0.000000,196
13372,92199716778296,13.334980,1.573858,0.645257,11.754627,0.000000,196
13373,92199730113276,13.332654,1.903607,0.686366,11.421104,0.000000,196
13374,92199743445930,13.330635,1.213487,1.078193,12.110368,0.000000,196
13375,92199756776565,13.335640,4.002654,0.677984,9.326815,0.000000,196
13376,92199770112205,13.332389,1.756423,0.663214,11.569814,0.000000,196
13377,92199783444594,13.334412,1.377064,0.534640,11.950299,0.000000,196
13378,92199796779006,13.334607,1.424843,0.636851,11.903028,0.000000,196
13379,92199810113613,13.331684,2.109053,0.654211,11.216100,0.000000,196
13380,92199823445297,13.334797,1.402117,0.663660,11.925728,0.000000,196
13381,92199836780094,13.333927,1.523099,0.603215,11.803249,0.000000,196
13382,92199850114021,13.329782,1.659506,0.604985,11.662683,0.000000,196
13383,92199863443803,13.335279,3.326329,0.618454,10.003092,0.000000,196
13384,92199876779082,13.334915,1.210017,0.605334,12.117918,0.000000,197
13385,92199890113997,13.332009,1.296579,0.607261,12.028749,0.000000,197
13386,92199903446006,13.334333,1.125589,0.577592,12.201202,0.000000,197
13387,92199916780339,13.335267,2.199707,0.646409,11.128137,0.000000,197
13388,92199930115606,13.332184,1.276106,0.627005,12.048569,0.000000,197
13389,92199943447790,13.333050,0.989772,0.589684,12.336636,0.000000,197
13390,92199956780840,13.332653,1.050033,0.647740,12.276186,0.000000,197
13391,92199970113493,13.335069,3.525716,0.601319,9.800643,0.000000,197
13392,92199983448562,13.330174,1.161961,0.614699,12.162014,0.000000,197
13393,92199996778736,13.335977,1.274280,0.630118,12.054814,0.000000,197
13394,92200010114713,13.333978,1.251310,0.540777,12.075770,0.000000,197
13395,92200023448691,13.331294,1.478461,0.660183,11.844820,0.000000,197
13396,92200036779985,13.332809,1.123302,0.605889,12.203106,0.000000,197
13397,92200050112794,13.332991,1.130661,0.638578,12.196015,0.000000,197
13398,92200063445785,13.336002,1.078203,0.673535,12.250651,0.000000,197
13399,92200076781787,13.334570,3.853390,0.616173,9.472872,0.000000,197
13400,92200090116357,13.332338,1.116067,0.632229,12.209387,0.000000,197
13401,92200103448695,13.332533,1.061993,0.634106,12.263717,0.000000,197
13402,92200116781228,13.333910,1.150917,0.584368,12.175888,0.000000,197
13403,92200130115138,13.331315,1.339543,0.727539,11.985478,0.000000,197
13404,92200143446453,13.335195,1.097303,0.601287,12.232050,0.000000,197
13405,92200156781648,13.333739,1.167249,0.581805,12.159420,0.000000,197
13406,92200170115387,13.334598,1.095203,0.595289,12.232540,0.000000,197
13407,92200183449985,13.333793,3.640176,0.589528,9.685952,0.000000,197
13408,92200196783778,13.334628,1.332171,0.647551,11.995118,0.000000,197
13409,92200210118406,13.331924,1.220131,0.745839,12.103525,0.000000,197
13410,92200223450330,13.331143,1.282731,0.537011,12.041206,0.000000,197
13411,92200236781473,13.335506,1.467983,0.600112,11.860316,0.000000,197
13412,92200250116979,13.333242,1.189835,0.624321,12.136239,0.000000,197
13413,92200263450221,13.332296,1.016051,0.595393,12.308797,0.000000,197
13414,92200276782517,13.331515,1.112277,0.607152,12.213408,0.000000,197
13415,92200290114032,13.336046,4.024696,0.577228,9.303835,0.000000,197
13416,92200303450078,13.343023,1.328867,0.619026,12.007591,0.000000,197
13417,92200316793101,13.334274,1.144024,0.606075,12.182478,0.000000,197
13418,92200330127375,13.332168,1.157570,0.415721,12.167383,0.000000,197
13419,92200343459543,13.335764,1.291706,0.562428,12.036450,0.000000,197
13420,92200356795307,13.331320,1.202428,0.569158,12.121668,0.000000,197
13421,92200370126627,13.331755,1.154350,0.702814,12.170450,0.000000,197
13422,92200383458382,13.335178,1.149267,0.671496,12.179028,0.000000,197
13423,92200396793560,13.333686,3.681496,0.576404,9.645789,0.000000,197
13424,92200410127246,13.331292,1.111838,0.600848,12.212638,0.000000,197
13425,92200423458538,13.333626,0.963390,0.584948,12.363685,0.000000,197
13426,92200436792164,13.335537,1.086832,0.610061,12.241605,0.000000,197
13427,92200450127701,13.330467,1.386581,0.594124,11.936988,0.000000,197
13428,92200463458168,13.336457,1.026059,0.622962,12.303815,0.000000,197
13429,92200476794625,13.337082,1.159241,0.572695,12.167849,0.000000,197
13430,92200490131707,13.328606,1.229351,0.597469,12.088209,0.000000,197
13431,92200503460313,13.334278,3.454595,0.604987,9.872256,0.000000,197
13432,92200516794591,13.333489,1.229393,0.568052,12.097349,0.000000,197
13433,92200530128080,13.334295,1.119288,0.621042,12.207720,0.000000,197
13434,92200543462375,13.332238,1.173049,0.577408,12.151423,0.000000,197
13435,92200556794613,13.331845,1.450480,0.414932,11.873613,0.000000,197
13436,92200570126458,13.334460,1.142405,0.465085,12.185262,0.000000,197
13437,92200583460918,13.339657,1.129549,0.584870,12.198233,0.000000,197
13438,92200596800575,13.328506,1.058085,0.622678,12.262761,0.000000,197
13439,92200610129081,13.333257,3.449151,0.545512,9.877896,0.000000,197
13440,92200623462338,13.333742,1.140653,0.419392,12.186057,0.000000,197
13441,92200636796080,13.333640,1.119811,0.424122,12.206768,0.000000,197
13442,92200650129720,13.332614,1.132464,0.356087,12.193110,0.000000,197
13443,92200663462334,13.331374,1.174909,0.514632,12.151155,0.000000,197
13444,92200676793708,13.334252,1.127698,0.494924,12.200344,0.000000,197
13445,92200690127960,13.333610,1.044512,0.556729,12.283245,0.000000,197
13446,92200703461570,13.330589,1.034942,0.484310,12.289499,0.000000,197
13447,92200716792159,13.336682,3.452065,0.587597,9.878923,0.000000,197
13448,92200730128841,13.331281,1.140853,0.594397,12.184420,0.000000,197
13449,92200743460122,13.334181,0.984920,0.519277,12.343714,0.000000,197
13450,92200756794303,13.336226,1.088543,0.554785,12.241583,0.000000,197
13451,92200770130529,13.330086,1.318492,0.437851,12.005170,0.000000,197
13452,92200783460615,13.335673,1.063193,0.428887,12.265672,0.000000,197
13453,92200796796288,13.331900,1.131829,0.500686,12.193564,0.000000,197
13454,92200810128188,13.333685,1.090688,0.423963,12.236767,0.000000,197
13455,92200823461873,13.339554,3.316687,0.512925,10.013061,0.000000,197
13456,92200836801427,13.328423,1.043121,0.503015,12.278036,0.000000,197
13457,92200850129850,13.331059,1.190107,0.561761,12.135574,0.000000,197
13458,92200863460909,13.333378,1.119897,0.570427,12.208031,0.000000,198
13459,92200876794287,13.333914,1.481404,0.433754,11.846376,0.000000,198
13460,92200890128201,13.334438,1.214070,0.472531,12.114241,0.000000,198
13461,92200903462639,13.334808,2.202850,0.449787,11.125332,0.000000,198
13462,92200916797447,13.333113,1.053753,0.531511,12.273302,0.000000,198
13463,92200930130560,13.331465,3.419597,0.572627,9.905942,0.000000,198
13464,92200943462025,13.334262,0.961889,0.580440,12.367067,0.000000,198
13465,92200956796287,13.333053,1.103941,0.601384,12.223110,0.000000,198
13466,92200970129340,13.335446,1.155947,0.600972,12.170979,0.000000,198
13467,92200983464786,13.332805,1.316304,0.509157,12.010092,0.000000,198
13468,92200996797591,13.332944,1.014477,0.517153,12.312095,0.000000,198
13469,92201010130535,13.342686,1.085407,0.429628,12.246929,0.000000,198
13470,92201023473221,13.325363,1.250336,0.472199,12.065306,0.000000,198
13471,92201036798584,13.332283,3.500160,0.402435,9.825624,0.000000,198
13472,92201050130867,13.338489,1.091486,0.382107,12.237988,0.000000,198
13473,92201063469356,13.328595,1.186124,0.584963,12.134482,0.000000,198
13474,92201076797951,13.333648,1.532831,0.593006,11.794941,0.000000,198
13475,92201090131599,13.333315,1.237656,0.521413,12.089753,0.000000,198
13476,92201103464914,13.332658,1.066315,0.417886,12.259695,0.000000,198
13477,92201116797572,13.332372,1.103713,0.398531,12.222247,0.000000,198
13478,92201130129944,13.333829,1.135862,0.432923,12.191663,0.000000,198
13479,92201143463773,13.332640,3.879564,0.397001,9.446275,0.000000,198
13480,92201156796413,13.333039,1.194501,0.555537,12.132669,0.000000,198
13481,92201170129452,13.335203,1.092804,0.428111,12.236273,0.000000,198
13482,92201183464655,13.332355,1.123352,0.520092,12.202599,0.000000,198
13483,92201196797010,13.334920,1.450933,0.461907,11.877010,0.000000,198
13484,92201210131930,13.334722,1.128330,0.586637,12.199740,0.000000,198
13485,92201223466652,13.332213,1.085658,0.479686,12.240066,0.000000,198
13486,92201236798865,13.332497,1.186855,0.423602,12.138657,0.000000,198
13487,92201250131362,13.333929,3.502181,0.426724,9.825042,0.000000,198
13488,92201263465291,13.330708,1.043313,0.562896,12.281768,0.000000,198
13489,92201276795999,13.333996,0.947705,0.464535,12.381157,0.000000,198
13490,92201290129995,13.334466,0.981867,0.517137,12.346697,0.000000,198
13491,92201303464461,13.335372,1.145355,0.421574,12.184458,0.000000,198
13492,92201316799833,13.332431,1.294777,0.608608,12.030943,0.000000,198
13493,92201330132264,13.332756,1.060939,0.358539,12.266028,0.000000,198
13494,92201343465020,13.338468,1.029855,0.557736,12.301383,0.000000,198
13495,92201356803488,13.327710,3.606578,0.994392,9.714671,0.000000,198
13496,92201370131198,13.335205,1.073822,0.851380,12.255989,0.000000,198
13497,92201383466403,13.335397,0.935185,0.633793,12.394444,0.000000,198
13498,92201396801800,13.330846,1.131632,0.574880,12.192344,0.000000,198
13499,92201410132646,13.332342,1.264237,0.600257,12.062178,0.000000,198
13500,92201423464988,13.334365,1.033713,0.569502,12.294660,0.000000,198
13501,92201436799353,13.333504,1.203560,0.424849,12.123549,0.000000,198
13502,92201450132857,13.334172,1.110425,0.539774,12.217582,0.000000,198
13503,92201463467029,13.335585,3.363704,0.411113,9.963714,0.000000,198
13504,92201476802614,13.329571,1.282991,0.497121,12.040619,0.000000,198
13505,92201490132185,13.332325,1.096284,0.495224,12.230154,0.000000,198
13506,92201503464510,13.335094,0.923412,0.490762,12.406797,0.000000,198
13507,92201516799604,13.334877,1.314580,0.510343,12.015044,0.000000,198
13508,92201530134481,13.331362,1.083581,0.399454,12.242143,0.000000,198
13509,92201543465843,13.334486,0.936047,0.420806,12.391971,0.000000,198
13510,92201556800329,13.332856,1.336487,0.446429,11.990308,0.000000,198
13511,92201570133185,13.334908,3.507983,0.410292,9.819500,0.000000,198
13512,92201583468093,13.332936,0.986065,0.587998,12.340503,0.000000,198
13513,92201596801029,13.332013,1.047378,0.568164,12.278021,0.000000,198
13514,92201610133042,13.333529,1.044342,0.517436,12.283188,0.000000,198
13515,92201623466571,13.336082,1.151035,0.405352,12.178008,0.000000,199
13516,92201636802653,13.332515,1.119253,0.396195,12.206928,0.000000,199
13517,92201650135168,13.332044,1.124499,0.629076,12.201157,0.000000,199
13518,92201663467212,13.333859,1.667445,0.628794,11.660033,0.000000,199
13519,92201676801071,13.333763,3.485413,0.411995,9.842307,0.000000,199
13520,92201690134834,13.330042,1.044530,0.385185,12.279423,0.000000,199
13521,92201703464876,13.334647,1.124391,0.424402,12.205204,0.000000,199
13522,92201716799523,13.334522,0.970213,0.436335,12.358653,0.000000,199
13523,92201730134045,13.333070,1.473693,0.408639,11.854033,0.000000,199
13524,92201743467115,13.333350,1.054646,0.377440,12.271680,0.000000,199
13525,92201756800465,13.334435,1.017133,0.501895,12.309945,0.000000,199
13526,92201770134900,13.332396,1.056812,0.514819,12.269713,0.000000,199
13527,92201783467296,13.332799,3.362525,1.693195,9.964048,0.000000,199
13528,92201796800095,13.335766,1.981616,0.640444,11.348017,0.000000,199
13529,92201810135861,13.330780,1.269028,0.667375,12.055811,0.000000,199
13530,92201823466641,13.334930,1.128183,0.609559,12.200934,0.000000,199
13531,92201836801571,13.334360,1.401396,1.039916,11.925899,0.000000,199
13532,92201850135931,13.331942,1.370096,0.619335,11.955330,0.000000,199
13533,92201863467873,13.334895,1.309864,0.534903,12.018800,0.000000,199
13534,92201876802768,13.333553,1.327444,0.508568,11.999455,0.000000,199
13535,92201890136321,13.331984,3.836022,0.699675,9.489342,0.000000,199
13536,92201903468305,13.332152,1.319431,0.594695,12.006382,0.000000,200
13537,92201916800457,13.338137,1.493127,0.598704,11.838697,0.000000,200
13538,92201930138594,13.331789,1.553310,0.858238,11.769497,0.000000,200
13539,92201943470383,13.337671,1.921283,0.632141,11.405738,0.000000,200
13540,92201956808054,13.325982,1.397779,0.454130,11.920646,0.000000,200
13541,92201970134036,13.334983,1.365061,0.460934,11.963277,0.000000,200
13542,92201983469019,13.331797,1.532195,0.840103,11.793122,0.000000,200
13543,92201996800816,13.334469,3.667018,0.979404,9.660547,0.000000,200
13544,92202010135285,13.337018,1.392945,1.118073,11.935431,0.000000,200
13545,92202023472303,13.333113,1.240885,1.283700,12.082817,0.000000,200
13546,92202036805416,13.334721,1.422301,1.053108,11.904812,0.000000,200
13547,92202050140137,13.334535,1.419987,1.080082,11.906774,0.000000,200
13548,92202063474672,13.333151,1.328830,1.276282,11.994850,0.000000,200
13549,92202076807823,13.329893,1.432809,1.242709,11.889490,0.000000,200
13550,92202090137716,13.337626,1.285973,1.424460,12.044869,0.000000,200
13551,92202103475342,13.331701,3.719259,0.897327,9.604842,0.000000,200
13552,92202116807043,13.333639,1.541575,0.567877,11.785007,0.000000,200
13553,92202130140682,13.332709,0.993982,0.482588,12.330205,0.000000,200
13554,92202143473391,13.332898,1.222832,0.318346,12.104458,0.000000,200
13555,92202156806289,13.334489,1.264689,0.387146,12.063552,0.000000,200
13556,92202170140778,13.337951,1.140029,0.447676,12.189890,0.000000,200
13557,92202183478729,13.332909,1.147176,0.353269,12.175569,0.000000,200
13558,92202196811638,13.329010,1.038213,0.416322,12.284845,0.000000,200
13559,92202210140648,13.333421,3.593166,0.449397,9.734779,0.000000,200
13560,92202223474069,13.337861,1.111260,0.556389,12.221141,0.000000,200
13561,92202236811930,13.329825,1.043485,0.428342,12.280433,0.000000,201
13562,92202250141755,13.334302,1.069008,0.369657,12.258765,0.000000,201
13563,92202263476057,13.332082,1.522278,0.527229,11.803510,0.000000,201
13564,92202276808139,13.334627,1.091352,0.550629,12.237110,0.000000,201
13565,92202290142766,13.330191,1.068655,0.597586,12.255435,0.000000,201
13566,92202303472957,13.335355,0.914134,0.571113,12.415555,0.000000,201
13567,92202316808312,13.338130,3.379505,0.518695,9.949694,0.000000,201
13568,92202330146442,13.328422,0.936886,0.510308,12.385249,0.000000,201
13569,92202343474864,13.334982,0.865501,0.610139,12.463219,0.000000,201
13570,92202356809846,13.339998,1.174573,0.536375,12.155159,0.000000,201
13571,92202370149844,13.328950,1.281733,0.555223,12.039039,0.000000,201
13572,92202383478794,13.331413,1.004784,0.548520,12.319028,0.000000,201
13573,92202396810207,13.331842,1.329561,0.514668,11.995799,0.000000,201
13574,92202410142049,13.339593,1.055497,0.569144,12.274039,0.000000,201
13575,92202423481642,13.331688,3.311487,0.643427,10.008296,0.000000,201
13576,92202436813330,13.328662,1.608544,0.625899,11.712541,0.000000,201
13577,92202450141992,13.335330,1.233555,0.626940,12.093742,0.000000,201
13578,92202463477322,13.331651,1.309936,0.613481,12.016491,0.000000,201
13579,92202476808973,13.339719,1.656064,0.646381,11.674960,0.000000,201
13580,92202490148692,13.325679,1.196316,0.602258,12.122592,0.000000,201
13581,92202503474371,13.335250,1.362421,0.628969,11.967834,0.000000,201
13582,92202516809621,13.332311,1.331118,0.674433,11.996536,0.000000,201
13583,92202530141932,13.331561,3.731006,0.640402,9.595557,0.000000,201
13584,92202543473493,13.335689,1.141287,0.644763,12.188121,0.000000,201
13585,92202556809182,13.334411,1.414835,0.621079,11.910407,0.000000,201
13586,92202570143593,13.332427,1.158222,0.686288,12.168201,0.000000,202
13587,92202583476020,13.335935,1.363619,0.716603,11.964878,0.000000,202
13588,92202596811955,13.329984,1.251657,0.489656,12.071994,0.000000,202
13589,92202610141939,13.334259,1.688447,0.634840,11.639982,0.000000,202
13590,92202623476198,13.335386,1.092646,0.676052,12.236700,0.000000,202
13591,92202636811584,13.332131,3.603083,0.668000,9.722213,0.000000,202
13592,92202650143715,13.335387,1.249697,0.643465,12.079741,0.000000,202
13593,92202663479102,13.333886,1.183147,0.632200,12.143407,0.000000,202
13594,92202676812988,13.333649,1.202375,0.652490,12.123910,0.000000,202
13595,92202690146637,13.332163,1.675186,0.629867,11.648645,0.000000,202
13596,92202703478800,13.338105,1.219917,0.666643,12.107359,0.000000,202
13597,92202716816905,13.329193,1.305499,0.627659,12.015408,0.000000,202
13598,92202730146098,13.334556,1.324454,0.663535,12.002067,0.000000,202
13599,92202743480654,13.337492,3.566150,0.691114,9.759303,0.000000,202
13600,92202756818146,13.329725,1.275936,0.677223,12.044644,0.000000,202
13601,92202770147871,13.328936,1.248993,0.465545,12.073148,0.000000,202
13602,92202783476807,13.333594,1.189954,0.664816,12.137357,0.000000,202
13603,92202796810401,13.331747,1.484386,0.667520,11.841268,0.000000,202
13604,92202810142148,13.332946,1.177615,0.690712,12.149555,0.000000,203
13605,92202823475094,13.333162,1.317369,0.749957,12.011020,0.000000,203
13606,92202836808256,13.333827,1.305473,0.543770,12.023292,0.000000,203
13607,92202850142083,13.334094,4.032191,0.625696,9.295669,0.000000,203
13608,92202863476177,13.334022,1.260111,0.617740,12.067739,0.000000,203
13609,92202876810199,13.332798,1.147587,0.625569,12.179960,0.000000,203
13610,92202890142997,13.333640,1.381075,0.694758,11.946253,0.000000,203
13611,92202903476637,13.335005,1.541764,0.613394,11.787003,0.000000,203
13612,92202916811642,13.331642,1.637985,0.723115,11.687338,0.000000,203
13613,92202930143284,13.333276,1.596931,0.620220,11.729265,0.000000,203
13614,92202943476560,13.332633,1.518008,0.548639,11.808591,0.000000,203
13615,92202956809193,13.334337,4.246383,0.566701,9.082575,0.000000,203
13616,92202970143530,13.333373,1.516654,0.668497,11.811618,0.000000,203
13617,92202983476903,13.333458,1.415426,0.792885,11.912550,0.000000,203
13618,92202996810361,13.332000,1.366191,0.667530,11.960250,0.000000,203
13619,92203010142361,13.335749,1.452190,0.760083,11.878975,0.000000,203
13620,92203023478110,13.335757,1.302955,0.748961,12.026246,0.000000,203
13621,92203036813867,13.331252,1.502592,0.466398,11.820878,0.000000,203
13622,92203050145119,13.340688,1.340122,0.721890,11.993156,0.000000,204
13623,92203063485807,13.327257,3.878647,0.611538,9.436760,0.000000,204
13624,92203076813064,13.332465,1.543860,0.582178,11.782851,0.000000,204
13625,92203090145529,13.333079,2.046446,0.770098,11.279784,0.000000,204
13626,92203103478608,13.333971,1.220933,0.703174,12.107381,0.000000,204
13627,92203116812579,13.332731,1.676797,0.771379,11.649863,0.000000,204
13628,92203130145310,13.332397,1.539280,0.757632,11.786723,0.000000,204
13629,92203143477707,13.332795,1.222176,0.656341,12.105399,0.000000,204
13630,92203156810502,13.332958,1.317391,0.706348,12.010504,0.000000,204
13631,92203170143460,13.334626,3.701081,0.693190,9.627328,0.000000,204
13632,92203183478086,13.332621,1.213820,0.660416,12.114260,0.000000,204
13633,92203196810707,13.336334,1.498677,1.077624,11.831986,0.000000,204
13634,92203210147041,13.332069,1.537154,0.749935,11.789393,0.000000,204
13635,92203223479110,13.332313,1.547580,0.670804,11.777432,0.000000,204
13636,92203236811423,13.332163,1.422671,0.815825,11.903953,0.000000,204
13637,92203250143586,13.334710,1.419620,0.843514,11.909858,0.000000,204
13638,92203263478296,13.335387,1.168937,0.681845,12.159735,0.000000,204
13639,92203276813683,13.331897,3.633329,0.665583,9.691545,0.000000,205
13640,92203290145580,13.334037,1.370349,0.759324,11.957040,0.000000,205
13641,92203303479617,13.331079,1.347509,0.809383,11.978153,0.000000,205
13642,92203316810696,13.333325,1.922038,0.829403,11.406483,0.000000,205
13643,92203330144021,13.334518,1.657625,0.636583,11.672322,0.000000,205
13644,92203343478539,13.340936,1.194547,0.683088,12.140053,0.000000,205
13645,92203356819475,13.336663,1.369454,0.719419,11.955296,0.000000,205
13646,92203370156138,13.324780,1.348642,0.674549,11.968581,0.000000,205
13647,92203383480918,13.330377,3.628861,0.701558,9.695550,0.000000,205
13648,92203396811295,13.334251,1.505807,0.648545,11.822578,0.000000,205
13649,92203410145546,13.336743,1.331045,0.777500,11.999681,0.000000,205
13650,92203423482289,13.340986,1.493578,0.862187,11.836757,0.000000,205
13651,92203436823275,13.330796,1.901401,0.684796,11.419817,0.000000,205
13652,92203450154071,13.328859,1.637031,0.755158,11.684112,0.000000,205
13653,92203463482930,13.331986,1.597451,0.804018,11.726942,0.000000,205
13654,92203476814916,13.333423,2.006292,0.635574,11.319569,0.000000,205
13655,92203490148339,13.331239,4.064786,0.810175,9.259605,0.000000,206
13656,92203503479578,13.334732,1.136727,0.692258,12.191831,0.000000,206
13657,92203516814310,13.333457,1.425724,0.755707,11.902350,0.000000,206
13658,92203530147767,13.331154,1.873393,0.640413,11.452591,0.000000,206
13659,92203543478921,13.336534,1.469133,0.660481,11.861686,0.000000,206
13660,92203556815455,13.332198,1.274688,0.538395,12.052509,0.000000,206
13661,92203570147653,13.332842,1.311145,0.541431,12.016387,0.000000,206
13662,92203583480495,13.332262,1.263053,0.697950,12.063868,0.000000,206
13663,92203596812757,13.332817,3.840048,0.688646,9.487207,0.000000,206
13664,92203610145574,13.338718,0.992511,0.648689,12.340070,0.000000,206
13665,92203623484292,13.333476,1.005144,0.629968,12.320753,0.000000,206
13666,92203636817768,13.331665,1.068963,0.666343,12.255160,0.000000,206
13667,92203650149433,13.334049,1.247629,0.650545,12.080564,0.000000,206
13668,92203663483482,13.330285,1.082846,0.717726,12.241178,0.000000,206
13669,92203676813767,13.333706,0.966042,0.470819,12.362480,0.000000,206
13670,92203690147473,13.336133,1.082697,0.691258,12.246569,0.000000,206
13671,92203703483606,13.330917,3.946671,0.638059,9.377607,0.000000,206
13672,92203716814523,13.335825,1.157958,0.632587,12.171513,0.000000,206
13673,92203730150348,13.332124,1.252410,0.676244,12.071416,0.000000,206
13674,92203743482472,13.334284,1.163911,0.600139,12.161956,0.000000,206
13675,92203756816756,13.333550,1.358587,0.588429,11.967488,0.000000,206
13676,92203770150306,13.335204,1.080764,0.513353,12.246250,0.000000,206
13677,92203783485510,13.332694,1.010761,0.432548,12.314337,0.000000,206
13678,92203796818204,13.331683,1.059357,0.623067,12.265785,0.000000,206
13679,92203810149887,13.333005,3.443393,0.606186,9.884084,0.000000,206
13680,92203823482892,13.335154,0.963041,0.650101,12.365757,0.000000,206
13681,92203836818046,13.331839,1.059031,0.585530,12.265839,0.000000,206
13682,92203850149885,13.334355,1.120103,0.592509,12.206611,0.000000,206
13683,92203863484240,13.332993,1.167093,0.616101,12.159520,0.000000,206
13684,92203876817233,13.334014,1.065224,0.616983,12.261295,0.000000,206
13685,92203890151247,13.332453,1.171168,0.674101,12.154794,0.000000,206
13686,92203903483700,13.334184,1.267811,0.696634,12.059521,0.000000,206
13687,92203916817884,13.331355,4.466889,0.461872,8.857415,0.000000,206
13688,92203930149239,13.331541,1.277848,0.713732,12.048886,0.000000,206
13689,92203943480780,13.333316,1.154369,0.670681,12.173926,0.000000,207
13690,92203956814096,13.334586,1.309223,0.772152,12.019522,0.000000,207
13691,92203970148682,13.332069,2.574049,0.786440,10.752811,0.000000,207
13692,92203983480751,13.337246,1.849504,0.630939,11.481777,0.000000,207
13693,92203996817997,13.330948,1.338095,0.705823,11.986457,0.000000,207
13694,92204010148945,13.333564,1.323039,0.722003,12.005267,0.000000,207
13695,92204023482509,13.333298,3.710363,0.625632,9.617404,0.000000,207
13696,92204036815807,13.334483,1.223300,0.669920,12.106567,0.000000,207
13697,92204050150290,13.330639,1.257286,0.650301,12.067234,0.000000,207
13698,92204063480929,13.336040,1.149226,0.696021,12.181738,0.000000,207
13699,92204076816969,13.330854,1.584054,0.699793,11.741581,0.000000,207
13700,92204090147823,13.337607,1.343743,0.748277,11.987807,0.000000,207
13701,92204103485430,13.333082,1.272374,0.699104,12.054686,0.000000,207
13702,92204116818512,13.328769,1.370799,0.764568,11.952688,0.000000,207
13703,92204130147281,13.333542,3.705453,0.621606,9.623189,0.000000,207
13704,92204143480823,13.335743,1.217614,0.699034,12.112367,0.000000,207
13705,92204156816566,13.331779,1.344541,0.741806,11.981895,0.000000,207
13706,92204170148345,13.333210,1.213850,0.725833,12.114264,0.000000,208
13707,92204183481555,13.333624,1.497440,0.782880,11.830108,0.000000,208
13708,92204196815179,13.335738,1.219019,1.012070,12.110522,0.000000,208
13709,92204210150917,13.331406,2.017900,0.678890,11.308117,0.000000,208
13710,92204223482323,13.332506,1.469328,0.557543,11.857940,0.000000,208
13711,92204236814829,13.333232,3.467506,0.540101,9.860689,0.000000,208
13712,92204250148061,13.339705,0.965284,0.593315,12.368581,0.000000,208
13713,92204263487766,13.331589,0.958177,0.569063,12.365328,0.000000,208
13714,92204276819355,13.332297,1.054733,0.610785,12.270209,0.000000,208
13715,92204290151652,13.333337,1.458989,0.580428,11.866509,0.000000,208
13716,92204303484989,13.333428,0.929235,0.393163,12.397539,0.000000,208
13717,92204316818417,13.339881,1.477565,0.505384,11.851632,0.000000,208
13718,92204330158298,13.325076,0.946831,0.386647,12.372333,0.000000,208
13719,92204343483374,13.332740,3.366887,0.505649,9.961308,0.000000,208
13720,92204356816114,13.337989,1.041894,0.544711,12.290144,0.000000,208
13721,92204370154103,13.332503,1.211616,0.400959,12.112107,0.000000,208
13722,92204383486606,13.329893,0.978082,0.536794,12.345038,0.000000,208
13723,92204396816499,13.333045,1.191594,0.589140,12.136200,0.000000,208
13724,92204410149544,13.332191,0.980346,0.548053,12.347095,0.000000,208
13725,92204423481735,13.334333,0.807520,0.497475,12.521270,0.000000,208
13726,92204436816068,13.335863,0.973981,0.532990,12.356358,0.000000,208
13727,92204450151931,13.331163,3.618561,0.414273,9.706434,0.000000,208
13728,92204463483094,13.338229,0.917257,0.637519,12.414147,0.000000,208
13729,92204476821323,13.331111,1.200364,0.570115,12.123047,0.000000,208
13730,92204490152434,13.333134,1.441870,0.570202,11.884691,0.000000,208
13731,92204503485568,13.334874,1.226558,0.733227,12.101464,0.000000,208
13732,92204516820442,13.332405,1.005140,0.599217,12.320043,0.000000,208
13733,92204530152847,13.332689,1.009705,0.643628,12.316252,0.000000,208
13734,92204543485536,13.331376,1.132922,0.578263,12.191850,0.000000,208
13735,92204556816912,13.332991,0.885572,0.515769,12.441386,0.000000,208
13736,92204570149903,13.337537,0.852725,0.631862,12.479336,0.000000,208
13737,92204583487440,13.329604,0.955799,0.607878,12.366481,0.000000,208
13738,92204596817044,13.336256,0.840439,0.559036,12.489364,0.000000,208
13739,92204610153300,13.330432,1.150026,0.596897,12.174086,0.000000,208
13740,92204623483732,13.336852,0.882738,0.429256,12.448364,0.000000,208
13741,92204636820584,13.331811,0.944677,0.769319,12.381768,0.000000,208
13742,92204650152395,13.333752,0.910857,0.486154,12.417612,0.000000,208
13743,92204663486147,13.335431,0.854343,0.606516,12.475042,0.000000,208
13744,92204676821578,13.331561,1.037707,0.572741,12.286973,0.000000,208
13745,92204690153139,13.334948,0.879601,0.473564,12.448985,0.000000,208
13746,92204703488087,13.333605,0.923675,0.573210,12.402492,0.000000,208
13747,92204716821692,13.331592,1.169378,0.616584,12.155138,0.000000,208
13748,92204730153284,13.332283,0.964446,0.589185,12.361830,0.000000,208
13749,92204743485567,13.334404,0.882726,0.609340,12.445469,0.000000,208
13750,92204756819971,13.334057,0.962672,0.568572,12.364712,0.000000,208
13751,92204770154028,13.333192,0.896662,0.611219,12.429845,0.000000,208
13752,92204783487220,13.333052,0.902173,0.602420,12.424330,0.000000,208
13753,92204796820272,13.460640,1.212069,0.625172,12.233761,0.000000,208
13754,92204810280912,13.309324,1.550514,0.593150,11.736062,0.000000,208
13755,92204823590236,13.332764,1.459455,0.446355,11.864856,0.000000,208
13756,92204836923000,13.333596,1.154367,0.611035,12.171816,0.000000,208
13757,92204850256596,13.331354,1.122988,0.618078,12.201366,0.000000,208
13758,92204863587950,13.334649,1.028040,0.577313,12.299866,0.000000,208
13759,92204876922599,13.335008,1.082485,0.567395,12.246161,0.000000,208
13760,92204890257607,13.332138,1.063824,0.696137,12.260986,0.000000,208
13761,92204903589745,13.332335,1.070716,0.582234,12.254004,0.000000,208
13762,92204916922080,13.331973,1.011200,0.637448,12.313968,0.000000,208
13763,92204930254053,13.336584,1.410495,0.573163,11.919747,0.000000,208
13764,92204943590637,13.332360,1.058586,0.607205,12.265955,0.000000,208
13765,92204956922997,13.334690,1.072296,0.538882,12.254175,0.000000,208
13766,92204970257687,13.334282,1.072028,0.587881,12.254384,0.000000,208
13767,92204983591969,13.332342,1.233109,0.569422,12.091040,0.000000,208
13768,92204996924311,13.332809,1.146420,0.567277,12.179071,0.000000,208
13769,92205010257120,13.331475,1.036725,0.594673,12.288940,0.000000,208
13770,92205023588595,13.332055,1.042047,0.559976,12.284720,0.000000,208
13771,92205036920650,13.333518,1.052200,0.550157,12.276340,0.000000,208
13772,92205050254168,13.335580,0.958233,0.560559,12.372095,0.000000,208
13773,92205063589748,13.336654,1.021141,0.584163,12.308741,0.000000,208
13774,92205076926402,13.331175,1.073642,0.601258,12.250083,0.000000,208
13775,92205090257577,13.335245,1.169147,0.643086,12.157698,0.000000,208
13776,92205103592822,13.332687,1.109959,0.546990,12.213655,0.000000,208
13777,92205116925509,13.332393,1.071727,0.402409,12.253357,0.000000,208
13778,92205130257902,13.334346,1.075729,0.422487,12.250032,0.000000,208
13779,92205143592248,13.332437,1.336497,0.410096,11.988335,0.000000,208
13780,92205156924685,13.332977,1.116893,0.395811,12.208561,0.000000,208
13781,92205170257662,13.333978,1.462555,0.535788,11.863734,0.000000,208
13782,92205183591640,13.332881,1.096604,0.607149,12.228290,0.000000,208
13783,92205196924521,13.333901,1.021167,0.618571,12.303963,0.000000,208
13784,92205210258422,13.331637,1.031573,0.468805,12.292129,0.000000,208
13785,92205223590059,13.334360,1.004754,0.605452,12.322771,0.000000,208
13786,92205236924419,13.334273,1.017727,0.626006,12.309761,0.000000,208
13787,92205250258692,13.332934,1.467919,0.596461,11.857916,0.000000,208
13788,92205263591626,13.332227,1.058503,0.456741,12.266169,0.000000,208
13789,92205276923853,13.332140,1.052297,0.601207,12.274434,0.000000,208
13790,92205290255993,13.335382,1.091232,0.607134,12.236355,0.000000,208
13791,92205303591375,13.333432,1.030032,0.598200,12.296175,0.000000,208
13792,92205316924807,13.333590,1.035279,0.414671,12.290766,0.000000,208
13793,92205330258397,13.333644,1.128696,0.385721,12.196932,0.000000,208
13794,92205343592041,13.332686,1.027280,0.577337,12.298611,0.000000,208
13795,92205356924727,13.336591,1.313378,0.580868,12.016401,0.000000,208
13796,92205370261318,13.337491,1.043386,0.575540,12.282889,0.000000,208
13797,92205383598809,13.330661,1.077813,0.578643,12.242350,0.000000,208
13798,92205396929470,13.330321,1.114808,0.588823,12.206982,0.000000,208
13799,92205410259791,13.334461,1.236438,0.533527,12.089215,0.000000,208
13800,92205423594252,13.334241,1.198982,0.584809,12.127324,0.000000,208
13801,92205436928493,13.331347,1.091406,0.638542,12.231587,0.000000,208
13802,92205450259840,13.332884,1.072458,0.607214,12.252742,0.000000,208
13803,92205463592724,13.333194,1.371975,0.566966,11.951459,0.000000,208
13804,92205476925918,13.337982,1.034074,0.539811,12.295772,0.000000,208
13805,92205490263900,13.330179,1.306903,0.570644,12.014834,0.000000,208
13806,92205503594079,13.333141,1.055331,0.562339,12.270641,0.000000,208
13807,92205516927220,13.334584,1.163305,0.559334,12.162472,0.000000,208
13808,92205530261804,13.332913,1.068883,0.593055,12.256749,0.000000,208
13809,92205543594717,13.332190,1.035289,0.585625,12.289229,0.000000,208
13810,92205556926907,13.331976,1.030888,0.611684,12.295247,0.000000,208
13811,92205570258883,13.335726,1.377567,0.592210,11.951302,0.000000,208
13812,92205583594609,13.333218,1.111722,0.614812,12.213542,0.000000,208
13813,92205596927827,13.335451,1.106242,0.588881,12.219531,0.000000,208
13814,92205610263278,13.330411,1.150797,0.464759,12.170701,0.000000,208
13815,92205623593689,13.332368,1.184995,0.733386,12.141003,0.000000,208
13816,92205636926057,13.334192,0.986197,0.643885,12.341460,0.000000,208
13817,92205650260249,13.333132,1.310084,0.607248,12.015930,0.000000,208
13818,92205663593381,13.344399,1.028742,0.586006,12.309584,0.000000,208
13819,92205676937780,13.332933,1.421184,0.429126,11.904467,0.000000,208
13820,92205690270713,13.333398,1.164804,0.850373,12.161794,0.000000,208
13821,92205703604111,13.332610,1.011891,0.547557,12.313372,0.000000,208
13822,92205716936721,13.335874,0.990036,0.688619,12.338829,0.000000,208
13823,92205730272595,13.335044,1.261464,0.581364,12.061970,0.000000,208
13824,92205743607639,13.332630,1.142088,0.586578,12.181392,0.000000,208
13825,92205756940269,13.330879,1.116998,0.539879,12.206745,0.000000,208
13826,92205770271148,13.333973,1.328691,0.430442,11.998506,0.000000,208
13827,92205783605121,13.337322,1.368452,0.573284,11.960273,0.000000,208
13828,92205796942443,13.327992,1.121301,0.557307,12.199687,0.000000,208
13829,92205810270435,13.335598,1.025173,0.515045,12.302402,0.000000,208
13830,92205823606033,13.333092,1.087282,0.407367,12.238566,0.000000,208
13831,92205836939125,13.333807,1.432893,0.354934,11.893449,0.000000,208
13832,92205850272932,13.343002,1.271302,0.657111,12.060536,0.000000,211
13833,92205863615934,13.322854,2.322457,0.665145,10.991303,0.000000,211
13834,92205876938788,13.331210,4.028035,0.615021,9.295401,0.000000,211
13835,92205890269998,13.336947,1.523926,1.053673,11.805527,0.000000,211
13836,92205903606945,31.302791,31.293749,1.357473,0.000986,0.000000,211
13837,92205934909736,13.336534,4.417732,0.536979,8.914414,0.000000,211
13838,92205948246270,13.357506,1.277687,0.520635,12.068337,0.000000,211
13839,92205961603776,13.333439,1.095232,0.759675,12.226383,0.000000,211
13840,92205974937215,13.333157,1.221723,1.047881,12.100135,0.000000,211
13841,92205988270372,13.324510,0.955080,1.468734,12.363723,0.000000,211
13842,92206001594882,13.350457,1.560246,1.381117,11.775711,0.000000,211
13843,92206014945339,13.319738,0.985374,0.863860,12.321776,0.000000,211
13844,92206028265077,13.329845,1.015094,1.334239,12.306859,0.000000,211
13845,92206041594922,13.333421,1.444555,0.650087,11.882127,0.000000,211
13846,92206054928343,13.340001,1.388964,0.720064,11.938556,0.000000,211
13847,92206068268344,13.325555,0.920694,0.937111,12.398501,0.000000,211
13848,92206081593899,13.339185,0.901880,0.647301,12.429128,0.000000,211
13849,92206094933084,13.329645,1.244267,0.660559,12.079457,0.000000,211
13850,92206108262729,13.332289,1.056111,0.720163,12.270524,0.000000,211
13851,92206121595018,13.338646,1.174396,0.692140,12.155177,0.000000,211
13852,92206134933664,13.329288,0.956295,0.677867,12.366419,0.000000,211
13853,92206148262952,13.332543,1.082618,0.539498,12.244257,0.000000,211
13854,92206161595495,13.332873,0.986487,0.590196,12.340862,0.000000,211
13855,92206174928368,13.333332,0.986812,0.528484,12.341032,0.000000,211
13856,92206188261700,13.337792,0.894687,0.500425,12.434824,0.000000,211
13857,92206201599492,13.330907,1.266256,0.707569,12.058408,0.000000,211
13858,92206214930399,13.332226,1.256734,0.551370,12.069998,0.000000,211
13859,92206228262625,13.337916,1.040866,0.815079,12.289823,0.000000,211
13860,92206241600541,13.334138,1.130969,0.833464,12.193458,0.000000,211
13861,92206254934679,13.333121,1.388524,0.695960,11.933947,0.000000,211
13862,92206268267800,13.327660,1.048613,0.762229,12.271219,0.000000,211
13863,92206281595460,13.333074,1.026979,0.577317,12.300069,0.000000,211
13864,92206294928534,13.336438,1.160771,0.593163,12.170632,0.000000,211
13865,92206308264972,13.332800,1.020260,0.554178,12.305622,0.000000,211
13866,92206321597772,13.333332,1.394749,0.637386,11.932624,0.000000,211
13867,92206334931104,13.334547,1.093835,0.686861,12.233572,0.000000,211
13868,92206348265651,13.334738,1.118888,0.680968,12.206117,0.000000,211
13869,92206361600389,13.331576,1.113847,0.628977,12.209982,0.000000,211
13870,92206374931965,13.333183,1.163982,0.677229,12.160650,0.000000,211
13871,92206388265148,13.333141,1.107464,0.690477,12.218329,0.000000,211
13872,92206401598289,13.333033,1.250884,0.609544,12.075264,0.000000,211
13873,92206414931322,13.333308,1.088657,0.715076,12.237474,0.000000,211
13874,92206428264630,13.335803,1.147894,0.619970,12.180500,0.000000,211
13875,92206441600433,13.332933,1.124718,0.603766,12.201242,0.000000,211
13876,92206454933366,13.331399,1.109807,0.706416,12.215023,0.000000,211
13877,92206468264765,13.335355,0.861998,0.671715,12.466377,0.000000,211
13878,92206481600120,13.333562,1.006827,0.656022,12.318455,0.000000,211
13879,92206494933682,13.331372,1.101075,0.783625,12.224024,0.000000,211
13880,92206508265054,13.334749,1.053172,0.634896,12.274595,0.000000,211
13881,92206521599803,13.332714,0.974388,0.657038,12.352434,0.000000,211
13882,92206534932517,13.335269,1.225623,0.650732,12.102066,0.000000,211
13883,92206548267786,13.331542,0.964202,0.710525,12.359395,0.000000,211
13884,92206561599328,13.331690,1.017291,0.737314,12.308219,0.000000,211
13885,92206574931018,13.332952,1.105434,0.676170,12.222384,0.000000,211
13886,92206588263970,13.335866,0.888859,0.549685,12.440137,0.000000,211
13887,92206601599836,13.331462,1.004299,0.560532,12.320943,0.000000,211
13888,92206614931298,13.332995,0.947060,0.705776,12.379956,0.000000,211
13889,92206628264293,13.334390,1.083755,0.659728,12.245228,0.000000,211
13890,92206641598683,13.333389,1.226940,0.529622,12.100634,0.000000,211
13891,92206654932072,13.333153,1.098175,0.678491,12.228453,0.000000,211
13892,92206668265225,13.333378,0.875417,0.657381,12.452104,0.000000,211
13893,92206681598603,13.333507,1.150619,0.694541,12.177074,0.000000,211
13894,92206694932110,13.333171,1.018938,0.660669,12.308298,0.000000,211
13895,92206708265281,13.336341,0.885764,0.680565,12.442143,0.000000,211
13896,92206721601622,13.331093,0.970456,0.704632,12.353099,0.000000,211
13897,92206734932715,13.332136,1.025089,0.657433,12.301130,0.000000,211
13898,92206748264851,13.335307,1.239835,0.633286,12.089126,0.000000,211
13899,92206761600158,13.332593,1.049941,0.629823,12.276873,0.000000,211
13900,92206774932751,13.332652,0.970020,0.625360,12.356093,0.000000,211
13901,92206788265403,13.337511,1.018039,0.721634,12.310921,0.000000,211
13902,92206801602914,13.331438,1.115414,0.639556,12.207658,0.000000,211
13903,92206814934352,13.332284,0.962870,0.716482,12.361800,0.000000,211
13904,92206828266636,13.332596,0.958053,0.916998,12.368788,0.000000,211
13905,92206841599232,13.334344,1.168366,0.627920,12.160045,0.000000,211
13906,92206854933576,13.338828,1.259190,0.607305,12.069559,0.000000,211
13907,92206868272404,13.327561,0.972404,0.694258,12.348631,0.000000,211
13908,92206881599965,13.336823,1.135113,0.768093,12.193317,0.000000,211
13909,92206894936788,13.332667,1.100868,0.713551,12.223619,0.000000,211
13910,92206908269455,13.332753,1.091507,0.757713,12.233118,0.000000,211
13911,92206921602208,13.332543,1.880348,0.701315,11.445789,0.000000,211
13912,92206934934751,13.332940,1.788373,0.999630,11.536829,0.000000,211
13913,92206948267691,13.332953,0.991330,0.722442,12.335749,0.000000,211
13914,92206961600644,13.334083,1.402872,0.860633,11.924426,0.000000,211
13915,92206974934727,13.336248,1.029360,1.483128,12.295402,0.000000,211
13916,92206988270975,13.329791,1.406523,0.689921,11.916429,0.000000,211
13917,92207001600766,13.334836,1.627735,0.911243,11.700770,0.000000,211
13918,92207014935602,13.338791,1.469032,1.362404,11.859102,0.000000,211
13919,92207028274393,13.326801,1.503651,1.056384,11.815518,0.000000,211
13920,92207041601194,13.334940,1.098666,0.642421,12.229964,0.000000,211
13921,92207054936134,13.331064,1.306230,0.727019,12.018817,0.000000,211
13922,92207068267198,13.334137,1.215065,0.650598,12.113010,0.000000,211
13923,92207081601335,13.334000,1.750491,0.773242,11.577366,0.000000,211
13924,92207094935335,13.335104,1.122148,1.230461,12.203483,0.000000,211
13925,92207108270439,13.331035,1.453974,0.898908,11.870894,0.000000,211
13926,92207121601474,13.333169,1.017507,0.699082,12.309807,0.000000,211
13927,92207134934643,13.333572,1.121035,0.943648,12.206167,0.000000,211
13928,92207148268215,13.334102,1.663907,0.683064,11.663430,0.000000,211
13929,92207161602317,13.332419,1.216360,0.684433,12.109923,0.000000,211
13930,92207174934736,13.333901,1.176392,0.639457,12.151359,0.000000,211
13931,92207188268637,13.333855,0.949720,0.797531,12.377529,0.000000,211
13932,92207201602492,13.335782,1.006126,0.657392,12.322454,0.000000,211
13933,92207214938274,13.331733,1.186816,0.540546,12.138180,0.000000,211
13934,92207228270007,13.332342,1.066667,0.453821,12.257466,0.000000,211
